work_id,author_id,author_position,institutions,from_openalex
10.1109/tvcg.2024.3456356,A5023631793,1,"[""I1343190059""]",True
10.1109/tvcg.2024.3456356,A5030567814,2,"[""I859038795""]",True
10.1109/tvcg.2024.3456356,A5007628057,3,[],True
10.1109/tvcg.2024.3456356,A5056069234,4,"[""I859038795""]",True
10.1109/tvcg.2024.3456356,A5000755776,5,"[""I4432739""]",True
10.1109/tvcg.2024.3456356,A5000695313,6,"[""I1343190059""]",True
10.1109/tvcg.2024.3456398,A5101313928,1,"[""I84218800""]",True
10.1109/tvcg.2024.3456398,A5107079522,2,"[""I84218800""]",True
10.1109/tvcg.2024.3456398,A5101769619,3,"[""I84218800""]",True
10.1109/tvcg.2024.3456398,A5037161857,4,"[""I84218800""]",True
10.1109/tvcg.2024.3456364,A5108332991,1,"[""I130238516"", ""I4210101327""]",True
10.1109/tvcg.2024.3456364,A5100880042,2,"[""I130238516"", ""I4210101327""]",True
10.1109/tvcg.2024.3456364,A5034370661,3,"[""I4210101327"", ""I130238516""]",True
10.1109/tvcg.2024.3456364,A5100421963,4,"[""I130238516"", ""I4210101327""]",True
10.1109/tvcg.2024.3456364,A5100609686,5,"[""I4210101327"", ""I130238516""]",True
10.1109/tvcg.2024.3456320,A5077000036,1,"[""I1290206253""]",True
10.1109/tvcg.2024.3456320,A5101646087,2,"[""I1290206253""]",True
10.1109/tvcg.2024.3456320,A5101321062,3,"[""I1290206253""]",True
10.1109/tvcg.2024.3456320,A5059778636,4,"[""I30809798""]",True
10.1109/tvcg.2024.3456320,A5056175399,5,"[""I1290206253""]",True
10.1109/tvcg.2024.3456199,A5065310800,1,"[""I94626330""]",True
10.1109/tvcg.2024.3456160,A5015186378,1,"[""I39422238""]",True
10.1109/tvcg.2024.3456160,A5108152977,2,[],True
10.1109/tvcg.2024.3456160,A5100380931,3,"[""I39422238""]",True
10.1109/tvcg.2024.3456160,A5064300637,4,"[""I126307644""]",True
10.1109/tvcg.2024.3456160,A5052234283,5,"[""I39422238""]",True
10.1109/tvcg.2024.3456160,A5056104510,6,"[""I39422238""]",True
10.1109/tvcg.2024.3456601,A5011823353,1,"[""I4210163771""]",True
10.1109/tvcg.2024.3456601,A5006232882,2,"[""I4210163771""]",True
10.1109/tvcg.2024.3456598,A5060888358,1,"[""I136199984""]",True
10.1109/tvcg.2024.3456598,A5030916818,2,"[""I83019370""]",True
10.1109/tvcg.2024.3456598,A5109760472,3,"[""I136199984""]",True
10.1109/tvcg.2024.3456598,A5031483176,4,"[""I136199984""]",True
10.1109/tvcg.2024.3456598,A5066335313,5,"[""I136199984""]",True
10.1109/tvcg.2024.3456510,A5061797219,1,"[""I66946132""]",True
10.1109/tvcg.2024.3456510,A5107293586,2,"[""I66946132""]",True
10.1109/tvcg.2024.3456510,A5113387118,3,"[""I66946132""]",True
10.1109/tvcg.2024.3456510,A5100745766,4,"[""I66946132""]",True
10.1109/tvcg.2024.3456407,A5046075769,1,"[""I66946132""]",True
10.1109/tvcg.2024.3456407,A5100395670,2,"[""I86519309""]",True
10.1109/tvcg.2024.3456407,A5108982981,3,"[""I66946132""]",True
10.1109/tvcg.2024.3456407,A5108982982,4,"[""I66946132""]",True
10.1109/tvcg.2024.3456407,A5009763002,5,"[""I201448701""]",True
10.1109/tvcg.2024.3456407,A5100745766,6,"[""I66946132""]",True
10.1109/tvcg.2024.3456406,A5072912898,1,"[""I136199984""]",True
10.1109/tvcg.2024.3456406,A5092528206,2,"[""I129774422""]",True
10.1109/tvcg.2024.3456406,A5030146315,3,"[""I136199984""]",True
10.1109/tvcg.2024.3456406,A5060664606,4,"[""I129774422"", ""I4210165591""]",True
10.1109/tvcg.2024.3456406,A5066335313,5,"[""I136199984""]",True
10.1109/tvcg.2024.3456406,A5063426870,6,"[""I136199984""]",True
10.1109/tvcg.2024.3456406,A5043151044,7,"[""I2801851002""]",True
10.1109/tvcg.2024.3456406,A5010238198,8,"[""I2801851002""]",True
10.1109/tvcg.2024.3456406,A5113517476,9,"[""I57206974""]",True
10.1109/tvcg.2024.3456405,A5048567843,1,"[""I2800444561"", ""I130701444""]",True
10.1109/tvcg.2024.3456405,A5029758092,2,"[""I111979921""]",True
10.1109/tvcg.2024.3456405,A5029714731,3,"[""I4210093996""]",True
10.1109/tvcg.2024.3456405,A5067858887,4,"[""I130701444"", ""I2800444561""]",True
10.1109/tvcg.2024.3456404,A5100604593,1,"[""I71920554""]",True
10.1109/tvcg.2024.3456404,A5095094591,2,"[""I71920554""]",True
10.1109/tvcg.2024.3456404,A5031175155,3,"[""I71920554""]",True
10.1109/tvcg.2024.3456404,A5107104365,4,"[""I71920554""]",True
10.1109/tvcg.2024.3456404,A5083454802,5,"[""I277688954"", ""I1294671590""]",True
10.1109/tvcg.2024.3456404,A5022294742,6,"[""I71920554""]",True
10.1109/tvcg.2024.3456403,A5106186163,1,"[""I212119943""]",True
10.1109/tvcg.2024.3456403,A5001649622,2,"[""I212119943""]",True
10.1109/tvcg.2024.3456403,A5081381214,3,"[""I212119943""]",True
10.1109/tvcg.2024.3456402,A5020327777,1,"[""I111979921""]",True
10.1109/tvcg.2024.3456402,A5001536494,2,"[""I40347166""]",True
10.1109/tvcg.2024.3456402,A5089605137,3,"[""I111979921""]",True
10.1109/tvcg.2024.3456402,A5068008545,4,"[""I111979921""]",True
10.1109/tvcg.2024.3456401,A5030359278,1,"[""I21449261""]",True
10.1109/tvcg.2024.3456401,A5018764541,2,"[""I21449261""]",True
10.1109/tvcg.2024.3456401,A5081228191,3,"[""I21449261"", ""I4210102302""]",True
10.1109/tvcg.2024.3456401,A5039343836,4,"[""I21449261""]",True
10.1109/tvcg.2024.3456401,A5107100061,5,"[""I21449261"", ""I4210102302""]",True
10.1109/tvcg.2024.3456401,A5107100062,6,"[""I21449261"", ""I4210102302""]",True
10.1109/tvcg.2024.3456401,A5067830242,7,"[""I21449261""]",True
10.1109/tvcg.2024.3456401,A5022022242,8,"[""I21449261""]",True
10.1109/tvcg.2024.3456399,A5087974395,1,"[""I56590836""]",True
10.1109/tvcg.2024.3456399,A5073004897,2,"[""I56590836""]",True
10.1109/tvcg.2024.3456399,A5023623172,3,"[""I232906412"", ""I141945490""]",True
10.1109/tvcg.2024.3456399,A5087889244,4,"[""I102134673""]",True
10.1109/tvcg.2024.3456399,A5008149778,5,"[""I56590836""]",True
10.1109/tvcg.2024.3456396,A5025409200,1,"[""I12912129""]",True
10.1109/tvcg.2024.3456396,A5029417016,2,"[""I12912129""]",True
10.1109/tvcg.2024.3456395,A5072913460,1,"[""I114832834""]",True
10.1109/tvcg.2024.3456395,A5063015907,2,"[""I23732399""]",True
10.1109/tvcg.2024.3456395,A5054903605,3,"[""I114832834""]",True
10.1109/tvcg.2024.3456395,A5063625747,4,"[""I114832834""]",True
10.1109/tvcg.2024.3456394,A5053067282,1,[],True
10.1109/tvcg.2024.3456394,A5027852213,2,[],True
10.1109/tvcg.2024.3456393,A5080292005,1,"[""I1289243028""]",True
10.1109/tvcg.2024.3456393,A5080609811,2,"[""I1289243028""]",True
10.1109/tvcg.2024.3456393,A5041404935,3,"[""I1289243028""]",True
10.1109/tvcg.2024.3456393,A5102833835,4,"[""I1289243028""]",True
10.1109/tvcg.2024.3456393,A5063502813,5,"[""I1289243028""]",True
10.1109/tvcg.2024.3456393,A5030373337,6,"[""I1289243028""]",True
10.1109/tvcg.2024.3456393,A5048780291,7,"[""I223532165""]",True
10.1109/tvcg.2024.3456393,A5036159118,8,"[""I223532165""]",True
10.1109/tvcg.2024.3456392,A5079282430,1,"[""I157773358""]",True
10.1109/tvcg.2024.3456392,A5102503989,2,"[""I157773358""]",True
10.1109/tvcg.2024.3456392,A5114223963,3,"[""I157773358""]",True
10.1109/tvcg.2024.3456392,A5026966155,4,"[""I157773358""]",True
10.1109/tvcg.2024.3456392,A5100447162,5,"[""I30809798"", ""I157773358""]",True
10.1109/tvcg.2024.3456392,A5026127661,6,"[""I157773358""]",True
10.1109/tvcg.2024.3456391,A5049140163,1,"[""I121934306""]",True
10.1109/tvcg.2024.3456391,A5078304037,2,"[""I121934306""]",True
10.1109/tvcg.2024.3456391,A5014603089,3,"[""I121934306""]",True
10.1109/tvcg.2024.3456391,A5056317020,4,"[""I121934306""]",True
10.1109/tvcg.2024.3456391,A5100425352,5,"[""I121934306""]",True
10.1109/tvcg.2024.3456391,A5089451178,6,"[""I121934306""]",True
10.1109/tvcg.2024.3456389,A5102013272,1,"[""I125839683""]",True
10.1109/tvcg.2024.3456389,A5114224170,2,"[""I125839683""]",True
10.1109/tvcg.2024.3456389,A5102923184,3,"[""I125839683""]",True
10.1109/tvcg.2024.3456389,A5071094223,4,"[""I26120043""]",True
10.1109/tvcg.2024.3456389,A5054991337,5,"[""I125839683""]",True
10.1109/tvcg.2024.3456388,A5109661297,1,"[""I2948394018"", ""I57206974""]",True
10.1109/tvcg.2024.3456388,A5031297466,2,"[""I2948394018"", ""I57206974""]",True
10.1109/tvcg.2024.3456388,A5082090092,3,"[""I2948394018"", ""I57206974""]",True
10.1109/tvcg.2024.3456388,A5076364495,4,"[""I2948394018"", ""I57206974""]",True
10.1109/tvcg.2024.3456388,A5045718502,5,"[""I57206974"", ""I2948394018""]",True
10.1109/tvcg.2024.3456388,A5027526258,6,"[""I2948394018"", ""I57206974""]",True
10.1109/tvcg.2024.3456388,A5036120336,7,"[""I57206974"", ""I2948394018""]",True
10.1109/tvcg.2024.3456388,A5012732932,8,"[""I2948394018"", ""I57206974""]",True
10.1109/tvcg.2024.3456388,A5025243341,9,"[""I57206974"", ""I2948394018""]",True
10.1109/tvcg.2024.3456388,A5031398497,10,"[""I2948394018"", ""I57206974""]",True
10.1109/tvcg.2024.3456388,A5046755175,11,"[""I57206974"", ""I2948394018""]",True
10.1109/tvcg.2024.3456388,A5011218910,12,"[""I2948394018"", ""I57206974""]",True
10.1109/tvcg.2024.3456388,A5039062710,13,"[""I2948394018"", ""I57206974""]",True
10.1109/tvcg.2024.3456388,A5003584200,14,"[""I2948394018"", ""I57206974""]",True
10.1109/tvcg.2024.3456387,A5051941811,1,"[""I200769079"", ""I889458895""]",True
10.1109/tvcg.2024.3456387,A5075939839,2,"[""I200769079"", ""I889458895""]",True
10.1109/tvcg.2024.3456387,A5087805627,3,"[""I889458895"", ""I200769079""]",True
10.1109/tvcg.2024.3456387,A5100660205,4,"[""I889458895"", ""I200769079""]",True
10.1109/tvcg.2024.3456386,A5101626365,1,"[""I99065089""]",True
10.1109/tvcg.2024.3456386,A5066369450,2,"[""I99065089""]",True
10.1109/tvcg.2024.3456386,A5087785265,3,"[""I99065089""]",True
10.1109/tvcg.2024.3456386,A5074461084,4,"[""I99065089""]",True
10.1109/tvcg.2024.3456386,A5105978161,5,"[""I99065089""]",True
10.1109/tvcg.2024.3456385,A5080359624,1,"[""I114027177""]",True
10.1109/tvcg.2024.3456385,A5100379697,2,"[""I114027177""]",True
10.1109/tvcg.2024.3456385,A5032598257,3,"[""I114027177"", ""I8692664""]",True
10.1109/tvcg.2024.3456385,A5056903170,4,"[""I114027177""]",True
10.1109/tvcg.2024.3456384,A5088860259,1,"[""I181369854""]",True
10.1109/tvcg.2024.3456384,A5107079571,2,"[""I4210138551""]",True
10.1109/tvcg.2024.3456383,A5019545820,1,"[""I223532165""]",True
10.1109/tvcg.2024.3456383,A5082346052,2,"[""I223532165""]",True
10.1109/tvcg.2024.3456383,A5017619650,3,"[""I223532165""]",True
10.1109/tvcg.2024.3456383,A5100349956,4,"[""I223532165""]",True
10.1109/tvcg.2024.3456381,A5100379697,1,"[""I114027177""]",True
10.1109/tvcg.2024.3456381,A5001966756,2,"[""I69048370""]",True
10.1109/tvcg.2024.3456381,A5090060844,3,"[""I141720752""]",True
10.1109/tvcg.2024.3456381,A5100341745,4,"[""I114027177""]",True
10.1109/tvcg.2024.3456381,A5077712580,5,"[""I114027177""]",True
10.1109/tvcg.2024.3456379,A5108322734,1,"[""I4210145386"", ""I20231570""]",True
10.1109/tvcg.2024.3456379,A5038943746,2,"[""I4210145386"", ""I20231570""]",True
10.1109/tvcg.2024.3456378,A5107138911,1,"[""I201448701""]",True
10.1109/tvcg.2024.3456378,A5036469216,2,"[""I1306409833""]",True
10.1109/tvcg.2024.3456378,A5107124370,3,"[""I24603500""]",True
10.1109/tvcg.2024.3456378,A5107124371,4,"[""I1306409833""]",True
10.1109/tvcg.2024.3456378,A5067858887,5,"[""I130701444""]",True
10.1109/tvcg.2024.3456377,A5106059833,1,"[""I130238516""]",True
10.1109/tvcg.2024.3456377,A5069553149,2,"[""I1316535847""]",True
10.1109/tvcg.2024.3456377,A5058360336,3,"[""I130238516""]",True
10.1109/tvcg.2024.3456375,A5028521537,1,"[""I4210130112""]",True
10.1109/tvcg.2024.3456375,A5109139516,2,"[""I4210130112""]",True
10.1109/tvcg.2024.3456375,A5066851412,3,"[""I4210130112""]",True
10.1109/tvcg.2024.3456373,A5071409292,1,"[""I84218800""]",True
10.1109/tvcg.2024.3456373,A5101769619,2,"[""I84218800""]",True
10.1109/tvcg.2024.3456373,A5037161857,3,"[""I84218800""]",True
10.1109/tvcg.2024.3456372,A5002440759,1,"[""I52357470""]",True
10.1109/tvcg.2024.3456372,A5108998800,2,"[""I52357470""]",True
10.1109/tvcg.2024.3456372,A5111688622,3,"[""I52357470""]",True
10.1109/tvcg.2024.3456371,A5086597264,1,"[""I63966007""]",True
10.1109/tvcg.2024.3456371,A5010866431,2,"[""I74973139""]",True
10.1109/tvcg.2024.3456371,A5069654367,3,"[""I-1"", ""I4210153776""]",True
10.1109/tvcg.2024.3456371,A5086732355,4,"[""I4210153776"", ""I-1""]",True
10.1109/tvcg.2024.3456371,A5006087928,5,"[""I-1"", ""I4210153776""]",True
10.1109/tvcg.2024.3456371,A5034842879,6,"[""I4210153776"", ""I-1""]",True
10.1109/tvcg.2024.3456370,A5057253726,1,"[""I136199984""]",True
10.1109/tvcg.2024.3456370,A5038027438,2,[],True
10.1109/tvcg.2024.3456370,A5057193188,3,[],True
10.1109/tvcg.2024.3456370,A5069196767,4,[],True
10.1109/tvcg.2024.3456370,A5066335313,5,"[""I136199984""]",True
10.1109/tvcg.2024.3456369,A5100379697,1,"[""I114027177""]",True
10.1109/tvcg.2024.3456369,A5001966756,2,"[""I69048370"", ""I114027177""]",True
10.1109/tvcg.2024.3456369,A5077712580,3,"[""I114027177""]",True
10.1109/tvcg.2024.3456368,A5100726571,1,"[""I69356397""]",True
10.1109/tvcg.2024.3456368,A5083454802,2,"[""I1294671590""]",True
10.1109/tvcg.2024.3456368,A5107093497,3,"[""I69356397""]",True
10.1109/tvcg.2024.3456368,A5031886887,4,"[""I889458895"", ""I200769079""]",True
10.1109/tvcg.2024.3456368,A5102013894,5,"[""I69356397""]",True
10.1109/tvcg.2024.3456367,A5103278717,1,"[""I131249849""]",True
10.1109/tvcg.2024.3456367,A5026074051,2,"[""I131249849""]",True
10.1109/tvcg.2024.3456367,A5100333760,3,"[""I131249849""]",True
10.1109/tvcg.2024.3456366,A5019781916,1,"[""I111979921""]",True
10.1109/tvcg.2024.3456366,A5101264201,2,"[""I111979921""]",True
10.1109/tvcg.2024.3456366,A5004299683,3,"[""I111979921""]",True
10.1109/tvcg.2024.3456366,A5092538664,4,"[""I111979921""]",True
10.1109/tvcg.2024.3456366,A5049012090,5,"[""I111979921""]",True
10.1109/tvcg.2024.3456366,A5079222963,6,"[""I111979921""]",True
10.1109/tvcg.2024.3456366,A5030688487,7,"[""I111979921""]",True
10.1109/tvcg.2024.3456366,A5089605137,8,"[""I111979921""]",True
10.1109/tvcg.2024.3456365,A5033315494,1,"[""I57206974""]",True
10.1109/tvcg.2024.3456365,A5113376026,2,"[""I57206974""]",True
10.1109/tvcg.2024.3456365,A5033801646,3,"[""I4210124949""]",True
10.1109/tvcg.2024.3456365,A5011424640,4,[],True
10.1109/tvcg.2024.3456365,A5003584200,5,"[""I57206974""]",True
10.1109/tvcg.2024.3456363,A5054533523,1,"[""I889458895"", ""I200769079""]",True
10.1109/tvcg.2024.3456363,A5100404535,2,"[""I889458895"", ""I200769079""]",True
10.1109/tvcg.2024.3456363,A5035687843,3,"[""I91045830""]",True
10.1109/tvcg.2024.3456363,A5087236918,4,"[""I889458895"", ""I200769079""]",True
10.1109/tvcg.2024.3456363,A5053220954,5,"[""I200769079"", ""I889458895""]",True
10.1109/tvcg.2024.3456363,A5100451791,6,"[""I889458895"", ""I200769079""]",True
10.1109/tvcg.2024.3456363,A5091466289,7,"[""I200769079"", ""I889458895""]",True
10.1109/tvcg.2024.3456361,A5058162843,1,"[""I151746483""]",True
10.1109/tvcg.2024.3456361,A5001552541,2,"[""I98358874""]",True
10.1109/tvcg.2024.3456361,A5001649622,3,"[""I4210150121""]",True
10.1109/tvcg.2024.3456360,A5109526081,1,"[""I94234084""]",True
10.1109/tvcg.2024.3456360,A5010950688,2,"[""I94234084""]",True
10.1109/tvcg.2024.3456360,A5035530630,3,"[""I94234084""]",True
10.1109/tvcg.2024.3456359,A5100594357,1,"[""I223532165""]",True
10.1109/tvcg.2024.3456359,A5032598257,2,"[""I8692664""]",True
10.1109/tvcg.2024.3456359,A5016840348,3,"[""I2613432""]",True
10.1109/tvcg.2024.3456359,A5056903170,4,"[""I114027177""]",True
10.1109/tvcg.2024.3456359,A5036159118,5,"[""I223532165""]",True
10.1109/tvcg.2024.3456358,A5042875512,1,"[""I56590836""]",True
10.1109/tvcg.2024.3456358,A5078170988,2,"[""I56590836""]",True
10.1109/tvcg.2024.3456358,A5035648097,3,"[""I56590836""]",True
10.1109/tvcg.2024.3456358,A5108131775,4,"[""I193775966""]",True
10.1109/tvcg.2024.3456358,A5008486397,5,"[""I56590836""]",True
10.1109/tvcg.2024.3456358,A5085695563,6,"[""I56590836""]",True
10.1109/tvcg.2024.3456357,A5004184559,1,"[""I52357470""]",True
10.1109/tvcg.2024.3456357,A5003306393,2,"[""I52357470""]",True
10.1109/tvcg.2024.3456357,A5054749881,3,"[""I52357470""]",True
10.1109/tvcg.2024.3456357,A5108096533,4,"[""I52357470""]",True
10.1109/tvcg.2024.3456357,A5065630217,5,"[""I52357470""]",True
10.1109/tvcg.2024.3456355,A5106832991,1,"[""I138006243""]",True
10.1109/tvcg.2024.3456355,A5074734666,2,"[""I4389425457"", ""I3017942884"", ""I39804081""]",True
10.1109/tvcg.2024.3456355,A5070956346,3,"[""I138006243""]",True
10.1109/tvcg.2024.3456354,A5042350842,1,"[""I1291425158""]",True
10.1109/tvcg.2024.3456354,A5082431329,2,"[""I1291425158""]",True
10.1109/tvcg.2024.3456354,A5007386215,3,"[""I1291425158""]",True
10.1109/tvcg.2024.3456354,A5072682773,4,"[""I1291425158""]",True
10.1109/tvcg.2024.3456354,A5081809692,5,"[""I1291425158""]",True
10.1109/tvcg.2024.3456354,A5019880413,6,"[""I1291425158""]",True
10.1109/tvcg.2024.3456354,A5044714148,7,"[""I1291425158""]",True
10.1109/tvcg.2024.3456354,A5084721447,8,"[""I1291425158""]",True
10.1109/tvcg.2024.3456354,A5015483503,9,"[""I1291425158""]",True
10.1109/tvcg.2024.3456354,A5103159534,10,"[""I1291425158""]",True
10.1109/tvcg.2024.3456353,A5102990231,1,"[""I2801919071"", ""I39422238""]",True
10.1109/tvcg.2024.3456353,A5057515797,2,"[""I95457486"", ""I63966007""]",True
10.1109/tvcg.2024.3456353,A5014675864,3,"[""I157725225""]",True
10.1109/tvcg.2024.3456353,A5107104372,4,"[""I161127581""]",True
10.1109/tvcg.2024.3456353,A5023238630,5,"[""I93860229""]",True
10.1109/tvcg.2024.3456353,A5050455034,6,"[""I161127581""]",True
10.1109/tvcg.2024.3456353,A5065868869,7,"[""I25112270""]",True
10.1109/tvcg.2024.3456353,A5049830796,8,"[""I161127581""]",True
10.1109/tvcg.2024.3456353,A5083220583,9,"[""I2801919071"", ""I39422238""]",True
10.1109/tvcg.2024.3456352,A5070761053,1,"[""I98677209""]",True
10.1109/tvcg.2024.3456352,A5082796790,2,"[""I98677209""]",True
10.1109/tvcg.2024.3456352,A5048194226,3,"[""I98677209""]",True
10.1109/tvcg.2024.3456351,A5100712971,1,"[""I223532165""]",True
10.1109/tvcg.2024.3456351,A5009771339,2,"[""I223532165""]",True
10.1109/tvcg.2024.3456350,A5021497224,1,"[""I201448701""]",True
10.1109/tvcg.2024.3456350,A5026198819,2,"[""I201448701""]",True
10.1109/tvcg.2024.3456350,A5009763002,3,"[""I201448701""]",True
10.1109/tvcg.2024.3456350,A5090570042,4,"[""I201448701""]",True
10.1109/tvcg.2024.3456349,A5034666613,1,"[""I12912129""]",True
10.1109/tvcg.2024.3456349,A5092968364,2,"[""I12912129""]",True
10.1109/tvcg.2024.3456349,A5005364495,3,"[""I12912129""]",True
10.1109/tvcg.2024.3456349,A5061093749,4,"[""I12912129""]",True
10.1109/tvcg.2024.3456349,A5063230893,5,"[""I12912129""]",True
10.1109/tvcg.2024.3456348,A5023554677,1,"[""I81365321"", ""I4210138378""]",True
10.1109/tvcg.2024.3456348,A5107403663,2,"[""I81365321"", ""I4210138378""]",True
10.1109/tvcg.2024.3456348,A5008639441,3,"[""I81365321"", ""I4210138378""]",True
10.1109/tvcg.2024.3456348,A5048398447,4,"[""I4210138378"", ""I81365321""]",True
10.1109/tvcg.2024.3456348,A5049496836,5,"[""I87216513""]",True
10.1109/tvcg.2024.3456348,A5043659434,6,"[""I4210138378"", ""I87216513"", ""I81365321""]",True
10.1109/tvcg.2024.3456347,A5077450520,1,"[""I121883995""]",True
10.1109/tvcg.2024.3456347,A5066639486,2,"[""I121883995""]",True
10.1109/tvcg.2024.3456347,A5107131205,3,"[""I121883995""]",True
10.1109/tvcg.2024.3456347,A5034277315,4,"[""I204337017""]",True
10.1109/tvcg.2024.3456347,A5110321988,5,"[""I1343190059"", ""I145847075""]",True
10.1109/tvcg.2024.3456347,A5042080340,6,"[""I121883995""]",True
10.1109/tvcg.2024.3456346,A5103283733,1,"[""I20231570""]",True
10.1109/tvcg.2024.3456346,A5030429587,2,"[""I20231570""]",True
10.1109/tvcg.2024.3456346,A5073619125,3,"[""I100066346""]",True
10.1109/tvcg.2024.3456346,A5000474356,4,"[""I116953780""]",True
10.1109/tvcg.2024.3456346,A5100706689,5,"[""I17747738""]",True
10.1109/tvcg.2024.3456346,A5100425172,6,"[""I20231570""]",True
10.1109/tvcg.2024.3456345,A5019143852,1,"[""I1294671590""]",True
10.1109/tvcg.2024.3456345,A5028659844,2,"[""I1294671590""]",True
10.1109/tvcg.2024.3456345,A5070956346,3,"[""I138006243""]",True
10.1109/tvcg.2024.3456345,A5074734666,4,"[""I3017942884"", ""I1294671590"", ""I4389425457"", ""I39804081""]",True
10.1109/tvcg.2024.3456344,A5087561934,1,"[""I55732556""]",True
10.1109/tvcg.2024.3456344,A5029417016,2,"[""I12912129""]",True
10.1109/tvcg.2024.3456344,A5043391973,3,"[""I55732556""]",True
10.1109/tvcg.2024.3456343,A5001536494,1,"[""I40347166""]",True
10.1109/tvcg.2024.3456343,A5076306018,2,"[""I40347166""]",True
10.1109/tvcg.2024.3456343,A5106163697,3,"[""I40347166""]",True
10.1109/tvcg.2024.3456343,A5106066920,4,"[""I40347166""]",True
10.1109/tvcg.2024.3456343,A5058039138,5,"[""I201448701""]",True
10.1109/tvcg.2024.3456342,A5102958138,1,"[""I107639228""]",True
10.1109/tvcg.2024.3456342,A5101913449,2,"[""I107639228""]",True
10.1109/tvcg.2024.3456341,A5046324646,1,"[""I24943067""]",True
10.1109/tvcg.2024.3456341,A5108963741,2,"[""I98677209""]",True
10.1109/tvcg.2024.3456340,A5006732360,1,"[""I48566637""]",True
10.1109/tvcg.2024.3456340,A5101907560,2,"[""I48566637""]",True
10.1109/tvcg.2024.3456340,A5101961269,3,"[""I48566637""]",True
10.1109/tvcg.2024.3456340,A5030329460,4,"[""I48566637""]",True
10.1109/tvcg.2024.3456340,A5064480048,5,[],True
10.1109/tvcg.2024.3456340,A5020791375,6,"[""I48566637""]",True
10.1109/tvcg.2024.3456340,A5034277315,7,"[""I204337017""]",True
10.1109/tvcg.2024.3456339,A5114030345,1,[],True
10.1109/tvcg.2024.3456339,A5015121983,2,[],True
10.1109/tvcg.2024.3456339,A5001087917,3,[],True
10.1109/tvcg.2024.3456339,A5065630217,4,[],True
10.1109/tvcg.2024.3456338,A5075178545,1,"[""I4210108629"", ""I19820366""]",True
10.1109/tvcg.2024.3456338,A5101317827,2,"[""I31683504""]",True
10.1109/tvcg.2024.3456338,A5039874476,3,"[""I4210108629"", ""I19820366""]",True
10.1109/tvcg.2024.3456338,A5073054870,4,"[""I4210108629"", ""I19820366""]",True
10.1109/tvcg.2024.3456338,A5101531442,5,"[""I31683504""]",True
10.1109/tvcg.2024.3456338,A5100669433,6,[],True
10.1109/tvcg.2024.3456338,A5074351233,7,"[""I134161618""]",True
10.1109/tvcg.2024.3456337,A5101701414,1,"[""I52357470""]",True
10.1109/tvcg.2024.3456337,A5057011942,2,"[""I143302722""]",True
10.1109/tvcg.2024.3456337,A5100349956,3,"[""I223532165""]",True
10.1109/tvcg.2024.3456337,A5101954311,4,"[""I52357470""]",True
10.1109/tvcg.2024.3456337,A5100429585,5,"[""I173911158""]",True
10.1109/tvcg.2024.3456337,A5054749881,6,"[""I52357470""]",True
10.1109/tvcg.2024.3456336,A5020407163,1,"[""I277688954""]",True
10.1109/tvcg.2024.3456336,A5023392600,2,"[""I277688954""]",True
10.1109/tvcg.2024.3456336,A5029815396,3,"[""I185261750""]",True
10.1109/tvcg.2024.3456335,A5007746762,1,"[""I180437899""]",True
10.1109/tvcg.2024.3456335,A5089688638,2,"[""I1294671590"", ""I4210126360""]",True
10.1109/tvcg.2024.3456335,A5058880771,3,"[""I1326498283""]",True
10.1109/tvcg.2024.3456335,A5024860629,4,"[""I1294671590"", ""I4210126360""]",True
10.1109/tvcg.2024.3456334,A5051354114,1,"[""I98677209"", ""I2800638415""]",True
10.1109/tvcg.2024.3456334,A5012088773,2,"[""I102134673""]",True
10.1109/tvcg.2024.3456334,A5067274220,3,"[""I176453806"", ""I2800638415""]",True
10.1109/tvcg.2024.3456334,A5048194226,4,"[""I98677209""]",True
10.1109/tvcg.2024.3456333,A5021951839,1,"[""I889458895"", ""I200769079""]",True
10.1109/tvcg.2024.3456333,A5091466289,2,"[""I889458895"", ""I200769079""]",True
10.1109/tvcg.2024.3456332,A5029790391,1,"[""I136199984""]",True
10.1109/tvcg.2024.3456332,A5006095483,2,"[""I136199984""]",True
10.1109/tvcg.2024.3456332,A5043151044,3,"[""I136199984""]",True
10.1109/tvcg.2024.3456332,A5082790087,4,"[""I130238516""]",True
10.1109/tvcg.2024.3456330,A5057269672,1,"[""I200769079"", ""I889458895""]",True
10.1109/tvcg.2024.3456330,A5108982991,2,"[""I200769079"", ""I889458895""]",True
10.1109/tvcg.2024.3456330,A5036099845,3,"[""I200769079"", ""I889458895""]",True
10.1109/tvcg.2024.3456329,A5107099358,1,"[""I202697423"", ""I118019719""]",True
10.1109/tvcg.2024.3456329,A5013911086,2,"[""I237525767"", ""I202697423""]",True
10.1109/tvcg.2024.3456329,A5107099359,3,"[""I118019719""]",True
10.1109/tvcg.2024.3456329,A5078086722,4,"[""I237525767"", ""I202697423""]",True
10.1109/tvcg.2024.3456328,A5024524412,1,"[""I76130692""]",True
10.1109/tvcg.2024.3456328,A5100763687,2,"[""I76130692""]",True
10.1109/tvcg.2024.3456328,A5103834156,3,"[""I76130692""]",True
10.1109/tvcg.2024.3456328,A5100400800,4,"[""I76130692""]",True
10.1109/tvcg.2024.3456328,A5023558209,5,"[""I84884186""]",True
10.1109/tvcg.2024.3456328,A5088199295,6,"[""I76130692"", ""I109935558""]",True
10.1109/tvcg.2024.3456328,A5073986937,7,"[""I76130692""]",True
10.1109/tvcg.2024.3456327,A5005352052,1,"[""I21449261""]",True
10.1109/tvcg.2024.3456327,A5083454802,2,"[""I1326498283"", ""I4210126360"", ""I1294671590""]",True
10.1109/tvcg.2024.3456327,A5063965880,3,"[""I4665924""]",True
10.1109/tvcg.2024.3456327,A5022022242,4,"[""I21449261""]",True
10.1109/tvcg.2024.3456327,A5011301258,5,"[""I4432739"", ""I2800740805""]",True
10.1109/tvcg.2024.3456326,A5114626508,1,"[""I150468666""]",True
10.1109/tvcg.2024.3456326,A5039387461,2,"[""I150468666""]",True
10.1109/tvcg.2024.3456326,A5010499463,3,"[""I150468666""]",True
10.1109/tvcg.2024.3456325,A5093932113,1,"[""I30809798""]",True
10.1109/tvcg.2024.3456325,A5005736802,2,"[""I30809798""]",True
10.1109/tvcg.2024.3456325,A5073903190,3,"[""I30809798""]",True
10.1109/tvcg.2024.3456325,A5014529529,4,"[""I30809798""]",True
10.1109/tvcg.2024.3456325,A5100447162,5,"[""I30809798""]",True
10.1109/tvcg.2024.3456324,A5084475345,1,"[""I95457486""]",True
10.1109/tvcg.2024.3456324,A5108333035,2,"[""I4210164339""]",True
10.1109/tvcg.2024.3456324,A5019933387,3,"[""I95457486""]",True
10.1109/tvcg.2024.3456323,A5101312518,1,"[""I161548249""]",True
10.1109/tvcg.2024.3456323,A5065371627,2,"[""I161548249""]",True
10.1109/tvcg.2024.3456323,A5032473237,3,"[""I161548249""]",True
10.1109/tvcg.2024.3456323,A5009341822,4,"[""I161548249""]",True
10.1109/tvcg.2024.3456322,A5022625791,1,"[""I223532165""]",True
10.1109/tvcg.2024.3456322,A5020952435,2,"[""I130828816""]",True
10.1109/tvcg.2024.3456322,A5012378616,3,"[""I148283060""]",True
10.1109/tvcg.2024.3456322,A5100349956,4,"[""I223532165""]",True
10.1109/tvcg.2024.3456322,A5101451813,5,"[""I148283060""]",True
10.1109/tvcg.2024.3456321,A5019444857,1,"[""I180726961""]",True
10.1109/tvcg.2024.3456321,A5109786318,2,"[""I180726961""]",True
10.1109/tvcg.2024.3456321,A5101296393,3,"[""I180726961""]",True
10.1109/tvcg.2024.3456321,A5108334375,4,"[""I180726961""]",True
10.1109/tvcg.2024.3456321,A5100715525,5,"[""I180726961""]",True
10.1109/tvcg.2024.3456321,A5026540573,6,"[""I180726961""]",True
10.1109/tvcg.2024.3456321,A5100642010,7,"[""I172675005""]",True
10.1109/tvcg.2024.3456319,A5019226410,1,"[""I69356397""]",True
10.1109/tvcg.2024.3456319,A5057713461,2,"[""I1294671590"", ""I4210126360""]",True
10.1109/tvcg.2024.3456319,A5045357328,3,"[""I67031392""]",True
10.1109/tvcg.2024.3456319,A5089688638,4,"[""I1294671590"", ""I4210126360""]",True
10.1109/tvcg.2024.3456319,A5024860629,5,"[""I1294671590"", ""I4210126360""]",True
10.1109/tvcg.2024.3456318,A5092691958,1,"[""I1294671590""]",True
10.1109/tvcg.2024.3456318,A5086036018,2,"[""I1294671590""]",True
10.1109/tvcg.2024.3456318,A5024860629,3,"[""I1294671590""]",True
10.1109/tvcg.2024.3456318,A5083454802,4,"[""I1294671590""]",True
10.1109/tvcg.2024.3456317,A5058039138,1,"[""I2801157765"", ""I201448701"", ""I867387847""]",True
10.1109/tvcg.2024.3456317,A5109307699,2,"[""I201448701""]",True
10.1109/tvcg.2024.3456317,A5090570042,3,"[""I201448701""]",True
10.1109/tvcg.2024.3456316,A5107100052,1,"[""I168635309""]",True
10.1109/tvcg.2024.3456316,A5059407422,2,"[""I168635309""]",True
10.1109/tvcg.2024.3456315,A5024683903,1,"[""I1343190059""]",True
10.1109/tvcg.2024.3456315,A5102879101,2,"[""I1343190059""]",True
10.1109/tvcg.2024.3456315,A5035328975,3,"[""I1343190059""]",True
10.1109/tvcg.2024.3456315,A5005982114,4,[],True
10.1109/tvcg.2024.3456315,A5110321988,5,"[""I145847075""]",True
10.1109/tvcg.2024.3456315,A5000622960,6,"[""I1343190059""]",True
10.1109/tvcg.2024.3456314,A5067399018,1,"[""I145847075""]",True
10.1109/tvcg.2024.3456314,A5034814164,2,"[""I145847075""]",True
10.1109/tvcg.2024.3456314,A5019622072,3,"[""I145847075""]",True
10.1109/tvcg.2024.3456314,A5032676799,4,"[""I145847075""]",True
10.1109/tvcg.2024.3456312,A5001876683,1,"[""I189712700""]",True
10.1109/tvcg.2024.3456312,A5086122336,2,"[""I189712700""]",True
10.1109/tvcg.2024.3456312,A5094210168,3,"[""I189712700""]",True
10.1109/tvcg.2024.3456312,A5073919282,4,"[""I189712700""]",True
10.1109/tvcg.2024.3456312,A5061093749,5,"[""I189712700""]",True
10.1109/tvcg.2024.3456311,A5090650844,1,"[""I98677209""]",True
10.1109/tvcg.2024.3456311,A5023558209,2,"[""I84884186""]",True
10.1109/tvcg.2024.3456311,A5048194226,3,"[""I98677209""]",True
10.1109/tvcg.2024.3456311,A5082796790,4,"[""I98677209""]",True
10.1109/tvcg.2024.3456309,A5001531096,1,"[""I111979921""]",True
10.1109/tvcg.2024.3456309,A5057582080,2,"[""I111979921""]",True
10.1109/tvcg.2024.3456309,A5085906659,3,"[""I107077323""]",True
10.1109/tvcg.2024.3456309,A5087146581,4,"[""I111979921"", ""I107077323""]",True
10.1109/tvcg.2024.3456309,A5019781916,5,"[""I111979921""]",True
10.1109/tvcg.2024.3456309,A5089605137,6,"[""I111979921""]",True
10.1109/tvcg.2024.3456308,A5056962479,1,"[""I176453806"", ""I143288331""]",True
10.1109/tvcg.2024.3456308,A5008071697,2,"[""I143288331"", ""I176453806""]",True
10.1109/tvcg.2024.3456308,A5052710697,3,"[""I176453806"", ""I143288331""]",True
10.1109/tvcg.2024.3456308,A5081246092,4,"[""I176453806"", ""I143288331""]",True
10.1109/tvcg.2024.3456308,A5040794392,5,"[""I193662353""]",True
10.1109/tvcg.2024.3456308,A5016219620,6,"[""I4092182""]",True
10.1109/tvcg.2024.3456306,A5015821420,1,"[""I21449261""]",True
10.1109/tvcg.2024.3456306,A5106276284,2,"[""I21449261""]",True
10.1109/tvcg.2024.3456306,A5107293625,3,"[""I21449261""]",True
10.1109/tvcg.2024.3456306,A5107293626,4,"[""I21449261""]",True
10.1109/tvcg.2024.3456306,A5022022242,5,"[""I21449261""]",True
10.1109/tvcg.2024.3456305,A5101809615,1,"[""I180923762""]",True
10.1109/tvcg.2024.3456305,A5089451178,2,"[""I121934306""]",True
10.1109/tvcg.2024.3456305,A5084778474,3,"[""I135310074""]",True
10.1109/tvcg.2024.3456305,A5015182248,4,"[""I180923762""]",True
10.1109/tvcg.2024.3456304,A5006575291,1,"[""I205237279""]",True
10.1109/tvcg.2024.3456304,A5106113018,2,"[""I205237279""]",True
10.1109/tvcg.2024.3456304,A5043391973,3,"[""I55732556""]",True
10.1109/tvcg.2024.3456300,A5101424248,1,"[""I204337017"", ""I161548249""]",True
10.1109/tvcg.2024.3456300,A5095767196,2,"[""I204337017"", ""I161548249""]",True
10.1109/tvcg.2024.3456300,A5032473237,3,"[""I161548249""]",True
10.1109/tvcg.2024.3456300,A5065371627,4,"[""I161548249""]",True
10.1109/tvcg.2024.3456300,A5034277315,5,"[""I204337017"", ""I161548249""]",True
10.1109/tvcg.2024.3456298,A5030916818,1,"[""I83019370""]",True
10.1109/tvcg.2024.3456298,A5060888358,2,"[""I136199984""]",True
10.1109/tvcg.2024.3456298,A5031483176,3,"[""I136199984""]",True
10.1109/tvcg.2024.3456298,A5086223886,4,"[""I83019370""]",True
10.1109/tvcg.2024.3456298,A5066335313,5,"[""I136199984""]",True
10.1109/tvcg.2024.3456296,A5000199768,1,"[""I66946132""]",True
10.1109/tvcg.2024.3456296,A5100418560,2,"[""I66946132""]",True
10.1109/tvcg.2024.3456296,A5012944737,3,"[""I66946132""]",True
10.1109/tvcg.2024.3456291,A5002018688,1,"[""I111979921""]",True
10.1109/tvcg.2024.3456291,A5089605137,2,"[""I111979921""]",True
10.1109/tvcg.2024.3456217,A5063377786,1,[],True
10.1109/tvcg.2024.3456217,A5073334482,2,[],True
10.1109/tvcg.2024.3456217,A5011928259,3,"[""I188538660""]",True
10.1109/tvcg.2024.3456217,A5077783676,4,[],True
10.1109/tvcg.2024.3456216,A5088672772,1,"[""I76130692""]",True
10.1109/tvcg.2024.3456216,A5078565296,2,"[""I76130692""]",True
10.1109/tvcg.2024.3456216,A5113375370,3,"[""I76130692""]",True
10.1109/tvcg.2024.3456216,A5109945954,4,"[""I76130692""]",True
10.1109/tvcg.2024.3456216,A5074273683,5,"[""I76130692""]",True
10.1109/tvcg.2024.3456216,A5108035744,6,"[""I76130692""]",True
10.1109/tvcg.2024.3456216,A5073986937,7,"[""I76130692""]",True
10.1109/tvcg.2024.3456215,A5100344647,1,"[""I139264467""]",True
10.1109/tvcg.2024.3456215,A5086131860,2,"[""I139264467""]",True
10.1109/tvcg.2024.3456215,A5101506748,3,"[""I139264467""]",True
10.1109/tvcg.2024.3456215,A5091036340,4,"[""I2799980853""]",True
10.1109/tvcg.2024.3456215,A5071829277,5,"[""I2803058125""]",True
10.1109/tvcg.2024.3456215,A5103803190,6,"[""I83436808""]",True
10.1109/tvcg.2024.3456215,A5012388103,7,"[""I139264467""]",True
10.1109/tvcg.2024.3456210,A5037866250,1,"[""I200769079"", ""I889458895""]",True
10.1109/tvcg.2024.3456210,A5088220929,2,"[""I130701444""]",True
10.1109/tvcg.2024.3456210,A5056999690,3,"[""I1306409833""]",True
10.1109/tvcg.2024.3456210,A5026376235,4,"[""I200769079"", ""I889458895""]",True
10.1109/tvcg.2024.3456210,A5050126617,5,"[""I130701444""]",True
10.1109/tvcg.2024.3456200,A5113375371,1,"[""I76130692""]",True
10.1109/tvcg.2024.3456200,A5078565296,2,"[""I76130692""]",True
10.1109/tvcg.2024.3456200,A5029345382,3,"[""I76130692""]",True
10.1109/tvcg.2024.3456200,A5010767648,4,"[""I76130692""]",True
10.1109/tvcg.2024.3456200,A5109779273,5,"[""I76130692""]",True
10.1109/tvcg.2024.3456200,A5052752621,6,"[""I76130692""]",True
10.1109/tvcg.2024.3456200,A5108035744,7,"[""I76130692""]",True
10.1109/tvcg.2024.3456200,A5073986937,8,"[""I76130692""]",True
10.1109/tvcg.2024.3456193,A5001935193,1,"[""I223532165""]",True
10.1109/tvcg.2024.3456193,A5038106228,2,"[""I223532165""]",True
10.1109/tvcg.2024.3456193,A5020618568,3,"[""I223532165""]",True
10.1109/tvcg.2024.3456193,A5031057530,4,"[""I223532165""]",True
10.1109/tvcg.2024.3456192,A5023558209,1,"[""I84884186""]",True
10.1109/tvcg.2024.3456192,A5038023755,2,"[""I98677209"", ""I3130638677""]",True
10.1109/tvcg.2024.3456192,A5074038943,3,"[""I76130692""]",True
10.1109/tvcg.2024.3456192,A5029815396,4,"[""I185261750"", ""I2801862477""]",True
10.1109/tvcg.2024.3456192,A5048194226,5,"[""I98677209"", ""I3130638677""]",True
10.1109/tvcg.2024.3456187,A5053366318,1,"[""I102134673""]",True
10.1109/tvcg.2024.3456187,A5058912459,2,"[""I102134673""]",True
10.1109/tvcg.2024.3456187,A5029166028,3,"[""I102134673""]",True
10.1109/tvcg.2024.3456187,A5026652846,4,"[""I102134673""]",True
10.1109/tvcg.2024.3456187,A5087889244,5,"[""I102134673""]",True
10.1109/tvcg.2024.3456187,A5061859149,6,"[""I102134673""]",True
10.1109/tvcg.2024.3456186,A5059159716,1,"[""I121883995""]",True
10.1109/tvcg.2024.3456186,A5005426313,2,"[""I223532165""]",True
10.1109/tvcg.2024.3456186,A5031057530,3,"[""I223532165""]",True
10.1109/tvcg.2024.3456186,A5042080340,4,"[""I121883995""]",True
10.1109/tvcg.2024.3456182,A5064087967,1,"[""I4388446366"", ""I55769427""]",True
10.1109/tvcg.2024.3456182,A5010928934,2,"[""I39422238"", ""I157725225"", ""I1282105669""]",True
10.1109/tvcg.2024.3456182,A5060626774,3,"[""I4388446366"", ""I55769427""]",True
10.1109/tvcg.2024.3456181,A5111321527,1,"[""I76130692""]",True
10.1109/tvcg.2024.3456181,A5078268992,2,"[""I76130692""]",True
10.1109/tvcg.2024.3456181,A5113376015,3,"[""I76130692""]",True
10.1109/tvcg.2024.3456181,A5018322383,4,"[""I76130692""]",True
10.1109/tvcg.2024.3456181,A5100358936,5,"[""I76130692""]",True
10.1109/tvcg.2024.3456181,A5038564903,6,"[""I76130692""]",True
10.1109/tvcg.2024.3456181,A5031082206,7,"[""I87216513""]",True
10.1109/tvcg.2024.3456181,A5073986937,8,"[""I76130692""]",True
10.1109/tvcg.2024.3456174,A5011411344,1,"[""I141945490""]",True
10.1109/tvcg.2024.3456174,A5103100469,2,"[""I141945490""]",True
10.1109/tvcg.2024.3456174,A5082319203,3,"[""I141945490""]",True
10.1109/tvcg.2024.3456174,A5079916657,4,"[""I141945490""]",True
10.1109/tvcg.2024.3456171,A5012088773,1,"[""I102134673""]",True
10.1109/tvcg.2024.3456171,A5085919087,2,"[""I150468666""]",True
10.1109/tvcg.2024.3456171,A5008627422,3,"[""I102134673""]",True
10.1109/tvcg.2024.3456168,A5093984088,1,"[""I83019370""]",True
10.1109/tvcg.2024.3456168,A5062614232,2,"[""I83019370""]",True
10.1109/tvcg.2024.3456168,A5000420564,3,"[""I83019370""]",True
10.1109/tvcg.2024.3456167,A5106572355,1,"[""I4210112527""]",True
10.1109/tvcg.2024.3456167,A5046441109,2,"[""I4210112527""]",True
10.1109/tvcg.2024.3456167,A5018392096,3,"[""I123387679""]",True
10.1109/tvcg.2024.3456167,A5025754478,4,"[""I4210112527""]",True
10.1109/tvcg.2024.3456159,A5087805627,1,"[""I889458895"", ""I200769079""]",True
10.1109/tvcg.2024.3456159,A5104108869,2,"[""I889458895"", ""I200769079""]",True
10.1109/tvcg.2024.3456159,A5086643675,3,"[""I200769079"", ""I889458895""]",True
10.1109/tvcg.2024.3456159,A5100660205,4,"[""I200769079"", ""I889458895""]",True
10.1109/tvcg.2024.3456155,A5009760836,1,"[""I130701444""]",True
10.1109/tvcg.2024.3456155,A5082668404,2,"[""I130701444""]",True
10.1109/tvcg.2024.3456150,A5049050148,1,"[""I76130692""]",True
10.1109/tvcg.2024.3456150,A5101982517,2,"[""I76130692""]",True
10.1109/tvcg.2024.3456150,A5031784602,3,"[""I76130692""]",True
10.1109/tvcg.2024.3456150,A5072729601,4,"[""I76130692""]",True
10.1109/tvcg.2024.3456150,A5058611515,5,"[""I76130692""]",True
10.1109/tvcg.2024.3456150,A5073986937,6,"[""I76130692""]",True
10.1109/tvcg.2024.3456145,A5062751205,1,"[""I24943067""]",True
10.1109/tvcg.2024.3456145,A5107845542,2,"[""I24943067""]",True
10.1109/tvcg.2024.3456145,A5066496299,3,"[""I24943067""]",True
10.1109/tvcg.2024.3456145,A5113316769,4,"[""I24943067""]",True
10.1109/tvcg.2024.3456145,A5060428081,5,"[""I24943067""]",True
10.1109/tvcg.2024.3456145,A5106247112,6,"[""I24943067""]",True
10.1109/tvcg.2024.3456145,A5109779164,7,"[""I24943067""]",True
10.1109/tvcg.2024.3456145,A5073944724,8,"[""I129774422""]",True
10.1109/tvcg.2024.3456145,A5011504177,9,"[""I24943067""]",True
10.1109/tvcg.2024.3456145,A5109616081,10,"[""I24943067""]",True
10.1109/tvcg.2024.3456144,A5078755914,1,"[""I130701444"", ""I2800444561""]",True
10.1109/tvcg.2024.3456144,A5107079519,2,"[""I130701444"", ""I2800444561""]",True
10.1109/tvcg.2024.3456144,A5020415668,3,[],True
10.1109/tvcg.2024.3456144,A5064306421,4,"[""I130701444"", ""I2800444561""]",True
10.1109/tvcg.2024.3456143,A5093483372,1,"[""I859038795""]",True
10.1109/tvcg.2024.3456143,A5114224169,2,"[""I859038795""]",True
10.1109/tvcg.2024.3456143,A5068206659,3,"[""I859038795""]",True
10.1109/tvcg.2024.3456143,A5112483018,4,"[""I2799909505""]",True
10.1109/tvcg.2024.3456143,A5037711609,5,"[""I114832834""]",True
10.1109/tvcg.2024.3456143,A5099879300,6,"[""I859038795"", ""I2799909505""]",True
10.1109/tvcg.2024.3456143,A5037675411,7,"[""I859038795""]",True
10.1109/tvcg.2024.3456142,A5082391073,1,"[""I3045169105""]",True
10.1109/tvcg.2024.3456142,A5024451201,2,"[""I3045169105""]",True
10.1109/tvcg.2024.3456142,A5004036087,3,"[""I3045169105""]",True
10.1109/tvcg.2024.3456142,A5101409792,4,"[""I3045169105""]",True
10.1109/tvcg.2024.3456141,A5114197626,1,"[""I142108993""]",True
10.1109/tvcg.2024.3456141,A5113376019,2,"[""I142108993""]",True
10.1109/tvcg.2024.3456141,A5107104358,3,"[""I142108993""]",True
10.1109/tvcg.2024.3456141,A5046219345,4,"[""I142108993""]",True
10.1109/tvcg.2024.3456141,A5061469520,5,"[""I59553526""]",True
10.1109/tvcg.2023.3327398,A5100763132,1,"[""I100066346""]",True
10.1109/tvcg.2023.3327398,A5037110552,2,"[""I100066346""]",True
10.1109/tvcg.2023.3327398,A5048047909,3,"[""I4092182"", ""I100066346""]",True
10.1109/tvcg.2023.3327168,A5028110202,1,"[""I76130692""]",True
10.1109/tvcg.2023.3327168,A5086326351,2,"[""I200769079"", ""I889458895""]",True
10.1109/tvcg.2023.3327168,A5085890755,3,"[""I200769079"", ""I889458895""]",True
10.1109/tvcg.2023.3327168,A5100321897,4,"[""I76130692""]",True
10.1109/tvcg.2023.3327168,A5001555038,5,"[""I76130692""]",True
10.1109/tvcg.2023.3327168,A5010441587,6,"[""I76130692""]",True
10.1109/tvcg.2023.3327168,A5114093843,7,"[""I76130692""]",True
10.1109/tvcg.2023.3327168,A5100344494,8,"[""I76130692""]",True
10.1109/tvcg.2023.3327195,A5089605137,1,"[""I111979921""]",True
10.1109/tvcg.2023.3327385,A5046324646,1,"[""I24943067""]",True
10.1109/tvcg.2023.3327385,A5101416806,2,"[""I116953780""]",True
10.1109/tvcg.2023.3327385,A5000474356,3,"[""I116953780""]",True
10.1109/tvcg.2023.3327378,A5048194226,1,[],True
10.1109/tvcg.2023.3327378,A5034541446,2,[],True
10.1109/tvcg.2023.3327378,A5046158009,3,[],True
10.1109/tvcg.2023.3327378,A5026171056,4,[],True
10.1109/tvcg.2023.3327378,A5090175598,5,[],True
10.1109/tvcg.2023.3327378,A5079369129,6,[],True
10.1109/tvcg.2023.3327378,A5031570473,7,[],True
10.1109/tvcg.2023.3327378,A5006397786,8,[],True
10.1109/tvcg.2023.3327378,A5025399630,9,[],True
10.1109/tvcg.2023.3327378,A5071066797,10,[],True
10.1109/tvcg.2023.3327378,A5001649622,11,[],True
10.1109/tvcg.2023.3327378,A5078212008,12,[],True
10.1109/tvcg.2023.3327378,A5005355207,13,[],True
10.1109/tvcg.2023.3327378,A5011981456,14,[],True
10.1109/tvcg.2023.3327378,A5007663639,15,[],True
10.1109/tvcg.2023.3327378,A5069232944,16,[],True
10.1109/tvcg.2023.3327378,A5067882992,17,[],True
10.1109/tvcg.2023.3327378,A5053646618,18,[],True
10.1109/tvcg.2023.3327378,A5082796790,19,[],True
10.1109/tvcg.2023.3327378,A5009341822,20,[],True
10.1109/tvcg.2023.3327378,A5012561411,21,[],True
10.1109/tvcg.2023.3327197,A5086448003,1,"[""I889458895"", ""I200769079""]",True
10.1109/tvcg.2023.3327197,A5108576299,2,"[""I205783295""]",True
10.1109/tvcg.2023.3327197,A5101789836,3,"[""I4210113369""]",True
10.1109/tvcg.2023.3327197,A5100377652,4,"[""I4210113369""]",True
10.1109/tvcg.2023.3327396,A5109661297,1,"[""I57206974""]",True
10.1109/tvcg.2023.3327396,A5031297466,2,"[""I57206974""]",True
10.1109/tvcg.2023.3327396,A5076364495,3,"[""I57206974""]",True
10.1109/tvcg.2023.3327396,A5012732932,4,"[""I57206974""]",True
10.1109/tvcg.2023.3327396,A5045718502,5,"[""I57206974""]",True
10.1109/tvcg.2023.3327396,A5101949918,6,"[""I57206974""]",True
10.1109/tvcg.2023.3327396,A5027526258,7,"[""I57206974""]",True
10.1109/tvcg.2023.3327396,A5036120336,8,"[""I57206974""]",True
10.1109/tvcg.2023.3327396,A5001741970,9,"[""I57206974""]",True
10.1109/tvcg.2023.3327396,A5101462636,10,"[""I57206974""]",True
10.1109/tvcg.2023.3327396,A5058266453,11,"[""I57206974""]",True
10.1109/tvcg.2023.3327396,A5091175785,12,"[""I57206974""]",True
10.1109/tvcg.2023.3327396,A5103210856,13,"[""I57206974""]",True
10.1109/tvcg.2023.3327396,A5025243341,14,"[""I57206974""]",True
10.1109/tvcg.2023.3327396,A5064720873,15,"[""I57206974""]",True
10.1109/tvcg.2023.3327396,A5031398497,16,"[""I57206974""]",True
10.1109/tvcg.2023.3327396,A5003476748,17,"[""I57206974""]",True
10.1109/tvcg.2023.3327396,A5003584200,18,"[""I57206974""]",True
10.1109/tvcg.2023.3327393,A5002022224,1,"[""I74973139""]",True
10.1109/tvcg.2023.3327393,A5049696189,2,"[""I74973139""]",True
10.1109/tvcg.2023.3327393,A5006087928,3,"[""I74973139""]",True
10.1109/tvcg.2023.3327368,A5016139323,1,"[""I1305429384"", ""I12912129""]",True
10.1109/tvcg.2023.3327368,A5061093749,2,"[""I12912129""]",True
10.1109/tvcg.2023.3327368,A5005364495,3,"[""I12912129""]",True
10.1109/tvcg.2023.3327368,A5006337365,4,"[""I12912129""]",True
10.1109/tvcg.2023.3327368,A5060030701,5,"[""I12912129""]",True
10.1109/tvcg.2023.3327368,A5000390546,6,"[""I12912129""]",True
10.1109/tvcg.2023.3327368,A5063230893,7,"[""I12912129""]",True
10.1109/tvcg.2023.3326904,A5067525108,1,"[""I4210122954""]",True
10.1109/tvcg.2023.3326904,A5078304037,2,"[""I121934306""]",True
10.1109/tvcg.2023.3326904,A5035828571,3,"[""I121934306""]",True
10.1109/tvcg.2023.3326904,A5089451178,4,"[""I121934306""]",True
10.1109/tvcg.2023.3326904,A5084507075,5,"[""I4210122954""]",True
10.1109/tvcg.2023.3327201,A5101506748,1,"[""I139264467""]",True
10.1109/tvcg.2023.3327201,A5032598257,2,"[""I114027177""]",True
10.1109/tvcg.2023.3327201,A5101907560,3,"[""I48566637""]",True
10.1109/tvcg.2023.3327201,A5036159118,4,"[""I223532165""]",True
10.1109/tvcg.2023.3327201,A5056903170,5,"[""I139264467"", ""I114027177""]",True
10.1109/tvcg.2023.3327201,A5012388103,6,"[""I139264467""]",True
10.1109/tvcg.2023.3327163,A5063258480,1,"[""I136199984""]",True
10.1109/tvcg.2023.3327163,A5101538820,2,"[""I136199984""]",True
10.1109/tvcg.2023.3327163,A5071356824,3,"[""I136199984""]",True
10.1109/tvcg.2023.3327163,A5102773192,4,"[""I136199984""]",True
10.1109/tvcg.2023.3327163,A5059594867,5,"[""I136199984""]",True
10.1109/tvcg.2023.3327163,A5039276358,6,"[""I136199984""]",True
10.1109/tvcg.2023.3327161,A5006095483,1,"[""I136199984""]",True
10.1109/tvcg.2023.3327161,A5092543582,2,"[""I136199984""]",True
10.1109/tvcg.2023.3327161,A5082790087,3,"[""I136199984""]",True
10.1109/tvcg.2023.3327161,A5010238198,4,"[""I136199984""]",True
10.1109/tvcg.2023.3327161,A5043151044,5,"[""I136199984""]",True
10.1109/tvcg.2023.3327161,A5008138905,6,"[""I1306409833""]",True
10.1109/tvcg.2023.3326517,A5100726571,1,"[""I69356397""]",True
10.1109/tvcg.2023.3326517,A5083454802,2,"[""I1294671590""]",True
10.1109/tvcg.2023.3326517,A5107093497,3,"[""I69356397""]",True
10.1109/tvcg.2023.3326517,A5031886887,4,"[""I69356397""]",True
10.1109/tvcg.2023.3326517,A5102013894,5,"[""I69356397""]",True
10.1109/tvcg.2023.3327367,A5041694845,1,"[""I74973139""]",True
10.1109/tvcg.2023.3327367,A5092622516,2,"[""I74973139""]",True
10.1109/tvcg.2023.3327367,A5006087928,3,"[""I74973139""]",True
10.1109/tvcg.2023.3327367,A5053097987,4,"[""I74973139""]",True
10.1109/tvcg.2023.3327363,A5045718502,1,"[""I57206974"", ""I1306409833""]",True
10.1109/tvcg.2023.3327363,A5056999690,2,"[""I1306409833""]",True
10.1109/tvcg.2023.3327363,A5036469216,3,"[""I1306409833""]",True
10.1109/tvcg.2023.3327363,A5091398218,4,"[""I1306409833""]",True
10.1109/tvcg.2023.3327363,A5009957887,5,"[""I1306409833""]",True
10.1109/tvcg.2023.3327363,A5071007779,6,"[""I1306409833""]",True
10.1109/tvcg.2023.3326929,A5100627882,1,"[""I30809798""]",True
10.1109/tvcg.2023.3326929,A5091026913,2,"[""I30809798""]",True
10.1109/tvcg.2023.3326929,A5102754191,3,"[""I30809798""]",True
10.1109/tvcg.2023.3326929,A5101776978,4,"[""I157725225""]",True
10.1109/tvcg.2023.3326929,A5073000458,5,"[""I35440088""]",True
10.1109/tvcg.2023.3326929,A5101829426,6,"[""I4210127074"", ""I24943067""]",True
10.1109/tvcg.2023.3326929,A5008009084,7,"[""I24943067"", ""I4210127074""]",True
10.1109/tvcg.2023.3326929,A5102007073,8,"[""I24943067"", ""I4210127074""]",True
10.1109/tvcg.2023.3326929,A5100447162,9,"[""I30809798""]",True
10.1109/tvcg.2023.3326598,A5101411295,1,"[""I39422238""]",True
10.1109/tvcg.2023.3326598,A5057515797,2,"[""I63966007""]",True
10.1109/tvcg.2023.3326598,A5092801509,3,"[""I39422238""]",True
10.1109/tvcg.2023.3326598,A5049830796,4,"[""I161127581""]",True
10.1109/tvcg.2023.3326598,A5065868869,5,"[""I25112270""]",True
10.1109/tvcg.2023.3326598,A5083220583,6,"[""I39422238""]",True
10.1109/tvcg.2023.3326586,A5054331966,1,"[""I200769079"", ""I889458895""]",True
10.1109/tvcg.2023.3326586,A5086326351,2,"[""I200769079"", ""I889458895""]",True
10.1109/tvcg.2023.3326586,A5085890755,3,"[""I889458895"", ""I200769079""]",True
10.1109/tvcg.2023.3326586,A5049883737,4,"[""I889458895"", ""I200769079""]",True
10.1109/tvcg.2023.3326586,A5019821536,5,"[""I99065089""]",True
10.1109/tvcg.2023.3326586,A5054533523,6,"[""I889458895"", ""I200769079""]",True
10.1109/tvcg.2023.3326586,A5103156716,7,[],True
10.1109/tvcg.2023.3326586,A5101484570,8,[],True
10.1109/tvcg.2023.3326586,A5091466289,9,"[""I200769079"", ""I889458895""]",True
10.1109/tvcg.2023.3327170,A5023888935,1,"[""I889458895"", ""I200769079""]",True
10.1109/tvcg.2023.3327170,A5100397330,2,"[""I889458895"", ""I200769079""]",True
10.1109/tvcg.2023.3327170,A5005109197,3,"[""I889458895"", ""I200769079""]",True
10.1109/tvcg.2023.3327170,A5071356824,4,"[""I2801851002""]",True
10.1109/tvcg.2023.3327170,A5091466289,5,"[""I200769079"", ""I889458895""]",True
10.1109/tvcg.2023.3327162,A5082213932,1,"[""I76130692""]",True
10.1109/tvcg.2023.3327162,A5002901852,2,"[""I76130692""]",True
10.1109/tvcg.2023.3327162,A5016219620,3,"[""I4092182""]",True
10.1109/tvcg.2023.3327162,A5049050148,4,"[""I76130692""]",True
10.1109/tvcg.2023.3327162,A5018322383,5,"[""I76130692""]",True
10.1109/tvcg.2023.3327162,A5081346568,6,"[""I4210158984"", ""I38877650"", ""I1327237609""]",True
10.1109/tvcg.2023.3327162,A5088199295,7,"[""I76130692""]",True
10.1109/tvcg.2023.3327162,A5073986937,8,"[""I76130692""]",True
10.1109/tvcg.2023.3326913,A5075939839,1,"[""I889458895"", ""I200769079""]",True
10.1109/tvcg.2023.3326913,A5014140709,2,"[""I889458895"", ""I200769079""]",True
10.1109/tvcg.2023.3326913,A5032164035,3,"[""I889458895"", ""I200769079""]",True
10.1109/tvcg.2023.3326913,A5086643675,4,"[""I889458895"", ""I200769079""]",True
10.1109/tvcg.2023.3326913,A5100660205,5,"[""I200769079"", ""I889458895""]",True
10.1109/tvcg.2023.3326910,A5100610544,1,"[""I130701444""]",True
10.1109/tvcg.2023.3326910,A5082668404,2,"[""I130701444""]",True
10.1109/tvcg.2023.3326525,A5091444900,1,"[""I121883995""]",True
10.1109/tvcg.2023.3326525,A5077450520,2,"[""I4210127322""]",True
10.1109/tvcg.2023.3326525,A5042080340,3,"[""I121883995""]",True
10.1109/tvcg.2023.3326525,A5008627422,4,"[""I102134673""]",True
10.1109/tvcg.2023.3326934,A5047079466,1,"[""I99065089""]",True
10.1109/tvcg.2023.3326934,A5066369450,2,"[""I99065089""]",True
10.1109/tvcg.2023.3326934,A5101626365,3,"[""I99065089""]",True
10.1109/tvcg.2023.3326934,A5019821536,4,"[""I4401726859""]",True
10.1109/tvcg.2023.3326934,A5075620925,5,"[""I99065089""]",True
10.1109/tvcg.2023.3326934,A5100426931,6,"[""I5343935""]",True
10.1109/tvcg.2023.3326934,A5109722197,7,"[""I69356397""]",True
10.1109/tvcg.2023.3326934,A5105978161,8,"[""I99065089""]",True
10.1109/tvcg.2023.3327402,A5017173519,1,"[""I189712700""]",True
10.1109/tvcg.2023.3327402,A5039742693,2,"[""I15057530"", ""I4210160189"", ""I1294671590"", ""I4210142254""]",True
10.1109/tvcg.2023.3327402,A5003147292,3,"[""I138006243""]",True
10.1109/tvcg.2023.3327402,A5035198129,4,"[""I143910747""]",True
10.1109/tvcg.2023.3327402,A5003476748,5,"[""I143910747""]",True
10.1109/tvcg.2023.3327402,A5006966951,6,"[""I102134673""]",True
10.1109/tvcg.2023.3327402,A5040794392,7,"[""I193662353""]",True
10.1109/tvcg.2023.3327402,A5003441276,8,"[""I189712700"", ""I56590836""]",True
10.1109/tvcg.2023.3327402,A5023110492,9,"[""I189712700""]",True
10.1109/tvcg.2023.3327371,A5101970777,1,"[""I76130692""]",True
10.1109/tvcg.2023.3327371,A5100660111,2,"[""I76130692""]",True
10.1109/tvcg.2023.3327371,A5100629476,3,"[""I76130692""]",True
10.1109/tvcg.2023.3327371,A5110810014,4,"[""I90727586"", ""I76130692""]",True
10.1109/tvcg.2023.3327371,A5101693655,5,"[""I76130692""]",True
10.1109/tvcg.2023.3327371,A5010441587,6,"[""I76130692""]",True
10.1109/tvcg.2023.3327371,A5100760567,7,"[""I76130692""]",True
10.1109/tvcg.2023.3327371,A5100344494,8,"[""I76130692"", ""I90727586""]",True
10.1109/tvcg.2023.3327356,A5019781916,1,"[""I111979921""]",True
10.1109/tvcg.2023.3327356,A5101264201,2,"[""I111979921""]",True
10.1109/tvcg.2023.3327356,A5004299683,3,"[""I111979921""]",True
10.1109/tvcg.2023.3327356,A5092538664,4,"[""I111979921""]",True
10.1109/tvcg.2023.3327356,A5049012090,5,"[""I111979921""]",True
10.1109/tvcg.2023.3327356,A5068008545,6,"[""I111979921""]",True
10.1109/tvcg.2023.3327356,A5043405353,7,"[""I111979921""]",True
10.1109/tvcg.2023.3327356,A5079222963,8,"[""I111979921""]",True
10.1109/tvcg.2023.3327356,A5030688487,9,"[""I111979921""]",True
10.1109/tvcg.2023.3327356,A5089605137,10,"[""I111979921""]",True
10.1109/tvcg.2023.3327193,A5092849810,1,"[""I145847075""]",True
10.1109/tvcg.2023.3327193,A5008754293,2,"[""I71920554""]",True
10.1109/tvcg.2023.3327193,A5113517476,3,"[""I136199984""]",True
10.1109/tvcg.2023.3327193,A5063426870,4,"[""I136199984""]",True
10.1109/tvcg.2023.3327193,A5043151044,5,"[""I136199984""]",True
10.1109/tvcg.2023.3327193,A5110321988,6,"[""I145847075""]",True
10.1109/tvcg.2023.3327193,A5010238198,7,"[""I136199984""]",True
10.1109/tvcg.2023.3327189,A5090570042,1,"[""I201448701""]",True
10.1109/tvcg.2023.3327189,A5006087928,2,"[""I74973139""]",True
10.1109/tvcg.2023.3327182,A5057655212,1,"[""I8078737""]",True
10.1109/tvcg.2023.3327182,A5102993647,2,"[""I8078737""]",True
10.1109/tvcg.2023.3327181,A5005412226,1,"[""I130701444""]",True
10.1109/tvcg.2023.3327181,A5093104403,2,"[""I130701444""]",True
10.1109/tvcg.2023.3327181,A5093104404,3,"[""I130701444""]",True
10.1109/tvcg.2023.3327181,A5082689282,4,"[""I130701444""]",True
10.1109/tvcg.2023.3327181,A5093104405,5,"[""I130701444""]",True
10.1109/tvcg.2023.3327181,A5022559447,6,"[""I130701444""]",True
10.1109/tvcg.2023.3327181,A5014118071,7,"[""I130701444""]",True
10.1109/tvcg.2023.3327181,A5100616988,8,"[""I130701444""]",True
10.1109/tvcg.2023.3327181,A5100638703,9,"[""I130701444""]",True
10.1109/tvcg.2023.3327181,A5101442992,10,"[""I130701444""]",True
10.1109/tvcg.2023.3327181,A5086264589,11,"[""I130701444""]",True
10.1109/tvcg.2023.3327181,A5020153026,12,"[""I130701444""]",True
10.1109/tvcg.2023.3327158,A5006232882,1,"[""I4210163771""]",True
10.1109/tvcg.2023.3327158,A5036300289,2,"[""I4210163771""]",True
10.1109/tvcg.2023.3327158,A5077783676,3,[],True
10.1109/tvcg.2023.3327158,A5047827833,4,"[""I12912129""]",True
10.1109/tvcg.2023.3327152,A5029173221,1,"[""I145847075""]",True
10.1109/tvcg.2023.3327152,A5042382359,2,"[""I39470171""]",True
10.1109/tvcg.2023.3327152,A5020415668,3,"[""I35440088""]",True
10.1109/tvcg.2023.3327152,A5019622072,4,"[""I145847075""]",True
10.1109/tvcg.2023.3327152,A5061682032,5,"[""I4665924""]",True
10.1109/tvcg.2023.3327152,A5019161245,6,"[""I145847075""]",True
10.1109/tvcg.2023.3327149,A5103268247,1,"[""I154099455"", ""I189712700""]",True
10.1109/tvcg.2023.3327149,A5087499523,2,"[""I189712700""]",True
10.1109/tvcg.2023.3327149,A5091363610,3,"[""I189712700""]",True
10.1109/tvcg.2023.3327149,A5053027660,4,"[""I189712700""]",True
10.1109/tvcg.2023.3327149,A5050869372,5,"[""I43522216""]",True
10.1109/tvcg.2023.3327149,A5068526974,6,"[""I154099455""]",True
10.1109/tvcg.2023.3327149,A5036489223,7,"[""I189712700""]",True
10.1109/tvcg.2023.3326599,A5103278717,1,"[""I131249849""]",True
10.1109/tvcg.2023.3326599,A5026074051,2,"[""I131249849""]",True
10.1109/tvcg.2023.3326599,A5100333760,3,"[""I131249849""]",True
10.1109/tvcg.2023.3326597,A5070075266,1,"[""I66867065""]",True
10.1109/tvcg.2023.3326597,A5100649746,2,"[""I66867065""]",True
10.1109/tvcg.2023.3326597,A5100421682,3,"[""I66867065""]",True
10.1109/tvcg.2023.3326597,A5063110936,4,"[""I66867065""]",True
10.1109/tvcg.2023.3326593,A5112962007,1,"[""I193662353""]",True
10.1109/tvcg.2023.3326593,A5009764298,2,"[""I24603500""]",True
10.1109/tvcg.2023.3326593,A5060059718,3,"[""I193662353""]",True
10.1109/tvcg.2023.3326593,A5024377336,4,"[""I24603500""]",True
10.1109/tvcg.2023.3326593,A5039822376,5,"[""I193662353""]",True
10.1109/tvcg.2023.3326580,A5054015080,1,"[""I1288783943""]",True
10.1109/tvcg.2023.3326580,A5032473237,2,"[""I161548249""]",True
10.1109/tvcg.2023.3326580,A5065371627,3,"[""I161548249""]",True
10.1109/tvcg.2023.3326580,A5034277315,4,"[""I66946132"", ""I204337017""]",True
10.1109/tvcg.2023.3326579,A5090775158,1,"[""I24603500""]",True
10.1109/tvcg.2023.3326579,A5074354806,2,"[""I2801851002""]",True
10.1109/tvcg.2023.3326579,A5010238198,3,"[""I2801851002""]",True
10.1109/tvcg.2023.3326579,A5108961510,4,"[""I136199984""]",True
10.1109/tvcg.2023.3326579,A5043151044,5,"[""I2801851002""]",True
10.1109/tvcg.2023.3326579,A5067858887,6,"[""I24603500""]",True
10.1109/tvcg.2023.3326579,A5034150082,7,[],True
10.1109/tvcg.2023.3326569,A5056962479,1,"[""I176453806"", ""I143288331""]",True
10.1109/tvcg.2023.3326569,A5008071697,2,"[""I176453806""]",True
10.1109/tvcg.2023.3326569,A5090346908,3,"[""I176453806"", ""I143288331""]",True
10.1109/tvcg.2023.3326569,A5035885351,4,"[""I176453806""]",True
10.1109/tvcg.2023.3326569,A5052710697,5,"[""I143288331"", ""I176453806""]",True
10.1109/tvcg.2023.3326569,A5081246092,6,"[""I176453806""]",True
10.1109/tvcg.2023.3326569,A5016219620,7,"[""I4092182""]",True
10.1109/tvcg.2023.3326516,A5001536494,1,"[""I40347166""]",True
10.1109/tvcg.2023.3326516,A5020327777,2,"[""I111979921""]",True
10.1109/tvcg.2023.3326516,A5037687998,3,"[""I111979921""]",True
10.1109/tvcg.2023.3326516,A5090570042,4,"[""I201448701""]",True
10.1109/tvcg.2023.3326516,A5068008545,5,"[""I-1""]",True
10.1109/tvcg.2023.3326512,A5079448223,1,"[""I4210102939""]",True
10.1109/tvcg.2023.3326512,A5067858887,2,"[""I2800444561"", ""I130701444""]",True
10.1109/tvcg.2023.3327389,A5013075379,1,"[""I889458895"", ""I200769079""]",True
10.1109/tvcg.2023.3327389,A5101111637,2,"[""I200769079"", ""I889458895""]",True
10.1109/tvcg.2023.3327389,A5086643675,3,"[""I200769079"", ""I889458895""]",True
10.1109/tvcg.2023.3327389,A5109389598,4,"[""I889458895"", ""I200769079""]",True
10.1109/tvcg.2023.3327388,A5075706889,1,"[""I136199984""]",True
10.1109/tvcg.2023.3327388,A5018685036,2,"[""I136199984""]",True
10.1109/tvcg.2023.3327388,A5018077023,3,"[""I103531236""]",True
10.1109/tvcg.2023.3327388,A5015037960,4,"[""I79576946"", ""I2802946424""]",True
10.1109/tvcg.2023.3327388,A5072366959,5,"[""I136199984""]",True
10.1109/tvcg.2023.3327388,A5100425320,6,"[""I136199984""]",True
10.1109/tvcg.2023.3327388,A5069909173,7,"[""I2802946424""]",True
10.1109/tvcg.2023.3327388,A5085365474,8,"[""I103531236""]",True
10.1109/tvcg.2023.3327388,A5037495122,9,"[""I136199984""]",True
10.1109/tvcg.2023.3327388,A5043151044,10,"[""I136199984""]",True
10.1109/tvcg.2023.3327388,A5010238198,11,"[""I136199984""]",True
10.1109/tvcg.2023.3327361,A5091572336,1,"[""I1294671590"", ""I1326498283""]",True
10.1109/tvcg.2023.3327361,A5006089989,2,"[""I1294671590"", ""I1326498283""]",True
10.1109/tvcg.2023.3327361,A5091882831,3,"[""I1326498283"", ""I1294671590""]",True
10.1109/tvcg.2023.3327361,A5032305401,4,"[""I1326498283"", ""I1294671590""]",True
10.1109/tvcg.2023.3327359,A5100373606,1,"[""I55732556""]",True
10.1109/tvcg.2023.3327359,A5101409792,2,"[""I3045169105""]",True
10.1109/tvcg.2023.3327359,A5014732659,3,"[""I55732556""]",True
10.1109/tvcg.2023.3327359,A5055161766,4,"[""I87216513""]",True
10.1109/tvcg.2023.3327359,A5100610862,5,"[""I103163165""]",True
10.1109/tvcg.2023.3327359,A5027859763,6,"[""I55732556""]",True
10.1109/tvcg.2023.3327359,A5063419107,7,"[""I55732556""]",True
10.1109/tvcg.2023.3327359,A5026799813,8,"[""I55732556""]",True
10.1109/tvcg.2023.3327354,A5100418560,1,"[""I66946132""]",True
10.1109/tvcg.2023.3327354,A5065644953,2,"[""I1290206253""]",True
10.1109/tvcg.2023.3327354,A5068526974,3,"[""I154099455""]",True
10.1109/tvcg.2023.3327354,A5046614342,4,"[""I66946132""]",True
10.1109/tvcg.2023.3327354,A5100745766,5,"[""I66946132""]",True
10.1109/tvcg.2023.3327200,A5101908670,1,"[""I116953780""]",True
10.1109/tvcg.2023.3327200,A5004428276,2,"[""I116953780""]",True
10.1109/tvcg.2023.3327200,A5049594027,3,"[""I116953780""]",True
10.1109/tvcg.2023.3327200,A5012157105,4,"[""I2250955327""]",True
10.1109/tvcg.2023.3327200,A5111062893,5,"[""I2250955327""]",True
10.1109/tvcg.2023.3327200,A5065034146,6,"[""I116953780""]",True
10.1109/tvcg.2023.3327200,A5101497511,7,"[""I116953780""]",True
10.1109/tvcg.2023.3327200,A5000474356,8,"[""I116953780""]",True
10.1109/tvcg.2023.3327198,A5011942943,1,"[""I188538660""]",True
10.1109/tvcg.2023.3327198,A5074006931,2,"[""I102134673""]",True
10.1109/tvcg.2023.3327198,A5048647256,3,"[""I102134673""]",True
10.1109/tvcg.2023.3327198,A5071892737,4,"[""I188538660""]",True
10.1109/tvcg.2023.3327198,A5068183954,5,"[""I188538660""]",True
10.1109/tvcg.2023.3327198,A5056903170,6,"[""I114027177""]",True
10.1109/tvcg.2023.3327187,A5101506748,1,"[""I139264467""]",True
10.1109/tvcg.2023.3327187,A5071409292,2,"[""I84218800""]",True
10.1109/tvcg.2023.3327187,A5000064618,3,"[""I4210144839""]",True
10.1109/tvcg.2023.3327187,A5037161857,4,"[""I84218800""]",True
10.1109/tvcg.2023.3327187,A5012388103,5,"[""I139264467""]",True
10.1109/tvcg.2023.3327185,A5004709768,1,"[""I2800638415""]",True
10.1109/tvcg.2023.3327185,A5030346871,2,"[""I4210135180""]",True
10.1109/tvcg.2023.3327185,A5102798174,3,"[""I4210135180""]",True
10.1109/tvcg.2023.3327185,A5067274220,4,"[""I2800638415""]",True
10.1109/tvcg.2023.3327148,A5119246991,1,"[""I76130692""]",True
10.1109/tvcg.2023.3327148,A5119247096,2,"[""I76130692""]",True
10.1109/tvcg.2023.3327148,A5078394037,3,"[""I76130692""]",True
10.1109/tvcg.2023.3327148,A5108872962,4,"[""I76130692""]",True
10.1109/tvcg.2023.3327148,A5010441587,5,"[""I76130692""]",True
10.1109/tvcg.2023.3327148,A5074072259,6,"[""I76130692""]",True
10.1109/tvcg.2023.3327148,A5069353502,7,"[""I76130692""]",True
10.1109/tvcg.2023.3327148,A5081346568,8,"[""I38877650""]",True
10.1109/tvcg.2023.3327148,A5100344494,9,"[""I76130692""]",True
10.1109/tvcg.2023.3327077,A5100682509,1,"[""I30809798""]",True
10.1109/tvcg.2023.3327077,A5102754191,2,"[""I30809798""]",True
10.1109/tvcg.2023.3327077,A5100627882,3,"[""I30809798""]",True
10.1109/tvcg.2023.3327077,A5025335404,4,"[""I76130692""]",True
10.1109/tvcg.2023.3327077,A5083797440,5,"[""I76130692""]",True
10.1109/tvcg.2023.3327077,A5100447162,6,"[""I30809798""]",True
10.1109/tvcg.2023.3326944,A5015899741,1,"[""I20231570""]",True
10.1109/tvcg.2023.3326944,A5114148359,2,"[""I20231570""]",True
10.1109/tvcg.2023.3326944,A5102571256,3,"[""I20231570""]",True
10.1109/tvcg.2023.3326944,A5093121494,4,"[""I20231570""]",True
10.1109/tvcg.2023.3326944,A5008189486,5,"[""I20231570""]",True
10.1109/tvcg.2023.3326944,A5038943746,6,"[""I20231570""]",True
10.1109/tvcg.2023.3326943,A5002952964,1,"[""I889458895""]",True
10.1109/tvcg.2023.3326943,A5039676790,2,"[""I889458895""]",True
10.1109/tvcg.2023.3326943,A5100424818,3,"[""I889458895""]",True
10.1109/tvcg.2023.3326943,A5101586565,4,"[""I889458895""]",True
10.1109/tvcg.2023.3326943,A5066288593,5,"[""I889458895""]",True
10.1109/tvcg.2023.3326943,A5057284689,6,"[""I889458895""]",True
10.1109/tvcg.2023.3326943,A5106723036,7,"[""I2250653659""]",True
10.1109/tvcg.2023.3326943,A5100672275,8,"[""I111979921""]",True
10.1109/tvcg.2023.3326943,A5077317339,9,"[""I889458895""]",True
10.1109/tvcg.2023.3326939,A5041617939,1,"[""I39422238""]",True
10.1109/tvcg.2023.3326939,A5015186378,2,"[""I39422238""]",True
10.1109/tvcg.2023.3326939,A5100363961,3,"[""I1343551460""]",True
10.1109/tvcg.2023.3326939,A5052234283,4,"[""I1343551460""]",True
10.1109/tvcg.2023.3326939,A5064300637,5,"[""I126307644""]",True
10.1109/tvcg.2023.3326939,A5056104510,6,"[""I39422238""]",True
10.1109/tvcg.2023.3326937,A5083271735,1,"[""I66946132""]",True
10.1109/tvcg.2023.3326937,A5032629207,2,"[""I1329219376""]",True
10.1109/tvcg.2023.3326937,A5041414404,3,"[""I66946132""]",True
10.1109/tvcg.2023.3326937,A5014638681,4,"[""I66946132""]",True
10.1109/tvcg.2023.3326937,A5034277315,5,"[""I66946132"", ""I204337017""]",True
10.1109/tvcg.2023.3326933,A5016908856,1,"[""I131249849""]",True
10.1109/tvcg.2023.3326933,A5100333760,2,"[""I131249849""]",True
10.1109/tvcg.2023.3326933,A5026074051,3,"[""I131249849""]",True
10.1109/tvcg.2023.3326921,A5068490260,1,"[""I3045169105""]",True
10.1109/tvcg.2023.3326921,A5082391073,2,"[""I3045169105""]",True
10.1109/tvcg.2023.3326921,A5109923670,3,"[""I3045169105""]",True
10.1109/tvcg.2023.3326921,A5101409792,4,"[""I3045169105""]",True
10.1109/tvcg.2023.3326921,A5004036087,5,"[""I3045169105""]",True
10.1109/tvcg.2023.3326920,A5100429585,1,"[""I1282105669""]",True
10.1109/tvcg.2023.3326920,A5103064768,2,"[""I143302722""]",True
10.1109/tvcg.2023.3326920,A5054749881,3,"[""I52357470""]",True
10.1109/tvcg.2023.3326920,A5100349956,4,"[""I223532165""]",True
10.1109/tvcg.2023.3326915,A5072700322,1,"[""I71920554""]",True
10.1109/tvcg.2023.3326915,A5027313375,2,"[""I71920554""]",True
10.1109/tvcg.2023.3326915,A5093121495,3,"[""I71920554""]",True
10.1109/tvcg.2023.3326915,A5039942334,4,"[""I71920554""]",True
10.1109/tvcg.2023.3326915,A5008754293,5,"[""I71920554""]",True
10.1109/tvcg.2023.3326911,A5091026913,1,"[""I30809798""]",True
10.1109/tvcg.2023.3326911,A5108901039,2,"[""I30809798""]",True
10.1109/tvcg.2023.3326911,A5074246360,3,"[""I30809798""]",True
10.1109/tvcg.2023.3326911,A5086326351,4,"[""I205783295""]",True
10.1109/tvcg.2023.3326911,A5040448008,5,"[""I30809798""]",True
10.1109/tvcg.2023.3326911,A5109625638,6,[],True
10.1109/tvcg.2023.3326911,A5101567215,7,"[""I30809798""]",True
10.1109/tvcg.2023.3326911,A5100447162,8,"[""I30809798""]",True
10.1109/tvcg.2023.3326601,A5031353585,1,"[""I2802076133"", ""I1294671590"", ""I39804081"", ""I153267046""]",True
10.1109/tvcg.2023.3326601,A5028659844,2,"[""I39804081"", ""I1294671590"", ""I2802076133"", ""I153267046""]",True
10.1109/tvcg.2023.3326601,A5074734666,3,"[""I2802076133"", ""I153267046"", ""I39804081"", ""I1294671590""]",True
10.1109/tvcg.2023.3326601,A5071898071,4,"[""I1294671590"", ""I2802076133"", ""I153267046"", ""I39804081""]",True
10.1109/tvcg.2023.3326600,A5057647519,1,"[""I83019370""]",True
10.1109/tvcg.2023.3326600,A5033915778,2,"[""I83019370""]",True
10.1109/tvcg.2023.3326600,A5034214530,3,"[""I83019370""]",True
10.1109/tvcg.2023.3326600,A5086223886,4,"[""I83019370""]",True
10.1109/tvcg.2023.3326596,A5030816529,1,"[""I1294671590"", ""I15057530"", ""I4210142254"", ""I4210160189"", ""I1326498283""]",True
10.1109/tvcg.2023.3326596,A5021576702,2,"[""I4210160189"", ""I15057530"", ""I1294671590"", ""I4210142254"", ""I1326498283""]",True
10.1109/tvcg.2023.3326596,A5051172582,3,"[""I4210160189"", ""I1326498283"", ""I15057530"", ""I1294671590"", ""I4210142254""]",True
10.1109/tvcg.2023.3326596,A5073678051,4,"[""I15057530"", ""I4210160189"", ""I1326498283"", ""I1294671590"", ""I4210142254""]",True
10.1109/tvcg.2023.3326594,A5062248644,1,"[""I66946132""]",True
10.1109/tvcg.2023.3326594,A5034277315,2,"[""I204337017""]",True
10.1109/tvcg.2023.3326589,A5006087928,1,"[""I74973139""]",True
10.1109/tvcg.2023.3326589,A5029417016,2,"[""I12912129""]",True
10.1109/tvcg.2023.3326589,A5102913756,3,"[""I1287378978""]",True
10.1109/tvcg.2023.3326589,A5043405353,4,"[""I12912129""]",True
10.1109/tvcg.2023.3326582,A5084407224,1,"[""I98358874""]",True
10.1109/tvcg.2023.3326582,A5038632839,2,"[""I2800006345""]",True
10.1109/tvcg.2023.3326582,A5036528208,3,"[""I2800006345""]",True
10.1109/tvcg.2023.3326582,A5064039493,4,"[""I2800006345""]",True
10.1109/tvcg.2023.3326582,A5020220741,5,"[""I2800006345""]",True
10.1109/tvcg.2023.3326582,A5103032812,6,"[""I2800006345""]",True
10.1109/tvcg.2023.3326582,A5048229839,7,"[""I98358874""]",True
10.1109/tvcg.2023.3326582,A5086223886,8,"[""I83019370""]",True
10.1109/tvcg.2023.3326582,A5019308726,9,"[""I98358874""]",True
10.1109/tvcg.2023.3326582,A5019003563,10,"[""I2800006345"", ""I98358874""]",True
10.1109/tvcg.2023.3326578,A5001128245,1,"[""I84218800""]",True
10.1109/tvcg.2023.3326578,A5102570823,2,"[""I84218800""]",True
10.1109/tvcg.2023.3326578,A5037161857,3,"[""I84218800""]",True
10.1109/tvcg.2023.3326576,A5101809615,1,"[""I180923762""]",True
10.1109/tvcg.2023.3326576,A5031596501,2,[],True
10.1109/tvcg.2023.3326576,A5068366580,3,"[""I180923762""]",True
10.1109/tvcg.2023.3326576,A5015182248,4,"[""I180923762""]",True
10.1109/tvcg.2023.3326527,A5022178925,1,"[""I66946132""]",True
10.1109/tvcg.2023.3326527,A5114093440,2,"[""I201448701"", ""I58610484""]",True
10.1109/tvcg.2023.3326527,A5006087928,3,"[""I74973139""]",True
10.1109/tvcg.2023.3326527,A5090570042,4,"[""I58610484"", ""I201448701""]",True
10.1109/tvcg.2023.3326527,A5009763002,5,"[""I201448701"", ""I58610484""]",True
10.1109/tvcg.2023.3326520,A5020407163,1,"[""I277688954""]",True
10.1109/tvcg.2023.3326520,A5104038125,2,"[""I4210163771""]",True
10.1109/tvcg.2023.3326520,A5029815396,3,"[""I185261750""]",True
10.1109/tvcg.2023.3326520,A5023392600,4,"[""I277688954""]",True
10.1109/tvcg.2023.3326513,A5101703488,1,"[""I111979921""]",True
10.1109/tvcg.2023.3326513,A5020327777,2,"[""I111979921""]",True
10.1109/tvcg.2023.3326513,A5019721303,3,"[""I111979921""]",True
10.1109/tvcg.2023.3326513,A5089749790,4,"[""I111979921""]",True
10.1109/tvcg.2023.3326513,A5068008545,5,"[""I111979921""]",True
10.1109/tvcg.2023.3327387,A5100672275,1,"[""I111979921""]",True
10.1109/tvcg.2023.3327387,A5068080620,2,"[""I111979921""]",True
10.1109/tvcg.2023.3327387,A5061448746,3,"[""I116953780""]",True
10.1109/tvcg.2023.3327387,A5000474356,4,"[""I116953780""]",True
10.1109/tvcg.2023.3327387,A5002041772,5,"[""I111979921""]",True
10.1109/tvcg.2023.3327366,A5075651562,1,"[""I223532165""]",True
10.1109/tvcg.2023.3327366,A5065331110,2,"[""I180923762""]",True
10.1109/tvcg.2023.3327366,A5052409698,3,"[""I223532165""]",True
10.1109/tvcg.2023.3327366,A5009842222,4,"[""I1282105669""]",True
10.1109/tvcg.2023.3327366,A5009460413,5,"[""I223532165""]",True
10.1109/tvcg.2023.3327194,A5003306393,1,"[""I52357470""]",True
10.1109/tvcg.2023.3327194,A5004184559,2,"[""I52357470""]",True
10.1109/tvcg.2023.3327194,A5065630217,3,"[""I52357470""]",True
10.1109/tvcg.2023.3327194,A5054749881,4,"[""I52357470""]",True
10.1109/tvcg.2023.3327194,A5108096533,5,"[""I52357470""]",True
10.1109/tvcg.2023.3327192,A5080033774,1,"[""I24603500""]",True
10.1109/tvcg.2023.3327192,A5051260332,2,"[""I24603500""]",True
10.1109/tvcg.2023.3327192,A5050846738,3,"[""I24603500""]",True
10.1109/tvcg.2023.3327192,A5092616558,4,"[""I24603500""]",True
10.1109/tvcg.2023.3327192,A5020533126,5,"[""I2800093571""]",True
10.1109/tvcg.2023.3327192,A5028789964,6,"[""I24603500""]",True
10.1109/tvcg.2023.3327192,A5067858887,7,"[""I24603500""]",True
10.1109/tvcg.2023.3327186,A5000957988,1,"[""I1282311441""]",True
10.1109/tvcg.2023.3327186,A5085342992,2,"[""I1282311441""]",True
10.1109/tvcg.2023.3327171,A5002440759,1,"[""I52357470""]",True
10.1109/tvcg.2023.3327171,A5065630217,2,"[""I52357470""]",True
10.1109/tvcg.2023.3327165,A5001531096,1,"[""I111979921""]",True
10.1109/tvcg.2023.3327165,A5057582080,2,"[""I111979921""]",True
10.1109/tvcg.2023.3327165,A5085906659,3,"[""I107077323""]",True
10.1109/tvcg.2023.3327165,A5019781916,4,"[""I111979921""]",True
10.1109/tvcg.2023.3327165,A5087146581,5,"[""I107077323""]",True
10.1109/tvcg.2023.3327165,A5089605137,6,"[""I111979921""]",True
10.1109/tvcg.2023.3327153,A5086326351,1,"[""I205783295""]",True
10.1109/tvcg.2023.3327153,A5007553875,2,"[""I200769079"", ""I889458895""]",True
10.1109/tvcg.2023.3327153,A5005458050,3,"[""I889458895"", ""I200769079""]",True
10.1109/tvcg.2023.3327153,A5046409172,4,"[""I889458895"", ""I200769079""]",True
10.1109/tvcg.2023.3327153,A5091466289,5,"[""I200769079"", ""I889458895""]",True
10.1109/tvcg.2023.3327150,A5100374581,1,"[""I157485424""]",True
10.1109/tvcg.2023.3327150,A5100736999,2,"[""I157485424""]",True
10.1109/tvcg.2023.3327150,A5079709359,3,"[""I157485424""]",True
10.1109/tvcg.2023.3327150,A5006232882,4,"[""I4210163771""]",True
10.1109/tvcg.2023.3327150,A5045835385,5,"[""I97018004""]",True
10.1109/tvcg.2023.3326925,A5100371357,1,"[""I116953780""]",True
10.1109/tvcg.2023.3326925,A5077866666,2,"[""I116953780""]",True
10.1109/tvcg.2023.3326925,A5101708967,3,"[""I116953780""]",True
10.1109/tvcg.2023.3326925,A5045718502,4,"[""I57206974""]",True
10.1109/tvcg.2023.3326925,A5054388396,5,"[""I157725225""]",True
10.1109/tvcg.2023.3326925,A5068043486,6,"[""I157725225""]",True
10.1109/tvcg.2023.3326925,A5000474356,7,"[""I116953780""]",True
10.1109/tvcg.2023.3326919,A5087561934,1,"[""I55732556""]",True
10.1109/tvcg.2023.3326919,A5029417016,2,"[""I12912129""]",True
10.1109/tvcg.2023.3326919,A5044546139,3,"[""I55732556""]",True
10.1109/tvcg.2023.3326919,A5043391973,4,"[""I55732556""]",True
10.1109/tvcg.2023.3326917,A5007655142,1,"[""I168635309""]",True
10.1109/tvcg.2023.3326917,A5052445776,2,"[""I168635309""]",True
10.1109/tvcg.2023.3326917,A5003828556,3,"[""I168635309""]",True
10.1109/tvcg.2023.3326917,A5012561411,4,"[""I18014758""]",True
10.1109/tvcg.2023.3326917,A5079469658,5,"[""I168635309""]",True
10.1109/tvcg.2023.3326908,A5100619290,1,"[""I40120149""]",True
10.1109/tvcg.2023.3326908,A5048873258,2,"[""I20231570""]",True
10.1109/tvcg.2023.3326908,A5006171300,3,"[""I200769079"", ""I889458895""]",True
10.1109/tvcg.2023.3326908,A5035507554,4,"[""I24943067""]",True
10.1109/tvcg.2023.3326908,A5100447868,5,"[""I20231570""]",True
10.1109/tvcg.2023.3326908,A5101259347,6,"[""I2250955327""]",True
10.1109/tvcg.2023.3326908,A5109616081,7,"[""I24943067""]",True
10.1109/tvcg.2023.3326908,A5038943746,8,"[""I20231570""]",True
10.1109/tvcg.2023.3326905,A5109535463,1,"[""I1282105669""]",True
10.1109/tvcg.2023.3326905,A5054749881,2,"[""I52357470""]",True
10.1109/tvcg.2023.3326905,A5109436306,3,"[""I1282105669""]",True
10.1109/tvcg.2023.3326905,A5100349956,4,"[""I223532165""]",True
10.1109/tvcg.2023.3326905,A5076261285,5,"[""I1282105669""]",True
10.1109/tvcg.2023.3326591,A5111056004,1,"[""I97018004""]",True
10.1109/tvcg.2023.3326591,A5068008545,2,"[""I111979921""]",True
10.1109/tvcg.2023.3326588,A5019821536,1,"[""I99065089""]",True
10.1109/tvcg.2023.3326588,A5101678991,2,"[""I99065089""]",True
10.1109/tvcg.2023.3326588,A5032571773,3,"[""I99065089""]",True
10.1109/tvcg.2023.3326588,A5115076783,4,"[""I99065089""]",True
10.1109/tvcg.2023.3326588,A5066369450,5,"[""I99065089""]",True
10.1109/tvcg.2023.3326588,A5100655132,6,"[""I99065089""]",True
10.1109/tvcg.2023.3326588,A5111023543,7,"[""I79510175""]",True
10.1109/tvcg.2023.3326588,A5100341891,8,"[""I99065089""]",True
10.1109/tvcg.2023.3326588,A5043151044,9,"[""I2801851002""]",True
10.1109/tvcg.2023.3326588,A5105978161,10,"[""I99065089""]",True
10.1109/tvcg.2023.3326584,A5092691906,1,"[""I55732556""]",True
10.1109/tvcg.2023.3326584,A5065885664,2,"[""I55732556""]",True
10.1109/tvcg.2023.3326584,A5112758059,3,"[""I1343871089""]",True
10.1109/tvcg.2023.3326584,A5000687536,4,"[""I1343871089""]",True
10.1109/tvcg.2023.3326584,A5026799813,5,"[""I55732556""]",True
10.1109/tvcg.2023.3326583,A5100740729,1,"[""I111979921""]",True
10.1109/tvcg.2023.3326583,A5009957887,2,"[""I1306409833""]",True
10.1109/tvcg.2023.3326583,A5068008545,3,"[""I111979921""]",True
10.1109/tvcg.2023.3326583,A5036469216,4,"[""I1306409833""]",True
10.1109/tvcg.2023.3326568,A5082790087,1,[],True
10.1109/tvcg.2023.3326568,A5047556327,2,"[""I35440088""]",True
10.1109/tvcg.2023.3326568,A5006095483,3,[],True
10.1109/tvcg.2023.3326568,A5050126617,4,"[""I859038795""]",True
10.1109/tvcg.2023.3326568,A5010238198,5,[],True
10.1109/tvcg.2023.3326568,A5043151044,6,[],True
10.1109/tvcg.2023.3326523,A5092109868,1,"[""I76198965""]",True
10.1109/tvcg.2023.3326523,A5004109044,2,"[""I143910747""]",True
10.1109/tvcg.2023.3326523,A5102792847,3,"[""I76198965""]",True
10.1109/tvcg.2023.3326523,A5003476748,4,"[""I143910747""]",True
10.1109/tvcg.2023.3326523,A5020400873,5,"[""I4210146756"", ""I51783024""]",True
10.1109/tvcg.2023.3326523,A5005017697,6,"[""I76198965""]",True
10.1109/tvcg.2023.3326522,A5044403966,1,"[""I76569877"", ""I200769079"", ""I889458895""]",True
10.1109/tvcg.2023.3326522,A5100653962,2,"[""I4210113369""]",True
10.1109/tvcg.2023.3326522,A5083746484,3,"[""I200769079"", ""I889458895""]",True
10.1109/tvcg.2023.3326522,A5085140104,4,"[""I889458895"", ""I200769079""]",True
10.1109/tvcg.2023.3326522,A5101789836,5,"[""I4210113369""]",True
10.1109/tvcg.2023.3326522,A5034823616,6,"[""I200769079"", ""I889458895""]",True
10.1109/tvcg.2023.3326522,A5026376235,7,"[""I200769079"", ""I889458895""]",True
10.1109/tvcg.2023.3327403,A5092645216,1,"[""I195893171""]",True
10.1109/tvcg.2023.3327403,A5007652511,2,[],True
10.1109/tvcg.2023.3327403,A5012693590,3,"[""I195893171""]",True
10.1109/tvcg.2023.3327376,A5059548467,1,"[""I76130692""]",True
10.1109/tvcg.2023.3327376,A5100653962,2,"[""I4210113369""]",True
10.1109/tvcg.2023.3327376,A5101789267,3,"[""I76130692""]",True
10.1109/tvcg.2023.3327376,A5078565296,4,"[""I76130692""]",True
10.1109/tvcg.2023.3327376,A5100737034,5,"[""I4210113369""]",True
10.1109/tvcg.2023.3327376,A5100377652,6,"[""I4210113369""]",True
10.1109/tvcg.2023.3327376,A5101789836,7,"[""I4210113369""]",True
10.1109/tvcg.2023.3327376,A5100626225,8,"[""I180726961""]",True
10.1109/tvcg.2023.3327376,A5073986937,9,"[""I76130692""]",True
10.1109/tvcg.2023.3327369,A5061676394,1,"[""I1294671590""]",True
10.1109/tvcg.2023.3327369,A5046793596,2,"[""I66946132""]",True
10.1109/tvcg.2023.3327369,A5058228488,3,"[""I52357470""]",True
10.1109/tvcg.2023.3327369,A5044786674,4,"[""I165368041""]",True
10.1109/tvcg.2023.3327369,A5024860629,5,"[""I1294671590""]",True
10.1109/tvcg.2023.3327353,A5100629376,1,"[""I24943067""]",True
10.1109/tvcg.2023.3327353,A5066496299,2,"[""I24943067""]",True
10.1109/tvcg.2023.3327353,A5037234614,3,"[""I24943067""]",True
10.1109/tvcg.2023.3327353,A5101536207,4,"[""I158842170""]",True
10.1109/tvcg.2023.3327353,A5065040154,5,"[""I39555362""]",True
10.1109/tvcg.2023.3327353,A5109616081,6,"[""I24943067""]",True
10.1109/tvcg.2023.3327203,A5067399018,1,"[""I145847075""]",True
10.1109/tvcg.2023.3327203,A5032676799,2,"[""I145847075""]",True
10.1109/tvcg.2023.3327203,A5033005087,3,"[""I145847075""]",True
10.1109/tvcg.2023.3327203,A5073367627,4,"[""I94722563""]",True
10.1109/tvcg.2023.3327203,A5041191852,5,"[""I145847075""]",True
10.1109/tvcg.2023.3327203,A5000622960,6,"[""I1343190059""]",True
10.1109/tvcg.2023.3327203,A5019622072,7,"[""I145847075""]",True
10.1109/tvcg.2023.3327178,A5113745963,1,"[""I40120149""]",True
10.1109/tvcg.2023.3327178,A5092513707,2,"[""I1322731696""]",True
10.1109/tvcg.2023.3327178,A5022317482,3,"[""I1322731696""]",True
10.1109/tvcg.2023.3327178,A5100337178,4,"[""I40120149""]",True
10.1109/tvcg.2023.3327172,A5030148225,1,"[""I201448701""]",True
10.1109/tvcg.2023.3327172,A5090570042,2,"[""I201448701""]",True
10.1109/tvcg.2023.3327155,A5021951839,1,"[""I889458895"", ""I200769079""]",True
10.1109/tvcg.2023.3327155,A5035236941,2,"[""I200769079"", ""I889458895""]",True
10.1109/tvcg.2023.3327155,A5005109197,3,"[""I889458895"", ""I200769079""]",True
10.1109/tvcg.2023.3327155,A5091466289,4,"[""I200769079"", ""I889458895""]",True
10.1109/tvcg.2023.3327107,A5054816213,1,"[""I84218800""]",True
10.1109/tvcg.2023.3327107,A5100731725,2,"[""I84218800""]",True
10.1109/tvcg.2023.3327107,A5037161857,3,"[""I84218800""]",True
10.1109/tvcg.2023.3326941,A5086036018,1,"[""I277688954"", ""I1294671590""]",True
10.1109/tvcg.2023.3326941,A5072234144,2,"[""I2250653659""]",True
10.1109/tvcg.2023.3326941,A5024860629,3,"[""I1294671590"", ""I277688954""]",True
10.1109/tvcg.2023.3326941,A5083454802,4,"[""I277688954"", ""I1294671590""]",True
10.1109/tvcg.2023.3326940,A5009764187,1,"[""I189712700""]",True
10.1109/tvcg.2023.3326940,A5019917008,2,"[""I189712700""]",True
10.1109/tvcg.2023.3326940,A5073919282,3,"[""I189712700""]",True
10.1109/tvcg.2023.3326940,A5022329659,4,"[""I189712700""]",True
10.1109/tvcg.2023.3326936,A5092795852,1,"[""I121883995""]",True
10.1109/tvcg.2023.3326936,A5059159716,2,"[""I121883995""]",True
10.1109/tvcg.2023.3326936,A5042080340,3,"[""I121883995""]",True
10.1109/tvcg.2023.3326936,A5066639486,4,"[""I121883995""]",True
10.1109/tvcg.2023.3326932,A5027930191,1,"[""I4210165038"", ""I19820366"", ""I4210128818""]",True
10.1109/tvcg.2023.3326932,A5102881467,2,"[""I19820366"", ""I4210128818"", ""I4210165038""]",True
10.1109/tvcg.2023.3326932,A5079856131,3,[],True
10.1109/tvcg.2023.3326932,A5084660341,4,"[""I19820366"", ""I4210128818"", ""I4210165038""]",True
10.1109/tvcg.2023.3326932,A5067850699,5,"[""I79510175""]",True
10.1109/tvcg.2023.3326932,A5108704622,6,"[""I19820366"", ""I4210128818"", ""I4210165038""]",True
10.1109/tvcg.2023.3326932,A5089336832,7,"[""I32394136""]",True
10.1109/tvcg.2023.3326932,A5008076279,8,"[""I99065089""]",True
10.1109/tvcg.2023.3326932,A5013118329,9,"[""I19820366"", ""I4210128818"", ""I4210165038""]",True
10.1109/tvcg.2023.3326931,A5088951387,1,"[""I100066346""]",True
10.1109/tvcg.2023.3326931,A5070679434,2,"[""I100066346""]",True
10.1109/tvcg.2023.3326931,A5087317081,3,"[""I100066346""]",True
10.1109/tvcg.2023.3326931,A5052673631,4,"[""I169381384""]",True
10.1109/tvcg.2023.3326931,A5065203565,5,"[""I100066346""]",True
10.1109/tvcg.2023.3326931,A5038629539,6,"[""I100066346""]",True
10.1109/tvcg.2023.3326930,A5039231102,1,"[""I3045169105""]",True
10.1109/tvcg.2023.3326930,A5045131102,2,"[""I3045169105""]",True
10.1109/tvcg.2023.3326930,A5106729977,3,"[""I3045169105""]",True
10.1109/tvcg.2023.3326930,A5036565819,4,"[""I3045169105""]",True
10.1109/tvcg.2023.3326930,A5100665814,5,"[""I2250955327""]",True
10.1109/tvcg.2023.3326930,A5100456047,6,"[""I3045169105""]",True
10.1109/tvcg.2023.3326930,A5048552211,7,"[""I180726961""]",True
10.1109/tvcg.2023.3326930,A5101455930,8,"[""I3045169105""]",True
10.1109/tvcg.2023.3326927,A5101808237,1,"[""I131249849""]",True
10.1109/tvcg.2023.3326927,A5026074051,2,"[""I131249849""]",True
10.1109/tvcg.2023.3326927,A5100333760,3,"[""I131249849""]",True
10.1109/tvcg.2023.3326923,A5100660431,1,"[""I4210119896"", ""I183935753""]",True
10.1109/tvcg.2023.3326923,A5019052700,2,"[""I40120149""]",True
10.1109/tvcg.2023.3326923,A5031596501,3,"[""I183935753"", ""I4210119896""]",True
10.1109/tvcg.2023.3326923,A5028328053,4,"[""I4210119896"", ""I183935753""]",True
10.1109/tvcg.2023.3326914,A5047546814,1,"[""I201726411"", ""I45129253""]",True
10.1109/tvcg.2023.3326914,A5020935970,2,"[""I45129253""]",True
10.1109/tvcg.2023.3326914,A5052039493,3,[],True
10.1109/tvcg.2023.3326914,A5060335365,4,"[""I45129253""]",True
10.1109/tvcg.2023.3326912,A5000622960,1,"[""I1343190059""]",True
10.1109/tvcg.2023.3326912,A5092543676,2,"[""I1343190059""]",True
10.1109/tvcg.2023.3326912,A5019622072,3,"[""I145847075""]",True
10.1109/tvcg.2023.3326907,A5024772683,1,"[""I9736820""]",True
10.1109/tvcg.2023.3326907,A5058039138,2,"[""I40347166""]",True
10.1109/tvcg.2023.3326907,A5056211536,3,"[""I9736820""]",True
10.1109/tvcg.2023.3326603,A5056742721,1,"[""I44461941""]",True
10.1109/tvcg.2023.3326603,A5031154480,2,"[""I44461941""]",True
10.1109/tvcg.2023.3326603,A5055426585,3,"[""I44461941""]",True
10.1109/tvcg.2023.3326595,A5031175155,1,"[""I71920554""]",True
10.1109/tvcg.2023.3326595,A5034485452,2,"[""I71920554""]",True
10.1109/tvcg.2023.3326595,A5022294742,3,"[""I71920554""]",True
10.1109/tvcg.2023.3326592,A5080292005,1,"[""I1289243028""]",True
10.1109/tvcg.2023.3326592,A5092498989,2,"[""I2613432""]",True
10.1109/tvcg.2023.3326592,A5063887911,3,"[""I2613432""]",True
10.1109/tvcg.2023.3326592,A5041404935,4,"[""I1289243028""]",True
10.1109/tvcg.2023.3326592,A5036159118,5,"[""I223532165""]",True
10.1109/tvcg.2023.3326590,A5025409200,1,"[""I12912129""]",True
10.1109/tvcg.2023.3326590,A5043405353,2,"[""I12912129""]",True
10.1109/tvcg.2023.3326590,A5102923390,3,"[""I12912129""]",True
10.1109/tvcg.2023.3326587,A5074306833,1,"[""I170201317""]",True
10.1109/tvcg.2023.3326587,A5040410232,2,"[""I170201317""]",True
10.1109/tvcg.2023.3326587,A5042159546,3,"[""I170201317""]",True
10.1109/tvcg.2023.3326585,A5063667052,1,"[""I1290206253""]",True
10.1109/tvcg.2023.3326585,A5061223874,2,"[""I1290206253""]",True
10.1109/tvcg.2023.3326585,A5065644953,3,"[""I1290206253""]",True
10.1109/tvcg.2023.3326577,A5026193206,1,"[""I4210120115""]",True
10.1109/tvcg.2023.3326577,A5103168454,2,"[""I4210120115""]",True
10.1109/tvcg.2023.3326577,A5091314206,3,"[""I4210120115""]",True
10.1109/tvcg.2023.3326577,A5103084682,4,"[""I4210120115""]",True
10.1109/tvcg.2023.3326577,A5103725392,5,"[""I4210120115""]",True
10.1109/tvcg.2023.3326575,A5113038657,1,"[""I157773358""]",True
10.1109/tvcg.2023.3326575,A5036177770,2,"[""I157773358""]",True
10.1109/tvcg.2023.3326575,A5038750002,3,"[""I157773358"", ""I4210106122""]",True
10.1109/tvcg.2023.3326574,A5092109868,1,"[""I76198965""]",True
10.1109/tvcg.2023.3326574,A5053136336,2,"[""I4210138551""]",True
10.1109/tvcg.2023.3326574,A5020400873,3,"[""I51783024"", ""I4210146756""]",True
10.1109/tvcg.2023.3326574,A5005017697,4,"[""I76198965""]",True
10.1109/tvcg.2023.3326573,A5023863402,1,"[""I102335020""]",True
10.1109/tvcg.2023.3326573,A5026357260,2,"[""I102335020""]",True
10.1109/tvcg.2023.3326572,A5035492125,1,"[""I145847075""]",True
10.1109/tvcg.2023.3326572,A5029173221,2,"[""I145847075""]",True
10.1109/tvcg.2023.3326572,A5019622072,3,"[""I145847075""]",True
10.1109/tvcg.2023.3326571,A5052364420,1,"[""I18014758""]",True
10.1109/tvcg.2023.3326571,A5084098357,2,"[""I18014758""]",True
10.1109/tvcg.2023.3326526,A5024614585,1,"[""I4387152675""]",True
10.1109/tvcg.2023.3326526,A5005238300,2,"[""I4387152675""]",True
10.1109/tvcg.2023.3326526,A5031353585,3,"[""I4387152675""]",True
10.1109/tvcg.2023.3326526,A5101451813,4,"[""I148283060""]",True
10.1109/tvcg.2023.3326526,A5071898071,5,"[""I4387152675""]",True
10.1109/tvcg.2023.3326524,A5088672772,1,"[""I76130692""]",True
10.1109/tvcg.2023.3326524,A5078565296,2,"[""I76130692""]",True
10.1109/tvcg.2023.3326524,A5101619976,3,"[""I76130692""]",True
10.1109/tvcg.2023.3326524,A5108035744,4,"[""I76130692""]",True
10.1109/tvcg.2023.3326524,A5081346568,5,"[""I38877650""]",True
10.1109/tvcg.2023.3326524,A5073986937,6,"[""I76130692""]",True
10.1109/tvcg.2023.3326521,A5066119149,1,"[""I189158971""]",True
10.1109/tvcg.2023.3326521,A5034277315,2,"[""I204337017""]",True
10.1109/tvcg.2023.3326519,A5044186469,1,"[""I223822909""]",True
10.1109/tvcg.2023.3326519,A5056788018,2,"[""I223822909""]",True
10.1109/tvcg.2023.3326519,A5011941798,3,"[""I223822909""]",True
10.1109/tvcg.2023.3326515,A5079986783,1,"[""I139660479""]",True
10.1109/tvcg.2023.3326515,A5040707287,2,"[""I139660479""]",True
10.1109/tvcg.2023.3326515,A5101335345,3,"[""I139660479""]",True
10.1109/tvcg.2023.3326515,A5101529579,4,"[""I139660479""]",True
10.1109/tvcg.2023.3326515,A5080765061,5,"[""I139660479""]",True
10.1109/tvcg.2023.3326515,A5010441587,6,"[""I139660479""]",True
10.1109/tvcg.2023.3326514,A5014675864,1,"[""I157725225""]",True
10.1109/tvcg.2023.3326514,A5022262779,2,"[""I122140584""]",True
10.1109/tvcg.2023.3326514,A5050455034,3,"[""I161127581""]",True
10.1109/tvcg.2023.3326514,A5008722474,4,"[""I161127581""]",True
10.1109/tvcg.2023.3326514,A5083220583,5,"[""I39422238""]",True
10.1109/tvcg.2023.3326514,A5049830796,6,"[""I161127581""]",True
10.1109/tvcg.2022.3209479,A5084459196,1,[],True
10.1109/tvcg.2022.3209479,A5056219662,2,"[""I175594653""]",True
10.1109/tvcg.2022.3209479,A5049805631,3,[],True
10.1109/tvcg.2022.3209479,A5069794837,4,[],True
10.1109/tvcg.2022.3209479,A5010238198,5,[],True
10.1109/tvcg.2022.3209479,A5043151044,6,[],True
10.1109/tvcg.2022.3209479,A5062546146,7,"[""I205783295""]",True
10.1109/tvcg.2022.3209448,A5048194226,1,"[""I98677209""]",True
10.1109/tvcg.2022.3209448,A5088494328,2,"[""I7882870""]",True
10.1109/tvcg.2022.3209448,A5028328053,3,[],True
10.1109/tvcg.2022.3209448,A5065040154,4,"[""I39555362""]",True
10.1109/tvcg.2022.3209448,A5015367289,5,"[""I40120149""]",True
10.1109/tvcg.2022.3209448,A5110816930,6,"[""I40120149""]",True
10.1109/tvcg.2022.3209448,A5100337178,7,"[""I40120149""]",True
10.1109/tvcg.2022.3209435,A5100609686,1,"[""I2801851002""]",True
10.1109/tvcg.2022.3209435,A5049086940,2,"[""I97018004""]",True
10.1109/tvcg.2022.3209435,A5037842761,3,"[""I4210092658""]",True
10.1109/tvcg.2022.3209435,A5086052373,4,"[""I2801851002""]",True
10.1109/tvcg.2022.3209435,A5066335313,5,"[""I2801851002""]",True
10.1109/tvcg.2022.3209500,A5040739360,1,"[""I27837315""]",True
10.1109/tvcg.2022.3209500,A5064931337,2,"[""I27837315""]",True
10.1109/tvcg.2022.3209357,A5100377652,1,"[""I4210113369""]",True
10.1109/tvcg.2022.3209357,A5025165533,2,"[""I4210113369""]",True
10.1109/tvcg.2022.3209357,A5086448003,3,"[""I99065089""]",True
10.1109/tvcg.2022.3209357,A5004225142,4,"[""I74973139""]",True
10.1109/tvcg.2022.3209357,A5100365355,5,"[""I40120149""]",True
10.1109/tvcg.2022.3209357,A5036072216,6,"[""I4210113369""]",True
10.1109/tvcg.2022.3209357,A5101789836,7,"[""I4210113369""]",True
10.1109/tvcg.2022.3209357,A5100331488,8,"[""I4210113369""]",True
10.1109/tvcg.2022.3209353,A5006095483,1,"[""I136199984""]",True
10.1109/tvcg.2022.3209353,A5082790087,2,"[""I136199984""]",True
10.1109/tvcg.2022.3209353,A5050126617,3,"[""I859038795""]",True
10.1109/tvcg.2022.3209353,A5047556327,4,"[""I35440088""]",True
10.1109/tvcg.2022.3209353,A5010238198,5,"[""I136199984""]",True
10.1109/tvcg.2022.3209353,A5043151044,6,"[""I136199984""]",True
10.1109/tvcg.2022.3209484,A5075846286,1,"[""I59553526""]",True
10.1109/tvcg.2022.3209484,A5070670810,2,"[""I59553526""]",True
10.1109/tvcg.2022.3209465,A5100419419,1,"[""I84218800""]",True
10.1109/tvcg.2022.3209465,A5051400014,2,"[""I4210120115""]",True
10.1109/tvcg.2022.3209465,A5101697214,3,"[""I4210120115""]",True
10.1109/tvcg.2022.3209465,A5103084682,4,"[""I4210120115""]",True
10.1109/tvcg.2022.3209465,A5037161857,5,"[""I84218800""]",True
10.1109/tvcg.2022.3209465,A5103725392,6,"[""I4210120115""]",True
10.1109/tvcg.2022.3209451,A5046158024,1,"[""I223532165""]",True
10.1109/tvcg.2022.3209451,A5012088773,2,"[""I223532165""]",True
10.1109/tvcg.2022.3209451,A5008627422,3,"[""I102134673""]",True
10.1109/tvcg.2022.3209451,A5031057530,4,"[""I223532165""]",True
10.1109/tvcg.2022.3209447,A5100358936,1,"[""I76130692""]",True
10.1109/tvcg.2022.3209447,A5023558209,2,"[""I889458895"", ""I200769079""]",True
10.1109/tvcg.2022.3209447,A5049050148,3,"[""I76130692""]",True
10.1109/tvcg.2022.3209447,A5102025383,4,"[""I76130692""]",True
10.1109/tvcg.2022.3209447,A5018322383,5,"[""I76130692""]",True
10.1109/tvcg.2022.3209447,A5109722197,6,"[""I69356397""]",True
10.1109/tvcg.2022.3209447,A5073986937,7,"[""I45928872"", ""I76130692""]",True
10.1109/tvcg.2022.3209360,A5071356824,1,"[""I200769079"", ""I889458895""]",True
10.1109/tvcg.2022.3209360,A5049050148,2,"[""I76130692""]",True
10.1109/tvcg.2022.3209360,A5073000458,3,"[""I200769079"", ""I889458895""]",True
10.1109/tvcg.2022.3209360,A5108821109,4,"[""I76130692""]",True
10.1109/tvcg.2022.3209360,A5105978161,5,"[""I99065089""]",True
10.1109/tvcg.2022.3209360,A5091466289,6,"[""I889458895"", ""I200769079""]",True
10.1109/tvcg.2022.3209469,A5071560359,1,"[""I139660479""]",True
10.1109/tvcg.2022.3209469,A5025602204,2,"[""I139660479""]",True
10.1109/tvcg.2022.3209469,A5002135895,3,"[""I139660479""]",True
10.1109/tvcg.2022.3209469,A5071662958,4,"[""I139660479""]",True
10.1109/tvcg.2022.3209469,A5100423029,5,"[""I139660479""]",True
10.1109/tvcg.2022.3209469,A5100366946,6,[],True
10.1109/tvcg.2022.3209469,A5100778980,7,"[""I151727225""]",True
10.1109/tvcg.2022.3209469,A5115500957,8,[],True
10.1109/tvcg.2022.3209469,A5100736732,9,"[""I139660479""]",True
10.1109/tvcg.2022.3209442,A5058676844,1,"[""I188538660"", ""I2802236040""]",True
10.1109/tvcg.2022.3209442,A5028658741,2,"[""I2802236040"", ""I188538660""]",True
10.1109/tvcg.2022.3209442,A5064504410,3,"[""I188538660"", ""I2802236040""]",True
10.1109/tvcg.2022.3209442,A5049607294,4,"[""I2802236040"", ""I188538660""]",True
10.1109/tvcg.2022.3209442,A5013743493,5,"[""I2802236040"", ""I188538660""]",True
10.1109/tvcg.2022.3209442,A5071892737,6,"[""I188538660"", ""I2802236040""]",True
10.1109/tvcg.2022.3209442,A5056903170,7,"[""I1333535994"", ""I114027177""]",True
10.1109/tvcg.2022.3209384,A5057053812,1,"[""I55732556""]",True
10.1109/tvcg.2022.3209384,A5101510653,2,"[""I55732556""]",True
10.1109/tvcg.2022.3209384,A5064480048,3,[],True
10.1109/tvcg.2022.3209384,A5043391973,4,"[""I55732556""]",True
10.1109/tvcg.2022.3209383,A5084475345,1,"[""I95457486"", ""I134446601""]",True
10.1109/tvcg.2022.3209383,A5006232882,2,"[""I4210163771""]",True
10.1109/tvcg.2022.3209383,A5011021659,3,"[""I-1""]",True
10.1109/tvcg.2022.3209383,A5077783676,4,[],True
10.1109/tvcg.2022.3209383,A5019933387,5,"[""I134446601"", ""I95457486""]",True
10.1109/tvcg.2022.3209369,A5080248408,1,[],True
10.1109/tvcg.2022.3209369,A5088482365,2,[],True
10.1109/tvcg.2022.3209369,A5063377786,3,[],True
10.1109/tvcg.2022.3209369,A5077783676,4,[],True
10.1109/tvcg.2022.3209497,A5082790087,1,"[""I136199984""]",True
10.1109/tvcg.2022.3209497,A5026059050,2,"[""I76130692""]",True
10.1109/tvcg.2022.3209497,A5078565296,3,"[""I76130692""]",True
10.1109/tvcg.2022.3209497,A5010238198,4,"[""I136199984""]",True
10.1109/tvcg.2022.3209497,A5016819583,5,"[""I2800935791""]",True
10.1109/tvcg.2022.3209497,A5073986937,6,"[""I76130692""]",True
10.1109/tvcg.2022.3209497,A5043151044,7,"[""I136199984""]",True
10.1109/tvcg.2022.3209468,A5049050148,1,"[""I76130692""]",True
10.1109/tvcg.2022.3209468,A5071356824,2,"[""I200769079"", ""I889458895""]",True
10.1109/tvcg.2022.3209468,A5091466289,3,"[""I200769079"", ""I889458895""]",True
10.1109/tvcg.2022.3209468,A5073986937,4,"[""I45928872"", ""I76130692""]",True
10.1109/tvcg.2022.3209493,A5037162594,1,"[""I130701444""]",True
10.1109/tvcg.2022.3209493,A5041025969,2,"[""I16285277""]",True
10.1109/tvcg.2022.3209493,A5039790178,3,"[""I130701444""]",True
10.1109/tvcg.2022.3209493,A5103234063,4,"[""I130701444""]",True
10.1109/tvcg.2022.3209493,A5078526118,5,"[""I130701444""]",True
10.1109/tvcg.2022.3209493,A5011902450,6,"[""I130701444""]",True
10.1109/tvcg.2022.3209423,A5079986783,1,"[""I139660479""]",True
10.1109/tvcg.2022.3209423,A5040707287,2,"[""I139660479""]",True
10.1109/tvcg.2022.3209423,A5063485695,3,"[""I139660479""]",True
10.1109/tvcg.2022.3209423,A5003662421,4,"[""I139660479""]",True
10.1109/tvcg.2022.3209423,A5013863229,5,"[""I79510175""]",True
10.1109/tvcg.2022.3209423,A5100350400,6,"[""I139660479""]",True
10.1109/tvcg.2022.3209423,A5071560359,7,"[""I139660479""]",True
10.1109/tvcg.2022.3209423,A5100344494,8,"[""I76130692""]",True
10.1109/tvcg.2022.3209405,A5067858887,1,"[""I24603500""]",True
10.1109/tvcg.2022.3209405,A5084475345,2,"[""I134446601"", ""I95457486""]",True
10.1109/tvcg.2022.3209405,A5084668442,3,"[""I135310074""]",True
10.1109/tvcg.2022.3209405,A5043405353,4,"[""I111979921""]",True
10.1109/tvcg.2022.3209386,A5025307131,1,"[""I889458895"", ""I200769079""]",True
10.1109/tvcg.2022.3209386,A5082790087,2,"[""I2801851002""]",True
10.1109/tvcg.2022.3209386,A5035687843,3,"[""I74973139""]",True
10.1109/tvcg.2022.3209386,A5021951839,4,"[""I200769079"", ""I889458895""]",True
10.1109/tvcg.2022.3209386,A5103213401,5,"[""I200769079"", ""I889458895""]",True
10.1109/tvcg.2022.3209386,A5048194226,6,"[""I98677209""]",True
10.1109/tvcg.2022.3209386,A5091466289,7,"[""I200769079"", ""I889458895""]",True
10.1109/tvcg.2022.3209475,A5119246991,1,"[""I76130692""]",True
10.1109/tvcg.2022.3209475,A5100660205,2,"[""I889458895"", ""I200769079""]",True
10.1109/tvcg.2022.3209475,A5013424156,3,"[""I76130692""]",True
10.1109/tvcg.2022.3209475,A5119247096,4,"[""I76130692""]",True
10.1109/tvcg.2022.3209475,A5081346568,5,"[""I38877650""]",True
10.1109/tvcg.2022.3209475,A5100344494,6,"[""I76130692""]",True
10.1109/tvcg.2022.3209457,A5029417016,1,"[""I156087764""]",True
10.1109/tvcg.2022.3209457,A5025409200,2,"[""I57206974""]",True
10.1109/tvcg.2022.3209457,A5006364919,3,"[""I156087764""]",True
10.1109/tvcg.2022.3209457,A5102923390,4,"[""I12912129""]",True
10.1109/tvcg.2022.3209425,A5011301944,1,"[""I131249849""]",True
10.1109/tvcg.2022.3209425,A5080200184,2,"[""I131249849""]",True
10.1109/tvcg.2022.3209425,A5025188737,3,"[""I131249849""]",True
10.1109/tvcg.2022.3209425,A5078997509,4,"[""I131249849""]",True
10.1109/tvcg.2022.3209425,A5047976541,5,"[""I131249849""]",True
10.1109/tvcg.2022.3209425,A5105938577,6,"[""I131249849""]",True
10.1109/tvcg.2022.3209425,A5042350842,7,"[""I131249849""]",True
10.1109/tvcg.2022.3209373,A5100645160,1,"[""I76130692""]",True
10.1109/tvcg.2022.3209373,A5049050148,2,"[""I76130692""]",True
10.1109/tvcg.2022.3209373,A5078565296,3,"[""I45928872"", ""I76130692""]",True
10.1109/tvcg.2022.3209373,A5029345382,4,"[""I76130692""]",True
10.1109/tvcg.2022.3209373,A5101881825,5,"[""I76130692""]",True
10.1109/tvcg.2022.3209373,A5050252059,6,"[""I76130692""]",True
10.1109/tvcg.2022.3209373,A5108035744,7,"[""I76130692""]",True
10.1109/tvcg.2022.3209373,A5073986937,8,"[""I76130692"", ""I45928872""]",True
10.1109/tvcg.2022.3209486,A5101908670,1,"[""I116953780""]",True
10.1109/tvcg.2022.3209486,A5100383827,2,"[""I116953780""]",True
10.1109/tvcg.2022.3209486,A5006811000,3,"[""I116953780""]",True
10.1109/tvcg.2022.3209486,A5069933365,4,"[""I116953780""]",True
10.1109/tvcg.2022.3209486,A5000474356,5,"[""I116953780""]",True
10.1109/tvcg.2022.3209466,A5062248644,1,"[""I66946132""]",True
10.1109/tvcg.2022.3209466,A5091314206,2,"[""I4210120115""]",True
10.1109/tvcg.2022.3209466,A5041828460,3,"[""I889804353""]",True
10.1109/tvcg.2022.3209466,A5103084682,4,"[""I4210120115""]",True
10.1109/tvcg.2022.3209466,A5103725392,5,"[""I4210120115""]",True
10.1109/tvcg.2022.3209444,A5011823353,1,"[""I185261750""]",True
10.1109/tvcg.2022.3209444,A5089966552,2,"[""I1338135719""]",True
10.1109/tvcg.2022.3209444,A5012113499,3,"[""I185261750""]",True
10.1109/tvcg.2022.3209444,A5029815396,4,"[""I185261750""]",True
10.1109/tvcg.2022.3209427,A5014019199,1,"[""I100066346""]",True
10.1109/tvcg.2022.3209427,A5005159159,2,"[""I121797337""]",True
10.1109/tvcg.2022.3209427,A5047790910,3,"[""I100066346""]",True
10.1109/tvcg.2022.3209427,A5058196703,4,"[""I100066346""]",True
10.1109/tvcg.2022.3209427,A5037110552,5,"[""I100066346""]",True
10.1109/tvcg.2022.3209427,A5073619125,6,"[""I100066346""]",True
10.1109/tvcg.2022.3209393,A5002860804,1,"[""I189712700""]",True
10.1109/tvcg.2022.3209393,A5029173221,2,"[""I145847075""]",True
10.1109/tvcg.2022.3209393,A5020415668,3,[],True
10.1109/tvcg.2022.3209352,A5100404535,1,"[""I76130692""]",True
10.1109/tvcg.2022.3209352,A5101602915,2,"[""I76130692""]",True
10.1109/tvcg.2022.3209352,A5103119505,3,"[""I76130692""]",True
10.1109/tvcg.2022.3209352,A5047899161,4,"[""I76130692""]",True
10.1109/tvcg.2022.3209352,A5108035744,5,"[""I76130692""]",True
10.1109/tvcg.2022.3209352,A5078565296,6,"[""I76130692"", ""I45928872""]",True
10.1109/tvcg.2022.3209352,A5073986937,7,"[""I45928872"", ""I76130692""]",True
10.1109/tvcg.2022.3209347,A5006575291,1,"[""I205237279""]",True
10.1109/tvcg.2022.3209347,A5100344494,2,"[""I76130692""]",True
10.1109/tvcg.2022.3209347,A5079986783,3,"[""I139660479""]",True
10.1109/tvcg.2022.3209347,A5119246991,4,"[""I76130692""]",True
10.1109/tvcg.2022.3209347,A5008588842,5,"[""I76130692""]",True
10.1109/tvcg.2022.3209347,A5016219620,6,"[""I4092182""]",True
10.1109/tvcg.2022.3209489,A5036139759,1,"[""I57206974""]",True
10.1109/tvcg.2022.3209489,A5031297466,2,"[""I57206974""]",True
10.1109/tvcg.2022.3209489,A5011424640,3,[],True
10.1109/tvcg.2022.3209489,A5071156124,4,"[""I1305444813""]",True
10.1109/tvcg.2022.3209489,A5003584200,5,"[""I57206974""]",True
10.1109/tvcg.2022.3209483,A5100441705,1,"[""I76130692""]",True
10.1109/tvcg.2022.3209483,A5085890755,2,"[""I200769079"", ""I889458895""]",True
10.1109/tvcg.2022.3209483,A5038782529,3,"[""I205237279""]",True
10.1109/tvcg.2022.3209483,A5016877550,4,"[""I76130692""]",True
10.1109/tvcg.2022.3209483,A5008588842,5,"[""I76130692""]",True
10.1109/tvcg.2022.3209483,A5100645223,6,"[""I76130692""]",True
10.1109/tvcg.2022.3209483,A5007130586,7,"[""I76130692""]",True
10.1109/tvcg.2022.3209483,A5078394037,8,"[""I76130692""]",True
10.1109/tvcg.2022.3209483,A5091466289,9,"[""I889458895"", ""I200769079""]",True
10.1109/tvcg.2022.3209483,A5109616081,10,"[""I24943067""]",True
10.1109/tvcg.2022.3209483,A5100344494,11,"[""I76130692""]",True
10.1109/tvcg.2022.3209440,A5101776978,1,"[""I30809798""]",True
10.1109/tvcg.2022.3209440,A5101509953,2,"[""I30809798""]",True
10.1109/tvcg.2022.3209440,A5022661649,3,"[""I30809798""]",True
10.1109/tvcg.2022.3209440,A5091162922,4,"[""I30809798""]",True
10.1109/tvcg.2022.3209440,A5100425850,5,[],True
10.1109/tvcg.2022.3209440,A5081718999,6,"[""I157773358""]",True
10.1109/tvcg.2022.3209440,A5101567215,7,"[""I30809798""]",True
10.1109/tvcg.2022.3209440,A5026376235,8,"[""I889458895"", ""I200769079""]",True
10.1109/tvcg.2022.3209440,A5100447162,9,"[""I30809798""]",True
10.1109/tvcg.2022.3209391,A5038844127,1,"[""I76130692""]",True
10.1109/tvcg.2022.3209391,A5069363449,2,"[""I205237279""]",True
10.1109/tvcg.2022.3209391,A5085890755,3,"[""I200769079"", ""I889458895""]",True
10.1109/tvcg.2022.3209391,A5048805931,4,"[""I76130692""]",True
10.1109/tvcg.2022.3209391,A5100735999,5,"[""I76130692""]",True
10.1109/tvcg.2022.3209391,A5101484305,6,"[""I76130692""]",True
10.1109/tvcg.2022.3209391,A5026380797,7,"[""I4210123185""]",True
10.1109/tvcg.2022.3209391,A5001954632,8,"[""I76130692""]",True
10.1109/tvcg.2022.3209391,A5091466289,9,"[""I889458895"", ""I200769079""]",True
10.1109/tvcg.2022.3209391,A5007571956,10,"[""I76130692""]",True
10.1109/tvcg.2022.3209391,A5100344494,11,"[""I76130692""]",True
10.1109/tvcg.2022.3209498,A5017066674,1,"[""I84218800""]",True
10.1109/tvcg.2022.3209498,A5100731725,2,"[""I84218800""]",True
10.1109/tvcg.2022.3209498,A5037161857,3,"[""I84218800""]",True
10.1109/tvcg.2022.3209490,A5046075769,1,"[""I66946132""]",True
10.1109/tvcg.2022.3209490,A5100395670,2,"[""I66946132""]",True
10.1109/tvcg.2022.3209490,A5009763002,3,"[""I201448701""]",True
10.1109/tvcg.2022.3209490,A5100745766,4,"[""I66946132""]",True
10.1109/tvcg.2022.3209461,A5100443473,1,"[""I154570441"", ""I24943067""]",True
10.1109/tvcg.2022.3209461,A5112234773,2,"[""I24943067""]",True
10.1109/tvcg.2022.3209461,A5101908670,3,"[""I116953780""]",True
10.1109/tvcg.2022.3209461,A5100371357,4,"[""I116953780""]",True
10.1109/tvcg.2022.3209461,A5000474356,5,"[""I116953780""]",True
10.1109/tvcg.2022.3209461,A5109616081,6,"[""I24943067""]",True
10.1109/tvcg.2022.3209456,A5080033774,1,"[""I24603500"", ""I177605424""]",True
10.1109/tvcg.2022.3209456,A5006232882,2,"[""I4210163771""]",True
10.1109/tvcg.2022.3209456,A5056438986,3,"[""I4210163771""]",True
10.1109/tvcg.2022.3209456,A5036469216,4,"[""I1306409833""]",True
10.1109/tvcg.2022.3209456,A5067858887,5,"[""I24603500"", ""I177605424""]",True
10.1109/tvcg.2022.3209421,A5073188354,1,"[""I12912129""]",True
10.1109/tvcg.2022.3209421,A5056438986,2,[],True
10.1109/tvcg.2022.3209421,A5006232882,3,[],True
10.1109/tvcg.2022.3209385,A5100400800,1,"[""I76130692""]",True
10.1109/tvcg.2022.3209385,A5088199295,2,"[""I4210113369""]",True
10.1109/tvcg.2022.3209385,A5088457703,3,"[""I76130692""]",True
10.1109/tvcg.2022.3209385,A5023558209,4,"[""I889458895"", ""I200769079""]",True
10.1109/tvcg.2022.3209385,A5032108833,5,"[""I76130692""]",True
10.1109/tvcg.2022.3209385,A5015625058,6,"[""I55712492""]",True
10.1109/tvcg.2022.3209385,A5073986937,7,"[""I76130692"", ""I45928872""]",True
10.1109/tvcg.2022.3209378,A5018685036,1,"[""I136199984""]",True
10.1109/tvcg.2022.3209378,A5052337056,2,"[""I136199984""]",True
10.1109/tvcg.2022.3209378,A5080075412,3,"[""I136199984""]",True
10.1109/tvcg.2022.3209378,A5001281792,4,"[""I136199984""]",True
10.1109/tvcg.2022.3209378,A5071994103,5,"[""I136199984""]",True
10.1109/tvcg.2022.3209378,A5054613619,6,"[""I136199984""]",True
10.1109/tvcg.2022.3209378,A5020800648,7,"[""I136199984""]",True
10.1109/tvcg.2022.3209378,A5008170279,8,"[""I136199984""]",True
10.1109/tvcg.2022.3209378,A5016945493,9,"[""I136199984""]",True
10.1109/tvcg.2022.3209378,A5071936673,10,"[""I136199984""]",True
10.1109/tvcg.2022.3209378,A5010234110,11,"[""I136199984""]",True
10.1109/tvcg.2022.3209378,A5063426870,12,"[""I136199984""]",True
10.1109/tvcg.2022.3209378,A5043151044,13,"[""I136199984""]",True
10.1109/tvcg.2022.3209467,A5056201973,1,"[""I24603500""]",True
10.1109/tvcg.2022.3209467,A5111056004,2,"[""I97018004""]",True
10.1109/tvcg.2022.3209467,A5052149154,3,"[""I4210111179"", ""I27837315""]",True
10.1109/tvcg.2022.3209467,A5067858887,4,"[""I24603500""]",True
10.1109/tvcg.2022.3209453,A5114214215,1,"[""I157773358""]",True
10.1109/tvcg.2022.3209453,A5008757533,2,"[""I157773358""]",True
10.1109/tvcg.2022.3209453,A5102773366,3,"[""I157773358""]",True
10.1109/tvcg.2022.3209453,A5101829011,4,"[""I157773358"", ""I4210106122""]",True
10.1109/tvcg.2022.3209443,A5048755737,1,"[""I2802999273""]",True
10.1109/tvcg.2022.3209443,A5018563685,2,"[""I156087764""]",True
10.1109/tvcg.2022.3209443,A5064977849,3,[],True
10.1109/tvcg.2022.3209443,A5016674253,4,"[""I12912129""]",True
10.1109/tvcg.2022.3209443,A5050640461,5,"[""I2802999273""]",True
10.1109/tvcg.2022.3209407,A5073188354,1,"[""I12912129""]",True
10.1109/tvcg.2022.3209407,A5060888358,2,"[""I136199984""]",True
10.1109/tvcg.2022.3209407,A5100609686,3,"[""I136199984""]",True
10.1109/tvcg.2022.3209407,A5065943691,4,"[""I12912129""]",True
10.1109/tvcg.2022.3209407,A5066335313,5,"[""I136199984""]",True
10.1109/tvcg.2022.3209390,A5086036018,1,"[""I277688954"", ""I1294671590""]",True
10.1109/tvcg.2022.3209390,A5024860629,2,"[""I1294671590"", ""I277688954""]",True
10.1109/tvcg.2022.3209390,A5043672607,3,"[""I78650965""]",True
10.1109/tvcg.2022.3209390,A5083454802,4,"[""I277688954"", ""I1294671590""]",True
10.1109/tvcg.2022.3209375,A5072551350,1,"[""I138006243""]",True
10.1109/tvcg.2022.3209375,A5085246385,2,[],True
10.1109/tvcg.2022.3209375,A5034116814,3,"[""I121820613""]",True
10.1109/tvcg.2022.3209375,A5062963076,4,"[""I138006243""]",True
10.1109/tvcg.2022.3209375,A5035997603,5,[],True
10.1109/tvcg.2022.3209375,A5048367091,6,"[""I121820613""]",True
10.1109/tvcg.2022.3209375,A5100603617,7,[],True
10.1109/tvcg.2022.3209375,A5104385228,8,"[""I138006243""]",True
10.1109/tvcg.2022.3209375,A5051320432,9,"[""I121820613""]",True
10.1109/tvcg.2022.3209375,A5009771339,10,"[""I223532165""]",True
10.1109/tvcg.2022.3209354,A5102013272,1,"[""I125839683""]",True
10.1109/tvcg.2022.3209354,A5027901813,2,"[""I125839683""]",True
10.1109/tvcg.2022.3209354,A5114500326,3,"[""I125839683""]",True
10.1109/tvcg.2022.3209354,A5102923184,4,"[""I125839683""]",True
10.1109/tvcg.2022.3209354,A5010444353,5,"[""I180726961""]",True
10.1109/tvcg.2022.3209354,A5054991337,6,"[""I125839683""]",True
10.1109/tvcg.2022.3209348,A5049166156,1,"[""I111979921""]",True
10.1109/tvcg.2022.3209348,A5056999690,2,"[""I1306409833""]",True
10.1109/tvcg.2022.3209348,A5036469216,3,"[""I1306409833""]",True
10.1109/tvcg.2022.3209348,A5009957887,4,"[""I1306409833""]",True
10.1109/tvcg.2022.3209348,A5073516753,5,"[""I1306409833""]",True
10.1109/tvcg.2022.3209348,A5071007779,6,"[""I1306409833""]",True
10.1109/tvcg.2022.3209348,A5089605137,7,"[""I111979921""]",True
10.1109/tvcg.2022.3209470,A5100763687,1,"[""I76130692""]",True
10.1109/tvcg.2022.3209470,A5024524412,2,"[""I4210123185"", ""I55712492""]",True
10.1109/tvcg.2022.3209470,A5058364844,3,"[""I4210123185""]",True
10.1109/tvcg.2022.3209470,A5057416382,4,"[""I4210123185""]",True
10.1109/tvcg.2022.3209470,A5081346568,5,"[""I38877650""]",True
10.1109/tvcg.2022.3209470,A5073986937,6,"[""I76130692""]",True
10.1109/tvcg.2022.3209462,A5026203914,1,"[""I48566637"", ""I118501908""]",True
10.1109/tvcg.2022.3209462,A5101907560,2,"[""I48566637""]",True
10.1109/tvcg.2022.3209462,A5061990452,3,"[""I60922564""]",True
10.1109/tvcg.2022.3209462,A5073389678,4,"[""I48566637""]",True
10.1109/tvcg.2022.3209462,A5019264369,5,"[""I157485424""]",True
10.1109/tvcg.2022.3209462,A5047912015,6,"[""I157485424""]",True
10.1109/tvcg.2022.3209462,A5020791375,7,"[""I48566637""]",True
10.1109/tvcg.2022.3209458,A5014635198,1,"[""I189712700""]",True
10.1109/tvcg.2022.3209458,A5065218054,2,"[""I189712700""]",True
10.1109/tvcg.2022.3209458,A5072633418,3,"[""I13955877""]",True
10.1109/tvcg.2022.3209458,A5061951606,4,"[""I2799323385""]",True
10.1109/tvcg.2022.3209458,A5020415668,5,"[""I35440088""]",True
10.1109/tvcg.2022.3209455,A5046653731,1,"[""I79891267""]",True
10.1109/tvcg.2022.3209455,A5100424394,2,"[""I79891267""]",True
10.1109/tvcg.2022.3209455,A5019027088,3,"[""I162714631""]",True
10.1109/tvcg.2022.3209455,A5013723403,4,"[""I164389053""]",True
10.1109/tvcg.2022.3209455,A5102787759,5,"[""I149910238""]",True
10.1109/tvcg.2022.3209452,A5026243783,1,"[""I76130692""]",True
10.1109/tvcg.2022.3209452,A5101769619,2,"[""I76130692""]",True
10.1109/tvcg.2022.3209452,A5020327777,3,"[""I76130692""]",True
10.1109/tvcg.2022.3209452,A5073986937,4,"[""I76130692""]",True
10.1109/tvcg.2022.3209445,A5015338144,1,"[""I114027177""]",True
10.1109/tvcg.2022.3209445,A5100341745,2,"[""I114027177""]",True
10.1109/tvcg.2022.3209445,A5022579345,3,"[""I114027177""]",True
10.1109/tvcg.2022.3209445,A5100371984,4,"[""I114027177""]",True
10.1109/tvcg.2022.3209445,A5077712580,5,"[""I114027177""]",True
10.1109/tvcg.2022.3209428,A5069933365,1,"[""I116953780""]",True
10.1109/tvcg.2022.3209428,A5053222363,2,"[""I116953780""]",True
10.1109/tvcg.2022.3209428,A5100653962,3,"[""I4210113369""]",True
10.1109/tvcg.2022.3209428,A5101416806,4,"[""I116953780""]",True
10.1109/tvcg.2022.3209428,A5101908670,5,"[""I116953780""]",True
10.1109/tvcg.2022.3209428,A5000474356,6,"[""I116953780""]",True
10.1109/tvcg.2022.3209426,A5101922351,1,"[""I201448701"", ""I58610484""]",True
10.1109/tvcg.2022.3209426,A5040197934,2,"[""I4210126360""]",True
10.1109/tvcg.2022.3209426,A5109437922,3,"[""I74775410""]",True
10.1109/tvcg.2022.3209426,A5006087928,4,"[""I74973139""]",True
10.1109/tvcg.2022.3209426,A5060725233,5,"[""I4210126360""]",True
10.1109/tvcg.2022.3209409,A5101908670,1,"[""I116953780""]",True
10.1109/tvcg.2022.3209409,A5101751664,2,"[""I116953780""]",True
10.1109/tvcg.2022.3209409,A5065034146,3,"[""I116953780""]",True
10.1109/tvcg.2022.3209409,A5000474356,4,"[""I116953780""]",True
10.1109/tvcg.2022.3209398,A5060888358,1,"[""I136199984""]",True
10.1109/tvcg.2022.3209398,A5066335313,2,"[""I136199984""]",True
10.1109/tvcg.2022.3209382,A5062642598,1,"[""I162868743""]",True
10.1109/tvcg.2022.3209382,A5007902165,2,"[""I162868743""]",True
10.1109/tvcg.2022.3209377,A5079448223,1,"[""I4210102939""]",True
10.1109/tvcg.2022.3209377,A5067858887,2,"[""I24603500""]",True
10.1109/tvcg.2022.3209487,A5006397786,1,"[""I76571253"", ""I98677209""]",True
10.1109/tvcg.2022.3209487,A5074749667,2,"[""I5593406""]",True
10.1109/tvcg.2022.3209487,A5021538869,3,"[""I98677209""]",True
10.1109/tvcg.2022.3209487,A5030084361,4,"[""I66946132""]",True
10.1109/tvcg.2022.3209487,A5060725233,5,"[""I1294671590""]",True
10.1109/tvcg.2022.3209487,A5082796790,6,"[""I98677209""]",True
10.1109/tvcg.2022.3209487,A5048194226,7,"[""I98677209""]",True
10.1109/tvcg.2022.3209474,A5113879802,1,"[""I168635309""]",True
10.1109/tvcg.2022.3209474,A5065868869,2,"[""I25112270""]",True
10.1109/tvcg.2022.3209474,A5063552978,3,"[""I168635309""]",True
10.1109/tvcg.2022.3209474,A5065165477,4,"[""I39422238""]",True
10.1109/tvcg.2022.3209474,A5049830796,5,"[""I161127581""]",True
10.1109/tvcg.2022.3209474,A5007804127,6,"[""I57206974""]",True
10.1109/tvcg.2022.3209474,A5059407422,7,"[""I168635309""]",True
10.1109/tvcg.2022.3209474,A5044649257,8,"[""I168635309""]",True
10.1109/tvcg.2022.3209474,A5083220583,9,"[""I39422238""]",True
10.1109/tvcg.2022.3209485,A5084296353,1,"[""I135140700""]",True
10.1109/tvcg.2022.3209485,A5034814164,2,"[""I129774422""]",True
10.1109/tvcg.2022.3209485,A5061113615,3,"[""I135140700""]",True
10.1109/tvcg.2022.3209485,A5059755187,4,"[""I135140700""]",True
10.1109/tvcg.2022.3209485,A5071390048,5,"[""I129774422""]",True
10.1109/tvcg.2022.3209485,A5049298894,6,"[""I135140700""]",True
10.1109/tvcg.2022.3209449,A5021536221,1,"[""I100066346""]",True
10.1109/tvcg.2022.3209449,A5041337919,2,"[""I95674353""]",True
10.1109/tvcg.2022.3209449,A5021098427,3,"[""I100066346""]",True
10.1109/tvcg.2022.3209449,A5009919848,4,"[""I149768937""]",True
10.1109/tvcg.2022.3209449,A5037110552,5,"[""I100066346""]",True
10.1109/tvcg.2022.3209436,A5052039493,1,"[""I99464096""]",True
10.1109/tvcg.2022.3209436,A5079152739,2,"[""I99464096""]",True
10.1109/tvcg.2022.3209436,A5066384533,3,"[""I99464096""]",True
10.1109/tvcg.2022.3209436,A5085957643,4,"[""I99464096""]",True
10.1109/tvcg.2022.3209436,A5076331387,5,"[""I99464096""]",True
10.1109/tvcg.2022.3209436,A5087960974,6,"[""I99464096""]",True
10.1109/tvcg.2022.3209433,A5087974395,1,"[""I56590836""]",True
10.1109/tvcg.2022.3209433,A5018089019,2,"[""I56590836""]",True
10.1109/tvcg.2022.3209433,A5008149778,3,"[""I56590836""]",True
10.1109/tvcg.2022.3209433,A5023623172,4,"[""I56590836""]",True
10.1109/tvcg.2022.3209433,A5087889244,5,"[""I102134673""]",True
10.1109/tvcg.2022.3209422,A5004271027,1,"[""I135310074""]",True
10.1109/tvcg.2022.3209422,A5066479023,2,"[""I135310074""]",True
10.1109/tvcg.2022.3209422,A5077410212,3,"[""I59553526""]",True
10.1109/tvcg.2022.3209422,A5084668442,4,"[""I135310074""]",True
10.1109/tvcg.2022.3209411,A5018764541,1,"[""I21449261""]",True
10.1109/tvcg.2022.3209411,A5061106600,2,"[""I145847075""]",True
10.1109/tvcg.2022.3209411,A5067830242,3,"[""I21449261""]",True
10.1109/tvcg.2022.3209411,A5025152279,4,"[""I4210136987"", ""I4210102302"", ""I21449261""]",True
10.1109/tvcg.2022.3209411,A5003693498,5,"[""I4210136987"", ""I4210102302"", ""I21449261""]",True
10.1109/tvcg.2022.3209411,A5022022242,6,"[""I21449261""]",True
10.1109/tvcg.2022.3209411,A5039343836,7,"[""I4432739"", ""I21449261""]",True
10.1109/tvcg.2022.3209404,A5000944164,1,"[""I99065089""]",True
10.1109/tvcg.2022.3209404,A5107904995,2,"[""I1290206253"", ""I4210113369""]",True
10.1109/tvcg.2022.3209404,A5032571773,3,"[""I99065089""]",True
10.1109/tvcg.2022.3209404,A5105978161,4,"[""I99065089""]",True
10.1109/tvcg.2022.3209395,A5088762006,1,"[""I138006243""]",True
10.1109/tvcg.2022.3209395,A5031030297,2,"[""I138006243""]",True
10.1109/tvcg.2022.3209395,A5070956346,3,"[""I138006243""]",True
10.1109/tvcg.2022.3209365,A5069573218,1,"[""I18014758""]",True
10.1109/tvcg.2022.3209365,A5001649622,2,"[""I212119943""]",True
10.1109/tvcg.2022.3209365,A5012561411,3,"[""I18014758""]",True
10.1109/tvcg.2022.3209361,A5048635200,1,"[""I59553526""]",True
10.1109/tvcg.2022.3209361,A5106723036,2,"[""I59553526""]",True
10.1109/tvcg.2022.3209361,A5070670810,3,"[""I59553526""]",True
10.1109/tvcg.2022.3209359,A5006337365,1,"[""I12912129""]",True
10.1109/tvcg.2022.3209359,A5065943691,2,"[""I12912129""]",True
10.1109/tvcg.2022.3209430,A5084430026,1,"[""I76130692""]",True
10.1109/tvcg.2022.3209430,A5088199295,2,"[""I4210113369""]",True
10.1109/tvcg.2022.3209430,A5082534076,3,"[""I76130692""]",True
10.1109/tvcg.2022.3209430,A5082213932,4,"[""I76130692""]",True
10.1109/tvcg.2022.3209430,A5073352990,5,"[""I4210103986""]",True
10.1109/tvcg.2022.3209430,A5100632826,6,"[""I99065089""]",True
10.1109/tvcg.2022.3209430,A5018729965,7,"[""I4210103986""]",True
10.1109/tvcg.2022.3209430,A5052921346,8,"[""I99065089""]",True
10.1109/tvcg.2022.3209430,A5073986937,9,"[""I76130692""]",True
10.1109/tvcg.2022.3209424,A5080292005,1,"[""I1289243028""]",True
10.1109/tvcg.2022.3209424,A5048780291,2,"[""I223532165""]",True
10.1109/tvcg.2022.3209424,A5089272942,3,[],True
10.1109/tvcg.2022.3209424,A5041404935,4,"[""I1289243028""]",True
10.1109/tvcg.2022.3209418,A5075651562,1,"[""I223532165"", ""I4210127875""]",True
10.1109/tvcg.2022.3209418,A5052409698,2,"[""I168864056""]",True
10.1109/tvcg.2022.3209418,A5017999955,3,"[""I168864056""]",True
10.1109/tvcg.2022.3209418,A5039910512,4,"[""I4210127875""]",True
10.1109/tvcg.2022.3209418,A5009460413,5,"[""I223532165""]",True
10.1109/tvcg.2022.3209412,A5060030701,1,"[""I12912129""]",True
10.1109/tvcg.2022.3209412,A5005364495,2,"[""I12912129""]",True
10.1109/tvcg.2022.3209412,A5061093749,3,"[""I12912129""]",True
10.1109/tvcg.2022.3209412,A5006337365,4,"[""I12912129""]",True
10.1109/tvcg.2022.3209412,A5016139323,5,"[""I12912129""]",True
10.1109/tvcg.2022.3209412,A5063230893,6,"[""I12912129""]",True
10.1109/tvcg.2022.3209408,A5073000458,1,"[""I889458895"", ""I200769079""]",True
10.1109/tvcg.2022.3209408,A5086065061,2,"[""I2801851002""]",True
10.1109/tvcg.2022.3209408,A5091466289,3,"[""I200769079"", ""I889458895""]",True
10.1109/tvcg.2022.3209408,A5066335313,4,"[""I2801851002""]",True
10.1109/tvcg.2022.3209408,A5100609686,5,"[""I2801851002""]",True
10.1109/tvcg.2022.3209388,A5038564903,1,"[""I76130692""]",True
10.1109/tvcg.2022.3209388,A5082790087,2,"[""I136199984""]",True
10.1109/tvcg.2022.3209388,A5071444700,3,"[""I76130692""]",True
10.1109/tvcg.2022.3209388,A5100786691,4,"[""I36819085""]",True
10.1109/tvcg.2022.3209388,A5019308509,5,[],True
10.1109/tvcg.2022.3209388,A5106406705,6,[],True
10.1109/tvcg.2022.3209388,A5050842662,7,"[""I36819085""]",True
10.1109/tvcg.2022.3209388,A5073986937,8,"[""I76130692""]",True
10.1109/tvcg.2022.3209371,A5084870136,1,"[""I154099455""]",True
10.1109/tvcg.2022.3209371,A5100376370,2,"[""I154099455""]",True
10.1109/tvcg.2022.3209371,A5056898219,3,"[""I154099455""]",True
10.1109/tvcg.2022.3209371,A5100424394,4,"[""I154099455"", ""I79891267""]",True
10.1109/tvcg.2022.3209371,A5081346568,5,"[""I38877650""]",True
10.1109/tvcg.2022.3209371,A5036489223,6,"[""I189712700""]",True
10.1109/tvcg.2022.3209371,A5068526974,7,"[""I79891267"", ""I154099455""]",True
10.1109/tvcg.2022.3209351,A5100682509,1,"[""I30809798""]",True
10.1109/tvcg.2022.3209351,A5100627882,2,"[""I30809798""]",True
10.1109/tvcg.2022.3209351,A5100758732,3,"[""I30809798""]",True
10.1109/tvcg.2022.3209351,A5069141892,4,"[""I30809798""]",True
10.1109/tvcg.2022.3209351,A5100447162,5,"[""I30809798""]",True
10.1109/tvcg.2022.3209495,A5064127720,1,"[""I33213144""]",True
10.1109/tvcg.2022.3209495,A5010266335,2,"[""I33213144""]",True
10.1109/tvcg.2022.3209495,A5090930182,3,"[""I33213144""]",True
10.1109/tvcg.2022.3209495,A5003251468,4,"[""I1289243028""]",True
10.1109/tvcg.2022.3209495,A5056413615,5,"[""I1289243028""]",True
10.1109/tvcg.2022.3209481,A5013892799,1,"[""I180726961""]",True
10.1109/tvcg.2022.3209481,A5101921643,2,"[""I180726961""]",True
10.1109/tvcg.2022.3209481,A5100670084,3,"[""I180726961""]",True
10.1109/tvcg.2022.3209481,A5067529252,4,"[""I67031392""]",True
10.1109/tvcg.2022.3209481,A5034304352,5,"[""I180726961""]",True
10.1109/tvcg.2022.3209480,A5061338315,1,"[""I277688954""]",True
10.1109/tvcg.2022.3209480,A5047572210,2,"[""I1294671590"", ""I277688954""]",True
10.1109/tvcg.2022.3209480,A5089688638,3,"[""I277688954"", ""I1294671590""]",True
10.1109/tvcg.2022.3209478,A5023631793,1,"[""I1343190059""]",True
10.1109/tvcg.2022.3209478,A5056069234,2,"[""I859038795""]",True
10.1109/tvcg.2022.3209478,A5109366152,3,"[""I2802433978""]",True
10.1109/tvcg.2022.3209478,A5019457723,4,"[""I2802433978""]",True
10.1109/tvcg.2022.3209478,A5063379704,5,"[""I2802433978""]",True
10.1109/tvcg.2022.3209478,A5000755776,6,"[""I4432739""]",True
10.1109/tvcg.2022.3209478,A5000695313,7,"[""I1343190059""]",True
10.1109/tvcg.2022.3209477,A5061817648,1,[],True
10.1109/tvcg.2022.3209477,A5008364265,2,"[""I44202434""]",True
10.1109/tvcg.2022.3209477,A5001451897,3,[],True
10.1109/tvcg.2022.3209477,A5032045555,4,"[""I32597200""]",True
10.1109/tvcg.2022.3209477,A5014783020,5,[],True
10.1109/tvcg.2022.3209477,A5029317616,6,"[""I44202434""]",True
10.1109/tvcg.2022.3209476,A5050252486,1,[],True
10.1109/tvcg.2022.3209476,A5040019133,2,[],True
10.1109/tvcg.2022.3209476,A5017894606,3,[],True
10.1109/tvcg.2022.3209476,A5083806955,4,[],True
10.1109/tvcg.2022.3209459,A5100455066,1,"[""I162868743""]",True
10.1109/tvcg.2022.3209459,A5044360639,2,"[""I162868743""]",True
10.1109/tvcg.2022.3209459,A5100351175,3,"[""I162868743""]",True
10.1109/tvcg.2022.3209459,A5085286384,4,"[""I162868743""]",True
10.1109/tvcg.2022.3209459,A5102981924,5,"[""I162868743""]",True
10.1109/tvcg.2022.3209459,A5033746662,6,"[""I162868743""]",True
10.1109/tvcg.2022.3209459,A5086311840,7,"[""I162868743""]",True
10.1109/tvcg.2022.3209454,A5080503099,1,"[""I52669646"", ""I142606810""]",True
10.1109/tvcg.2022.3209454,A5015510100,2,"[""I52669646""]",True
10.1109/tvcg.2022.3209454,A5032314866,3,"[""I52669646""]",True
10.1109/tvcg.2022.3209454,A5013922391,4,"[""I52669646""]",True
10.1109/tvcg.2022.3209437,A5040374842,1,"[""I100066346""]",True
10.1109/tvcg.2022.3209437,A5062939867,2,"[""I100066346""]",True
10.1109/tvcg.2022.3209437,A5022425320,3,"[""I1283220839""]",True
10.1109/tvcg.2022.3209437,A5073619125,4,"[""I100066346""]",True
10.1109/tvcg.2022.3209420,A5052608937,1,"[""I100066346""]",True
10.1109/tvcg.2022.3209420,A5040374842,2,"[""I100066346""]",True
10.1109/tvcg.2022.3209420,A5073619125,3,"[""I100066346""]",True
10.1109/tvcg.2022.3209402,A5064931337,1,"[""I27837315""]",True
10.1109/tvcg.2022.3209402,A5040739360,2,"[""I27837315""]",True
10.1109/tvcg.2022.3209400,A5000371948,1,"[""I78650965""]",True
10.1109/tvcg.2022.3209400,A5097080945,2,"[""I78650965""]",True
10.1109/tvcg.2022.3209400,A5043672607,3,"[""I78650965""]",True
10.1109/tvcg.2022.3209400,A5000173125,4,"[""I78650965""]",True
10.1109/tvcg.2022.3209387,A5001469241,1,"[""I86987016""]",True
10.1109/tvcg.2022.3209387,A5082234726,2,"[""I86987016""]",True
10.1109/tvcg.2022.3209380,A5087561934,1,"[""I55732556""]",True
10.1109/tvcg.2022.3209380,A5027334086,2,"[""I55732556""]",True
10.1109/tvcg.2022.3209380,A5065366998,3,"[""I55732556""]",True
10.1109/tvcg.2022.3209380,A5043391973,4,"[""I55732556""]",True
10.1109/tvcg.2022.3209379,A5112705513,1,"[""I40120149""]",True
10.1109/tvcg.2022.3209379,A5100337178,2,"[""I40120149""]",True
10.1109/tvcg.2022.3209367,A5050988023,1,"[""I107077323""]",True
10.1109/tvcg.2022.3209367,A5085906659,2,"[""I107077323""]",True
10.1109/tvcg.2022.3209367,A5087146581,3,"[""I107077323""]",True
10.1109/tvcg.2022.3209356,A5005311602,1,"[""I39422238""]",True
10.1109/tvcg.2022.3209356,A5041617939,2,"[""I39422238""]",True
10.1109/tvcg.2022.3209356,A5045428567,3,"[""I39422238""]",True
10.1109/tvcg.2022.3209356,A5065040704,4,"[""I39422238""]",True
10.1109/tvcg.2022.3209356,A5056104510,5,"[""I39422238""]",True
10.1109/tvcg.2022.3209491,A5054509798,1,"[""I183935753""]",True
10.1109/tvcg.2022.3209491,A5028328053,2,"[""I183935753""]",True
10.1109/tvcg.2022.3209491,A5031596501,3,"[""I183935753""]",True
10.1109/tvcg.2022.3209482,A5101819708,1,"[""I20231570""]",True
10.1109/tvcg.2022.3209482,A5058325888,2,"[""I20231570""]",True
10.1109/tvcg.2022.3209482,A5100365307,3,"[""I20231570""]",True
10.1109/tvcg.2022.3209482,A5120543308,4,"[""I17145004""]",True
10.1109/tvcg.2022.3209482,A5080765061,5,"[""I130769515""]",True
10.1109/tvcg.2022.3209482,A5113174777,6,"[""I20231570""]",True
10.1109/tvcg.2022.3209473,A5083143514,1,"[""I84218800""]",True
10.1109/tvcg.2022.3209473,A5079673812,2,"[""I4210104735""]",True
10.1109/tvcg.2022.3209473,A5006420943,3,[],True
10.1109/tvcg.2022.3209473,A5057828898,4,"[""I17301866""]",True
10.1109/tvcg.2022.3209473,A5033429280,5,"[""I4210104735""]",True
10.1109/tvcg.2022.3209473,A5037161857,6,"[""I84218800""]",True
10.1109/tvcg.2022.3209472,A5073887866,1,"[""I66946132""]",True
10.1109/tvcg.2022.3209472,A5072646878,2,"[""I4210114081"", ""I207623266""]",True
10.1109/tvcg.2022.3209472,A5102751625,3,"[""I131249849""]",True
10.1109/tvcg.2022.3209472,A5034277315,4,"[""I66946132""]",True
10.1109/tvcg.2022.3209464,A5020395140,1,"[""I40120149""]",True
10.1109/tvcg.2022.3209464,A5031596501,2,"[""I183935753""]",True
10.1109/tvcg.2022.3209464,A5046565976,3,"[""I143804889""]",True
10.1109/tvcg.2022.3209464,A5037578563,4,"[""I1343190059""]",True
10.1109/tvcg.2022.3209464,A5031054371,5,"[""I7882870""]",True
10.1109/tvcg.2022.3209464,A5014023970,6,"[""I4210104684"", ""I4210135640""]",True
10.1109/tvcg.2022.3209464,A5065040154,7,"[""I39555362""]",True
10.1109/tvcg.2022.3209464,A5100337178,8,"[""I40120149""]",True
10.1109/tvcg.2022.3209463,A5069865106,1,"[""I30809798""]",True
10.1109/tvcg.2022.3209463,A5003995263,2,"[""I2250653659""]",True
10.1109/tvcg.2022.3209463,A5048963954,3,"[""I2250653659""]",True
10.1109/tvcg.2022.3209463,A5100664401,4,"[""I2250653659""]",True
10.1109/tvcg.2022.3209463,A5026376235,5,"[""I200769079"", ""I889458895""]",True
10.1109/tvcg.2022.3209463,A5100447162,6,"[""I30809798""]",True
10.1109/tvcg.2022.3209439,A5011962842,1,"[""I71920554""]",True
10.1109/tvcg.2022.3209439,A5003461571,2,"[""I71920554""]",True
10.1109/tvcg.2022.3209439,A5007690930,3,"[""I71920554""]",True
10.1109/tvcg.2022.3209439,A5009707049,4,"[""I4210143841""]",True
10.1109/tvcg.2022.3209439,A5072700322,5,"[""I71920554""]",True
10.1109/tvcg.2022.3209439,A5008754293,6,"[""I71920554""]",True
10.1109/tvcg.2022.3209419,A5002440759,1,"[""I52357470""]",True
10.1109/tvcg.2022.3209419,A5100358570,2,"[""I52357470""]",True
10.1109/tvcg.2022.3209419,A5014221694,3,"[""I52357470""]",True
10.1109/tvcg.2022.3209419,A5076860785,4,[],True
10.1109/tvcg.2022.3209419,A5065630217,5,"[""I52357470""]",True
10.1109/tvcg.2022.3209413,A5039800821,1,"[""I52357470""]",True
10.1109/tvcg.2022.3209413,A5014221694,2,"[""I52357470""]",True
10.1109/tvcg.2022.3209413,A5100358570,3,"[""I52357470""]",True
10.1109/tvcg.2022.3209413,A5054749881,4,"[""I1282105669""]",True
10.1109/tvcg.2022.3209413,A5069974313,5,"[""I1343871089""]",True
10.1109/tvcg.2022.3209413,A5065630217,6,"[""I52357470""]",True
10.1109/tvcg.2022.3209374,A5005017697,1,"[""I76198965""]",True
10.1109/tvcg.2022.3209374,A5053136336,2,"[""I95793202""]",True
10.1109/tvcg.2022.3209374,A5061570075,3,"[""I76198965""]",True
10.1109/tvcg.2022.3209374,A5043832270,4,"[""I76198965""]",True
10.1109/tvcg.2022.3209374,A5027313464,5,"[""I76198965""]",True
10.1109/tvcg.2022.3209374,A5088860259,6,"[""I181369854""]",True
10.1109/tvcg.2022.3209450,A5100712971,1,"[""I154099455""]",True
10.1109/tvcg.2022.3209450,A5102959274,2,"[""I848706""]",True
10.1109/tvcg.2022.3209450,A5059995018,3,"[""I154099455""]",True
10.1109/tvcg.2022.3209450,A5065644953,4,"[""I1290206253""]",True
10.1109/tvcg.2022.3209450,A5036489223,5,"[""I189712700""]",True
10.1109/tvcg.2022.3209450,A5068526974,6,"[""I154099455""]",True
10.1109/tvcg.2022.3209434,A5044403966,1,"[""I200769079"", ""I889458895""]",True
10.1109/tvcg.2022.3209434,A5056388611,2,"[""I889458895"", ""I200769079""]",True
10.1109/tvcg.2022.3209434,A5046515661,3,"[""I889458895"", ""I200769079""]",True
10.1109/tvcg.2022.3209434,A5054178885,4,"[""I172675005""]",True
10.1109/tvcg.2022.3209434,A5100333516,5,"[""I200769079"", ""I889458895""]",True
10.1109/tvcg.2022.3209434,A5026376235,6,"[""I889458895"", ""I200769079""]",True
10.1109/tvcg.2022.3209434,A5100667713,7,"[""I200769079"", ""I889458895""]",True
10.1109/tvcg.2022.3209432,A5076466786,1,"[""I151201029"", ""I56858762""]",True
10.1109/tvcg.2022.3209432,A5013002615,2,"[""I1343190059""]",True
10.1109/tvcg.2022.3209432,A5000695313,3,"[""I1343190059""]",True
10.1109/tvcg.2022.3209432,A5109928029,4,"[""I145847075""]",True
10.1109/tvcg.2022.3209432,A5058156675,5,"[""I56858762"", ""I151201029""]",True
10.1109/tvcg.2022.3209429,A5035397707,1,"[""I100066346""]",True
10.1109/tvcg.2022.3209429,A5007968836,2,"[""I100066346""]",True
10.1109/tvcg.2022.3209429,A5027402595,3,"[""I100066346""]",True
10.1109/tvcg.2022.3209429,A5073160850,4,"[""I100066346""]",True
10.1109/tvcg.2022.3209429,A5040374842,5,"[""I100066346""]",True
10.1109/tvcg.2022.3209429,A5073619125,6,"[""I100066346""]",True
10.1109/tvcg.2022.3209403,A5038331765,1,"[""I74973139""]",True
10.1109/tvcg.2022.3209403,A5020153026,2,"[""I130701444""]",True
10.1109/tvcg.2022.3209403,A5064910105,3,"[""I4210158876""]",True
10.1109/tvcg.2022.3209403,A5027522481,4,"[""I170201317""]",True
10.1109/tvcg.2022.3209403,A5014670663,5,[],True
10.1109/tvcg.2022.3209403,A5101634159,6,"[""I74973139""]",True
10.1109/tvcg.2022.3209403,A5100355230,7,[],True
10.1109/tvcg.2022.3209403,A5072397278,8,"[""I74973139""]",True
10.1109/tvcg.2022.3209403,A5043159673,9,[],True
10.1109/tvcg.2022.3209403,A5035605036,10,"[""I74973139""]",True
10.1109/tvcg.2022.3209392,A5048635200,1,"[""I59553526""]",True
10.1109/tvcg.2022.3209392,A5055520064,2,"[""I59553526""]",True
10.1109/tvcg.2022.3209392,A5056117639,3,"[""I133543626""]",True
10.1109/tvcg.2022.3209392,A5064923375,4,"[""I59553526""]",True
10.1109/tvcg.2022.3209392,A5070670810,5,"[""I59553526""]",True
10.1109/tvcg.2021.3114848,A5100614732,1,"[""I99065089""]",True
10.1109/tvcg.2021.3114848,A5101824160,2,"[""I4210144839""]",True
10.1109/tvcg.2021.3114848,A5100451576,3,"[""I99065089""]",True
10.1109/tvcg.2021.3114848,A5047661898,4,"[""I4210116267""]",True
10.1109/tvcg.2021.3114848,A5101797040,5,"[""I99065089""]",True
10.1109/tvcg.2021.3114848,A5027616607,6,"[""I99065089""]",True
10.1109/tvcg.2021.3114863,local:38b8ff37c0bd8610,1,"[""I889458895"", ""I79891267"", ""I200769079""]",True
10.1109/tvcg.2021.3114863,local:7192285e469229bd,2,"[""I79891267""]",True
10.1109/tvcg.2021.3114863,local:89bb6cc1f39c063e,3,"[""I79891267""]",True
10.1109/tvcg.2021.3114863,local:7a6583856e4a0f5e,4,"[""I889458895"", ""I200769079""]",True
10.1109/tvcg.2021.3114863,local:efba7a36b393a0b4,5,"[""I889458895"", ""I200769079""]",True
10.1109/tvcg.2021.3114770,local:b01c953614d97e97,1,[],True
10.1109/tvcg.2021.3114770,local:fe8c7bdc0dbbb2e4,2,[],True
10.1109/tvcg.2021.3114835,A5041690226,1,"[""I204337017""]",True
10.1109/tvcg.2021.3114835,A5023433075,2,"[""I204337017""]",True
10.1109/tvcg.2021.3114835,A5090247961,3,"[""I1294671590"", ""I100532134"", ""I4210155607""]",True
10.1109/tvcg.2021.3114835,A5027589311,4,"[""I83019370""]",True
10.1109/tvcg.2021.3114835,A5086098017,5,"[""I4210103820"", ""I204337017""]",True
10.1109/tvcg.2021.3114861,local:33a2801c9ce562b5,1,"[""I76130692""]",True
10.1109/tvcg.2021.3114861,local:ca633e1c13fae673,2,"[""I76130692""]",True
10.1109/tvcg.2021.3114861,local:923609c354ad0402,3,"[""I76130692""]",True
10.1109/tvcg.2021.3114861,local:4494a97ba747d336,4,"[""I76130692""]",True
10.1109/tvcg.2021.3114861,local:8859140cc6491b06,5,"[""I76130692""]",True
10.1109/tvcg.2021.3114861,local:2a475de095abcb58,6,"[""I76130692""]",True
10.1109/tvcg.2021.3114861,local:a355f7d88131c2ed,7,"[""I36258959""]",True
10.1109/tvcg.2021.3114861,local:f985e9e3c1e65e7d,8,"[""I76130692""]",True
10.1109/tvcg.2021.3114861,local:fa785f3b5c80a9a3,9,"[""I76130692""]",True
10.1109/tvcg.2021.3114794,A5086326351,1,"[""I200769079"", ""I889458895""]",True
10.1109/tvcg.2021.3114794,A5054331966,2,"[""I200769079"", ""I889458895""]",True
10.1109/tvcg.2021.3114794,A5005458050,3,"[""I889458895"", ""I200769079""]",True
10.1109/tvcg.2021.3114794,A5012381843,4,"[""I74973139""]",True
10.1109/tvcg.2021.3114794,A5100424394,5,"[""I889458895"", ""I74973139"", ""I200769079""]",True
10.1109/tvcg.2021.3114794,A5091466289,6,"[""I200769079"", ""I889458895""]",True
10.1109/tvcg.2021.3114806,local:a355f7d88131c2ed,1,"[""I76130692"", ""I36258959"", ""I200769079"", ""I889458895""]",True
10.1109/tvcg.2021.3114806,local:923609c354ad0402,2,"[""I76130692""]",True
10.1109/tvcg.2021.3114806,local:33a2801c9ce562b5,3,"[""I76130692""]",True
10.1109/tvcg.2021.3114806,local:51af3b333e83277a,4,"[""I36258959""]",True
10.1109/tvcg.2021.3114806,local:f985e9e3c1e65e7d,5,"[""I76130692""]",True
10.1109/tvcg.2021.3114806,local:efba7a36b393a0b4,6,"[""I200769079"", ""I889458895""]",True
10.1109/tvcg.2021.3114806,local:fa785f3b5c80a9a3,7,"[""I76130692""]",True
10.1109/tvcg.2021.3114694,A5079986783,1,"[""I139660479""]",True
10.1109/tvcg.2021.3114694,A5100424317,2,"[""I139660479""]",True
10.1109/tvcg.2021.3114694,A5082899087,3,"[""I139660479""]",True
10.1109/tvcg.2021.3114694,A5100350437,4,[],True
10.1109/tvcg.2021.3114694,A5068526974,5,"[""I80143920""]",True
10.1109/tvcg.2021.3114694,A5038775008,6,"[""I99065089""]",True
10.1109/tvcg.2021.3114876,local:1b0d8000231d5d16,1,"[""I136199984""]",True
10.1109/tvcg.2021.3114876,local:436580c5a0173cbe,2,"[""I136199984""]",True
10.1109/tvcg.2021.3114876,local:d0545d197eedc58a,3,"[""I136199984""]",True
10.1109/tvcg.2021.3114876,local:51be957497c14d84,4,"[""I136199984""]",True
10.1109/tvcg.2021.3114846,A5085054708,1,"[""I135310074""]",True
10.1109/tvcg.2021.3114846,A5028998272,2,"[""I135310074""]",True
10.1109/tvcg.2021.3114846,A5032486279,3,"[""I135310074""]",True
10.1109/tvcg.2021.3114846,A5052391925,4,"[""I135310074""]",True
10.1109/tvcg.2021.3114846,A5084668442,5,"[""I135310074""]",True
10.1109/tvcg.2021.3114802,A5101815630,1,"[""I62318514""]",True
10.1109/tvcg.2021.3114802,A5006204283,2,"[""I103531236""]",True
10.1109/tvcg.2021.3114802,A5100693798,3,"[""I136199984"", ""I2801851002""]",True
10.1109/tvcg.2021.3114802,A5065310800,4,"[""I62318514""]",True
10.1109/tvcg.2021.3114802,A5004813317,5,"[""I103531236""]",True
10.1109/tvcg.2021.3114875,A5082213932,1,"[""I4210123185"", ""I76130692""]",True
10.1109/tvcg.2021.3114875,A5088199295,2,"[""I76130692"", ""I4210123185""]",True
10.1109/tvcg.2021.3114875,A5078565296,3,"[""I76130692""]",True
10.1109/tvcg.2021.3114875,A5060363706,4,"[""I4210103986""]",True
10.1109/tvcg.2021.3114875,A5100681023,5,"[""I4210103986""]",True
10.1109/tvcg.2021.3114875,A5081346568,6,"[""I38877650""]",True
10.1109/tvcg.2021.3114875,A5100344494,7,"[""I4210123185"", ""I76130692""]",True
10.1109/tvcg.2021.3114875,A5073986937,8,"[""I76130692"", ""I4210123185""]",True
10.1109/tvcg.2021.3114832,A5026243783,1,"[""I76130692""]",True
10.1109/tvcg.2021.3114832,A5101769619,2,"[""I63966007""]",True
10.1109/tvcg.2021.3114832,A5020327777,3,"[""I76130692""]",True
10.1109/tvcg.2021.3114832,A5038384093,4,"[""I76130692""]",True
10.1109/tvcg.2021.3114832,A5073986937,5,"[""I76130692""]",True
10.1109/tvcg.2021.3114804,A5100371357,1,"[""I116953780""]",True
10.1109/tvcg.2021.3114804,A5036729475,2,"[""I116953780""]",True
10.1109/tvcg.2021.3114804,A5032013640,3,"[""I116953780""]",True
10.1109/tvcg.2021.3114804,A5046855147,4,"[""I116953780""]",True
10.1109/tvcg.2021.3114804,A5086576776,5,[],True
10.1109/tvcg.2021.3114804,A5000474356,6,"[""I116953780""]",True
10.1109/tvcg.2021.3114826,A5071356824,1,"[""I1290206253"", ""I889458895"", ""I200769079""]",True
10.1109/tvcg.2021.3114826,A5100377652,2,"[""I1290206253""]",True
10.1109/tvcg.2021.3114826,A5101603009,3,"[""I1290206253""]",True
10.1109/tvcg.2021.3114826,A5107936557,4,"[""I1290206253""]",True
10.1109/tvcg.2021.3114826,A5101789836,5,"[""I1290206253""]",True
10.1109/tvcg.2021.3114826,A5091466289,6,"[""I889458895"", ""I200769079""]",True
10.1109/tvcg.2021.3114826,A5100331488,7,"[""I1290206253""]",True
10.1109/tvcg.2021.3114865,local:bd020f1fb08a0cda,1,"[""I154099455""]",True
10.1109/tvcg.2021.3114865,local:9e44b0275372b28f,2,"[""I154099455""]",True
10.1109/tvcg.2021.3114865,local:4a2f17aa37973fbf,3,[],True
10.1109/tvcg.2021.3114865,local:ce1003ae099947ab,4,"[""I177725633""]",True
10.1109/tvcg.2021.3114865,local:392bac945dda8893,5,"[""I38877650""]",True
10.1109/tvcg.2021.3114865,local:c51f750d68f32ed1,6,"[""I74973139""]",True
10.1109/tvcg.2021.3114815,local:0d1e24ad11b060fe,1,"[""I107639228""]",True
10.1109/tvcg.2021.3114815,local:e81b31539d297c4c,2,"[""I107639228""]",True
10.1109/tvcg.2021.3114815,local:3370294ce94bcab1,3,"[""I107639228""]",True
10.1109/tvcg.2021.3114815,local:6e5c59e13fc4affc,4,"[""I107639228""]",True
10.1109/tvcg.2021.3114774,A5005109197,1,"[""I200769079"", ""I116953780"", ""I889458895""]",True
10.1109/tvcg.2021.3114774,A5036099845,2,"[""I200769079"", ""I889458895""]",True
10.1109/tvcg.2021.3114774,A5046324646,3,"[""I116953780""]",True
10.1109/tvcg.2021.3114774,A5083973432,4,"[""I116953780""]",True
10.1109/tvcg.2021.3114774,A5056999690,5,"[""I1306409833""]",True
10.1109/tvcg.2021.3114774,A5101908670,6,"[""I116953780""]",True
10.1109/tvcg.2021.3114774,A5091466289,7,"[""I200769079"", ""I889458895""]",True
10.1109/tvcg.2021.3114774,A5000474356,8,"[""I116953780""]",True
10.1109/tvcg.2021.3114830,A5084098357,1,"[""I18014758""]",True
10.1109/tvcg.2021.3114830,A5036300289,2,"[""I4210163771""]",True
10.1109/tvcg.2021.3114830,A5047827833,3,[],True
10.1109/tvcg.2021.3114837,A5043827623,1,"[""I138006243""]",True
10.1109/tvcg.2021.3114837,A5024059541,2,"[""I-1"", ""I1311688040""]",True
10.1109/tvcg.2021.3114837,A5035997603,3,"[""I138006243""]",True
10.1109/tvcg.2021.3114837,A5103725392,4,"[""I4210120115""]",True
10.1109/tvcg.2021.3114836,A5073000458,1,"[""I889458895"", ""I200769079""]",True
10.1109/tvcg.2021.3114836,A5101769619,2,"[""I63966007""]",True
10.1109/tvcg.2021.3114836,A5073516753,3,"[""I1306409833""]",True
10.1109/tvcg.2021.3114836,A5023888935,4,"[""I889458895"", ""I200769079""]",True
10.1109/tvcg.2021.3114836,A5039118804,5,"[""I63966007""]",True
10.1109/tvcg.2021.3114836,A5080263583,6,"[""I4210113495""]",True
10.1109/tvcg.2021.3114836,A5091466289,7,"[""I889458895"", ""I200769079""]",True
10.1109/tvcg.2021.3114836,A5067352490,8,"[""I63966007""]",True
10.1109/tvcg.2021.3114807,A5074006931,1,"[""I84218800""]",True
10.1109/tvcg.2021.3114807,A5025011911,2,"[""I151746483""]",True
10.1109/tvcg.2021.3114807,A5018820623,3,"[""I151746483""]",True
10.1109/tvcg.2021.3114807,A5037161857,4,"[""I84218800""]",True
10.1109/tvcg.2021.3114775,A5046324646,1,"[""I116953780""]",True
10.1109/tvcg.2021.3114775,A5101908670,2,"[""I116953780""]",True
10.1109/tvcg.2021.3114775,A5101416806,3,"[""I116953780""]",True
10.1109/tvcg.2021.3114775,A5065034146,4,"[""I116953780""]",True
10.1109/tvcg.2021.3114775,A5000474356,5,"[""I116953780""]",True
10.1109/tvcg.2021.3114855,A5091314206,1,"[""I4210120115""]",True
10.1109/tvcg.2021.3114855,A5013752660,2,"[""I4210120115""]",True
10.1109/tvcg.2021.3114855,A5041828460,3,"[""I889804353""]",True
10.1109/tvcg.2021.3114855,A5103084682,4,"[""I4210120115""]",True
10.1109/tvcg.2021.3114855,A5103725392,5,"[""I4210120115""]",True
10.1109/tvcg.2021.3114829,A5083271735,1,"[""I66946132""]",True
10.1109/tvcg.2021.3114829,A5072704951,2,"[""I66946132""]",True
10.1109/tvcg.2021.3114829,A5032629207,3,"[""I1329219376""]",True
10.1109/tvcg.2021.3114829,A5025269831,4,[],True
10.1109/tvcg.2021.3114829,A5014638681,5,"[""I66946132""]",True
10.1109/tvcg.2021.3114829,A5034277315,6,"[""I66946132""]",True
10.1109/tvcg.2021.3114814,local:7ce85fcf5f41ff77,1,"[""I66946132""]",True
10.1109/tvcg.2021.3114814,local:ee22543d298fd105,2,"[""I66946132""]",True
10.1109/tvcg.2021.3114814,local:cc5d0503e90e7f01,3,"[""I1306409833""]",True
10.1109/tvcg.2021.3114814,local:57681d2c097ae7d9,4,"[""I1306409833""]",True
10.1109/tvcg.2021.3114814,local:59b6dbe0d2989c61,5,"[""I157485424"", ""I1306409833""]",True
10.1109/tvcg.2021.3114814,local:8b113aab74aa5037,6,"[""I1306409833""]",True
10.1109/tvcg.2021.3114814,local:8097453f25aac52c,7,"[""I1306409833""]",True
10.1109/tvcg.2021.3114814,local:8fdf256b3ae85598,8,"[""I66946132"", ""I201448701""]",True
10.1109/tvcg.2021.3114769,A5028448431,1,"[""I62916508""]",True
10.1109/tvcg.2021.3114769,A5029621326,2,"[""I62916508""]",True
10.1109/tvcg.2021.3114864,A5039118804,1,"[""I4210110987""]",True
10.1109/tvcg.2021.3114864,A5101769619,2,"[""I4210110987"", ""I4210109586""]",True
10.1109/tvcg.2021.3114864,A5052479150,3,"[""I39854758""]",True
10.1109/tvcg.2021.3114864,A5067352490,4,"[""I4210110987""]",True
10.1109/tvcg.2021.3114793,A5033746662,1,"[""I162868743""]",True
10.1109/tvcg.2021.3114793,A5100455066,2,"[""I162868743""]",True
10.1109/tvcg.2021.3114793,A5100740158,3,"[""I162868743""]",True
10.1109/tvcg.2021.3114793,A5086311840,4,"[""I162868743"", ""I2800287464""]",True
10.1109/tvcg.2021.3114813,local:7056d80e096aaca4,1,"[""I193662353"", ""I189712700""]",True
10.1109/tvcg.2021.3114813,local:4c675c380d627f1e,2,"[""I130701444""]",True
10.1109/tvcg.2021.3114851,local:d012261ed8c61fa3,1,"[""I59553526""]",True
10.1109/tvcg.2021.3114851,local:0a709fbbe4dcaae0,2,"[""I59553526""]",True
10.1109/tvcg.2021.3114851,local:e9a20f32bc0e2777,3,"[""I2801410363""]",True
10.1109/tvcg.2021.3114851,local:185ffa3b7bc6b662,4,"[""I59553526""]",True
10.1109/tvcg.2021.3114810,A5041617939,1,"[""I39422238""]",True
10.1109/tvcg.2021.3114810,A5005311602,2,"[""I39422238""]",True
10.1109/tvcg.2021.3114810,A5063533296,3,"[""I126307644""]",True
10.1109/tvcg.2021.3114810,A5015186378,4,"[""I39422238""]",True
10.1109/tvcg.2021.3114810,A5064300637,5,"[""I126307644""]",True
10.1109/tvcg.2021.3114810,A5028995506,6,"[""I1343551460""]",True
10.1109/tvcg.2021.3114810,A5114061848,7,"[""I1343551460""]",True
10.1109/tvcg.2021.3114810,A5052234283,8,"[""I1343551460""]",True
10.1109/tvcg.2021.3114810,A5056104510,9,"[""I39422238""]",True
10.1109/tvcg.2021.3114797,A5039717418,1,"[""I4210156768"", ""I94626330""]",True
10.1109/tvcg.2021.3114797,A5001472452,2,"[""I4210124503"", ""I4210156768""]",True
10.1109/tvcg.2021.3114797,A5079507712,3,"[""I4210156768""]",True
10.1109/tvcg.2021.3114797,A5037110552,4,"[""I100066346""]",True
10.1109/tvcg.2021.3114797,A5027156356,5,"[""I94626330""]",True
10.1109/tvcg.2021.3114797,A5086923749,6,"[""I94626330""]",True
10.1109/tvcg.2021.3114797,A5016219620,7,"[""I4092182""]",True
10.1109/tvcg.2021.3114797,A5078086722,8,"[""I202697423""]",True
10.1109/tvcg.2021.3114844,A5079469658,1,"[""I168635309""]",True
10.1109/tvcg.2021.3114844,A5033123604,2,"[""I1286353243""]",True
10.1109/tvcg.2021.3114844,A5012561411,3,"[""I18014758""]",True
10.1109/tvcg.2021.3114844,A5032305401,4,"[""I1326498283"", ""I1294671590"", ""I277688954"", ""I4210126360""]",True
10.1109/tvcg.2021.3114844,A5074985413,5,"[""I1294671590"", ""I39804081""]",True
10.1109/tvcg.2021.3114844,A5089895616,6,"[""I168635309""]",True
10.1109/tvcg.2021.3114844,A5024860629,7,"[""I1326498283"", ""I1294671590"", ""I277688954"", ""I4210126360""]",True
10.1109/tvcg.2021.3114839,A5028659844,1,"[""I39804081"", ""I1294671590""]",True
10.1109/tvcg.2021.3114839,A5089798202,2,"[""I1294671590"", ""I39804081""]",True
10.1109/tvcg.2021.3114839,A5019518434,3,"[""I204730241""]",True
10.1109/tvcg.2021.3114839,A5074734666,4,"[""I1294671590"", ""I39804081""]",True
10.1109/tvcg.2021.3114803,local:b74e24b62a79df4b,1,"[""I156087764""]",True
10.1109/tvcg.2021.3114803,local:a5f8e05b14820ee6,2,"[""I223532165""]",True
10.1109/tvcg.2021.3114803,local:defe9d536552df31,3,"[""I156087764""]",True
10.1109/tvcg.2021.3114803,local:ed34b2a530fea66e,4,"[""I156087764""]",True
10.1109/tvcg.2021.3114877,A5100358936,1,"[""I76130692""]",True
10.1109/tvcg.2021.3114877,A5018322383,2,"[""I76130692""]",True
10.1109/tvcg.2021.3114877,A5018230219,3,"[""I76130692""]",True
10.1109/tvcg.2021.3114877,A5075706330,4,"[""I76130692""]",True
10.1109/tvcg.2021.3114877,A5078565296,5,"[""I76130692""]",True
10.1109/tvcg.2021.3114877,A5109722197,6,"[""I69356397""]",True
10.1109/tvcg.2021.3114877,A5073986937,7,"[""I76130692""]",True
10.1109/tvcg.2021.3114862,local:217128b8eba8e454,1,"[""I150468666""]",True
10.1109/tvcg.2021.3114862,local:5c4ca94ebf3d27e0,2,"[""I130701444""]",True
10.1109/tvcg.2021.3114862,local:02fdc1036ccb0c58,3,"[""I130701444""]",True
10.1109/tvcg.2021.3114862,local:96a1a5c383ce5b17,4,"[""I130701444""]",True
10.1109/tvcg.2021.3114862,local:783f235c01a4461b,5,"[""I130701444""]",True
10.1109/tvcg.2021.3114823,A5067858887,1,"[""I24603500""]",True
10.1109/tvcg.2021.3114823,A5006232882,2,"[""I4210163771""]",True
10.1109/tvcg.2021.3114823,A5048194226,3,"[""I98677209""]",True
10.1109/tvcg.2021.3114823,A5071007779,4,"[""I1306409833""]",True
10.1109/tvcg.2021.3114823,A5037840720,5,"[""I111979921""]",True
10.1109/tvcg.2021.3114823,A5043405353,6,"[""I111979921""]",True
10.1109/tvcg.2021.3114779,A5033866336,1,"[""I114027177""]",True
10.1109/tvcg.2021.3114779,A5001966756,2,"[""I114027177"", ""I69048370""]",True
10.1109/tvcg.2021.3114779,A5000474356,3,"[""I1343180700"", ""I116953780""]",True
10.1109/tvcg.2021.3114779,A5077712580,4,"[""I114027177""]",True
10.1109/tvcg.2021.3114781,local:f18d5dbaf0897d4f,1,"[""I76130692"", ""I4210123185""]",True
10.1109/tvcg.2021.3114781,local:4d71d7bbbb9f0232,2,"[""I76130692"", ""I4210123185""]",True
10.1109/tvcg.2021.3114781,local:fa785f3b5c80a9a3,3,"[""I4210123185"", ""I76130692""]",True
10.1109/tvcg.2021.3114781,local:2753cecb526c0814,4,"[""I69356397""]",True
10.1109/tvcg.2021.3114781,local:1f22f1f8773648e8,5,"[""I45928872""]",True
10.1109/tvcg.2021.3114870,A5066610665,1,"[""I153267046""]",True
10.1109/tvcg.2021.3114870,A5020177990,2,"[""I153267046""]",True
10.1109/tvcg.2021.3114870,A5081019709,3,"[""I153267046""]",True
10.1109/tvcg.2021.3114870,A5039117244,4,"[""I153267046""]",True
10.1109/tvcg.2021.3114870,A5083438172,5,"[""I153267046""]",True
10.1109/tvcg.2021.3114853,A5026193206,1,"[""I149910238""]",True
10.1109/tvcg.2021.3114853,A5102759669,2,"[""I149910238""]",True
10.1109/tvcg.2021.3114853,A5101657309,3,"[""I149910238""]",True
10.1109/tvcg.2021.3114853,A5074158275,4,"[""I161171246""]",True
10.1109/tvcg.2021.3114684,A5043045895,1,[],True
10.1109/tvcg.2021.3114684,A5019781916,2,[],True
10.1109/tvcg.2021.3114684,A5043405353,3,[],True
10.1109/tvcg.2021.3114684,A5022770371,4,[],True
10.1109/tvcg.2021.3114790,local:b4b4e776dbc466e5,1,"[""I200769079"", ""I76130692"", ""I889458895""]",True
10.1109/tvcg.2021.3114790,local:92837b60f4afbe1c,2,"[""I87216513""]",True
10.1109/tvcg.2021.3114790,local:eadfa999eae5d731,3,"[""I76130692""]",True
10.1109/tvcg.2021.3114790,local:147d2bf96474a6c6,4,"[""I76130692""]",True
10.1109/tvcg.2021.3114790,local:ca633e1c13fae673,5,"[""I76130692""]",True
10.1109/tvcg.2021.3114790,local:efba7a36b393a0b4,6,"[""I889458895"", ""I200769079""]",True
10.1109/tvcg.2021.3114790,local:fa785f3b5c80a9a3,7,"[""I76130692""]",True
10.1109/tvcg.2021.3114780,A5068340439,1,"[""I135310074"", ""I2802999273""]",True
10.1109/tvcg.2021.3114780,A5076036737,2,"[""I95457486""]",True
10.1109/tvcg.2021.3114780,A5016923244,3,"[""I2802999273"", ""I135310074""]",True
10.1109/tvcg.2021.3114780,A5016674253,4,"[""I12912129"", ""I87182695""]",True
10.1109/tvcg.2021.3114780,A5050640461,5,"[""I135310074"", ""I2802999273""]",True
10.1109/tvcg.2021.3114756,local:537d16be0dabc96b,1,"[""I12912129""]",True
10.1109/tvcg.2021.3114756,local:4b0afc7766f6798b,2,"[""I12912129""]",True
10.1109/tvcg.2021.3114756,local:37f554cdf704d328,3,"[""I12912129""]",True
10.1109/tvcg.2021.3114756,local:2b3b8af704edc9d2,4,"[""I12912129""]",True
10.1109/tvcg.2021.3114874,A5010444353,1,"[""I180726961""]",True
10.1109/tvcg.2021.3114874,A5059096880,2,"[""I91203450""]",True
10.1109/tvcg.2021.3114874,A5048407252,3,"[""I180726961""]",True
10.1109/tvcg.2021.3114874,A5101146662,4,"[""I180726961""]",True
10.1109/tvcg.2021.3114874,A5100444409,5,"[""I180726961""]",True
10.1109/tvcg.2021.3114874,A5036489223,6,"[""I189712700""]",True
10.1109/tvcg.2021.3114874,A5034304352,7,"[""I180726961""]",True
10.1109/tvcg.2021.3114858,A5020702008,1,"[""I130701444""]",True
10.1109/tvcg.2021.3114858,A5036502813,2,"[""I130701444""]",True
10.1109/tvcg.2021.3114858,A5057757200,3,"[""I130701444""]",True
10.1109/tvcg.2021.3114858,A5080665667,4,"[""I130701444""]",True
10.1109/tvcg.2021.3114858,A5044691513,5,"[""I130701444""]",True
10.1109/tvcg.2021.3114858,A5034842879,6,"[""I130701444"", ""I4210153776""]",True
10.1109/tvcg.2021.3114858,A5020153026,7,"[""I130701444""]",True
10.1109/tvcg.2021.3114820,A5078755914,1,"[""I130701444"", ""I2800444561""]",True
10.1109/tvcg.2021.3114820,A5075295171,2,"[""I102149020""]",True
10.1109/tvcg.2021.3114820,A5078317897,3,"[""I102149020""]",True
10.1109/tvcg.2021.3114820,A5010499463,4,"[""I150468666"", ""I111979921""]",True
10.1109/tvcg.2021.3114959,A5064239794,1,"[""I219193219""]",True
10.1109/tvcg.2021.3114878,A5074038943,1,"[""I76130692""]",True
10.1109/tvcg.2021.3114878,A5110367005,2,"[""I76130692""]",True
10.1109/tvcg.2021.3114878,A5018322383,3,"[""I76130692""]",True
10.1109/tvcg.2021.3114878,A5088199295,4,"[""I76130692""]",True
10.1109/tvcg.2021.3114878,A5079670764,5,"[""I76130692""]",True
10.1109/tvcg.2021.3114878,A5109722197,6,"[""I69356397""]",True
10.1109/tvcg.2021.3114878,A5101731167,7,"[""I45928872""]",True
10.1109/tvcg.2021.3114878,A5073986937,8,"[""I76130692""]",True
10.1109/tvcg.2021.3114849,A5100747388,1,"[""I98677209""]",True
10.1109/tvcg.2021.3114849,A5081816373,2,"[""I35440088""]",True
10.1109/tvcg.2021.3114849,A5029815396,3,"[""I185261750""]",True
10.1109/tvcg.2021.3114849,A5068799512,4,"[""I1290206253""]",True
10.1109/tvcg.2021.3114849,A5022409031,5,"[""I98358874""]",True
10.1109/tvcg.2021.3114849,A5048194226,6,"[""I98677209""]",True
10.1109/tvcg.2021.3114824,A5001536494,1,"[""I201448701""]",True
10.1109/tvcg.2021.3114824,A5101491935,2,"[""I95457486""]",True
10.1109/tvcg.2021.3114824,A5068008545,3,"[""I4210100400"", ""I111979921""]",True
10.1109/tvcg.2021.3114822,local:223221d8575d4b30,1,"[""I151746483""]",True
10.1109/tvcg.2021.3114822,local:ffd36ebb591a997f,2,"[""I155173764""]",True
10.1109/tvcg.2021.3114822,local:242a9673e47d7903,3,"[""I155173764"", ""I889458895"", ""I200769079""]",True
10.1109/tvcg.2021.3114822,local:ce909b5ec6012d52,4,"[""I151746483""]",True
10.1109/tvcg.2021.3114777,local:17ec377823daf948,1,"[""I24943067""]",True
10.1109/tvcg.2021.3114777,local:4353a4f78b44327f,2,"[""I24943067""]",True
10.1109/tvcg.2021.3114777,local:4f1b76787929cf21,3,"[""I24943067""]",True
10.1109/tvcg.2021.3114777,local:8eb96f4703f810f8,4,"[""I24943067""]",True
10.1109/tvcg.2021.3114777,local:f5344cdcf8737660,5,"[""I130769515""]",True
10.1109/tvcg.2021.3114777,local:afeae99a454e4c13,6,"[""I4210127843""]",True
10.1109/tvcg.2021.3114777,local:00df79e006dd555b,7,"[""I4210127843""]",True
10.1109/tvcg.2021.3114777,local:fe16bf702384672b,8,"[""I24943067""]",True
10.1109/tvcg.2021.3114765,A5103105055,1,"[""I154099455""]",True
10.1109/tvcg.2021.3114765,A5101912154,2,"[""I154099455""]",True
10.1109/tvcg.2021.3114765,A5102959274,3,"[""I848706""]",True
10.1109/tvcg.2021.3114765,A5068526974,4,"[""I154099455""]",True
10.1109/tvcg.2021.3114760,A5104038125,1,"[""I4210163771""]",True
10.1109/tvcg.2021.3114760,A5081622405,2,"[""I4210163771""]",True
10.1109/tvcg.2021.3114856,local:e45b6f53a1aa1f6a,1,"[""I4210113369""]",True
10.1109/tvcg.2021.3114856,local:160b620091079901,2,[],True
10.1109/tvcg.2021.3114856,local:0d44b12ee28a0074,3,"[""I4210113369""]",True
10.1109/tvcg.2021.3114856,local:f6af6eb7618ea394,4,"[""I4210113369""]",True
10.1109/tvcg.2021.3114856,local:70e91501647453e4,5,"[""I4210113369""]",True
10.1109/tvcg.2021.3114856,local:959c4c9f3821e07b,6,"[""I4210113369""]",True
10.1109/tvcg.2021.3114856,local:362d12b57eca44b8,7,"[""I4210113369""]",True
10.1109/tvcg.2021.3114683,A5022513507,1,"[""I48430043"", ""I4210155607"", ""I-1""]",True
10.1109/tvcg.2021.3114683,A5064783559,2,"[""I48430043"", ""I4210155607""]",True
10.1109/tvcg.2021.3114683,A5005306821,3,"[""I112936343"", ""I-1""]",True
10.1109/tvcg.2021.3114683,A5057376907,4,"[""I4210164660""]",True
10.1109/tvcg.2021.3114683,A5054284441,5,"[""I4210164660"", ""I19370010""]",True
10.1109/tvcg.2021.3114683,A5101613966,6,"[""I48430043"", ""I4210155607""]",True
10.1109/tvcg.2021.3114850,A5004845067,1,"[""I55732556""]",True
10.1109/tvcg.2021.3114850,A5101409792,2,"[""I3045169105""]",True
10.1109/tvcg.2021.3114850,A5100700905,3,"[""I157725225""]",True
10.1109/tvcg.2021.3114850,A5068043486,4,"[""I157725225""]",True
10.1109/tvcg.2021.3114850,A5026799813,5,"[""I55732556""]",True
10.1109/tvcg.2021.3114840,local:436580c5a0173cbe,1,"[""I2801851002""]",True
10.1109/tvcg.2021.3114840,local:41adb1d332cda2fc,2,"[""I4210117453""]",True
10.1109/tvcg.2021.3114840,local:1bec691e57d9bf58,3,"[""I8087733""]",True
10.1109/tvcg.2021.3114840,local:e1c5ffdc78cb74a1,4,"[""I4210117453""]",True
10.1109/tvcg.2021.3114840,local:51be957497c14d84,5,"[""I2801851002""]",True
10.1109/tvcg.2021.3114833,A5101506748,1,"[""I139264467""]",True
10.1109/tvcg.2021.3114833,A5088950204,2,"[""I139264467""]",True
10.1109/tvcg.2021.3114833,A5102959274,3,"[""I848706""]",True
10.1109/tvcg.2021.3114833,A5101409834,4,"[""I139264467""]",True
10.1109/tvcg.2021.3114833,A5012388103,5,"[""I139264467""]",True
10.1109/tvcg.2021.3114821,A5069561569,1,"[""I1294671590"", ""I277688954"", ""I3018083178""]",True
10.1109/tvcg.2021.3114821,A5020994170,2,"[""I4210141421"", ""I4387152369"", ""I277688954""]",True
10.1109/tvcg.2021.3114821,A5083260911,3,"[""I3018083178""]",True
10.1109/tvcg.2021.3114821,A5024860629,4,"[""I277688954"", ""I1294671590""]",True
10.1109/tvcg.2021.3114800,A5050632485,1,"[""I100066346""]",True
10.1109/tvcg.2021.3114800,A5102902131,2,"[""I100066346""]",True
10.1109/tvcg.2021.3114800,A5018322383,3,"[""I76130692""]",True
10.1109/tvcg.2021.3114800,A5100344403,4,"[""I76130692""]",True
10.1109/tvcg.2021.3114800,A5073986937,5,"[""I76130692""]",True
10.1109/tvcg.2021.3114800,A5038775008,6,"[""I99065089""]",True
10.1109/tvcg.2021.3114800,A5038629539,7,"[""I100066346""]",True
10.1109/tvcg.2021.3114786,local:34ca13ae6f0b8142,1,"[""I136199984""]",True
10.1109/tvcg.2021.3114786,local:80279175c245f524,2,"[""I136199984"", ""I4210155419""]",True
10.1109/tvcg.2021.3114786,local:66d679d32e6396d8,3,"[""I136199984""]",True
10.1109/tvcg.2021.3114786,local:fe0669c84c52ccb2,4,"[""I136199984"", ""I4210155419""]",True
10.1109/tvcg.2021.3114786,local:f3fb539c9cfdca59,5,"[""I136199984"", ""I4210155419""]",True
10.1109/tvcg.2021.3114786,local:61268c58ae5eeac6,6,"[""I136199984"", ""I1283280774""]",True
10.1109/tvcg.2021.3114786,local:d162afe4d38d23ae,7,"[""I136199984"", ""I1283280774""]",True
10.1109/tvcg.2021.3114786,local:4c0ece204ee39031,8,"[""I136199984"", ""I1283280774""]",True
10.1109/tvcg.2021.3114786,local:2bf8f300d686394d,9,"[""I4210155419"", ""I136199984""]",True
10.1109/tvcg.2021.3114786,local:49f30051856ad2c6,10,"[""I136199984"", ""I4210155419""]",True
10.1109/tvcg.2021.3114786,local:7c93f4912aa17ae4,11,"[""I1283280774"", ""I136199984"", ""I4210155419""]",True
10.1109/tvcg.2021.3114786,local:dfc7178fc35b9e37,12,"[""I136199984"", ""I4210155419""]",True
10.1109/tvcg.2021.3114786,local:0a80df9f84216f7c,13,"[""I136199984""]",True
10.1109/tvcg.2021.3114857,local:cb1196d26e7fc90f,1,"[""I4210120115""]",True
10.1109/tvcg.2021.3114857,local:0e268b8b5528c9c5,2,[],True
10.1109/tvcg.2021.3114857,local:b22156d50831e3fa,3,"[""I-1""]",True
10.1109/tvcg.2021.3114857,local:fea2a26a4ab96a9b,4,"[""I4210120115""]",True
10.1109/tvcg.2021.3114828,A5015367289,1,"[""I40120149""]",True
10.1109/tvcg.2021.3114828,A5091379507,2,"[""I-1""]",True
10.1109/tvcg.2021.3114828,A5028328053,3,"[""I183935753""]",True
10.1109/tvcg.2021.3114828,A5048194226,4,"[""I98677209"", ""I185658715""]",True
10.1109/tvcg.2021.3114828,A5100337178,5,"[""I40120149""]",True
10.1109/tvcg.2021.3114828,A5088494328,6,"[""I7882870""]",True
10.1109/tvcg.2021.3114828,A5065040154,7,"[""I39555362""]",True
10.1109/tvcg.2021.3114827,A5078755914,1,"[""I130701444""]",True
10.1109/tvcg.2021.3114827,A5053775923,2,"[""I130701444""]",True
10.1109/tvcg.2021.3114827,A5010499463,3,"[""I150468666""]",True
10.1109/tvcg.2021.3114827,A5064306421,4,"[""I130701444""]",True
10.1109/tvcg.2021.3114805,A5020533126,1,"[""I84392919""]",True
10.1109/tvcg.2021.3114805,A5000530055,2,"[""I39470171""]",True
10.1109/tvcg.2021.3114805,A5089688638,3,"[""I4210144804"", ""I277688954""]",True
10.1109/tvcg.2021.3114805,A5056903170,4,"[""I188538660""]",True
10.1109/tvcg.2021.3114805,A5042382359,5,"[""I39470171""]",True
10.1109/tvcg.2021.3114801,A5030293804,1,"[""I102502594""]",True
10.1109/tvcg.2021.3114801,A5066917584,2,"[""I102502594""]",True
10.1109/tvcg.2021.3114801,A5065954205,3,"[""I102502594""]",True
10.1109/tvcg.2021.3114801,A5018820623,4,"[""I151746483""]",True
10.1109/tvcg.2021.3114795,A5034814164,1,"[""I145847075""]",True
10.1109/tvcg.2021.3114795,A5039929397,2,"[""I39586589""]",True
10.1109/tvcg.2021.3114795,A5011581508,3,"[""I15057530""]",True
10.1109/tvcg.2021.3114795,A5071390048,4,"[""I145847075""]",True
10.1109/tvcg.2021.3114795,A5059446980,5,"[""I166825849""]",True
10.1109/tvcg.2021.3114787,A5069561569,1,"[""I1294671590"", ""I277688954"", ""I3018083178""]",True
10.1109/tvcg.2021.3114787,A5032305401,2,"[""I277688954"", ""I1294671590""]",True
10.1109/tvcg.2021.3114787,A5024860629,3,"[""I1294671590"", ""I277688954""]",True
10.1109/tvcg.2021.3114783,A5046026271,1,"[""I188538660""]",True
10.1109/tvcg.2021.3114783,A5008614365,2,"[""I92446798""]",True
10.1109/tvcg.2021.3114783,A5056903170,3,"[""I188538660""]",True
10.1109/tvcg.2021.3114762,A5100649746,1,"[""I66867065""]",True
10.1109/tvcg.2021.3114762,A5002562865,2,"[""I14243506""]",True
10.1109/tvcg.2021.3114762,A5102956206,3,"[""I308837""]",True
10.1109/tvcg.2021.3114762,A5100365548,4,"[""I66867065""]",True
10.1109/tvcg.2021.3114762,A5063110936,5,"[""I66867065""]",True
10.1109/tvcg.2021.3114784,A5090775158,1,"[""I24603500""]",True
10.1109/tvcg.2021.3114784,A5046724184,2,"[""I2613432""]",True
10.1109/tvcg.2021.3114784,A5036159118,3,"[""I2613432""]",True
10.1109/tvcg.2021.3114782,A5100740729,1,"[""I111979921""]",True
10.1109/tvcg.2021.3114782,A5009957887,2,"[""I1306409833""]",True
10.1109/tvcg.2021.3114782,A5049166156,3,"[""I111979921""]",True
10.1109/tvcg.2021.3114782,A5006087928,4,"[""I74973139""]",True
10.1109/tvcg.2021.3114782,A5068008545,5,"[""I111979921""]",True
10.1109/tvcg.2021.3114679,A5100609372,1,"[""I111979921""]",True
10.1109/tvcg.2021.3114679,A5064931337,2,"[""I27837315"", ""I4210111179""]",True
10.1109/tvcg.2021.3114679,A5068008545,3,"[""I111979921""]",True
10.1109/tvcg.2021.3114869,local:3cb52fe170aa4926,1,"[""I4210127875""]",True
10.1109/tvcg.2021.3114869,local:a06390257630b361,2,"[""I223532165"", ""I4210127875""]",True
10.1109/tvcg.2021.3114869,local:5d3c88a4a140cf32,3,"[""I180923762""]",True
10.1109/tvcg.2021.3114868,A5057417134,1,"[""I91136226""]",True
10.1109/tvcg.2021.3114868,A5011893561,2,"[""I91136226""]",True
10.1109/tvcg.2021.3114868,A5103210628,3,"[""I91136226""]",True
10.1109/tvcg.2021.3114868,A5052896700,4,"[""I91136226""]",True
10.1109/tvcg.2021.3114868,A5022536373,5,"[""I4210102902""]",True
10.1109/tvcg.2021.3114868,A5081687047,6,"[""I91136226""]",True
10.1109/tvcg.2021.3114845,A5084459196,1,"[""I1341412227""]",True
10.1109/tvcg.2021.3114845,A5083754593,2,"[""I205783295""]",True
10.1109/tvcg.2021.3114845,A5052337056,3,"[""I136199984""]",True
10.1109/tvcg.2021.3114845,A5010238198,4,"[""I136199984""]",True
10.1109/tvcg.2021.3114845,A5043151044,5,"[""I136199984""]",True
10.1109/tvcg.2021.3114845,A5062546146,6,"[""I205783295""]",True
10.1109/tvcg.2021.3114834,A5091363610,1,"[""I189712700""]",True
10.1109/tvcg.2021.3114834,A5076551093,2,"[""I189712700""]",True
10.1109/tvcg.2021.3114834,A5068526974,3,"[""I154099455""]",True
10.1109/tvcg.2021.3114834,A5036489223,4,"[""I189712700""]",True
10.1109/tvcg.2021.3114817,local:9ae95864693edba2,1,"[""I98358874""]",True
10.1109/tvcg.2021.3114817,local:b1c5ddcbbd7fc265,2,"[""I130828816""]",True
10.1109/tvcg.2021.3114817,local:d4b0d7866a5f6c55,3,"[""I98358874""]",True
10.1109/tvcg.2021.3114789,local:b2a14383c82dd3e6,1,"[""I19820366"", ""I99065089"", ""I4210128818""]",True
10.1109/tvcg.2021.3114789,local:ca2386557a1d5cfa,2,"[""I4210128818"", ""I4210165038""]",True
10.1109/tvcg.2021.3114789,local:80530b3e09484842,3,"[""I4210128818"", ""I4210165038""]",True
10.1109/tvcg.2021.3114789,local:ccc916dc4ac30582,4,"[""I4210128818"", ""I4210165038""]",True
10.1109/tvcg.2021.3114789,local:f056ed51052d5d28,5,"[""I79510175""]",True
10.1109/tvcg.2021.3114789,local:bce755e0a51d50ee,6,"[""I4210128818"", ""I4210165038""]",True
10.1109/tvcg.2021.3114789,local:f9231f77b3bf2e1b,7,"[""I45928872"", ""I4210128818"", ""I4210165038""]",True
10.1109/tvcg.2021.3114789,local:b6b80122f4d50b20,8,"[""I99065089""]",True
10.1109/tvcg.2021.3114789,local:f06aec1ac086b0a5,9,"[""I4210128818"", ""I45928872"", ""I4210165038""]",True
10.1109/tvcg.2021.3114773,local:cfc1ec587a8469bc,1,"[""I83019370""]",True
10.1109/tvcg.2021.3114773,local:5b53da093fe67e34,2,"[""I83019370""]",True
10.1109/tvcg.2021.3114773,local:91ad707231cd87e8,3,"[""I83019370""]",True
10.1109/tvcg.2021.3114866,A5052208717,1,"[""I78650965""]",True
10.1109/tvcg.2021.3114866,A5087031768,2,"[""I78650965"", ""I4210128801""]",True
10.1109/tvcg.2021.3114866,A5055902347,3,"[""I78650965"", ""I4210128801""]",True
10.1109/tvcg.2021.3114866,A5103082632,4,"[""I78650965"", ""I4210128801""]",True
10.1109/tvcg.2021.3114866,A5051967871,5,"[""I78650965""]",True
10.1109/tvcg.2021.3114866,A5103036749,6,"[""I78650965""]",True
10.1109/tvcg.2021.3114866,A5002907779,7,"[""I78650965""]",True
10.1109/tvcg.2021.3114866,A5048189898,8,"[""I4210128801"", ""I78650965""]",True
10.1109/tvcg.2021.3114866,A5043672607,9,"[""I78650965""]",True
10.1109/tvcg.2021.3114860,A5091752548,1,"[""I4432739""]",True
10.1109/tvcg.2021.3114860,A5011301258,2,"[""I4432739""]",True
10.1109/tvcg.2021.3114860,A5063965880,3,"[""I4432739""]",True
10.1109/tvcg.2021.3114766,local:ab519cd72bd1dde5,1,"[""I223532165""]",True
10.1109/tvcg.2021.3114766,local:27726044b45ed70a,2,"[""I223532165""]",True
10.1109/tvcg.2021.3114766,local:4a8e2a7eeab6b3bc,3,"[""I223532165""]",True
10.1109/tvcg.2021.3114766,local:eaa293d7612a15b9,4,"[""I223532165""]",True
10.1109/tvcg.2021.3114766,local:91c41e804c48465f,5,"[""I223532165""]",True
10.1109/tvcg.2021.3114692,local:d425d4e783c2d93d,1,"[""I102149020""]",True
10.1109/tvcg.2021.3114692,local:8e4e6b963f64e882,2,"[""I102149020""]",True
10.1109/tvcg.2021.3114692,local:360c41a136b06d83,3,"[""I102149020""]",True
10.1109/tvcg.2021.3114692,local:c3fb2ce55c1b1b9c,4,"[""I102149020""]",True
10.1109/tvcg.2021.3114880,A5100624798,1,"[""I154099455""]",True
10.1109/tvcg.2021.3114880,A5100410058,2,"[""I4210108629""]",True
10.1109/tvcg.2021.3114880,A5054382056,3,"[""I177725633""]",True
10.1109/tvcg.2021.3114880,A5060725233,4,"[""I4210126360"", ""I277688954"", ""I1294671590""]",True
10.1109/tvcg.2021.3114880,A5068526974,5,"[""I154099455""]",True
10.1109/tvcg.2021.3114798,A5063070612,1,"[""I223532165""]",True
10.1109/tvcg.2021.3114798,A5013294330,2,[],True
10.1109/tvcg.2021.3114798,A5070017368,3,"[""I223532165""]",True
10.1109/tvcg.2021.3114798,A5008627422,4,"[""I223532165""]",True
10.1109/tvcg.2021.3114792,A5104038125,1,"[""I4210099137"", ""I4210163771""]",True
10.1109/tvcg.2021.3114792,A5081622405,2,"[""I4210163771"", ""I4210099137""]",True
10.1109/tvcg.2021.3114792,A5030558597,3,"[""I168635309""]",True
10.1109/tvcg.2021.3114812,local:1b58c73405008fac,1,"[""I150229711""]",True
10.1109/tvcg.2021.3114812,local:7cdd6cb83f20b43d,2,"[""I150229711""]",True
10.1109/tvcg.2021.3114812,local:5254cc26f5c19710,3,"[""I150229711""]",True
10.1109/tvcg.2021.3114812,local:96ebfba8f267e07f,4,"[""I150229711""]",True
10.1109/tvcg.2021.3114812,local:5f9d5ea6ab35a2d8,5,"[""I4210094970""]",True
10.1109/tvcg.2021.3114812,local:1b299700e66696ed,6,"[""I150229711""]",True
10.1109/tvcg.2021.3114812,local:2f87ec6db683f0d3,7,"[""I150229711""]",True
10.1109/tvcg.2021.3114788,A5049765565,1,"[""I71920554""]",True
10.1109/tvcg.2021.3114788,A5072700322,2,"[""I71920554""]",True
10.1109/tvcg.2021.3114788,A5087317081,3,"[""I100066346""]",True
10.1109/tvcg.2021.3114788,A5013856888,4,"[""I92528248"", ""I4210144839""]",True
10.1109/tvcg.2021.3114788,A5008754293,5,"[""I71920554""]",True
10.1109/tvcg.2021.3115565,A5027313375,1,"[""I71920554""]",True
10.1109/tvcg.2021.3115565,A5008754293,2,"[""I71920554""]",True
10.1109/tvcg.2021.3115565,A5039942334,3,"[""I71920554""]",True
10.1109/tvcg.2021.3115565,A5072700322,4,"[""I71920554""]",True
10.1109/tvcg.2021.3114818,A5009341822,1,"[""I161548249""]",True
10.1109/tvcg.2021.3114818,A5032473237,2,"[""I161548249""]",True
10.1109/tvcg.2021.3114818,A5087938573,3,"[""I161548249""]",True
10.1109/tvcg.2021.3114818,A5050013747,4,"[""I161548249""]",True
10.1109/tvcg.2021.3114796,local:9e12910547b6bdd9,1,"[""I95457486""]",True
10.1109/tvcg.2021.3114796,local:039c914b9c880785,2,"[""I121934306""]",True
10.1109/tvcg.2021.3114796,local:5863f4ada3ac37de,3,"[""I95457486""]",True
10.1109/tvcg.2021.3114796,local:fe8c7bdc0dbbb2e4,4,"[""I126820664""]",True
10.1109/tvcg.2021.3114796,local:4406600eb3cd4dbd,5,"[""I78577930""]",True
10.1109/tvcg.2021.3114759,A5078987756,1,"[""I131249849""]",True
10.1109/tvcg.2021.3114759,A5026074051,2,"[""I131249849""]",True
10.1109/tvcg.2021.3114759,A5100333760,3,"[""I131249849""]",True
10.1109/tvcg.2021.3114687,A5072582272,1,"[""I153267046""]",True
10.1109/tvcg.2021.3114687,A5066653225,2,"[""I153267046""]",True
10.1109/tvcg.2021.3114687,A5083438172,3,"[""I153267046""]",True
10.1109/tvcg.2021.3114687,A5071898071,4,"[""I153267046""]",True
10.1109/tvcg.2021.3114854,local:d8040bdc2d985db1,1,"[""I44504214""]",True
10.1109/tvcg.2021.3114854,local:6c0293a02c669c55,2,"[""I44504214""]",True
10.1109/tvcg.2021.3114841,A5078912963,1,"[""I141945490""]",True
10.1109/tvcg.2021.3114841,A5079916657,2,"[""I141945490""]",True
10.1109/tvcg.2021.3114819,local:a7b038abf3f96922,1,"[""I223532165""]",True
10.1109/tvcg.2021.3114819,local:b510f72af6a4cf64,2,"[""I223532165""]",True
10.1109/tvcg.2021.3114819,local:37bded9a92a8ae69,3,"[""I1282311441""]",True
10.1109/tvcg.2021.3114819,local:29455b9ced904c0a,4,"[""I1282311441""]",True
10.1109/tvcg.2021.3114819,local:583881a81ca030cc,5,"[""I1282311441""]",True
10.1109/tvcg.2021.3114819,local:07e9a6047fef0c8f,6,"[""I1282311441""]",True
10.1109/tvcg.2021.3114819,local:ee66baf3b29195d6,7,"[""I1282311441"", ""I4210138311""]",True
10.1109/tvcg.2021.3114819,local:efcddff89375a876,8,"[""I223532165""]",True
10.1109/tvcg.2021.3114693,local:edc07edbb04ae75a,1,"[""I56590836""]",True
10.1109/tvcg.2021.3114693,local:76e24bfd3255b10e,2,"[""I56590836""]",True
10.1109/tvcg.2021.3114693,local:e8bd3cfc45ecc2fb,3,"[""I98677209""]",True
10.1109/tvcg.2021.3114693,local:4e5aa51f443f0e2c,4,"[""I56590836""]",True
10.1109/tvcg.2021.3114872,local:c0ec954c968c21cf,1,"[""I114832834""]",True
10.1109/tvcg.2021.3114872,local:6297e35919af802c,2,"[""I23732399""]",True
10.1109/tvcg.2021.3114872,local:e9c8c5f99298b225,3,"[""I114832834""]",True
10.1109/tvcg.2021.3114872,local:d296f5fc6b46ea13,4,"[""I114832834""]",True
10.1109/tvcg.2021.3114867,local:b2667e2cfc31b5f6,1,"[""I102149020""]",True
10.1109/tvcg.2021.3114867,local:bbd9f3640803b604,2,"[""I102149020""]",True
10.1109/tvcg.2021.3114867,local:75b789c59a9e7372,3,"[""I102149020""]",True
10.1109/tvcg.2021.3114867,local:54a561e17880e762,4,"[""I102149020""]",True
10.1109/tvcg.2021.3114867,local:e45a703321df7ac8,5,"[""I102149020""]",True
10.1109/tvcg.2021.3114842,A5011189567,1,"[""I111979921""]",True
10.1109/tvcg.2021.3114842,A5050305432,2,"[""I161318765""]",True
10.1109/tvcg.2021.3114842,A5089749790,3,"[""I111979921""]",True
10.1109/tvcg.2021.3114842,A5068008545,4,"[""I111979921""]",True
10.1109/tvcg.2021.3114811,A5040739360,1,"[""I27837315""]",True
10.1109/tvcg.2021.3114811,A5109257024,2,"[""I27837315""]",True
10.1109/tvcg.2021.3114811,A5064931337,3,"[""I27837315""]",True
10.1109/tvcg.2021.3114808,local:d5e9c4aaa31f71aa,1,"[""I131249849""]",True
10.1109/tvcg.2021.3114808,local:5d04917d02569490,2,"[""I131249849""]",True
10.1109/tvcg.2021.3114808,local:67d99e182f4f1390,3,"[""I131249849""]",True
10.1109/tvcg.2021.3114808,local:e3b48b6bde7657fe,4,"[""I131249849""]",True
10.1109/tvcg.2021.3114761,local:9e44b0275372b28f,1,"[""I154099455""]",True
10.1109/tvcg.2021.3114761,local:326a197518685d6d,2,"[""I154099455""]",True
10.1109/tvcg.2021.3114761,local:278e2cfea8b32bf1,3,"[""I154099455""]",True
10.1109/tvcg.2021.3114761,local:4a2f17aa37973fbf,4,"[""I4210108629""]",True
10.1109/tvcg.2021.3114761,local:6a47952d1d29ae34,5,"[""I20231570""]",True
10.1109/tvcg.2021.3114761,local:cdb8db5dd01afabe,6,"[""I66867065""]",True
10.1109/tvcg.2021.3114761,local:95e2a808edefa97c,7,"[""I189712700""]",True
10.1109/tvcg.2020.3030418,A5100638703,1,"[""I130701444""]",True
10.1109/tvcg.2020.3030418,A5009373644,2,"[""I130701444""]",True
10.1109/tvcg.2020.3030418,A5044691513,3,"[""I130701444""]",True
10.1109/tvcg.2020.3030418,A5020702008,4,"[""I130701444""]",True
10.1109/tvcg.2020.3030418,A5036502813,5,"[""I130701444""]",True
10.1109/tvcg.2020.3030418,A5034842879,6,"[""I130701444""]",True
10.1109/tvcg.2020.3030418,A5042350842,7,"[""I131249849""]",True
10.1109/tvcg.2020.3030418,A5020153026,8,"[""I130701444""]",True
10.1109/tvcg.2020.3030460,A5020707650,1,"[""I78650965""]",True
10.1109/tvcg.2020.3030460,A5051967871,2,"[""I78650965""]",True
10.1109/tvcg.2020.3030460,A5043672607,3,"[""I78650965""]",True
10.1109/tvcg.2020.3030450,A5100763132,1,"[""I2801239119"", ""I56590836""]",True
10.1109/tvcg.2020.3030450,A5050750924,2,"[""I56590836"", ""I2801239119""]",True
10.1109/tvcg.2020.3030450,A5009543696,3,"[""I2801239119"", ""I56590836""]",True
10.1109/tvcg.2020.3030450,A5006089989,4,"[""I56590836"", ""I2801239119""]",True
10.1109/tvcg.2020.3030450,A5070162998,5,"[""I56590836"", ""I2801239119""]",True
10.1109/tvcg.2020.3030450,A5008149778,6,"[""I2801239119"", ""I56590836""]",True
10.1109/tvcg.2020.3030403,A5101528850,1,"[""I116953780"", ""I1343180700""]",True
10.1109/tvcg.2020.3030403,A5032013640,2,"[""I1343180700"", ""I116953780""]",True
10.1109/tvcg.2020.3030403,A5036729475,3,"[""I1343180700"", ""I116953780""]",True
10.1109/tvcg.2020.3030403,A5101908670,4,"[""I1343180700"", ""I116953780""]",True
10.1109/tvcg.2020.3030403,A5000474356,5,"[""I116953780"", ""I1343180700""]",True
10.1109/tvcg.2020.3030378,A5078755914,1,"[""I130701444""]",True
10.1109/tvcg.2020.3030378,A5056438986,2,"[""I130701444""]",True
10.1109/tvcg.2020.3030378,A5082668404,3,"[""I130701444""]",True
10.1109/tvcg.2020.3030428,A5071560359,1,"[""I139660479""]",True
10.1109/tvcg.2020.3030428,A5031995008,2,"[""I139660479""]",True
10.1109/tvcg.2020.3030428,A5100657544,3,"[""I139660479""]",True
10.1109/tvcg.2020.3030428,A5075239258,4,"[""I139660479""]",True
10.1109/tvcg.2020.3030428,A5002135895,5,"[""I139660479""]",True
10.1109/tvcg.2020.3030428,A5037522383,6,"[""I139660479""]",True
10.1109/tvcg.2020.3030428,A5038775008,7,"[""I99065089""]",True
10.1109/tvcg.2020.3030428,A5014009990,8,"[""I139660479""]",True
10.1109/tvcg.2020.3030428,A5079986783,9,"[""I139660479""]",True
10.1109/tvcg.2020.3030428,A5100736732,10,"[""I90727586""]",True
10.1109/tvcg.2020.3030354,A5063877576,1,"[""I107371206"", ""I17974374""]",True
10.1109/tvcg.2020.3030354,A5009099532,2,"[""I129902397"", ""I4210142721""]",True
10.1109/tvcg.2020.3030392,A5038564903,1,"[""I76130692""]",True
10.1109/tvcg.2020.3030392,A5082790087,2,"[""I889458895"", ""I200769079""]",True
10.1109/tvcg.2020.3030392,A5071444700,3,"[""I76130692""]",True
10.1109/tvcg.2020.3030392,A5100398577,4,"[""I76130692""]",True
10.1109/tvcg.2020.3030392,A5058364844,5,"[""I4210123185""]",True
10.1109/tvcg.2020.3030392,A5034772037,6,"[""I3129593085""]",True
10.1109/tvcg.2020.3030392,A5027671723,7,"[""I76130692""]",True
10.1109/tvcg.2020.3030392,A5073986937,8,"[""I76130692""]",True
10.1109/tvcg.2020.3030335,A5001536494,1,"[""I201448701""]",True
10.1109/tvcg.2020.3030335,A5089605137,2,"[""I27837315""]",True
10.1109/tvcg.2020.3030335,A5068008545,3,[],True
10.1109/tvcg.2020.3030334,A5023623172,1,"[""I2801239119"", ""I56590836""]",True
10.1109/tvcg.2020.3030334,A5079089831,2,"[""I2801239119"", ""I56590836""]",True
10.1109/tvcg.2020.3030334,A5006089989,3,"[""I56590836"", ""I2801239119""]",True
10.1109/tvcg.2020.3030334,A5062410342,4,"[""I56590836"", ""I2801239119""]",True
10.1109/tvcg.2020.3030334,A5019569880,5,"[""I2801239119"", ""I56590836""]",True
10.1109/tvcg.2020.3030334,A5078536303,6,"[""I56590836"", ""I2801239119""]",True
10.1109/tvcg.2020.3030334,A5038827689,7,"[""I56590836"", ""I2801239119""]",True
10.1109/tvcg.2020.3030334,A5062415693,8,"[""I2801239119"", ""I56590836""]",True
10.1109/tvcg.2020.3030334,A5018089019,9,"[""I56590836"", ""I2801239119""]",True
10.1109/tvcg.2020.3030334,A5008149778,10,"[""I2801239119"", ""I56590836""]",True
10.1109/tvcg.2020.3030338,A5100329989,1,"[""I4210165038"", ""I4210145761""]",True
10.1109/tvcg.2020.3030338,A5100660205,2,"[""I4210145761""]",True
10.1109/tvcg.2020.3030338,A5023888935,3,"[""I4210145761""]",True
10.1109/tvcg.2020.3030338,A5039352751,4,"[""I126633494"", ""I161548249""]",True
10.1109/tvcg.2020.3030338,A5009341822,5,"[""I161548249""]",True
10.1109/tvcg.2020.3030338,A5089451178,6,"[""I121934306""]",True
10.1109/tvcg.2020.3030352,A5070488104,1,"[""I223464139""]",True
10.1109/tvcg.2020.3030352,A5055188702,2,"[""I223464139""]",True
10.1109/tvcg.2020.3030352,A5026383442,3,"[""I223464139""]",True
10.1109/tvcg.2020.3030352,A5006966951,4,"[""I223464139""]",True
10.1109/tvcg.2020.3030342,A5073000458,1,"[""I889458895"", ""I200769079""]",True
10.1109/tvcg.2020.3030342,A5101458443,2,"[""I200769079"", ""I889458895"", ""I1299907687""]",True
10.1109/tvcg.2020.3030342,A5091466289,3,"[""I889458895"", ""I200769079""]",True
10.1109/tvcg.2020.3028976,A5000073162,1,"[""I200719446""]",True
10.1109/tvcg.2020.3028976,A5101464031,2,"[""I200719446""]",True
10.1109/tvcg.2020.3028976,A5060051655,3,"[""I200719446""]",True
10.1109/tvcg.2020.3030458,A5088199295,1,"[""I4210123185"", ""I76130692""]",True
10.1109/tvcg.2020.3030458,A5085140104,2,"[""I4210123185""]",True
10.1109/tvcg.2020.3030458,A5082213932,3,"[""I76130692"", ""I4210123185""]",True
10.1109/tvcg.2020.3030458,A5037648163,4,"[""I4210123185""]",True
10.1109/tvcg.2020.3030458,A5060363706,5,"[""I4210103986""]",True
10.1109/tvcg.2020.3030458,A5100681023,6,"[""I4210103986""]",True
10.1109/tvcg.2020.3030458,A5081346568,7,"[""I38877650""]",True
10.1109/tvcg.2020.3030458,A5073986937,8,"[""I76130692"", ""I4210123185""]",True
10.1109/tvcg.2020.3030350,A5103084682,1,"[""I4210120115""]",True
10.1109/tvcg.2020.3030350,A5013752660,2,"[""I4210120115""]",True
10.1109/tvcg.2020.3030350,A5068935138,3,"[""I4210120115""]",True
10.1109/tvcg.2020.3030350,A5101764191,4,"[""I889804353""]",True
10.1109/tvcg.2020.3030350,A5041828460,5,"[""I889804353""]",True
10.1109/tvcg.2020.3030350,A5065102984,6,"[""I889804353""]",True
10.1109/tvcg.2020.3030350,A5103725392,7,"[""I4210120115""]",True
10.1109/tvcg.2020.3030359,A5078565296,1,"[""I76130692""]",True
10.1109/tvcg.2020.3030359,A5100404535,2,"[""I76130692""]",True
10.1109/tvcg.2020.3030359,A5102131000,3,"[""I76130692""]",True
10.1109/tvcg.2020.3030359,A5049050148,4,"[""I76130692""]",True
10.1109/tvcg.2020.3030359,A5019619044,5,"[""I76130692""]",True
10.1109/tvcg.2020.3030359,A5108035744,6,"[""I76130692""]",True
10.1109/tvcg.2020.3030359,A5100344494,7,"[""I76130692""]",True
10.1109/tvcg.2020.3030359,A5073986937,8,"[""I76130692""]",True
10.1109/tvcg.2020.3030435,A5100763132,1,"[""I4210164937"", ""I56590836"", ""I2801239119""]",True
10.1109/tvcg.2020.3030435,A5076446487,2,"[""I4210164937""]",True
10.1109/tvcg.2020.3030435,A5065644953,3,"[""I4210164937"", ""I2801239119"", ""I56590836""]",True
10.1109/tvcg.2020.3030435,A5058678073,4,"[""I100296615""]",True
10.1109/tvcg.2020.3030435,A5010119044,5,"[""I4210164937""]",True
10.1109/tvcg.2020.3030435,A5008149778,6,"[""I2801239119"", ""I56590836""]",True
10.1109/tvcg.2020.3030427,A5050126617,1,"[""I136199984""]",True
10.1109/tvcg.2020.3030427,A5009543696,2,"[""I56590836""]",True
10.1109/tvcg.2020.3030427,A5010238198,3,"[""I136199984""]",True
10.1109/tvcg.2020.3030427,A5008149778,4,"[""I56590836""]",True
10.1109/tvcg.2020.3030427,A5085695563,5,"[""I56590836""]",True
10.1109/tvcg.2020.3030427,A5043151044,6,"[""I136199984""]",True
10.1109/tvcg.2020.3030467,A5018322383,1,"[""I76130692"", ""I4210123185""]",True
10.1109/tvcg.2020.3030467,A5059548467,2,"[""I76130692"", ""I4210123185""]",True
10.1109/tvcg.2020.3030467,A5045648348,3,"[""I76130692"", ""I4210123185""]",True
10.1109/tvcg.2020.3030467,A5084430026,4,"[""I4210123185"", ""I76130692""]",True
10.1109/tvcg.2020.3030467,A5050632485,5,"[""I4210112998"", ""I100066346""]",True
10.1109/tvcg.2020.3030467,A5102902131,6,"[""I4210112998"", ""I100066346""]",True
10.1109/tvcg.2020.3030467,A5038629539,7,"[""I4210112998"", ""I100066346""]",True
10.1109/tvcg.2020.3030467,A5109722197,8,"[""I69356397""]",True
10.1109/tvcg.2020.3030467,A5081147881,9,"[""I4210095624""]",True
10.1109/tvcg.2020.3030467,A5073986937,10,"[""I76130692"", ""I4210123185""]",True
10.1109/tvcg.2020.3028985,A5100355692,1,"[""I201448701""]",True
10.1109/tvcg.2020.3028985,A5001536494,2,"[""I201448701""]",True
10.1109/tvcg.2020.3028985,A5033639139,3,"[""I201448701""]",True
10.1109/tvcg.2020.3028985,A5090570042,4,"[""I201448701""]",True
10.1109/tvcg.2020.3030461,A5101523076,1,"[""I4210108629""]",True
10.1109/tvcg.2020.3030461,A5100669438,2,"[""I164956901""]",True
10.1109/tvcg.2020.3030461,A5065630217,3,"[""I52357470""]",True
10.1109/tvcg.2020.3030461,A5101757192,4,"[""I4210108629""]",True
10.1109/tvcg.2020.3030461,A5039874476,5,"[""I4210108629""]",True
10.1109/tvcg.2020.3030461,A5101967249,6,"[""I4210108629""]",True
10.1109/tvcg.2020.3030343,A5067299655,1,"[""I66867065""]",True
10.1109/tvcg.2020.3030343,A5100649746,2,"[""I66867065""]",True
10.1109/tvcg.2020.3030343,A5063110936,3,"[""I66867065""]",True
10.1109/tvcg.2020.3030396,A5023558209,1,"[""I200769079"", ""I76130692"", ""I889458895""]",True
10.1109/tvcg.2020.3030396,A5071356824,2,"[""I200769079"", ""I889458895""]",True
10.1109/tvcg.2020.3030396,A5074038943,3,"[""I76130692""]",True
10.1109/tvcg.2020.3030396,A5048194226,4,"[""I98677209""]",True
10.1109/tvcg.2020.3030396,A5073986937,5,"[""I76130692""]",True
10.1109/tvcg.2020.3030396,A5091466289,6,"[""I200769079"", ""I889458895""]",True
10.1109/tvcg.2020.3030361,A5051400014,1,"[""I57206974""]",True
10.1109/tvcg.2020.3030361,A5072638742,2,"[""I57206974""]",True
10.1109/tvcg.2020.3030361,A5036120336,3,"[""I57206974""]",True
10.1109/tvcg.2020.3030361,A5102923390,4,"[""I57206974""]",True
10.1109/tvcg.2020.3030361,A5006773757,5,"[""I57206974""]",True
10.1109/tvcg.2020.3030361,A5003584200,6,"[""I57206974""]",True
10.1109/tvcg.2020.3030465,A5012157105,1,"[""I116953780""]",True
10.1109/tvcg.2020.3030465,A5056999690,2,"[""I116953780""]",True
10.1109/tvcg.2020.3030465,A5100442866,3,"[""I116953780""]",True
10.1109/tvcg.2020.3030465,A5073619125,4,"[""I100066346""]",True
10.1109/tvcg.2020.3030465,A5077712580,5,"[""I114027177""]",True
10.1109/tvcg.2020.3030465,A5000474356,6,"[""I116953780""]",True
10.1109/tvcg.2020.3030456,A5070162998,1,"[""I56590836""]",True
10.1109/tvcg.2020.3030456,A5056819808,2,"[""I35440088""]",True
10.1109/tvcg.2020.3030456,A5103029140,3,"[""I56590836""]",True
10.1109/tvcg.2020.3030456,A5055786408,4,"[""I35440088""]",True
10.1109/tvcg.2020.3030456,A5066302709,5,"[""I56590836""]",True
10.1109/tvcg.2020.3030456,A5019125046,6,"[""I35440088""]",True
10.1109/tvcg.2020.3030448,A5040178235,1,"[""I4210113369"", ""I20231570""]",True
10.1109/tvcg.2020.3030448,A5070188725,2,"[""I4210113369""]",True
10.1109/tvcg.2020.3030448,A5100653962,3,"[""I4210113369""]",True
10.1109/tvcg.2020.3030448,A5025118710,4,"[""I4210113369""]",True
10.1109/tvcg.2020.3030448,A5101789836,5,"[""I4210113369""]",True
10.1109/tvcg.2020.3030448,A5100331488,6,"[""I4210113369""]",True
10.1109/tvcg.2020.3030432,A5000944164,1,"[""I99065089""]",True
10.1109/tvcg.2020.3030432,A5081274814,2,"[""I99065089""]",True
10.1109/tvcg.2020.3030432,A5079986783,3,"[""I139660479""]",True
10.1109/tvcg.2020.3030432,A5109722197,4,"[""I69356397""]",True
10.1109/tvcg.2020.3030432,A5038775008,5,"[""I99065089""]",True
10.1109/tvcg.2020.3030424,A5073455439,1,"[""I139894009""]",True
10.1109/tvcg.2020.3030424,A5048305243,2,"[""I139894009""]",True
10.1109/tvcg.2020.3030424,A5104038125,3,"[""I4210163771""]",True
10.1109/tvcg.2020.3030424,A5019709676,4,"[""I139894009""]",True
10.1109/tvcg.2020.3030424,A5075396066,5,"[""I139894009""]",True
10.1109/tvcg.2020.3030424,A5054578676,6,"[""I130828816""]",True
10.1109/tvcg.2020.3030424,A5025082043,7,"[""I130828816""]",True
10.1109/tvcg.2020.3028889,A5074006931,1,"[""I84218800""]",True
10.1109/tvcg.2020.3028889,A5000189941,2,"[""I84218800""]",True
10.1109/tvcg.2020.3028889,A5078567249,3,"[""I65837984""]",True
10.1109/tvcg.2020.3028889,A5084533941,4,"[""I4210129730""]",True
10.1109/tvcg.2020.3028889,A5101289240,5,"[""I4210129730""]",True
10.1109/tvcg.2020.3028889,A5037161857,6,"[""I84218800""]",True
10.1109/tvcg.2020.3030434,A5050640461,1,"[""I135310074"", ""I2802999273""]",True
10.1109/tvcg.2020.3030434,A5045340030,2,"[""I2802999273"", ""I135310074""]",True
10.1109/tvcg.2020.3030434,A5016674253,3,"[""I12912129""]",True
10.1109/tvcg.2020.3030360,A5100327659,1,"[""I201448701""]",True
10.1109/tvcg.2020.3030360,A5090570042,2,"[""I201448701""]",True
10.1109/tvcg.2020.3030440,A5014009990,1,"[""I90727586""]",True
10.1109/tvcg.2020.3030440,A5073390361,2,"[""I90727586""]",True
10.1109/tvcg.2020.3030440,A5049684321,3,"[""I90727586""]",True
10.1109/tvcg.2020.3030440,A5112329256,4,"[""I90727586""]",True
10.1109/tvcg.2020.3030440,A5102706250,5,"[""I90727586""]",True
10.1109/tvcg.2020.3030440,A5100664249,6,"[""I90727586""]",True
10.1109/tvcg.2020.3030440,A5071560359,7,"[""I139660479""]",True
10.1109/tvcg.2020.3030440,A5100344494,8,"[""I49382586"", ""I76130692""]",True
10.1109/tvcg.2020.3030439,A5060626774,1,"[""I2802236040"", ""I188538660""]",True
10.1109/tvcg.2020.3030439,A5056903170,2,"[""I55769427"", ""I135191193""]",True
10.1109/vast50239.2020.00006,A5006575291,1,"[""I76130692""]",True
10.1109/vast50239.2020.00006,A5100344494,2,"[""I76130692""]",True
10.1109/vast50239.2020.00006,A5079986783,3,"[""I139660479""]",True
10.1109/vast50239.2020.00006,A5067411932,4,"[""I76130692""]",True
10.1109/vast50239.2020.00006,A5001029563,5,"[""I55538621""]",True
10.1109/vast50239.2020.00006,A5034088838,6,"[""I50760025""]",True
10.1109/vast50239.2020.00006,A5081346568,7,"[""I38877650""]",True
10.1109/vast50239.2020.00006,A5016219620,8,"[""I4092182""]",True
10.1109/tvcg.2020.3030410,A5100660205,1,"[""I4210145761""]",True
10.1109/tvcg.2020.3030410,A5020020184,2,"[""I191208505""]",True
10.1109/tvcg.2020.3030410,A5056910392,3,"[""I191208505""]",True
10.1109/tvcg.2020.3030410,A5070181158,4,"[""I4210145761""]",True
10.1109/tvcg.2020.3030410,A5079986783,5,"[""I139660479""]",True
10.1109/tvcg.2020.3030410,A5065040154,6,"[""I39555362""]",True
10.1109/tvcg.2020.3030410,A5100344494,7,"[""I76130692""]",True
10.1109/tvcg.2020.3030387,A5078912963,1,"[""I4210163771"", ""I141945490""]",True
10.1109/tvcg.2020.3030387,A5006593097,2,"[""I4210163771""]",True
10.1109/tvcg.2020.3030387,A5079916657,3,"[""I141945490""]",True
10.1109/tvcg.2020.3030374,A5100398611,1,"[""I185443292""]",True
10.1109/tvcg.2020.3030374,A5004534638,2,"[""I185443292""]",True
10.1109/tvcg.2020.3030374,A5000705218,3,"[""I185443292""]",True
10.1109/tvcg.2020.3030374,A5029379745,4,"[""I185443292""]",True
10.1109/tvcg.2020.3030374,A5100346965,5,"[""I185443292""]",True
10.1109/tvcg.2020.3030374,A5049451858,6,"[""I185443292""]",True
10.1109/tvcg.2020.3030374,A5102022483,7,"[""I185443292""]",True
10.1109/tvcg.2020.3030374,A5082598478,8,"[""I185443292""]",True
10.1109/tvcg.2020.3030475,A5103280801,1,"[""I138006243""]",True
10.1109/tvcg.2020.3030475,A5034814164,2,"[""I145847075""]",True
10.1109/tvcg.2020.3030475,A5003147292,3,"[""I145847075""]",True
10.1109/tvcg.2020.3030475,A5071390048,4,"[""I138006243""]",True
10.1109/tvcg.2020.3030459,A5055507757,1,"[""I56590836""]",True
10.1109/tvcg.2020.3030459,A5050126617,2,"[""I136199984"", ""I56590836""]",True
10.1109/tvcg.2020.3030459,A5008149778,3,"[""I56590836""]",True
10.1109/tvcg.2020.3030459,A5084091640,4,"[""I56590836""]",True
10.1109/tvcg.2020.3030459,A5040517720,5,"[""I56590836""]",True
10.1109/tvcg.2020.3030459,A5085695563,6,"[""I56590836""]",True
10.1109/tvcg.2020.3030447,A5010441587,1,"[""I76130692""]",True
10.1109/tvcg.2020.3030447,A5100344494,2,"[""I76130692""]",True
10.1109/tvcg.2020.3030447,A5101060059,3,"[""I76130692""]",True
10.1109/tvcg.2020.3030447,A5025965660,4,"[""I76130692""]",True
10.1109/tvcg.2020.3030447,A5084035008,5,"[""I76130692""]",True
10.1109/tvcg.2020.3030447,A5085847955,6,"[""I76130692""]",True
10.1109/tvcg.2020.3030423,A5071356824,1,"[""I889458895"", ""I200769079""]",True
10.1109/tvcg.2020.3030423,A5025307131,2,"[""I200769079"", ""I889458895""]",True
10.1109/tvcg.2020.3030423,A5008149778,3,"[""I56590836"", ""I2801239119""]",True
10.1109/tvcg.2020.3030423,A5065644953,4,"[""I4210164937""]",True
10.1109/tvcg.2020.3030423,A5024860629,5,"[""I1326498283""]",True
10.1109/tvcg.2020.3030423,A5091466289,6,"[""I200769079"", ""I889458895""]",True
10.1109/tvcg.2020.3030469,A5050608183,1,"[""I200769079"", ""I889458895""]",True
10.1109/tvcg.2020.3030469,A5100397330,2,"[""I200769079"", ""I889458895""]",True
10.1109/tvcg.2020.3030469,A5100660205,3,"[""I4210145761""]",True
10.1109/tvcg.2020.3030469,A5010240403,4,"[""I3045169105""]",True
10.1109/tvcg.2020.3030469,A5091466289,5,"[""I889458895"", ""I200769079""]",True
10.1109/tvcg.2020.3030464,A5047803478,1,"[""I185261750""]",True
10.1109/tvcg.2020.3030464,A5087541737,2,"[""I185261750"", ""I3143791293""]",True
10.1109/tvcg.2020.3030464,A5017451873,3,"[""I185261750"", ""I3143791293""]",True
10.1109/tvcg.2020.3030464,A5029815396,4,"[""I185261750""]",True
10.1109/tvcg.2020.3030415,A5102922863,1,"[""I71920554""]",True
10.1109/tvcg.2020.3030415,A5009473523,2,"[""I71920554""]",True
10.1109/tvcg.2020.3030415,A5005537804,3,"[""I145847075"", ""I4210167330""]",True
10.1109/tvcg.2020.3030415,A5100604593,4,"[""I71920554""]",True
10.1109/tvcg.2020.3030415,A5014905815,5,"[""I71920554""]",True
10.1109/tvcg.2020.3030415,A5076768552,6,"[""I71920554""]",True
10.1109/tvcg.2020.3030415,A5051680646,7,"[""I123431417""]",True
10.1109/tvcg.2020.3030415,A5088614523,8,"[""I4210167330"", ""I145847075""]",True
10.1109/tvcg.2020.3030415,A5080082986,9,"[""I123431417""]",True
10.1109/tvcg.2020.3030415,A5040337866,10,"[""I123431417""]",True
10.1109/tvcg.2020.3030415,A5022294742,11,"[""I71920554""]",True
10.1109/tvcg.2020.3030367,A5080248408,1,"[""I145894827"", ""I63966007""]",True
10.1109/tvcg.2020.3030367,A5079524619,2,"[""I145894827"", ""I63966007""]",True
10.1109/tvcg.2020.3030367,A5015653458,3,"[""I63966007"", ""I145894827""]",True
10.1109/tvcg.2020.3030367,A5077783676,4,"[""I63966007"", ""I145894827""]",True
10.1109/tvcg.2020.3030346,A5073124436,1,"[""I107639228""]",True
10.1109/tvcg.2020.3030346,A5074718306,2,"[""I107639228""]",True
10.1109/tvcg.2020.3030346,A5004280362,3,"[""I24185976""]",True
10.1109/tvcg.2020.3030346,A5060901632,4,"[""I107639228""]",True
10.1109/tvcg.2020.3030346,A5101913449,5,"[""I107639228""]",True
10.1109/tvcg.2020.3028957,A5078565296,1,"[""I76130692""]",True
10.1109/tvcg.2020.3028957,A5073516753,2,"[""I76130692""]",True
10.1109/tvcg.2020.3028957,A5073986937,3,"[""I1306409833""]",True
10.1109/tvcg.2020.3028947,A5000261303,1,"[""I35440088""]",True
10.1109/tvcg.2020.3028947,A5033076979,2,"[""I35440088""]",True
10.1109/tvcg.2020.3028947,A5088860259,3,"[""I35440088""]",True
10.1109/tvcg.2020.3030375,A5064931337,1,"[""I27837315""]",True
10.1109/tvcg.2020.3030375,A5040739360,2,"[""I27837315""]",True
10.1109/tvcg.2020.3028888,A5101409792,1,"[""I55732556""]",True
10.1109/tvcg.2020.3028888,A5062015463,2,"[""I55732556""]",True
10.1109/tvcg.2020.3028888,A5073158087,3,"[""I157725225""]",True
10.1109/tvcg.2020.3028888,A5048466428,4,"[""I4210101778"", ""I4210133173""]",True
10.1109/tvcg.2020.3028888,A5026799813,5,"[""I55732556""]",True
10.1109/tvcg.2020.3030472,A5049104260,1,[],True
10.1109/tvcg.2020.3030472,A5080823228,2,"[""I12912129""]",True
10.1109/tvcg.2020.3030472,A5024828673,3,[],True
10.1109/tvcg.2020.3030471,A5100609686,1,"[""I889458895"", ""I200769079""]",True
10.1109/tvcg.2020.3030471,A5070461768,2,"[""I889458895"", ""I200769079""]",True
10.1109/tvcg.2020.3030471,A5082790087,3,"[""I889458895"", ""I200769079""]",True
10.1109/tvcg.2020.3030471,A5100424394,4,"[""I889458895"", ""I200769079""]",True
10.1109/tvcg.2020.3030471,A5038775008,5,"[""I99065089""]",True
10.1109/tvcg.2020.3030471,A5091466289,6,"[""I889458895"", ""I200769079""]",True
10.1109/tvcg.2020.3030419,A5060888358,1,"[""I136199984""]",True
10.1109/tvcg.2020.3030419,A5102959274,2,"[""I848706""]",True
10.1109/tvcg.2020.3030419,A5012388103,3,"[""I139264467""]",True
10.1109/tvcg.2020.3030406,A5049188592,1,"[""I154099455""]",True
10.1109/tvcg.2020.3030406,A5112562638,2,"[""I113979032""]",True
10.1109/tvcg.2020.3030406,A5100624798,3,"[""I154099455""]",True
10.1109/tvcg.2020.3030406,A5037110552,4,"[""I100066346""]",True
10.1109/tvcg.2020.3030406,A5036489223,5,"[""I189712700""]",True
10.1109/tvcg.2020.3030406,A5091260693,6,"[""I197251160""]",True
10.1109/tvcg.2020.3030406,A5005647036,7,[],True
10.1109/tvcg.2020.3030406,A5068526974,8,"[""I154099455""]",True
10.1109/vast50239.2020.00007,A5066369450,1,"[""I99065089""]",True
10.1109/vast50239.2020.00007,A5100332661,2,"[""I99065089""]",True
10.1109/vast50239.2020.00007,A5107904995,3,"[""I4210164937""]",True
10.1109/vast50239.2020.00007,A5029506224,4,"[""I1299907687""]",True
10.1109/vast50239.2020.00007,A5003419563,5,"[""I99065089""]",True
10.1109/vast50239.2020.00007,A5026799813,6,"[""I55732556""]",True
10.1109/vast50239.2020.00007,A5038775008,7,"[""I99065089""]",True
10.1109/tvcg.2020.3030442,A5061093749,1,"[""I87182695""]",True
10.1109/tvcg.2020.3030442,A5037162594,2,"[""I130701444"", ""I87182695""]",True
10.1109/tvcg.2020.3030442,A5110633723,3,"[""I87182695""]",True
10.1109/tvcg.2020.3030442,A5063230893,4,"[""I87182695""]",True
10.1109/vast50239.2020.00009,A5026243783,1,"[""I76130692""]",True
10.1109/vast50239.2020.00009,A5020327777,2,"[""I76130692""]",True
10.1109/vast50239.2020.00009,A5087312966,3,"[""I76130692""]",True
10.1109/vast50239.2020.00009,A5038384093,4,"[""I76130692""]",True
10.1109/vast50239.2020.00009,A5073986937,5,"[""I76130692""]",True
10.1109/tvcg.2020.3030437,A5051018472,1,"[""I31512782""]",True
10.1109/tvcg.2020.3030437,A5076756639,2,"[""I223822909"", ""I2802164966""]",True
10.1109/tvcg.2020.3030437,A5076428998,3,"[""I31512782""]",True
10.1109/tvcg.2020.3030437,A5073022588,4,"[""I31512782""]",True
10.1109/tvcg.2020.3030437,A5039929397,5,"[""I39586589""]",True
10.1109/tvcg.2020.3030437,A5055106396,6,"[""I223822909"", ""I2802164966""]",True
10.1109/tvcg.2020.3030437,A5038034454,7,"[""I78650965""]",True
10.1109/tvcg.2020.3030437,A5051740940,8,"[""I4210116730""]",True
10.1109/tvcg.2020.3030437,A5024392920,9,"[""I34809795""]",True
10.1109/tvcg.2020.3030437,A5048659639,10,"[""I2802164966"", ""I223822909""]",True
10.1109/tvcg.2020.3030437,A5066551739,11,"[""I223822909"", ""I2802164966""]",True
10.1109/tvcg.2020.3030437,A5096058722,12,"[""I34809795""]",True
10.1109/tvcg.2020.3030437,A5015182248,13,"[""I31512782"", ""I4665924""]",True
10.1109/tvcg.2020.3030433,A5100747388,1,"[""I98677209""]",True
10.1109/tvcg.2020.3030433,A5025071606,2,"[""I97018004""]",True
10.1109/tvcg.2020.3030433,A5101731429,3,"[""I162868743"", ""I98677209""]",True
10.1109/tvcg.2020.3030433,A5029815396,4,"[""I185261750""]",True
10.1109/tvcg.2020.3030433,A5048194226,5,"[""I98677209""]",True
10.1109/tvcg.2020.3030370,A5101288188,1,"[""I87445476""]",True
10.1109/tvcg.2020.3030370,A5085890755,2,"[""I889458895"", ""I200769079""]",True
10.1109/tvcg.2020.3030370,A5100424394,3,"[""I200769079"", ""I889458895""]",True
10.1109/tvcg.2020.3030370,A5100451791,4,"[""I200769079"", ""I889458895""]",True
10.1109/tvcg.2020.3030370,A5035080566,5,"[""I87445476""]",True
10.1109/tvcg.2020.3030370,A5091466289,6,"[""I200769079"", ""I889458895""]",True
10.1109/tvcg.2020.3030370,A5041083459,7,"[""I87445476""]",True
10.1109/tvcg.2020.3030351,A5102836607,1,"[""I47720641""]",True
10.1109/tvcg.2020.3030351,A5101958227,2,"[""I4210113369""]",True
10.1109/tvcg.2020.3030351,A5100653962,3,"[""I4210113369""]",True
10.1109/tvcg.2020.3030351,A5100619501,4,"[""I4210113369""]",True
10.1109/tvcg.2020.3030351,A5100377652,5,"[""I4210113369""]",True
10.1109/tvcg.2020.3030351,A5101789836,6,"[""I4210113369""]",True
10.1109/tvcg.2020.3030351,A5036072216,7,"[""I4210113369""]",True
10.1109/tvcg.2020.3030351,A5046130202,8,"[""I47720641""]",True
10.1109/tvcg.2020.3030351,A5100331488,9,"[""I4210113369""]",True
10.1109/tvcg.2020.3030351,A5109792165,10,"[""I47720641""]",True
10.1109/tvcg.2020.3029413,A5058918302,1,"[""I141945490""]",True
10.1109/tvcg.2020.3029413,A5063629557,2,[],True
10.1109/tvcg.2020.3029413,A5067858887,3,"[""I24603500""]",True
10.1109/tvcg.2020.3029413,A5056903170,4,"[""I188538660"", ""I2802236040""]",True
10.1109/tvcg.2020.3028984,A5084668442,1,"[""I201448701""]",True
10.1109/tvcg.2020.3028984,A5011189567,2,[],True
10.1109/tvcg.2020.3028984,A5019815997,3,"[""I36788626""]",True
10.1109/tvcg.2020.3028984,A5068008545,4,"[""I201448701""]",True
10.1109/tvcg.2020.3030408,A5016520165,1,"[""I189712700""]",True
10.1109/tvcg.2020.3030408,A5108271365,2,"[""I887064364""]",True
10.1109/tvcg.2020.3030408,A5089258041,3,"[""I189712700""]",True
10.1109/tvcg.2020.3030408,A5019671636,4,"[""I189712700""]",True
10.1109/tvcg.2020.3030408,A5073919282,5,"[""I189712700""]",True
10.1109/tvcg.2020.3030408,A5070684680,6,"[""I887064364""]",True
10.1109/tvcg.2020.3030381,A5087199227,1,"[""I223532165""]",True
10.1109/tvcg.2020.3030381,A5063625747,2,[],True
10.1109/tvcg.2020.3030381,A5069061531,3,"[""I1282311441""]",True
10.1109/tvcg.2020.3030381,A5085342992,4,"[""I1282311441""]",True
10.1109/tvcg.2020.3030381,A5046473651,5,"[""I223532165""]",True
10.1109/tvcg.2020.3030381,A5084707380,6,"[""I223532165""]",True
10.1109/tvcg.2020.3030381,A5019902487,7,"[""I1282311441""]",True
10.1109/tvcg.2020.3030381,A5009460413,8,"[""I223532165""]",True
10.1109/tvcg.2020.3028948,A5038027438,1,"[""I136199984""]",True
10.1109/tvcg.2020.3028948,A5008404864,2,"[""I76130692""]",True
10.1109/tvcg.2020.3028948,A5100344494,3,"[""I76130692""]",True
10.1109/tvcg.2020.3028948,A5066335313,4,"[""I136199984""]",True
10.1109/tvcg.2020.3028948,A5048194226,5,"[""I98677209""]",True
10.1109/tvcg.2020.3028948,A5043151044,6,"[""I136199984""]",True
10.1109/tvcg.2020.3030473,A5100425172,1,"[""I20231570"", ""I223532165""]",True
10.1109/tvcg.2020.3030473,A5048780291,2,"[""I223532165""]",True
10.1109/tvcg.2020.3030473,A5073619125,3,"[""I100066346""]",True
10.1109/tvcg.2020.3030462,A5023009584,1,"[""I141945490""]",True
10.1109/tvcg.2020.3030462,A5041010052,2,"[""I141945490""]",True
10.1109/tvcg.2020.3030462,A5079916657,3,"[""I141945490""]",True
10.1109/tvcg.2020.3030353,A5024614585,1,"[""I55732556""]",True
10.1109/tvcg.2020.3030353,A5071898071,2,"[""I153267046""]",True
10.1109/tvcg.2020.3030353,A5026799813,3,"[""I55732556""]",True
10.1109/tvcg.2020.3030353,A5074734666,4,"[""I1294671590"", ""I39804081""]",True
10.1109/tvcg.2020.3030347,A5038023755,1,"[""I1294671590"", ""I277688954"", ""I4210144804""]",True
10.1109/tvcg.2020.3030347,A5064219476,2,"[""I5561750""]",True
10.1109/tvcg.2020.3030347,A5060725233,3,"[""I1294671590"", ""I277688954"", ""I4210144804""]",True
10.1109/tvcg.2020.3030347,A5030084361,4,"[""I1294671590"", ""I277688954"", ""I66946132"", ""I4210144804""]",True
10.1109/tvcg.2020.3030347,A5042895577,5,"[""I4210144804"", ""I1294671590"", ""I277688954""]",True
10.1109/vast50239.2020.00014,A5086224045,1,"[""I139660479"", ""I145581781""]",True
10.1109/vast50239.2020.00014,A5064972852,2,"[""I139660479""]",True
10.1109/vast50239.2020.00014,A5016460032,3,"[""I139660479""]",True
10.1109/vast50239.2020.00014,A5071560359,4,"[""I139660479""]",True
10.1109/vast50239.2020.00014,A5100736732,5,"[""I139660479""]",True
10.1109/vast50239.2020.00014,A5101659707,6,"[""I139660479""]",True
10.1109/vast50239.2020.00014,A5103971587,7,"[""I139660479""]",True
10.1109/tvcg.2020.3030443,A5033915638,1,"[""I121934306""]",True
10.1109/tvcg.2020.3030443,A5011244935,2,"[""I130701444""]",True
10.1109/tvcg.2020.3030443,A5102981760,3,"[""I130701444""]",True
10.1109/tvcg.2020.3030443,A5061027107,4,"[""I135310074""]",True
10.1109/tvcg.2020.3030443,A5100331624,5,"[""I121934306""]",True
10.1109/tvcg.2020.3030443,A5086902270,6,"[""I71838634""]",True
10.1109/tvcg.2020.3030443,A5084778474,7,"[""I135310074""]",True
10.1109/tvcg.2020.3030443,A5064306421,8,"[""I130701444""]",True
10.1109/tvcg.2020.3030443,A5089451178,9,"[""I121934306""]",True
10.1109/tvcg.2020.3030380,A5003133680,1,"[""I60922564""]",True
10.1109/tvcg.2020.3030380,A5012553015,2,"[""I60922564""]",True
10.1109/tvcg.2020.3030380,A5100377802,3,"[""I60922564""]",True
10.1109/tvcg.2020.3030380,A5047912015,4,"[""I157485424"", ""I4210099236""]",True
10.1109/tvcg.2020.3030365,A5032598257,1,"[""I2613432""]",True
10.1109/tvcg.2020.3030365,A5036159118,2,"[""I2613432""]",True
10.1109/tvcg.2020.3030394,A5080292005,1,"[""I223532165""]",True
10.1109/tvcg.2020.3030394,A5102026182,2,"[""I33213144""]",True
10.1109/tvcg.2020.3030394,A5004513620,3,"[""I33213144""]",True
10.1109/tvcg.2020.3030394,A5048780291,4,"[""I223532165""]",True
10.1109/tvcg.2020.3030394,A5058158315,5,"[""I33213144""]",True
10.1109/tvcg.2020.3030344,A5066189200,1,[],True
10.1109/tvcg.2020.3030344,A5061059879,2,"[""I102134673""]",True
10.1109/tvcg.2020.3028891,A5009763002,1,"[""I66946132""]",True
10.1109/tvcg.2020.3028891,A5035997603,2,"[""I138006243""]",True
10.1109/tvcg.2020.3030371,A5052208717,1,"[""I78650965""]",True
10.1109/tvcg.2020.3030371,A5110709331,2,"[""I4665924""]",True
10.1109/tvcg.2020.3030371,A5039180428,3,"[""I4665924""]",True
10.1109/tvcg.2020.3030371,A5043672607,4,"[""I78650965""]",True
10.1109/tvcg.2020.3030371,A5061682032,5,"[""I4665924""]",True
10.1109/tvcg.2020.3030337,A5035687843,1,"[""I889458895"", ""I200769079""]",True
10.1109/tvcg.2020.3030337,A5080478642,2,"[""I889458895"", ""I200769079""]",True
10.1109/tvcg.2020.3030337,A5100424394,3,"[""I889458895"", ""I200769079""]",True
10.1109/tvcg.2020.3030337,A5091466289,4,"[""I200769079"", ""I889458895""]",True
10.1109/tvcg.2020.3030337,A5026376235,5,"[""I889458895"", ""I200769079""]",True
10.1109/tvcg.2020.3029412,A5075295171,1,"[""I102149020""]",True
10.1109/tvcg.2020.3029412,A5055571891,2,"[""I102149020""]",True
10.1109/tvcg.2020.3029412,A5078317897,3,"[""I102149020""]",True
10.1109/tvcg.2020.3029412,A5055992752,4,"[""I102149020""]",True
10.1109/tvcg.2020.3030454,A5072700322,1,"[""I71920554""]",True
10.1109/tvcg.2020.3030454,A5073217289,2,"[""I71920554""]",True
10.1109/tvcg.2020.3030454,A5010238198,3,"[""I2801851002""]",True
10.1109/tvcg.2020.3030454,A5075706889,4,"[""I71920554""]",True
10.1109/tvcg.2020.3030454,A5043151044,5,"[""I2801851002""]",True
10.1109/tvcg.2020.3030454,A5041345169,6,"[""I71920554""]",True
10.1109/tvcg.2020.3030454,A5008754293,7,"[""I71920554""]",True
10.1109/tvcg.2020.3030441,A5033801646,1,"[""I57206974""]",True
10.1109/tvcg.2020.3030441,A5074734666,2,"[""I1294671590"", ""I39804081""]",True
10.1109/tvcg.2020.3030441,A5033833921,3,"[""I181391015""]",True
10.1109/tvcg.2020.3030441,A5011424640,4,"[""I17974374""]",True
10.1109/tvcg.2020.3030441,A5052577630,5,"[""I57206974""]",True
10.1109/tvcg.2020.3030358,A5071641412,1,"[""I859038795""]",True
10.1109/tvcg.2020.3030358,A5038358235,2,"[""I859038795""]",True
10.1109/tvcg.2020.3030358,A5083271735,3,"[""I66946132""]",True
10.1109/tvcg.2020.3030358,A5025799993,4,[],True
10.1109/tvcg.2020.3030358,A5078046532,5,[],True
10.1109/tvcg.2020.3030358,A5035052603,6,"[""I859038795""]",True
10.1109/tvcg.2020.3030358,A5034277315,7,"[""I66946132""]",True
10.1109/tvcg.2020.3030336,A5004232884,1,"[""I2800006345""]",True
10.1109/tvcg.2020.3030336,A5002400455,2,"[""I2800006345""]",True
10.1109/tvcg.2020.3030336,A5083624725,3,"[""I2800006345""]",True
10.1109/tvcg.2020.3030336,A5012845744,4,"[""I2800006345""]",True
10.1109/tvcg.2020.3030336,A5065573589,5,"[""I2800006345""]",True
10.1109/tvcg.2020.3030336,A5019003563,6,"[""I2800006345""]",True
10.1109/tvcg.2020.3030336,A5019308726,7,"[""I2800006345"", ""I98358874""]",True
10.1109/tvcg.2020.3028975,A5017694658,1,"[""I926574661""]",True
10.1109/tvcg.2020.3028975,A5037571749,2,"[""I177969490""]",True
10.1109/tvcg.2020.3030414,A5101409834,1,"[""I139264467"", ""I66946132"", ""I2250650973""]",True
10.1109/tvcg.2020.3030414,A5100344647,2,"[""I139264467""]",True
10.1109/tvcg.2020.3030414,A5101506748,3,"[""I123900574"", ""I2799891827""]",True
10.1109/tvcg.2020.3030414,A5100393571,4,"[""I139264467"", ""I2250650973"", ""I66946132""]",True
10.1109/tvcg.2020.3030414,A5103242037,5,"[""I141371507""]",True
10.1109/tvcg.2020.3030414,A5042323667,6,"[""I83436808""]",True
10.1109/tvcg.2020.3030414,A5012388103,7,"[""I139264467""]",True
10.1109/tvcg.2020.3030411,A5109616081,1,"[""I4210144576"", ""I24943067""]",True
10.1109/tvcg.2020.3030411,A5057538550,2,"[""I4210144576"", ""I180825142""]",True
10.1109/tvcg.2020.3030411,A5022699013,3,"[""I4210144576"", ""I180825142""]",True
10.1109/tvcg.2020.3030411,A5062642598,4,"[""I162868743""]",True
10.1109/tvcg.2020.3030411,A5038943746,5,"[""I20231570""]",True
10.1109/tvcg.2020.3030393,A5078198844,1,"[""I76130692""]",True
10.1109/tvcg.2020.3030393,A5100344494,2,"[""I76130692""]",True
10.1109/tvcg.2020.3030393,A5100632219,3,"[""I76130692""]",True
10.1109/tvcg.2020.3030393,A5080701169,4,"[""I76130692""]",True
10.1109/tvcg.2020.3030393,A5100660205,5,"[""I4210145761""]",True
10.1109/tvcg.2020.3030393,A5010441587,6,"[""I76130692""]",True
10.1109/tvcg.2020.3030393,A5100326501,7,"[""I52357470""]",True
10.1109/tvcg.2020.3030393,A5058364844,8,"[""I76130692""]",True
10.1109/tvcg.2020.3030393,A5073986937,9,"[""I76130692"", ""I4210123185""]",True
10.1109/vast50239.2020.00013,A5042897510,1,"[""I162868743""]",True
10.1109/vast50239.2020.00013,A5002798053,2,"[""I162868743""]",True
10.1109/vast50239.2020.00013,A5102771812,3,"[""I162868743""]",True
10.1109/vast50239.2020.00013,A5069869295,4,"[""I183067930""]",True
10.1109/vast50239.2020.00013,A5086311840,5,"[""I162868743""]",True
10.1109/tvcg.2020.3030422,A5005494070,1,[],True
10.1109/tvcg.2020.3030422,A5043045895,2,[],True
10.1109/tvcg.2020.3030422,A5067858887,3,"[""I24603500""]",True
10.1109/tvcg.2020.3030422,A5043405353,4,[],True
10.1109/tvcg.2020.3030376,A5084148624,1,"[""I1333198813""]",True
10.1109/tvcg.2020.3030376,A5108428297,2,"[""I153267046"", ""I4387152675""]",True
10.1109/tvcg.2020.3030376,A5055750487,3,"[""I137230718"", ""I2799859273""]",True
10.1109/tvcg.2020.3030333,A5102819951,1,"[""I57206974""]",True
10.1109/tvcg.2020.3030333,A5025397194,2,"[""I223532165""]",True
10.1109/tvcg.2020.3030333,A5045433461,3,"[""I1338124936""]",True
10.1109/tvcg.2020.3030333,A5065645994,4,"[""I223532165""]",True
10.1109/tvcg.2020.3030333,A5048647256,5,"[""I223532165""]",True
10.1109/tvcg.2020.3030333,A5003584200,6,"[""I57206974""]",True
10.1109/tvcg.2020.3028953,A5062614232,1,"[""I83019370""]",True
10.1109/tvcg.2020.3028953,A5068366580,2,"[""I83019370""]",True
10.1109/tvcg.2020.3028953,A5000420564,3,"[""I83019370""]",True
10.1109/vast50239.2020.00015,A5079986783,1,"[""I139660479""]",True
10.1109/vast50239.2020.00015,A5101579765,2,"[""I139660479""]",True
10.1109/vast50239.2020.00015,A5080798381,3,"[""I139660479""]",True
10.1109/vast50239.2020.00015,A5101495078,4,"[""I76130692""]",True
10.1109/vast50239.2020.00015,A5100350503,5,"[""I-1""]",True
10.1109/vast50239.2020.00015,A5080765061,6,"[""I130769515""]",True
10.1109/vast50239.2020.00015,A5106723036,7,"[""I2252078561""]",True
10.1109/vast50239.2020.00015,A5016219620,8,"[""I4092182""]",True
10.1109/tvcg.2020.3030455,A5001966756,1,"[""I69048370""]",True
10.1109/tvcg.2020.3030455,A5101522343,2,"[""I114027177""]",True
10.1109/tvcg.2020.3030455,A5033866336,3,"[""I114027177""]",True
10.1109/tvcg.2020.3030455,A5077712580,4,"[""I114027177""]",True
10.1109/tvcg.2020.3030446,A5020020080,1,"[""I39586589""]",True
10.1109/tvcg.2020.3030446,A5039929397,2,"[""I39586589""]",True
10.1109/tvcg.2020.3030446,A5081381214,3,"[""I212119943""]",True
10.1109/tvcg.2020.3030429,A5061839283,1,"[""I66946132"", ""I1299303238""]",True
10.1109/tvcg.2020.3030429,A5019781916,2,"[""I27804330""]",True
10.1109/tvcg.2020.3030429,A5089605137,3,"[""I27837315""]",True
10.1109/tvcg.2020.3030429,A5034277315,4,"[""I66946132""]",True
10.1109/tvcg.2020.3030429,A5043405353,5,"[""I111979921""]",True
10.1109/tvcg.2020.3030407,A5087971684,1,"[""I185103710""]",True
10.1109/tvcg.2020.3030407,A5041908392,2,"[""I185103710""]",True
10.1109/tvcg.2020.3030407,A5027857474,3,"[""I185103710""]",True
10.1109/tvcg.2020.3030407,A5075722001,4,"[""I185103710""]",True
10.1109/tvcg.2020.3030405,A5014603089,1,"[""I223532165""]",True
10.1109/tvcg.2020.3030405,A5030758481,2,"[""I72951846""]",True
10.1109/tvcg.2020.3030405,A5015120030,3,"[""I155093810""]",True
10.1109/tvcg.2020.3030405,A5031057530,4,"[""I223532165""]",True
10.1109/tvcg.2020.3030405,A5008627422,5,"[""I223532165""]",True
10.1109/tvcg.2020.3030404,A5030239592,1,"[""I154099455""]",True
10.1109/tvcg.2020.3030404,A5058725831,2,"[""I154099455""]",True
10.1109/tvcg.2020.3030404,A5100609686,3,"[""I200769079""]",True
10.1109/tvcg.2020.3030404,A5100410058,4,[],True
10.1109/tvcg.2020.3030404,A5037110552,5,"[""I100066346""]",True
10.1109/tvcg.2020.3030404,A5036489223,6,"[""I189712700""]",True
10.1109/tvcg.2020.3030404,A5068526974,7,"[""I154099455""]",True
10.1109/tvcg.2020.3030402,A5000413604,1,"[""I219193219""]",True
10.1109/tvcg.2020.3030402,A5072794464,2,[],True
10.1109/tvcg.2020.3030402,A5069943922,3,[],True
10.1109/tvcg.2020.3030363,A5085147134,1,"[""I223532165""]",True
10.1109/tvcg.2020.3030363,A5084707380,2,"[""I223532165""]",True
10.1109/tvcg.2020.3030363,A5075651562,3,"[""I223532165""]",True
10.1109/tvcg.2020.3030363,A5047677160,4,"[""I223532165""]",True
10.1109/tvcg.2020.3030363,A5002575061,5,"[""I223532165"", ""I121980950""]",True
10.1109/tvcg.2020.3030363,A5059119847,6,"[""I4210151938""]",True
10.1109/tvcg.2020.3030363,A5072475394,7,"[""I4210151938""]",True
10.1109/tvcg.2020.3030363,A5009460413,8,"[""I223532165""]",True
10.1109/vast50239.2020.00011,A5014009990,1,"[""I90727586"", ""I76130692""]",True
10.1109/vast50239.2020.00011,A5045481063,2,"[""I90727586""]",True
10.1109/vast50239.2020.00011,A5101919507,3,"[""I90727586""]",True
10.1109/vast50239.2020.00011,A5101855382,4,"[""I90727586""]",True
10.1109/vast50239.2020.00011,A5100664249,5,"[""I90727586""]",True
10.1109/vast50239.2020.00011,A5102943951,6,"[""I90727586""]",True
10.1109/vast50239.2020.00011,A5101934910,7,"[""I90727586""]",True
10.1109/vast50239.2020.00011,A5071560359,8,"[""I139660479""]",True
10.1109/vast50239.2020.00011,A5100344494,9,"[""I76130692""]",True
10.1109/vast50239.2020.00010,A5074006931,1,"[""I84218800""]",True
10.1109/vast50239.2020.00010,A5018820623,2,"[""I151746483""]",True
10.1109/vast50239.2020.00010,A5025376488,3,"[""I26274970""]",True
10.1109/vast50239.2020.00010,A5037161857,4,"[""I84218800""]",True
10.1109/tvcg.2020.3030476,A5023392600,1,"[""I277688954"", ""I4210144804""]",True
10.1109/tvcg.2020.3030453,A5056362617,1,"[""I84218800""]",True
10.1109/tvcg.2020.3030453,A5037161857,2,"[""I84218800""]",True
10.1109/tvcg.2020.3030438,A5022892688,1,"[""I4210125789"", ""I56858762""]",True
10.1109/tvcg.2020.3030438,A5018764541,2,"[""I56858762"", ""I21449261""]",True
10.1109/tvcg.2020.3030438,A5081589998,3,"[""I56858762"", ""I4210125789""]",True
10.1109/tvcg.2020.3030438,A5039343836,4,"[""I21449261""]",True
10.1109/tvcg.2020.3030438,A5070422569,5,"[""I21449261""]",True
10.1109/tvcg.2020.3030438,A5008182880,6,"[""I4210125789"", ""I21449261""]",True
10.1109/tvcg.2020.3030438,A5074068834,7,"[""I56858762"", ""I4210125789""]",True
10.1109/tvcg.2020.3030438,A5002000124,8,"[""I56858762"", ""I4210125789""]",True
10.1109/tvcg.2020.3030438,A5022022242,9,"[""I21449261""]",True
10.1109/tvcg.2020.3030426,A5079152739,1,"[""I99464096""]",True
10.1109/tvcg.2020.3030426,A5087960974,2,"[""I99464096""]",True
10.1109/tvcg.2020.3030426,A5003045863,3,"[""I99464096""]",True
10.1109/tvcg.2020.3030426,A5085957643,4,"[""I99464096""]",True
10.1109/tvcg.2020.3030426,A5076331387,5,"[""I99464096""]",True
10.1109/tvcg.2020.3030385,A5005364495,1,"[""I84218800""]",True
10.1109/tvcg.2020.3030385,A5000189941,2,"[""I84218800""]",True
10.1109/tvcg.2020.3030385,A5069623056,3,"[""I84218800""]",True
10.1109/tvcg.2020.3030385,A5037161857,4,"[""I84218800""]",True
10.1109/tvcg.2020.3030383,A5089660348,1,"[""I44504214""]",True
10.1109/tvcg.2020.3030383,A5070684680,2,"[""I887064364""]",True
10.1109/tvcg.2020.3030383,A5051025031,3,"[""I83019370""]",True
10.1109/tvcg.2020.3030369,A5019333583,1,"[""I24603500""]",True
10.1109/tvcg.2020.3030369,A5008337640,2,"[""I24603500""]",True
10.1109/tvcg.2020.3030369,A5036518572,3,"[""I24603500""]",True
10.1109/tvcg.2020.3028892,A5024186179,1,"[""I44461941""]",True
10.1109/tvcg.2020.3028892,A5019293298,2,"[""I44461941""]",True
10.1109/tvcg.2020.3028892,A5055426585,3,"[""I44461941""]",True
10.1109/tvcg.2020.3028890,A5061311189,1,"[""I142606810"", ""I859038795""]",True
10.1109/tvcg.2020.3028890,A5037675411,2,"[""I859038795""]",True
10.1109/tvcg.2020.3030470,A5039910512,1,"[""I1304085615""]",True
10.1109/tvcg.2020.3030470,A5065331110,2,"[""I1304085615""]",True
10.1109/tvcg.2020.3030470,A5084707380,3,"[""I1304085615""]",True
10.1109/tvcg.2020.3030470,A5075651562,4,"[""I1304085615""]",True
10.1109/tvcg.2020.3030470,A5040060768,5,"[""I1304085615""]",True
10.1109/tvcg.2020.3030470,A5009460413,6,"[""I1304085615""]",True
10.1109/tvcg.2020.3030420,A5050632485,1,"[""I100066346""]",True
10.1109/tvcg.2020.3030420,A5109576204,2,"[""I100066346""]",True
10.1109/tvcg.2020.3030420,A5102902131,3,"[""I100066346""]",True
10.1109/tvcg.2020.3030420,A5038629539,4,"[""I100066346""]",True
10.1109/tvcg.2020.3030399,A5059755187,1,"[""I4210105990"", ""I135140700""]",True
10.1109/tvcg.2020.3030399,A5061113615,2,"[""I135140700"", ""I4210105990""]",True
10.1109/tvcg.2020.3030399,A5034209052,3,"[""I4210105990"", ""I135140700""]",True
10.1109/tvcg.2020.3030399,A5049298894,4,"[""I4210105990"", ""I135140700""]",True
10.1109/tvcg.2020.3030398,A5065218054,1,"[""I189712700""]",True
10.1109/tvcg.2020.3030398,A5074126331,2,"[""I189712700""]",True
10.1109/tvcg.2020.3030398,A5079507712,3,[],True
10.1109/tvcg.2020.3030398,A5073919282,4,"[""I189712700""]",True
10.1109/tvcg.2020.3030398,A5016219620,5,"[""I4092182""]",True
10.1109/tvcg.2020.3030377,A5101700128,1,"[""I99065089""]",True
10.1109/tvcg.2020.3030377,A5100379176,2,"[""I99065089""]",True
10.1109/tvcg.2020.3030377,A5100447162,3,[],True
10.1109/tvcg.2020.3030377,A5038943746,4,"[""I20231570""]",True
10.1109/tvcg.2020.3030377,A5080894318,5,"[""I99065089""]",True
10.1109/tvcg.2020.3030366,A5009949914,1,"[""I87182695""]",True
10.1109/tvcg.2020.3030366,A5016139323,2,"[""I87182695""]",True
10.1109/tvcg.2020.3030366,A5037162594,3,"[""I130701444"", ""I87182695""]",True
10.1109/tvcg.2020.3030366,A5017887628,4,"[""I175594653""]",True
10.1109/tvcg.2020.3030366,A5034838576,5,"[""I87182695""]",True
10.1109/tvcg.2020.3030366,A5070975377,6,"[""I175594653""]",True
10.1109/tvcg.2020.3030366,A5063230893,7,"[""I87182695""]",True
10.1109/tvcg.2020.3030366,A5065943691,8,"[""I87182695""]",True
10.1109/tvcg.2020.3030430,A5040019133,1,[],True
10.1109/tvcg.2020.3030430,A5017894606,2,[],True
10.1109/tvcg.2020.3030430,A5083806955,3,[],True
10.1109/tvcg.2020.3030412,A5001128245,1,"[""I84218800""]",True
10.1109/tvcg.2020.3030412,A5037161857,2,"[""I84218800""]",True
10.1109/tvcg.2020.3030412,A5110060027,3,"[""I1294297726""]",True
10.1109/tvcg.2020.3030412,A5003048902,4,"[""I1294297726""]",True
10.1109/tvcg.2020.3030400,A5065310344,1,"[""I100066346""]",True
10.1109/tvcg.2020.3030400,A5047790910,2,"[""I100066346""]",True
10.1109/tvcg.2020.3030400,A5073689447,3,[],True
10.1109/tvcg.2020.3030400,A5062786312,4,"[""I100066346""]",True
10.1109/tvcg.2020.3030400,A5037110552,5,"[""I100066346""]",True
10.1109/tvcg.2020.3030400,A5040353906,6,"[""I74973139""]",True
10.1109/tvcg.2020.3030379,A5055311360,1,"[""I102335020""]",True
10.1109/tvcg.2020.3030379,A5033421842,2,"[""I102335020""]",True
10.1109/tvcg.2020.3030379,A5026357260,3,"[""I102335020""]",True
10.1109/tvcg.2020.3030372,A5018442175,1,"[""I63966007""]",True
10.1109/tvcg.2020.3030372,A5112852462,2,"[""I76130692""]",True
10.1109/tvcg.2020.3030372,A5091296386,3,"[""I76130692""]",True
10.1109/tvcg.2020.3030372,A5009763002,4,"[""I66946132""]",True
10.1109/tvcg.2020.3030372,A5089451178,5,"[""I121934306""]",True
10.1109/tvcg.2020.3030372,A5074724644,6,"[""I63966007""]",True
10.1109/tvcg.2020.3030364,A5100454062,1,"[""I56590836"", ""I2801239119""]",True
10.1109/tvcg.2020.3030364,A5008149778,2,"[""I2801239119"", ""I56590836""]",True
10.1109/tvcg.2020.3030364,A5022380691,3,"[""I2801239119"", ""I56590836""]",True
10.1109/tvcg.2020.3030364,A5078536303,4,"[""I2801239119"", ""I56590836""]",True
10.1109/tvcg.2020.3030364,A5085695563,5,"[""I2801239119"", ""I56590836""]",True
10.1109/tvcg.2020.3028956,A5090268064,1,"[""I22299242""]",True
10.1109/tvcg.2020.3028956,A5015877702,2,"[""I36258959"", ""I-1"", ""I150209017""]",True
10.1109/tvcg.2020.3028956,A5071602354,3,"[""I1307098950""]",True
10.1109/tvcg.2020.3028956,A5069861564,4,"[""I22299242""]",True
10.1109/tvcg.2020.3028956,A5005438899,5,"[""I36258959"", ""I150209017""]",True
10.1109/tvcg.2020.3030451,A5043608701,1,"[""I4210144839""]",True
10.1109/tvcg.2020.3030451,A5013856888,2,"[""I4210144839""]",True
10.1109/tvcg.2020.3030451,A5030066648,3,"[""I4210144839""]",True
10.1109/tvcg.2020.3030449,A5100609686,1,"[""I200769079"", ""I889458895""]",True
10.1109/tvcg.2020.3030449,A5067755451,2,"[""I40120149""]",True
10.1109/tvcg.2020.3030449,A5112506607,3,"[""I40120149""]",True
10.1109/tvcg.2020.3030449,A5091466289,4,"[""I200769079"", ""I889458895""]",True
10.1109/tvcg.2020.3030449,A5100337178,5,"[""I40120149""]",True
10.1109/tvcg.2020.3030425,A5052486843,1,"[""I51441396""]",True
10.1109/tvcg.2020.3030425,A5002833686,2,"[""I51441396""]",True
10.1109/tvcg.2020.3030425,A5014375244,3,"[""I206945453""]",True
10.1109/tvcg.2020.3030425,A5027915931,4,"[""I51441396""]",True
10.1109/tvcg.2020.3030425,A5075539047,5,"[""I51441396""]",True
10.1109/tvcg.2020.3030391,A5089177147,1,"[""I63966007""]",True
10.1109/tvcg.2020.3030391,A5034972111,2,[],True
10.1109/tvcg.2020.3030391,A5038043083,3,"[""I4210098141""]",True
10.1109/tvcg.2020.3030391,A5061164871,4,"[""I4210098141""]",True
10.1109/tvcg.2020.3030391,A5101500495,5,"[""I4210098141""]",True
10.1109/tvcg.2020.3030391,A5081008532,6,[],True
10.1109/tvcg.2020.3030388,A5061570075,1,"[""I76198965""]",True
10.1109/tvcg.2020.3030388,A5009889779,2,"[""I4387153937"", ""I2802076133""]",True
10.1109/tvcg.2020.3030388,A5068022404,3,[],True
10.1109/tvcg.2020.3030388,A5005017697,4,"[""I76198965""]",True
10.1109/tvcg.2020.3030345,A5043045895,1,[],True
10.1109/tvcg.2020.3030345,A5087146581,2,"[""I107077323""]",True
10.1109/tvcg.2020.3030345,A5112562638,3,"[""I107077323""]",True
10.1109/tvcg.2020.3030345,A5043405353,4,[],True
10.1109/tvcg.2020.3030436,A5081576889,1,"[""I145847075""]",True
10.1109/tvcg.2020.3030436,A5057757147,2,"[""I179863766""]",True
10.1109/tvcg.2020.3030436,A5022294742,3,"[""I71920554""]",True
10.1109/tvcg.2020.3030431,A5078987756,1,"[""I131249849""]",True
10.1109/tvcg.2020.3030431,A5050543367,2,"[""I131249849""]",True
10.1109/tvcg.2020.3030431,A5100333760,3,"[""I131249849""]",True
10.1109/tvcg.2020.3030431,A5026074051,4,"[""I131249849""]",True
10.1109/tvcg.2020.3030421,A5036159118,1,"[""I2613432""]",True
10.1109/tvcg.2020.3030421,A5032598257,2,"[""I2613432""]",True
10.1109/tvcg.2020.3030386,A5088492233,1,"[""I189712700""]",True
10.1109/tvcg.2020.3030386,A5071098711,2,"[""I189712700""]",True
10.1109/tvcg.2020.3030386,A5019671636,3,"[""I189712700""]",True
10.1109/tvcg.2020.3030386,A5012353622,4,"[""I4210114058""]",True
10.1109/tvcg.2020.3030386,A5073919282,5,"[""I189712700""]",True
10.1109/tvcg.2020.3030384,A5101657309,1,"[""I149910238""]",True
10.1109/tvcg.2020.3030384,A5026193206,2,"[""I149910238""]",True
10.1109/tvcg.2020.3030384,A5102759669,3,"[""I149910238""]",True
10.1109/tvcg.2020.3030384,A5100383960,4,"[""I59553526""]",True
10.1109/tvcg.2020.3030384,A5038957718,5,"[""I59553526""]",True
10.1109/tvcg.2020.3030384,A5062034448,6,"[""I200870766""]",True
10.1109/tvcg.2020.3030384,A5103818338,7,"[""I200870766""]",True
10.1109/tvcg.2020.3030357,A5053862853,1,"[""I138006243""]",True
10.1109/tvcg.2020.3030357,A5051501490,2,"[""I1282311441""]",True
10.1109/tvcg.2020.3030357,A5074020575,3,"[""I1282311441""]",True
10.1109/tvcg.2020.3030357,A5109687011,4,"[""I1282311441""]",True
10.1109/tvcg.2020.3030357,A5009771339,5,"[""I138006243""]",True
10.1109/tvcg.2020.3028955,A5088801169,1,"[""I926574661""]",True
10.1109/tvcg.2020.3028955,A5029495631,2,"[""I40120149""]",True
10.1109/tvcg.2020.3028955,A5063964395,3,"[""I1343871089""]",True
10.1109/tvcg.2020.3028955,A5012964681,4,"[""I2800289517""]",True
10.1109/tvcg.2020.3028955,A5029336209,5,"[""I926574661""]",True
10.1109/tvcg.2020.3028894,A5100442802,1,"[""I124055696"", ""I202697423""]",True
10.1109/tvcg.2020.3028894,A5045593944,2,"[""I202697423""]",True
10.1109/tvcg.2020.3028894,A5034680150,3,"[""I1294671590"", ""I277688954"", ""I102197404""]",True
10.1109/tvcg.2020.3028894,A5015615908,4,"[""I124055696""]",True
10.1109/tvcg.2020.3028894,A5110687741,5,"[""I202697423""]",True
10.1109/tvcg.2020.3028893,A5100338921,1,"[""I4210143137""]",True
10.1109/tvcg.2020.3028893,A5100323369,2,"[""I4210143137""]",True
10.1109/vast50239.2020.00012,A5101637594,1,"[""I219193219""]",True
10.1109/vast50239.2020.00012,A5008112425,2,"[""I219193219""]",True
10.1109/vast50239.2020.00012,A5101512458,3,"[""I84653119""]",True
10.1109/vast50239.2020.00012,A5075473605,4,"[""I243754102""]",True
10.1109/vast50239.2020.00012,A5000175003,5,"[""I219193219""]",True
10.1109/vast50239.2020.00012,A5070883643,6,"[""I199693650""]",True
10.1109/vast50239.2020.00012,A5050595151,7,"[""I188538660"", ""I2802236040""]",True
10.1109/vast50239.2020.00012,A5000123743,8,"[""I219193219""]",True
10.1109/vast50239.2020.00012,A5018584803,9,"[""I8692664""]",True
10.1109/vast50239.2020.00008,A5020005843,1,"[""I84218800""]",True
10.1109/vast50239.2020.00008,A5065789205,2,"[""I1334627681""]",True
10.1109/vast50239.2020.00008,A5061885176,3,"[""I1334627681""]",True
10.1109/vast50239.2020.00008,A5007603754,4,"[""I1334627681""]",True
10.1109/vast50239.2020.00008,A5037161857,5,"[""I84218800""]",True
10.1109/tvcg.2020.3030452,A5022783388,1,"[""I98358874""]",True
10.1109/tvcg.2020.3030452,A5048229839,2,"[""I98358874""]",True
10.1109/tvcg.2020.3030368,A5071777317,1,"[""I154099455""]",True
10.1109/tvcg.2020.3030368,A5103268247,2,"[""I154099455""]",True
10.1109/tvcg.2020.3030368,A5100425172,3,"[""I223532165""]",True
10.1109/tvcg.2020.3030368,A5100410058,4,[],True
10.1109/tvcg.2020.3030368,A5010714340,5,"[""I20231570""]",True
10.1109/tvcg.2020.3030368,A5073619125,6,"[""I100066346""]",True
10.1109/tvcg.2020.3030368,A5068526974,7,"[""I154099455""]",True
10.1109/tvcg.2020.3030355,A5085246385,1,"[""I138006243""]",True
10.1109/tvcg.2020.3030355,A5006952113,2,"[""I138006243""]",True
10.1109/tvcg.2020.3030355,A5009771339,3,"[""I138006243""]",True
10.1109/tvcg.2020.3028954,A5101640687,1,"[""I78650965""]",True
10.1109/tvcg.2020.3028954,A5000173125,2,"[""I78650965""]",True
10.1109/tvcg.2020.3030373,A5100727864,1,"[""I138006243""]",True
10.1109/tvcg.2020.3030373,A5006196334,2,"[""I138006243""]",True
10.1109/tvcg.2020.3030373,A5003147292,3,"[""I138006243""]",True
10.1109/tvcg.2020.3030373,A5055025904,4,"[""I138006243""]",True
10.1109/tvcg.2020.3028958,A5004845067,1,"[""I55732556""]",True
10.1109/tvcg.2020.3028958,A5101409792,2,"[""I55732556""]",True
10.1109/tvcg.2020.3028958,A5068043486,3,"[""I157725225""]",True
10.1109/tvcg.2020.3028958,A5005663679,4,"[""I33213144""]",True
10.1109/tvcg.2020.3028958,A5026799813,5,"[""I55732556""]",True
10.1109/tvcg.2020.3030466,A5091569809,1,"[""I223822909""]",True
10.1109/tvcg.2020.3030466,A5011941798,2,"[""I223822909""]",True
10.1109/tvcg.2020.3030389,A5042938029,1,"[""I4432739""]",True
10.1109/tvcg.2020.3030389,A5072464496,2,"[""I4432739""]",True
10.1109/tvcg.2020.3030389,A5000755776,3,"[""I4432739""]",True
10.1109/tvcg.2020.3030356,A5022655122,1,"[""I21449261""]",True
10.1109/tvcg.2020.3030356,A5031874754,2,"[""I21449261""]",True
10.1109/tvcg.2020.3030356,A5080089561,3,"[""I21449261""]",True
10.1109/tvcg.2020.3030356,A5002378541,4,"[""I21449261""]",True
10.1109/tvcg.2020.3030356,A5007804770,5,"[""I4432739""]",True
10.1109/tvcg.2020.3030356,A5022022242,6,"[""I21449261""]",True
10.1109/tvcg.2020.3030409,A5001186358,1,"[""I1343190059""]",True
10.1109/tvcg.2020.3030409,A5024683903,2,"[""I47508984""]",True
10.1109/tvcg.2020.3030409,A5067696548,3,"[""I1343190059""]",True
10.1109/tvcg.2020.3030409,A5030913654,4,"[""I47508984""]",True
10.1109/tvcg.2020.3030409,A5019308726,5,"[""I98358874""]",True
10.1109/tvcg.2020.3030409,A5110321988,6,"[""I145847075""]",True
10.1109/tvcg.2020.3030395,A5040165209,1,"[""I926574661""]",True
10.1109/tvcg.2020.3030382,A5078755914,1,"[""I130701444""]",True
10.1109/tvcg.2020.3030382,A5032693567,2,"[""I-1""]",True
10.1109/tvcg.2020.3030382,A5064306421,3,"[""I130701444""]",True
10.1109/tvcg.2019.2934619,A5081809692,1,"[""I1291425158""]",True
10.1109/tvcg.2019.2934619,A5007386215,2,"[""I1291425158""]",True
10.1109/tvcg.2019.2934619,A5082178510,3,"[""I1291425158""]",True
10.1109/tvcg.2019.2934619,A5039276358,4,"[""I1291425158""]",True
10.1109/tvcg.2019.2934619,A5059594867,5,"[""I1291425158""]",True
10.1109/tvcg.2019.2934619,A5085572000,6,"[""I1291425158""]",True
10.1109/tvcg.2019.2934659,A5034842879,1,"[""I130701444""]",True
10.1109/tvcg.2019.2934659,A5020702008,2,"[""I130701444""]",True
10.1109/tvcg.2019.2934659,A5066063583,3,"[""I130701444""]",True
10.1109/tvcg.2019.2934659,A5020153026,4,"[""I130701444""]",True
10.1109/vast47406.2019.8986948,A5060162507,1,"[""I130701444""]",True
10.1109/vast47406.2019.8986948,A5041694845,2,"[""I130701444""]",True
10.1109/vast47406.2019.8986948,A5034842879,3,"[""I130701444""]",True
10.1109/vast47406.2019.8986948,A5042350842,4,"[""I130701444""]",True
10.1109/vast47406.2019.8986948,A5045592180,5,"[""I130701444""]",True
10.1109/vast47406.2019.8986948,A5020153026,6,"[""I130701444""]",True
10.1109/tvcg.2019.2934629,A5004978832,1,"[""I189712700""]",True
10.1109/tvcg.2019.2934629,A5074126331,2,"[""I189712700""]",True
10.1109/tvcg.2019.2934629,A5109040635,3,"[""I189712700""]",True
10.1109/tvcg.2019.2934629,A5020415668,4,"[""I189712700""]",True
10.1109/tvcg.2019.2934287,A5068008545,1,[],True
10.1109/tvcg.2019.2934415,A5029771386,1,"[""I18014758"", ""I130442723"", ""I94328231""]",True
10.1109/tvcg.2019.2934415,A5085460170,2,"[""I18014758""]",True
10.1109/tvcg.2019.2934415,A5020976385,3,"[""I130442723"", ""I94328231""]",True
10.1109/tvcg.2019.2934398,A5100377652,1,"[""I4210113369""]",True
10.1109/tvcg.2019.2934398,A5008962649,2,"[""I889458895"", ""I200769079""]",True
10.1109/tvcg.2019.2934398,A5101789836,3,"[""I4210113369""]",True
10.1109/tvcg.2019.2934398,A5100653962,4,"[""I4210113369""]",True
10.1109/tvcg.2019.2934398,A5025567094,5,"[""I889458895"", ""I200769079""]",True
10.1109/tvcg.2019.2934398,A5026376235,6,"[""I889458895"", ""I200769079""]",True
10.1109/tvcg.2019.2934398,A5100331488,7,"[""I4210113369""]",True
10.1109/tvcg.2019.2934803,A5054015080,1,"[""I66946132""]",True
10.1109/tvcg.2019.2934803,A5028376903,2,"[""I170239107""]",True
10.1109/tvcg.2019.2934803,A5009543696,3,"[""I56590836""]",True
10.1109/tvcg.2019.2934803,A5034277315,4,"[""I66946132""]",True
10.1109/tvcg.2019.2934803,A5008149778,5,"[""I56590836""]",True
10.1109/tvcg.2019.2934803,A5070284079,6,"[""I170239107""]",True
10.1109/tvcg.2019.2934803,A5085695563,7,"[""I56590836""]",True
10.1109/tvcg.2019.2934668,A5100604886,1,"[""I57206974""]",True
10.1109/tvcg.2019.2934668,A5003584200,2,"[""I57206974""]",True
10.1109/tvcg.2019.2934785,A5100653962,1,"[""I4210113369""]",True
10.1109/tvcg.2019.2934785,A5100419419,2,"[""I84218800""]",True
10.1109/tvcg.2019.2934785,A5100377652,3,"[""I4210113369""]",True
10.1109/tvcg.2019.2934785,A5036072216,4,"[""I4210113369""]",True
10.1109/tvcg.2019.2934785,A5100760119,5,"[""I4210113369""]",True
10.1109/tvcg.2019.2934785,A5033174228,6,"[""I4210113369""]",True
10.1109/tvcg.2019.2934785,A5101789836,7,"[""I4210113369""]",True
10.1109/tvcg.2019.2934785,A5081950809,8,"[""I4210113369""]",True
10.1109/tvcg.2019.2934785,A5100331488,9,"[""I4210113369""]",True
10.1109/tvcg.2019.2934251,A5074006931,1,"[""I84218800""]",True
10.1109/tvcg.2019.2934251,A5045378026,2,"[""I84218800""]",True
10.1109/tvcg.2019.2934251,A5037161857,3,"[""I84218800""]",True
10.1109/tvcg.2019.2934538,A5052445776,1,"[""I168635309""]",True
10.1109/tvcg.2019.2934538,A5023953972,2,"[""I5023651"", ""I168635309""]",True
10.1109/tvcg.2019.2934538,A5021674827,3,"[""I168635309""]",True
10.1109/tvcg.2019.2934538,A5011981456,4,"[""I168635309"", ""I122140584""]",True
10.1109/tvcg.2019.2934538,A5069232944,5,"[""I168635309"", ""I124055696""]",True
10.1109/tvcg.2019.2934538,A5012561411,6,"[""I168635309"", ""I18014758""]",True
10.1109/tvcg.2019.2934538,A5079469658,7,"[""I168635309""]",True
10.1109/tvcg.2019.2934395,A5026296265,1,"[""I189712700""]",True
10.1109/tvcg.2019.2934395,A5088066148,2,"[""I189712700""]",True
10.1109/tvcg.2019.2934395,A5072598654,3,"[""I1325886976""]",True
10.1109/tvcg.2019.2934395,A5111966355,4,"[""I1325886976""]",True
10.1109/tvcg.2019.2934395,A5073919282,5,"[""I189712700""]",True
10.1109/tvcg.2019.2934395,A5001876683,6,"[""I189712700""]",True
10.1109/tvcg.2019.2934283,A5039822376,1,"[""I4210091437"", ""I4210150358"", ""I4210141120"", ""I39804081""]",True
10.1109/tvcg.2019.2934283,A5001649622,2,"[""I212119943""]",True
10.1109/tvcg.2019.2934630,A5100404535,1,"[""I76130692""]",True
10.1109/tvcg.2019.2934630,A5112473119,2,"[""I76130692""]",True
10.1109/tvcg.2019.2934630,A5049050148,3,"[""I76130692""]",True
10.1109/tvcg.2019.2934630,A5088672772,4,"[""I76130692""]",True
10.1109/tvcg.2019.2934630,A5078565296,5,"[""I76130692""]",True
10.1109/tvcg.2019.2934630,A5047899161,6,"[""I76130692""]",True
10.1109/tvcg.2019.2934630,A5108035744,7,"[""I76130692""]",True
10.1109/tvcg.2019.2934630,A5073986937,8,"[""I76130692""]",True
10.1109/tvcg.2019.2934433,A5074006931,1,"[""I84218800""]",True
10.1109/tvcg.2019.2934433,A5061957179,2,"[""I84218800""]",True
10.1109/tvcg.2019.2934433,A5000189941,3,"[""I84218800""]",True
10.1109/tvcg.2019.2934433,A5024059541,4,"[""I4210120115""]",True
10.1109/tvcg.2019.2934433,A5103725392,5,"[""I4210120115""]",True
10.1109/tvcg.2019.2934433,A5037161857,6,"[""I84218800""]",True
10.1109/tvcg.2019.2934631,A5101409792,1,"[""I55732556"", ""I4210143601""]",True
10.1109/tvcg.2019.2934631,A5004845067,2,"[""I55732556"", ""I4210143601""]",True
10.1109/tvcg.2019.2934631,A5029588473,3,"[""I51556381""]",True
10.1109/tvcg.2019.2934631,A5026799813,4,"[""I55732556"", ""I4210143601""]",True
10.1109/tvcg.2019.2934810,A5082790087,1,"[""I889458895"", ""I200769079""]",True
10.1109/tvcg.2019.2934810,A5100377652,2,"[""I4210113369"", ""I889458895"", ""I200769079""]",True
10.1109/tvcg.2019.2934810,A5100609686,3,"[""I200769079"", ""I889458895""]",True
10.1109/tvcg.2019.2934810,A5100424394,4,"[""I889458895"", ""I200769079"", ""I4210113369""]",True
10.1109/tvcg.2019.2934810,A5091466289,5,"[""I889458895"", ""I200769079""]",True
10.1109/tvcg.2019.2934655,A5071560359,1,"[""I139660479""]",True
10.1109/tvcg.2019.2934655,A5003582509,2,"[""I139660479""]",True
10.1109/tvcg.2019.2934655,A5036555199,3,"[""I139660479""]",True
10.1109/tvcg.2019.2934655,A5100767423,4,"[""I139660479""]",True
10.1109/tvcg.2019.2934655,A5077488582,5,"[""I139660479""]",True
10.1109/tvcg.2019.2934655,A5100736732,6,"[""I139660479""]",True
10.1109/tvcg.2019.2934655,A5100639872,7,[],True
10.1109/tvcg.2019.2934655,A5100613649,8,"[""I179026463""]",True
10.1109/tvcg.2019.2934655,A5100344494,9,"[""I76130692""]",True
10.1109/vast47406.2019.8986943,A5081274814,1,"[""I99065089""]",True
10.1109/vast47406.2019.8986943,A5035560166,2,"[""I99065089""]",True
10.1109/vast47406.2019.8986943,A5079986783,3,"[""I139660479""]",True
10.1109/vast47406.2019.8986943,A5013863229,4,"[""I79510175""]",True
10.1109/vast47406.2019.8986943,A5100350382,5,"[""I99065089""]",True
10.1109/vast47406.2019.8986943,A5038775008,6,"[""I99065089""]",True
10.1109/tvcg.2019.2934307,A5034214530,1,"[""I98358874"", ""I4210100430""]",True
10.1109/tvcg.2019.2934307,A5036528208,2,"[""I98358874""]",True
10.1109/tvcg.2019.2934307,A5022951041,3,"[""I4210100430""]",True
10.1109/tvcg.2019.2934307,A5019308726,4,"[""I2800006345"", ""I98358874""]",True
10.1109/tvcg.2019.2934307,A5064039493,5,"[""I2800006345""]",True
10.1109/tvcg.2019.2934307,A5019003563,6,"[""I98358874"", ""I2800006345""]",True
10.1109/tvcg.2019.2934307,A5048229839,7,"[""I98358874""]",True
10.1109/tvcg.2019.2934307,A5086223886,8,"[""I98358874""]",True
10.1109/tvcg.2019.2934539,A5008627422,1,"[""I223532165""]",True
10.1109/tvcg.2019.2934539,A5079369129,2,"[""I180825142""]",True
10.1109/tvcg.2019.2934397,A5104038125,1,"[""I4210164937"", ""I1290206253""]",True
10.1109/tvcg.2019.2934397,A5065644953,2,"[""I4210164937"", ""I1290206253""]",True
10.1109/tvcg.2019.2934397,A5024860629,3,"[""I1326498283"", ""I277688954""]",True
10.1109/tvcg.2019.2934397,A5061568946,4,"[""I66946132""]",True
10.1109/tvcg.2019.2934281,A5077783676,1,"[""I63966007""]",True
10.1109/tvcg.2019.2934281,A5065644953,2,"[""I4210164937""]",True
10.1109/tvcg.2019.2934281,A5086732355,3,"[""I154570441""]",True
10.1109/tvcg.2019.2934281,A5090570042,4,"[""I201448701""]",True
10.1109/tvcg.2019.2934281,A5082668404,5,"[""I130701444""]",True
10.1109/tvcg.2019.2934281,A5061223874,6,"[""I130701444""]",True
10.1109/tvcg.2019.2934281,A5104038125,7,"[""I4210164937""]",True
10.1109/tvcg.2019.2934281,A5100745766,8,"[""I1306409833""]",True
10.1109/tvcg.2019.2934547,A5052337056,1,"[""I136199984"", ""I4210155419""]",True
10.1109/tvcg.2019.2934547,A5010238198,2,"[""I136199984""]",True
10.1109/tvcg.2019.2934547,A5038566732,3,"[""I136199984""]",True
10.1109/tvcg.2019.2934547,A5004813317,4,"[""I136199984""]",True
10.1109/tvcg.2019.2934547,A5081885843,5,"[""I136199984"", ""I4210155419""]",True
10.1109/tvcg.2019.2934547,A5063426870,6,"[""I4210155419"", ""I136199984""]",True
10.1109/tvcg.2019.2934547,A5043151044,7,"[""I136199984""]",True
10.1109/tvcg.2019.2934267,A5101458443,1,"[""I200769079"", ""I889458895""]",True
10.1109/tvcg.2019.2934267,A5024059541,2,"[""I4210120115""]",True
10.1109/tvcg.2019.2934267,A5073000458,3,"[""I889458895"", ""I200769079""]",True
10.1109/tvcg.2019.2934267,A5091466289,4,"[""I200769079"", ""I889458895""]",True
10.1109/tvcg.2019.2934267,A5103725392,5,"[""I4210120115""]",True
10.1109/tvcg.2019.2934396,A5045378026,1,"[""I84218800""]",True
10.1109/tvcg.2019.2934396,A5037161857,2,"[""I84218800""]",True
10.1109/tvcg.2019.2934284,A5059179417,1,"[""I2802236040"", ""I188538660""]",True
10.1109/tvcg.2019.2934284,A5060574964,2,"[""I188538660"", ""I2802236040""]",True
10.1109/tvcg.2019.2934284,A5056903170,3,"[""I188538660"", ""I2802236040""]",True
10.1109/tvcg.2019.2934399,A5067858887,1,[],True
10.1109/tvcg.2019.2934399,A5063248557,2,"[""I2801857525""]",True
10.1109/tvcg.2019.2934399,A5068008545,3,[],True
10.1109/tvcg.2019.2934399,A5043405353,4,[],True
10.1109/tvcg.2019.2934262,A5040410232,1,"[""I170201317""]",True
10.1109/tvcg.2019.2934262,A5042159546,2,"[""I170201317""]",True
10.1109/tvcg.2019.2934312,A5091314206,1,"[""I52357470""]",True
10.1109/tvcg.2019.2934312,A5100669433,2,"[""I52357470""]",True
10.1109/tvcg.2019.2934312,A5054749881,3,"[""I1282105669""]",True
10.1109/tvcg.2019.2934312,A5074351233,4,"[""I52357470""]",True
10.1109/tvcg.2019.2934312,A5065630217,5,"[""I52357470""]",True
10.1109/tvcg.2019.2934312,A5103778313,6,"[""I1282105669""]",True
10.1109/tvcg.2019.2934312,A5023994860,7,"[""I1282105669""]",True
10.1109/tvcg.2019.2934312,A5108096533,8,"[""I1282105669""]",True
10.1109/tvcg.2019.2934790,A5020533126,1,"[""I84392919"", ""I168635309""]",True
10.1109/tvcg.2019.2934790,A5069237103,2,"[""I39470171""]",True
10.1109/tvcg.2019.2934790,A5082796790,3,"[""I16835326""]",True
10.1109/tvcg.2019.2934790,A5071066797,4,"[""I277688954"", ""I12356871"", ""I4210165912""]",True
10.1109/tvcg.2019.2934790,A5048992354,5,"[""I124357947"", ""I180825142""]",True
10.1109/tvcg.2019.2934790,A5042382359,6,"[""I39470171""]",True
10.1109/tvcg.2019.2934790,A5012561411,7,"[""I168635309"", ""I18014758""]",True
10.1109/tvcg.2019.2934670,A5082213932,1,"[""I76130692""]",True
10.1109/tvcg.2019.2934670,A5088199295,2,"[""I76130692""]",True
10.1109/tvcg.2019.2934670,A5100390339,3,"[""I76130692""]",True
10.1109/tvcg.2019.2934670,A5008974159,4,"[""I76130692""]",True
10.1109/tvcg.2019.2934670,A5100332272,5,"[""I76130692""]",True
10.1109/tvcg.2019.2934670,A5060363706,6,"[""I4210103986""]",True
10.1109/tvcg.2019.2934670,A5100681023,7,"[""I4210103986""]",True
10.1109/tvcg.2019.2934670,A5073986937,8,"[""I76130692""]",True
10.1109/tvcg.2019.2934332,A5082790087,1,"[""I889458895"", ""I200769079""]",True
10.1109/tvcg.2019.2934332,A5100660205,2,"[""I4210145761""]",True
10.1109/tvcg.2019.2934332,A5111249520,3,"[""I4210145761""]",True
10.1109/tvcg.2019.2934332,A5102013894,4,"[""I169381384""]",True
10.1109/tvcg.2019.2934332,A5054382056,5,"[""I177725633""]",True
10.1109/tvcg.2019.2934332,A5091466289,6,"[""I889458895"", ""I200769079""]",True
10.1109/tvcg.2019.2934786,A5035067971,1,[],True
10.1109/tvcg.2019.2934786,A5061839283,2,"[""I66946132"", ""I1299303238""]",True
10.1109/tvcg.2019.2934786,A5034277315,3,"[""I66946132""]",True
10.1109/tvcg.2019.2934786,A5043405353,4,"[""I111979921""]",True
10.1109/tvcg.2019.2934812,A5076551093,1,"[""I189712700""]",True
10.1109/tvcg.2019.2934812,A5004978832,2,"[""I189712700""]",True
10.1109/tvcg.2019.2934812,A5089258041,3,"[""I189712700""]",True
10.1109/tvcg.2019.2934812,A5073619125,4,"[""I100066346""]",True
10.1109/tvcg.2019.2934812,A5036489223,5,"[""I189712700""]",True
10.1109/tvcg.2019.2934261,A5033915638,1,"[""I121934306""]",True
10.1109/tvcg.2019.2934261,A5053097987,2,"[""I121934306"", ""I74973139""]",True
10.1109/tvcg.2019.2934261,A5089451178,3,"[""I74973139"", ""I121934306""]",True
10.1109/tvcg.2019.2934261,A5084459196,4,"[""I1341412227""]",True
10.1109/tvcg.2019.2934242,A5025624671,1,"[""I223532165""]",True
10.1109/tvcg.2019.2934242,A5101536052,2,"[""I52357470""]",True
10.1109/tvcg.2019.2934242,A5043905996,3,"[""I87216513""]",True
10.1109/tvcg.2019.2934242,A5027360301,4,"[""I177328695""]",True
10.1109/tvcg.2019.2934242,A5100349956,5,"[""I223532165""]",True
10.1109/tvcg.2019.2934593,A5100413125,1,"[""I12356871"", ""I4210165912""]",True
10.1109/tvcg.2019.2934593,A5079537893,2,"[""I277688954"", ""I4210102957"", ""I4387153087""]",True
10.1109/tvcg.2019.2934593,A5034670941,3,"[""I12356871"", ""I4210165912""]",True
10.1109/tvcg.2019.2934369,A5100398611,1,"[""I185443292""]",True
10.1109/tvcg.2019.2934369,A5082598478,2,"[""I185443292""]",True
10.1109/tvcg.2019.2934369,A5102022483,3,"[""I185443292""]",True
10.1109/tvcg.2019.2934255,A5073124436,1,"[""I107639228""]",True
10.1109/tvcg.2019.2934255,A5101913449,2,"[""I107639228""]",True
10.1109/tvcg.2019.2934798,A5100424394,1,"[""I200769079"", ""I889458895""]",True
10.1109/tvcg.2019.2934798,A5005458050,2,"[""I889458895"", ""I76130692"", ""I200769079""]",True
10.1109/tvcg.2019.2934798,A5100609686,3,"[""I200769079"", ""I889458895""]",True
10.1109/tvcg.2019.2934798,A5100653962,4,"[""I4210113369""]",True
10.1109/tvcg.2019.2934798,A5086690079,5,[],True
10.1109/tvcg.2019.2934798,A5091466289,6,"[""I200769079"", ""I889458895""]",True
10.1109/tvcg.2019.2934609,A5091379507,1,"[""I180825142""]",True
10.1109/tvcg.2019.2934609,A5021313671,2,"[""I180825142""]",True
10.1109/tvcg.2019.2934609,A5109616081,3,"[""I4210144576""]",True
10.1109/tvcg.2019.2934609,A5057538550,4,"[""I180825142""]",True
10.1109/tvcg.2019.2934609,A5022699013,5,"[""I180825142""]",True
10.1109/tvcg.2019.2934609,A5076214057,6,[],True
10.1109/tvcg.2019.2934609,A5065040154,7,"[""I180825142""]",True
10.1109/tvcg.2019.2934375,A5064609689,1,"[""I35440088""]",True
10.1109/tvcg.2019.2934375,A5088860259,2,"[""I35440088""]",True
10.1109/vast47406.2019.8986918,A5047827833,1,"[""I4210163771""]",True
10.1109/vast47406.2019.8986918,A5006232882,2,"[""I4210163771""]",True
10.1109/tvcg.2019.2934613,A5025567094,1,"[""I200769079"", ""I889458895""]",True
10.1109/tvcg.2019.2934613,A5100377647,2,"[""I200769079"", ""I889458895"", ""I4210164937""]",True
10.1109/tvcg.2019.2934613,A5005109197,3,"[""I889458895"", ""I200769079""]",True
10.1109/tvcg.2019.2934613,A5100672275,4,"[""I200769079"", ""I889458895"", ""I4210164937""]",True
10.1109/tvcg.2019.2934613,A5049886136,5,"[""I4210164937""]",True
10.1109/tvcg.2019.2934613,A5027659574,6,"[""I4210164937""]",True
10.1109/tvcg.2019.2934613,A5100359961,7,"[""I4210164937""]",True
10.1109/tvcg.2019.2934613,A5101789836,8,"[""I4210164937""]",True
10.1109/tvcg.2019.2934613,A5091466289,9,"[""I200769079"", ""I889458895""]",True
10.1109/tvcg.2019.2934400,A5067858887,1,[],True
10.1109/tvcg.2019.2934400,A5005494070,2,[],True
10.1109/tvcg.2019.2934400,A5047673441,3,"[""I36234482""]",True
10.1109/tvcg.2019.2934400,A5043405353,4,[],True
10.1109/tvcg.2019.2934788,A5014829491,1,"[""I87182695""]",True
10.1109/tvcg.2019.2934796,A5068526974,1,"[""I154099455""]",True
10.1109/tvcg.2019.2934796,A5108254488,2,"[""I154099455""]",True
10.1109/tvcg.2019.2934796,A5102864747,3,"[""I154099455""]",True
10.1109/tvcg.2019.2934796,A5036300289,4,"[""I4210163771""]",True
10.1109/tvcg.2019.2934796,A5005647036,5,[],True
10.1109/tvcg.2019.2934796,A5036489223,6,"[""I189712700""]",True
10.1109/tvcg.2019.2934796,A5037110552,7,"[""I100066346""]",True
10.1109/tvcg.2019.2934804,A5080592510,1,"[""I16835326""]",True
10.1109/tvcg.2019.2934804,A5055302193,2,"[""I189712700""]",True
10.1109/tvcg.2019.2934804,A5023079701,3,"[""I189712700""]",True
10.1109/tvcg.2019.2934804,A5019656364,4,"[""I2799802224""]",True
10.1109/tvcg.2019.2934804,A5017670865,5,"[""I189712700""]",True
10.1109/tvcg.2019.2934804,A5082796790,6,"[""I16835326""]",True
10.1109/tvcg.2019.2934656,A5026127661,1,"[""I889458895"", ""I200769079""]",True
10.1109/tvcg.2019.2934656,A5086326351,2,"[""I889458895"", ""I200769079""]",True
10.1109/tvcg.2019.2934656,A5071356824,3,"[""I200769079"", ""I889458895""]",True
10.1109/tvcg.2019.2934656,A5100424394,4,"[""I200769079"", ""I889458895""]",True
10.1109/tvcg.2019.2934656,A5100447162,5,[],True
10.1109/tvcg.2019.2934656,A5064306421,6,"[""I130701444""]",True
10.1109/tvcg.2019.2934656,A5091466289,7,"[""I889458895"", ""I200769079""]",True
10.1109/tvcg.2019.2934595,A5026789962,1,"[""I1341412227""]",True
10.1109/tvcg.2019.2934595,A5084459196,2,"[""I4210087032"", ""I1341412227""]",True
10.1109/tvcg.2019.2934595,A5113517476,3,[],True
10.1109/tvcg.2019.2934595,A5043151044,4,[],True
10.1109/tvcg.2019.2934595,A5062546146,5,[],True
10.1109/tvcg.2019.2934431,A5067722075,1,"[""I192455969""]",True
10.1109/tvcg.2019.2934431,A5045835385,2,"[""I97018004""]",True
10.1109/tvcg.2019.2934535,A5102013272,1,[],True
10.1109/tvcg.2019.2934535,A5100619290,2,"[""I20231570"", ""I40120149""]",True
10.1109/tvcg.2019.2934535,A5102817883,3,"[""I114017466""]",True
10.1109/tvcg.2019.2934535,A5108447612,4,"[""I114017466""]",True
10.1109/tvcg.2019.2934535,A5016032832,5,"[""I114017466""]",True
10.1109/tvcg.2019.2934535,A5100639872,6,[],True
10.1109/tvcg.2019.2934535,A5056211536,7,"[""I9736820""]",True
10.1109/tvcg.2019.2934535,A5038943746,8,[],True
10.1109/tvcg.2019.2934801,A5063629557,1,[],True
10.1109/tvcg.2019.2934801,A5043405353,2,[],True
10.1109/tvcg.2019.2934654,A5020415668,1,"[""I189712700"", ""I39470171""]",True
10.1109/tvcg.2019.2934654,A5091363610,2,"[""I189712700""]",True
10.1109/tvcg.2019.2934654,A5042382359,3,"[""I4210161785"", ""I39470171""]",True
10.1109/tvcg.2019.2934654,A5073919282,4,"[""I189712700""]",True
10.1109/tvcg.2019.2934654,A5036489223,5,"[""I189712700""]",True
10.1109/tvcg.2019.2934368,A5024614585,1,"[""I153267046""]",True
10.1109/tvcg.2019.2934368,A5071898071,2,"[""I153267046""]",True
10.1109/tvcg.2019.2934368,A5101451813,3,"[""I148283060"", ""I84218800""]",True
10.1109/tvcg.2019.2934368,A5023826409,4,"[""I4210127875""]",True
10.1109/tvcg.2019.2934368,A5026799813,5,"[""I55732556""]",True
10.1109/tvcg.2019.2934368,A5083438172,6,"[""I153267046""]",True
10.1109/tvcg.2019.2934256,A5089798202,1,"[""I39804081"", ""I204730241"", ""I1294671590""]",True
10.1109/tvcg.2019.2934256,A5003720256,2,"[""I1294671590"", ""I204730241"", ""I39804081""]",True
10.1109/tvcg.2019.2934256,A5074734666,3,"[""I1294671590"", ""I39804081"", ""I204730241""]",True
10.1109/tvcg.2019.2934208,A5064049630,1,"[""I76130692""]",True
10.1109/tvcg.2019.2934208,A5076947913,2,"[""I76130692""]",True
10.1109/tvcg.2019.2934208,A5071560359,3,"[""I139660479""]",True
10.1109/tvcg.2019.2934208,A5080701169,4,"[""I76130692""]",True
10.1109/tvcg.2019.2934208,A5003970839,5,"[""I76130692""]",True
10.1109/tvcg.2019.2934208,A5044724054,6,"[""I139660479""]",True
10.1109/tvcg.2019.2934208,A5100344494,7,"[""I76130692""]",True
10.1109/tvcg.2019.2934807,A5047572210,1,"[""I1294671590"", ""I4210144804"", ""I102197404"", ""I277688954""]",True
10.1109/tvcg.2019.2934807,A5054725183,2,"[""I4210144804"", ""I277688954"", ""I102197404"", ""I1294671590""]",True
10.1109/tvcg.2019.2934807,A5089688638,3,"[""I1294671590"", ""I102197404"", ""I4210144804"", ""I277688954""]",True
10.1109/tvcg.2019.2934541,A5100624798,1,"[""I154099455""]",True
10.1109/tvcg.2019.2934541,A5053361220,2,"[""I154099455""]",True
10.1109/tvcg.2019.2934541,A5100410001,3,[],True
10.1109/tvcg.2019.2934541,A5010714340,4,"[""I20231570""]",True
10.1109/tvcg.2019.2934541,A5054382056,5,"[""I177725633""]",True
10.1109/tvcg.2019.2934541,A5036489223,6,"[""I189712700""]",True
10.1109/tvcg.2019.2934541,A5068526974,7,"[""I154099455""]",True
10.1109/tvcg.2019.2934288,A5019736958,1,"[""I1326498283""]",True
10.1109/tvcg.2019.2934288,A5025071606,2,"[""I185261750""]",True
10.1109/tvcg.2019.2934288,A5006834901,3,"[""I189196454""]",True
10.1109/tvcg.2019.2934288,A5113727991,4,"[""I219193219""]",True
10.1109/tvcg.2019.2934288,A5018780651,5,"[""I1326498283""]",True
10.1109/tvcg.2019.2934288,A5034277315,6,"[""I66946132""]",True
10.1109/tvcg.2019.2934288,A5029815396,7,"[""I185261750""]",True
10.1109/tvcg.2019.2934799,A5013892799,1,"[""I180726961""]",True
10.1109/tvcg.2019.2934799,A5016043799,2,"[""I180726961""]",True
10.1109/tvcg.2019.2934799,A5067529252,3,"[""I67031392""]",True
10.1109/tvcg.2019.2934799,A5036489223,4,"[""I189712700""]",True
10.1109/tvcg.2019.2934799,A5034304352,5,"[""I180726961""]",True
10.1109/tvcg.2019.2934666,A5013253784,1,"[""I95457486""]",True
10.1109/tvcg.2019.2934666,A5100383910,2,"[""I157725225""]",True
10.1109/tvcg.2019.2934666,A5079891721,3,"[""I157725225""]",True
10.1109/tvcg.2019.2934666,A5100720869,4,"[""I157725225""]",True
10.1109/tvcg.2019.2934666,A5075056899,5,"[""I157725225""]",True
10.1109/tvcg.2019.2934666,A5013608601,6,"[""I95457486""]",True
10.1109/tvcg.2019.2934282,A5021285117,1,"[""I188538660"", ""I2802236040""]",True
10.1109/tvcg.2019.2934282,A5060574964,2,"[""I188538660"", ""I2802236040""]",True
10.1109/tvcg.2019.2934282,A5056903170,3,"[""I188538660"", ""I2802236040""]",True
10.1109/tvcg.2019.2934266,A5041069650,1,"[""I219193219""]",True
10.1109/tvcg.2019.2934266,A5050595151,2,"[""I2802236040"", ""I188538660""]",True
10.1109/tvcg.2019.2934266,A5065885664,3,"[""I219193219""]",True
10.1109/tvcg.2019.2934266,A5018584803,4,"[""I219193219""]",True
10.1109/tvcg.2019.2934263,A5101683904,1,"[""I20231570"", ""I135140700""]",True
10.1109/tvcg.2019.2934263,A5101819708,2,"[""I20231570""]",True
10.1109/tvcg.2019.2934263,A5109616081,3,"[""I135140700"", ""I20231570""]",True
10.1109/tvcg.2019.2934263,A5038943746,4,"[""I20231570""]",True
10.1109/tvcg.2019.2934243,A5038789350,1,"[""I189712700""]",True
10.1109/tvcg.2019.2934243,A5079507712,2,"[""I189712700""]",True
10.1109/tvcg.2019.2934243,A5002672249,3,"[""I189712700""]",True
10.1109/tvcg.2019.2934243,A5032694211,4,[],True
10.1109/vast47406.2019.8986909,A5085246385,1,"[""I223532165""]",True
10.1109/vast47406.2019.8986909,A5034150082,2,"[""I223532165""]",True
10.1109/vast47406.2019.8986909,A5008627422,3,"[""I223532165""]",True
10.1109/vast47406.2019.8986909,A5031057530,4,"[""I223532165""]",True
10.1109/tvcg.2019.2934784,A5061106600,1,"[""I145847075""]",True
10.1109/tvcg.2019.2934784,A5020760347,2,"[""I202697423""]",True
10.1109/tvcg.2019.2934784,A5056069234,3,"[""I859038795""]",True
10.1109/tvcg.2019.2934784,A5023631793,4,"[""I1343190059""]",True
10.1109/tvcg.2019.2934784,A5058156675,5,"[""I56858762""]",True
10.1109/tvcg.2019.2934784,A5000695313,6,"[""I1343190059""]",True
10.1109/tvcg.2019.2934661,A5077712580,1,"[""I114027177""]",True
10.1109/tvcg.2019.2934661,A5101522343,2,"[""I114027177""]",True
10.1109/tvcg.2019.2934661,A5100341745,3,"[""I114027177""]",True
10.1109/tvcg.2019.2934661,A5050668117,4,"[""I114027177""]",True
10.1109/tvcg.2019.2934661,A5001966756,5,"[""I69048370""]",True
10.1109/tvcg.2019.2934591,A5076622540,1,"[""I52357470""]",True
10.1109/tvcg.2019.2934591,A5100358570,2,"[""I52357470""]",True
10.1109/tvcg.2019.2934591,A5074351233,3,"[""I52357470""]",True
10.1109/tvcg.2019.2934591,A5065630217,4,"[""I52357470""]",True
10.1109/tvcg.2019.2934591,A5056610892,5,"[""I52357470""]",True
10.1109/tvcg.2019.2934800,A5076947913,1,"[""I76130692""]",True
10.1109/tvcg.2019.2934800,A5100344522,2,"[""I76130692""]",True
10.1109/tvcg.2019.2934800,A5064049630,3,"[""I76130692""]",True
10.1109/tvcg.2019.2934800,A5101060059,4,"[""I76130692""]",True
10.1109/tvcg.2019.2934800,A5080701169,5,"[""I139660479""]",True
10.1109/tvcg.2019.2934800,A5003970839,6,"[""I76130692""]",True
10.1109/tvcg.2019.2934800,A5071560359,7,"[""I139660479""]",True
10.1109/tvcg.2019.2934800,A5079986783,8,"[""I139660479""]",True
10.1109/tvcg.2019.2934614,A5030148225,1,"[""I219193219""]",True
10.1109/tvcg.2019.2934614,A5111998339,2,"[""I219193219""]",True
10.1109/tvcg.2019.2934614,A5050595151,3,"[""I188538660"", ""I2802236040""]",True
10.1109/tvcg.2019.2934614,A5032121234,4,"[""I219193219""]",True
10.1109/tvcg.2019.2934614,A5018584803,5,"[""I219193219""]",True
10.1109/tvcg.2019.2934334,A5035319717,1,"[""I1326498283""]",True
10.1109/tvcg.2019.2934334,A5078150260,2,"[""I145847075""]",True
10.1109/tvcg.2019.2934334,A5031138186,3,"[""I145847075""]",True
10.1109/tvcg.2019.2934334,A5109928029,4,"[""I1343190059"", ""I145847075""]",True
10.1109/tvcg.2019.2934334,A5022294742,5,"[""I71920554""]",True
10.1109/tvcg.2019.2934334,A5083454802,6,"[""I1326498283""]",True
10.1109/tvcg.2019.2934286,A5029417016,1,"[""I156087764""]",True
10.1109/tvcg.2019.2934286,A5006364919,2,"[""I223532165""]",True
10.1109/tvcg.2019.2934286,A5061526935,3,"[""I223532165""]",True
10.1109/tvcg.2019.2934286,A5038032626,4,"[""I223532165""]",True
10.1109/tvcg.2019.2934286,A5013181392,5,"[""I223532165""]",True
10.1109/vast47406.2019.8986940,local:ce2e0c5cd12456a5,1,"[""I189712700""]",True
10.1109/vast47406.2019.8986940,local:396c893899b95556,2,"[""I189712700""]",True
10.1109/vast47406.2019.8986940,local:78757876131dede3,3,"[""I2801851002""]",True
10.1109/vast47406.2019.8986940,local:a954556131b7bb35,4,"[""I4092182""]",True
10.1109/vast47406.2019.8986940,local:0a80df9f84216f7c,5,"[""I2801851002""]",True
10.1109/vast47406.2019.8986940,local:48a69a8eba9eed7b,6,"[""I2801851002""]",True
10.1109/tvcg.2019.2934802,A5084507075,1,"[""I2613432"", ""I121934306""]",True
10.1109/tvcg.2019.2934802,A5001225767,2,"[""I52357470""]",True
10.1109/tvcg.2019.2934802,A5100349956,3,"[""I223532165""]",True
10.1109/tvcg.2019.2934802,A5035997603,4,"[""I138006243""]",True
10.1109/tvcg.2019.2934802,A5036159118,5,"[""I2613432""]",True
10.1109/tvcg.2019.2934546,A5015186378,1,"[""I39422238""]",True
10.1109/tvcg.2019.2934546,A5045099476,2,"[""I39422238""]",True
10.1109/tvcg.2019.2934546,A5083540777,3,"[""I39422238""]",True
10.1109/tvcg.2019.2934546,A5047111624,4,"[""I1343551460""]",True
10.1109/tvcg.2019.2934546,A5089122189,5,"[""I1343551460""]",True
10.1109/tvcg.2019.2934546,A5064300637,6,"[""I126307644""]",True
10.1109/tvcg.2019.2934546,A5053909459,7,"[""I130238516""]",True
10.1109/tvcg.2019.2934546,A5052234283,8,"[""I1343551460""]",True
10.1109/tvcg.2019.2934546,A5056104510,9,"[""I39422238""]",True
10.1109/tvcg.2019.2934260,A5034425070,1,"[""I2800403580""]",True
10.1109/tvcg.2019.2934260,A5022812959,2,"[""I86519309""]",True
10.1109/tvcg.2019.2934260,A5051077300,3,"[""I86519309""]",True
10.1109/tvcg.2019.2934260,A5077567327,4,"[""I2800403580""]",True
10.1109/tvcg.2019.2934260,A5021291098,5,"[""I130238516"", ""I4210101327""]",True
10.1109/tvcg.2019.2934260,A5056785481,6,"[""I2800403580""]",True
10.1109/tvcg.2019.2934260,A5020713416,7,"[""I1343871089""]",True
10.1109/tvcg.2019.2934260,A5069089076,8,"[""I2800403580""]",True
10.1109/tvcg.2019.2934260,A5058360336,9,"[""I2800403580""]",True
10.1109/tvcg.2019.2934432,A5041529907,1,"[""I39470171"", ""I4210161785""]",True
10.1109/tvcg.2019.2934432,A5042382359,2,"[""I39470171"", ""I4210161785""]",True
10.1109/tvcg.2019.2934285,A5006952113,1,"[""I138006243""]",True
10.1109/tvcg.2019.2934285,A5085246385,2,"[""I138006243""]",True
10.1109/tvcg.2019.2934285,A5009771339,3,"[""I138006243""]",True
10.1109/tvcg.2019.2934275,A5100382905,1,"[""I889458895""]",True
10.1109/tvcg.2019.2934275,A5007553875,2,"[""I889458895""]",True
10.1109/tvcg.2019.2934275,A5055175414,3,"[""I4210159102""]",True
10.1109/tvcg.2019.2934275,A5100424394,4,"[""I889458895""]",True
10.1109/tvcg.2019.2934275,A5062026103,5,"[""I4210159102""]",True
10.1109/tvcg.2019.2934275,A5109233250,6,"[""I4210159102""]",True
10.1109/tvcg.2019.2934275,A5003975427,7,"[""I889458895""]",True
10.1109/tvcg.2019.2934275,A5091466289,8,"[""I889458895""]",True
10.1109/vast47406.2019.8986917,A5002860804,1,"[""I189712700""]",True
10.1109/vast47406.2019.8986917,A5014635198,2,"[""I189712700""]",True
10.1109/vast47406.2019.8986917,A5091363610,3,"[""I189712700""]",True
10.1109/vast47406.2019.8986917,A5020415668,4,"[""I189712700""]",True
10.1109/tvcg.2019.2934797,A5048919402,1,"[""I185261750"", ""I155173764""]",True
10.1109/tvcg.2019.2934797,A5012994943,2,"[""I185261750""]",True
10.1109/tvcg.2019.2934797,A5018820623,3,"[""I151746483""]",True
10.1109/tvcg.2019.2934797,A5100387858,4,"[""I185261750""]",True
10.1109/tvcg.2019.2934797,A5034747934,5,"[""I185261750""]",True
10.1109/tvcg.2019.2934797,A5021879561,6,"[""I185261750""]",True
10.1109/tvcg.2019.2934555,A5038027438,1,"[""I136199984""]",True
10.1109/tvcg.2019.2934555,A5040794392,2,"[""I136199984""]",True
10.1109/tvcg.2019.2934555,A5048194226,3,"[""I98677209""]",True
10.1109/tvcg.2019.2934555,A5046982519,4,"[""I136199984""]",True
10.1109/tvcg.2019.2934555,A5066335313,5,"[""I136199984""]",True
10.1109/tvcg.2019.2934555,A5043151044,6,"[""I136199984""]",True
10.1109/tvcg.2019.2934540,A5051193196,1,"[""I118118575""]",True
10.1109/tvcg.2019.2934540,A5110671171,2,"[""I55732556""]",True
10.1109/tvcg.2019.2934540,A5108691146,3,"[""I142606810""]",True
10.1109/tvcg.2019.2934540,A5020853176,4,"[""I142606810""]",True
10.1109/tvcg.2019.2934402,A5073188354,1,"[""I87182695""]",True
10.1109/tvcg.2019.2934402,A5112620191,2,"[""I87182695""]",True
10.1109/tvcg.2019.2934402,A5073315969,3,"[""I1283280774""]",True
10.1109/tvcg.2019.2934402,A5044388347,4,"[""I4210117453""]",True
10.1109/tvcg.2019.2934402,A5044784936,5,"[""I1283280774""]",True
10.1109/tvcg.2019.2934402,A5028506925,6,"[""I1283280774""]",True
10.1109/tvcg.2019.2934402,A5066126749,7,"[""I1283280774""]",True
10.1109/tvcg.2019.2934402,A5063230893,8,"[""I87182695""]",True
10.1109/tvcg.2019.2934402,A5065943691,9,"[""I87182695""]",True
10.1109/tvcg.2019.2934370,A5043288842,1,"[""I62318514""]",True
10.1109/tvcg.2019.2934370,A5067833205,2,"[""I62318514""]",True
10.1109/tvcg.2019.2934370,A5027308198,3,"[""I62318514""]",True
10.1109/tvcg.2019.2934370,A5087449583,4,"[""I223532165"", ""I62318514""]",True
10.1109/tvcg.2019.2934783,A5068526974,1,"[""I154099455""]",True
10.1109/tvcg.2019.2934783,A5065644953,2,"[""I4210164937""]",True
10.1109/tvcg.2019.2934783,A5084971891,3,"[""I154099455""]",True
10.1109/tvcg.2019.2934783,A5101947686,4,"[""I154099455""]",True
10.1109/tvcg.2019.2934783,A5101880832,5,"[""I154099455""]",True
10.1109/tvcg.2019.2934783,A5100371883,6,"[""I154099455""]",True
10.1109/tvcg.2019.2934783,A5007750024,7,[],True
10.1109/tvcg.2019.2934783,A5054382056,8,"[""I177725633""]",True
10.1109/tvcg.2019.2934783,A5058678073,9,"[""I100296615""]",True
10.1109/tvcg.2019.2934783,A5036489223,10,"[""I189712700""]",True
10.1109/tvcg.2019.2934660,A5011744375,1,"[""I200769079"", ""I889458895""]",True
10.1109/tvcg.2019.2934660,A5026258275,2,"[""I889458895"", ""I200769079""]",True
10.1109/tvcg.2019.2934660,A5040900232,3,"[""I200769079"", ""I889458895""]",True
10.1109/tvcg.2019.2934660,A5032237649,4,"[""I200769079"", ""I889458895""]",True
10.1109/tvcg.2019.2934660,A5019516751,5,"[""I200769079"", ""I889458895""]",True
10.1109/tvcg.2019.2934660,A5107340651,6,[],True
10.1109/tvcg.2019.2934660,A5091466289,7,"[""I200769079"", ""I889458895""]",True
10.1109/tvcg.2019.2934537,A5056362617,1,"[""I84218800""]",True
10.1109/tvcg.2019.2934537,A5037161857,2,"[""I84218800""]",True
10.1109/tvcg.2019.2934280,A5091398218,1,"[""I102475099"", ""I4210102264"", ""I15196421"", ""I57206974""]",True
10.1109/tvcg.2019.2934280,A5011424640,2,"[""I15196421"", ""I-1"", ""I102475099"", ""I4210102264""]",True
10.1109/tvcg.2019.2934280,A5073513100,3,"[""I4402554120"", ""I-1"", ""I102322142""]",True
10.1109/tvcg.2019.2934280,A5019962521,4,"[""I4210096112"", ""I4210086933""]",True
10.1109/tvcg.2019.2934280,A5070145454,5,"[""I4210086933""]",True
10.1109/tvcg.2019.2934280,A5003584200,6,"[""I4210086933"", ""I57206974""]",True
10.1109/tvcg.2019.2934259,A5025397194,1,"[""I223532165""]",True
10.1109/tvcg.2019.2934259,A5022341974,2,"[""I102134673""]",True
10.1109/tvcg.2019.2934259,A5102819951,3,"[""I57206974""]",True
10.1109/tvcg.2019.2934259,A5079543434,4,"[""I223532165""]",True
10.1109/tvcg.2019.2934259,A5087808632,5,"[""I1338124936""]",True
10.1109/tvcg.2019.2934259,A5035009196,6,"[""I1338124936""]",True
10.1109/tvcg.2019.2934259,A5045433461,7,"[""I1338124936""]",True
10.1109/tvcg.2019.2934259,A5003584200,8,"[""I57206974""]",True
10.1109/tvcg.2019.2934259,A5053666302,9,"[""I223532165""]",True
10.1109/tvcg.2019.2934259,A5048647256,10,"[""I223532165""]",True
10.1109/vast47406.2019.8986934,A5030329460,1,"[""I118347636""]",True
10.1109/vast47406.2019.8986934,A5013887755,2,"[""I118347636""]",True
10.1109/vast47406.2019.8986934,A5066489048,3,"[""I118347636""]",True
10.1109/vast47406.2019.8986934,A5021388582,4,"[""I118347636""]",True
10.1109/vast47406.2019.8986934,A5040772427,5,"[""I118347636""]",True
10.1109/vast47406.2019.8986934,A5049449495,6,"[""I118347636""]",True
10.1109/tvcg.2019.2934811,A5010444353,1,"[""I180726961""]",True
10.1109/tvcg.2019.2934811,A5101447377,2,"[""I180726961""]",True
10.1109/tvcg.2019.2934811,A5059096880,3,"[""I91203450""]",True
10.1109/tvcg.2019.2934811,A5042130063,4,"[""I16391192""]",True
10.1109/tvcg.2019.2934811,A5100636019,5,"[""I180726961""]",True
10.1109/tvcg.2019.2934811,A5036688260,6,"[""I180726961""]",True
10.1109/tvcg.2019.2934811,A5034304352,7,"[""I180726961""]",True
10.1109/tvcg.2019.2934805,A5068526974,1,"[""I154099455""]",True
10.1109/tvcg.2019.2934805,A5084870136,2,"[""I154099455""]",True
10.1109/tvcg.2019.2934805,A5100388805,3,"[""I154099455""]",True
10.1109/tvcg.2019.2934805,A5084392598,4,"[""I154099455""]",True
10.1109/tvcg.2019.2934805,A5010714340,5,"[""I20231570""]",True
10.1109/tvcg.2019.2934805,A5054382056,6,"[""I4210098034"", ""I177725633""]",True
10.1109/tvcg.2019.2934805,A5058678073,7,"[""I100296615""]",True
10.1109/tvcg.2019.2934671,A5036782759,1,"[""I76130692""]",True
10.1109/tvcg.2019.2934671,A5102759669,2,"[""I149910238""]",True
10.1109/tvcg.2019.2934671,A5100344522,3,"[""I76130692""]",True
10.1109/tvcg.2019.2934671,A5066997182,4,"[""I76130692""]",True
10.1109/tvcg.2019.2934671,A5047130748,5,"[""I76130692""]",True
10.1109/tvcg.2019.2934671,A5100623943,6,"[""I76130692""]",True
10.1109/tvcg.2019.2934671,A5102006509,7,[],True
10.1109/tvcg.2019.2934671,A5010441587,8,"[""I76130692""]",True
10.1109/tvcg.2019.2934671,A5081346568,9,"[""I38877650""]",True
10.1109/tvcg.2019.2934667,A5100455066,1,"[""I162868743""]",True
10.1109/tvcg.2019.2934667,A5101752888,2,"[""I162868743""]",True
10.1109/tvcg.2019.2934667,A5033746662,3,"[""I162868743""]",True
10.1109/tvcg.2019.2934667,A5086311840,4,"[""I2800287464"", ""I162868743""]",True
10.1109/tvcg.2019.2934337,A5061570075,1,"[""I4387153937"", ""I2802076133""]",True
10.1109/tvcg.2019.2934337,A5088137293,2,"[""I112756935""]",True
10.1109/tvcg.2019.2934337,A5004109044,3,"[""I4387153937"", ""I2802076133""]",True
10.1109/tvcg.2019.2934337,A5110435937,4,"[""I2802164966"", ""I223822909""]",True
10.1109/tvcg.2019.2934337,A5005017697,5,"[""I2802076133"", ""I4387153937""]",True
10.1109/tvcg.2019.2934209,A5001966756,1,"[""I69048370""]",True
10.1109/tvcg.2019.2934209,A5100341745,2,"[""I114027177""]",True
10.1109/tvcg.2019.2934209,A5101522343,3,"[""I114027177""]",True
10.1109/tvcg.2019.2934209,A5050668117,4,"[""I114027177""]",True
10.1109/tvcg.2019.2934209,A5077712580,5,"[""I114027177""]",True
10.1109/vast47406.2019.8986922,A5008786958,1,"[""I130701444""]",True
10.1109/vast47406.2019.8986922,A5111693969,2,"[""I130701444""]",True
10.1109/vast47406.2019.8986922,A5047863978,3,"[""I4388482740"", ""I130701444""]",True
10.1109/vast47406.2019.8986922,A5064306421,4,"[""I130701444""]",True
10.1109/vast47406.2019.8986922,A5101728710,5,"[""I130701444""]",True
10.1109/tvcg.2019.2934620,A5002575061,1,"[""I223532165""]",True
10.1109/tvcg.2019.2934620,A5047677160,2,"[""I223532165""]",True
10.1109/tvcg.2019.2934620,A5078222237,3,"[""I223532165""]",True
10.1109/tvcg.2019.2934620,A5036757793,4,"[""I223532165""]",True
10.1109/tvcg.2019.2934620,A5068236602,5,"[""I223532165""]",True
10.1109/tvcg.2019.2934620,A5087469228,6,"[""I223532165""]",True
10.1109/tvcg.2019.2934620,A5009460413,7,"[""I223532165""]",True
10.1109/tvcg.2019.2934534,A5079272514,1,"[""I130701444""]",True
10.1109/tvcg.2019.2934534,A5071066797,2,"[""I12356871"", ""I277688954""]",True
10.1109/tvcg.2019.2934534,A5001649622,3,"[""I212119943""]",True
10.1109/tvcg.2019.2934534,A5064306421,4,"[""I130701444""]",True
10.1109/tvcg.2019.2934310,A5109433885,1,"[""I35440088""]",True
10.1109/tvcg.2019.2934310,A5112353967,2,"[""I4210096500"", ""I35440088""]",True
10.1109/tvcg.2019.2934310,A5031905656,3,"[""I4210096500"", ""I35440088""]",True
10.1109/tvcg.2019.2934310,A5097573644,4,"[""I4210096500"", ""I35440088""]",True
10.1109/tvcg.2019.2934310,A5029839417,5,"[""I35440088"", ""I4210096500""]",True
10.1109/tvcg.2019.2934310,A5112462951,6,"[""I35440088""]",True
10.1109/tvcg.2019.2934669,A5048438758,1,"[""I100066346""]",True
10.1109/tvcg.2019.2934669,A5101815630,2,"[""I62318514""]",True
10.1109/tvcg.2019.2934669,A5065310800,3,"[""I62318514""]",True
10.1109/tvcg.2019.2934669,A5073619125,4,"[""I100066346""]",True
10.1109/tvcg.2019.2934556,A5009763002,1,"[""I66946132""]",True
10.1109/tvcg.2019.2934556,A5084913586,2,"[""I202524275""]",True
10.1109/tvcg.2019.2934556,A5082614315,3,"[""I4210156583""]",True
10.1109/tvcg.2019.2934556,A5087614901,4,"[""I202524275""]",True
10.1109/tvcg.2019.2934556,A5089451178,5,"[""I121934306""]",True
10.1109/tvcg.2019.2934556,A5074724644,6,"[""I4210156583""]",True
10.1109/tvcg.2019.2934434,A5100447868,1,"[""I20231570""]",True
10.1109/tvcg.2019.2934434,A5101984980,2,"[""I20231570""]",True
10.1109/tvcg.2019.2934434,A5108322734,3,"[""I20231570""]",True
10.1109/tvcg.2019.2934434,A5038943746,4,"[""I20231570""]",True
10.1109/tvcg.2019.2934257,A5046473651,1,"[""I223532165""]",True
10.1109/tvcg.2019.2934257,A5047677160,2,"[""I223532165""]",True
10.1109/tvcg.2019.2934257,A5019902487,3,"[""I1282311441""]",True
10.1109/tvcg.2019.2934257,A5009460413,4,"[""I223532165""]",True
10.1109/tvcg.2019.2934536,A5088714003,1,"[""I135310074"", ""I2802999273""]",True
10.1109/tvcg.2019.2934536,A5045340030,2,[],True
10.1109/tvcg.2019.2934536,A5016674253,3,"[""I135310074""]",True
10.1109/tvcg.2019.2934536,A5050640461,4,"[""I135310074""]",True
10.1109/tvcg.2019.2934335,A5055311360,1,"[""I102335020""]",True
10.1109/tvcg.2019.2934335,A5033421842,2,"[""I102335020""]",True
10.1109/tvcg.2019.2934335,A5026357260,3,"[""I102335020""]",True
10.1109/tvcg.2019.2934300,A5040794392,1,"[""I136199984""]",True
10.1109/tvcg.2019.2934300,A5016219620,2,"[""I4092182""]",True
10.1109/tvcg.2019.2934300,A5043151044,3,"[""I136199984""]",True
10.1109/tvcg.2019.2934258,A5042938029,1,"[""I4432739""]",True
10.1109/tvcg.2019.2934258,A5039343836,2,"[""I21449261"", ""I4432739""]",True
10.1109/tvcg.2019.2934258,A5063965880,3,"[""I4432739""]",True
10.1109/tvcg.2019.2934258,A5000755776,4,"[""I4432739""]",True
10.1109/vast47406.2019.8986923,A5048635200,1,"[""I59553526""]",True
10.1109/vast47406.2019.8986923,A5007213740,2,"[""I59553526""]",True
10.1109/vast47406.2019.8986923,A5055520064,3,"[""I59553526""]",True
10.1109/vast47406.2019.8986923,A5064923375,4,"[""I59553526""]",True
10.1109/vast47406.2019.8986923,A5070670810,5,"[""I59553526""]",True
10.1109/tvcg.2019.2934806,A5100418578,1,"[""I66867065""]",True
10.1109/tvcg.2019.2934806,A5063110936,2,"[""I66867065""]",True
10.1109/tvcg.2019.2934806,A5100781916,3,"[""I66867065""]",True
10.1109/tvcg.2019.2934806,A5067299655,4,"[""I66867065""]",True
10.1109/tvcg.2019.2934806,A5100649746,5,"[""I66867065""]",True
10.1109/tvcg.2019.2934594,A5101523517,1,"[""I1282311441""]",True
10.1109/tvcg.2019.2934594,A5056062979,2,"[""I1282311441""]",True
10.1109/tvcg.2019.2934594,A5112208869,3,"[""I1282311441""]",True
10.1109/tvcg.2019.2934594,A5041858893,4,"[""I1282311441""]",True
10.1109/tvcg.2019.2934594,A5069061531,5,"[""I1282311441""]",True
10.1109/tvcg.2019.2934594,A5009460413,6,"[""I223532165""]",True
10.1109/tvcg.2019.2934594,A5034354413,7,"[""I1282311441""]",True
10.1109/tvcg.2019.2934594,A5019902487,8,"[""I1282311441""]",True
10.1109/tvcg.2019.2934594,A5100401482,9,"[""I223532165""]",True
10.1109/tvcg.2019.2934594,A5112096823,10,"[""I223532165""]",True
10.1109/tvcg.2019.2934594,A5026742436,11,"[""I1282311441""]",True
10.1109/tvcg.2019.2934594,A5046632395,12,"[""I1282311441""]",True
10.1109/tvcg.2019.2934594,A5017294111,13,"[""I1282311441""]",True
10.1109/tvcg.2019.2934594,A5036789951,14,"[""I1282311441""]",True
10.1109/tvcg.2019.2934594,A5078876685,15,"[""I1282311441""]",True
10.1109/tvcg.2019.2934594,A5108398863,16,"[""I1282311441""]",True
10.1109/tvcg.2019.2934401,A5110060027,1,"[""I1294297726""]",True
10.1109/tvcg.2019.2934401,A5037161857,2,"[""I84218800""]",True
10.1109/tvcg.2019.2934401,A5003048902,3,"[""I1294297726""]",True
10.1109/tvcg.2019.2934314,A5022367904,1,"[""I131249849""]",True
10.1109/tvcg.2019.2934314,A5050543367,2,"[""I131249849""]",True
10.1109/tvcg.2019.2934314,A5026074051,3,"[""I131249849""]",True
10.1109/tvcg.2019.2934314,A5078987756,4,"[""I131249849""]",True
10.1109/tvcg.2019.2934314,A5016908856,5,"[""I131249849""]",True
10.1109/tvcg.2019.2934314,A5012542802,6,"[""I131249849""]",True
10.1109/tvcg.2019.2934314,A5031570473,7,"[""I39586589""]",True
10.1109/tvcg.2019.2934314,A5100333760,8,"[""I131249849""]",True
10.1109/tvcg.2019.2934658,A5024683903,1,"[""I1343190059""]",True
10.1109/tvcg.2019.2934658,A5047006333,2,"[""I98358874""]",True
10.1109/tvcg.2019.2934658,A5036235980,3,"[""I1343190059""]",True
10.1109/tvcg.2019.2934658,A5048229839,4,"[""I98358874""]",True
10.1109/tvcg.2019.2934658,A5079997473,5,"[""I145847075""]",True
10.1109/tvcg.2019.2934264,A5041069650,1,"[""I219193219""]",True
10.1109/tvcg.2019.2934264,A5050595151,2,"[""I2802236040"", ""I188538660""]",True
10.1109/tvcg.2019.2934264,A5018584803,3,"[""I219193219""]",True
10.1109/tvcg.2019.2934264,A5106183469,4,"[""I219193219""]",True
10.1109/tvcg.2019.2934657,A5101848597,1,"[""I165932596""]",True
10.1109/tvcg.2019.2934657,A5100331710,2,"[""I76569877""]",True
10.1109/tvcg.2019.2934657,A5083091649,3,"[""I76130692""]",True
10.1109/tvcg.2019.2934657,A5042540420,4,"[""I68891433""]",True
10.1109/tvcg.2019.2934657,A5100399797,5,"[""I158842170""]",True
10.1109/tvcg.2019.2934657,A5100408359,6,"[""I158842170""]",True
10.1109/tvcg.2019.2934657,A5056248594,7,"[""I165932596""]",True
10.1109/tvcg.2019.2934603,A5065885664,1,"[""I219193219""]",True
10.1109/tvcg.2019.2934603,A5050595151,2,"[""I2802236040"", ""I219193219""]",True
10.1109/tvcg.2019.2934603,A5030148225,3,"[""I219193219""]",True
10.1109/tvcg.2019.2934603,A5080082057,4,[],True
10.1109/tvcg.2019.2934603,A5101738811,5,"[""I219193219""]",True
10.1109/tvcg.2019.2934603,A5018584803,6,"[""I219193219""]",True
10.1109/tvcg.2019.2934367,A5077188850,1,"[""I4210155092"", ""I926574661""]",True
10.1109/tvcg.2019.2934367,A5029336209,2,"[""I4210155092"", ""I926574661""]",True
10.1109/tvcg.2019.2934367,A5000173125,3,"[""I78650965"", ""I4210128818""]",True
10.1109/tvcg.2019.2934367,A5069807913,4,"[""I78650965""]",True
10.1109/tvcg.2019.2934367,A5054009736,5,"[""I78650965""]",True
10.1109/tvcg.2019.2934367,A5062488503,6,"[""I78650965""]",True
10.1109/tvcg.2019.2934333,A5067830242,1,"[""I21449261""]",True
10.1109/tvcg.2019.2934333,A5019441497,2,"[""I21449261""]",True
10.1109/tvcg.2019.2934333,A5022022242,3,"[""I21449261""]",True
10.1109/tvcg.2019.2934333,A5000755776,4,"[""I4432739""]",True
10.1109/tvcg.2019.2934333,A5039343836,5,"[""I4432739"", ""I21449261""]",True
10.1109/tvcg.2019.2934612,A5005537804,1,"[""I145847075""]",True
10.1109/tvcg.2019.2934612,A5022294742,2,"[""I71920554"", ""I4210099236""]",True
10.1109/tvcg.2019.2934612,A5110321988,3,"[""I145847075"", ""I1343190059""]",True
10.1109/tvcg.2019.2934612,A5088614523,4,"[""I145847075""]",True
10.1109/tvcg.2019.2934338,A5060860322,1,"[""I223532165""]",True
10.1109/tvcg.2019.2934338,A5070956346,2,"[""I138006243""]",True
10.1109/tvcg.2019.2934338,A5103752748,3,"[""I223532165""]",True
10.1109/tvcg.2019.2934313,A5064609689,1,"[""I35440088""]",True
10.1109/tvcg.2019.2934313,A5033076979,2,"[""I35440088""]",True
10.1109/tvcg.2019.2934313,A5112462972,3,"[""I35440088""]",True
10.1109/tvcg.2019.2934289,A5054156401,1,"[""I83019370""]",True
10.1109/tvcg.2019.2934289,A5049539242,2,"[""I94624287""]",True
10.1109/tvcg.2019.2934289,A5109301008,3,"[""I4210135670"", ""I887064364""]",True
10.1109/tvcg.2019.2934289,A5051025031,4,"[""I83019370""]",True
10.1109/tvcg.2019.2934289,A5025297422,5,"[""I83019370""]",True
10.1109/tvcg.2019.2934557,A5054339045,1,"[""I56590836""]",True
10.1109/tvcg.2019.2934557,A5040517720,2,"[""I56590836""]",True
10.1109/tvcg.2019.2934557,A5017943466,3,"[""I56590836""]",True
10.1109/tvcg.2019.2934557,A5035416919,4,"[""I56590836""]",True
10.1109/tvcg.2019.2934557,A5024742201,5,"[""I27837315""]",True
10.1109/tvcg.2018.2864903,A5035982870,1,"[""I1290206253""]",True
10.1109/tvcg.2018.2864903,A5036300289,2,"[""I4210163771""]",True
10.1109/tvcg.2018.2864903,A5084098357,3,[],True
10.1109/tvcg.2018.2864903,A5047827833,4,"[""I4210163771""]",True
10.1109/tvcg.2018.2864903,A5010157704,5,"[""I82514191""]",True
10.1109/tvcg.2018.2865027,A5064480048,1,"[""I197347611""]",True
10.1109/tvcg.2018.2865027,A5015755413,2,"[""I197347611""]",True
10.1109/tvcg.2018.2865027,A5002184980,3,"[""I197347611""]",True
10.1109/tvcg.2018.2865027,A5034622258,4,"[""I130701444""]",True
10.1109/tvcg.2018.2865027,A5016930939,5,"[""I67900169""]",True
10.1109/tvcg.2018.2865027,A5049474187,6,"[""I39705031""]",True
10.1109/tvcg.2018.2865027,A5084279065,7,"[""I130701444""]",True
10.1109/tvcg.2018.2865027,A5047912015,8,"[""I197347611""]",True
10.1109/tvcg.2018.2865240,A5006087928,1,"[""I201448701""]",True
10.1109/tvcg.2018.2865240,A5100367825,2,"[""I201448701""]",True
10.1109/tvcg.2018.2865240,A5019091316,3,"[""I201448701""]",True
10.1109/tvcg.2018.2865240,A5037085696,4,"[""I201448701""]",True
10.1109/tvcg.2018.2865240,A5055813085,5,"[""I185103710""]",True
10.1109/tvcg.2018.2865240,A5007124763,6,"[""I201448701""]",True
10.1109/tvcg.2018.2865240,A5090570042,7,"[""I201448701""]",True
10.1109/tvcg.2018.2864812,A5101458443,1,"[""I889458895"", ""I200769079""]",True
10.1109/tvcg.2018.2864812,A5091466289,2,"[""I889458895"", ""I200769079""]",True
10.1109/tvcg.2018.2864812,A5102923390,3,"[""I57206974""]",True
10.1109/tvcg.2018.2864499,A5100462860,1,"[""I219193219""]",True
10.1109/tvcg.2018.2864499,A5100714578,2,"[""I2946016260""]",True
10.1109/tvcg.2018.2864499,A5028406899,3,"[""I2946016260""]",True
10.1109/tvcg.2018.2864499,A5028843823,4,"[""I2946016260""]",True
10.1109/tvcg.2018.2864499,A5018584803,5,"[""I219193219""]",True
10.1109/tvcg.2018.2865152,A5007690930,1,"[""I2801851002""]",True
10.1109/tvcg.2018.2865152,A5100774068,2,"[""I2801851002""]",True
10.1109/tvcg.2018.2865152,A5087518165,3,"[""I48566637""]",True
10.1109/tvcg.2018.2865152,A5009543696,4,"[""I56590836""]",True
10.1109/tvcg.2018.2865152,A5025485089,5,"[""I48566637""]",True
10.1109/tvcg.2018.2865152,A5048194226,6,"[""I98677209""]",True
10.1109/tvcg.2018.2865152,A5043151044,7,"[""I2801851002""]",True
10.1109/tvcg.2018.2865145,A5056438986,1,"[""I130701444""]",True
10.1109/tvcg.2018.2865145,A5010119044,2,"[""I1290206253""]",True
10.1109/tvcg.2018.2865145,A5064306421,3,"[""I130701444""]",True
10.1109/tvcg.2018.2865145,A5082668404,4,"[""I130701444""]",True
10.1109/tvcg.2018.2864475,A5063519388,1,"[""I889458895"", ""I200769079""]",True
10.1109/tvcg.2018.2864475,A5101547534,2,"[""I164956901""]",True
10.1109/tvcg.2018.2864475,A5036572194,3,"[""I200769079"", ""I889458895""]",True
10.1109/tvcg.2018.2864475,A5100653962,4,"[""I4210113369""]",True
10.1109/tvcg.2018.2865044,A5084459196,1,"[""I1341412227""]",True
10.1109/tvcg.2018.2865044,A5026789962,2,[],True
10.1109/tvcg.2018.2865044,A5040794392,3,[],True
10.1109/tvcg.2018.2865044,A5053097987,4,"[""I1341412227""]",True
10.1109/tvcg.2018.2865044,A5043151044,5,[],True
10.1109/tvcg.2018.2865044,A5062546146,6,[],True
10.1109/tvcg.2018.2864889,A5068008545,1,[],True
10.1109/tvcg.2018.2864889,A5034827759,2,"[""I201448701""]",True
10.1109/tvcg.2018.2864889,A5036300289,3,"[""I4210163771""]",True
10.1109/tvcg.2018.2864889,A5001536494,4,"[""I201448701""]",True
10.1109/tvcg.2018.2864889,A5089605137,5,"[""I27837315""]",True
10.1109/tvcg.2018.2864500,A5042350842,1,"[""I130701444""]",True
10.1109/tvcg.2018.2864500,A5056111015,2,"[""I1291425158""]",True
10.1109/tvcg.2018.2864500,A5020153026,3,"[""I130701444""]",True
10.1109/tvcg.2018.2864500,A5059594867,4,"[""I1291425158""]",True
10.1109/tvcg.2018.2864500,A5039276358,5,"[""I1291425158""]",True
10.1109/tvcg.2018.2864504,A5100669433,1,"[""I52357470""]",True
10.1109/tvcg.2018.2864504,A5103084682,2,"[""I164956901""]",True
10.1109/tvcg.2018.2864504,A5065630217,3,"[""I52357470""]",True
10.1109/tvcg.2018.2864504,A5088230949,4,"[""I164956901""]",True
10.1109/tvcg.2018.2865191,A5058678073,1,"[""I100296615""]",True
10.1109/tvcg.2018.2865191,A5068799512,2,"[""I4210164937""]",True
10.1109/tvcg.2018.2865191,A5010119044,3,"[""I4210164937""]",True
10.1109/tvcg.2018.2865191,A5009543696,4,"[""I2801239119"", ""I56590836""]",True
10.1109/tvcg.2018.2865191,A5052035815,5,"[""I100296615""]",True
10.1109/tvcg.2018.2865191,A5005306821,6,"[""I-1"", ""I100532134""]",True
10.1109/tvcg.2018.2865041,A5073986937,1,"[""I76130692""]",True
10.1109/tvcg.2018.2865041,A5078565296,2,"[""I76130692""]",True
10.1109/tvcg.2018.2865041,A5100404535,3,"[""I76130692""]",True
10.1109/tvcg.2018.2865041,A5049050148,4,"[""I76130692""]",True
10.1109/tvcg.2018.2865041,A5102131000,5,"[""I76130692""]",True
10.1109/tvcg.2018.2865041,A5108035744,6,"[""I76130692""]",True
10.1109/tvcg.2018.2865041,A5019619044,7,"[""I76130692""]",True
10.1109/tvcg.2018.2865041,A5100344494,8,"[""I76130692""]",True
10.1109/tvcg.2018.2864503,A5014009990,1,"[""I90727586""]",True
10.1109/tvcg.2018.2864503,A5057647519,2,"[""I76130692""]",True
10.1109/tvcg.2018.2864503,A5102139772,3,"[""I1328775524""]",True
10.1109/tvcg.2018.2864503,A5071560359,4,"[""I139660479""]",True
10.1109/tvcg.2018.2864503,A5074529716,5,"[""I90727586""]",True
10.1109/tvcg.2018.2864503,A5019432893,6,"[""I90727586""]",True
10.1109/tvcg.2018.2864503,A5100344522,7,"[""I76130692""]",True
10.1109/tvcg.2018.2865158,A5086732355,1,"[""I154570441"", ""I4210164937""]",True
10.1109/tvcg.2018.2865158,A5065644953,2,"[""I4210164937""]",True
10.1109/tvcg.2018.2865158,A5104038125,3,"[""I4210164937""]",True
10.1109/tvcg.2018.2865192,A5050126617,1,"[""I56590836""]",True
10.1109/tvcg.2018.2865192,A5008149778,2,"[""I56590836""]",True
10.1109/tvcg.2018.2865192,A5070162998,3,"[""I56590836""]",True
10.1109/tvcg.2018.2865192,A5085695563,4,"[""I56590836""]",True
10.1109/tvcg.2018.2865192,A5009543696,5,"[""I56590836""]",True
10.1109/tvcg.2018.2865192,A5062793472,6,"[""I1292875679""]",True
10.1109/tvcg.2018.2864838,A5038705854,1,"[""I189712700""]",True
10.1109/tvcg.2018.2864838,A5026296265,2,"[""I189712700""]",True
10.1109/tvcg.2018.2864838,A5073919282,3,"[""I189712700""]",True
10.1109/tvcg.2018.2864838,A5100337178,4,"[""I40120149""]",True
10.1109/tvcg.2018.2865040,A5083915579,1,"[""I95457486""]",True
10.1109/tvcg.2018.2865040,A5032871072,2,"[""I95457486""]",True
10.1109/tvcg.2018.2865040,A5067400866,3,"[""I95457486""]",True
10.1109/tvcg.2018.2865040,A5074503362,4,"[""I95457486""]",True
10.1109/tvcg.2018.2865040,A5019933387,5,"[""I95457486""]",True
10.1109/tvcg.2018.2865147,A5050640461,1,"[""I135310074""]",True
10.1109/tvcg.2018.2865147,A5054793421,2,"[""I27804330""]",True
10.1109/tvcg.2018.2865147,A5080214212,3,"[""I27804330""]",True
10.1109/tvcg.2018.2865147,A5109404977,4,"[""I135310074""]",True
10.1109/tvcg.2018.2865147,A5012666938,5,"[""I122411786""]",True
10.1109/tvcg.2018.2865146,A5010499463,1,"[""I130701444""]",True
10.1109/tvcg.2018.2865146,A5058764721,2,"[""I130701444""]",True
10.1109/tvcg.2018.2865146,A5017444173,3,"[""I4210104735""]",True
10.1109/tvcg.2018.2865146,A5026549128,4,"[""I4210104735""]",True
10.1109/tvcg.2018.2865146,A5089227387,5,"[""I4210104735""]",True
10.1109/tvcg.2018.2865146,A5064306421,6,"[""I130701444""]",True
10.1109/tvcg.2018.2865146,A5082668404,7,"[""I130701444""]",True
10.1109/tvcg.2018.2864909,A5001536494,1,"[""I201448701""]",True
10.1109/tvcg.2018.2864909,A5019208291,2,"[""I201448701""]",True
10.1109/tvcg.2018.2864909,A5089605137,3,"[""I27837315""]",True
10.1109/tvcg.2018.2864909,A5068008545,4,[],True
10.1109/tvcg.2018.2865076,A5037162594,1,"[""I12912129""]",True
10.1109/tvcg.2018.2865076,A5080208364,2,"[""I12912129""]",True
10.1109/tvcg.2018.2865076,A5063230893,3,"[""I12912129""]",True
10.1109/tvcg.2018.2865018,A5101769619,1,"[""I889458895"", ""I200769079""]",True
10.1109/tvcg.2018.2865018,A5024059541,2,"[""I4210120115""]",True
10.1109/tvcg.2018.2865018,A5103725392,3,"[""I4210120115""]",True
10.1109/tvcg.2018.2864477,A5036325519,1,[],True
10.1109/tvcg.2018.2864477,A5110823564,2,[],True
10.1109/tvcg.2018.2865077,A5016920518,1,"[""I4210144804"", ""I102197404""]",True
10.1109/tvcg.2018.2865077,A5023392600,2,"[""I102197404"", ""I4210144804""]",True
10.1109/tvcg.2018.2865077,A5053726723,3,"[""I204730241"", ""I4210159731"", ""I110736937""]",True
10.1109/tvcg.2018.2865077,A5089688638,4,"[""I102197404"", ""I4210144804""]",True
10.1109/tvcg.2018.2865020,A5071560359,1,"[""I139660479""]",True
10.1109/tvcg.2018.2865020,A5101659707,2,"[""I139660479""]",True
10.1109/tvcg.2018.2865020,A5100678189,3,"[""I139660479""]",True
10.1109/tvcg.2018.2865020,A5101867156,4,"[""I139660479"", ""I154099455""]",True
10.1109/tvcg.2018.2865020,A5079986783,5,"[""I139660479""]",True
10.1109/tvcg.2018.2865020,A5100736732,6,"[""I139660479""]",True
10.1109/tvcg.2018.2865020,A5068526974,7,"[""I154099455"", ""I139660479""]",True
10.1109/tvcg.2018.2865020,A5100613649,8,"[""I179026463""]",True
10.1109/tvcg.2018.2865020,A5100344494,9,"[""I76130692""]",True
10.1109/tvcg.2018.2865142,A5025762480,1,"[""I1326498283"", ""I102197404""]",True
10.1109/tvcg.2018.2865142,A5087889244,2,"[""I102197404"", ""I277688954""]",True
10.1109/tvcg.2018.2865142,A5089688638,3,"[""I1294671590"", ""I102197404"", ""I277688954""]",True
10.1109/tvcg.2018.2865142,A5065644953,4,"[""I4210164937"", ""I1290206253""]",True
10.1109/tvcg.2018.2865142,A5024860629,5,"[""I1326498283"", ""I102197404""]",True
10.1109/tvcg.2018.2864885,A5056999690,1,"[""I66867065""]",True
10.1109/tvcg.2018.2864885,A5012157105,2,"[""I116953780""]",True
10.1109/tvcg.2018.2864885,A5077712580,3,"[""I114027177""]",True
10.1109/tvcg.2018.2864885,A5073516753,4,"[""I66946132""]",True
10.1109/tvcg.2018.2864885,A5046703129,5,"[""I66867065""]",True
10.1109/tvcg.2018.2864885,A5000474356,6,"[""I116953780""]",True
10.1109/tvcg.2018.2865029,A5003251468,1,"[""I1289243028""]",True
10.1109/tvcg.2018.2865029,A5090930182,2,"[""I33213144""]",True
10.1109/tvcg.2018.2865029,A5048471884,3,"[""I1289243028""]",True
10.1109/tvcg.2018.2865029,A5007331165,4,"[""I1289243028""]",True
10.1109/tvcg.2018.2865029,A5056413615,5,"[""I1289243028""]",True
10.1109/tvcg.2018.2865029,A5034986549,6,"[""I1289243028""]",True
10.1109/tvcg.2018.2865029,A5012446017,7,"[""I1289243028""]",True
10.1109/tvcg.2018.2865029,A5091887368,8,"[""I1289243028""]",True
10.1109/tvcg.2018.2864907,A5036300289,1,"[""I4210163771""]",True
10.1109/tvcg.2018.2864907,A5100425352,2,"[""I138006243""]",True
10.1109/tvcg.2018.2864907,A5045224825,3,"[""I40347166""]",True
10.1109/tvcg.2018.2864907,A5035997603,4,"[""I138006243""]",True
10.1109/tvcg.2018.2865241,A5068100112,1,"[""I223532165""]",True
10.1109/tvcg.2018.2865241,A5079089831,2,"[""I56590836""]",True
10.1109/tvcg.2018.2865241,A5079369129,3,"[""I4210160447"", ""I124357947""]",True
10.1109/tvcg.2018.2865241,A5021386346,4,"[""I4210160447"", ""I124357947""]",True
10.1109/tvcg.2018.2865241,A5008627422,5,"[""I223532165""]",True
10.1109/tvcg.2018.2865237,A5072704951,1,"[""I66946132""]",True
10.1109/tvcg.2018.2865237,A5054015080,2,"[""I66946132""]",True
10.1109/tvcg.2018.2865237,A5034277315,3,"[""I66946132""]",True
10.1109/tvcg.2018.2864884,A5061839283,1,"[""I1299303238""]",True
10.1109/tvcg.2018.2864884,A5035067971,2,"[""I111979921""]",True
10.1109/tvcg.2018.2864884,A5034277315,3,"[""I66946132""]",True
10.1109/tvcg.2018.2864884,A5043405353,4,"[""I111979921""]",True
10.1109/tvcg.2018.2864914,A5013335258,1,"[""I188538660""]",True
10.1109/tvcg.2018.2864914,A5056903170,2,"[""I188538660""]",True
10.1109/tvcg.2018.2864843,A5038775008,1,"[""I99065089""]",True
10.1109/tvcg.2018.2864843,A5019821536,2,"[""I99065089""]",True
10.1109/tvcg.2018.2864843,A5029506224,3,"[""I55732556""]",True
10.1109/tvcg.2018.2864843,A5108824539,4,"[""I99065089""]",True
10.1109/tvcg.2018.2864843,A5100372368,5,"[""I99065089""]",True
10.1109/tvcg.2018.2865193,A5120543308,1,[],True
10.1109/tvcg.2018.2865193,A5029417016,2,"[""I111979921""]",True
10.1109/tvcg.2018.2865193,A5013181392,3,"[""I223532165""]",True
10.1109/tvcg.2018.2865193,A5048743653,4,"[""I8078737""]",True
10.1109/tvcg.2018.2864912,A5068526974,1,"[""I154099455""]",True
10.1109/tvcg.2018.2864912,A5100624798,2,"[""I154099455""]",True
10.1109/tvcg.2018.2864912,A5053361220,3,"[""I154099455""]",True
10.1109/tvcg.2018.2864912,A5101880832,4,"[""I154099455""]",True
10.1109/tvcg.2018.2864912,A5037110552,5,"[""I100066346""]",True
10.1109/tvcg.2018.2864912,A5054382056,6,"[""I177725633""]",True
10.1109/tvcg.2018.2864912,A5036489223,7,"[""I189712700""]",True
10.1109/tvcg.2018.2864912,A5010714340,8,"[""I20231570""]",True
10.1109/tvcg.2018.2864814,A5011744375,1,"[""I200769079"", ""I889458895""]",True
10.1109/tvcg.2018.2864814,A5023558209,2,"[""I889458895"", ""I200769079""]",True
10.1109/tvcg.2018.2864814,A5019712204,3,"[""I200769079"", ""I889458895""]",True
10.1109/tvcg.2018.2864814,A5021263036,4,"[""I889458895"", ""I200769079""]",True
10.1109/tvcg.2018.2864814,A5100546136,5,"[""I889458895"", ""I200769079""]",True
10.1109/tvcg.2018.2864814,A5104121600,6,"[""I200769079"", ""I889458895""]",True
10.1109/tvcg.2018.2864814,A5100406614,7,"[""I130769515""]",True
10.1109/tvcg.2018.2865235,A5084586922,1,[],True
10.1109/tvcg.2018.2865235,A5034445169,2,[],True
10.1109/tvcg.2018.2865235,A5043672607,3,[],True
10.1109/vast.2018.8802509,A5107904995,1,"[""I99065089""]",True
10.1109/vast.2018.8802509,A5038775008,2,"[""I99065089""]",True
10.1109/vast.2018.8802509,A5100341893,3,"[""I99065089""]",True
10.1109/vast.2018.8802509,A5003419563,4,"[""I99065089""]",True
10.1109/vast.2018.8802509,A5100606995,5,"[""I99065089""]",True
10.1109/tvcg.2018.2865043,A5053012503,1,"[""I83019370""]",True
10.1109/tvcg.2018.2865043,A5112326263,2,"[""I2801238018"", ""I145872427""]",True
10.1109/tvcg.2018.2865043,A5013074014,3,"[""I145872427"", ""I2801238018""]",True
10.1109/tvcg.2018.2865043,A5025635776,4,"[""I2801238018"", ""I145872427""]",True
10.1109/tvcg.2018.2865043,A5061254832,5,"[""I2801238018"", ""I145872427""]",True
10.1109/tvcg.2018.2865043,A5018914884,6,"[""I145872427"", ""I2801238018""]",True
10.1109/tvcg.2018.2865043,A5051025031,7,"[""I83019370""]",True
10.1109/tvcg.2018.2864769,A5020415668,1,"[""I189712700""]",True
10.1109/tvcg.2018.2864769,A5002860804,2,"[""I189712700""]",True
10.1109/tvcg.2018.2864769,A5036489223,3,"[""I189712700""]",True
10.1109/tvcg.2018.2864769,A5073919282,4,"[""I189712700""]",True
10.1109/tvcg.2018.2864769,A5042382359,5,[],True
10.1109/tvcg.2018.2865138,A5062859783,1,"[""I2801851002""]",True
10.1109/tvcg.2018.2865138,A5070975377,2,"[""I175594653""]",True
10.1109/tvcg.2018.2865138,A5043151044,3,"[""I2801851002""]",True
10.1109/tvcg.2018.2865159,A5041275294,1,"[""I97018004""]",True
10.1109/tvcg.2018.2865159,A5001649622,2,"[""I212119943"", ""I180825142""]",True
10.1109/tvcg.2018.2865159,A5039900558,3,"[""I97018004""]",True
10.1109/tvcg.2018.2865159,A5060725233,4,"[""I102197404"", ""I1326498283""]",True
10.1109/tvcg.2018.2865159,A5032305401,5,"[""I102197404"", ""I1326498283""]",True
10.1109/tvcg.2018.2865126,A5088199295,1,"[""I76130692""]",True
10.1109/tvcg.2018.2865126,A5100400800,2,"[""I76130692""]",True
10.1109/tvcg.2018.2865126,A5082213932,3,"[""I76130692""]",True
10.1109/tvcg.2018.2865126,A5103783835,4,"[""I45928872""]",True
10.1109/tvcg.2018.2865126,A5090901796,5,"[""I45928872""]",True
10.1109/tvcg.2018.2865126,A5073986937,6,"[""I76130692""]",True
10.1109/tvcg.2018.2864836,A5048992354,1,"[""I4210160447"", ""I124357947""]",True
10.1109/tvcg.2018.2864836,A5004452139,2,"[""I124357947"", ""I4210160447""]",True
10.1109/tvcg.2018.2864836,A5079369129,3,"[""I4210160447"", ""I124357947""]",True
10.1109/vast.2018.8802454,A5100447162,1,"[""I200769079"", ""I889458895""]",True
10.1109/vast.2018.8802454,A5040696359,2,"[""I200769079"", ""I889458895""]",True
10.1109/vast.2018.8802454,A5020786535,3,"[""I889458895"", ""I200769079""]",True
10.1109/vast.2018.8802454,A5067702248,4,"[""I2250653659""]",True
10.1109/vast.2018.8802454,A5046828208,5,"[""I2250653659""]",True
10.1109/vast.2018.8802454,A5026376235,6,"[""I889458895"", ""I200769079""]",True
10.1109/tvcg.2018.2865230,A5101523517,1,"[""I1282311441""]",True
10.1109/tvcg.2018.2865230,A5102018107,2,"[""I223532165""]",True
10.1109/tvcg.2018.2865230,A5102008970,3,"[""I223532165""]",True
10.1109/tvcg.2018.2865230,A5013135203,4,"[""I223532165""]",True
10.1109/tvcg.2018.2865230,A5009460413,5,"[""I223532165""]",True
10.1109/tvcg.2018.2865230,A5019902487,6,"[""I1282311441""]",True
10.1109/tvcg.2018.2865139,A5051701696,1,"[""I76130692""]",True
10.1109/tvcg.2018.2865139,A5101893193,2,"[""I76130692""]",True
10.1109/tvcg.2018.2865139,A5074072259,3,"[""I76130692""]",True
10.1109/tvcg.2018.2865139,A5010463964,4,"[""I76130692""]",True
10.1109/tvcg.2018.2865139,A5113091615,5,"[""I76130692""]",True
10.1109/tvcg.2018.2865139,A5079986783,6,"[""I139660479""]",True
10.1109/tvcg.2018.2865139,A5080765061,7,"[""I130769515""]",True
10.1109/tvcg.2018.2865119,A5012158528,1,"[""I66946132""]",True
10.1109/tvcg.2018.2865119,A5100745766,2,"[""I1306409833""]",True
10.1109/tvcg.2018.2865119,A5034277315,3,"[""I66946132""]",True
10.1109/tvcg.2018.2865026,A5106723036,1,"[""I59553526""]",True
10.1109/tvcg.2018.2865026,A5103818338,2,"[""I200870766""]",True
10.1109/tvcg.2018.2865026,A5070670810,3,"[""I59553526""]",True
10.1109/tvcg.2018.2865022,A5101815630,1,[],True
10.1109/tvcg.2018.2865022,A5065310800,2,[],True
10.1109/tvcg.2018.2865234,A5104038125,1,"[""I1290206253"", ""I4210164937""]",True
10.1109/tvcg.2018.2865234,A5065644953,2,"[""I1290206253"", ""I4210164937""]",True
10.1109/tvcg.2018.2865234,A5024860629,3,"[""I102197404"", ""I1326498283""]",True
10.1109/tvcg.2018.2865234,A5061568946,4,"[""I66946132""]",True
10.1109/tvcg.2018.2865233,A5039822376,1,"[""I4210150358"", ""I102197404"", ""I39804081"", ""I1326498283""]",True
10.1109/tvcg.2018.2865233,A5019033794,2,"[""I4210150358"", ""I39804081""]",True
10.1109/tvcg.2018.2865233,A5089688638,3,"[""I4210144804"", ""I277688954"", ""I1326498283"", ""I1294671590"", ""I102197404""]",True
10.1109/tvcg.2018.2865233,A5043405353,4,"[""I111979921""]",True
10.1109/tvcg.2018.2865144,A5012158528,1,"[""I66946132""]",True
10.1109/tvcg.2018.2865144,A5012797594,2,"[""I204337017""]",True
10.1109/tvcg.2018.2865144,A5018955742,3,"[""I204337017""]",True
10.1109/tvcg.2018.2865144,A5063269254,4,"[""I204337017""]",True
10.1109/tvcg.2018.2865144,A5034277315,5,"[""I66946132""]",True
10.1109/tvcg.2018.2864899,A5018322383,1,"[""I76130692""]",True
10.1109/tvcg.2018.2864899,A5036885836,2,"[""I76130692""]",True
10.1109/tvcg.2018.2864899,A5091561129,3,"[""I76130692""]",True
10.1109/tvcg.2018.2864899,A5100653962,4,"[""I4210164937""]",True
10.1109/tvcg.2018.2864899,A5109722197,5,"[""I169381384""]",True
10.1109/tvcg.2018.2864899,A5073986937,6,"[""I76130692""]",True
10.1109/tvcg.2018.2865021,A5006575291,1,"[""I76130692""]",True
10.1109/tvcg.2018.2865021,A5100344494,2,"[""I76130692""]",True
10.1109/tvcg.2018.2865021,A5061957179,3,"[""I84218800""]",True
10.1109/tvcg.2018.2865021,A5043391973,4,"[""I84218800""]",True
10.1109/tvcg.2018.2865021,A5044425959,5,"[""I4210095624"", ""I76130692""]",True
10.1109/tvcg.2018.2865021,A5104157412,6,"[""I76130692""]",True
10.1109/tvcg.2018.2865021,A5089718561,7,"[""I76130692""]",True
10.1109/tvcg.2018.2865021,A5037161857,8,"[""I84218800""]",True
10.1109/tvcg.2018.2864913,A5059410695,1,"[""I223532165""]",True
10.1109/tvcg.2018.2864913,A5064819643,2,"[""I12315562""]",True
10.1109/tvcg.2018.2864913,A5008627422,3,"[""I223532165""]",True
10.1109/tvcg.2018.2865024,A5063362314,1,"[""I121883995""]",True
10.1109/tvcg.2018.2865024,A5078536303,2,"[""I121883995""]",True
10.1109/tvcg.2018.2865024,A5000555892,3,"[""I1343190059""]",True
10.1109/tvcg.2018.2865024,A5060182416,4,"[""I4210119669""]",True
10.1109/tvcg.2018.2865024,A5042080340,5,"[""I121883995""]",True
10.1109/tvcg.2018.2864848,A5047677160,1,"[""I223532165""]",True
10.1109/tvcg.2018.2864848,A5019902487,2,"[""I1282311441""]",True
10.1109/tvcg.2018.2864848,A5009460413,3,"[""I223532165""]",True
10.1109/tvcg.2018.2864825,A5025567094,1,"[""I889458895"", ""I200769079""]",True
10.1109/tvcg.2018.2864825,A5035687843,2,"[""I889458895"", ""I200769079""]",True
10.1109/tvcg.2018.2864825,A5056389929,3,"[""I200769079"", ""I889458895""]",True
10.1109/tvcg.2018.2864825,A5100377649,4,"[""I889458895"", ""I200769079""]",True
10.1109/tvcg.2018.2864825,A5000474356,5,"[""I116953780""]",True
10.1109/tvcg.2018.2865149,A5034150082,1,"[""I223532165""]",True
10.1109/tvcg.2018.2865149,A5042080340,2,"[""I121883995""]",True
10.1109/tvcg.2018.2865149,A5031057530,3,"[""I223532165""]",True
10.1109/tvcg.2018.2864905,A5011823353,1,"[""I45129253"", ""I185261750"", ""I4210141030"", ""I2800129641"", ""I2801317318""]",True
10.1109/tvcg.2018.2864905,A5103054696,2,"[""I2800129641"", ""I2801317318"", ""I4210141030"", ""I45129253""]",True
10.1109/tvcg.2018.2864905,A5012113499,3,[],True
10.1109/tvcg.2018.2864905,A5029815396,4,[],True
10.1109/tvcg.2018.2865194,A5037711609,1,"[""I138006243""]",True
10.1109/tvcg.2018.2865194,A5039063170,2,"[""I138006243""]",True
10.1109/tvcg.2018.2865194,A5035997603,3,"[""I138006243""]",True
10.1109/tvcg.2018.2865047,A5056817428,1,"[""I859038795""]",True
10.1109/tvcg.2018.2865047,A5061311189,2,"[""I859038795""]",True
10.1109/tvcg.2018.2865047,A5112172245,3,"[""I859038795""]",True
10.1109/tvcg.2018.2865047,A5062711342,4,"[""I859038795""]",True
10.1109/tvcg.2018.2865047,A5113555684,5,"[""I859038795""]",True
10.1109/tvcg.2018.2865047,A5037675411,6,"[""I859038795""]",True
10.1109/tvcg.2018.2865028,A5024565069,1,"[""I861853513""]",True
10.1109/tvcg.2018.2865028,A5055376474,2,"[""I861853513""]",True
10.1109/tvcg.2018.2865028,A5074371974,3,"[""I861853513""]",True
10.1109/tvcg.2018.2865028,A5071925791,4,"[""I861853513""]",True
10.1109/tvcg.2018.2865028,A5077525727,5,"[""I861853513""]",True
10.1109/tvcg.2018.2864839,A5008754293,1,"[""I71920554""]",True
10.1109/tvcg.2018.2864839,A5073217289,2,"[""I71920554""]",True
10.1109/tvcg.2018.2864839,A5039942334,3,"[""I71920554""]",True
10.1109/tvcg.2018.2864839,A5072700322,4,"[""I71920554""]",True
10.1109/tvcg.2018.2864432,A5055690572,1,"[""I1294671590"", ""I204730241"", ""I39804081""]",True
10.1109/tvcg.2018.2864432,A5005038762,2,"[""I114832834""]",True
10.1109/tvcg.2018.2864432,A5063625747,3,"[""I114832834""]",True
10.1109/tvcg.2018.2864432,A5074734666,4,"[""I204730241"", ""I39804081"", ""I1294671590""]",True
10.1109/tvcg.2018.2864526,A5010847113,1,"[""I130701444""]",True
10.1109/tvcg.2018.2864526,A5069923620,2,"[""I130701444""]",True
10.1109/tvcg.2018.2864526,A5101547534,3,"[""I164956901""]",True
10.1109/tvcg.2018.2864849,A5083540777,1,"[""I2801919071""]",True
10.1109/tvcg.2018.2864849,A5089918221,2,"[""I2801919071""]",True
10.1109/tvcg.2018.2864849,A5044376354,3,[],True
10.1109/tvcg.2018.2864849,A5037889170,4,"[""I2801919071""]",True
10.1109/tvcg.2018.2864849,A5056104510,5,"[""I2801919071""]",True
10.1109/tvcg.2018.2865141,A5102959274,1,"[""I139264467""]",True
10.1109/tvcg.2018.2865141,A5009374413,2,"[""I102197404"", ""I4210115485"", ""I1294671590"", ""I277688954""]",True
10.1109/tvcg.2018.2865141,A5032305401,3,"[""I102197404"", ""I1326498283""]",True
10.1109/tvcg.2018.2865141,A5060725233,4,"[""I1326498283"", ""I102197404""]",True
10.1109/tvcg.2018.2864846,A5008966133,1,"[""I926574661""]",True
10.1109/tvcg.2018.2864846,A5071924144,2,"[""I926574661""]",True
10.1109/tvcg.2018.2864846,A5079275693,3,"[""I137479271""]",True
10.1109/tvcg.2018.2864846,A5091451238,4,"[""I137479271""]",True
10.1109/tvcg.2018.2864846,A5077096282,5,"[""I137479271""]",True
10.1109/tvcg.2018.2864846,A5057709184,6,"[""I200332995""]",True
10.1109/tvcg.2018.2864846,A5047199312,7,"[""I200332995""]",True
10.1109/tvcg.2018.2864846,A5029336209,8,"[""I926574661""]",True
10.1109/tvcg.2018.2865264,A5002472436,1,"[""I78577930""]",True
10.1109/tvcg.2018.2865264,A5026168274,2,"[""I121934306""]",True
10.1109/tvcg.2018.2865264,A5089451178,3,"[""I121934306""]",True
10.1109/tvcg.2018.2865264,A5049016095,4,"[""I78577930""]",True
10.1109/tvcg.2018.2865232,A5100609686,1,"[""I889458895"", ""I200769079""]",True
10.1109/tvcg.2018.2865232,A5100332661,2,"[""I889458895"", ""I200769079""]",True
10.1109/tvcg.2018.2865232,A5058364844,3,"[""I889458895"", ""I200769079""]",True
10.1109/tvcg.2018.2865232,A5100653962,4,"[""I4210113369""]",True
10.1109/tvcg.2018.2865232,A5091466289,5,"[""I889458895"", ""I200769079""]",True
10.1109/tvcg.2018.2865117,A5112562638,1,"[""I107077323""]",True
10.1109/tvcg.2018.2865117,A5011928259,2,"[""I131221577""]",True
10.1109/tvcg.2018.2865117,A5087146581,3,"[""I107077323""]",True
10.1109/tvcg.2018.2864844,A5100370897,1,"[""I55732556""]",True
10.1109/tvcg.2018.2864844,A5029506224,2,"[""I55732556""]",True
10.1109/tvcg.2018.2864844,A5017215452,3,"[""I55732556""]",True
10.1109/tvcg.2018.2864844,A5015732185,4,"[""I55732556""]",True
10.1109/tvcg.2018.2864844,A5101513179,5,"[""I4210134512""]",True
10.1109/tvcg.2018.2864844,A5041755435,6,"[""I134113660""]",True
10.1109/tvcg.2018.2864844,A5026799813,7,"[""I55732556""]",True
10.1109/tvcg.2018.2864806,A5103144718,1,[],True
10.1109/tvcg.2018.2864806,A5017495525,2,"[""I154986956""]",True
10.1109/tvcg.2018.2864806,A5109403506,3,"[""I2898391981""]",True
10.1109/tvcg.2018.2864806,A5029621326,4,[],True
10.1109/tvcg.2018.2864806,A5027836272,5,[],True
10.1109/tvcg.2018.2864510,A5014032522,1,"[""I4210136249""]",True
10.1109/tvcg.2018.2864510,A5004586152,2,"[""I4210136249""]",True
10.1109/tvcg.2018.2864510,A5110321988,3,"[""I145847075""]",True
10.1109/tvcg.2018.2864510,A5077940635,4,"[""I4210136249""]",True
10.1109/tvcg.2018.2864510,A5056214245,5,"[""I4210136249""]",True
10.1109/tvcg.2018.2865049,A5071098711,1,"[""I189712700""]",True
10.1109/tvcg.2018.2865049,A5079507712,2,"[""I189712700""]",True
10.1109/tvcg.2018.2865049,A5065218054,3,"[""I189712700""]",True
10.1109/tvcg.2018.2865049,A5003377833,4,"[""I35440088"", ""I2799323385""]",True
10.1109/tvcg.2018.2865049,A5073919282,5,"[""I189712700""]",True
10.1109/tvcg.2018.2864816,A5038058828,1,"[""I102134673"", ""I2799390153"", ""I4210113652""]",True
10.1109/tvcg.2018.2864816,A5048647256,2,"[""I2799390153"", ""I102134673"", ""I4210113652""]",True
10.1109/tvcg.2018.2864816,A5001235418,3,"[""I4210113652"", ""I102134673"", ""I2799390153""]",True
10.1109/tvcg.2018.2864816,A5043545263,4,"[""I2799390153"", ""I102134673"", ""I4210113652""]",True
10.1109/tvcg.2018.2864901,A5034541117,1,[],True
10.1109/tvcg.2018.2864901,A5027836272,2,[],True
10.1109/tvcg.2018.2864901,A5027125468,3,[],True
10.1109/tvcg.2018.2864901,A5029621326,4,[],True
10.1109/tvcg.2018.2864886,A5010847113,1,"[""I130701444""]",True
10.1109/tvcg.2018.2864886,A5100745766,2,"[""I1306409833""]",True
10.1109/tvcg.2018.2864886,A5018266351,3,"[""I1306409833""]",True
10.1109/tvcg.2018.2864886,A5069923620,4,"[""I130701444""]",True
10.1109/tvcg.2018.2864491,A5031138186,1,"[""I145847075""]",True
10.1109/tvcg.2018.2864491,A5007501711,2,"[""I44504214""]",True
10.1109/tvcg.2018.2864491,A5022022242,3,"[""I21449261""]",True
10.1109/tvcg.2018.2864491,A5025784757,4,"[""I145847075""]",True
10.1109/tvcg.2018.2864491,A5102901072,5,"[""I4210164942""]",True
10.1109/tvcg.2018.2864491,A5040337866,6,"[""I123431417""]",True
10.1109/tvcg.2018.2864491,A5058956938,7,"[""I123431417""]",True
10.1109/tvcg.2018.2864491,A5109928029,8,"[""I145847075""]",True
10.1109/tvcg.2018.2864491,A5022294742,9,"[""I145847075""]",True
10.1109/tvcg.2018.2865051,A5033509167,1,"[""I130238516""]",True
10.1109/tvcg.2018.2865051,A5058360336,2,"[""I130238516""]",True
10.1109/tvcg.2018.2865051,A5076860785,3,"[""I1343871089""]",True
10.1109/tvcg.2018.2865051,A5000687536,4,"[""I1343871089""]",True
10.1109/tvcg.2018.2865051,A5028531367,5,"[""I1343871089""]",True
10.1109/tvcg.2018.2864911,A5068526974,1,"[""I154099455""]",True
10.1109/tvcg.2018.2864911,A5102725723,2,"[""I154099455""]",True
10.1109/tvcg.2018.2864911,A5100399667,3,"[""I154099455""]",True
10.1109/tvcg.2018.2864911,A5028439227,4,"[""I154099455""]",True
10.1109/tvcg.2018.2864911,A5054382056,5,"[""I177725633""]",True
10.1109/tvcg.2018.2864911,A5037110552,6,"[""I100066346""]",True
10.1109/tvcg.2018.2864911,A5010714340,7,"[""I20231570""]",True
10.1109/tvcg.2018.2864911,A5036489223,8,"[""I189712700""]",True
10.1109/tvcg.2018.2864853,A5115590150,1,"[""I223532165""]",True
10.1109/tvcg.2018.2864853,A5046473651,2,"[""I223532165""]",True
10.1109/tvcg.2018.2864853,A5069061531,3,"[""I1282311441""]",True
10.1109/tvcg.2018.2864853,A5019902487,4,"[""I1282311441""]",True
10.1109/tvcg.2018.2864853,A5085342992,5,"[""I1282311441""]",True
10.1109/tvcg.2018.2864853,A5009460413,6,"[""I223532165""]",True
10.1109/tvcg.2018.2864852,A5024261564,1,"[""I59553526""]",True
10.1109/tvcg.2018.2864852,A5025591478,2,"[""I59553526""]",True
10.1109/tvcg.2018.2864852,A5004888894,3,"[""I59553526""]",True
10.1109/tvcg.2018.2864852,A5019358629,4,"[""I59553526""]",True
10.1109/tvcg.2018.2864852,A5035655126,5,"[""I59553526""]",True
10.1109/tvcg.2018.2864852,A5039517392,6,"[""I136199984"", ""I59553526""]",True
10.1109/tvcg.2018.2864851,A5091297067,1,"[""I4210093282""]",True
10.1109/tvcg.2018.2864851,A5088394147,2,[],True
10.1109/tvcg.2018.2864851,A5061059879,3,[],True
10.1109/tvcg.2018.2864851,A5022022242,4,"[""I21449261""]",True
10.1109/tvcg.2018.2864851,A5013055435,5,"[""I4210093282""]",True
10.1109/tvcg.2018.2864851,A5002141920,6,"[""I4210093282""]",True
10.1109/tvcg.2018.2864826,A5091398218,1,"[""I57206974""]",True
10.1109/tvcg.2018.2864826,A5024059541,2,"[""I4210120115""]",True
10.1109/tvcg.2018.2864826,A5036084788,3,"[""I4210120115""]",True
10.1109/tvcg.2018.2864826,A5103725392,4,"[""I4210120115""]",True
10.1109/tvcg.2018.2864808,A5101829011,1,"[""I107639228""]",True
10.1109/tvcg.2018.2864808,A5057396201,2,"[""I107639228""]",True
10.1109/tvcg.2018.2864808,A5101913449,3,"[""I107639228""]",True
10.1109/tvcg.2018.2864808,A5068157871,4,"[""I107639228""]",True
10.1109/tvcg.2018.2864808,A5054749881,5,"[""I1282105669""]",True
10.1109/tvcg.2018.2864808,A5007269349,6,"[""I1282105669""]",True
10.1109/tvcg.2018.2864808,A5100454615,7,"[""I52357470""]",True
10.1109/tvcg.2018.2865265,A5001469241,1,"[""I86987016""]",True
10.1109/tvcg.2018.2865265,A5082234726,2,"[""I86987016""]",True
10.1109/tvcg.2018.2864850,A5033663315,1,"[""I223532165""]",True
10.1109/tvcg.2018.2864850,A5039910512,2,"[""I4210158342""]",True
10.1109/tvcg.2018.2864850,A5100731725,3,"[""I223532165""]",True
10.1109/tvcg.2018.2864850,A5084707380,4,"[""I223532165""]",True
10.1109/tvcg.2018.2864850,A5048780291,5,"[""I223532165""]",True
10.1109/tvcg.2018.2864813,A5078850645,1,[],True
10.1109/tvcg.2018.2864813,A5081959207,2,[],True
10.1109/tvcg.2018.2864813,A5039626800,3,[],True
10.1109/tvcg.2018.2864811,A5057538550,1,"[""I180825142""]",True
10.1109/tvcg.2018.2864811,A5022699013,2,"[""I180825142""]",True
10.1109/tvcg.2018.2864811,A5102086582,3,"[""I4210110975""]",True
10.1109/tvcg.2018.2864811,A5017016970,4,"[""I4210092639""]",True
10.1109/tvcg.2018.2864801,A5076622540,1,"[""I52357470""]",True
10.1109/tvcg.2018.2864801,A5088361669,2,"[""I52357470""]",True
10.1109/tvcg.2018.2864801,A5065630217,3,"[""I52357470""]",True
10.1109/tvcg.2018.2864801,A5031059601,4,"[""I52357470""]",True
10.1109/tvcg.2018.2864508,A5080174595,1,"[""I223822909""]",True
10.1109/tvcg.2018.2864508,A5090713755,2,"[""I223822909""]",True
10.1109/tvcg.2018.2864508,A5028028246,3,"[""I4210109156""]",True
10.1109/tvcg.2018.2864508,A5011941798,4,"[""I223822909""]",True
10.1109/tvcg.2018.2865151,A5071893913,1,"[""I130701444""]",True
10.1109/tvcg.2018.2865151,A5069923620,2,"[""I130701444""]",True
10.1109/tvcg.2018.2865039,A5032569518,1,"[""I100633361""]",True
10.1109/tvcg.2018.2865039,A5039792766,2,"[""I100633361""]",True
10.1109/tvcg.2018.2865039,A5030293804,3,"[""I100633361""]",True
10.1109/tvcg.2018.2865039,A5022618145,4,"[""I100633361""]",True
10.1109/tvcg.2018.2864815,A5102026182,1,"[""I33213144""]",True
10.1109/tvcg.2018.2864815,A5058158315,2,"[""I33213144""]",True
10.1109/tvcg.2018.2864509,A5053136336,1,[],True
10.1109/tvcg.2018.2864509,A5088860259,2,"[""I35440088"", ""I2799323385""]",True
10.1109/tvcg.2018.2864509,A5056861456,3,[],True
10.1109/tvcg.2018.2864509,A5108369244,4,[],True
10.1109/tvcg.2018.2864509,A5034699298,5,[],True
10.1109/tvcg.2018.2864509,A5005017697,6,"[""I2802076133""]",True
10.1109/tvcg.2018.2864507,A5072697451,1,"[""I195893171""]",True
10.1109/tvcg.2018.2864507,A5012693590,2,"[""I195893171""]",True
10.1109/tvcg.2018.2864507,A5051610081,3,"[""I195893171""]",True
10.1109/tvcg.2018.2864507,A5091630951,4,"[""I195893171""]",True
10.1109/tvcg.2018.2864505,A5080292005,1,"[""I223532165""]",True
10.1109/tvcg.2018.2864505,A5048780291,2,"[""I223532165""]",True
10.1109/tvcg.2018.2865042,A5033119598,1,"[""I102134673""]",True
10.1109/tvcg.2018.2865042,A5061859149,2,"[""I102134673""]",True
10.1109/tvcg.2018.2865042,A5058912459,3,"[""I102134673""]",True
10.1109/tvcg.2018.2865042,A5021363996,4,"[""I102134673""]",True
10.1109/tvcg.2018.2865042,A5102023823,5,"[""I102134673""]",True
10.1109/vast.2018.8802424,A5061311189,1,"[""I859038795""]",True
10.1109/vast.2018.8802424,A5084575646,2,[],True
10.1109/vast.2018.8802424,A5056817428,3,"[""I859038795""]",True
10.1109/vast.2018.8802424,A5113555684,4,"[""I859038795""]",True
10.1109/vast.2018.8802424,A5037675411,5,"[""I859038795""]",True
10.1109/tvcg.2018.2864847,A5010238198,1,"[""I2801851002""]",True
10.1109/tvcg.2018.2864847,A5020730215,2,"[""I2801851002""]",True
10.1109/tvcg.2018.2864847,A5013856888,3,"[""I71920554""]",True
10.1109/tvcg.2018.2864847,A5049241635,4,"[""I71920554""]",True
10.1109/tvcg.2018.2864847,A5043151044,5,"[""I2801851002""]",True
10.1109/tvcg.2018.2864847,A5008754293,6,"[""I71920554""]",True
10.1109/tvcg.2018.2864690,A5021984687,1,"[""I100296615""]",True
10.1109/tvcg.2018.2864690,A5058678073,2,"[""I100296615""]",True
10.1109/tvcg.2018.2864690,A5024074640,3,"[""I169381384""]",True
10.1109/tvcg.2018.2864498,A5043288842,1,"[""I62318514""]",True
10.1109/tvcg.2018.2864498,A5087449583,2,"[""I62318514""]",True
10.1109/vast.2018.8802486,A5006417854,1,"[""I189712700""]",True
10.1109/vast.2018.8802486,A5040794392,2,"[""I2801851002""]",True
10.1109/vast.2018.8802486,A5012766006,3,"[""I189712700""]",True
10.1109/vast.2018.8802486,A5033325324,4,"[""I189712700""]",True
10.1109/vast.2018.8802486,A5067091709,5,"[""I189712700""]",True
10.1109/vast.2018.8802486,A5050342469,6,"[""I189712700""]",True
10.1109/vast.2018.8802486,A5050433080,7,"[""I189712700""]",True
10.1109/vast.2018.8802486,A5017670865,8,"[""I189712700""]",True
10.1109/vast.2018.8802486,A5073919282,9,"[""I189712700""]",True
10.1109/vast.2018.8802383,A5013043483,1,"[""I87445476""]",True
10.1109/vast.2018.8802383,A5038669787,2,"[""I87445476""]",True
10.1109/vast.2018.8802383,A5035080566,3,"[""I87445476""]",True
10.1109/tvcg.2018.2864887,A5090335927,1,[],True
10.1109/tvcg.2018.2864887,A5048919402,2,[],True
10.1109/tvcg.2018.2864887,A5069361331,3,"[""I889458895"", ""I200769079""]",True
10.1109/tvcg.2018.2864887,A5018820623,4,"[""I26274970""]",True
10.1109/tvcg.2018.2864887,A5056234242,5,[],True
10.1109/tvcg.2018.2864887,A5083735800,6,[],True
10.1109/tvcg.2018.2864841,A5102266919,1,"[""I84218800""]",True
10.1109/tvcg.2018.2864841,A5060995530,2,"[""I84218800""]",True
10.1109/tvcg.2018.2864841,A5037161857,3,"[""I84218800""]",True
10.1109/tvcg.2018.2864827,A5068745544,1,"[""I44461941""]",True
10.1109/tvcg.2018.2864827,A5055426585,2,"[""I44461941""]",True
10.1109/tvcg.2018.2864768,A5050543367,1,"[""I131249849""]",True
10.1109/tvcg.2018.2864768,A5103886740,2,"[""I131249849""]",True
10.1109/tvcg.2018.2864768,A5100333760,3,"[""I131249849""]",True
10.1109/tvcg.2018.2864768,A5026074051,4,"[""I131249849""]",True
10.1109/tvcg.2018.2865025,A5100337178,1,"[""I40120149""]",True
10.1109/tvcg.2018.2865025,A5007123290,2,"[""I86519309""]",True
10.1109/tvcg.2018.2865025,A5045205518,3,"[""I137265193"", ""I4210100755""]",True
10.1109/tvcg.2018.2865025,A5112529299,4,"[""I86519309""]",True
10.1109/tvcg.2018.2865023,A5025431592,1,"[""I57206974""]",True
10.1109/tvcg.2018.2865023,A5078653899,2,"[""I57206974""]",True
10.1109/tvcg.2018.2865023,A5037287342,3,"[""I57206974""]",True
10.1109/tvcg.2018.2865023,A5066300885,4,"[""I4390039371""]",True
10.1109/tvcg.2018.2865023,A5102923390,5,"[""I57206974""]",True
10.1109/tvcg.2018.2864828,A5088860259,1,"[""I35440088""]",True
10.1109/tvcg.2018.2864828,A5039626800,2,[],True
10.1109/tvcg.2018.2864817,A5088027921,1,"[""I44461941""]",True
10.1109/tvcg.2018.2864817,A5019293298,2,"[""I44461941""]",True
10.1109/tvcg.2018.2864817,A5031570473,3,"[""I39586589""]",True
10.1109/tvcg.2018.2864817,A5055426585,4,"[""I44461941""]",True
10.1109/tvcg.2018.2865231,A5111056004,1,"[""I27837315""]",True
10.1109/tvcg.2018.2865231,A5064931337,2,"[""I27837315""]",True
10.1109/vast.2018.8802415,A5010847113,1,"[""I130701444""]",True
10.1109/vast.2018.8802415,A5021924764,2,"[""I164956901""]",True
10.1109/vast.2018.8802415,A5069923620,3,"[""I130701444""]",True
10.1109/tvcg.2018.2865118,A5110655140,1,[],True
10.1109/tvcg.2018.2865118,A5027852213,2,[],True
10.1109/tvcg.2018.2865075,A5008337640,1,"[""I36258959""]",True
10.1109/tvcg.2018.2865075,A5079272514,2,"[""I130701444""]",True
10.1109/tvcg.2018.2865075,A5064306421,3,"[""I130701444""]",True
10.1109/tvcg.2018.2865075,A5060176991,4,"[""I36258959""]",True
10.1109/tvcg.2018.2864506,A5100685274,1,"[""I889458895""]",True
10.1109/tvcg.2018.2864506,A5052673631,2,[],True
10.1109/tvcg.2018.2864506,A5065203565,3,[],True
10.1109/tvcg.2018.2864506,A5075610337,4,[],True
10.1109/tvcg.2018.2864506,A5038629539,5,[],True
10.1109/tvcg.2018.2864506,A5114833294,6,"[""I889458895""]",True
10.1109/tvcg.2018.2865266,A5068526974,1,"[""I154099455""]",True
10.1109/tvcg.2018.2865266,A5108254488,2,"[""I154099455""]",True
10.1109/tvcg.2018.2865266,A5054382056,3,"[""I19820366"", ""I4210145761""]",True
10.1109/tvcg.2018.2865266,A5088506741,4,[],True
10.1109/tvcg.2018.2865266,A5036489223,5,"[""I189712700""]",True
10.1109/tvcg.2018.2865266,A5073619125,6,[],True
10.1109/tvcg.2018.2864845,A5034551531,1,"[""I135140700""]",True
10.1109/tvcg.2018.2864845,A5086461942,2,"[""I135140700""]",True
10.1109/tvcg.2018.2864656,A5007804770,1,"[""I4432739""]",True
10.1109/tvcg.2018.2864656,A5022820798,2,"[""I4432739""]",True
10.1109/tvcg.2018.2864656,A5063965880,3,"[""I4432739""]",True
10.1109/vast.2018.8802449,A5041495588,1,"[""I219193219""]",True
10.1109/vast.2018.8802449,A5089865252,2,"[""I219193219""]",True
10.1109/tvcg.2017.2744878,A5070061774,1,"[""I201448701""]",True
10.1109/tvcg.2017.2744878,A5050965018,2,"[""I1291425158""]",True
10.1109/tvcg.2017.2744878,A5081809692,3,"[""I1291425158""]",True
10.1109/tvcg.2017.2744878,A5085572000,4,"[""I1291425158""]",True
10.1109/tvcg.2017.2744878,A5104088352,5,"[""I1291425158""]",True
10.1109/tvcg.2017.2744878,A5037704134,6,"[""I1291425158""]",True
10.1109/tvcg.2017.2744878,A5103083233,7,"[""I1291425158""]",True
10.1109/tvcg.2017.2744878,A5059594867,8,"[""I1291425158""]",True
10.1109/tvcg.2017.2744878,A5039276358,9,"[""I1291425158""]",True
10.1109/tvcg.2017.2744718,A5042350842,1,"[""I130701444""]",True
10.1109/tvcg.2017.2744718,A5091619219,2,"[""I2252078561""]",True
10.1109/tvcg.2017.2744718,A5025259879,3,"[""I2252078561""]",True
10.1109/tvcg.2017.2744718,A5020153026,4,"[""I130701444""]",True
10.1109/tvcg.2017.2744158,A5084459196,1,[],True
10.1109/tvcg.2017.2744158,A5026789962,2,[],True
10.1109/tvcg.2017.2744158,A5043151044,3,[],True
10.1109/tvcg.2017.2744158,A5062546146,4,[],True
10.1109/tvcg.2017.2745941,A5048194226,1,"[""I2801851002""]",True
10.1109/tvcg.2017.2745941,A5007690930,2,"[""I2801851002""]",True
10.1109/tvcg.2017.2745941,A5010238198,3,"[""I2801851002""]",True
10.1109/tvcg.2017.2745941,A5009543696,4,"[""I2801239119"", ""I56590836""]",True
10.1109/tvcg.2017.2745941,A5043151044,5,"[""I2801851002""]",True
10.1109/tvcg.2017.2743938,A5074734666,1,"[""I39804081""]",True
10.1109/tvcg.2017.2743938,A5055690572,2,"[""I39804081""]",True
10.1109/tvcg.2017.2743938,A5070956346,3,"[""I138006243""]",True
10.1109/tvcg.2017.2743938,A5063064518,4,"[""I-1""]",True
10.1109/tvcg.2017.2743938,A5023234129,5,"[""I39804081""]",True
10.1109/tvcg.2017.2744199,A5084778474,1,"[""I135310074""]",True
10.1109/vast.2017.8585721,A5101458443,1,"[""I889458895"", ""I200769079""]",True
10.1109/vast.2017.8585721,A5012354207,2,"[""I200769079"", ""I889458895""]",True
10.1109/vast.2017.8585721,A5103242473,3,"[""I889458895"", ""I200769079""]",True
10.1109/vast.2017.8585721,A5100332661,4,"[""I200769079"", ""I889458895""]",True
10.1109/vast.2017.8585721,A5055175414,5,"[""I889458895"", ""I200769079""]",True
10.1109/vast.2017.8585721,A5020880385,6,"[""I889458895"", ""I200769079""]",True
10.1109/vast.2017.8585721,A5091466289,7,"[""I889458895"", ""I200769079""]",True
10.1109/tvcg.2017.2745181,A5001617768,1,"[""I189712700""]",True
10.1109/tvcg.2017.2745181,A5071723951,2,"[""I202697423""]",True
10.1109/tvcg.2017.2745181,A5071340641,3,"[""I189712700""]",True
10.1109/tvcg.2017.2745181,A5082683641,4,"[""I189712700""]",True
10.1109/tvcg.2017.2745181,A5015771328,5,"[""I189712700""]",True
10.1109/tvcg.2017.2745181,A5111966129,6,"[""I189712700""]",True
10.1109/tvcg.2017.2745181,A5016219620,7,"[""I4092182""]",True
10.1109/tvcg.2017.2745181,A5022699013,8,"[""I4210144576"", ""I180825142""]",True
10.1109/tvcg.2017.2745181,A5000695235,9,"[""I189712700""]",True
10.1109/tvcg.2017.2745181,A5073919282,10,"[""I189712700""]",True
10.1109/tvcg.2017.2744358,A5034214530,1,"[""I98358874""]",True
10.1109/tvcg.2017.2744358,A5019308726,2,"[""I98358874""]",True
10.1109/tvcg.2017.2744358,A5077258803,3,"[""I98358874""]",True
10.1109/tvcg.2017.2744358,A5019003563,4,"[""I2800006345""]",True
10.1109/tvcg.2017.2744358,A5048229839,5,"[""I98358874""]",True
10.1109/tvcg.2017.2744358,A5086223886,6,"[""I98358874""]",True
10.1109/tvcg.2017.2744683,A5103406484,1,"[""I4210120115""]",True
10.1109/tvcg.2017.2744683,A5063037457,2,"[""I87216513""]",True
10.1109/tvcg.2017.2744683,A5100682790,3,"[""I4210120115""]",True
10.1109/tvcg.2017.2744683,A5100409027,4,"[""I87216513""]",True
10.1109/tvcg.2017.2744683,A5103725392,5,"[""I4210120115""]",True
10.1109/tvcg.2017.2744359,A5056903170,1,"[""I2802236040""]",True
10.1109/tvcg.2017.2744938,A5107904995,1,"[""I99065089""]",True
10.1109/tvcg.2017.2744938,A5011813023,2,"[""I99065089""]",True
10.1109/tvcg.2017.2744938,A5003419563,3,"[""I99065089""]",True
10.1109/tvcg.2017.2744938,A5100606995,4,"[""I99065089""]",True
10.1109/tvcg.2017.2744938,A5038775008,5,"[""I99065089""]",True
10.1109/tvcg.2017.2744184,A5035982870,1,"[""I135310074""]",True
10.1109/tvcg.2017.2744184,A5084778474,2,"[""I135310074""]",True
10.1109/tvcg.2017.2745085,A5064480048,1,[],True
10.1109/tvcg.2017.2745085,A5035051008,2,"[""I63966007""]",True
10.1109/tvcg.2017.2745085,A5000426173,3,[],True
10.1109/tvcg.2017.2745085,A5070430680,4,[],True
10.1109/tvcg.2017.2745085,A5083408678,5,[],True
10.1109/tvcg.2017.2745085,A5009524646,6,"[""I114073160""]",True
10.1109/tvcg.2017.2745085,A5053097987,7,[],True
10.1109/tvcg.2017.2744818,A5078086722,1,"[""I31512782""]",True
10.1109/tvcg.2017.2744818,A5102883524,2,"[""I31512782""]",True
10.1109/tvcg.2017.2744818,A5060926433,3,"[""I25485817""]",True
10.1109/tvcg.2017.2744818,A5070772234,4,"[""I3019423309""]",True
10.1109/tvcg.2017.2744818,A5037110552,5,"[""I129774422""]",True
10.1109/tvcg.2017.2745219,A5056438986,1,"[""I130701444""]",True
10.1109/tvcg.2017.2745219,A5082668404,2,"[""I130701444""]",True
10.1109/tvcg.2017.2745320,A5056999690,1,"[""I66867065""]",True
10.1109/tvcg.2017.2745320,A5025567094,2,"[""I200769079"", ""I889458895""]",True
10.1109/tvcg.2017.2745320,A5056406678,3,"[""I116953780""]",True
10.1109/tvcg.2017.2745320,A5077712580,4,"[""I114027177""]",True
10.1109/tvcg.2017.2745320,A5046703129,5,"[""I66867065""]",True
10.1109/tvcg.2017.2745320,A5000474356,6,"[""I116953780""]",True
10.1109/tvcg.2017.2745083,A5055175414,1,"[""I889458895"", ""I200769079""]",True
10.1109/tvcg.2017.2745083,A5024059541,2,"[""I4210120115""]",True
10.1109/tvcg.2017.2745083,A5103725392,3,"[""I4210120115""]",True
10.1109/tvcg.2017.2744159,A5039231102,1,"[""I200769079"", ""I889458895""]",True
10.1109/tvcg.2017.2744159,A5100660205,2,"[""I35440088""]",True
10.1109/tvcg.2017.2744159,A5101701031,3,"[""I116953780""]",True
10.1109/tvcg.2017.2744159,A5024427655,4,"[""I2972652528""]",True
10.1109/tvcg.2017.2744159,A5012788427,5,"[""I2972652528""]",True
10.1109/tvcg.2017.2744159,A5028969710,6,"[""I35440088""]",True
10.1109/tvcg.2017.2744159,A5091466289,7,"[""I889458895"", ""I200769079""]",True
10.1109/tvcg.2017.2744419,A5000474356,1,"[""I116953780""]",True
10.1109/tvcg.2017.2744419,A5078960085,2,"[""I116953780""]",True
10.1109/tvcg.2017.2744419,A5089665046,3,"[""I116953780""]",True
10.1109/tvcg.2017.2744419,A5042159546,4,"[""I170201317""]",True
10.1109/tvcg.2017.2744419,A5074306833,5,"[""I170201317""]",True
10.1109/tvcg.2017.2744419,A5001239748,6,"[""I170201317""]",True
10.1109/tvcg.2017.2744198,A5076643407,1,"[""I201448701""]",True
10.1109/tvcg.2017.2744198,A5068008545,2,"[""I201448701""]",True
10.1109/vast.2017.8585669,A5010499463,1,"[""I130701444""]",True
10.1109/vast.2017.8585669,A5015012334,2,"[""I142606810""]",True
10.1109/vast.2017.8585669,A5028118323,3,"[""I142606810""]",True
10.1109/vast.2017.8585669,A5064306421,4,"[""I130701444""]",True
10.1109/tvcg.2017.2745258,A5061311189,1,"[""I859038795""]",True
10.1109/tvcg.2017.2745258,A5004054174,2,"[""I859038795""]",True
10.1109/tvcg.2017.2745258,A5035052603,3,"[""I859038795""]",True
10.1109/tvcg.2017.2745258,A5113555684,4,"[""I859038795""]",True
10.1109/tvcg.2017.2745258,A5062711342,5,"[""I859038795""]",True
10.1109/tvcg.2017.2745258,A5037675411,6,"[""I859038795""]",True
10.1109/tvcg.2017.2744684,A5067722075,1,"[""I97018004""]",True
10.1109/tvcg.2017.2744684,A5006232882,2,"[""I4210163771""]",True
10.1109/tvcg.2017.2744684,A5047827833,3,"[""I4210163771""]",True
10.1109/tvcg.2017.2744684,A5071180150,4,"[""I74775410""]",True
10.1109/tvcg.2017.2743978,A5063964395,1,"[""I1343871089""]",True
10.1109/tvcg.2017.2743978,A5072665632,2,"[""I86519309""]",True
10.1109/tvcg.2017.2743978,A5022812959,3,"[""I86519309""]",True
10.1109/tvcg.2017.2743978,A5077663928,4,"[""I179093154""]",True
10.1109/tvcg.2017.2743978,A5028531367,5,"[""I1343871089""]",True
10.1109/tvcg.2017.2743978,A5000687536,6,"[""I1343871089""]",True
10.1109/tvcg.2017.2744218,A5073986937,1,"[""I76130692""]",True
10.1109/tvcg.2017.2744218,A5008795543,2,"[""I76130692""]",True
10.1109/tvcg.2017.2744218,A5023558209,3,"[""I76130692""]",True
10.1109/tvcg.2017.2744218,A5109262430,4,"[""I76130692""]",True
10.1109/tvcg.2017.2744218,A5112473119,5,"[""I76130692""]",True
10.1109/tvcg.2017.2744218,A5100404535,6,"[""I76130692""]",True
10.1109/tvcg.2017.2744218,A5108035744,7,"[""I76130692""]",True
10.1109/tvcg.2017.2744079,A5084707380,1,"[""I223532165""]",True
10.1109/tvcg.2017.2744079,A5046473651,2,"[""I223532165""]",True
10.1109/tvcg.2017.2744079,A5059119847,3,"[""I223532165"", ""I4210151938""]",True
10.1109/tvcg.2017.2744079,A5019902487,4,"[""I1282311441""]",True
10.1109/tvcg.2017.2744079,A5033987709,5,"[""I223532165""]",True
10.1109/tvcg.2017.2744079,A5042815041,6,"[""I4210151938"", ""I223532165""]",True
10.1109/tvcg.2017.2744079,A5072475394,7,"[""I223532165"", ""I4210151938""]",True
10.1109/tvcg.2017.2744079,A5009460413,8,"[""I223532165""]",True
10.1109/tvcg.2017.2745141,A5101523517,1,"[""I1282311441""]",True
10.1109/tvcg.2017.2745141,A5019902487,2,"[""I1282311441""]",True
10.1109/tvcg.2017.2745141,A5046632395,3,"[""I1282311441""]",True
10.1109/tvcg.2017.2745141,A5013135203,4,"[""I223532165""]",True
10.1109/tvcg.2017.2745141,A5100349956,5,"[""I223532165""]",True
10.1109/tvcg.2017.2745141,A5031117535,6,"[""I223532165""]",True
10.1109/tvcg.2017.2745141,A5009460413,7,"[""I223532165""]",True
10.1109/tvcg.2017.2744378,A5038775008,1,"[""I99065089""]",True
10.1109/tvcg.2017.2744378,A5006186940,2,"[""I99065089""]",True
10.1109/tvcg.2017.2744378,A5070375205,3,"[""I99065089""]",True
10.1109/tvcg.2017.2744378,A5018582673,4,"[""I4210164937""]",True
10.1109/tvcg.2017.2744378,A5013863229,5,"[""I79510175""]",True
10.1109/tvcg.2017.2744378,A5100606995,6,"[""I99065089""]",True
10.1109/tvcg.2017.2744322,A5022699013,1,"[""I180825142""]",True
10.1109/tvcg.2017.2744322,A5057538550,2,"[""I180825142""]",True
10.1109/tvcg.2017.2744322,A5078452051,3,"[""I4210144576""]",True
10.1109/tvcg.2017.2744322,A5102086582,4,"[""I4210110975""]",True
10.1109/tvcg.2017.2744685,A5015516607,1,[],True
10.1109/tvcg.2017.2743990,A5054015080,1,"[""I4179309"", ""I66946132""]",True
10.1109/tvcg.2017.2743990,A5034277315,2,"[""I4179309"", ""I66946132""]",True
10.1109/tvcg.2017.2744805,A5038705854,1,"[""I189712700""]",True
10.1109/tvcg.2017.2744805,A5026296265,2,"[""I189712700""]",True
10.1109/tvcg.2017.2744805,A5078086722,3,"[""I31512782""]",True
10.1109/tvcg.2017.2744805,A5040794392,4,"[""I189712700""]",True
10.1109/tvcg.2017.2744805,A5016219620,5,"[""I4092182""]",True
10.1109/tvcg.2017.2744805,A5102985946,6,"[""I8087733""]",True
10.1109/tvcg.2017.2744805,A5073919282,7,"[""I189712700""]",True
10.1109/tvcg.2017.2744478,A5006834901,1,"[""I66946132""]",True
10.1109/tvcg.2017.2744478,A5100730147,2,"[""I1291425158""]",True
10.1109/tvcg.2017.2744478,A5010474784,3,"[""I197347611""]",True
10.1109/tvcg.2017.2744478,A5047912015,4,"[""I197347611""]",True
10.1109/tvcg.2017.2744478,A5079222963,5,"[""I111979921""]",True
10.1109/tvcg.2017.2744478,A5034277315,6,"[""I66946132""]",True
10.1109/tvcg.2017.2745278,A5013797659,1,"[""I83019370""]",True
10.1109/tvcg.2017.2745278,A5051025031,2,"[""I83019370""]",True
10.1109/tvcg.2017.2744320,A5029317616,1,"[""I201448701"", ""I4210134504""]",True
10.1109/tvcg.2017.2744320,A5088765893,2,"[""I4210134504""]",True
10.1109/tvcg.2017.2744320,A5090570042,3,"[""I201448701""]",True
10.1109/tvcg.2017.2744138,A5004787389,1,"[""I887968799""]",True
10.1109/tvcg.2017.2744138,A5065952170,2,"[""I887968799""]",True
10.1109/tvcg.2017.2744138,A5037110552,3,"[""I129774422""]",True
10.1109/tvcg.2017.2743858,A5045378026,1,"[""I84218800""]",True
10.1109/tvcg.2017.2743858,A5005364495,2,"[""I84218800""]",True
10.1109/tvcg.2017.2743858,A5037161857,3,"[""I84218800""]",True
10.1109/tvcg.2017.2745078,A5010499463,1,"[""I130701444""]",True
10.1109/tvcg.2017.2745078,A5102981760,2,"[""I130701444""]",True
10.1109/tvcg.2017.2745078,A5086054864,3,"[""I130701444""]",True
10.1109/tvcg.2017.2745078,A5005262925,4,"[""I130701444""]",True
10.1109/tvcg.2017.2745078,A5049577340,5,"[""I118353179""]",True
10.1109/tvcg.2017.2745078,A5064306421,6,"[""I130701444""]",True
10.1109/tvcg.2017.2744098,A5079986783,1,"[""I139660479""]",True
10.1109/tvcg.2017.2744098,A5000588866,2,"[""I139660479""]",True
10.1109/tvcg.2017.2744098,A5101495078,3,"[""I76130692"", ""I90727586""]",True
10.1109/tvcg.2017.2744098,A5101942464,4,"[""I139660479""]",True
10.1109/tvcg.2017.2744098,A5113676982,5,"[""I90727586"", ""I76130692""]",True
10.1109/tvcg.2017.2744098,A5101409792,6,"[""I76130692""]",True
10.1109/tvcg.2017.2744098,A5023925931,7,"[""I165932596""]",True
10.1109/tvcg.2017.2743959,A5076551093,1,"[""I189712700""]",True
10.1109/tvcg.2017.2743959,A5007968836,2,"[""I100066346""]",True
10.1109/tvcg.2017.2743959,A5073619125,3,"[""I100066346""]",True
10.1109/tvcg.2017.2743959,A5036489223,4,"[""I189712700""]",True
10.1109/vast.2017.8585720,A5038395206,1,[],True
10.1109/vast.2017.8585720,A5051193196,2,"[""I142606810""]",True
10.1109/vast.2017.8585720,A5028090225,3,"[""I4394709130""]",True
10.1109/vast.2017.8585720,A5087660055,4,"[""I4394709130""]",True
10.1109/vast.2017.8585720,A5102923390,5,[],True
10.1109/tvcg.2017.2745080,A5020415668,1,"[""I39470171"", ""I189712700""]",True
10.1109/tvcg.2017.2745080,A5014635198,2,"[""I189712700""]",True
10.1109/tvcg.2017.2745080,A5002860804,3,"[""I189712700""]",True
10.1109/tvcg.2017.2745080,A5073919282,4,"[""I189712700""]",True
10.1109/tvcg.2017.2745080,A5042382359,5,"[""I39470171""]",True
10.1109/vast.2017.8585665,A5062185996,1,"[""I102149020""]",True
10.1109/vast.2017.8585665,A5078317897,2,"[""I102149020""]",True
10.1109/vast.2017.8585665,A5075295171,3,"[""I102149020""]",True
10.1109/vast.2017.8585665,A5079742046,4,"[""I102149020""]",True
10.1109/vast.2017.8585665,A5083688498,5,"[""I102149020""]",True
10.1109/vast.2017.8585665,A5055992752,6,"[""I102149020""]",True
10.1109/tvcg.2017.2746018,A5078653899,1,"[""I57206974""]",True
10.1109/tvcg.2017.2746018,A5043405353,2,[],True
10.1109/tvcg.2017.2746018,A5102923390,3,"[""I57206974""]",True
10.1109/tvcg.2017.2744019,A5084586922,1,"[""I78650965""]",True
10.1109/tvcg.2017.2744019,A5052208717,2,"[""I78650965""]",True
10.1109/tvcg.2017.2744019,A5043672607,3,"[""I78650965""]",True
10.1109/tvcg.2017.2744319,A5110327007,1,"[""I4210163771""]",True
10.1109/tvcg.2017.2744319,A5047827833,2,"[""I4210163771""]",True
10.1109/tvcg.2017.2744319,A5079916657,3,"[""I141945490""]",True
10.1109/tvcg.2017.2745279,A5018820623,1,"[""I26274970""]",True
10.1109/tvcg.2017.2745279,A5035443322,2,"[""I1286353243""]",True
10.1109/tvcg.2017.2745279,A5024860629,3,"[""I1326498283""]",True
10.1109/tvcg.2017.2745279,A5029815396,4,"[""I1326498283""]",True
10.1109/tvcg.2017.2745279,A5023270158,5,"[""I1286353243""]",True
10.1109/tvcg.2017.2745105,A5009010496,1,"[""I2699952""]",True
10.1109/tvcg.2017.2745105,A5011884271,2,"[""I2699952""]",True
10.1109/tvcg.2017.2745105,A5023182432,3,"[""I2699952""]",True
10.1109/tvcg.2017.2745105,A5027812149,4,"[""I2699952""]",True
10.1109/tvcg.2017.2744321,A5003031729,1,"[""I4387152675"", ""I153267046""]",True
10.1109/tvcg.2017.2744321,A5044587957,2,"[""I153267046"", ""I4387152675""]",True
10.1109/tvcg.2017.2744321,A5024614585,3,"[""I4387152675"", ""I153267046""]",True
10.1109/tvcg.2017.2744321,A5083438172,4,"[""I4387152675"", ""I153267046""]",True
10.1109/tvcg.2017.2744278,A5020730215,1,"[""I71920554""]",True
10.1109/tvcg.2017.2744278,A5049241635,2,"[""I71920554""]",True
10.1109/tvcg.2017.2744278,A5010238198,3,"[""I136199984""]",True
10.1109/tvcg.2017.2744278,A5025332800,4,"[""I71920554""]",True
10.1109/tvcg.2017.2744278,A5037451153,5,"[""I71920554""]",True
10.1109/tvcg.2017.2744278,A5043151044,6,"[""I136199984""]",True
10.1109/tvcg.2017.2744278,A5008754293,7,"[""I71920554""]",True
10.1109/tvcg.2017.2743939,A5017444173,1,"[""I4210104735""]",True
10.1109/tvcg.2017.2743939,A5089227387,2,"[""I4210104735""]",True
10.1109/tvcg.2017.2743939,A5026549128,3,"[""I4210104735""]",True
10.1109/tvcg.2017.2743939,A5100462292,4,"[""I157725225""]",True
10.1109/tvcg.2017.2743939,A5101495888,5,"[""I4210104735""]",True
10.1109/tvcg.2017.2745919,A5068526974,1,"[""I154099455""]",True
10.1109/tvcg.2017.2745919,A5100388805,2,"[""I154099455""]",True
10.1109/tvcg.2017.2745919,A5028439227,3,"[""I154099455""]",True
10.1109/tvcg.2017.2745919,A5009912040,4,[],True
10.1109/tvcg.2017.2745919,A5049188592,5,"[""I154099455""]",True
10.1109/tvcg.2017.2745919,A5054382056,6,"[""I177725633""]",True
10.1109/tvcg.2017.2745919,A5037110552,7,"[""I129774422""]",True
10.1109/tvcg.2017.2745919,A5036489223,8,[],True
10.1109/tvcg.2017.2745919,A5010714340,9,"[""I154099455""]",True
10.1109/tvcg.2017.2745158,A5004480742,1,"[""I1343190059""]",True
10.1109/tvcg.2017.2745158,A5085289050,2,"[""I35440088""]",True
10.1109/tvcg.2017.2745158,A5060664606,3,"[""I129774422""]",True
10.1109/tvcg.2017.2745158,A5000555892,4,"[""I1343190059""]",True
10.1109/tvcg.2017.2745178,A5034541117,1,"[""I62916508""]",True
10.1109/tvcg.2017.2745178,A5050779255,2,"[""I62916508""]",True
10.1109/tvcg.2017.2745178,A5057004360,3,"[""I197323543""]",True
10.1109/tvcg.2017.2745178,A5027125468,4,"[""I197323543""]",True
10.1109/tvcg.2017.2745178,A5029621326,5,"[""I62916508""]",True
10.1109/tvcg.2017.2745178,A5027836272,6,"[""I62916508""]",True
10.1109/tvcg.2017.2745978,A5038027438,1,"[""I2801851002""]",True
10.1109/tvcg.2017.2745978,A5048194226,2,"[""I2801851002""]",True
10.1109/tvcg.2017.2745978,A5046982519,3,"[""I136199984""]",True
10.1109/tvcg.2017.2745978,A5066335313,4,"[""I136199984""]",True
10.1109/tvcg.2017.2745978,A5043151044,5,"[""I2801851002""]",True
10.1109/tvcg.2017.2744898,A5021356363,1,"[""I130701444""]",True
10.1109/tvcg.2017.2744898,A5034842879,2,"[""I130701444""]",True
10.1109/tvcg.2017.2744898,A5064306421,3,"[""I130701444""]",True
10.1109/tvcg.2017.2744898,A5023825669,4,"[""I1308906816""]",True
10.1109/tvcg.2017.2744898,A5052168623,5,"[""I1308906816""]",True
10.1109/tvcg.2017.2744898,A5075543149,6,"[""I1308906816""]",True
10.1109/tvcg.2017.2744898,A5027462416,7,"[""I130701444""]",True
10.1109/tvcg.2017.2744898,A5020153026,8,"[""I130701444""]",True
10.1109/tvcg.2017.2744758,A5020680196,1,"[""I145847075""]",True
10.1109/tvcg.2017.2744758,A5079997473,2,"[""I145847075""]",True
10.1109/tvcg.2017.2744758,A5019622072,3,"[""I145847075""]",True
10.1109/tvcg.2017.2744758,A5012636375,4,"[""I129774422""]",True
10.1109/tvcg.2017.2744758,A5025331216,5,"[""I145847075""]",True
10.1109/tvcg.2017.2744758,A5002280174,6,[],True
10.1109/tvcg.2017.2744758,A5037990016,7,[],True
10.1109/tvcg.2017.2744459,A5056104510,1,"[""I157725225"", ""I39422238""]",True
10.1109/tvcg.2017.2745139,A5006575291,1,"[""I76130692""]",True
10.1109/tvcg.2017.2745139,A5061957179,2,"[""I84218800""]",True
10.1109/tvcg.2017.2745139,A5100344494,3,"[""I76130692""]",True
10.1109/tvcg.2017.2745139,A5044425959,4,"[""I76130692""]",True
10.1109/tvcg.2017.2745139,A5100681338,5,"[""I76130692""]",True
10.1109/tvcg.2017.2745139,A5038011119,6,"[""I76130692""]",True
10.1109/tvcg.2017.2745139,A5037161857,7,"[""I84218800""]",True
10.1109/tvcg.2017.2745138,A5039822376,1,"[""I1326498283"", ""I102197404""]",True
10.1109/tvcg.2017.2745138,A5089688638,2,"[""I277688954"", ""I4210144804"", ""I102197404""]",True
10.1109/tvcg.2017.2745138,A5032305401,3,"[""I102197404"", ""I1326498283""]",True
10.1109/tvcg.2017.2744238,A5008754293,1,"[""I71920554""]",True
10.1109/tvcg.2017.2744238,A5049241635,2,"[""I71920554""]",True
10.1109/tvcg.2017.2744238,A5010238198,3,"[""I136199984""]",True
10.1109/tvcg.2017.2744238,A5013856888,4,"[""I71920554""]",True
10.1109/tvcg.2017.2744238,A5043151044,5,"[""I136199984""]",True
10.1109/tvcg.2017.2744258,A5005537804,1,"[""I145847075""]",True
10.1109/tvcg.2017.2744258,A5080082986,2,"[""I123431417""]",True
10.1109/tvcg.2017.2744258,A5022022242,3,"[""I21449261""]",True
10.1109/tvcg.2017.2744258,A5040337866,4,"[""I123431417""]",True
10.1109/tvcg.2017.2744258,A5058956938,5,"[""I123431417""]",True
10.1109/tvcg.2017.2744258,A5109928029,6,"[""I145847075"", ""I1343190059""]",True
10.1109/tvcg.2017.2744258,A5022294742,7,"[""I145847075""]",True
10.1109/tvcg.2017.2744738,A5063519388,1,"[""I889458895"", ""I200769079""]",True
10.1109/tvcg.2017.2744738,A5021924764,2,"[""I889458895"", ""I200769079""]",True
10.1109/tvcg.2017.2744738,A5100653962,3,"[""I4210113369""]",True
10.1109/tvcg.2017.2744738,A5021263036,4,"[""I889458895"", ""I200769079""]",True
10.1109/tvcg.2017.2744738,A5100400903,5,"[""I889458895"", ""I200769079""]",True
10.1109/tvcg.2017.2744738,A5100424394,6,"[""I200769079"", ""I889458895""]",True
10.1109/tvcg.2017.2744738,A5036572194,7,"[""I200769079"", ""I889458895""]",True
10.1109/tvcg.2017.2744738,A5091466289,8,"[""I889458895"", ""I200769079""]",True
10.1109/tvcg.2017.2744118,A5004813317,1,"[""I136199984""]",True
10.1109/tvcg.2017.2744118,A5048194226,2,"[""I136199984""]",True
10.1109/tvcg.2017.2744118,A5012758909,3,"[""I4210121988""]",True
10.1109/tvcg.2017.2744118,A5071733793,4,"[""I4210142140""]",True
10.1109/tvcg.2017.2744118,A5033076979,5,"[""I4210142140""]",True
10.1109/tvcg.2017.2744118,A5043151044,6,"[""I136199984""]",True
10.1109/tvcg.2017.2745859,A5068526974,1,"[""I154099455""]",True
10.1109/tvcg.2017.2745859,A5084971891,2,"[""I154099455""]",True
10.1109/tvcg.2017.2745859,A5101880832,3,"[""I154099455""]",True
10.1109/tvcg.2017.2745859,A5009912040,4,[],True
10.1109/tvcg.2017.2745859,A5036489223,5,[],True
10.1109/tvcg.2017.2745859,A5010714340,6,"[""I154099455""]",True
10.1109/tvcg.2017.2745859,A5037110552,7,"[""I129774422""]",True
10.1109/tvcg.2017.2743898,A5068008545,1,"[""I201448701""]",True
10.1109/tvcg.2017.2743898,A5089605137,2,"[""I27837315""]",True
10.1109/tvcg.2017.2743898,A5084668442,3,"[""I201448701""]",True
10.1109/tvcg.2017.2743898,A5040038608,4,"[""I126820664""]",True
10.1109/vast.2017.8585498,A5054248452,1,"[""I145847075""]",True
10.1109/vast.2017.8585498,A5000928551,2,"[""I145847075"", ""I25485817""]",True
10.1109/vast.2017.8585498,A5027673731,3,"[""I145847075"", ""I25485817""]",True
10.1109/vast.2017.8585498,A5004002416,4,"[""I145847075""]",True
10.1109/vast.2017.8585498,A5019622072,5,"[""I145847075""]",True
10.1109/vast.2017.8585498,A5005355207,6,"[""I145847075""]",True
10.1109/vast.2017.8585647,A5012387700,1,"[""I59553526""]",True
10.1109/vast.2017.8585647,A5070670810,2,"[""I59553526""]",True
10.1109/tvcg.2017.2745240,A5084668442,1,"[""I201448701""]",True
10.1109/tvcg.2017.2745240,A5076852435,2,"[""I201448701""]",True
10.1109/tvcg.2017.2745240,A5068008545,3,"[""I201448701""]",True
10.1109/tvcg.2017.2744099,A5076622540,1,"[""I52357470""]",True
10.1109/tvcg.2017.2744099,A5076860785,2,"[""I1343871089""]",True
10.1109/tvcg.2017.2744099,A5065630217,3,"[""I52357470""]",True
10.1109/tvcg.2017.2743980,A5025397194,1,"[""I57206974""]",True
10.1109/tvcg.2017.2743980,A5033801646,2,"[""I57206974""]",True
10.1109/tvcg.2017.2743980,A5012847693,3,"[""I201448701""]",True
10.1109/tvcg.2017.2743980,A5003584200,4,"[""I57206974""]",True
10.1109/tvcg.2017.2745140,A5068366580,1,"[""I83019370""]",True
10.1109/tvcg.2017.2745140,A5000420564,2,"[""I83019370""]",True
10.1109/tvcg.2017.2745140,A5053109913,3,"[""I83019370""]",True
10.1109/tvcg.2017.2743958,A5076870800,1,"[""I102134673""]",True
10.1109/tvcg.2017.2743958,A5022341974,2,"[""I102134673""]",True
10.1109/tvcg.2017.2743958,A5090479069,3,"[""I102134673""]",True
10.1109/tvcg.2017.2743958,A5045433461,4,"[""I1338124936""]",True
10.1109/tvcg.2017.2743958,A5087545747,5,"[""I102134673""]",True
10.1109/tvcg.2017.2743958,A5025397194,6,"[""I57206974""]",True
10.1109/tvcg.2017.2743958,A5048647256,7,"[""I102134673""]",True
10.1109/tvcg.2017.2743859,A5018103324,1,"[""I168635309"", ""I119916105""]",True
10.1109/tvcg.2017.2743859,A5001649622,2,"[""I168635309"", ""I180825142"", ""I45129253""]",True
10.1109/tvcg.2017.2743859,A5086098017,3,"[""I168635309""]",True
10.1109/tvcg.2017.2743859,A5056684559,4,"[""I119916105"", ""I179225836""]",True
10.1109/tvcg.2017.2743859,A5012561411,5,"[""I168635309""]",True
10.1109/vast.2017.8585638,A5109616081,1,"[""I20231570""]",True
10.1109/vast.2017.8585638,A5101683904,2,"[""I20231570""]",True
10.1109/vast.2017.8585638,A5067050903,3,"[""I20231570""]",True
10.1109/vast.2017.8585638,A5038943746,4,"[""I20231570""]",True
10.1109/vast.2017.8585638,A5108447612,5,"[""I114017466""]",True
10.1109/vast.2017.8585638,A5080765061,6,"[""I130769515""]",True
10.1109/vast.2017.8585594,A5021746233,1,"[""I148366613""]",True
10.1109/vast.2017.8585594,A5072951828,2,"[""I148366613""]",True
10.1109/vast.2017.8585594,A5068843624,3,"[""I148366613""]",True
10.1109/tvcg.2017.2745958,A5052445776,1,"[""I168635309""]",True
10.1109/tvcg.2017.2745958,A5071066797,2,"[""I168635309"", ""I4210088322"", ""I4210165912"", ""I12356871""]",True
10.1109/tvcg.2017.2745958,A5001649622,3,"[""I168635309"", ""I4210160447"", ""I180825142""]",True
10.1109/tvcg.2017.2745958,A5015384117,4,"[""I168635309""]",True
10.1109/tvcg.2017.2745958,A5022944235,5,"[""I168635309""]",True
10.1109/tvcg.2017.2745958,A5012561411,6,"[""I168635309""]",True
10.1109/tvcg.2017.2745298,A5078815230,1,"[""I25485817""]",True
10.1109/tvcg.2017.2745298,A5063362314,2,"[""I121883995""]",True
10.1109/tvcg.2017.2745298,A5084376052,3,"[""I121883995""]",True
10.1109/tvcg.2017.2745298,A5024303436,4,"[""I25485817""]",True
10.1109/tvcg.2017.2745298,A5005355207,5,"[""I145847075""]",True
10.1109/tvcg.2017.2745298,A5042080340,6,"[""I121883995""]",True
10.1109/tvcg.2017.2744059,A5100422952,1,"[""I20231570""]",True
10.1109/tvcg.2017.2744059,A5054749881,2,"[""I1282105669""]",True
10.1109/tvcg.2017.2744059,A5101724996,3,"[""I20231570""]",True
10.1109/tvcg.2017.2744059,A5038943746,4,"[""I20231570""]",True
10.1109/tvcg.2017.2744059,A5108096533,5,"[""I1282105669""]",True
10.1109/tvcg.2017.2743989,A5103144718,1,"[""I62916508""]",True
10.1109/tvcg.2017.2743989,A5017495525,2,"[""I154986956""]",True
10.1109/tvcg.2017.2743989,A5011941798,3,"[""I223822909""]",True
10.1109/tvcg.2017.2743989,A5029621326,4,"[""I62916508""]",True
10.1109/tvcg.2017.2743989,A5027836272,5,"[""I62916508""]",True
10.1109/tvcg.2017.2745118,A5035443322,1,"[""I1286353243""]",True
10.1109/tvcg.2017.2745118,A5000623954,2,"[""I2801851002""]",True
10.1109/tvcg.2017.2745118,A5038771285,3,"[""I2801851002""]",True
10.1109/tvcg.2017.2745118,A5029815396,4,"[""I1326498283""]",True
10.1109/tvcg.2017.2745118,A5023270158,5,"[""I1286353243""]",True
10.1109/tvcg.2017.2745118,A5083735800,6,"[""I185261750""]",True
10.1109/tvcg.2017.2745118,A5012113499,7,"[""I2800129641"", ""I2801317318"", ""I185261750"", ""I45129253"", ""I4210141030""]",True
10.1109/tvcg.2017.2744339,A5054068625,1,[],True
10.1109/tvcg.2017.2744339,A5024074640,2,"[""I169381384""]",True
10.1109/tvcg.2017.2744339,A5027852213,3,[],True
10.1109/tvcg.2017.2745878,A5009341822,1,"[""I161548249""]",True
10.1109/tvcg.2017.2745878,A5065371627,2,"[""I161548249""]",True
10.1109/tvcg.2017.2745878,A5087250175,3,"[""I161548249""]",True
10.1109/tvcg.2017.2745878,A5060051494,4,"[""I51532219""]",True
10.1109/tvcg.2017.2745280,A5075722001,1,"[""I185103710""]",True
10.1109/tvcg.2017.2745280,A5089918221,2,"[""I39422238""]",True
10.1109/tvcg.2017.2745280,A5041927293,3,"[""I39422238""]",True
10.1109/tvcg.2017.2745280,A5100358696,4,"[""I39422238""]",True
10.1109/tvcg.2017.2745280,A5007929097,5,"[""I136199984""]",True
10.1109/tvcg.2017.2745280,A5077182970,6,"[""I204730241"", ""I169173203""]",True
10.1109/tvcg.2017.2745280,A5067812040,7,"[""I136199984""]",True
10.1109/tvcg.2017.2743981,A5078150260,1,"[""I145847075"", ""I132118926""]",True
10.1109/tvcg.2017.2743981,A5074536820,2,"[""I132118926""]",True
10.1109/tvcg.2017.2743981,A5087063362,3,"[""I145847075""]",True
10.1109/tvcg.2017.2743981,A5018942744,4,"[""I132118926""]",True
10.1109/tvcg.2017.2743981,A5057782648,5,"[""I132118926""]",True
10.1109/tvcg.2017.2743981,A5083454802,6,"[""I277688954""]",True
10.1109/tvcg.2017.2743981,A5109928029,7,"[""I145847075"", ""I1343190059""]",True
10.1109/tvcg.2017.2743981,A5058188259,8,"[""I132118926""]",True
10.1109/tvcg.2017.2743981,A5022294742,9,"[""I132118926"", ""I145847075""]",True
10.1109/tvcg.2017.2744458,A5101526271,1,"[""I26274970""]",True
10.1109/tvcg.2017.2744458,A5030293804,2,"[""I100633361""]",True
10.1109/tvcg.2017.2744458,A5025376488,3,"[""I26274970""]",True
10.1109/tvcg.2017.2744458,A5103331862,4,"[""I26274970""]",True
10.1109/tvcg.2017.2744318,A5019308726,1,"[""I98358874"", ""I2800006345""]",True
10.1109/tvcg.2017.2744318,A5034214530,2,"[""I98358874""]",True
10.1109/tvcg.2017.2744318,A5014254930,3,"[""I2800006345""]",True
10.1109/tvcg.2017.2744318,A5064835819,4,"[""I2800006345""]",True
10.1109/tvcg.2017.2744318,A5019003563,5,"[""I2800006345"", ""I98358874""]",True
10.1109/tvcg.2017.2744318,A5086223886,6,"[""I98358874""]",True
10.1109/tvcg.2017.2744418,A5100454062,1,"[""I42894916"", ""I56590836""]",True
10.1109/tvcg.2017.2744418,A5008149778,2,"[""I56590836"", ""I2801239119""]",True
10.1109/tvcg.2017.2744418,A5085695563,3,"[""I56590836"", ""I42894916""]",True
10.1109/tvcg.2017.2744418,A5068502851,4,"[""I4210163178"", ""I56590836""]",True
10.1109/tvcg.2017.2744418,A5001287137,5,"[""I129604602""]",True
10.1109/tvcg.2017.2744298,A5032305401,1,"[""I1326498283"", ""I102197404""]",True
10.1109/tvcg.2017.2744298,A5074985413,2,"[""I4210150358"", ""I39804081""]",True
10.1109/tvcg.2017.2744843,A5056438986,1,"[""I130701444""]",True
10.1109/tvcg.2017.2744843,A5100699674,2,"[""I52357470""]",True
10.1109/tvcg.2017.2744843,A5064306421,3,"[""I130701444""]",True
10.1109/tvcg.2017.2744843,A5069923620,4,"[""I130701444""]",True
10.1109/tvcg.2017.2744518,A5088614523,1,"[""I145847075""]",True
10.1109/tvcg.2017.2744518,A5031138186,2,"[""I145847075""]",True
10.1109/tvcg.2017.2744518,A5087063362,3,"[""I145847075""]",True
10.1109/tvcg.2017.2744518,A5051743997,4,"[""I4210164942""]",True
10.1109/tvcg.2017.2744518,A5046803850,5,"[""I4210164942""]",True
10.1109/tvcg.2017.2744518,A5102901072,6,"[""I4210164942""]",True
10.1109/tvcg.2017.2744518,A5109928029,7,"[""I145847075"", ""I1343190059""]",True
10.1109/tvcg.2017.2744518,A5022294742,8,"[""I145847075""]",True
10.1109/tvcg.2017.2744438,A5057285516,1,"[""I4432739""]",True
10.1109/tvcg.2017.2744438,A5063965880,2,"[""I4432739""]",True
10.1109/tvcg.2017.2744338,A5058678073,1,"[""I100296615""]",True
10.1109/tvcg.2017.2744338,A5111759189,2,"[""I100296615""]",True
10.1109/tvcg.2017.2744338,A5075657569,3,"[""I100296615""]",True
10.1109/tvcg.2017.2744338,A5024074640,4,"[""I169381384""]",True
10.1109/tvcg.2017.2743918,A5001649622,1,"[""I168635309"", ""I45129253"", ""I180825142""]",True
10.1109/tvcg.2017.2743918,A5015384117,2,"[""I168635309""]",True
10.1109/tvcg.2017.2743918,A5022944235,3,"[""I168635309""]",True
10.1109/tvcg.2017.2743918,A5012561411,4,"[""I168635309""]",True
10.1109/vast.2017.8585505,A5037571749,1,"[""I926574661""]",True
10.1109/vast.2017.8585505,A5005993906,2,"[""I120250893""]",True
10.1109/vast.2017.8585658,A5062185996,1,"[""I102149020""]",True
10.1109/vast.2017.8585658,A5078317897,2,"[""I102149020""]",True
10.1109/vast.2017.8585658,A5102996367,3,"[""I142606810""]",True
10.1109/vast.2017.8585658,A5110208682,4,"[""I102149020""]",True
10.1109/vast.2017.8585658,A5055992752,5,"[""I102149020""]",True
10.1109/vast.2017.8585646,A5074006931,1,"[""I84218800""]",True
10.1109/vast.2017.8585646,A5082548228,2,"[""I1282105669""]",True
10.1109/vast.2017.8585646,A5060626774,3,"[""I55769427""]",True
10.1109/vast.2017.8585646,A5075500139,4,"[""I1282105669""]",True
10.1109/vast.2017.8585646,A5010928934,5,"[""I1282105669"", ""I102502594""]",True
10.1109/vast.2017.8585646,A5037161857,6,"[""I84218800""]",True
10.1109/tvcg.2017.2744080,A5058364844,1,"[""I889458895"", ""I200769079""]",True
10.1109/tvcg.2017.2744080,A5000624130,2,"[""I20089843""]",True
10.1109/tvcg.2017.2744080,A5100653962,3,"[""I4210164937""]",True
10.1109/tvcg.2017.2744080,A5101526271,4,"[""I26274970""]",True
10.1109/tvcg.2017.2744080,A5091466289,5,"[""I200769079"", ""I889458895""]",True
10.1109/tvcg.2017.2744078,A5055052124,1,"[""I48566637"", ""I4399598377""]",True
10.1109/tvcg.2017.2744078,A5087518165,2,"[""I48566637"", ""I4399598377""]",True
10.1109/tvcg.2017.2744078,A5110234511,3,"[""I4399598377"", ""I48566637""]",True
10.1109/tvcg.2017.2744078,A5025485089,4,"[""I48566637"", ""I4399598377""]",True
10.1109/tvcg.2017.2744058,A5060860322,1,"[""I223532165""]",True
10.1109/tvcg.2017.2744058,A5027513612,2,"[""I1118541""]",True
10.1109/tvcg.2017.2744058,A5088340901,3,"[""I1118541""]",True
10.1109/tvcg.2017.2744058,A5056647443,4,"[""I13805885""]",True
10.1109/tvcg.2017.2744058,A5103752748,5,"[""I223532165""]",True
10.1109/vast.2017.8585613,A5079507712,1,"[""I189712700""]",True
10.1109/vast.2017.8585613,A5074871409,2,"[""I189712700""]",True
10.1109/vast.2017.8585613,A5040794392,3,"[""I189712700""]",True
10.1109/vast.2017.8585613,A5073919282,4,"[""I189712700""]",True
10.1109/vast.2017.8585613,A5016219620,5,"[""I4092182""]",True
10.1109/tvcg.2017.2745086,A5004784304,1,"[""I102149020""]",True
10.1109/tvcg.2017.2745086,A5057119434,2,"[""I102149020""]",True
10.1109/tvcg.2017.2745086,A5061039154,3,"[""I102149020""]",True
10.1109/tvcg.2017.2744018,A5035397707,1,"[""I100066346""]",True
10.1109/tvcg.2017.2744018,A5073619125,2,"[""I100066346""]",True
10.1109/tvcg.2017.2744479,A5012378616,1,"[""I148283060""]",True
10.1109/tvcg.2017.2744479,A5049109394,2,"[""I4210151791""]",True
10.1109/vast.2017.8585487,A5035437939,1,"[""I142606810""]",True
10.1109/vast.2017.8585487,A5058228910,2,"[""I142606810""]",True
10.1109/tvcg.2017.2744686,A5028265195,1,"[""I4210152878""]",True
10.1109/tvcg.2017.2744686,A5017126919,2,"[""I4210152878""]",True
10.1109/tvcg.2017.2744686,A5067631224,3,"[""I4210152878""]",True
10.1109/tvcg.2017.2744686,A5055750487,4,"[""I4210138551""]",True
10.1109/tvcg.2017.2743998,A5005306821,1,"[""I-1""]",True
10.1109/tvcg.2017.2743998,A5036872754,2,"[""I1286959531""]",True
10.1109/vast.2017.8585484,A5003908445,1,"[""I82495205""]",True
10.1109/vast.2017.8585484,A5052626296,2,"[""I82495205""]",True
10.1109/vast.2017.8585484,A5041832797,3,"[""I82495205""]",True
10.1109/vast.2017.8585484,A5010596785,4,"[""I195575238""]",True
10.1109/tvcg.2017.2745180,A5018084938,1,"[""I4210164937""]",True
10.1109/tvcg.2017.2745180,A5068799512,2,"[""I4210164937""]",True
10.1109/tvcg.2017.2745180,A5056572216,3,"[""I4210164937""]",True
10.1109/tvcg.2017.2745180,A5067262667,4,"[""I4210164937""]",True
10.1109/tvcg.2017.2744299,A5045020503,1,"[""I196349391""]",True
10.1109/tvcg.2017.2744299,A5051168420,2,"[""I196349391""]",True
10.1109/tvcg.2017.2744299,A5080002287,3,"[""I196349391""]",True
10.1109/tvcg.2017.2744299,A5061059879,4,"[""I196349391""]",True
10.1109/tvcg.2017.2744038,A5050543367,1,[],True
10.1109/tvcg.2017.2744038,A5103886740,2,"[""I131249849""]",True
10.1109/tvcg.2017.2744038,A5038798411,3,"[""I131249849""]",True
10.1109/tvcg.2017.2744038,A5100333760,4,"[""I131249849""]",True
10.1109/tvcg.2017.2744038,A5026074051,5,"[""I131249849""]",True
10.1109/tvcg.2017.2743979,A5049765565,1,"[""I71920554""]",True
10.1109/tvcg.2017.2743979,A5042543694,2,"[""I100066346""]",True
10.1109/tvcg.2017.2743979,A5072700322,3,"[""I71920554""]",True
10.1109/tvcg.2017.2743979,A5087317081,4,"[""I100066346""]",True
10.1109/tvcg.2017.2743979,A5008754293,5,"[""I71920554""]",True
10.1109/vast.2017.8585733,A5047726449,1,"[""I201448701""]",True
10.1109/vast.2017.8585733,A5041405652,2,"[""I4210156221""]",True
10.1109/tvcg.2016.2599030,A5077783676,1,"[""I97018004""]",True
10.1109/tvcg.2016.2599030,A5006087928,2,"[""I201448701""]",True
10.1109/tvcg.2016.2599030,A5070061774,3,"[""I201448701""]",True
10.1109/tvcg.2016.2599030,A5090570042,4,"[""I201448701""]",True
10.1109/tvcg.2016.2598831,A5107904995,1,"[""I99065089""]",True
10.1109/tvcg.2016.2598831,A5011813023,2,[],True
10.1109/tvcg.2016.2598831,A5100332661,3,"[""I99065089""]",True
10.1109/tvcg.2016.2598831,A5028230846,4,[],True
10.1109/tvcg.2016.2598831,A5100606995,5,"[""I99065089""]",True
10.1109/tvcg.2016.2598831,A5038775008,6,"[""I99065089""]",True
10.1109/tvcg.2016.2598838,A5031951061,1,"[""I181391015"", ""I169381384""]",True
10.1109/tvcg.2016.2598838,A5053780707,2,"[""I-1""]",True
10.1109/tvcg.2016.2598838,A5015267493,3,"[""I181391015""]",True
10.1109/tvcg.2016.2598838,A5024074640,4,"[""I169381384""]",True
10.1109/tvcg.2016.2598608,A5079469658,1,"[""I168635309""]",True
10.1109/tvcg.2016.2598608,A5074985413,2,"[""I124055696""]",True
10.1109/tvcg.2016.2598608,A5032305401,3,"[""I1326498283"", ""I102197404""]",True
10.1109/tvcg.2016.2598468,A5029173221,1,"[""I145847075""]",True
10.1109/tvcg.2016.2598468,A5079997473,2,"[""I145847075""]",True
10.1109/tvcg.2016.2598468,A5025616122,3,"[""I3019423309""]",True
10.1109/tvcg.2016.2598468,A5019622072,4,"[""I145847075""]",True
10.1109/tvcg.2016.2598468,A5088255721,5,"[""I4665924""]",True
10.1109/tvcg.2016.2598468,A5042080340,6,"[""I121883995""]",True
10.1109/tvcg.2016.2598468,A5061682032,7,"[""I4665924""]",True
10.1109/tvcg.2016.2598495,A5038705854,1,"[""I189712700""]",True
10.1109/tvcg.2016.2598495,A5034040010,2,"[""I60488453""]",True
10.1109/tvcg.2016.2598495,A5037110552,3,"[""I129774422""]",True
10.1109/tvcg.2016.2598495,A5007892780,4,"[""I17653759""]",True
10.1109/tvcg.2016.2598495,A5059446980,5,"[""I4210133110"", ""I32943570""]",True
10.1109/tvcg.2016.2598495,A5073619125,6,"[""I189712700""]",True
10.1109/tvcg.2016.2598495,A5033953993,7,[],True
10.1109/tvcg.2016.2598495,A5073919282,8,"[""I100066346""]",True
10.1109/tvcg.2016.2598432,A5101769619,1,"[""I200769079"", ""I76130692"", ""I889458895""]",True
10.1109/tvcg.2016.2598432,A5088199295,2,"[""I76130692""]",True
10.1109/tvcg.2016.2598432,A5109036417,3,"[""I204512498""]",True
10.1109/tvcg.2016.2598432,A5060363706,4,"[""I4210113369""]",True
10.1109/tvcg.2016.2598432,A5100681023,5,"[""I4210113369""]",True
10.1109/tvcg.2016.2598432,A5091466289,6,"[""I889458895"", ""I200769079""]",True
10.1109/tvcg.2016.2598432,A5073986937,7,"[""I76130692""]",True
10.1109/tvcg.2016.2598828,A5086732355,1,"[""I154570441""]",True
10.1109/tvcg.2016.2598828,A5057541630,2,"[""I4210164937""]",True
10.1109/tvcg.2016.2598828,A5108131775,3,"[""I4210164937""]",True
10.1109/tvcg.2016.2598828,A5072651383,4,"[""I4210164937""]",True
10.1109/tvcg.2016.2598828,A5103246485,5,"[""I4210164937""]",True
10.1109/tvcg.2016.2599107,A5009543696,1,"[""I2801239119"", ""I56590836""]",True
10.1109/tvcg.2016.2599107,A5008149778,2,"[""I56590836"", ""I2801239119""]",True
10.1109/tvcg.2016.2599107,A5023110492,3,"[""I2801239119"", ""I56590836""]",True
10.1109/tvcg.2016.2599107,A5029924721,4,"[""I97018004""]",True
10.1109/tvcg.2016.2599107,A5085695563,5,"[""I56590836"", ""I2801239119""]",True
10.1109/tvcg.2016.2599107,A5070284079,6,"[""I170239107""]",True
10.1109/tvcg.2016.2599041,A5039910512,1,"[""I4210158342""]",True
10.1109/tvcg.2016.2599041,A5109335900,2,"[""I4210158342""]",True
10.1109/tvcg.2016.2599041,A5013218669,3,"[""I4210158342""]",True
10.1109/tvcg.2016.2599041,A5082749324,4,"[""I4388891828"", ""I4210158342""]",True
10.1109/tvcg.2016.2599041,A5033987709,5,"[""I1282105669"", ""I223532165""]",True
10.1109/tvcg.2016.2599041,A5026703356,6,"[""I4210158342""]",True
10.1109/tvcg.2016.2599041,A5028583853,7,"[""I4210158342""]",True
10.1109/tvcg.2016.2599041,A5030485512,8,"[""I4388891828""]",True
10.1109/tvcg.2016.2598920,A5100674437,1,"[""I219193219""]",True
10.1109/tvcg.2016.2598920,A5100654454,2,"[""I2250650973""]",True
10.1109/tvcg.2016.2598920,A5064480048,3,"[""I4210114115""]",True
10.1109/tvcg.2016.2598918,A5054793421,1,[],True
10.1109/tvcg.2016.2598918,A5030179454,2,[],True
10.1109/tvcg.2016.2598918,A5050640461,3,"[""I897549280"", ""I27804330""]",True
10.1109/tvcg.2016.2598664,A5024059541,1,"[""I4210120115""]",True
10.1109/tvcg.2016.2598664,A5076947913,2,"[""I76130692""]",True
10.1109/tvcg.2016.2598664,A5103725392,3,"[""I4210120115""]",True
10.1109/tvcg.2016.2598664,A5100344494,4,"[""I76130692""]",True
10.1109/tvcg.2016.2598620,A5004813317,1,"[""I136199984""]",True
10.1109/tvcg.2016.2598620,A5070476541,2,"[""I4210156583"", ""I205783295""]",True
10.1109/tvcg.2016.2598620,A5100745766,3,"[""I1306409833""]",True
10.1109/tvcg.2016.2598620,A5083949511,4,"[""I1306409833""]",True
10.1109/tvcg.2016.2598620,A5018565806,5,"[""I1306409833""]",True
10.1109/tvcg.2016.2598620,A5022440000,6,"[""I1306409833""]",True
10.1109/tvcg.2016.2598620,A5043151044,7,"[""I136199984""]",True
10.1109/tvcg.2016.2598647,A5061444760,1,"[""I46247651""]",True
10.1109/tvcg.2016.2598647,A5068799512,2,"[""I4210164937""]",True
10.1109/tvcg.2016.2598647,A5065644953,3,"[""I4210164937""]",True
10.1109/tvcg.2016.2598647,A5013065278,4,"[""I4210164937""]",True
10.1109/tvcg.2016.2598647,A5078907679,5,"[""I46247651""]",True
10.1109/tvcg.2016.2598797,A5100745766,1,"[""I1306409833""]",True
10.1109/tvcg.2016.2598797,A5100714578,2,"[""I84218800""]",True
10.1109/tvcg.2016.2598797,A5083949511,3,"[""I1306409833""]",True
10.1109/tvcg.2016.2598797,A5109851187,4,"[""I1306409833""]",True
10.1109/tvcg.2016.2598797,A5017833996,5,"[""I1306409833""]",True
10.1109/tvcg.2016.2598797,A5083645031,6,"[""I1306409833""]",True
10.1109/tvcg.2016.2598416,A5005067182,1,"[""I149910238""]",True
10.1109/tvcg.2016.2598416,A5101971518,2,"[""I149910238""]",True
10.1109/tvcg.2016.2598416,A5091423720,3,"[""I149910238""]",True
10.1109/tvcg.2016.2598416,A5032694211,4,"[""I102149020""]",True
10.1109/tvcg.2016.2598416,A5029516239,5,"[""I204553293""]",True
10.1109/tvcg.2016.2598416,A5102759669,6,"[""I149910238""]",True
10.1109/tvcg.2016.2598416,A5088393129,7,"[""I149910238""]",True
10.1109/tvcg.2016.2598416,A5100344522,8,"[""I76130692""]",True
10.1109/tvcg.2016.2598416,A5062325991,9,"[""I149910238""]",True
10.1109/tvcg.2016.2598416,A5100455919,10,"[""I76130692""]",True
10.1109/tvcg.2016.2598585,A5083220583,1,"[""I57206974""]",True
10.1109/tvcg.2016.2598585,A5033801646,2,"[""I57206974""]",True
10.1109/tvcg.2016.2598585,A5049830796,3,"[""I161127581""]",True
10.1109/tvcg.2016.2598585,A5101481095,4,"[""I57206974""]",True
10.1109/tvcg.2016.2598585,A5039841997,5,"[""I57206974""]",True
10.1109/tvcg.2016.2598585,A5075020027,6,[],True
10.1109/tvcg.2016.2598585,A5059515531,7,[],True
10.1109/tvcg.2016.2598585,A5003584200,8,"[""I57206974""]",True
10.1109/tvcg.2016.2598830,A5100669433,1,"[""I52357470""]",True
10.1109/tvcg.2016.2598830,A5100340833,2,"[""I52357470""]",True
10.1109/tvcg.2016.2598830,A5065630217,3,"[""I52357470""]",True
10.1109/tvcg.2016.2598830,A5078138445,4,"[""I219193219""]",True
10.1109/tvcg.2016.2598589,A5008408374,1,"[""I1343190059""]",True
10.1109/tvcg.2016.2598589,A5042080340,2,"[""I4210115111""]",True
10.1109/tvcg.2016.2598589,A5037578563,3,"[""I129774422""]",True
10.1109/tvcg.2016.2598589,A5052824737,4,"[""I1343190059""]",True
10.1109/tvcg.2016.2598589,A5110584068,5,"[""I129774422""]",True
10.1109/tvcg.2016.2598589,A5000555892,6,"[""I1343190059""]",True
10.1109/tvcg.2016.2598868,A5013101044,1,"[""I62916508""]",True
10.1109/tvcg.2016.2598868,A5035024174,2,"[""I62916508""]",True
10.1109/tvcg.2016.2598868,A5027836272,3,"[""I62916508""]",True
10.1109/tvcg.2016.2598868,A5029621326,4,"[""I62916508""]",True
10.1109/tvcg.2016.2598876,A5043391973,1,"[""I84218800""]",True
10.1109/tvcg.2016.2598876,A5113579052,2,"[""I84218800""]",True
10.1109/tvcg.2016.2598876,A5069974313,3,"[""I1343871089""]",True
10.1109/tvcg.2016.2598624,A5064384210,1,"[""I130442723""]",True
10.1109/tvcg.2016.2598624,A5083441023,2,"[""I138006243""]",True
10.1109/tvcg.2016.2598624,A5035997603,3,"[""I138006243""]",True
10.1109/tvcg.2016.2598624,A5029235009,4,"[""I130442723""]",True
10.1109/tvcg.2016.2598885,A5050126617,1,"[""I56590836"", ""I1292875679""]",True
10.1109/tvcg.2016.2598885,A5008149778,2,"[""I56590836"", ""I2801239119""]",True
10.1109/tvcg.2016.2598885,A5079089831,3,"[""I2801239119"", ""I56590836""]",True
10.1109/tvcg.2016.2598885,A5085695563,4,"[""I56590836"", ""I1292875679""]",True
10.1109/tvcg.2016.2598594,A5039822376,1,"[""I102197404"", ""I4210126360"", ""I277688954""]",True
10.1109/tvcg.2016.2598594,A5089688638,2,"[""I4210126360"", ""I277688954""]",True
10.1109/tvcg.2016.2598594,A5032305401,3,"[""I102197404"", ""I4210126360"", ""I277688954""]",True
10.1109/tvcg.2016.2598470,A5065040154,1,"[""I180825142""]",True
10.1109/tvcg.2016.2598470,A5029628813,2,"[""I134235054""]",True
10.1109/tvcg.2016.2598470,A5043347770,3,"[""I134235054""]",True
10.1109/tvcg.2016.2598470,A5000755776,4,"[""I4432739""]",True
10.1109/tvcg.2016.2598829,A5003981917,1,"[""I39586589""]",True
10.1109/tvcg.2016.2598829,A5042940478,2,"[""I40120149""]",True
10.1109/tvcg.2016.2598829,A5100337178,3,"[""I40120149""]",True
10.1109/tvcg.2016.2598695,A5058196703,1,"[""I100066346""]",True
10.1109/tvcg.2016.2598695,A5017415898,2,"[""I100066346""]",True
10.1109/tvcg.2016.2598695,A5048586204,3,"[""I1283220839""]",True
10.1109/tvcg.2016.2598695,A5073619125,4,"[""I100066346""]",True
10.1109/tvcg.2016.2598839,A5079272514,1,"[""I130701444""]",True
10.1109/tvcg.2016.2598839,A5008786958,2,"[""I130701444""]",True
10.1109/tvcg.2016.2598839,A5049577340,3,"[""I118353179""]",True
10.1109/tvcg.2016.2598839,A5064306421,4,"[""I130701444""]",True
10.1109/tvcg.2016.2598667,A5060051655,1,"[""I1280414376""]",True
10.1109/tvcg.2016.2598667,A5023931434,2,"[""I87182695""]",True
10.1109/tvcg.2016.2598667,A5074353293,3,"[""I1280414376""]",True
10.1109/tvcg.2016.2598445,A5100416234,1,[],True
10.1109/tvcg.2016.2598445,A5032506972,2,[],True
10.1109/tvcg.2016.2598445,A5006834901,3,"[""I66946132""]",True
10.1109/tvcg.2016.2598445,A5047912015,4,[],True
10.1109/tvcg.2016.2598445,A5034277315,5,"[""I66946132""]",True
10.1109/tvcg.2016.2598444,A5058364844,1,"[""I200769079"", ""I889458895""]",True
10.1109/tvcg.2016.2598444,A5018820623,2,"[""I1286353243""]",True
10.1109/tvcg.2016.2598444,A5100653962,3,"[""I4210164937""]",True
10.1109/tvcg.2016.2598444,A5091466289,4,"[""I889458895"", ""I200769079""]",True
10.1109/tvcg.2016.2598827,A5024860629,1,"[""I1326498283"", ""I102197404""]",True
10.1109/tvcg.2016.2598827,A5083454802,2,"[""I1326498283"", ""I102197404""]",True
10.1109/tvcg.2016.2598827,A5037110552,3,"[""I129774422""]",True
10.1109/tvcg.2016.2598827,A5100326501,4,"[""I79272384""]",True
10.1109/tvcg.2016.2598827,A5060664606,5,"[""I129774422""]",True
10.1109/tvcg.2016.2598592,A5079267936,1,"[""I1343190059""]",True
10.1109/tvcg.2016.2598592,A5052824737,2,"[""I1343190059""]",True
10.1109/tvcg.2016.2598592,A5004480742,3,"[""I1343190059""]",True
10.1109/tvcg.2016.2598592,A5000555892,4,"[""I1343190059""]",True
10.1109/vast.2016.7883512,A5073516753,1,"[""I66946132""]",True
10.1109/vast.2016.7883512,A5030084361,2,"[""I66946132""]",True
10.1109/vast.2016.7883512,A5110270006,3,"[""I66946132""]",True
10.1109/vast.2016.7883512,A5052623072,4,"[""I66946132""]",True
10.1109/tvcg.2016.2598867,A5021924764,1,"[""I200769079"", ""I889458895""]",True
10.1109/tvcg.2016.2598867,A5000474356,2,"[""I57206974""]",True
10.1109/tvcg.2016.2598867,A5039929397,3,"[""I39586589""]",True
10.1109/tvcg.2016.2598867,A5039231102,4,"[""I889458895"", ""I200769079""]",True
10.1109/tvcg.2016.2598867,A5091466289,5,"[""I889458895"", ""I200769079""]",True
10.1109/tvcg.2016.2598867,A5100653962,6,"[""I4210113369""]",True
10.1109/tvcg.2016.2598588,A5085936546,1,"[""I121934306""]",True
10.1109/tvcg.2016.2598588,A5087146581,2,"[""I107077323""]",True
10.1109/tvcg.2016.2598588,A5083806955,3,"[""I121934306""]",True
10.1109/tvcg.2016.2598588,A5069201086,4,"[""I121934306""]",True
10.1109/tvcg.2016.2598588,A5037803556,5,[],True
10.1109/tvcg.2016.2598588,A5066036637,6,[],True
10.1109/tvcg.2016.2598588,A5089451178,7,"[""I121934306""]",True
10.1109/tvcg.2016.2598498,A5110245181,1,"[""I67415387""]",True
10.1109/tvcg.2016.2598498,A5074985413,2,"[""I124055696""]",True
10.1109/tvcg.2016.2598498,A5001050773,3,"[""I67415387""]",True
10.1109/tvcg.2016.2598498,A5032110952,4,"[""I67415387""]",True
10.1109/tvcg.2016.2598498,A5015615908,5,"[""I124055696""]",True
10.1109/tvcg.2016.2598498,A5033721445,6,"[""I67415387""]",True
10.1109/tvcg.2016.2599217,A5087889244,1,"[""I102197404"", ""I4210126360"", ""I277688954""]",True
10.1109/tvcg.2016.2599217,A5072067957,2,"[""I277688954"", ""I102197404"", ""I4210115485""]",True
10.1109/tvcg.2016.2599217,A5109248181,3,"[""I4210115485"", ""I1294671590"", ""I102197404"", ""I277688954""]",True
10.1109/tvcg.2016.2599217,A5083454802,4,"[""I102197404"", ""I1326498283""]",True
10.1109/tvcg.2016.2598446,A5064480048,1,"[""I4210114115""]",True
10.1109/tvcg.2016.2598446,A5008786958,2,"[""I130701444""]",True
10.1109/tvcg.2016.2598446,A5010499463,3,"[""I130701444""]",True
10.1109/tvcg.2016.2598446,A5047912015,4,"[""I197347611""]",True
10.1109/tvcg.2016.2598446,A5101728710,5,"[""I130701444""]",True
10.1109/tvcg.2016.2598446,A5064306421,6,"[""I130701444""]",True
10.1109/tvcg.2016.2598604,A5088361669,1,"[""I52357470""]",True
10.1109/tvcg.2016.2598604,A5101892069,2,"[""I52357470""]",True
10.1109/tvcg.2016.2598604,A5091757106,3,"[""I52357470""]",True
10.1109/tvcg.2016.2598604,A5065630217,4,"[""I52357470""]",True
10.1109/tvcg.2016.2598604,A5031059601,5,"[""I52357470""]",True
10.1109/tvcg.2016.2598590,A5058194080,1,"[""I130701444"", ""I113979032""]",True
10.1109/tvcg.2016.2598590,A5051520705,2,"[""I113979032""]",True
10.1109/tvcg.2016.2598590,A5082668404,3,"[""I130701444""]",True
10.1109/tvcg.2016.2598497,A5100604886,1,"[""I57206974""]",True
10.1109/tvcg.2016.2598497,A5003584200,2,"[""I57206974""]",True
10.1109/vast.2016.7883517,A5055175414,1,"[""I889458895"", ""I200769079""]",True
10.1109/vast.2016.7883517,A5100371357,2,"[""I200769079"", ""I889458895""]",True
10.1109/vast.2016.7883517,A5033425538,3,"[""I200769079"", ""I889458895""]",True
10.1109/vast.2016.7883517,A5080393799,4,"[""I63966007""]",True
10.1109/vast.2016.7883517,A5067352490,5,"[""I63966007""]",True
10.1109/vast.2016.7883517,A5091466289,6,"[""I200769079"", ""I889458895""]",True
10.1109/tvcg.2016.2598958,A5048194226,1,"[""I4210161634"", ""I56590836""]",True
10.1109/tvcg.2016.2598958,A5068799512,2,"[""I1290206253""]",True
10.1109/tvcg.2016.2598958,A5058678073,3,"[""I100296615""]",True
10.1109/tvcg.2016.2598958,A5085695563,4,"[""I56590836""]",True
10.1109/tvcg.2016.2598958,A5008149778,5,"[""I56590836""]",True
10.1109/tvcg.2016.2598544,A5051193196,1,"[""I142606810""]",True
10.1109/tvcg.2016.2598544,A5058099040,2,"[""I142606810""]",True
10.1109/tvcg.2016.2598544,A5104331804,3,"[""I142606810""]",True
10.1109/tvcg.2016.2598544,A5022894359,4,"[""I142606810""]",True
10.1109/tvcg.2016.2598544,A5108524080,5,"[""I142606810""]",True
10.1109/tvcg.2016.2598544,A5112855730,6,"[""I142606810""]",True
10.1109/tvcg.2016.2598544,A5040201243,7,"[""I142606810""]",True
10.1109/tvcg.2016.2598919,A5007968836,1,"[""I100066346""]",True
10.1109/tvcg.2016.2598919,A5061115862,2,"[""I189712700""]",True
10.1109/tvcg.2016.2598919,A5113783034,3,"[""I189712700""]",True
10.1109/tvcg.2016.2598919,A5036489223,4,"[""I189712700""]",True
10.1109/tvcg.2016.2598919,A5003377833,5,"[""I189712700""]",True
10.1109/tvcg.2016.2598919,A5073619125,6,"[""I100066346""]",True
10.1109/tvcg.2016.2598862,A5089220047,1,"[""I180825142""]",True
10.1109/tvcg.2016.2598862,A5079369129,2,"[""I180825142""]",True
10.1109/tvcg.2016.2598862,A5062614232,3,"[""I180825142""]",True
10.1109/tvcg.2016.2598862,A5071681891,4,"[""I180825142""]",True
10.1109/tvcg.2016.2598862,A5065040154,5,"[""I180825142""]",True
10.1109/tvcg.2016.2598862,A5048992354,6,"[""I180825142""]",True
10.1109/tvcg.2016.2598609,A5085246385,1,"[""I223532165""]",True
10.1109/tvcg.2016.2598609,A5010119044,2,"[""I4210164937""]",True
10.1109/tvcg.2016.2598609,A5010157704,3,"[""I4210164937""]",True
10.1109/tvcg.2016.2598609,A5008627422,4,"[""I223532165""]",True
10.1109/tvcg.2016.2598694,A5017435387,1,"[""I138006243""]",True
10.1109/tvcg.2016.2598694,A5065868869,2,"[""I25112270""]",True
10.1109/tvcg.2016.2598694,A5055844239,3,"[""I138006243""]",True
10.1109/tvcg.2016.2598694,A5063369767,4,"[""I138006243""]",True
10.1109/tvcg.2016.2598694,A5035997603,5,"[""I138006243""]",True
10.1109/tvcg.2016.2598415,A5100447162,1,"[""I200769079"", ""I889458895""]",True
10.1109/tvcg.2016.2598415,A5042204958,2,"[""I4210091137""]",True
10.1109/tvcg.2016.2598415,A5091398218,3,"[""I200769079"", ""I889458895""]",True
10.1109/tvcg.2016.2598415,A5100377652,4,"[""I889458895"", ""I200769079""]",True
10.1109/tvcg.2016.2598415,A5102024007,5,"[""I231293419""]",True
10.1109/tvcg.2016.2598415,A5091466289,6,"[""I200769079"", ""I889458895""]",True
10.1109/tvcg.2016.2598415,A5026376235,7,"[""I889458895"", ""I200769079""]",True
10.1109/vast.2016.7883510,A5109616081,1,"[""I20231570""]",True
10.1109/vast.2016.7883510,A5101683904,2,"[""I20231570""]",True
10.1109/vast.2016.7883510,A5080203120,3,"[""I20231570""]",True
10.1109/vast.2016.7883510,A5108447612,4,"[""I114017466""]",True
10.1109/vast.2016.7883510,A5038943746,5,"[""I20231570""]",True
10.1109/vast.2016.7883510,A5000474356,6,"[""I258800397""]",True
10.1109/vast.2016.7883510,A5061336187,7,"[""I1297991670""]",True
10.1109/tvcg.2016.2598869,A5076860785,1,"[""I52357470""]",True
10.1109/tvcg.2016.2598869,A5078138445,2,"[""I219193219""]",True
10.1109/tvcg.2016.2598869,A5100340834,3,"[""I52357470""]",True
10.1109/tvcg.2016.2598869,A5065630217,4,"[""I52357470""]",True
10.1109/tvcg.2016.2598543,A5018820623,1,"[""I1286353243"", ""I4210103820""]",True
10.1109/tvcg.2016.2598543,A5035443322,2,"[""I1286353243"", ""I4210103820""]",True
10.1109/tvcg.2016.2598543,A5065313897,3,"[""I1286353243"", ""I4210103820""]",True
10.1109/tvcg.2016.2598543,A5029815396,4,"[""I1326498283""]",True
10.1109/tvcg.2016.2598543,A5023270158,5,"[""I1286353243"", ""I4210103820""]",True
10.1109/tvcg.2016.2599106,A5029417016,1,"[""I223532165""]",True
10.1109/tvcg.2016.2599106,A5061526935,2,"[""I223532165""]",True
10.1109/tvcg.2016.2599106,A5008627422,3,"[""I223532165""]",True
10.1109/tvcg.2016.2599106,A5013181392,4,"[""I223532165""]",True
10.1109/tvcg.2016.2598472,A5003025808,1,"[""I19820366"", ""I4210128818"", ""I1174212""]",True
10.1109/tvcg.2016.2598472,A5100658547,2,"[""I4210128818"", ""I19820366""]",True
10.1109/tvcg.2016.2598472,A5069073490,3,"[""I1174212""]",True
10.1109/tvcg.2016.2598472,A5068043486,4,"[""I55732556""]",True
10.1109/tvcg.2016.2598472,A5112066295,5,"[""I4210128818"", ""I19820366""]",True
10.1109/tvcg.2016.2598472,A5100606557,6,"[""I1174212""]",True
10.1109/tvcg.2016.2599214,A5046565976,1,"[""I165525304""]",True
10.1109/tvcg.2016.2599214,A5047314988,2,"[""I40120149""]",True
10.1109/tvcg.2016.2599214,A5015620637,3,[],True
10.1109/tvcg.2016.2599214,A5001490209,4,[],True
10.1109/tvcg.2016.2599214,A5069603364,5,[],True
10.1109/tvcg.2016.2599214,A5029495631,6,"[""I40120149""]",True
10.1109/tvcg.2016.2599017,A5074734666,1,"[""I39804081""]",True
10.1109/tvcg.2016.2599017,A5020952435,2,"[""I130828816""]",True
10.1109/tvcg.2016.2598542,A5062614232,1,"[""I180825142""]",True
10.1109/tvcg.2016.2598542,A5079369129,2,"[""I180825142""]",True
10.1109/tvcg.2016.2598542,A5071681891,3,"[""I180825142""]",True
10.1109/tvcg.2016.2598542,A5065040154,4,"[""I180825142""]",True
10.1109/tvcg.2016.2598542,A5048992354,5,"[""I180825142""]",True
10.1109/tvcg.2016.2598471,A5076979824,1,"[""I2800363604""]",True
10.1109/tvcg.2016.2598471,A5101046136,2,"[""I2800363604""]",True
10.1109/tvcg.2016.2599058,A5112562638,1,"[""I107077323""]",True
10.1109/tvcg.2016.2599058,A5066904286,2,"[""I107077323""]",True
10.1109/tvcg.2016.2599058,A5011928259,3,"[""I131221577""]",True
10.1109/tvcg.2016.2599058,A5087146581,4,"[""I107077323""]",True
10.1109/vast.2016.7883519,A5036300289,1,"[""I201448701""]",True
10.1109/vast.2016.7883519,A5084778474,2,"[""I135310074""]",True
10.1109/vast.2016.7883506,A5012158528,1,"[""I66946132""]",True
10.1109/vast.2016.7883506,A5061444760,2,"[""I46247651""]",True
10.1109/vast.2016.7883506,A5034277315,3,"[""I66946132""]",True
10.1109/vast.2016.7883506,A5078907679,4,"[""I46247651""]",True
10.1109/tvcg.2016.2598795,A5053136336,1,"[""I4210138551""]",True
10.1109/tvcg.2016.2598795,A5018287424,2,"[""I4210138551""]",True
10.1109/tvcg.2016.2598795,A5030293383,3,"[""I4210138551""]",True
10.1109/tvcg.2016.2598795,A5034699298,4,"[""I4210138551""]",True
10.1109/tvcg.2016.2598795,A5005017697,5,"[""I2802076133"", ""I4387153937""]",True
10.1109/tvcg.2016.2598466,A5008337640,1,"[""I212119943""]",True
10.1109/tvcg.2016.2598466,A5047827833,2,"[""I4210163771""]",True
10.1109/tvcg.2016.2598466,A5024377336,3,"[""I141945490""]",True
10.1109/vast.2016.7883507,A5061027107,1,[],True
10.1109/vast.2016.7883507,A5112771943,2,[],True
10.1109/vast.2016.7883507,A5100415663,3,[],True
10.1109/vast.2016.7883507,A5102902131,4,[],True
10.1109/vast.2016.7883507,A5038629539,5,[],True
10.1109/tvcg.2016.2598467,A5040794392,1,"[""I189712700""]",True
10.1109/tvcg.2016.2598467,A5048194226,2,"[""I4210161634"", ""I1326498283"", ""I4210126360""]",True
10.1109/tvcg.2016.2598467,A5074871409,3,"[""I189712700""]",True
10.1109/tvcg.2016.2598467,A5060699796,4,"[""I189712700""]",True
10.1109/tvcg.2016.2598467,A5078104762,5,"[""I887968799"", ""I18850439""]",True
10.1109/tvcg.2016.2598467,A5060725233,6,"[""I102197404"", ""I4210126360""]",True
10.1109/tvcg.2016.2598467,A5016219620,7,"[""I4092182""]",True
10.1109/tvcg.2016.2598465,A5039231102,1,"[""I200769079"", ""I889458895""]",True
10.1109/tvcg.2016.2598465,A5004225142,2,"[""I889458895"", ""I200769079""]",True
10.1109/tvcg.2016.2598465,A5103260186,3,"[""I200769079"", ""I889458895""]",True
10.1109/tvcg.2016.2598465,A5021924764,4,"[""I889458895"", ""I200769079""]",True
10.1109/tvcg.2016.2598465,A5091466289,5,"[""I200769079"", ""I889458895""]",True
10.1109/tvcg.2016.2598465,A5100653962,6,"[""I4210164937""]",True
10.1109/tvcg.2016.2599338,A5109257024,1,"[""I27837315""]",True
10.1109/tvcg.2016.2599338,A5064931337,2,"[""I27837315""]",True
10.1109/vast.2016.7883515,A5091379507,1,"[""I60488453""]",True
10.1109/vast.2016.7883515,A5068805525,2,"[""I60488453""]",True
10.1109/vast.2016.7883515,A5108515757,3,"[""I60488453""]",True
10.1109/vast.2016.7883515,A5032157145,4,"[""I60488453""]",True
10.1109/vast.2016.7883515,A5064682013,5,"[""I60488453""]",True
10.1109/vast.2016.7883515,A5066087105,6,"[""I60488453""]",True
10.1109/vast.2016.7883511,A5101524540,1,"[""I99065089""]",True
10.1109/vast.2016.7883511,A5038775008,2,"[""I99065089""]",True
10.1109/vast.2016.7883511,A5100350503,3,"[""I99065089""]",True
10.1109/vast.2016.7883511,A5031082206,4,"[""I87216513""]",True
10.1109/vast.2016.7883511,A5059565490,5,"[""I99065089""]",True
10.1109/vast.2016.7883511,A5032694211,6,[],True
10.1109/vast.2016.7883511,A5101666011,7,"[""I4210164937""]",True
10.1109/tvcg.2016.2598496,A5103406484,1,[],True
10.1109/tvcg.2016.2598496,A5103725392,2,[],True
10.1109/tvcg.2016.2598447,A5078653899,1,"[""I4210102264"", ""I57206974"", ""I15196421"", ""I102475099""]",True
10.1109/tvcg.2016.2598447,A5063095344,2,"[""I57206974"", ""I4210102264"", ""I102475099"", ""I15196421""]",True
10.1109/tvcg.2016.2598447,A5059742070,3,"[""I4210102264"", ""I57206974"", ""I102475099"", ""I15196421""]",True
10.1109/tvcg.2016.2598826,A5059011560,1,"[""I98358874"", ""I4432739""]",True
10.1109/tvcg.2016.2598826,A5005017697,2,"[""I2802076133"", ""I4387153937""]",True
10.1109/tvcg.2016.2598826,A5112206507,3,"[""I2800006345""]",True
10.1109/tvcg.2016.2598826,A5072311778,4,"[""I2800006345""]",True
10.1109/tvcg.2016.2598826,A5065796620,5,"[""I2800006345""]",True
10.1109/tvcg.2016.2598826,A5063965880,6,"[""I4432739""]",True
10.1109/tvcg.2016.2598826,A5048229839,7,"[""I98358874""]",True
10.1109/tvcg.2016.2598826,A5086223886,8,"[""I98358874""]",True
10.1109/tvcg.2016.2598796,A5103242037,1,"[""I139264467""]",True
10.1109/tvcg.2016.2598796,A5101824064,2,"[""I141371507""]",True
10.1109/tvcg.2016.2598796,A5101716397,3,"[""I2802194831""]",True
10.1109/tvcg.2016.2598796,A5100763487,4,"[""I139264467""]",True
10.1109/tvcg.2016.2598796,A5042323667,5,"[""I83436808""]",True
10.1109/tvcg.2016.2598796,A5012388103,6,"[""I139264467""]",True
10.1109/tvcg.2016.2598545,A5079089831,1,"[""I56590836""]",True
10.1109/tvcg.2016.2598545,A5039512936,2,"[""I56590836""]",True
10.1109/tvcg.2016.2598545,A5008149778,3,"[""I56590836""]",True
10.1109/tvcg.2016.2598545,A5083095334,4,"[""I56590836""]",True
10.1109/tvcg.2016.2598545,A5022380691,5,"[""I56590836""]",True
10.1109/tvcg.2016.2598545,A5013174025,6,"[""I56590836""]",True
10.1109/tvcg.2016.2598518,A5009949914,1,[],True
10.1109/tvcg.2016.2598518,A5084459196,2,[],True
10.1109/tvcg.2016.2598518,A5070975377,3,[],True
10.1109/tvcg.2016.2598518,A5075572197,4,[],True
10.1109/tvcg.2016.2598518,A5082066959,5,"[""I4210098931""]",True
10.1109/tvcg.2016.2598518,A5027874724,6,"[""I4210098931""]",True
10.1109/tvcg.2016.2598518,A5046865751,7,"[""I4210098931""]",True
10.1109/tvcg.2016.2598518,A5030710520,8,"[""I4210098931""]",True
10.1109/tvcg.2016.2598518,A5087421071,9,"[""I4210098931""]",True
10.1109/tvcg.2016.2598518,A5043151044,10,[],True
10.1109/tvcg.2016.2598866,A5004215313,1,"[""I168635309""]",True
10.1109/tvcg.2016.2598866,A5059407422,2,"[""I168635309""]",True
10.1109/tvcg.2016.2598866,A5063552978,3,"[""I168635309""]",True
10.1109/tvcg.2016.2598866,A5062797157,4,"[""I168635309""]",True
10.1109/tvcg.2016.2598618,A5036300289,1,"[""I201448701""]",True
10.1109/tvcg.2016.2598618,A5090570042,2,"[""I201448701""]",True
10.1109/tvcg.2016.2598469,A5035443322,1,"[""I4210103820"", ""I1286353243"", ""I185261750""]",True
10.1109/tvcg.2016.2598469,A5040516099,2,"[""I185261750""]",True
10.1109/tvcg.2016.2598469,A5029815396,3,"[""I1326498283""]",True
10.1109/tvcg.2016.2598469,A5023270158,4,"[""I1286353243""]",True
10.1109/tvcg.2016.2598469,A5012113499,5,"[""I4210141030"", ""I2801317318"", ""I185261750""]",True
10.1109/tvcg.2016.2598469,A5083735800,6,"[""I-1"", ""I185261750""]",True
10.1109/tvcg.2016.2599049,A5100784734,1,"[""I52357470""]",True
10.1109/tvcg.2016.2599049,A5100354225,2,"[""I52357470""]",True
10.1109/tvcg.2016.2599049,A5065630217,3,"[""I52357470""]",True
10.1109/tvcg.2016.2598603,A5005017697,1,"[""I2802076133"", ""I4387153937""]",True
10.1109/tvcg.2016.2598603,A5055141682,2,"[""I4210139350""]",True
10.1109/tvcg.2016.2598603,A5034699298,3,"[""I4210138551""]",True
10.1109/tvcg.2016.2598603,A5050321930,4,"[""I98358874""]",True
10.1109/tvcg.2016.2598586,A5082971754,1,"[""I168635309""]",True
10.1109/tvcg.2016.2598586,A5001649622,2,"[""I168635309""]",True
10.1109/tvcg.2016.2598586,A5042382359,3,"[""I39470171""]",True
10.1109/tvcg.2016.2598586,A5012561411,4,"[""I168635309""]",True
10.1109/vast.2016.7883520,A5025762480,1,"[""I100066346""]",True
10.1109/vast.2016.7883520,A5065310800,2,"[""I100066346""]",True
10.1109/vast.2016.7883520,A5033132966,3,"[""I89864525""]",True
10.1109/vast.2016.7883520,A5038629539,4,"[""I100066346""]",True
10.1109/vast.2016.7883520,A5073619125,5,"[""I100066346""]",True
10.1109/tvcg.2016.2598825,A5088394147,1,"[""I2799803557"", ""I9617848""]",True
10.1109/tvcg.2016.2598825,A5024684220,2,"[""I9617848"", ""I2799803557""]",True
10.1109/tvcg.2016.2598825,A5060698638,3,"[""I9617848"", ""I2799803557""]",True
10.1109/tvcg.2016.2598825,A5061059879,4,"[""I196349391""]",True
10.1109/tvcg.2016.2598825,A5013055435,5,"[""I9617848""]",True
10.1109/tvcg.2016.2598825,A5002141920,6,"[""I9617848""]",True
10.1109/tvcg.2016.2598430,A5072687280,1,"[""I102134673""]",True
10.1109/tvcg.2016.2598430,A5048647256,2,"[""I102134673""]",True
10.1109/tvcg.2016.2598998,A5103045373,1,[],True
10.1109/tvcg.2016.2598998,A5081959207,2,[],True
10.1109/tvcg.2016.2598998,A5039626800,3,[],True
10.1109/tvcg.2016.2598824,A5003476748,1,"[""I100066346""]",True
10.1109/tvcg.2016.2598824,A5083194357,2,"[""I100066346""]",True
10.1109/tvcg.2016.2598824,A5084075723,3,"[""I100066346""]",True
10.1109/tvcg.2016.2598824,A5087317081,4,"[""I100066346""]",True
10.1109/tvcg.2016.2598824,A5034656506,5,"[""I100066346""]",True
10.1109/tvcg.2016.2598824,A5080160526,6,"[""I100066346""]",True
10.1109/tvcg.2016.2598824,A5067406221,7,"[""I100066346""]",True
10.1109/tvcg.2016.2598824,A5038629539,8,"[""I100066346""]",True
10.1109/tvcg.2016.2598479,A5106723036,1,"[""I59553526""]",True
10.1109/tvcg.2016.2598479,A5006938634,2,"[""I59553526""]",True
10.1109/tvcg.2016.2598479,A5070670810,3,"[""I59553526""]",True
10.1109/tvcg.2016.2598460,A5084913586,1,"[""I202524275""]",True
10.1109/tvcg.2016.2598460,A5028118323,2,"[""I202524275""]",True
10.1109/tvcg.2016.2598460,A5064306421,3,"[""I202524275""]",True
10.1109/tvcg.2016.2598460,A5088298192,4,"[""I202524275""]",True
10.1109/tvcg.2016.2598898,A5073935117,1,"[""I100066346""]",True
10.1109/tvcg.2016.2598898,A5017415898,2,"[""I100066346""]",True
10.1109/tvcg.2016.2598898,A5016295654,3,"[""I100066346""]",True
10.1109/tvcg.2016.2598898,A5067806552,4,"[""I100066346""]",True
10.1109/tvcg.2016.2598898,A5028945768,5,"[""I100066346""]",True
10.1109/tvcg.2016.2598898,A5073619125,6,"[""I100066346""]",True
10.1109/tvcg.2016.2598791,A5089881940,1,"[""I59553526""]",True
10.1109/tvcg.2016.2598791,A5061454658,2,"[""I59553526""]",True
10.1109/tvcg.2016.2598791,A5100607707,3,"[""I59553526""]",True
10.1109/tvcg.2016.2598791,A5039517392,4,"[""I59553526""]",True
10.1109/tvcg.2016.2599211,A5007804770,1,"[""I4432739""]",True
10.1109/tvcg.2016.2599211,A5063965880,2,"[""I4432739""]",True
10.1109/tvcg.2016.2598541,A5114686064,1,"[""I55732556""]",True
10.1109/tvcg.2016.2598541,A5026799813,2,"[""I55732556""]",True
10.1109/tvcg.2016.2599042,A5052673631,1,"[""I100066346""]",True
10.1109/tvcg.2016.2599042,A5038629539,2,"[""I100066346""]",True
10.1109/tvcg.2016.2599040,A5100641549,1,"[""I223532165""]",True
10.1109/tvcg.2016.2599040,A5033987709,2,"[""I1282105669""]",True
10.1109/tvcg.2016.2599040,A5007976839,3,"[""I223532165""]",True
10.1109/tvcg.2016.2599040,A5020952435,4,"[""I130828816""]",True
10.1109/tvcg.2016.2599040,A5009460413,5,"[""I223532165""]",True
10.1109/tvcg.2016.2599018,A5080174595,1,"[""I223822909""]",True
10.1109/tvcg.2016.2599018,A5090713755,2,"[""I223822909""]",True
10.1109/tvcg.2016.2599018,A5023678337,3,"[""I223822909""]",True
10.1109/tvcg.2016.2599018,A5103027961,4,"[""I17974374""]",True
10.1109/tvcg.2016.2599018,A5011424640,5,"[""I17974374""]",True
10.1109/tvcg.2016.2599018,A5011941798,6,"[""I223822909""]",True
10.1109/tvcg.2016.2598591,A5041529907,1,"[""I39470171""]",True
10.1109/tvcg.2016.2598591,A5042382359,2,"[""I39470171""]",True
10.1109/vast.2016.7883516,A5014032522,1,"[""I4210136249""]",True
10.1109/vast.2016.7883516,A5091144609,2,"[""I4210136249""]",True
10.1109/vast.2016.7883516,A5110321988,3,"[""I1343190059"", ""I145847075""]",True
10.1109/vast.2016.7883516,A5077940635,4,"[""I4210136249""]",True
10.1109/vast.2016.7883516,A5056214245,5,"[""I4210136249""]",True
10.1109/vast.2016.7883513,A5100340840,1,"[""I164956901""]",True
10.1109/vast.2016.7883513,A5053418697,2,[],True
10.1109/vast.2016.7883513,A5103084682,3,"[""I52357470""]",True
10.1109/vast.2016.7883513,A5101971581,4,[],True
10.1109/vast.2016.7883513,A5065701116,5,[],True
10.1109/vast.2016.7883513,A5065630217,6,"[""I164956901""]",True
10.1109/vast.2016.7883518,A5033119598,1,"[""I102134673""]",True
10.1109/vast.2016.7883518,A5061859149,2,"[""I102134673""]",True
10.1109/vast.2016.7883518,A5102023823,3,"[""I102134673""]",True
10.1109/vast.2016.7883518,A5021363996,4,"[""I102134673""]",True
10.1109/tvcg.2016.2598789,A5043391973,1,"[""I84218800""]",True
10.1109/tvcg.2016.2598789,A5033503333,2,"[""I84218800""]",True
10.1109/tvcg.2016.2598789,A5037161857,3,"[""I84218800""]",True
10.1109/tvcg.2016.2598789,A5007998668,4,"[""I84218800""]",True
10.1109/tvcg.2016.2598789,A5074812838,5,"[""I4210160447"", ""I133836048"", ""I124357947""]",True
10.1109/tvcg.2016.2598789,A5080954876,6,"[""I4210091929""]",True
10.1109/tvcg.2016.2598789,A5100626893,7,"[""I74973139""]",True
10.1109/tvcg.2016.2598789,A5020979148,8,"[""I124357947"", ""I133836048"", ""I4210160447""]",True
10.1109/tvcg.2016.2598619,A5025404277,1,"[""I83019370""]",True
10.1109/tvcg.2016.2598619,A5032979919,2,"[""I4210095128"", ""I204337017""]",True
10.1109/tvcg.2016.2598619,A5112038936,3,"[""I193662353""]",True
10.1109/tvcg.2016.2598619,A5079369129,4,"[""I180825142""]",True
10.1109/tvcg.2016.2598619,A5000420564,5,"[""I83019370""]",True
10.1109/vast.2016.7883508,local:5beed063e376fe0a,1,"[""I59553526""]",True
10.1109/vast.2016.7883508,local:8c03145a7b54da5f,2,"[""I59553526""]",True
10.1109/vast.2016.7883508,local:eff42174fdc49b31,3,"[""I59553526""]",True
10.1109/vast.2016.7883508,local:f5c7f8cce6802f46,4,"[""I59553526""]",True
10.1109/tvcg.2016.2599378,A5010847113,1,"[""I889458895"", ""I200769079""]",True
10.1109/tvcg.2016.2599378,A5051526027,2,"[""I889458895"", ""I200769079""]",True
10.1109/tvcg.2016.2599378,A5108098662,3,"[""I889458895"", ""I200769079""]",True
10.1109/tvcg.2016.2599378,A5091466289,4,"[""I200769079"", ""I889458895""]",True
10.1109/tvcg.2016.2598870,A5006962854,1,"[""I4432739""]",True
10.1109/tvcg.2016.2598870,A5063965880,2,"[""I4432739""]",True
10.1109/tvcg.2016.2598870,A5022294742,3,"[""I145847075""]",True
10.1109/tvcg.2016.2598870,A5000755776,4,"[""I4432739""]",True
10.1109/tvcg.2016.2598587,A5022287420,1,"[""I2801851002""]",True
10.1109/tvcg.2016.2598587,A5084459196,2,"[""I2801851002""]",True
10.1109/tvcg.2016.2598587,A5057953221,3,"[""I4210091341""]",True
10.1109/tvcg.2016.2598587,A5083912451,4,"[""I4210091341""]",True
10.1109/tvcg.2016.2598587,A5001741248,5,"[""I4210091341""]",True
10.1109/tvcg.2016.2598587,A5043151044,6,"[""I2801851002""]",True
10.1109/vast.2016.7883514,A5086727322,1,"[""I76130692""]",True
10.1109/vast.2016.7883514,A5023806511,2,"[""I76130692""]",True
10.1109/vast.2016.7883514,A5023823294,3,"[""I76130692""]",True
10.1109/vast.2016.7883514,A5056363324,4,"[""I76130692""]",True
10.1109/vast.2016.7883514,A5101250362,5,"[""I76130692""]",True
10.1109/vast.2016.7883514,A5038482291,6,"[""I219193219""]",True
10.1109/tvcg.2016.2599016,A5088860259,1,[],True
10.1109/tvcg.2016.2599016,A5039626800,2,[],True
10.1109/tvcg.2016.2598790,A5008640200,1,"[""I185443292""]",True
10.1109/tvcg.2016.2598790,A5006534924,2,"[""I185443292""]",True
10.1109/tvcg.2016.2598790,A5082598478,3,"[""I185443292""]",True
10.1109/tvcg.2016.2598790,A5102022483,4,"[""I185443292""]",True
10.1109/tvcg.2016.2599043,A5030066648,1,"[""I71920554"", ""I4210143490""]",True
10.1109/tvcg.2016.2599043,A5072700322,2,"[""I4210143490"", ""I71920554""]",True
10.1109/tvcg.2016.2598463,A5024374419,1,"[""I59553526""]",True
10.1109/tvcg.2016.2598463,A5102818872,2,"[""I59553526""]",True
10.1109/tvcg.2016.2598463,A5039517392,3,"[""I59553526""]",True
10.1109/tvcg.2016.2598463,A5075591650,4,"[""I59553526""]",True
10.1109/vast.2016.7883509,A5039219845,1,[],True
10.1109/vast.2016.7883509,A5040166190,2,[],True
10.1109/vast.2016.7883509,A5008156597,3,[],True
10.1109/tvcg.2016.2598602,A5065776273,1,"[""I4432739""]",True
10.1109/tvcg.2016.2598602,A5063965880,2,"[""I4432739""]",True
10.1109/tvcg.2016.2598448,A5031246877,1,"[""I161057412""]",True
10.1109/tvcg.2016.2598448,A5077955263,2,"[""I161057412""]",True
10.1109/tvcg.2016.2598448,A5077663928,3,"[""I161057412""]",True
10.1109/tvcg.2015.2467191,A5070061774,1,"[""I201448701""]",True
10.1109/tvcg.2015.2467191,A5006087928,2,"[""I4210163771""]",True
10.1109/tvcg.2015.2467191,A5077148853,3,"[""I4210163771""]",True
10.1109/tvcg.2015.2467191,A5009369598,4,"[""I4210163771""]",True
10.1109/tvcg.2015.2467191,A5007124763,5,"[""I201448701""]",True
10.1109/tvcg.2015.2467191,A5090570042,6,"[""I201448701""]",True
10.1109/tvcg.2015.2467732,A5065943691,1,"[""I141945490"", ""I136199984""]",True
10.1109/tvcg.2015.2467732,A5011292436,2,"[""I63966007""]",True
10.1109/tvcg.2015.2467732,A5004813317,3,"[""I136199984""]",True
10.1109/tvcg.2015.2467732,A5004661296,4,"[""I63966007""]",True
10.1109/tvcg.2015.2467732,A5050670374,5,"[""I136199984""]",True
10.1109/tvcg.2015.2467732,A5002142835,6,"[""I27837315""]",True
10.1109/tvcg.2015.2467732,A5043151044,7,"[""I136199984""]",True
10.1109/tvcg.2015.2467732,A5021257546,8,"[""I63966007""]",True
10.1109/tvcg.2015.2467091,A5077783676,1,"[""I97018004""]",True
10.1109/tvcg.2015.2467091,A5049959252,2,"[""I201448701""]",True
10.1109/tvcg.2015.2467091,A5036469216,3,"[""I201448701""]",True
10.1109/tvcg.2015.2467091,A5090570042,4,"[""I201448701""]",True
10.1109/tvcg.2015.2467591,A5038705854,1,"[""I189712700""]",True
10.1109/tvcg.2015.2467591,A5061393594,2,"[""I189712700""]",True
10.1109/tvcg.2015.2467591,A5064480048,3,"[""I189712700""]",True
10.1109/tvcg.2015.2467591,A5011528639,4,"[""I189712700""]",True
10.1109/tvcg.2015.2467591,A5073919282,5,"[""I189712700""]",True
10.1109/tvcg.2015.2468111,A5015182248,1,"[""I31512782""]",True
10.1109/tvcg.2015.2468111,A5056385750,2,"[""I31512782""]",True
10.1109/tvcg.2015.2468111,A5054864049,3,"[""I31512782""]",True
10.1109/tvcg.2015.2468111,A5057538550,4,"[""I180825142""]",True
10.1109/tvcg.2015.2468111,A5022699013,5,"[""I180825142""]",True
10.1109/tvcg.2015.2468111,A5006966951,6,"[""I180825142""]",True
10.1109/tvcg.2015.2467551,A5090930182,1,"[""I2801613365"", ""I91045830""]",True
10.1109/tvcg.2015.2467551,A5064306421,2,"[""I130701444"", ""I2800444561""]",True
10.1109/tvcg.2015.2467551,A5010678395,3,"[""I1289243028""]",True
10.1109/tvcg.2015.2467551,A5100326468,4,"[""I79272384""]",True
10.1109/tvcg.2015.2467771,A5101702914,1,"[""I149910238""]",True
10.1109/tvcg.2015.2467771,A5102759669,2,"[""I149910238""]",True
10.1109/tvcg.2015.2467771,A5062325991,3,"[""I149910238""]",True
10.1109/tvcg.2015.2467771,A5032694211,4,"[""I102149020""]",True
10.1109/tvcg.2015.2467771,A5088393129,5,"[""I149910238""]",True
10.1109/tvcg.2015.2467771,A5010867366,6,"[""I102149020""]",True
10.1109/tvcg.2015.2467851,A5048194226,1,"[""I1326498283"", ""I4210124949"", ""I4210161634""]",True
10.1109/tvcg.2015.2467851,A5075947472,2,"[""I200769079"", ""I889458895"", ""I1341412227""]",True
10.1109/tvcg.2015.2467851,A5083260911,3,"[""I3018083178""]",True
10.1109/tvcg.2015.2467851,A5062209759,4,"[""I201448701""]",True
10.1109/tvcg.2015.2467851,A5050365477,5,"[""I201448701""]",True
10.1109/tvcg.2015.2467851,A5032305401,6,"[""I1326498283"", ""I102197404""]",True
10.1109/tvcg.2015.2468078,A5033915778,1,"[""I83019370""]",True
10.1109/tvcg.2015.2468078,A5043973007,2,"[""I1283595831""]",True
10.1109/tvcg.2015.2468078,A5055204153,3,"[""I1283595831""]",True
10.1109/tvcg.2015.2468078,A5051025031,4,"[""I83019370""]",True
10.1109/tvcg.2015.2466992,A5059206106,1,"[""I4210104972"", ""I102134673""]",True
10.1109/tvcg.2015.2466992,A5071234214,2,"[""I4210104972"", ""I102134673""]",True
10.1109/tvcg.2015.2467196,A5000474356,1,"[""I1341412227""]",True
10.1109/tvcg.2015.2467196,A5075947472,2,"[""I1341412227""]",True
10.1109/tvcg.2015.2467196,A5111512427,3,"[""I1341412227""]",True
10.1109/tvcg.2015.2467196,A5100675577,4,"[""I1341412227""]",True
10.1109/tvcg.2015.2467196,A5042159546,5,[],True
10.1109/tvcg.2015.2467196,A5109855094,6,"[""I1341412227""]",True
10.1109/tvcg.2015.2467619,A5109616081,1,"[""I20231570""]",True
10.1109/tvcg.2015.2467619,A5038943746,2,"[""I20231570""]",True
10.1109/tvcg.2015.2467619,A5080203120,3,"[""I20231570""]",True
10.1109/tvcg.2015.2467619,A5102015112,4,"[""I20231570""]",True
10.1109/tvcg.2015.2467619,A5108447612,5,"[""I20231570""]",True
10.1109/tvcg.2015.2467619,A5010061027,6,"[""I20231570""]",True
10.1109/tvcg.2015.2467619,A5080765061,7,"[""I130769515""]",True
10.1109/tvcg.2015.2467619,A5086311840,8,"[""I162868743""]",True
10.1109/tvcg.2015.2467195,A5100674437,1,"[""I219193219""]",True
10.1109/tvcg.2015.2467195,A5100654454,2,"[""I141945490""]",True
10.1109/tvcg.2015.2467195,A5110490385,3,"[""I219193219""]",True
10.1109/tvcg.2015.2467195,A5110327007,4,"[""I1291425158""]",True
10.1109/tvcg.2015.2467195,A5088085186,5,"[""I193775966""]",True
10.1109/tvcg.2015.2467195,A5053349373,6,"[""I219193219""]",True
10.1109/tvcg.2015.2467757,A5065310800,1,"[""I100066346""]",True
10.1109/tvcg.2015.2467757,A5012986137,2,"[""I100066346""]",True
10.1109/tvcg.2015.2467757,A5073619125,3,"[""I100066346""]",True
10.1109/tvcg.2015.2467204,A5013101044,1,"[""I62916508""]",True
10.1109/tvcg.2015.2467204,A5109234117,2,"[""I62916508""]",True
10.1109/tvcg.2015.2467204,A5029621326,3,"[""I62916508""]",True
10.1109/tvcg.2015.2467717,A5069020320,1,"[""I2800638415"", ""I176453806""]",True
10.1109/tvcg.2015.2467717,A5067274220,2,"[""I176453806"", ""I2800638415""]",True
10.1109/tvcg.2015.2467717,A5080784100,3,"[""I176453806"", ""I2800638415""]",True
10.1109/tvcg.2015.2467717,A5010043767,4,"[""I2800638415"", ""I176453806""]",True
10.1109/tvcg.2015.2468151,A5021924764,1,"[""I889458895"", ""I200769079""]",True
10.1109/tvcg.2015.2468151,A5082350263,2,"[""I200769079"", ""I889458895""]",True
10.1109/tvcg.2015.2468151,A5101526271,3,"[""I1286353243""]",True
10.1109/tvcg.2015.2468151,A5047872236,4,"[""I4210160618""]",True
10.1109/tvcg.2015.2468151,A5101896195,5,"[""I4210160618""]",True
10.1109/tvcg.2015.2468151,A5091466289,6,"[""I200769079"", ""I889458895""]",True
10.1109/tvcg.2015.2467758,A5083806955,1,"[""I121934306""]",True
10.1109/tvcg.2015.2467758,A5011928259,2,"[""I131221577""]",True
10.1109/tvcg.2015.2467758,A5087146581,3,"[""I121934306""]",True
10.1109/tvcg.2015.2467758,A5035894778,4,"[""I121934306""]",True
10.1109/tvcg.2015.2467758,A5050064511,5,"[""I4210118379"", ""I121934306""]",True
10.1109/tvcg.2015.2467758,A5074502941,6,"[""I121934306""]",True
10.1109/tvcg.2015.2467758,A5066036637,7,"[""I121934306""]",True
10.1109/tvcg.2015.2467758,A5089451178,8,"[""I121934306""]",True
10.1109/tvcg.2015.2467621,A5061027107,1,"[""I4210115791"", ""I100066346""]",True
10.1109/tvcg.2015.2467621,A5100415663,2,"[""I100066346"", ""I4210115791""]",True
10.1109/tvcg.2015.2467621,A5102902131,3,"[""I4210115791"", ""I100066346""]",True
10.1109/tvcg.2015.2467621,A5038629539,4,"[""I100066346"", ""I4210115791""]",True
10.1109/tvcg.2015.2467671,A5089605137,1,"[""I201448701""]",True
10.1109/tvcg.2015.2467671,A5090570042,2,"[""I201448701""]",True
10.1109/tvcg.2015.2467615,A5008786958,1,"[""I130701444""]",True
10.1109/tvcg.2015.2467615,A5047912015,2,[],True
10.1109/tvcg.2015.2467615,A5101728710,3,"[""I130701444""]",True
10.1109/tvcg.2015.2467615,A5064306421,4,"[""I130701444""]",True
10.1109/tvcg.2015.2467871,A5025762480,1,"[""I100066346""]",True
10.1109/tvcg.2015.2467871,A5112771943,2,"[""I100066346""]",True
10.1109/tvcg.2015.2467871,A5058196703,3,"[""I100066346""]",True
10.1109/tvcg.2015.2467871,A5102902131,4,"[""I100066346""]",True
10.1109/tvcg.2015.2467871,A5038629539,5,"[""I100066346""]",True
10.1109/tvcg.2015.2467194,A5051526027,1,"[""I889458895"", ""I200769079""]",True
10.1109/tvcg.2015.2467194,A5014221694,2,"[""I889458895"", ""I200769079""]",True
10.1109/tvcg.2015.2467194,A5026127661,3,"[""I889458895"", ""I200769079""]",True
10.1109/tvcg.2015.2467194,A5108098662,4,"[""I200769079"", ""I889458895""]",True
10.1109/tvcg.2015.2467194,A5091466289,5,"[""I200769079"", ""I889458895""]",True
10.1109/tvcg.2015.2467194,A5064259306,6,"[""I4210153212"", ""I4210159102""]",True
10.1109/tvcg.2015.2467194,A5109233250,7,"[""I4210159102"", ""I4210153212""]",True
10.1109/tvcg.2015.2467194,A5021357065,8,"[""I204512498""]",True
10.1109/tvcg.2015.2467471,A5006232882,1,"[""I4210163771""]",True
10.1109/tvcg.2015.2467471,A5109307699,2,"[""I4210163771""]",True
10.1109/tvcg.2015.2467622,A5038395206,1,[],True
10.1109/tvcg.2015.2467622,A5053097987,2,"[""I1341412227""]",True
10.1109/tvcg.2015.2467622,A5026961816,3,"[""I1341412227""]",True
10.1109/tvcg.2015.2467613,A5101564894,1,"[""I175594653""]",True
10.1109/tvcg.2015.2467613,A5046501868,2,"[""I175594653""]",True
10.1109/tvcg.2015.2467613,A5050064511,3,"[""I4210118379""]",True
10.1109/tvcg.2015.2467613,A5030179454,4,"[""I175594653""]",True
10.1109/tvcg.2015.2467271,A5009341822,1,"[""I161548249""]",True
10.1109/tvcg.2015.2467271,A5060051494,2,"[""I161548249""]",True
10.1109/tvcg.2015.2467271,A5065371627,3,"[""I137265193""]",True
10.1109/tvcg.2015.2467112,A5038299474,1,"[""I83019370""]",True
10.1109/tvcg.2015.2467112,A5058678073,2,"[""I100296615""]",True
10.1109/tvcg.2015.2467112,A5025297422,3,"[""I83019370""]",True
10.1109/tvcg.2015.2467112,A5051025031,4,"[""I83019370""]",True
10.1109/tvcg.2015.2468091,A5058196703,1,"[""I100066346""]",True
10.1109/tvcg.2015.2468091,A5017415898,2,"[""I100066346""]",True
10.1109/tvcg.2015.2468091,A5061027107,3,"[""I100066346""]",True
10.1109/tvcg.2015.2468091,A5016295654,4,"[""I100066346""]",True
10.1109/tvcg.2015.2468091,A5038629539,5,"[""I100066346""]",True
10.1109/tvcg.2015.2468091,A5073619125,6,"[""I100066346""]",True
10.1109/tvcg.2015.2467451,A5041046532,1,"[""I56590836"", ""I42894916""]",True
10.1109/tvcg.2015.2467451,A5008149778,2,"[""I2801239119"", ""I56590836""]",True
10.1109/tvcg.2015.2467451,A5085695563,3,"[""I42894916"", ""I56590836""]",True
10.1109/tvcg.2015.2467451,A5040517720,4,"[""I2801239119"", ""I56590836""]",True
10.1109/tvcg.2015.2467553,A5079507712,1,"[""I189712700""]",True
10.1109/tvcg.2015.2467553,A5002279044,2,"[""I189712700""]",True
10.1109/tvcg.2015.2467553,A5016219620,3,"[""I4092182""]",True
10.1109/tvcg.2015.2467553,A5073919282,4,"[""I189712700""]",True
10.1109/tvcg.2015.2467324,A5008620772,1,"[""I182083151""]",True
10.1109/tvcg.2015.2467324,A5012627865,2,"[""I4210131986""]",True
10.1109/tvcg.2015.2467324,A5101722804,3,"[""I4210123171""]",True
10.1109/tvcg.2015.2467324,A5003817684,4,"[""I182083151""]",True
10.1109/tvcg.2015.2467752,A5079997473,1,"[""I145847075""]",True
10.1109/tvcg.2015.2467752,A5032676799,2,"[""I145847075""]",True
10.1109/tvcg.2015.2467752,A5054248452,3,"[""I145847075""]",True
10.1109/tvcg.2015.2467752,A5019622072,4,"[""I145847075""]",True
10.1109/tvcg.2015.2467831,A5060159205,1,"[""I168635309""]",True
10.1109/tvcg.2015.2467831,A5065970500,2,"[""I-1"", ""I4210164339""]",True
10.1109/tvcg.2015.2467831,A5071066797,3,"[""I168635309""]",True
10.1109/tvcg.2015.2467831,A5012561411,4,"[""I168635309""]",True
10.1109/tvcg.2015.2467325,A5082971754,1,"[""I168635309""]",True
10.1109/tvcg.2015.2467325,A5001649622,2,"[""I168635309""]",True
10.1109/tvcg.2015.2467325,A5081925377,3,"[""I168635309""]",True
10.1109/tvcg.2015.2467325,A5100770632,4,"[""I168635309""]",True
10.1109/tvcg.2015.2467325,A5012561411,5,"[""I168635309""]",True
10.1109/tvcg.2015.2467931,A5012387700,1,"[""I59553526""]",True
10.1109/tvcg.2015.2467931,A5070670810,2,"[""I4210116376"", ""I59553526""]",True
10.1109/vast.2015.7347637,A5069258780,1,"[""I201448701""]",True
10.1109/vast.2015.7347637,A5057541630,2,"[""I4210164937""]",True
10.1109/vast.2015.7347637,A5065644953,3,"[""I4210164937""]",True
10.1109/vast.2015.7347637,A5010119044,4,"[""I4210164937""]",True
10.1109/vast.2015.7347637,A5101933711,5,"[""I4210164937""]",True
10.1109/vast.2015.7347637,A5109211487,6,"[""I4210164937""]",True
10.1109/tvcg.2015.2467554,A5107904995,1,"[""I99065089""]",True
10.1109/tvcg.2015.2467554,A5038775008,2,"[""I99065089""]",True
10.1109/tvcg.2015.2467554,A5112877229,3,"[""I91090688""]",True
10.1109/tvcg.2015.2467554,A5102145315,4,"[""I4210164937""]",True
10.1109/tvcg.2015.2467554,A5014662947,5,"[""I4210164937""]",True
10.1109/tvcg.2015.2467554,A5048111120,6,"[""I79272384""]",True
10.1109/tvcg.2015.2467958,A5080292005,1,"[""I33213144""]",True
10.1109/tvcg.2015.2467958,A5004513620,2,"[""I33213144""]",True
10.1109/tvcg.2015.2467958,A5058158315,3,"[""I33213144""]",True
10.1109/tvcg.2015.2467618,A5087042012,1,"[""I135310074""]",True
10.1109/tvcg.2015.2467618,A5084778474,2,"[""I135310074""]",True
10.1109/tvcg.2015.2467411,A5069974313,1,"[""I1343871089""]",True
10.1109/tvcg.2015.2467411,A5088109190,2,"[""I1343871089""]",True
10.1109/tvcg.2015.2467411,A5065799404,3,[],True
10.1109/tvcg.2015.2467411,A5002044808,4,"[""I1343871089""]",True
10.1109/tvcg.2015.2467411,A5000687536,5,"[""I1343871089""]",True
10.1109/tvcg.2015.2467411,A5108255640,6,"[""I153267046""]",True
10.1109/tvcg.2015.2467531,A5051850767,1,"[""I141945490"", ""I8204097""]",True
10.1109/tvcg.2015.2467531,A5105945412,2,"[""I141945490""]",True
10.1109/tvcg.2015.2467531,A5079916657,3,"[""I141945490""]",True
10.1109/tvcg.2015.2467322,A5053118584,1,"[""I91203450""]",True
10.1109/tvcg.2015.2467322,A5059096880,2,"[""I91203450""]",True
10.1109/tvcg.2015.2467322,A5013243312,3,"[""I4210167297"", ""I1341412227""]",True
10.1109/tvcg.2015.2467322,A5043076336,4,"[""I91203450""]",True
10.1109/tvcg.2015.2467751,A5101928782,1,"[""I39586589""]",True
10.1109/tvcg.2015.2467751,A5031596501,2,"[""I39586589""]",True
10.1109/tvcg.2015.2467751,A5028781666,3,"[""I39586589""]",True
10.1109/tvcg.2015.2467691,A5100424394,1,"[""I889458895"", ""I200769079""]",True
10.1109/tvcg.2015.2467691,A5039231102,2,"[""I200769079"", ""I889458895""]",True
10.1109/tvcg.2015.2467691,A5039929397,3,"[""I39586589""]",True
10.1109/tvcg.2015.2467691,A5014009990,4,"[""I90727586""]",True
10.1109/tvcg.2015.2467691,A5050314106,5,"[""I24185976""]",True
10.1109/tvcg.2015.2467691,A5047872236,6,[],True
10.1109/tvcg.2015.2467691,A5091466289,7,"[""I889458895"", ""I200769079""]",True
10.1109/tvcg.2015.2467552,A5076034475,1,"[""I4210116376""]",True
10.1109/tvcg.2015.2467552,A5070670810,2,"[""I4210116376""]",True
10.1109/tvcg.2015.2467811,A5059410695,1,"[""I223532165""]",True
10.1109/tvcg.2015.2467811,A5080631353,2,"[""I223532165""]",True
10.1109/tvcg.2015.2467811,A5066876119,3,"[""I223532165""]",True
10.1109/tvcg.2015.2467811,A5008627422,4,"[""I223532165""]",True
10.1109/tvcg.2015.2467202,A5102013894,1,"[""I50760025""]",True
10.1109/tvcg.2015.2467202,A5081339413,2,"[""I169381384""]",True
10.1109/tvcg.2015.2467202,A5024860629,3,"[""I1326498283""]",True
10.1109/tvcg.2015.2467202,A5083454802,4,"[""I1326498283""]",True
10.1109/tvcg.2015.2467201,A5036872754,1,"[""I102197404"", ""I4210166784"", ""I12356871"", ""I1326498283""]",True
10.1109/tvcg.2015.2467201,A5048978959,2,"[""I4210166784""]",True
10.1109/tvcg.2015.2467201,A5043230526,3,"[""I4210165912"", ""I12356871""]",True
10.1109/tvcg.2015.2467201,A5060725233,4,"[""I102197404"", ""I1326498283""]",True
10.1109/tvcg.2015.2467971,A5062185996,1,"[""I102149020""]",True
10.1109/tvcg.2015.2467971,A5010985446,2,"[""I102149020""]",True
10.1109/tvcg.2015.2467971,A5075309604,3,[],True
10.1109/tvcg.2015.2467971,A5086212139,4,[],True
10.1109/tvcg.2015.2467971,A5110208682,5,[],True
10.1109/tvcg.2015.2467199,A5079089831,1,"[""I56590836"", ""I2801239119"", ""I180825142""]",True
10.1109/tvcg.2015.2467199,A5079369129,2,"[""I180825142""]",True
10.1109/tvcg.2015.2467199,A5071681891,3,"[""I180825142""]",True
10.1109/tvcg.2015.2467199,A5065040154,4,"[""I180825142""]",True
10.1109/tvcg.2015.2467813,A5030293804,1,"[""I859038795""]",True
10.1109/tvcg.2015.2467813,A5089405476,2,"[""I859038795""]",True
10.1109/tvcg.2015.2467813,A5037675411,3,"[""I859038795""]",True
10.1109/tvcg.2015.2467813,A5035052603,4,"[""I859038795""]",True
10.1109/tvcg.2015.2467759,A5084459196,1,"[""I2801851002""]",True
10.1109/tvcg.2015.2467759,A5072598654,2,"[""I1325886976""]",True
10.1109/tvcg.2015.2467759,A5064480048,3,"[""I189712700""]",True
10.1109/tvcg.2015.2467759,A5016219620,4,"[""I4092182""]",True
10.1109/tvcg.2015.2467759,A5043151044,5,"[""I2801851002""]",True
10.1109/tvcg.2015.2467754,A5061526935,1,"[""I223532165""]",True
10.1109/tvcg.2015.2467754,A5008627422,2,"[""I223532165""]",True
10.1109/tvcg.2015.2467132,A5055750487,1,"[""I4210138551""]",True
10.1109/tvcg.2015.2467132,A5039626800,2,"[""I4210138551""]",True
10.1109/tvcg.2015.2467592,A5090887035,1,"[""I57206974""]",True
10.1109/tvcg.2015.2467592,A5113750867,2,"[""I57206974""]",True
10.1109/tvcg.2015.2467592,A5003584200,3,"[""I57206974""]",True
10.1109/tvcg.2015.2467592,A5006773757,4,"[""I57206974""]",True
10.1109/tvcg.2015.2467435,A5035842819,1,"[""I98358874""]",True
10.1109/tvcg.2015.2467435,A5086461942,2,"[""I135140700""]",True
10.1109/tvcg.2015.2467435,A5005017697,3,"[""I95793202"", ""I98358874""]",True
10.1109/tvcg.2015.2467435,A5048229839,4,"[""I98358874""]",True
10.1109/tvcg.2015.2467435,A5086223886,5,"[""I98358874""]",True
10.1109/tvcg.2015.2467431,A5100340834,1,"[""I52357470""]",True
10.1109/tvcg.2015.2467431,A5065630217,2,"[""I52357470""]",True
10.1109/tvcg.2015.2467441,A5049241635,1,"[""I71920554""]",True
10.1109/tvcg.2015.2467441,A5010238198,2,"[""I136199984""]",True
10.1109/tvcg.2015.2467441,A5062859783,3,"[""I136199984""]",True
10.1109/tvcg.2015.2467441,A5091300565,4,"[""I111088046""]",True
10.1109/tvcg.2015.2467441,A5037495122,5,"[""I4210150141"", ""I136199984""]",True
10.1109/tvcg.2015.2467441,A5043151044,6,"[""I136199984""]",True
10.1109/tvcg.2015.2467441,A5008754293,7,"[""I71920554""]",True
10.1109/tvcg.2015.2467436,A5088361669,1,"[""I52357470""]",True
10.1109/tvcg.2015.2467436,A5065630217,2,"[""I52357470""]",True
10.1109/vast.2015.7347636,A5065868869,1,"[""I57206974""]",True
10.1109/vast.2015.7347636,A5049830796,2,"[""I161127581""]",True
10.1109/vast.2015.7347636,A5033801646,3,"[""I57206974""]",True
10.1109/vast.2015.7347636,A5064720873,4,"[""I57206974""]",True
10.1109/vast.2015.7347636,A5075020027,5,[],True
10.1109/vast.2015.7347636,A5089271689,6,[],True
10.1109/vast.2015.7347636,A5041894100,7,[],True
10.1109/vast.2015.7347636,A5003584200,8,"[""I57206974""]",True
10.1109/tvcg.2015.2468291,A5007265753,1,"[""I95793202""]",True
10.1109/tvcg.2015.2468291,A5005017697,2,"[""I95793202"", ""I98358874""]",True
10.1109/tvcg.2015.2468291,A5106421474,3,"[""I95793202""]",True
10.1109/tvcg.2015.2468291,A5069003426,4,"[""I95793202""]",True
10.1109/tvcg.2015.2468291,A5060570293,5,"[""I36522303""]",True
10.1109/tvcg.2015.2468291,A5011709769,6,"[""I36522303""]",True
10.1109/tvcg.2015.2468291,A5034699298,7,"[""I95793202""]",True
10.1109/tvcg.2015.2467203,A5004833443,1,"[""I4210138551"", ""I95793202""]",True
10.1109/tvcg.2015.2467203,A5090571318,2,"[""I162714631""]",True
10.1109/tvcg.2015.2467203,A5001362069,3,[],True
10.1109/tvcg.2015.2467203,A5034699298,4,"[""I4210138551"", ""I95793202""]",True
10.1109/tvcg.2015.2467200,A5088860259,1,"[""I95793202""]",True
10.1109/tvcg.2015.2467200,A5036303821,2,"[""I4210116319""]",True
10.1109/tvcg.2015.2467200,A5039626800,3,"[""I95793202""]",True
10.1109/tvcg.2015.2468093,A5026787396,1,"[""I2801313472"", ""I137902535""]",True
10.1109/tvcg.2015.2468093,A5013460936,2,"[""I137902535"", ""I2801313472""]",True
10.1109/tvcg.2015.2468093,A5042522958,3,"[""I170897317""]",True
10.1109/tvcg.2015.2467951,A5074985413,1,"[""I124055696""]",True
10.1109/tvcg.2015.2467951,A5015615908,2,"[""I124055696""]",True
10.1109/vast.2015.7347634,A5086100757,1,"[""I62916508""]",True
10.1109/vast.2015.7347634,A5101898507,2,"[""I62916508""]",True
10.1109/vast.2015.7347634,A5113153568,3,"[""I62916508""]",True
10.1109/vast.2015.7347634,A5029621326,4,"[""I62916508""]",True
10.1109/tvcg.2015.2467991,A5029506224,1,"[""I55732556""]",True
10.1109/tvcg.2015.2467991,A5015732185,2,"[""I55732556""]",True
10.1109/tvcg.2015.2467991,A5075766572,3,"[""I55732556""]",True
10.1109/tvcg.2015.2467991,A5100371015,4,"[""I55732556""]",True
10.1109/tvcg.2015.2467991,A5048364702,5,"[""I55732556""]",True
10.1109/tvcg.2015.2467991,A5084781695,6,"[""I55732556""]",True
10.1109/tvcg.2015.2467991,A5027046322,7,"[""I55732556""]",True
10.1109/tvcg.2015.2467991,A5108429764,8,"[""I55732556""]",True
10.1109/tvcg.2015.2467991,A5026799813,9,"[""I55732556""]",True
10.1109/tvcg.2015.2467961,A5005017697,1,"[""I98358874"", ""I1326498283"", ""I4210138551"", ""I102197404"", ""I95793202""]",True
10.1109/tvcg.2015.2467961,A5106421474,2,"[""I95793202""]",True
10.1109/tvcg.2015.2467961,A5086223886,3,"[""I98358874""]",True
10.1109/tvcg.2015.2467961,A5034699298,4,"[""I95793202"", ""I4210138551""]",True
10.1109/tvcg.2015.2467961,A5083454802,5,"[""I1326498283"", ""I102197404""]",True
10.1109/tvcg.2015.2467611,A5091379507,1,[],True
10.1109/tvcg.2015.2467611,A5068805525,2,[],True
10.1109/tvcg.2015.2467611,A5052417609,3,[],True
10.1109/tvcg.2015.2467611,A5066087105,4,[],True
10.1109/tvcg.2015.2467611,A5053493751,5,[],True
10.1109/tvcg.2015.2467611,A5084744343,6,[],True
10.1109/tvcg.2015.2467452,A5082796790,1,"[""I16835326""]",True
10.1109/tvcg.2015.2467452,A5010594519,2,"[""I168635309""]",True
10.1109/tvcg.2015.2467452,A5030705917,3,"[""I168635309""]",True
10.1109/tvcg.2015.2468292,A5059489155,1,"[""I219193219""]",True
10.1109/tvcg.2015.2468292,A5034277315,2,"[""I66946132""]",True
10.1109/tvcg.2015.2468292,A5004602626,3,"[""I219193219""]",True
10.1109/tvcg.2015.2467251,A5055507757,1,"[""I2801239119"", ""I56590836""]",True
10.1109/tvcg.2015.2467251,A5008149778,2,"[""I2801239119"", ""I56590836""]",True
10.1109/tvcg.2015.2467251,A5014363196,3,"[""I165779595""]",True
10.1109/tvcg.2015.2467251,A5041046532,4,"[""I56590836"", ""I2801239119""]",True
10.1109/tvcg.2015.2467251,A5023110492,5,"[""I2801239119"", ""I56590836""]",True
10.1109/tvcg.2015.2467251,A5085695563,6,"[""I56590836"", ""I2801239119""]",True
10.1109/tvcg.2015.2466971,A5104038125,1,"[""I141945490""]",True
10.1109/tvcg.2015.2466971,A5005672708,2,[],True
10.1109/tvcg.2015.2466971,A5111607979,3,[],True
10.1109/tvcg.2015.2466971,A5079916657,4,"[""I141945490""]",True
10.1109/tvcg.2015.2467620,A5037571749,1,"[""I926574661""]",True
10.1109/tvcg.2015.2467620,A5083182139,2,"[""I926574661""]",True
10.1109/tvcg.2015.2467620,A5029336209,3,"[""I926574661""]",True
10.1109/tvcg.2015.2467555,A5064480048,1,"[""I189712700""]",True
10.1109/tvcg.2015.2467555,A5100654454,2,"[""I141945490""]",True
10.1109/tvcg.2015.2467555,A5100674437,3,"[""I219193219""]",True
10.1109/tvcg.2015.2467555,A5047912015,4,[],True
10.1109/tvcg.2015.2467555,A5014325236,5,"[""I87216513""]",True
10.1109/tvcg.2015.2467555,A5053349373,6,"[""I219193219""]",True
10.1109/vast.2015.7347625,A5112855730,1,"[""I142606810""]",True
10.1109/vast.2015.7347625,A5108524080,2,"[""I142606810""]",True
10.1109/vast.2015.7347625,A5112121545,3,"[""I1298353152""]",True
10.1109/vast.2015.7347625,A5113463221,4,"[""I1298353152""]",True
10.1109/vast.2015.7347625,A5113684296,5,"[""I142606810""]",True
10.1109/vast.2015.7347625,A5061232045,6,"[""I142606810""]",True
10.1109/vast.2015.7347625,A5064306421,7,"[""I130701444""]",True
10.1109/tvcg.2015.2467449,A5045224825,1,"[""I40347166""]",True
10.1109/tvcg.2015.2467449,A5046453853,2,"[""I40347166""]",True
10.1109/tvcg.2015.2467449,A5043667487,3,"[""I40347166""]",True
10.1109/tvcg.2015.2467449,A5000036409,4,"[""I40347166""]",True
10.1109/tvcg.2015.2467449,A5030967328,5,"[""I40347166""]",True
10.1109/tvcg.2015.2467872,A5048468645,1,"[""I83019370"", ""I98358874""]",True
10.1109/tvcg.2015.2467872,A5102774906,2,"[""I98358874"", ""I102520234""]",True
10.1109/tvcg.2015.2467872,A5077204103,3,"[""I1329325741"", ""I83019370""]",True
10.1109/tvcg.2015.2467872,A5048229839,4,"[""I98358874""]",True
10.1109/tvcg.2015.2467872,A5086223886,5,"[""I98358874""]",True
10.1109/tvcg.2015.2467321,A5113514530,1,"[""I165143802""]",True
10.1109/tvcg.2015.2467321,A5023853044,2,"[""I165143802""]",True
10.1109/tvcg.2015.2467321,A5013458161,3,"[""I165143802""]",True
10.1109/scivis.2015.7429487,A5025397194,1,"[""I102134673""]",True
10.1109/scivis.2015.7429487,A5046974897,2,"[""I1306266525""]",True
10.1109/scivis.2015.7429487,A5066348455,3,"[""I1306266525""]",True
10.1109/scivis.2015.7429487,A5061319921,4,"[""I1306266525""]",True
10.1109/scivis.2015.7429487,A5061059879,5,"[""I102134673""]",True
10.1109/scivis.2015.7429487,A5048647256,6,[],True
10.1109/tvcg.2015.2467733,A5035443322,1,"[""I185261750"", ""I4210103820"", ""I2801862477""]",True
10.1109/tvcg.2015.2467733,A5055241025,2,"[""I2801862477"", ""I185261750""]",True
10.1109/tvcg.2015.2467733,A5029815396,3,"[""I1326498283""]",True
10.1109/tvcg.2015.2467733,A5065313897,4,"[""I4210103820"", ""I1286353243""]",True
10.1109/tvcg.2015.2467733,A5023270158,5,"[""I4210103820"", ""I1286353243""]",True
10.1109/tvcg.2015.2467733,A5083735800,6,"[""I185261750""]",True
10.1109/tvcg.2015.2467733,A5012113499,7,"[""I2801317318"", ""I2801862477"", ""I185261750"", ""I4210141030""]",True
10.1109/scivis.2015.7429492,A5039910512,1,"[""I4210158342""]",True
10.1109/scivis.2015.7429492,A5033987709,2,"[""I223532165""]",True
10.1109/scivis.2015.7429492,A5113437503,3,"[""I4210158342""]",True
10.1109/scivis.2015.7429492,A5084707380,4,"[""I223532165""]",True
10.1109/scivis.2015.7429492,A5009460413,5,"[""I223532165""]",True
10.1109/scivis.2015.7429492,A5010928934,6,"[""I102502594"", ""I1282105669""]",True
10.1109/tvcg.2015.2468011,A5087063362,1,"[""I1343190059""]",True
10.1109/tvcg.2015.2468011,A5001186358,2,"[""I1343190059""]",True
10.1109/tvcg.2015.2468011,A5036235980,3,"[""I1343190059""]",True
10.1109/tvcg.2015.2468011,A5047006333,4,"[""I1343190059""]",True
10.1109/tvcg.2015.2468011,A5110321988,5,"[""I145847075""]",True
10.1109/tvcg.2015.2468011,A5000555892,6,"[""I1343190059""]",True
10.1109/tvcg.2015.2467432,A5047677160,1,"[""I223532165""]",True
10.1109/tvcg.2015.2467432,A5033987709,2,"[""I223532165""]",True
10.1109/tvcg.2015.2467432,A5083968592,3,"[""I1282105669""]",True
10.1109/tvcg.2015.2467432,A5100349956,4,"[""I223532165""]",True
10.1109/tvcg.2015.2467432,A5019902487,5,"[""I1282311441""]",True
10.1109/tvcg.2015.2467432,A5010928934,6,"[""I1282105669""]",True
10.1109/tvcg.2015.2467432,A5058864798,7,"[""I1282105669""]",True
10.1109/tvcg.2015.2467432,A5009460413,8,"[""I223532165""]",True
10.1109/tvcg.2015.2467911,A5084459196,1,"[""I2801851002""]",True
10.1109/tvcg.2015.2467911,A5103406484,2,"[""I145847075""]",True
10.1109/tvcg.2015.2467911,A5113967916,3,"[""I2801851002""]",True
10.1109/tvcg.2015.2467911,A5067806910,4,"[""I4210160384""]",True
10.1109/tvcg.2015.2467911,A5001741248,5,"[""I4210160384""]",True
10.1109/tvcg.2015.2467911,A5043151044,6,"[""I2801851002""]",True
10.1109/tvcg.2015.2467911,A5031057530,7,"[""I223532165"", ""I136199984"", ""I2801851002""]",True
10.1109/tvcg.2015.2467434,A5039343836,1,"[""I21449261""]",True
10.1109/tvcg.2015.2467434,A5016122563,2,"[""I145847075""]",True
10.1109/tvcg.2015.2467434,A5109928029,3,"[""I145847075"", ""I4432739""]",True
10.1109/tvcg.2015.2467434,A5022294742,4,"[""I4432739"", ""I145847075""]",True
10.1109/tvcg.2015.2467434,A5022022242,5,"[""I145847075"", ""I21449261""]",True
10.1109/tvcg.2015.2467153,A5113743668,1,"[""I2800403580"", ""I119888943""]",True
10.1109/tvcg.2015.2467153,A5058360336,2,"[""I130238516""]",True
10.1109/tvcg.2015.2469125,A5090140316,1,"[""I173911158""]",True
10.1109/tvcg.2015.2469125,A5082334156,2,"[""I173911158""]",True
10.1109/tvcg.2015.2467198,A5017167333,1,"[""I135140700""]",True
10.1109/tvcg.2015.2467198,A5071286871,2,"[""I4210152351"", ""I149899117""]",True
10.1109/tvcg.2015.2467198,A5086461942,3,"[""I135140700""]",True
10.1109/tvcg.2015.2467198,A5037976392,4,"[""I135140700""]",True
10.1109/tvcg.2015.2467031,A5055548499,1,"[""I135140700""]",True
10.1109/tvcg.2015.2467031,A5078588110,2,"[""I135140700""]",True
10.1109/tvcg.2015.2467031,A5017167333,3,"[""I135140700""]",True
10.1109/tvcg.2015.2467031,A5086461942,4,"[""I135140700""]",True
10.1109/vast.2015.7347624,A5042895577,1,"[""I-1""]",True
10.1109/vast.2015.7347624,A5051133137,2,"[""I-1""]",True
10.1109/vast.2015.7347624,A5010430831,3,"[""I4210088341""]",True
10.1109/vast.2015.7347624,A5003584200,4,"[""I57206974""]",True
10.1109/vast.2015.7347624,A5011424640,5,"[""I-1""]",True
10.1109/tvcg.2015.2467294,A5072687280,1,"[""I102134673""]",True
10.1109/tvcg.2015.2467294,A5038058828,2,"[""I102134673""]",True
10.1109/tvcg.2015.2467294,A5048647256,3,"[""I102134673""]",True
10.1109/tvcg.2015.2467992,A5074161314,1,"[""I138006243""]",True
10.1109/tvcg.2015.2467992,A5039929397,2,"[""I138006243""]",True
10.1109/tvcg.2015.2467992,A5035997603,3,"[""I138006243""]",True
10.1109/tvcg.2015.2467051,A5039321552,1,"[""I66946132""]",True
10.1109/tvcg.2015.2467051,A5034277315,2,"[""I66946132""]",True
10.1109/tvcg.2015.2467051,A5004824085,3,"[""I66946132""]",True
10.1109/tvcg.2015.2467413,A5061454658,1,"[""I59553526""]",True
10.1109/tvcg.2015.2467413,A5039517392,2,"[""I59553526""]",True
10.1109/vast.2015.7347631,A5055992752,1,"[""I102149020""]",True
10.1109/vast.2015.7347631,A5062185996,2,"[""I102149020""]",True
10.1109/vast.2015.7347631,A5041483688,3,"[""I71966907""]",True
10.1109/vast.2015.7347631,A5047912015,4,[],True
10.1109/vast.2015.7347631,A5100357633,5,[],True
10.1109/vast.2015.7347631,A5110208682,6,"[""I102149020""]",True
10.1109/vast.2015.7347626,A5043391973,1,[],True
10.1109/vast.2015.7347626,A5032428632,2,[],True
10.1109/vast.2015.7347626,A5025653234,3,"[""I1343871089""]",True
10.1109/vast.2015.7347626,A5037161857,4,[],True
10.1109/tvcg.2015.2468031,A5014319412,1,"[""I107639228""]",True
10.1109/tvcg.2015.2468031,A5101913449,2,"[""I107639228""]",True
10.1109/tvcg.2015.2468031,A5057612088,3,"[""I1282105669""]",True
10.1109/tvcg.2015.2468031,A5103027685,4,"[""I1282105669""]",True
10.1109/tvcg.2015.2468031,A5100454615,5,"[""I52357470""]",True
10.1109/tvcg.2015.2467331,A5056574974,1,"[""I71920554"", ""I4210099236""]",True
10.1109/tvcg.2015.2467331,A5063965880,2,"[""I4432739""]",True
10.1109/tvcg.2015.2467331,A5109928029,3,"[""I145847075"", ""I1343190059""]",True
10.1109/tvcg.2015.2467331,A5008754293,4,"[""I4210099236"", ""I71920554""]",True
10.1109/tvcg.2015.2467331,A5072700322,5,"[""I71920554"", ""I4210099236""]",True
10.1109/vast.2015.7347635,A5023631793,1,"[""I1343190059""]",True
10.1109/vast.2015.7347635,A5000695313,2,"[""I1343190059""]",True
10.1109/vast.2015.7347635,A5056069234,3,"[""I859038795""]",True
10.1109/vast.2015.7347635,A5007628057,4,[],True
10.1109/vast.2015.7347635,A5000755776,5,"[""I4432739""]",True
10.1109/vast.2015.7347630,A5112045175,1,"[""I3005327000""]",True
10.1109/vast.2015.7347630,A5027626829,2,"[""I3005327000""]",True
10.1109/vast.2015.7347630,A5100338511,3,"[""I3005327000""]",True
10.1109/vast.2015.7347630,A5009139939,4,"[""I3005327000""]",True
10.1109/vast.2015.7347630,A5062405330,5,"[""I3005327000""]",True
10.1109/vast.2015.7347630,A5090171111,6,"[""I3005327000""]",True
10.1109/vast.2015.7347630,A5101259226,7,"[""I2801240577""]",True
10.1109/vast.2015.7347630,A5069394495,8,"[""I2801240577""]",True
10.1109/vast.2015.7347630,A5064940551,9,"[""I2801240577""]",True
10.1109/vast.2015.7347628,A5003908445,1,"[""I82495205""]",True
10.1109/vast.2015.7347628,A5037675411,2,"[""I859038795""]",True
10.1109/vast.2015.7347628,A5102835648,3,"[""I859038795""]",True
10.1109/vast.2015.7347628,A5101866911,4,"[""I79272384""]",True
10.1109/tvcg.2015.2467323,A5077148853,1,"[""I4210163771""]",True
10.1109/tvcg.2015.2467323,A5073731680,2,"[""I4210163771""]",True
10.1109/tvcg.2015.2467293,A5012530562,1,"[""I196349391""]",True
10.1109/tvcg.2015.2467293,A5002141920,2,"[""I4210136471"", ""I9617848""]",True
10.1109/tvcg.2015.2467293,A5060698638,3,"[""I2799803557"", ""I9617848""]",True
10.1109/tvcg.2015.2467293,A5061059879,4,"[""I196349391""]",True
10.1109/tvcg.2015.2466838,A5054749881,1,"[""I1282105669""]",True
10.1109/tvcg.2015.2466838,A5103403657,2,"[""I1282105669""]",True
10.1109/tvcg.2015.2466838,A5108096533,3,"[""I1282105669""]",True
10.1109/tvcg.2015.2466838,A5014971963,4,"[""I1282105669""]",True
10.1109/tvcg.2015.2466838,A5077620183,5,"[""I1282105669""]",True
10.1109/scivis.2015.7429485,A5029924721,1,"[""I97018004""]",True
10.1109/scivis.2015.7429485,A5069853790,2,"[""I859038795""]",True
10.1109/scivis.2015.7429485,A5030179454,3,"[""I175594653""]",True
10.1109/scivis.2015.7429485,A5067898673,4,"[""I859038795""]",True
10.1109/tvcg.2015.2467963,A5051590071,1,"[""I102335020""]",True
10.1109/tvcg.2015.2467963,A5026357260,2,"[""I102335020""]",True
10.1109/tvcg.2015.2467954,A5041287963,1,"[""I59553526""]",True
10.1109/tvcg.2015.2467954,A5024374419,2,"[""I59553526""]",True
10.1109/tvcg.2015.2467954,A5039517392,3,"[""I59553526""]",True
10.1109/vast.2015.7347629,A5024197313,1,"[""I4665924""]",True
10.1109/vast.2015.7347629,A5088223542,2,"[""I4665924""]",True
10.1109/vast.2015.7347629,A5030968176,3,"[""I4665924""]",True
10.1109/vast.2015.7347629,A5012782091,4,"[""I4665924""]",True
10.1109/vast.2015.7347629,A5039180428,5,"[""I4665924""]",True
10.1109/vast.2015.7347629,A5032676799,6,"[""I145847075""]",True
10.1109/vast.2015.7347629,A5103406484,7,"[""I145847075""]",True
10.1109/vast.2015.7347629,A5019622072,8,"[""I145847075""]",True
10.1109/tvcg.2015.2467292,A5100738314,1,"[""I4210109712""]",True
10.1109/tvcg.2015.2467292,A5058028526,2,"[""I4210109712""]",True
10.1109/tvcg.2015.2467292,A5082234726,3,"[""I86987016""]",True
10.1109/tvcg.2015.2467035,A5104884760,1,"[""I4210165912"", ""I12356871""]",True
10.1109/tvcg.2015.2467035,A5064464260,2,"[""I4210165912"", ""I12356871""]",True
10.1109/tvcg.2015.2467035,A5019033794,3,"[""I1294671590"", ""I12356871"", ""I4210165912""]",True
10.1109/tvcg.2015.2467035,A5034670941,4,"[""I1294671590"", ""I12356871"", ""I4210165912""]",True
10.1109/tvcg.2015.2467035,A5023297045,5,"[""I12356871"", ""I4210165912"", ""I1294671590""]",True
10.1109/tvcg.2015.2467952,A5109233918,1,"[""I52357470""]",True
10.1109/tvcg.2015.2467952,A5088361669,2,"[""I52357470""]",True
10.1109/tvcg.2015.2467952,A5100340833,3,"[""I52357470""]",True
10.1109/tvcg.2015.2467952,A5091757106,4,"[""I52357470""]",True
10.1109/tvcg.2015.2467952,A5112684709,5,"[""I52357470""]",True
10.1109/tvcg.2015.2467952,A5031059601,6,"[""I52357470""]",True
10.1109/vast.2015.7347632,A5100714477,1,"[""I19820366""]",True
10.1109/vast.2015.7347632,A5100708726,2,"[""I1325784139""]",True
10.1109/vast.2015.7347632,A5100658547,3,"[""I19820366""]",True
10.1109/vast.2015.7347632,A5081125645,4,"[""I99065089""]",True
10.1109/vast.2015.7347632,A5100747973,5,"[""I99065089""]",True
10.1109/vast.2015.7347632,A5044791875,6,"[""I99065089""]",True
10.1109/vast.2015.7347627,A5033953993,1,[],True
10.1109/vast.2015.7347627,A5035997603,2,"[""I138006243""]",True
10.1109/vast.2015.7347627,A5029437914,3,"[""I1283103587""]",True
10.1109/vast.2015.7347627,A5072301014,4,"[""I1283103587""]",True
10.1109/tvcg.2015.2467612,A5046964482,1,"[""I3019423309"", ""I94509681""]",True
10.1109/tvcg.2015.2467612,A5000033049,2,"[""I94509681"", ""I3019423309""]",True
10.1109/tvcg.2015.2467612,A5085294981,3,"[""I94509681"", ""I3019423309""]",True
10.1109/tvcg.2015.2467612,A5026500248,4,"[""I4210166048"", ""I94509681""]",True
10.1109/tvcg.2015.2467612,A5000099153,5,"[""I94509681"", ""I3019423309""]",True
10.1109/scivis.2015.7429488,A5084119599,1,"[""I99065089""]",True
10.1109/scivis.2015.7429488,A5073986937,2,"[""I76130692""]",True
10.1109/scivis.2015.7429488,A5100379176,3,"[""I99065089""]",True
10.1109/scivis.2015.7429488,A5075733431,4,"[""I80605987"", ""I4210113003""]",True
10.1109/scivis.2015.7429488,A5068526974,5,"[""I4210145761""]",True
10.1109/scivis.2015.7429488,A5110515495,6,"[""I4210117238""]",True
10.1109/scivis.2015.7429488,A5108035744,7,"[""I99065089""]",True
10.1109/scivis.2015.7429488,A5100344494,8,"[""I76130692""]",True
10.1109/tvcg.2015.2467433,A5083859043,1,"[""I74801974"", ""I117197279""]",True
10.1109/tvcg.2015.2467433,A5053727705,2,"[""I135598925""]",True
10.1109/tvcg.2015.2467433,A5020952435,3,"[""I130828816""]",True
10.1109/tvcg.2015.2467433,A5025784757,4,"[""I203951103""]",True
10.1109/tvcg.2015.2467433,A5101494292,5,"[""I199028557""]",True
10.1109/tvcg.2015.2467433,A5074352715,6,"[""I130828816""]",True
10.1109/tvcg.2015.2467433,A5056641267,7,"[""I141591182""]",True
10.1109/tvcg.2015.2467291,A5060146626,1,"[""I223822909"", ""I85384741""]",True
10.1109/tvcg.2015.2467291,A5072306303,2,"[""I85384741"", ""I223822909""]",True
10.1109/tvcg.2015.2467291,A5101658503,3,"[""I1303153112"", ""I1303691731""]",True
10.1109/tvcg.2015.2467291,A5057351444,4,"[""I1303153112"", ""I1303691731""]",True
10.1109/tvcg.2015.2467291,A5101839682,5,"[""I85384741"", ""I223822909""]",True
10.1109/tvcg.2015.2467291,A5083438172,6,"[""I85384741"", ""I223822909""]",True
10.1109/scivis.2015.7429493,A5034300560,1,"[""I57664883""]",True
10.1109/scivis.2015.7429493,A5030844022,2,"[""I57664883""]",True
10.1109/scivis.2015.7429493,A5109392646,3,"[""I57664883""]",True
10.1109/scivis.2015.7429493,A5026087865,4,"[""I57664883""]",True
10.1109/scivis.2015.7429491,A5015989769,1,"[""I926574661""]",True
10.1109/scivis.2015.7429491,A5047199312,2,"[""I926574661""]",True
10.1109/scivis.2015.7429491,A5029336209,3,"[""I926574661""]",True
10.1109/tvcg.2015.2467412,A5055889375,1,"[""I1282311441""]",True
10.1109/tvcg.2015.2467412,A5085342992,2,"[""I1282311441""]",True
10.1109/scivis.2015.7429489,A5014041753,1,[],True
10.1109/scivis.2015.7429489,A5044705924,2,"[""I125839683""]",True
10.1109/scivis.2015.7429489,A5090287162,3,"[""I125839683""]",True
10.1109/scivis.2015.7429489,A5016665254,4,"[""I125839683""]",True
10.1109/scivis.2015.7429489,A5046896448,5,"[""I125839683""]",True
10.1109/vast.2015.7347633,A5100447162,1,"[""I4210091137"", ""I200769079"", ""I889458895""]",True
10.1109/vast.2015.7347633,A5042204958,2,"[""I4210091137""]",True
10.1109/vast.2015.7347633,A5091466289,3,"[""I200769079"", ""I889458895""]",True
10.1109/tvcg.2015.2467962,A5077955263,1,"[""I161057412""]",True
10.1109/tvcg.2015.2467962,A5031246877,2,"[""I161057412""]",True
10.1109/scivis.2015.7429486,A5029317616,1,"[""I57206974""]",True
10.1109/scivis.2015.7429486,A5033801646,2,"[""I57206974""]",True
10.1109/scivis.2015.7429486,A5071922502,3,"[""I1286329397""]",True
10.1109/scivis.2015.7429486,A5006248635,4,"[""I1286329397""]",True
10.1109/scivis.2015.7429486,A5003584200,5,"[""I57206974""]",True
10.1109/scivis.2015.7429490,A5009566240,1,"[""I91712215""]",True
10.1109/scivis.2015.7429490,A5087449583,2,"[""I62318514""]",True
10.1109/tvcg.2014.2346248,A5031057530,1,"[""I136199984"", ""I50627504""]",True
10.1109/tvcg.2014.2346248,A5066335313,2,"[""I136199984""]",True
10.1109/tvcg.2014.2346248,A5084459196,3,"[""I136199984"", ""I50627504""]",True
10.1109/tvcg.2014.2346248,A5005306821,4,"[""I2801851002"", ""I136199984""]",True
10.1109/tvcg.2014.2346248,A5043151044,5,"[""I50627504"", ""I136199984""]",True
10.1109/tvcg.2014.2346458,A5085342992,1,"[""I1282311441""]",True
10.1109/tvcg.2014.2346481,A5038705854,1,"[""I189712700""]",True
10.1109/tvcg.2014.2346481,A5028513822,2,"[""I189712700""]",True
10.1109/tvcg.2014.2346481,A5062766883,3,"[""I189712700""]",True
10.1109/tvcg.2014.2346481,A5064480048,4,"[""I189712700""]",True
10.1109/tvcg.2014.2346481,A5011528639,5,"[""I189712700""]",True
10.1109/tvcg.2014.2346481,A5073919282,6,"[""I189712700""]",True
10.1109/tvcg.2014.2346452,A5100745766,1,"[""I1306409833""]",True
10.1109/tvcg.2014.2346452,A5090570042,2,"[""I201448701""]",True
10.1109/tvcg.2014.2346298,A5036300289,1,"[""I135310074""]",True
10.1109/tvcg.2014.2346298,A5084778474,2,"[""I135310074""]",True
10.1109/tvcg.2014.2346321,A5037110552,1,"[""I129774422""]",True
10.1109/tvcg.2014.2346321,A5056214245,2,"[""I4210136249""]",True
10.1109/tvcg.2014.2346321,A5063965880,3,"[""I4432739""]",True
10.1109/tvcg.2014.2346321,A5000555892,4,"[""I1343190059""]",True
10.1109/tvcg.2014.2346321,A5060664606,5,"[""I129774422""]",True
10.1109/tvcg.2014.2346984,A5036872754,1,"[""I12356871"", ""I4210166784"", ""I102197404""]",True
10.1109/tvcg.2014.2346984,A5081437173,2,"[""I141945490""]",True
10.1109/tvcg.2014.2346984,A5102923390,3,[],True
10.1109/tvcg.2014.2346984,A5060725233,4,"[""I102197404"", ""I1326498283""]",True
10.1109/tvcg.2014.2346922,A5018820623,1,"[""I185261750""]",True
10.1109/tvcg.2014.2346922,A5000474356,2,"[""I4210109586""]",True
10.1109/tvcg.2014.2346922,A5119246991,3,"[""I4210109586""]",True
10.1109/tvcg.2014.2346922,A5100566791,4,"[""I4210114115""]",True
10.1109/tvcg.2014.2346922,A5042159546,5,"[""I170201317""]",True
10.1109/tvcg.2014.2346922,A5042382359,6,"[""I4210119257""]",True
10.1109/tvcg.2014.2346574,A5044079129,1,"[""I130701444""]",True
10.1109/tvcg.2014.2346574,A5053097987,2,"[""I1341412227""]",True
10.1109/tvcg.2014.2346574,A5077712580,3,"[""I114027177""]",True
10.1109/tvcg.2014.2346920,A5073986937,1,"[""I1290206253"", ""I4210164937""]",True
10.1109/tvcg.2014.2346920,A5038775008,2,"[""I4210164937"", ""I1290206253""]",True
10.1109/tvcg.2014.2346920,A5054181879,3,"[""I204983213""]",True
10.1109/tvcg.2014.2346920,A5107904995,4,"[""I99065089""]",True
10.1109/tvcg.2014.2346920,A5076423724,5,"[""I99065089""]",True
10.1109/tvcg.2014.2346979,A5087146581,1,"[""I121934306""]",True
10.1109/tvcg.2014.2346979,A5019781916,2,"[""I121934306""]",True
10.1109/tvcg.2014.2346979,A5043405353,3,"[""I111979921""]",True
10.1109/tvcg.2014.2346979,A5089451178,4,"[""I121934306""]",True
10.1109/tvcg.2014.2346455,A5031218830,1,"[""I223532165""]",True
10.1109/tvcg.2014.2346455,A5109840277,2,"[""I223532165""]",True
10.1109/tvcg.2014.2346455,A5103752748,3,"[""I223532165""]",True
10.1109/tvcg.2014.2346682,A5077712580,1,"[""I114027177""]",True
10.1109/tvcg.2014.2346682,A5026961816,2,"[""I1341412227""]",True
10.1109/tvcg.2014.2346482,A5038395206,1,"[""I57206974""]",True
10.1109/tvcg.2014.2346482,A5053097987,2,"[""I1341412227""]",True
10.1109/tvcg.2014.2346482,A5102923390,3,"[""I57206974""]",True
10.1109/tvcg.2014.2346419,A5063095344,1,"[""I57206974""]",True
10.1109/tvcg.2014.2346419,A5080627217,2,"[""I57206974""]",True
10.1109/tvcg.2014.2346419,A5007172071,3,"[""I57206974""]",True
10.1109/tvcg.2014.2346419,A5024801102,4,"[""I57206974""]",True
10.1109/tvcg.2014.2346419,A5059742070,5,"[""I57206974""]",True
10.1109/tvcg.2014.2346271,A5003854328,1,"[""I155781252""]",True
10.1109/tvcg.2014.2346271,A5076210591,2,"[""I155781252""]",True
10.1109/tvcg.2014.2346893,A5100660205,1,"[""I172675005""]",True
10.1109/tvcg.2014.2346893,A5054382056,2,"[""I172675005""]",True
10.1109/tvcg.2014.2346893,A5024427655,3,"[""I2972652528""]",True
10.1109/tvcg.2014.2346893,A5033988623,4,"[""I35440088""]",True
10.1109/tvcg.2014.2346893,A5091466289,5,"[""I200769079"", ""I889458895""]",True
10.1109/tvcg.2014.2346575,A5049577340,1,"[""I121934306""]",True
10.1109/tvcg.2014.2346575,A5083806955,2,"[""I121934306""]",True
10.1109/tvcg.2014.2346575,A5065885664,3,"[""I219193219"", ""I121934306""]",True
10.1109/tvcg.2014.2346575,A5105085040,4,"[""I121934306""]",True
10.1109/tvcg.2014.2346575,A5057374067,5,"[""I102149020""]",True
10.1109/tvcg.2014.2346575,A5064306421,6,"[""I142606810""]",True
10.1109/tvcg.2014.2346575,A5089451178,7,"[""I121934306""]",True
10.1109/tvcg.2014.2346919,A5101504537,1,"[""I55712492""]",True
10.1109/tvcg.2014.2346919,A5073986937,2,"[""I1290206253"", ""I4210164937""]",True
10.1109/tvcg.2014.2346919,A5038775008,3,"[""I4210164937"", ""I1290206253""]",True
10.1109/tvcg.2014.2346919,A5031082206,4,"[""I172675005""]",True
10.1109/tvcg.2014.2346919,A5049134847,5,"[""I168719708""]",True
10.1109/tvcg.2014.2346919,A5001531117,6,"[""I55712492""]",True
10.1109/tvcg.2014.2346441,A5033915778,1,"[""I83019370""]",True
10.1109/tvcg.2014.2346441,A5051025031,2,"[""I83019370""]",True
10.1109/tvcg.2014.2346578,A5004480742,1,"[""I1343190059""]",True
10.1109/tvcg.2014.2346578,A5000555892,2,"[""I1343190059""]",True
10.1109/tvcg.2014.2346578,A5078536303,3,"[""I121883995""]",True
10.1109/tvcg.2014.2346578,A5037110552,4,"[""I129774422""]",True
10.1109/tvcg.2014.2346578,A5042080340,5,"[""I121883995""]",True
10.1109/tvcg.2014.2346433,A5100653962,1,"[""I1290206253"", ""I4210164937""]",True
10.1109/tvcg.2014.2346433,A5038775008,2,"[""I1290206253"", ""I4210164937""]",True
10.1109/tvcg.2014.2346433,A5101866229,3,"[""I205237279""]",True
10.1109/tvcg.2014.2346433,A5052324728,4,"[""I76130692""]",True
10.1109/tvcg.2014.2346746,A5010061027,1,"[""I20231570""]",True
10.1109/tvcg.2014.2346746,A5091130051,2,"[""I20231570""]",True
10.1109/tvcg.2014.2346746,A5010444353,3,"[""I20231570""]",True
10.1109/tvcg.2014.2346746,A5038943746,4,"[""I20231570""]",True
10.1109/tvcg.2014.2346746,A5091466289,5,"[""I200769079"", ""I889458895""]",True
10.1109/tvcg.2014.2346746,A5036762116,6,"[""I4210134051""]",True
10.1109/tvcg.2014.2346746,A5019420039,7,"[""I4210134051""]",True
10.1109/tvcg.2014.2346446,A5004676508,1,"[""I95457486""]",True
10.1109/tvcg.2014.2346446,A5077436220,2,"[""I95457486""]",True
10.1109/tvcg.2014.2346446,A5034754633,3,"[""I36258959""]",True
10.1109/tvcg.2014.2346446,A5045835385,4,"[""I95457486""]",True
10.1109/tvcg.2014.2346660,A5103406484,1,"[""I145847075""]",True
10.1109/tvcg.2014.2346660,A5020665735,2,"[""I145847075""]",True
10.1109/tvcg.2014.2346660,A5000755776,3,"[""I4432739""]",True
10.1109/tvcg.2014.2346660,A5019622072,4,"[""I145847075""]",True
10.1109/tvcg.2014.2346660,A5057690103,5,"[""I145847075""]",True
10.1109/tvcg.2014.2346325,A5045224825,1,"[""I40347166""]",True
10.1109/tvcg.2014.2346325,A5035997603,2,"[""I1283103587"", ""I138006243""]",True
10.1109/tvcg.2014.2346291,A5086732355,1,"[""I154570441"", ""I111483173"", ""I20231570""]",True
10.1109/tvcg.2014.2346291,A5028885566,2,"[""I154570441""]",True
10.1109/tvcg.2014.2346291,A5038943746,3,"[""I20231570""]",True
10.1109/tvcg.2014.2346320,A5073731680,1,"[""I4210163771""]",True
10.1109/tvcg.2014.2346320,A5006232882,2,"[""I4210163771""]",True
10.1109/tvcg.2014.2346320,A5077148853,3,"[""I4210163771""]",True
10.1109/tvcg.2014.2346978,A5110823564,1,"[""I97018004""]",True
10.1109/tvcg.2014.2346978,A5076189854,2,"[""I97018004""]",True
10.1109/tvcg.2014.2346978,A5090570042,3,"[""I201448701""]",True
10.1109/tvcg.2014.2346594,A5101553508,1,"[""I76130692""]",True
10.1109/tvcg.2014.2346594,A5100344494,2,"[""I90727586"", ""I76130692""]",True
10.1109/tvcg.2014.2346594,A5076947913,3,"[""I76130692""]",True
10.1109/tvcg.2014.2346594,A5064929296,4,"[""I76130692""]",True
10.1109/tvcg.2014.2346594,A5027671723,5,"[""I76130692""]",True
10.1109/tvcg.2014.2346594,A5113676982,6,"[""I76130692"", ""I90727586""]",True
10.1109/tvcg.2014.2346594,A5039932090,7,"[""I75059550""]",True
10.1109/tvcg.2014.2346594,A5037161857,8,"[""I84218800""]",True
10.1109/tvcg.2014.2346573,A5024377336,1,"[""I212119943""]",True
10.1109/tvcg.2014.2346573,A5047827833,2,"[""I212119943""]",True
10.1109/tvcg.2014.2346445,A5038789350,1,"[""I102149020""]",True
10.1109/tvcg.2014.2346445,A5101621126,2,"[""I102149020""]",True
10.1109/tvcg.2014.2346445,A5059923148,3,"[""I102149020""]",True
10.1109/tvcg.2014.2346445,A5102759669,4,"[""I149910238""]",True
10.1109/tvcg.2014.2346331,A5009806341,1,"[""I223532165""]",True
10.1109/tvcg.2014.2346331,A5087990689,2,"[""I223532165""]",True
10.1109/tvcg.2014.2346331,A5076519275,3,"[""I223532165""]",True
10.1109/tvcg.2014.2346331,A5008627422,4,"[""I223532165""]",True
10.1109/vast.2014.7042493,A5087042012,1,"[""I135310074""]",True
10.1109/vast.2014.7042493,A5019950572,2,"[""I135310074""]",True
10.1109/vast.2014.7042493,A5033997618,3,"[""I135310074""]",True
10.1109/vast.2014.7042493,A5105473461,4,"[""I2801436432""]",True
10.1109/vast.2014.7042493,A5084778474,5,"[""I135310074""]",True
10.1109/tvcg.2014.2346292,A5071066797,1,"[""I1326498283"", ""I4210147894""]",True
10.1109/tvcg.2014.2346292,A5074985413,2,"[""I124055696"", ""I1326498283""]",True
10.1109/tvcg.2014.2346292,A5012561411,3,"[""I168635309""]",True
10.1109/tvcg.2014.2352953,A5047601205,1,"[""I8204097""]",True
10.1109/tvcg.2014.2352953,A5090247961,2,"[""I100532134"", ""I-1"", ""I1294671590""]",True
10.1109/tvcg.2014.2352953,A5013873009,3,"[""I8204097""]",True
10.1109/tvcg.2014.2352953,A5038523801,4,"[""I4210095297"", ""I4210135439""]",True
10.1109/tvcg.2014.2352953,A5063555642,5,"[""I8204097""]",True
10.1109/tvcg.2014.2346403,A5027862555,1,"[""I12356871"", ""I4210165912"", ""I1294671590"", ""I205703379""]",True
10.1109/tvcg.2014.2346403,A5057552402,2,"[""I39804081"", ""I4210098902""]",True
10.1109/tvcg.2014.2346403,A5090502474,3,"[""I182627622"", ""I39804081"", ""I51101395"", ""I4210098902""]",True
10.1109/tvcg.2014.2346403,A5036142396,4,"[""I182627622"", ""I4210098902"", ""I51101395"", ""I39804081""]",True
10.1109/tvcg.2014.2346403,A5074734666,5,"[""I12356871"", ""I1294671590"", ""I39804081""]",True
10.1109/tvcg.2014.2346926,A5114250719,1,"[""I219193219""]",True
10.1109/tvcg.2014.2346926,A5026799813,2,"[""I55732556""]",True
10.1109/tvcg.2014.2346926,A5085259428,3,"[""I55732556""]",True
10.1109/tvcg.2014.2346926,A5080392759,4,"[""I219193219""]",True
10.1109/tvcg.2014.2346926,A5018584803,5,"[""I219193219""]",True
10.1109/tvcg.2014.2346279,A5001649622,1,"[""I1326498283""]",True
10.1109/tvcg.2014.2346279,A5032305401,2,"[""I1326498283""]",True
10.1109/tvcg.2014.2346279,A5060725233,3,"[""I1326498283""]",True
10.1109/tvcg.2014.2346431,A5104038125,1,"[""I141945490""]",True
10.1109/tvcg.2014.2346431,A5045361309,2,"[""I141945490""]",True
10.1109/tvcg.2014.2346431,A5075221940,3,"[""I2801607516""]",True
10.1109/tvcg.2014.2346431,A5079916657,4,"[""I141945490""]",True
10.1109/tvcg.2014.2346448,A5101898507,1,"[""I62916508""]",True
10.1109/tvcg.2014.2346448,A5103649164,2,"[""I62916508""]",True
10.1109/tvcg.2014.2346448,A5029621326,3,"[""I62916508""]",True
10.1109/vast.2014.7042496,A5018820623,1,"[""I185261750""]",True
10.1109/vast.2014.7042496,A5103084682,2,"[""I4210085935""]",True
10.1109/vast.2014.7042496,A5100455958,3,"[""I4210085935""]",True
10.1109/vast.2014.7042496,A5054523299,4,"[""I4210085935""]",True
10.1109/tvcg.2014.2346312,A5049241635,1,"[""I71920554""]",True
10.1109/tvcg.2014.2346312,A5010238198,2,"[""I136199984""]",True
10.1109/tvcg.2014.2346312,A5084459196,3,"[""I136199984""]",True
10.1109/tvcg.2014.2346312,A5091300565,4,"[""I136199984"", ""I4210150141""]",True
10.1109/tvcg.2014.2346312,A5037495122,5,"[""I136199984"", ""I4210150141""]",True
10.1109/tvcg.2014.2346312,A5043151044,6,"[""I136199984""]",True
10.1109/tvcg.2014.2346312,A5008754293,7,"[""I71920554""]",True
10.1109/tvcg.2014.2346260,A5078536303,1,"[""I121883995""]",True
10.1109/tvcg.2014.2346260,A5066335313,2,"[""I136199984""]",True
10.1109/tvcg.2014.2346260,A5031057530,3,"[""I2801851002""]",True
10.1109/tvcg.2014.2346260,A5043151044,4,"[""I2801851002""]",True
10.1109/tvcg.2014.2346260,A5042080340,5,"[""I121883995""]",True
10.1109/tvcg.2014.2346424,A5029815396,1,"[""I4210167018"", ""I1326498283""]",True
10.1109/tvcg.2014.2346424,A5032305401,2,"[""I1326498283""]",True
10.1109/tvcg.2014.2346424,A5043405353,3,"[""I111979921""]",True
10.1109/vast.2014.7042494,A5038775008,1,"[""I4210113369""]",True
10.1109/vast.2014.7042494,A5101524540,2,"[""I99065089"", ""I4210113369""]",True
10.1109/vast.2014.7042494,A5100641283,3,"[""I136150977"", ""I99065089""]",True
10.1109/vast.2014.7042494,A5101184621,4,"[""I99065089""]",True
10.1109/vast.2014.7042494,A5101666011,5,"[""I4210113369""]",True
10.1109/vast.2014.7042480,A5040794392,1,"[""I189712700""]",True
10.1109/vast.2014.7042480,A5057823291,2,"[""I189712700""]",True
10.1109/vast.2014.7042480,A5101894423,3,"[""I189712700""]",True
10.1109/vast.2014.7042480,A5016219620,4,"[""I189712700""]",True
10.1109/tvcg.2014.2346449,A5033801646,1,"[""I57206974""]",True
10.1109/tvcg.2014.2346449,A5065868869,2,"[""I57206974""]",True
10.1109/tvcg.2014.2346449,A5087781429,3,"[""I57206974""]",True
10.1109/tvcg.2014.2346449,A5006773757,4,"[""I57206974""]",True
10.1109/tvcg.2014.2346449,A5003584200,5,"[""I57206974""]",True
10.1109/tvcg.2014.2346249,A5005223951,1,"[""I130701444"", ""I2800444561""]",True
10.1109/tvcg.2014.2346249,A5071893913,2,"[""I2800444561"", ""I130701444""]",True
10.1109/tvcg.2014.2346249,A5034115460,3,"[""I2802536742""]",True
10.1109/tvcg.2014.2346249,A5082668404,4,"[""I130701444"", ""I2800444561""]",True
10.1109/vast.2014.7042477,A5071723951,1,"[""I189712700""]",True
10.1109/vast.2014.7042477,A5038705854,2,"[""I189712700""]",True
10.1109/vast.2014.7042477,A5001617768,3,"[""I189712700""]",True
10.1109/vast.2014.7042477,A5016219620,4,"[""I189712700""]",True
10.1109/vast.2014.7042477,A5073919282,5,"[""I189712700""]",True
10.1109/vast.2014.7042477,A5036489223,6,"[""I189712700""]",True
10.1109/vast.2014.7042492,A5084575646,1,"[""I859038795""]",True
10.1109/vast.2014.7042492,A5037675411,2,"[""I859038795""]",True
10.1109/vast.2014.7042492,A5113555684,3,"[""I859038795""]",True
10.1109/vast.2014.7042492,A5062711342,4,"[""I859038795""]",True
10.1109/tvcg.2014.2346454,A5102959274,1,"[""I139264467""]",True
10.1109/tvcg.2014.2346454,A5082209298,2,"[""I139264467""]",True
10.1109/tvcg.2014.2346454,A5102823810,3,"[""I139264467""]",True
10.1109/tvcg.2014.2346454,A5111648214,4,"[""I2803058125""]",True
10.1109/tvcg.2014.2346454,A5012388103,5,"[""I139264467""]",True
10.1109/tvcg.2014.2346426,A5001876683,1,"[""I189712700""]",True
10.1109/tvcg.2014.2346426,A5024860629,2,"[""I102197404"", ""I1326498283""]",True
10.1109/tvcg.2014.2346426,A5089688638,3,"[""I1294671590"", ""I102197404"", ""I4210144804"", ""I204730241""]",True
10.1109/tvcg.2014.2346426,A5002279044,4,"[""I189712700""]",True
10.1109/tvcg.2014.2346426,A5059742070,5,[],True
10.1109/tvcg.2014.2346913,A5106723036,1,"[""I76130692""]",True
10.1109/tvcg.2014.2346913,A5100432606,2,"[""I76130692""]",True
10.1109/tvcg.2014.2346913,A5101250362,3,"[""I76130692""]",True
10.1109/tvcg.2014.2346913,A5059923148,4,"[""I102149020""]",True
10.1109/tvcg.2014.2346913,A5056294184,5,"[""I103406327""]",True
10.1109/tvcg.2014.2346913,A5032694211,6,"[""I102149020""]",True
10.1109/tvcg.2014.2346371,A5062859783,1,"[""I136199984""]",True
10.1109/tvcg.2014.2346371,A5029224773,2,"[""I136199984"", ""I4210150141""]",True
10.1109/tvcg.2014.2346371,A5102392400,3,"[""I97018004""]",True
10.1109/tvcg.2014.2346371,A5010238198,4,"[""I136199984""]",True
10.1109/tvcg.2014.2346371,A5091300565,5,"[""I4210150141"", ""I136199984""]",True
10.1109/tvcg.2014.2346371,A5037495122,6,"[""I136199984"", ""I4210150141""]",True
10.1109/tvcg.2014.2346371,A5043151044,7,"[""I136199984""]",True
10.1109/tvcg.2014.2346250,A5061476653,1,"[""I39470171""]",True
10.1109/tvcg.2014.2346250,A5042382359,2,"[""I39470171""]",True
10.1109/tvcg.2014.2346677,A5102902131,1,"[""I100066346""]",True
10.1109/tvcg.2014.2346677,A5112771943,2,"[""I100066346""]",True
10.1109/tvcg.2014.2346677,A5080127688,3,"[""I100066346""]",True
10.1109/tvcg.2014.2346677,A5108128870,4,"[""I100066346""]",True
10.1109/tvcg.2014.2346677,A5038629539,5,"[""I100066346""]",True
10.1109/tvcg.2014.2346277,A5022317482,1,"[""I1322731696""]",True
10.1109/tvcg.2014.2346277,A5070909977,2,"[""I1322731696""]",True
10.1109/tvcg.2014.2346265,A5065040154,1,"[""I180825142""]",True
10.1109/tvcg.2014.2346265,A5071681891,2,"[""I180825142""]",True
10.1109/tvcg.2014.2346265,A5000755776,3,"[""I4432739""]",True
10.1109/tvcg.2014.2346265,A5048992354,4,"[""I180825142""]",True
10.1109/tvcg.2014.2346265,A5079369129,5,"[""I180825142""]",True
10.1109/tvcg.2014.2346422,A5079272514,1,"[""I138006243""]",True
10.1109/tvcg.2014.2346422,A5074161314,2,"[""I138006243""]",True
10.1109/tvcg.2014.2346422,A5003147292,3,"[""I138006243""]",True
10.1109/tvcg.2014.2346422,A5068784452,4,"[""I592451""]",True
10.1109/vast.2014.7042495,A5029506224,1,"[""I55732556""]",True
10.1109/vast.2014.7042495,A5113517476,2,"[""I100066346""]",True
10.1109/vast.2014.7042495,A5078390327,3,"[""I100066346""]",True
10.1109/vast.2014.7042495,A5101513179,4,"[""I55732556""]",True
10.1109/vast.2014.7042495,A5102902131,5,"[""I100066346""]",True
10.1109/vast.2014.7042495,A5038629539,6,"[""I100066346""]",True
10.1109/vast.2014.7042495,A5026799813,7,"[""I55732556""]",True
10.1109/vast.2014.7042478,A5031598846,1,"[""I-1"", ""I57206974""]",True
10.1109/vast.2014.7042478,A5022618145,2,"[""I57206974""]",True
10.1109/vast.2014.7042478,A5064720873,3,"[""I57206974""]",True
10.1109/vast.2014.7042478,A5003584200,4,"[""I57206974""]",True
10.1109/tvcg.2014.2346591,A5007265753,1,"[""I95793202""]",True
10.1109/tvcg.2014.2346591,A5004833443,2,"[""I95793202""]",True
10.1109/tvcg.2014.2346591,A5005017697,3,"[""I95793202""]",True
10.1109/tvcg.2014.2346591,A5060570293,4,"[""I36522303""]",True
10.1109/tvcg.2014.2346591,A5011709769,5,"[""I36522303""]",True
10.1109/tvcg.2014.2346591,A5034699298,6,"[""I95793202""]",True
10.1109/tvcg.2014.2346456,A5009771339,1,"[""I84218800""]",True
10.1109/tvcg.2014.2346456,A5019902487,2,"[""I1282311441""]",True
10.1109/tvcg.2014.2346456,A5082739993,3,"[""I84218800""]",True
10.1109/tvcg.2014.2346456,A5007709486,4,"[""I1282311441""]",True
10.1109/tvcg.2014.2346456,A5081506338,5,"[""I1282311441""]",True
10.1109/tvcg.2014.2346456,A5045289712,6,"[""I1282311441""]",True
10.1109/tvcg.2014.2346456,A5077191719,7,"[""I84218800""]",True
10.1109/tvcg.2014.2346435,A5013294330,1,"[""I1326498283""]",True
10.1109/tvcg.2014.2346435,A5079469658,2,"[""I1326498283""]",True
10.1109/tvcg.2014.2346435,A5060725233,3,"[""I1326498283""]",True
10.1109/tvcg.2014.2346435,A5024860629,4,"[""I1326498283""]",True
10.1109/vast.2014.7042486,A5100455919,1,"[""I76130692"", ""I173759888""]",True
10.1109/vast.2014.7042486,A5100344522,2,"[""I76130692""]",True
10.1109/vast.2014.7042486,A5103783835,3,"[""I76130692""]",True
10.1109/vast.2014.7042486,A5102759669,4,"[""I149910238""]",True
10.1109/vast.2014.7042486,A5101886244,5,"[""I76130692""]",True
10.1109/vast.2014.7042486,A5025675252,6,"[""I76130692""]",True
10.1109/vast.2014.7042486,A5057996752,7,"[""I76130692""]",True
10.1109/vast.2014.7042486,A5001531117,8,"[""I55712492""]",True
10.1109/vast.2014.7042486,A5059021869,9,"[""I76130692""]",True
10.1109/tvcg.2014.2346293,A5069672953,1,"[""I175594653""]",True
10.1109/tvcg.2014.2346293,A5088301806,2,"[""I175594653""]",True
10.1109/tvcg.2014.2346293,A5010119044,3,"[""I4210164937"", ""I1290206253""]",True
10.1109/tvcg.2014.2346626,A5052168991,1,"[""I145847075"", ""I132118926""]",True
10.1109/tvcg.2014.2346626,A5033949117,2,"[""I132118926""]",True
10.1109/tvcg.2014.2346626,A5109928029,3,"[""I145847075""]",True
10.1109/tvcg.2014.2346626,A5113153568,4,"[""I62916508"", ""I145847075""]",True
10.1109/tvcg.2014.2346434,A5047677160,1,"[""I223532165"", ""I4210106889""]",True
10.1109/tvcg.2014.2346434,A5027862555,2,"[""I12356871"", ""I205703379"", ""I4210165912"", ""I1294671590""]",True
10.1109/tvcg.2014.2346434,A5070956346,3,"[""I8078737""]",True
10.1109/tvcg.2014.2346434,A5074734666,4,"[""I39804081"", ""I205703379"", ""I4210165912"", ""I1294671590""]",True
10.1109/tvcg.2014.2346434,A5009460413,5,"[""I223532165""]",True
10.1109/tvcg.2014.2346332,A5028120148,1,"[""I59270414""]",True
10.1109/tvcg.2014.2346332,A5083989376,2,"[""I59270414""]",True
10.1109/tvcg.2014.2346276,A5023335806,1,"[""I4210131883"", ""I4210092357""]",True
10.1109/tvcg.2014.2346276,A5022443405,2,"[""I4210092357"", ""I4210131883""]",True
10.1109/tvcg.2014.2346276,A5030165309,3,"[""I4210092357"", ""I4210131883""]",True
10.1109/tvcg.2014.2346276,A5053780707,4,"[""I4210092357"", ""I4210131883""]",True
10.1109/tvcg.2014.2346276,A5009099532,5,"[""I4210131883"", ""I4210092357""]",True
10.1109/vast.2014.7042476,A5089660348,1,"[""I887064364""]",True
10.1109/vast.2014.7042476,A5070684680,2,"[""I887064364""]",True
10.1109/tvcg.2014.2346323,A5048992354,1,"[""I180825142""]",True
10.1109/tvcg.2014.2346323,A5089220047,2,"[""I180825142""]",True
10.1109/tvcg.2014.2346323,A5079369129,3,"[""I180825142""]",True
10.1109/tvcg.2014.2346898,A5086311840,1,"[""I4390039265"", ""I132369690""]",True
10.1109/tvcg.2014.2346898,A5018563316,2,"[""I132369690"", ""I4390039265""]",True
10.1109/tvcg.2014.2346898,A5034823980,3,"[""I162868743""]",True
10.1109/tvcg.2014.2346898,A5024269875,4,"[""I162868743""]",True
10.1109/tvcg.2014.2346898,A5009147066,5,"[""I162868743""]",True
10.1109/tvcg.2014.2346898,A5101998785,6,"[""I162868743""]",True
10.1109/tvcg.2014.2346898,A5101588019,7,"[""I162868743""]",True
10.1109/tvcg.2014.2346898,A5038943746,8,"[""I20231570"", ""I111483173""]",True
10.1109/tvcg.2014.2346665,A5030293804,1,"[""I859038795""]",True
10.1109/tvcg.2014.2346665,A5037675411,2,"[""I859038795""]",True
10.1109/tvcg.2014.2346665,A5035052603,3,"[""I859038795""]",True
10.1109/tvcg.2014.2346912,A5075947472,1,"[""I889458895"", ""I200769079""]",True
10.1109/tvcg.2014.2346912,A5073986937,2,"[""I4210113369""]",True
10.1109/tvcg.2014.2346912,A5038775008,3,"[""I4210113369""]",True
10.1109/tvcg.2014.2346912,A5019444857,4,"[""I180726961""]",True
10.1109/tvcg.2014.2346912,A5091466289,5,"[""I200769079"", ""I889458895""]",True
10.1109/tvcg.2014.2346572,A5032280607,1,"[""I39422238""]",True
10.1109/tvcg.2014.2346572,A5015516607,2,"[""I97750245"", ""I39422238""]",True
10.1109/tvcg.2014.2346352,A5061106600,1,"[""I145847075""]",True
10.1109/tvcg.2014.2346352,A5016122563,2,"[""I145847075""]",True
10.1109/tvcg.2014.2346352,A5109057211,3,"[""I145847075""]",True
10.1109/tvcg.2014.2346352,A5075773750,4,"[""I1343190059"", ""I145847075""]",True
10.1109/tvcg.2014.2346352,A5022294742,5,"[""I145847075""]",True
10.1109/tvcg.2014.2346322,A5010051306,1,"[""I48566637""]",True
10.1109/tvcg.2014.2346322,A5026632459,2,"[""I48566637""]",True
10.1109/tvcg.2014.2346322,A5055052124,3,"[""I48566637""]",True
10.1109/tvcg.2014.2346322,A5069605631,4,"[""I2801851002""]",True
10.1109/tvcg.2014.2346322,A5043151044,5,"[""I2801851002""]",True
10.1109/tvcg.2014.2346322,A5025485089,6,"[""I48566637""]",True
10.1109/tvcg.2014.2346744,A5000695313,1,"[""I1343190059""]",True
10.1109/tvcg.2014.2346744,A5056069234,2,"[""I859038795""]",True
10.1109/tvcg.2014.2346744,A5023631793,3,"[""I1343190059""]",True
10.1109/tvcg.2014.2346744,A5007628057,4,[],True
10.1109/tvcg.2014.2346744,A5009565764,5,"[""I1343190059""]",True
10.1109/tvcg.2014.2346744,A5000755776,6,"[""I4432739""]",True
10.1109/tvcg.2014.2346744,A5075773750,7,"[""I145847075""]",True
10.1109/tvcg.2014.2346420,A5073935117,1,"[""I4210112998"", ""I100066346""]",True
10.1109/tvcg.2014.2346420,A5108450802,2,"[""I4210112998"", ""I100066346""]",True
10.1109/tvcg.2014.2346420,A5042031329,3,"[""I100066346"", ""I4210112998""]",True
10.1109/tvcg.2014.2346983,A5054793421,1,"[""I175594653""]",True
10.1109/tvcg.2014.2346983,A5050640461,2,"[""I27804330""]",True
10.1109/tvcg.2014.2346983,A5030179454,3,"[""I175594653""]",True
10.1109/tvcg.2014.2346406,A5113706488,1,[],True
10.1109/tvcg.2014.2346406,A5005017697,2,[],True
10.1109/tvcg.2014.2346406,A5112198072,3,"[""I4210138551""]",True
10.1109/tvcg.2014.2346406,A5020980773,4,"[""I4210138551""]",True
10.1109/tvcg.2014.2346406,A5034699298,5,[],True
10.1109/tvcg.2014.2346319,A5052673631,1,"[""I100066346""]",True
10.1109/tvcg.2014.2346319,A5011941798,2,"[""I100066346""]",True
10.1109/tvcg.2014.2346319,A5037161857,3,"[""I84218800""]",True
10.1109/tvcg.2014.2346319,A5038629539,4,"[""I100066346""]",True
10.1109/tvcg.2014.2346432,A5027862555,1,"[""I12356871"", ""I1294671590"", ""I4210165912"", ""I205703379""]",True
10.1109/tvcg.2014.2346432,A5060647975,2,"[""I78577930""]",True
10.1109/tvcg.2014.2346432,A5040080342,3,"[""I157556583""]",True
10.1109/tvcg.2014.2346432,A5058028526,4,"[""I4210109712"", ""I149899117""]",True
10.1109/tvcg.2014.2346432,A5064927253,5,"[""I35440088""]",True
10.1109/tvcg.2014.2346432,A5082234726,6,"[""I4210109712"", ""I149899117""]",True
10.1109/tvcg.2014.2346324,A5007690930,1,"[""I71920554""]",True
10.1109/tvcg.2014.2346324,A5087449583,2,"[""I62318514""]",True
10.1109/tvcg.2014.2346324,A5060664606,3,"[""I129774422""]",True
10.1109/tvcg.2014.2346324,A5008754293,4,"[""I71920554""]",True
10.1109/tvcg.2014.2346318,A5072700322,1,"[""I71920554"", ""I4210099236""]",True
10.1109/tvcg.2014.2346318,A5063965880,2,"[""I4432739""]",True
10.1109/tvcg.2014.2346318,A5109928029,3,"[""I145847075"", ""I1343190059""]",True
10.1109/tvcg.2014.2346318,A5008754293,4,"[""I71920554"", ""I4210099236""]",True
10.1109/vast.2014.7042484,A5111532092,1,"[""I219193219""]",True
10.1109/vast.2014.7042484,A5045256341,2,"[""I219193219""]",True
10.1109/vast.2014.7042484,A5047314988,3,"[""I40120149""]",True
10.1109/vast.2014.7042484,A5100397725,4,"[""I219193219""]",True
10.1109/vast.2014.7042484,A5061467967,5,"[""I219193219""]",True
10.1109/vast.2014.7042484,A5114250719,6,"[""I219193219""]",True
10.1109/vast.2014.7042484,A5010660324,7,"[""I28777354""]",True
10.1109/vast.2014.7042484,A5100337178,8,"[""I40120149""]",True
10.1109/vast.2014.7042484,A5018584803,9,"[""I219193219""]",True
10.1109/tvcg.2014.2346751,A5025660411,1,"[""I4210152878""]",True
10.1109/tvcg.2014.2346751,A5067631224,2,"[""I4210152878""]",True
10.1109/tvcg.2014.2346751,A5001598072,3,"[""I4210152878""]",True
10.1109/tvcg.2014.2346751,A5065053120,4,"[""I4210152878"", ""I39343248""]",True
10.1109/tvcg.2014.2346333,A5051590071,1,"[""I102335020""]",True
10.1109/tvcg.2014.2346333,A5011941798,2,"[""I100066346""]",True
10.1109/tvcg.2014.2346333,A5026357260,3,"[""I102335020""]",True
10.1109/tvcg.2014.2346333,A5073619125,4,"[""I100066346""]",True
10.1109/tvcg.2014.2346755,A5029317616,1,"[""I57206974""]",True
10.1109/tvcg.2014.2346755,A5051193196,2,"[""I57206974"", ""I4210092460""]",True
10.1109/tvcg.2014.2346755,A5022921031,3,"[""I1289243028""]",True
10.1109/tvcg.2014.2346755,A5005800477,4,"[""I1313416372""]",True
10.1109/tvcg.2014.2346755,A5036750358,5,"[""I203172682""]",True
10.1109/tvcg.2014.2346755,A5020913003,6,"[""I203172682""]",True
10.1109/tvcg.2014.2346755,A5061485712,7,"[""I1289243028""]",True
10.1109/tvcg.2014.2346755,A5102923390,8,"[""I57206974""]",True
10.1109/tvcg.2014.2346755,A5003584200,9,"[""I57206974""]",True
10.1109/tvcg.2014.2346418,A5054749881,1,"[""I20231570""]",True
10.1109/tvcg.2014.2346418,A5100422950,2,"[""I20231570""]",True
10.1109/tvcg.2014.2346418,A5101457725,3,"[""I20231570""]",True
10.1109/tvcg.2014.2346418,A5100396549,4,"[""I20231570""]",True
10.1109/tvcg.2014.2346418,A5038943746,5,"[""I20231570""]",True
10.1109/tvcg.2014.2346418,A5041484012,6,"[""I75027704""]",True
10.1109/tvcg.2014.2346418,A5047368502,7,"[""I4210165734""]",True
10.1109/tvcg.2014.2346418,A5026533187,8,"[""I4210158984""]",True
10.1109/vast.2014.7042487,A5051520705,1,"[""I113979032""]",True
10.1109/vast.2014.7042487,A5082997975,2,"[""I113979032""]",True
10.1109/vast.2014.7042482,A5046501868,1,"[""I175594653""]",True
10.1109/vast.2014.7042482,A5101564894,2,"[""I175594653""]",True
10.1109/vast.2014.7042482,A5050064511,3,"[""I4210118379""]",True
10.1109/vast.2014.7042482,A5030179454,4,"[""I175594653""]",True
10.1109/tvcg.2014.2346423,A5035642992,1,"[""I84218800""]",True
10.1109/tvcg.2014.2346423,A5020745360,2,"[""I114395901""]",True
10.1109/tvcg.2014.2346423,A5037161857,3,"[""I84218800""]",True
10.1109/tvcg.2014.2346752,A5003116261,1,"[""I4092182""]",True
10.1109/tvcg.2014.2346752,A5031057530,2,"[""I2801851002""]",True
10.1109/tvcg.2014.2346752,A5042080340,3,"[""I121883995""]",True
10.1109/tvcg.2014.2346752,A5084459196,4,"[""I2801851002""]",True
10.1109/tvcg.2014.2346752,A5023868486,5,"[""I1283582996"", ""I4400600974"", ""I4210092929""]",True
10.1109/tvcg.2014.2346752,A5043151044,6,"[""I2801851002""]",True
10.1109/tvcg.2014.2346752,A5048047909,7,"[""I4092182""]",True
10.1109/tvcg.2014.2346416,A5101724996,1,"[""I20231570""]",True
10.1109/tvcg.2014.2346416,A5022674514,2,"[""I20231570""]",True
10.1109/tvcg.2014.2346416,A5054749881,3,"[""I20231570""]",True
10.1109/tvcg.2014.2346416,A5091549680,4,"[""I170215575""]",True
10.1109/tvcg.2014.2346416,A5038943746,5,"[""I20231570""]",True
10.1109/tvcg.2014.2346416,A5073968910,6,"[""I170215575""]",True
10.1109/tvcg.2014.2346258,A5008620772,1,"[""I182083151""]",True
10.1109/tvcg.2014.2346258,A5003817684,2,"[""I182083151""]",True
10.1109/vast.2014.7042489,A5062642598,1,"[""I162868743""]",True
10.1109/vast.2014.7042489,A5100432244,2,"[""I162577319""]",True
10.1109/vast.2014.7042489,A5005604730,3,"[""I162868743""]",True
10.1109/vast.2014.7042483,A5024369374,1,"[""I176453806"", ""I2800638415""]",True
10.1109/vast.2014.7042483,A5056087167,2,"[""I2800638415"", ""I176453806""]",True
10.1109/vast.2014.7042483,A5010322498,3,"[""I176453806"", ""I2800638415""]",True
10.1109/vast.2014.7042483,A5067274220,4,"[""I176453806"", ""I2800638415""]",True
10.1109/vast.2014.7042483,A5063698637,5,"[""I2800638415"", ""I176453806""]",True
10.1109/tvcg.2014.2346930,A5004303224,1,"[""I1343190059""]",True
10.1109/tvcg.2014.2346930,A5030890781,2,"[""I1343190059""]",True
10.1109/tvcg.2014.2346930,A5083386256,3,"[""I1343190059""]",True
10.1109/tvcg.2014.2346930,A5040756833,4,"[""I1343190059""]",True
10.1109/tvcg.2014.2346930,A5063536272,5,"[""I145847075""]",True
10.1109/tvcg.2014.2346930,A5025194066,6,"[""I145847075""]",True
10.1109/tvcg.2014.2346930,A5109928029,7,"[""I145847075""]",True
10.1109/tvcg.2014.2346311,A5054070013,1,"[""I149899117"", ""I4210109712""]",True
10.1109/tvcg.2014.2346311,A5008806729,2,"[""I4210109712"", ""I149899117""]",True
10.1109/tvcg.2014.2346311,A5003084232,3,"[""I149899117"", ""I4210109712""]",True
10.1109/tvcg.2014.2346311,A5058028526,4,"[""I4210109712"", ""I149899117""]",True
10.1109/tvcg.2014.2346311,A5020901971,5,"[""I4210109712"", ""I149899117""]",True
10.1109/tvcg.2014.2346747,A5109286843,1,"[""I219193219""]",True
10.1109/tvcg.2014.2346747,A5034277315,2,"[""I219193219""]",True
10.1109/tvcg.2014.2346747,A5066017612,3,"[""I219193219""]",True
10.1109/tvcg.2014.2346747,A5100363117,4,"[""I219193219""]",True
10.1109/tvcg.2014.2346747,A5005677522,5,"[""I219193219""]",True
10.1109/tvcg.2014.2346747,A5080609957,6,"[""I4210105678"", ""I1290206253""]",True
10.1109/tvcg.2014.2346747,A5061850907,7,"[""I4210105678"", ""I1290206253""]",True
10.1109/tvcg.2014.2346747,A5056968920,8,"[""I162714631""]",True
10.1109/tvcg.2014.2346415,A5088860259,1,"[""I95793202""]",True
10.1109/tvcg.2014.2346415,A5039626800,2,"[""I95793202""]",True
10.1109/vast.2014.7042491,A5000622960,1,"[""I145847075""]",True
10.1109/vast.2014.7042491,A5044929406,2,"[""I145847075""]",True
10.1109/vast.2014.7042491,A5026092541,3,"[""I145847075""]",True
10.1109/vast.2014.7042491,A5040396291,4,"[""I145847075""]",True
10.1109/vast.2014.7042491,A5109928029,5,"[""I145847075""]",True
10.1109/vast.2014.7042491,A5063965880,6,"[""I4432739""]",True
10.1109/tvcg.2014.2346743,A5114013709,1,"[""I173498003""]",True
10.1109/tvcg.2014.2346743,A5108605811,2,"[""I173498003""]",True
10.1109/tvcg.2014.2346743,A5033859339,3,"[""I173498003""]",True
10.1109/tvcg.2014.2346743,A5112623572,4,"[""I173498003""]",True
10.1109/tvcg.2014.2346743,A5103547404,5,"[""I173498003""]",True
10.1109/tvcg.2014.2346447,A5085509176,1,"[""I4387152675"", ""I153267046""]",True
10.1109/tvcg.2014.2346447,A5040165209,2,"[""I35440088""]",True
10.1109/tvcg.2014.2346447,A5071898071,3,"[""I4387152675"", ""I153267046""]",True
10.1109/tvcg.2014.2346444,A5044079129,1,"[""I130701444""]",True
10.1109/tvcg.2014.2346444,A5042350842,2,"[""I130701444""]",True
10.1109/tvcg.2014.2346444,A5057291277,3,"[""I130701444""]",True
10.1109/tvcg.2014.2346444,A5066809273,4,"[""I130701444""]",True
10.1109/tvcg.2014.2346444,A5036714503,5,"[""I130701444""]",True
10.1109/tvcg.2014.2346444,A5082668404,6,"[""I130701444""]",True
10.1109/tvcg.2014.2346444,A5020153026,7,"[""I130701444""]",True
10.1109/vast.2014.7042490,A5051526027,1,"[""I200769079"", ""I889458895""]",True
10.1109/vast.2014.7042490,A5108098662,2,"[""I889458895"", ""I200769079""]",True
10.1109/vast.2014.7042490,A5091466289,3,"[""I200769079"", ""I889458895""]",True
10.1109/vast.2014.7042490,A5100740616,4,"[""I76130692""]",True
10.1109/vast.2014.7042490,A5110321988,5,"[""I1343190059"", ""I145847075""]",True
10.1109/vast.2014.7042490,A5021357065,6,"[""I889458895"", ""I200769079""]",True
10.1109/tvcg.2014.2346998,A5072051036,1,"[""I137902535""]",True
10.1109/tvcg.2014.2346998,A5016365293,2,"[""I137902535""]",True
10.1109/tvcg.2014.2346754,A5002000124,1,"[""I56858762""]",True
10.1109/tvcg.2014.2346754,A5006074260,2,"[""I56858762""]",True
10.1109/tvcg.2014.2346754,A5033303417,3,"[""I56858762""]",True
10.1109/tvcg.2014.2346754,A5051753754,4,"[""I56858762""]",True
10.1109/tvcg.2014.2346754,A5073803727,5,"[""I56858762""]",True
10.1109/tvcg.2014.2346754,A5110321988,6,"[""I145847075""]",True
10.1109/tvcg.2014.2346754,A5000695313,7,"[""I1343190059""]",True
10.1109/tvcg.2014.2346451,A5113743668,1,"[""I2800403580""]",True
10.1109/tvcg.2014.2346451,A5011596114,2,"[""I2800403580""]",True
10.1109/tvcg.2014.2346451,A5056511545,3,"[""I2800403580""]",True
10.1109/tvcg.2014.2346451,A5079223076,4,"[""I51342185""]",True
10.1109/tvcg.2014.2346451,A5059070871,5,"[""I2800403580"", ""I4210125099""]",True
10.1109/tvcg.2014.2346451,A5009322499,6,"[""I901242617""]",True
10.1109/tvcg.2014.2346451,A5017357094,7,"[""I2800403580""]",True
10.1109/tvcg.2014.2346451,A5058360336,8,"[""I2800403580""]",True
10.1109/tvcg.2014.2346405,A5050127998,1,"[""I4210153902""]",True
10.1109/tvcg.2014.2346405,A5091339389,2,"[""I4210153902""]",True
10.1109/tvcg.2014.2346405,A5024750744,3,"[""I4210153902""]",True
10.1109/tvcg.2014.2346405,A5074051310,4,"[""I4210153902""]",True
10.1109/tvcg.2014.2346405,A5034699298,5,"[""I95793202""]",True
10.1109/tvcg.2014.2346405,A5053580386,6,"[""I181369854""]",True
10.1109/vast.2014.7042488,A5043908299,1,"[""I4210101743"", ""I19894307""]",True
10.1109/vast.2014.7042488,A5074826919,2,[],True
10.1109/vast.2014.7042488,A5089101881,3,"[""I19894307"", ""I4210120727""]",True
10.1109/vast.2014.7042488,A5075850097,4,"[""I4210100283""]",True
10.1109/vast.2014.7042488,A5013533653,5,"[""I4210101743"", ""I19894307""]",True
10.1109/vast.2014.7042488,A5044017846,6,"[""I19894307"", ""I4210101743""]",True
10.1109/vast.2014.7042488,A5070473813,7,"[""I19894307"", ""I4210101743""]",True
10.1109/vast.2014.7042488,A5075318719,8,[],True
10.1109/vast.2014.7042488,A5105350004,9,"[""I22248866""]",True
10.1109/vast.2014.7042488,A5041047826,10,"[""I4210120727""]",True
10.1109/tvcg.2014.2346753,A5100604885,1,"[""I57206974""]",True
10.1109/tvcg.2014.2346753,A5033801646,2,"[""I57206974""]",True
10.1109/tvcg.2014.2346753,A5100329909,3,"[""I4210151791""]",True
10.1109/tvcg.2014.2346753,A5002268742,4,"[""I4210151791""]",True
10.1109/tvcg.2014.2346753,A5072790987,5,"[""I4210151791""]",True
10.1109/tvcg.2014.2346753,A5072183933,6,"[""I4210151791""]",True
10.1109/tvcg.2014.2346753,A5044776929,7,"[""I205783295""]",True
10.1109/tvcg.2014.2346753,A5055203249,8,"[""I4210151791""]",True
10.1109/tvcg.2014.2346753,A5108718797,9,"[""I57206974""]",True
10.1109/tvcg.2014.2346428,A5031596501,1,"[""I39586589""]",True
10.1109/tvcg.2014.2346428,A5017149822,2,"[""I39586589""]",True
10.1109/tvcg.2014.2346428,A5028781666,3,"[""I39586589""]",True
10.1109/tvcg.2014.2346404,A5072697451,1,"[""I195893171""]",True
10.1109/tvcg.2014.2346404,A5012693590,2,"[""I195893171""]",True
10.1109/tvcg.2014.2346404,A5091630951,3,"[""I195893171""]",True
10.1109/tvcg.2014.2346411,A5090554299,1,"[""I66946132""]",True
10.1109/tvcg.2014.2346411,A5004467381,2,"[""I126744593""]",True
10.1109/tvcg.2014.2346411,A5083023771,3,"[""I126744593""]",True
10.1109/tvcg.2014.2346411,A5086440196,4,"[""I66946132""]",True
10.1109/tvcg.2014.2346911,A5020791375,1,"[""I219193219""]",True
10.1109/tvcg.2014.2346911,A5007123290,2,"[""I4210142429"", ""I86519309""]",True
10.1109/tvcg.2014.2346911,A5107329767,3,"[""I130238516""]",True
10.1109/tvcg.2014.2346911,A5105359225,4,"[""I102149020""]",True
10.1109/tvcg.2014.2346911,A5110208682,5,"[""I102149020""]",True
10.1109/tvcg.2014.2346911,A5018584803,6,"[""I219193219""]",True
10.1109/tvcg.2014.2346911,A5065885664,7,"[""I219193219""]",True
10.1109/tvcg.2014.2346911,A5115593642,8,"[""I76130692""]",True
10.1109/tvcg.2014.2346911,A5045256341,9,"[""I219193219""]",True
10.1109/tvcg.2014.2346911,A5100357631,10,"[""I102149020""]",True
10.1109/tvcg.2014.2346911,A5105295332,11,"[""I86519309"", ""I4388891828""]",True
10.1109/tvcg.2014.2346911,A5034277315,12,"[""I219193219""]",True
10.1109/tvcg.2014.2346911,A5086442093,13,"[""I130238516""]",True
10.1109/tvcg.2014.2346911,A5086899416,14,"[""I130238516""]",True
10.1109/tvcg.2014.2346459,A5113721582,1,"[""I202697423""]",True
10.1109/tvcg.2014.2346459,A5024674943,2,"[""I1288882113"", ""I4210100468""]",True
10.1109/tvcg.2014.2346459,A5006032614,3,"[""I35440088"", ""I5124864""]",True
10.1109/tvcg.2014.2346459,A5027583201,4,"[""I35440088"", ""I5124864""]",True
10.1109/tvcg.2014.2346459,A5102870124,5,"[""I2800628709""]",True
10.1109/tvcg.2014.2346459,A5018896453,6,"[""I1288882113"", ""I4210100468""]",True
10.1109/tvcg.2014.2346459,A5013945827,7,"[""I202697423""]",True
10.1109/tvcg.2014.2346351,A5069939725,1,"[""I102134673""]",True
10.1109/tvcg.2014.2346351,A5072687280,2,"[""I102134673""]",True
10.1109/tvcg.2014.2346351,A5065645994,3,"[""I4210145671"", ""I223532165""]",True
10.1109/tvcg.2014.2346351,A5048647256,4,"[""I102134673""]",True
10.1109/vast.2014.7042485,A5029074262,1,"[""I31512782""]",True
10.1109/vast.2014.7042485,A5059641706,2,"[""I31512782""]",True
10.1109/vast.2014.7042485,A5051532808,3,"[""I31512782""]",True
10.1109/vast.2014.7042485,A5063890041,4,"[""I31512782""]",True
10.1109/vast.2014.7042485,A5015182248,5,"[""I31512782""]",True
10.1109/tvcg.2014.2346425,A5100323369,1,"[""I901403493""]",True
10.1109/tvcg.2014.2346425,A5067753398,2,"[""I4210141176""]",True
10.1109/tvcg.2014.2346425,A5024575129,3,"[""I592451""]",True
10.1109/tvcg.2014.2346317,A5014041753,1,"[""I62916508""]",True
10.1109/tvcg.2014.2346317,A5016665254,2,"[""I62916508""]",True
10.1109/tvcg.2014.2346317,A5109896026,3,"[""I4210137693""]",True
10.1109/tvcg.2014.2346317,A5046896448,4,"[""I62916508""]",True
10.1109/tvcg.2014.2346297,A5048580797,1,"[""I1291425158""]",True
10.1109/tvcg.2014.2346297,A5039276358,2,"[""I1291425158""]",True
10.1109/tvcg.2014.2346412,A5101952408,1,"[""I204465549""]",True
10.1109/tvcg.2014.2346412,A5070554434,2,"[""I76835614""]",True
10.1109/tvcg.2014.2346412,A5100407973,3,"[""I76835614""]",True
10.1109/tvcg.2014.2346412,A5101430356,4,"[""I76835614""]",True
10.1109/vast.2014.7042481,A5006411621,1,"[""I1343190059""]",True
10.1109/vast.2014.7042481,A5039241159,2,"[""I4210128666""]",True
10.1109/vast.2014.7042481,A5005397679,3,"[""I1343190059""]",True
10.1109/vast.2014.7042481,A5029499960,4,"[""I4210128666""]",True
10.1109/vast.2014.7042481,A5000695313,5,"[""I1343190059""]",True
10.1109/vast.2014.7042481,A5072386149,6,"[""I4210128666""]",True
10.1109/vast.2014.7042481,A5085507158,7,"[""I1343190059""]",True
10.1109/tvcg.2014.2352952,A5051025031,1,"[""I83019370""]",True
10.1109/tvcg.2014.2346457,A5008640200,1,"[""I185443292""]",True
10.1109/tvcg.2014.2346457,A5083864266,2,"[""I185443292""]",True
10.1109/tvcg.2014.2346457,A5102022483,3,"[""I185443292""]",True
10.1109/vast.2014.7042479,A5005364495,1,"[""I84218800""]",True
10.1109/vast.2014.7042479,A5111832578,2,"[""I84218800""]",True
10.1109/vast.2014.7042479,A5037161857,3,"[""I84218800""]",True
10.1109/tvcg.2014.2346437,A5030947682,1,"[""I83019370""]",True
10.1109/tvcg.2014.2346437,A5051025031,2,"[""I83019370""]",True
10.1109/tvcg.2014.2346274,A5053209325,1,"[""I83019370""]",True
10.1109/tvcg.2014.2346274,A5061244643,2,"[""I223822909""]",True
10.1109/tvcg.2014.2346274,A5000420564,3,"[""I83019370""]",True
10.1109/tvcg.2014.2346274,A5048992354,4,"[""I180825142""]",True
10.1109/tvcg.2014.2346442,A5082992995,1,"[""I100066346""]",True
10.1109/tvcg.2014.2346442,A5011941798,2,"[""I100066346""]",True
10.1109/tvcg.2014.2346442,A5028028246,3,"[""I100066346""]",True
10.1109/tvcg.2014.2346442,A5038629539,4,"[""I100066346""]",True
10.1109/tvcg.2013.124,A5104038125,1,"[""I141945490""]",True
10.1109/tvcg.2013.124,A5079916657,2,"[""I141945490""]",True
10.1109/tvcg.2013.234,A5065943691,1,"[""I136199984""]",True
10.1109/tvcg.2013.234,A5088763686,2,"[""I136199984""]",True
10.1109/tvcg.2013.234,A5011292436,3,"[""I1343180700"", ""I63966007""]",True
10.1109/tvcg.2013.234,A5017456911,4,"[""I63966007"", ""I4210104429""]",True
10.1109/tvcg.2013.234,A5056953351,5,"[""I136199984""]",True
10.1109/tvcg.2013.234,A5021257546,6,"[""I63966007"", ""I1343180700""]",True
10.1109/tvcg.2013.234,A5043151044,7,"[""I136199984""]",True
10.1109/tvcg.2013.226,A5065868869,1,"[""I90965887"", ""I57206974""]",True
10.1109/tvcg.2013.226,A5029317616,2,"[""I90965887"", ""I57206974""]",True
10.1109/tvcg.2013.226,A5064720873,3,"[""I57206974""]",True
10.1109/tvcg.2013.226,A5006773757,4,"[""I90965887"", ""I57206974""]",True
10.1109/tvcg.2013.226,A5003584200,5,"[""I57206974"", ""I90965887""]",True
10.1109/tvcg.2013.228,A5010061027,1,"[""I20231570""]",True
10.1109/tvcg.2013.228,A5010444353,2,"[""I20231570""]",True
10.1109/tvcg.2013.228,A5038943746,3,"[""I20231570"", ""I24943067""]",True
10.1109/tvcg.2013.228,A5100696429,4,"[""I24943067""]",True
10.1109/tvcg.2013.228,A5025297422,5,"[""I83019370""]",True
10.1109/tvcg.2013.126,A5083454802,1,"[""I1326498283""]",True
10.1109/tvcg.2013.126,A5024860629,2,"[""I1326498283""]",True
10.1109/tvcg.2013.126,A5114860010,3,"[""I79272384"", ""I126744593""]",True
10.1109/tvcg.2013.126,A5037110552,4,"[""I129774422""]",True
10.1109/tvcg.2013.126,A5060664606,5,"[""I129774422""]",True
10.1109/tvcg.2013.173,A5078536303,1,"[""I121883995""]",True
10.1109/tvcg.2013.173,A5031057530,2,"[""I121883995""]",True
10.1109/tvcg.2013.173,A5066335313,3,"[""I2801851002""]",True
10.1109/tvcg.2013.173,A5043151044,4,"[""I2801851002""]",True
10.1109/tvcg.2013.173,A5042080340,5,"[""I136199984""]",True
10.1109/tvcg.2013.200,A5070424474,1,"[""I66946132""]",True
10.1109/tvcg.2013.200,A5060805711,2,"[""I66946132""]",True
10.1109/tvcg.2013.200,A5010193332,3,"[""I66946132""]",True
10.1109/tvcg.2013.200,A5030084361,4,"[""I66946132""]",True
10.1109/tvcg.2013.200,A5052623072,5,"[""I66946132""]",True
10.1109/tvcg.2013.212,A5047912015,1,"[""I130701444""]",True
10.1109/tvcg.2013.212,A5100698914,2,"[""I130701444""]",True
10.1109/tvcg.2013.212,A5101985412,3,"[""I130701444"", ""I185443292""]",True
10.1109/tvcg.2013.212,A5101728710,4,"[""I130701444""]",True
10.1109/tvcg.2013.179,A5110696883,1,"[""I1283103587""]",True
10.1109/tvcg.2013.179,A5066231441,2,"[""I1283103587""]",True
10.1109/tvcg.2013.179,A5035997603,3,"[""I1283103587""]",True
10.1109/tvcg.2013.143,A5109840277,1,"[""I223532165""]",True
10.1109/tvcg.2013.143,A5031218830,2,"[""I223532165""]",True
10.1109/tvcg.2013.143,A5103752748,3,"[""I223532165""]",True
10.1109/tvcg.2013.120,A5088255721,1,"[""I4665924""]",True
10.1109/tvcg.2013.120,A5003606398,2,"[""I60200437""]",True
10.1109/tvcg.2013.120,A5056819808,3,"[""I60200437""]",True
10.1109/tvcg.2013.120,A5039180428,4,"[""I4665924""]",True
10.1109/tvcg.2013.119,A5068008545,1,"[""I27837315""]",True
10.1109/tvcg.2013.119,A5010119044,2,"[""I1290206253""]",True
10.1109/tvcg.2013.119,A5068799512,3,"[""I1290206253""]",True
10.1109/tvcg.2013.119,A5065644953,4,"[""I1290206253""]",True
10.1109/tvcg.2013.119,A5010157704,5,"[""I1290206253""]",True
10.1109/tvcg.2013.119,A5064931337,6,"[""I27837315""]",True
10.1109/tvcg.2013.196,A5038775008,1,"[""I4210113369""]",True
10.1109/tvcg.2013.196,A5073986937,2,"[""I4210113369""]",True
10.1109/tvcg.2013.196,A5064855107,3,"[""I183067930""]",True
10.1109/tvcg.2013.196,A5107941559,4,"[""I99065089""]",True
10.1109/tvcg.2013.196,A5063685742,5,"[""I4210113369""]",True
10.1109/tvcg.2013.192,A5001649622,1,"[""I102197404"", ""I4210115485""]",True
10.1109/tvcg.2013.192,A5005306821,2,"[""I1326498283"", ""I102197404""]",True
10.1109/tvcg.2013.192,A5060725233,3,"[""I1326498283"", ""I102197404""]",True
10.1109/tvcg.2013.153,A5037110552,1,"[""I129774422""]",True
10.1109/tvcg.2013.153,A5079916657,2,"[""I141945490""]",True
10.1109/tvcg.2013.153,A5047827833,3,"[""I212119943""]",True
10.1109/tvcg.2013.130,A5038096249,1,"[""I135310074""]",True
10.1109/tvcg.2013.191,A5065644953,1,"[""I1290206253""]",True
10.1109/tvcg.2013.191,A5080348698,2,"[""I165932596""]",True
10.1109/tvcg.2013.191,A5103329632,3,"[""I1290206253""]",True
10.1109/tvcg.2013.134,A5074985413,1,"[""I277688954"", ""I102197404"", ""I1326498283""]",True
10.1109/tvcg.2013.134,A5032305401,2,"[""I1326498283""]",True
10.1109/tvcg.2013.162,A5055992752,1,"[""I102149020""]",True
10.1109/tvcg.2013.162,A5066881473,2,"[""I102149020""]",True
10.1109/tvcg.2013.162,A5101406258,3,"[""I102149020""]",True
10.1109/tvcg.2013.162,A5055644473,4,"[""I102149020""]",True
10.1109/tvcg.2013.162,A5110208682,5,"[""I102149020""]",True
10.1109/tvcg.2013.186,A5108439015,1,"[""I100066346""]",True
10.1109/tvcg.2013.186,A5078390327,2,"[""I100066346""]",True
10.1109/tvcg.2013.186,A5061027107,3,"[""I100066346""]",True
10.1109/tvcg.2013.186,A5003455159,4,"[""I100066346""]",True
10.1109/tvcg.2013.186,A5102902131,5,"[""I100066346""]",True
10.1109/tvcg.2013.186,A5113517476,6,"[""I100066346""]",True
10.1109/tvcg.2013.186,A5080127688,7,"[""I100066346""]",True
10.1109/tvcg.2013.186,A5038629539,8,"[""I100066346""]",True
10.1109/tvcg.2013.125,A5004480742,1,"[""I1343190059""]",True
10.1109/tvcg.2013.125,A5000555892,2,"[""I1343190059""]",True
10.1109/tvcg.2013.221,A5024059541,1,"[""I889458895"", ""I200769079""]",True
10.1109/tvcg.2013.221,A5073986937,2,"[""I4210113369""]",True
10.1109/tvcg.2013.221,A5064855107,3,"[""I183067930""]",True
10.1109/tvcg.2013.221,A5031082206,4,"[""I172675005""]",True
10.1109/tvcg.2013.221,A5038775008,5,"[""I4210113369""]",True
10.1109/tvcg.2013.221,A5049134847,6,"[""I168719708""]",True
10.1109/tvcg.2013.221,A5091466289,7,"[""I889458895"", ""I200769079""]",True
10.1109/tvcg.2013.150,A5038943746,1,"[""I20231570""]",True
10.1109/tvcg.2013.150,A5086732355,2,"[""I20231570""]",True
10.1109/tvcg.2013.150,A5010061027,3,"[""I20231570""]",True
10.1109/tvcg.2013.150,A5102015112,4,"[""I20231570""]",True
10.1109/tvcg.2013.167,A5018820623,1,"[""I185261750""]",True
10.1109/tvcg.2013.167,A5042382359,2,"[""I39470171""]",True
10.1109/tvcg.2013.167,A5029815396,3,"[""I185261750""]",True
10.1109/tvcg.2013.167,A5063443025,4,"[""I185261750""]",True
10.1109/tvcg.2013.194,A5058196703,1,"[""I100066346""]",True
10.1109/tvcg.2013.194,A5073619125,2,"[""I100066346""]",True
10.1109/tvcg.2013.183,A5084778474,1,"[""I135310074""]",True
10.1109/tvcg.2013.183,A5036300289,2,"[""I135310074""]",True
10.1109/tvcg.2013.183,A5063629557,3,"[""I111979921""]",True
10.1109/tvcg.2013.183,A5043405353,4,"[""I111979921""]",True
10.1109/tvcg.2013.135,A5010524733,1,"[""I59553526""]",True
10.1109/tvcg.2013.135,A5102139936,2,"[""I59553526""]",True
10.1109/tvcg.2013.135,A5100607707,3,"[""I59553526""]",True
10.1109/tvcg.2013.135,A5039517392,4,"[""I59553526""]",True
10.1109/tvcg.2013.135,A5100701131,5,"[""I59553526"", ""I99065089""]",True
10.1109/tvcg.2013.135,A5037226596,6,"[""I59553526""]",True
10.1109/tvcg.2013.135,A5100683461,7,"[""I102322142""]",True
10.1109/tvcg.2013.178,A5078086722,1,"[""I3019423309""]",True
10.1109/tvcg.2013.178,A5019872104,2,"[""I3019423309""]",True
10.1109/tvcg.2013.178,A5069713271,3,"[""I4210155092""]",True
10.1109/tvcg.2013.178,A5025616122,4,"[""I3019423309""]",True
10.1109/tvcg.2013.178,A5016219620,5,"[""I189712700""]",True
10.1109/tvcg.2013.178,A5032433963,6,"[""I3019423309""]",True
10.1109/tvcg.2013.149,A5081520352,1,"[""I29607241"", ""I9736820""]",True
10.1109/tvcg.2013.149,A5056211536,2,"[""I9736820"", ""I29607241""]",True
10.1109/tvcg.2013.184,A5103406484,1,"[""I145847075""]",True
10.1109/tvcg.2013.184,A5005355207,2,"[""I145847075""]",True
10.1109/tvcg.2013.184,A5019622072,3,"[""I145847075""]",True
10.1109/tvcg.2013.184,A5000755776,4,"[""I4432739""]",True
10.1109/tvcg.2013.168,A5013216735,1,"[""I46247651""]",True
10.1109/tvcg.2013.168,A5078907679,2,"[""I46247651""]",True
10.1109/tvcg.2013.157,A5084778474,1,"[""I135310074""]",True
10.1109/tvcg.2013.133,A5076860785,1,[],True
10.1109/tvcg.2013.133,A5088361669,2,[],True
10.1109/tvcg.2013.133,A5065630217,3,[],True
10.1109/tvcg.2013.133,A5069974313,4,"[""I1343871089""]",True
10.1109/tvcg.2013.223,A5101663815,1,"[""I219193219""]",True
10.1109/tvcg.2013.223,A5064480048,2,"[""I219193219""]",True
10.1109/tvcg.2013.223,A5045148405,3,"[""I219193219""]",True
10.1109/tvcg.2013.223,A5053349373,4,"[""I219193219""]",True
10.1109/tvcg.2013.223,A5034277315,5,"[""I219193219""]",True
10.1109/tvcg.2013.142,A5010238198,1,"[""I71920554""]",True
10.1109/tvcg.2013.142,A5049241635,2,"[""I71920554""]",True
10.1109/tvcg.2013.142,A5091300565,3,"[""I136199984"", ""I4210150141""]",True
10.1109/tvcg.2013.142,A5105692598,4,"[""I136199984"", ""I4210150141""]",True
10.1109/tvcg.2013.142,A5043151044,5,"[""I136199984""]",True
10.1109/tvcg.2013.142,A5008754293,6,"[""I71920554""]",True
10.1109/tvcg.2013.141,A5108643002,1,"[""I153267046""]",True
10.1109/tvcg.2013.141,A5111981175,2,"[""I84218800""]",True
10.1109/tvcg.2013.141,A5071898071,3,"[""I153267046""]",True
10.1109/tvcg.2013.141,A5114031893,4,"[""I84218800""]",True
10.1109/tvcg.2013.227,A5071066797,1,"[""I1326498283"", ""I102197404""]",True
10.1109/tvcg.2013.227,A5005306821,2,"[""I102197404"", ""I1326498283""]",True
10.1109/tvcg.2013.227,A5060725233,3,"[""I102197404"", ""I1326498283""]",True
10.1109/tvcg.2013.159,A5023096291,1,"[""I195893171""]",True
10.1109/tvcg.2013.159,A5049739035,2,"[""I195893171""]",True
10.1109/tvcg.2013.159,A5078148971,3,"[""I195893171""]",True
10.1109/tvcg.2013.159,A5091630951,4,"[""I195893171""]",True
10.1109/tvcg.2013.159,A5087268805,5,"[""I195893171""]",True
10.1109/tvcg.2013.189,A5042096795,1,[],True
10.1109/tvcg.2013.189,A5082209080,2,[],True
10.1109/tvcg.2013.189,A5074995621,3,"[""I4210105663""]",True
10.1109/tvcg.2013.189,A5039626800,4,"[""I95793202""]",True
10.1109/tvcg.2013.189,A5079547103,5,"[""I4210105663""]",True
10.1109/tvcg.2013.189,A5034699298,6,"[""I95793202""]",True
10.1109/tvcg.2013.145,A5079089831,1,"[""I180825142""]",True
10.1109/tvcg.2013.145,A5079369129,2,"[""I180825142""]",True
10.1109/tvcg.2013.145,A5021386346,3,"[""I180825142""]",True
10.1109/tvcg.2013.145,A5056703770,4,"[""I180825142""]",True
10.1109/tvcg.2013.145,A5011864657,5,"[""I180825142""]",True
10.1109/tvcg.2013.145,A5090388199,6,"[""I180825142""]",True
10.1109/tvcg.2013.145,A5004452139,7,"[""I180825142""]",True
10.1109/tvcg.2013.145,A5071681891,8,"[""I180825142""]",True
10.1109/tvcg.2013.145,A5048992354,9,"[""I180825142""]",True
10.1109/tvcg.2013.121,A5034283634,1,"[""I130238516""]",True
10.1109/tvcg.2013.121,A5110041119,2,"[""I157725225""]",True
10.1109/tvcg.2013.121,A5113743668,3,"[""I130238516""]",True
10.1109/tvcg.2013.121,A5025010152,4,"[""I157725225""]",True
10.1109/tvcg.2013.121,A5058360336,5,"[""I130238516""]",True
10.1109/tvcg.2013.193,A5057538550,1,"[""I4923324"", ""I4210144576""]",True
10.1109/tvcg.2013.193,A5022699013,2,"[""I4923324"", ""I4210144576""]",True
10.1109/tvcg.2013.193,A5053579952,3,"[""I165390105""]",True
10.1109/tvcg.2013.193,A5068739413,4,"[""I165390105""]",True
10.1109/tvcg.2013.193,A5059546193,5,"[""I165390105""]",True
10.1109/tvcg.2013.147,A5113989819,1,"[""I130238516""]",True
10.1109/tvcg.2013.147,A5102858982,2,"[""I130238516""]",True
10.1109/tvcg.2013.147,A5011441880,3,"[""I130238516""]",True
10.1109/tvcg.2013.147,A5058360336,4,"[""I130238516""]",True
10.1109/tvcg.2013.166,A5015832535,1,"[""I124055696""]",True
10.1109/tvcg.2013.166,A5000056900,2,"[""I124055696""]",True
10.1109/tvcg.2013.166,A5069232944,3,"[""I124055696""]",True
10.1109/tvcg.2013.166,A5015615908,4,"[""I124055696""]",True
10.1109/tvcg.2013.209,A5069923620,1,"[""I130701444""]",True
10.1109/tvcg.2013.209,A5083575573,2,[],True
10.1109/tvcg.2013.209,A5058194080,3,[],True
10.1109/tvcg.2013.209,A5004071301,4,[],True
10.1109/tvcg.2013.209,A5082668404,5,[],True
10.1109/tvcg.2013.232,A5090876108,1,"[""I100066346""]",True
10.1109/tvcg.2013.232,A5032674263,2,"[""I100066346""]",True
10.1109/tvcg.2013.232,A5073619125,3,"[""I100066346""]",True
10.1109/tvcg.2013.222,A5032676799,1,"[""I145847075""]",True
10.1109/tvcg.2013.222,A5005355207,2,"[""I145847075""]",True
10.1109/tvcg.2013.222,A5041191852,3,"[""I145847075""]",True
10.1109/tvcg.2013.222,A5075562509,4,"[""I145847075""]",True
10.1109/tvcg.2013.222,A5019622072,5,"[""I145847075""]",True
10.1109/tvcg.2013.222,A5027673731,6,"[""I145847075""]",True
10.1109/tvcg.2013.155,A5065943691,1,"[""I136199984""]",True
10.1109/tvcg.2013.155,A5050670374,2,"[""I136199984""]",True
10.1109/tvcg.2013.155,A5013104516,3,"[""I136199984""]",True
10.1109/tvcg.2013.155,A5069671253,4,"[""I136199984""]",True
10.1109/tvcg.2013.155,A5010436269,5,"[""I136199984""]",True
10.1109/tvcg.2013.155,A5054751297,6,"[""I136199984""]",True
10.1109/tvcg.2013.155,A5043151044,7,"[""I136199984""]",True
10.1109/tvcg.2013.144,A5054749881,1,"[""I20231570""]",True
10.1109/tvcg.2013.144,A5038943746,2,"[""I20231570""]",True
10.1109/tvcg.2013.144,A5041484012,3,"[""I75027704""]",True
10.1109/tvcg.2013.144,A5057190776,4,[],True
10.1109/tvcg.2013.160,A5000212755,1,"[""I9736820"", ""I29607241""]",True
10.1109/tvcg.2013.160,A5056211536,2,"[""I29607241"", ""I9736820""]",True
10.1109/tvcg.2013.160,A5109278581,3,"[""I4210117871""]",True
10.1109/tvcg.2013.154,A5031057530,1,"[""I2801851002""]",True
10.1109/tvcg.2013.154,A5003116261,2,"[""I4092182""]",True
10.1109/tvcg.2013.154,A5031236945,3,"[""I4092182""]",True
10.1109/tvcg.2013.154,A5042080340,4,"[""I121883995""]",True
10.1109/tvcg.2013.154,A5078536303,5,"[""I121883995""]",True
10.1109/tvcg.2013.154,A5023868486,6,"[""I1283582996"", ""I4400600974""]",True
10.1109/tvcg.2013.154,A5048047909,7,"[""I4092182""]",True
10.1109/tvcg.2013.154,A5043151044,8,"[""I2801851002""]",True
10.1109/tvcg.2013.231,A5068562407,1,"[""I66946132""]",True
10.1109/tvcg.2013.231,A5091157999,2,"[""I66946132"", ""I-1""]",True
10.1109/tvcg.2013.231,A5030084361,3,"[""I-1"", ""I66946132""]",True
10.1109/tvcg.2013.231,A5052623072,4,"[""I-1"", ""I66946132""]",True
10.1109/tvcg.2013.208,A5080292005,1,"[""I33213144""]",True
10.1109/tvcg.2013.208,A5058158315,2,"[""I33213144""]",True
10.1109/tvcg.2013.181,A5086461942,1,"[""I135140700""]",True
10.1109/tvcg.2013.181,A5045224825,2,"[""I40347166""]",True
10.1109/tvcg.2013.182,A5055750487,1,"[""I95793202"", ""I4210138551""]",True
10.1109/tvcg.2013.182,A5039626800,2,"[""I95793202"", ""I4210138551""]",True
10.1109/tvcg.2013.152,A5028237720,1,"[""I52357470""]",True
10.1109/tvcg.2013.152,A5112684709,2,"[""I52357470""]",True
10.1109/tvcg.2013.151,A5008149778,1,"[""I56590836"", ""I2801239119""]",True
10.1109/tvcg.2013.151,A5068799512,2,"[""I1290206253""]",True
10.1109/tvcg.2013.151,A5085695563,3,"[""I56590836"", ""I2801239119""]",True
10.1109/tvcg.2013.151,A5039512936,4,"[""I2801239119"", ""I56590836""]",True
10.1109/tvcg.2013.163,A5024860629,1,"[""I1326498283""]",True
10.1109/tvcg.2013.163,A5032305401,2,"[""I1326498283""]",True
10.1109/tvcg.2013.163,A5079469658,3,"[""I1326498283""]",True
10.1109/tvcg.2013.163,A5089688638,4,"[""I4210144804"", ""I102197404""]",True
10.1109/tvcg.2013.163,A5060725233,5,"[""I1326498283""]",True
10.1109/tvcg.2013.213,A5000622960,1,"[""I145847075""]",True
10.1109/tvcg.2013.213,A5109928029,2,"[""I145847075""]",True
10.1109/tvcg.2013.213,A5063965880,3,"[""I4432739""]",True
10.1109/tvcg.2013.188,A5102490631,1,"[""I859038795""]",True
10.1109/tvcg.2013.188,A5084575646,2,"[""I859038795""]",True
10.1109/tvcg.2013.188,A5076430518,3,"[""I859038795""]",True
10.1109/tvcg.2013.188,A5113555684,4,"[""I859038795""]",True
10.1109/tvcg.2013.188,A5037675411,5,"[""I859038795""]",True
10.1109/tvcg.2013.188,A5062711342,6,"[""I859038795""]",True
10.1109/tvcg.2013.131,A5033801646,1,"[""I90965887"", ""I57206974""]",True
10.1109/tvcg.2013.131,A5083989376,2,"[""I59270414""]",True
10.1109/tvcg.2013.131,A5006482254,3,"[""I59270414""]",True
10.1109/tvcg.2013.129,A5051590071,1,"[""I100066346""]",True
10.1109/tvcg.2013.129,A5011941798,2,"[""I100066346""]",True
10.1109/tvcg.2013.129,A5073619125,3,"[""I100066346""]",True
10.1109/tvcg.2013.198,A5089358991,1,"[""I4665924""]",True
10.1109/tvcg.2013.198,A5039180428,2,"[""I4665924""]",True
10.1109/tvcg.2013.198,A5058848657,3,"[""I4665924""]",True
10.1109/tvcg.2013.198,A5090380211,4,"[""I4665924""]",True
10.1109/tvcg.2013.172,A5063358260,1,"[""I84218800""]",True
10.1109/tvcg.2013.172,A5037161857,2,"[""I84218800""]",True
10.1109/tvcg.2013.169,A5050127998,1,"[""I4210153902"", ""I181369854"", ""I4210156583""]",True
10.1109/tvcg.2013.169,A5001490449,2,"[""I4210156583"", ""I181369854"", ""I4210153902""]",True
10.1109/tvcg.2013.169,A5034699298,3,"[""I95793202""]",True
10.1109/tvcg.2013.169,A5053580386,4,"[""I181369854""]",True
10.1109/tvcg.2013.210,A5029815396,1,"[""I185261750""]",True
10.1109/tvcg.2013.210,A5005306821,2,"[""I1326498283""]",True
10.1109/tvcg.2013.210,A5031005751,3,"[""I4210150754""]",True
10.1109/tvcg.2013.122,A5113153568,1,"[""I1343190059"", ""I4210099593""]",True
10.1109/tvcg.2013.122,A5000555892,2,"[""I1343190059""]",True
10.1109/tvcg.2013.122,A5043913136,3,"[""I1343190059""]",True
10.1109/tvcg.2013.122,A5109928029,4,"[""I145847075""]",True
10.1109/tvcg.2013.132,A5029084614,1,"[""I60488453""]",True
10.1109/tvcg.2013.132,A5071681891,2,"[""I180825142""]",True
10.1109/tvcg.2013.132,A5079369129,3,"[""I180825142""]",True
10.1109/tvcg.2013.132,A5068805525,4,"[""I60488453""]",True
10.1109/tvcg.2013.132,A5048992354,5,"[""I180825142""]",True
10.1109/tvcg.2013.132,A5091379507,6,"[""I60488453""]",True
10.1109/tvcg.2013.132,A5017511409,7,"[""I143804889""]",True
10.1109/tvcg.2013.132,A5066087105,8,"[""I60488453""]",True
10.1109/tvcg.2013.132,A5100717642,9,"[""I60488453""]",True
10.1109/tvcg.2013.207,A5053235466,1,"[""I39586589""]",True
10.1109/tvcg.2013.207,A5109478560,2,"[""I39586589""]",True
10.1109/tvcg.2013.207,A5062795084,3,"[""I39586589""]",True
10.1109/tvcg.2013.207,A5065039357,4,"[""I39586589"", ""I79510175""]",True
10.1109/tvcg.2013.207,A5028781666,5,"[""I39586589""]",True
10.1109/tvcg.2013.207,A5024135995,6,"[""I39586589""]",True
10.1109/tvcg.2013.207,A5043433191,7,"[""I40120149""]",True
10.1109/tvcg.2013.170,A5015832535,1,"[""I124055696""]",True
10.1109/tvcg.2013.170,A5015615908,2,"[""I124055696""]",True
10.1109/tvcg.2013.187,A5108589516,1,"[""I25974101""]",True
10.1109/tvcg.2013.187,A5049298894,2,"[""I25974101""]",True
10.1109/tvcg.2013.187,A5052812610,3,"[""I25974101""]",True
10.1109/tvcg.2013.187,A5014138072,4,"[""I25974101""]",True
10.1109/tvcg.2013.164,A5079469658,1,"[""I1326498283""]",True
10.1109/tvcg.2013.164,A5009491631,2,"[""I95457486"", ""I134446601""]",True
10.1109/tvcg.2013.164,A5057186073,3,"[""I134446601"", ""I95457486""]",True
10.1109/tvcg.2013.164,A5084965768,4,"[""I95457486"", ""I134446601""]",True
10.1109/tvcg.2013.164,A5045835385,5,"[""I95457486"", ""I134446601""]",True
10.1109/tvcg.2013.214,A5068634259,1,"[""I141945490""]",True
10.1109/tvcg.2013.214,A5010769398,2,"[""I141945490""]",True
10.1109/tvcg.2013.214,A5079916657,3,"[""I141945490""]",True
10.1109/tvcg.2013.148,A5028120148,1,"[""I59270414""]",True
10.1109/tvcg.2013.148,A5083989376,2,"[""I59270414""]",True
10.1109/tvcg.2013.224,A5067457861,1,"[""I1341412227""]",True
10.1109/tvcg.2013.224,A5013243312,2,"[""I1341412227""]",True
10.1109/tvcg.2013.224,A5008276662,3,"[""I133731052""]",True
10.1109/tvcg.2013.224,A5104000427,4,"[""I133731052""]",True
10.1109/tvcg.2013.224,A5091682332,5,"[""I1341412227""]",True
10.1109/tvcg.2013.205,A5010596785,1,"[""I195575238""]",True
10.1109/tvcg.2013.205,A5037675411,2,"[""I859038795""]",True
10.1109/tvcg.2013.177,A5045131748,1,"[""I4210136249""]",True
10.1109/tvcg.2013.177,A5064479602,2,"[""I4210136249""]",True
10.1109/tvcg.2013.177,A5077940635,3,"[""I4210136249""]",True
10.1109/tvcg.2013.177,A5109928029,4,"[""I145847075""]",True
10.1109/tvcg.2013.177,A5056214245,5,"[""I4210136249""]",True
10.1109/tvcg.2013.161,A5070324349,1,"[""I170201317""]",True
10.1109/tvcg.2013.161,A5023019850,2,"[""I18283598""]",True
10.1109/tvcg.2013.161,A5052342374,3,"[""I170201317""]",True
10.1109/tvcg.2013.161,A5103535994,4,"[""I170201317""]",True
10.1109/tvcg.2013.161,A5064202954,5,"[""I170201317""]",True
10.1109/tvcg.2013.161,A5078009095,6,"[""I170201317""]",True
10.1109/tvcg.2013.161,A5087201620,7,"[""I170201317""]",True
10.1109/tvcg.2013.161,A5056104510,8,"[""I170201317""]",True
10.1109/tvcg.2013.225,A5075052652,1,"[""I40120149""]",True
10.1109/tvcg.2013.225,A5018395535,2,"[""I40120149""]",True
10.1109/tvcg.2013.225,A5008806860,3,"[""I40120149""]",True
10.1109/tvcg.2013.225,A5030187840,4,"[""I40120149""]",True
10.1109/tvcg.2013.225,A5020890610,5,"[""I40120149""]",True
10.1109/tvcg.2013.206,A5027673731,1,"[""I145847075""]",True
10.1109/tvcg.2013.206,A5075562509,2,"[""I145847075""]",True
10.1109/tvcg.2013.206,A5005355207,3,"[""I145847075""]",True
10.1109/tvcg.2013.206,A5103406484,4,"[""I145847075""]",True
10.1109/tvcg.2013.206,A5019622072,5,"[""I145847075""]",True
10.1109/tvcg.2013.138,A5050326979,1,"[""I142606810""]",True
10.1109/tvcg.2013.138,A5079420045,2,"[""I84218800"", ""I142606810""]",True
10.1109/tvcg.2013.138,A5070297369,3,"[""I142606810""]",True
10.1109/tvcg.2013.138,A5111981175,4,"[""I84218800""]",True
10.1109/tvcg.2013.138,A5111722902,5,"[""I84218800"", ""I142606810""]",True
10.1109/tvcg.2013.138,A5015951381,6,"[""I84218800""]",True
10.1109/tvcg.2013.138,A5114031893,7,"[""I84218800"", ""I181233156""]",True
10.1109/tvcg.2013.128,A5078424052,1,"[""I219193219""]",True
10.1109/tvcg.2013.128,A5000413604,2,"[""I219193219""]",True
10.1109/tvcg.2013.197,A5073093566,1,"[""I212119943""]",True
10.1109/tvcg.2013.197,A5047827833,2,"[""I212119943""]",True
10.1109/tvcg.2013.197,A5109278581,3,"[""I4210117871""]",True
10.1109/tvcg.2013.140,A5082334156,1,"[""I173911158""]",True
10.1109/tvcg.2013.140,A5088154886,2,"[""I173911158""]",True
10.1109/tvcg.2013.219,A5086311840,1,"[""I162868743""]",True
10.1109/tvcg.2013.219,A5102880817,2,"[""I162868743""]",True
10.1109/tvcg.2013.219,A5044550362,3,"[""I162868743""]",True
10.1109/tvcg.2013.219,A5101635167,4,"[""I162868743""]",True
10.1109/tvcg.2013.219,A5018563316,5,"[""I162868743""]",True
10.1109/tvcg.2013.139,A5028111343,1,"[""I59553526""]",True
10.1109/tvcg.2013.139,A5101404387,2,"[""I59553526""]",True
10.1109/tvcg.2013.139,A5100660205,3,"[""I19700959""]",True
10.1109/tvcg.2013.139,A5100607707,4,"[""I59553526""]",True
10.1109/tvcg.2013.139,A5039517392,5,"[""I59553526""]",True
10.1109/tvcg.2013.220,A5039829249,1,[],True
10.1109/tvcg.2013.220,A5084471891,2,"[""I8692664""]",True
10.1109/tvcg.2013.123,A5013740450,1,"[""I84218800""]",True
10.1109/tvcg.2013.123,A5063358260,2,"[""I84218800""]",True
10.1109/tvcg.2013.123,A5037161857,3,"[""I84218800""]",True
10.1109/tvcg.2013.215,A5026092541,1,"[""I145847075""]",True
10.1109/tvcg.2013.215,A5069364285,2,"[""I145847075""]",True
10.1109/tvcg.2013.215,A5081205856,3,"[""I4210122765""]",True
10.1109/tvcg.2013.215,A5109847267,4,"[""I76134821""]",True
10.1109/tvcg.2013.215,A5047134476,5,"[""I4210100869""]",True
10.1109/tvcg.2013.215,A5040396291,6,"[""I145847075""]",True
10.1109/tvcg.2013.215,A5109928029,7,"[""I145847075""]",True
10.1109/tvcg.2013.215,A5063965880,8,"[""I4432739""]",True
10.1109/tvcg.2013.190,A5100382493,1,"[""I59553526""]",True
10.1109/tvcg.2013.190,A5008514949,2,"[""I59553526""]",True
10.1109/tvcg.2013.190,A5070670810,3,"[""I59553526""]",True
10.1109/tvcg.2013.233,A5049066620,1,"[""I74973139""]",True
10.1109/tvcg.2013.233,A5036222351,2,"[""I74973139""]",True
10.1109/tvcg.2013.233,A5105206771,3,"[""I74973139""]",True
10.1109/tvcg.2013.233,A5037557529,4,"[""I74973139""]",True
10.1109/tvcg.2013.180,A5030681323,1,"[""I4092182""]",True
10.1109/tvcg.2013.180,A5078127596,2,"[""I47508984""]",True
10.1109/tvcg.2013.180,A5014594342,3,"[""I4092182""]",True
10.1109/tvcg.2013.180,A5048047909,4,"[""I4092182""]",True
10.1109/tvcg.2013.211,A5043848426,1,"[""I60488453""]",True
10.1109/tvcg.2013.211,A5053493751,2,"[""I60488453""]",True
10.1109/tvcg.2013.211,A5066087105,3,"[""I60488453""]",True
10.1109/tvcg.2013.211,A5072277937,4,"[""I60488453""]",True
10.1109/tvcg.2013.211,A5061182946,5,"[""I60488453""]",True
10.1109/tvcg.2013.158,A5025345988,1,"[""I4432739""]",True
10.1109/tvcg.2013.158,A5058659840,2,"[""I4432739""]",True
10.1109/tvcg.2013.146,A5039539396,1,"[""I169381384""]",True
10.1109/tvcg.2013.146,A5024222438,2,"[""I4210112067"", ""I1341412227""]",True
10.1109/tvcg.2013.146,A5110103090,3,"[""I1326498283"", ""I15057530"", ""I169381384""]",True
10.1109/tvcg.2013.146,A5053084661,4,"[""I4210112067""]",True
10.1109/tvcg.2013.156,A5009129713,1,"[""I212119943""]",True
10.1109/tvcg.2013.156,A5047827833,2,"[""I212119943""]",True
10.1109/tvcg.2013.156,A5029090764,3,"[""I212119943""]",True
10.1109/tvcg.2013.156,A5026009557,4,"[""I212119943""]",True
10.1109/tvcg.2013.127,A5041287963,1,"[""I59553526""]",True
10.1109/tvcg.2013.127,A5039517392,2,"[""I59553526""]",True
10.1109/tvcg.2013.137,A5035069592,1,"[""I63966007""]",True
10.1109/tvcg.2013.137,A5028448267,2,"[""I63966007""]",True
10.1109/tvcg.2013.137,A5091023123,3,"[""I63966007""]",True
10.1109/tvcg.2013.230,A5055748729,1,"[""I185443292""]",True
10.1109/tvcg.2013.230,A5111314141,2,"[""I185443292""]",True
10.1109/tvcg.2013.174,A5078735794,1,"[""I223532165""]",True
10.1109/tvcg.2013.174,A5063625747,2,"[""I223532165""]",True
10.1109/tvcg.2013.174,A5026933325,3,"[""I223532165""]",True
10.1109/tvcg.2013.174,A5019902487,4,"[""I223532165"", ""I1282311441""]",True
10.1109/tvcg.2013.174,A5009460413,5,"[""I1282311441"", ""I223532165""]",True
10.1109/tvcg.2013.229,A5111760033,1,"[""I167576493""]",True
10.1109/tvcg.2013.229,A5058093304,2,"[""I167576493""]",True
10.1109/tvcg.2012.213,A5037110552,1,"[""I141945490""]",True
10.1109/tvcg.2012.213,A5008627422,2,"[""I223532165""]",True
10.1109/tvcg.2012.213,A5079916657,3,"[""I141945490""]",True
10.1109/tvcg.2012.219,A5065341054,1,"[""I97018004""]",True
10.1109/tvcg.2012.219,A5071755113,2,"[""I97018004""]",True
10.1109/tvcg.2012.219,A5043626252,3,"[""I134446601"", ""I95457486""]",True
10.1109/tvcg.2012.219,A5090570042,4,"[""I97018004""]",True
10.1109/tvcg.2012.265,A5061682032,1,"[""I4665924""]",True
10.1109/tvcg.2012.265,A5039180428,2,"[""I4665924""]",True
10.1109/tvcg.2012.265,A5022699013,3,"[""I4210144576"", ""I4923324""]",True
10.1109/tvcg.2012.265,A5057538550,4,"[""I4210144576"", ""I4923324""]",True
10.1109/tvcg.2012.279,A5019756314,1,"[""I130769515""]",True
10.1109/tvcg.2012.279,A5038096249,2,"[""I135310074""]",True
10.1109/tvcg.2012.279,A5034249691,3,"[""I99043593""]",True
10.1109/tvcg.2012.279,A5040334148,4,[],True
10.1109/tvcg.2012.279,A5036569970,5,"[""I130769515""]",True
10.1109/tvcg.2012.279,A5069438601,6,"[""I154130895""]",True
10.1109/vast.2012.6400557,A5061467967,1,"[""I219193219""]",True
10.1109/vast.2012.6400557,A5078390327,2,"[""I100066346""]",True
10.1109/vast.2012.6400557,A5108439015,3,"[""I100066346""]",True
10.1109/vast.2012.6400557,A5010660324,4,"[""I28777354""]",True
10.1109/vast.2012.6400557,A5026799813,5,"[""I55732556""]",True
10.1109/vast.2012.6400557,A5018584803,6,"[""I219193219""]",True
10.1109/vast.2012.6400557,A5038629539,7,"[""I100066346""]",True
10.1109/tvcg.2012.225,A5051520705,1,"[""I66946132""]",True
10.1109/tvcg.2012.225,A5077712580,2,"[""I1341412227"", ""I4210114115""]",True
10.1109/tvcg.2012.276,A5022699013,1,"[""I4923324"", ""I4210144576""]",True
10.1109/tvcg.2012.276,A5057538550,2,"[""I4923324"", ""I4210144576""]",True
10.1109/tvcg.2012.276,A5016295654,3,"[""I100066346""]",True
10.1109/tvcg.2012.276,A5073619125,4,"[""I100066346""]",True
10.1109/tvcg.2012.204,A5065644953,1,"[""I1290206253""]",True
10.1109/tvcg.2012.204,A5024860629,2,"[""I1326498283""]",True
10.1109/tvcg.2012.204,A5068799512,3,"[""I1290206253""]",True
10.1109/tvcg.2012.204,A5012561411,4,"[""I168635309""]",True
10.1109/vast.2012.6400486,A5049577340,1,"[""I121934306""]",True
10.1109/vast.2012.6400486,A5100442542,2,"[""I121934306""]",True
10.1109/vast.2012.6400486,A5045379675,3,"[""I121934306""]",True
10.1109/vast.2012.6400486,A5089451178,4,"[""I121934306""]",True
10.1109/tvcg.2012.291,A5000474356,1,"[""I200769079"", ""I889458895""]",True
10.1109/tvcg.2012.291,A5042159546,2,"[""I12912129"", ""I136199984""]",True
10.1109/tvcg.2012.291,A5002329355,3,"[""I116953780""]",True
10.1109/tvcg.2012.291,A5013670125,4,"[""I136199984"", ""I12912129""]",True
10.1109/tvcg.2012.291,A5038775008,5,"[""I1290206253"", ""I4210113369""]",True
10.1109/tvcg.2012.291,A5091466289,6,"[""I889458895"", ""I200769079""]",True
10.1109/tvcg.2012.252,A5067274220,1,"[""I168635309""]",True
10.1109/tvcg.2012.252,A5068799512,2,"[""I4210164937"", ""I1290206253""]",True
10.1109/tvcg.2012.252,A5090345450,3,"[""I1290206253"", ""I4210164937""]",True
10.1109/tvcg.2012.252,A5111638399,4,"[""I4210164937"", ""I1290206253""]",True
10.1109/tvcg.2012.212,A5062987526,1,"[""I84218800""]",True
10.1109/tvcg.2012.212,A5037161857,2,"[""I84218800""]",True
10.1109/tvcg.2012.199,A5076239296,1,"[""I20581793""]",True
10.1109/tvcg.2012.199,A5032305401,2,"[""I1326498283""]",True
10.1109/tvcg.2012.199,A5060725233,3,"[""I1326498283""]",True
10.1109/tvcg.2012.277,A5061027107,1,"[""I100066346""]",True
10.1109/tvcg.2012.277,A5102902131,2,"[""I100066346""]",True
10.1109/tvcg.2012.277,A5108618167,3,"[""I100066346""]",True
10.1109/tvcg.2012.277,A5038629539,4,"[""I100066346""]",True
10.1109/vast.2012.6400485,A5055992752,1,"[""I102149020""]",True
10.1109/vast.2012.6400485,A5100357631,2,"[""I102149020""]",True
10.1109/vast.2012.6400485,A5000815980,3,"[""I102149020""]",True
10.1109/vast.2012.6400485,A5110208682,4,"[""I102149020""]",True
10.1109/vast.2012.6400485,A5054523299,5,"[""I1341412227"", ""I4210085935""]",True
10.1109/vast.2012.6400554,A5034040010,1,"[""I189712700""]",True
10.1109/vast.2012.6400554,A5028513822,2,"[""I189712700""]",True
10.1109/vast.2012.6400554,A5040794392,3,"[""I189712700""]",True
10.1109/vast.2012.6400554,A5081290775,4,"[""I189712700""]",True
10.1109/vast.2012.6400554,A5016219620,5,"[""I189712700""]",True
10.1109/vast.2012.6400554,A5058345780,6,"[""I1325886976""]",True
10.1109/vast.2012.6400554,A5063002460,7,"[""I1325886976""]",True
10.1109/vast.2012.6400554,A5114935774,8,"[""I1325886976""]",True
10.1109/vast.2012.6400554,A5096530578,9,"[""I189712700""]",True
10.1109/tvcg.2012.260,A5064306421,1,"[""I859038795""]",True
10.1109/tvcg.2012.260,A5071275461,2,"[""I859038795""]",True
10.1109/tvcg.2012.260,A5037675411,3,"[""I859038795""]",True
10.1109/tvcg.2012.197,A5031596501,1,"[""I39586589""]",True
10.1109/tvcg.2012.197,A5028328053,2,"[""I40120149""]",True
10.1109/tvcg.2012.197,A5045125867,3,"[""I4576418""]",True
10.1109/tvcg.2012.197,A5113522553,4,"[""I39586589""]",True
10.1109/tvcg.2012.197,A5072624020,5,"[""I39586589""]",True
10.1109/tvcg.2012.197,A5046574356,6,"[""I40120149""]",True
10.1109/tvcg.2012.197,A5100337178,7,"[""I40120149""]",True
10.1109/tvcg.2012.220,A5079537893,1,"[""I102197404"", ""I1326498283""]",True
10.1109/tvcg.2012.220,A5089688638,2,"[""I204730241"", ""I102197404""]",True
10.1109/tvcg.2012.220,A5083454802,3,"[""I169381384"", ""I102197404"", ""I4210115485""]",True
10.1109/tvcg.2012.220,A5060725233,4,"[""I1326498283"", ""I102197404""]",True
10.1109/tvcg.2012.263,A5021363520,1,"[""I130701444""]",True
10.1109/tvcg.2012.263,A5044079129,2,"[""I130701444""]",True
10.1109/tvcg.2012.263,A5056869820,3,"[""I4210088367"", ""I4210108719""]",True
10.1109/tvcg.2012.263,A5082668404,4,"[""I130701444""]",True
10.1109/tvcg.2012.238,A5090333096,1,"[""I189712700""]",True
10.1109/tvcg.2012.238,A5003377833,2,"[""I189712700""]",True
10.1109/tvcg.2012.238,A5036489223,3,"[""I189712700""]",True
10.1109/tvcg.2012.238,A5084459196,4,"[""I189712700""]",True
10.1109/tvcg.2012.233,A5047920772,1,"[""I2803209242"", ""I84218800""]",True
10.1109/tvcg.2012.233,A5047462600,2,"[""I95457486""]",True
10.1109/tvcg.2012.251,A5089688638,1,"[""I1294671590"", ""I102197404"", ""I4210144804"", ""I1326498283""]",True
10.1109/tvcg.2012.251,A5024860629,2,"[""I1326498283""]",True
10.1109/tvcg.2012.240,A5008754293,1,"[""I71920554""]",True
10.1109/tvcg.2012.240,A5010238198,2,"[""I71920554""]",True
10.1109/tvcg.2012.240,A5025485089,3,"[""I48566637""]",True
10.1109/tvcg.2012.240,A5043151044,4,"[""I2801851002"", ""I136199984""]",True
10.1109/vast.2012.6400494,A5111899847,1,"[""I84218800""]",True
10.1109/vast.2012.6400494,A5055537694,2,"[""I1321826891""]",True
10.1109/vast.2012.6400494,A5085284883,3,"[""I1321826891""]",True
10.1109/vast.2012.6400494,A5037161857,4,"[""I84218800""]",True
10.1109/vast.2012.6400488,A5080987337,1,"[""I189712700""]",True
10.1109/vast.2012.6400488,A5077551675,2,"[""I189712700""]",True
10.1109/vast.2012.6400488,A5059010508,3,"[""I887968799""]",True
10.1109/vast.2012.6400488,A5059742070,4,"[""I189712700""]",True
10.1109/vast.2012.6400488,A5016219620,5,"[""I189712700""]",True
10.1109/vast.2012.6400488,A5003335849,6,"[""I887968799""]",True
10.1109/vast.2012.6400488,A5073919282,7,"[""I189712700""]",True
10.1109/tvcg.2012.221,A5087960974,1,"[""I99464096""]",True
10.1109/tvcg.2012.221,A5023076293,2,"[""I129604602""]",True
10.1109/tvcg.2012.221,A5029002380,3,"[""I145847075""]",True
10.1109/tvcg.2012.221,A5098113210,4,"[""I145847075""]",True
10.1109/tvcg.2012.221,A5068352067,5,"[""I145847075""]",True
10.1109/tvcg.2012.275,A5052445776,1,"[""I168635309""]",True
10.1109/tvcg.2012.275,A5065644953,2,"[""I1290206253""]",True
10.1109/tvcg.2012.275,A5004310068,3,"[""I1290206253""]",True
10.1109/tvcg.2012.275,A5068799512,4,"[""I1290206253""]",True
10.1109/tvcg.2012.275,A5012561411,5,"[""I168635309"", ""I4210153468""]",True
10.1109/tvcg.2012.262,A5048992354,1,"[""I180825142"", ""I4210154378""]",True
10.1109/tvcg.2012.262,A5024860629,2,"[""I1326498283"", ""I102197404""]",True
10.1109/tvcg.2012.262,A5083454802,3,"[""I4210115485"", ""I102197404"", ""I169381384""]",True
10.1109/tvcg.2012.262,A5079369129,4,"[""I180825142"", ""I4210154378""]",True
10.1109/tvcg.2012.262,A5079537893,5,"[""I102197404"", ""I1326498283""]",True
10.1109/tvcg.2012.262,A5071681891,6,"[""I180825142"", ""I4210154378""]",True
10.1109/tvcg.2012.229,A5091720743,1,"[""I95457486""]",True
10.1109/tvcg.2012.229,A5045835385,2,"[""I95457486""]",True
10.1109/tvcg.2012.253,A5075947472,1,"[""I889458895"", ""I200769079""]",True
10.1109/tvcg.2012.253,A5100653962,2,"[""I4210113369""]",True
10.1109/tvcg.2012.253,A5038775008,3,"[""I4210113369""]",True
10.1109/tvcg.2012.253,A5024059541,4,"[""I200769079"", ""I889458895""]",True
10.1109/tvcg.2012.253,A5100344403,5,"[""I76130692""]",True
10.1109/tvcg.2012.253,A5091466289,6,"[""I889458895"", ""I200769079""]",True
10.1109/tvcg.2012.189,A5068805525,1,"[""I60488453""]",True
10.1109/tvcg.2012.189,A5072277937,2,"[""I60488453""]",True
10.1109/tvcg.2012.189,A5058572359,3,"[""I60488453""]",True
10.1109/tvcg.2012.189,A5026497646,4,"[""I111277659""]",True
10.1109/tvcg.2012.189,A5091379507,5,"[""I60488453""]",True
10.1109/vast.2012.6400487,A5012111319,1,[],True
10.1109/tvcg.2012.256,A5065040154,1,"[""I4432739""]",True
10.1109/tvcg.2012.256,A5060325633,2,"[""I4432739""]",True
10.1109/tvcg.2012.256,A5056629578,3,"[""I4432739""]",True
10.1109/tvcg.2012.256,A5000755776,4,"[""I4432739""]",True
10.1109/tvcg.2012.231,A5040558744,1,"[""I66946132""]",True
10.1109/tvcg.2012.231,A5086440196,2,"[""I66946132""]",True
10.1109/tvcg.2012.231,A5085648933,3,"[""I66946132""]",True
10.1109/tvcg.2012.271,A5075052652,1,"[""I4210146357"", ""I40120149"", ""I4210146410""]",True
10.1109/tvcg.2012.271,A5108089001,2,"[""I40120149""]",True
10.1109/tvcg.2012.271,A5008806860,3,"[""I40120149""]",True
10.1109/tvcg.2012.271,A5030187840,4,"[""I40120149""]",True
10.1109/tvcg.2012.271,A5100337178,5,"[""I40120149""]",True
10.1109/vast.2012.6400492,A5059565977,1,"[""I170658231""]",True
10.1109/vast.2012.6400492,A5073935117,2,"[""I100066346""]",True
10.1109/vast.2012.6400492,A5038588052,3,"[""I100066346""]",True
10.1109/vast.2012.6400492,A5073619125,4,"[""I100066346""]",True
10.1109/vast.2012.6400492,A5036545001,5,"[""I170658231""]",True
10.1109/tvcg.2012.272,A5049952020,1,"[""I2801851002""]",True
10.1109/tvcg.2012.272,A5078687182,2,"[""I111979921""]",True
10.1109/tvcg.2012.272,A5056557824,3,"[""I2801851002""]",True
10.1109/tvcg.2012.272,A5018629002,4,[],True
10.1109/tvcg.2012.272,A5058190042,5,"[""I27837315""]",True
10.1109/tvcg.2012.272,A5109811954,6,"[""I2801851002""]",True
10.1109/tvcg.2012.237,A5061682032,1,"[""I4665924""]",True
10.1109/tvcg.2012.237,A5071234214,2,"[""I102134673""]",True
10.1109/tvcg.2012.237,A5021363996,3,"[""I102134673""]",True
10.1109/tvcg.2012.217,A5102013894,1,"[""I169381384""]",True
10.1109/tvcg.2012.217,A5081339413,2,"[""I127558574"", ""I169381384""]",True
10.1109/tvcg.2012.217,A5024860629,3,"[""I102197404"", ""I1326498283""]",True
10.1109/tvcg.2012.217,A5083454802,4,"[""I102197404"", ""I169381384"", ""I4210115485""]",True
10.1109/tvcg.2012.215,A5100654454,1,"[""I219193219""]",True
10.1109/tvcg.2012.215,A5061850907,2,"[""I219193219""]",True
10.1109/tvcg.2012.215,A5080609957,3,"[""I219193219""]",True
10.1109/tvcg.2012.215,A5036915550,4,"[""I219193219""]",True
10.1109/tvcg.2012.215,A5053349373,5,"[""I219193219""]",True
10.1109/tvcg.2012.286,A5002806641,1,"[""I223532165""]",True
10.1109/tvcg.2012.286,A5070956346,2,"[""I223532165""]",True
10.1109/tvcg.2012.286,A5081506338,3,"[""I1282311441"", ""I2803209242""]",True
10.1109/tvcg.2012.286,A5009771339,4,"[""I1282311441"", ""I84218800""]",True
10.1109/tvcg.2012.286,A5007709486,5,"[""I1282311441""]",True
10.1109/tvcg.2012.286,A5045289712,6,"[""I1282311441""]",True
10.1109/tvcg.2012.286,A5056517746,7,"[""I1282311441""]",True
10.1109/tvcg.2012.286,A5019902487,8,"[""I1282311441""]",True
10.1109/tvcg.2012.286,A5009460413,9,"[""I223532165""]",True
10.1109/tvcg.2012.208,A5022287420,1,"[""I83019370""]",True
10.1109/tvcg.2012.208,A5039489539,2,"[""I83019370"", ""I4210099593""]",True
10.1109/tvcg.2012.208,A5051025031,3,"[""I83019370"", ""I4210099593""]",True
10.1109/vast.2012.6400553,A5015182248,1,"[""I31512782""]",True
10.1109/vast.2012.6400553,A5051532808,2,"[""I31512782""]",True
10.1109/vast.2012.6400553,A5057538550,3,[],True
10.1109/vast.2012.6400553,A5022699013,4,[],True
10.1109/vast.2012.6400553,A5077522919,5,"[""I4210101598""]",True
10.1109/tvcg.2012.285,A5073986937,1,"[""I84218800""]",True
10.1109/tvcg.2012.285,A5108525217,2,"[""I2803209242"", ""I84218800""]",True
10.1109/tvcg.2012.285,A5037161857,3,"[""I84218800""]",True
10.1109/tvcg.2012.249,A5023104640,1,"[""I926574661""]",True
10.1109/tvcg.2012.249,A5106979225,2,"[""I2801798921""]",True
10.1109/tvcg.2012.249,A5029336209,3,"[""I926574661""]",True
10.1109/tvcg.2012.245,A5085695563,1,"[""I56590836""]",True
10.1109/tvcg.2012.245,A5006604913,2,"[""I7882870""]",True
10.1109/tvcg.2012.245,A5040517720,3,"[""I56590836""]",True
10.1109/tvcg.2012.245,A5002474982,4,"[""I56590836""]",True
10.1109/tvcg.2012.244,A5032431005,1,"[""I1294297726""]",True
10.1109/tvcg.2012.244,A5001673922,2,"[""I84218800""]",True
10.1109/tvcg.2012.244,A5037161857,3,"[""I4210160527"", ""I84218800""]",True
10.1109/tvcg.2012.244,A5003048902,4,"[""I1294297726""]",True
10.1109/tvcg.2012.194,A5088150992,1,"[""I84218800""]",True
10.1109/tvcg.2012.194,A5037161857,2,"[""I84218800""]",True
10.1109/tvcg.2012.209,A5047677160,1,"[""I223532165""]",True
10.1109/tvcg.2012.209,A5019902487,2,"[""I1282311441""]",True
10.1109/tvcg.2012.209,A5009460413,3,"[""I223532165""]",True
10.1109/vast.2012.6400559,A5010596785,1,"[""I150693791"", ""I859038795""]",True
10.1109/vast.2012.6400559,A5037675411,2,"[""I859038795""]",True
10.1109/tvcg.2012.192,A5070162998,1,"[""I131249849""]",True
10.1109/vast.2012.6400491,A5114250719,1,"[""I219193219""]",True
10.1109/vast.2012.6400491,A5026799813,2,"[""I55732556""]",True
10.1109/vast.2012.6400491,A5034277315,3,"[""I219193219"", ""I28777354""]",True
10.1109/vast.2012.6400491,A5010660324,4,"[""I28777354"", ""I219193219""]",True
10.1109/vast.2012.6400491,A5018584803,5,"[""I219193219""]",True
10.1109/vast.2012.6400491,A5068182445,6,"[""I219193219""]",True
10.1109/tvcg.2012.228,A5074734666,1,"[""I1294671590"", ""I12356871""]",True
10.1109/tvcg.2012.228,A5009460413,2,"[""I142606810"", ""I223532165""]",True
10.1109/tvcg.2012.200,A5050276927,1,"[""I148283060""]",True
10.1109/tvcg.2012.200,A5060468015,2,"[""I148283060""]",True
10.1109/tvcg.2012.200,A5101451813,3,"[""I84218800"", ""I148283060""]",True
10.1109/tvcg.2012.200,A5040077481,4,"[""I10824318"", ""I148283060""]",True
10.1109/tvcg.2012.200,A5038419345,5,"[""I148283060"", ""I95457486""]",True
10.1109/tvcg.2012.200,A5055279742,6,"[""I148283060""]",True
10.1109/tvcg.2012.196,A5073731680,1,"[""I97018004""]",True
10.1109/tvcg.2012.196,A5039378866,2,"[""I97018004""]",True
10.1109/tvcg.2012.196,A5018111215,3,"[""I97018004""]",True
10.1109/tvcg.2012.248,A5003031729,1,"[""I223822909""]",True
10.1109/tvcg.2012.248,A5040363499,2,"[""I223822909""]",True
10.1109/tvcg.2012.248,A5083438172,3,"[""I223822909""]",True
10.1109/tvcg.2012.195,A5084913586,1,"[""I121934306""]",True
10.1109/tvcg.2012.195,A5089451178,2,"[""I121934306""]",True
10.1109/tvcg.2012.193,A5108589516,1,"[""I25974101""]",True
10.1109/tvcg.2012.193,A5049298894,2,"[""I25974101""]",True
10.1109/tvcg.2012.193,A5055531990,3,"[""I22465464""]",True
10.1109/tvcg.2012.193,A5052812610,4,"[""I25974101""]",True
10.1109/tvcg.2012.193,A5014138072,5,"[""I25974101""]",True
10.1109/tvcg.2012.226,A5101526271,1,"[""I185261750""]",True
10.1109/tvcg.2012.226,A5029815396,2,"[""I185261750""]",True
10.1109/tvcg.2012.226,A5042382359,3,"[""I39470171""]",True
10.1109/tvcg.2012.226,A5063443025,4,"[""I185261750""]",True
10.1109/tvcg.2012.191,A5067631224,1,"[""I4210152878""]",True
10.1109/tvcg.2012.191,A5025660411,2,"[""I4210152878""]",True
10.1109/tvcg.2012.191,A5028265195,3,"[""I4210152878""]",True
10.1109/tvcg.2012.191,A5091630951,4,"[""I195893171""]",True
10.1109/tvcg.2012.191,A5065053120,5,"[""I4210152878""]",True
10.1109/tvcg.2012.287,A5074352715,1,"[""I130828816""]",True
10.1109/tvcg.2012.287,A5020952435,2,"[""I130828816""]",True
10.1109/tvcg.2012.287,A5033987709,3,"[""I1282105669""]",True
10.1109/tvcg.2012.287,A5055671238,4,"[""I1282311441""]",True
10.1109/tvcg.2012.287,A5082507303,5,"[""I1289243028""]",True
10.1109/tvcg.2012.287,A5081436027,6,"[""I174183983""]",True
10.1109/tvcg.2012.230,A5082334156,1,"[""I173911158""]",True
10.1109/tvcg.2012.230,A5000228959,2,"[""I173911158""]",True
10.1109/tvcg.2012.230,A5044962213,3,"[""I173911158""]",True
10.1109/tvcg.2012.230,A5060227214,4,"[""I173911158""]",True
10.1109/tvcg.2012.264,A5045256341,1,"[""I219193219""]",True
10.1109/tvcg.2012.264,A5026799813,2,"[""I55732556""]",True
10.1109/tvcg.2012.264,A5010660324,3,"[""I28777354""]",True
10.1109/tvcg.2012.264,A5034277315,4,"[""I219193219""]",True
10.1109/tvcg.2012.264,A5018584803,5,"[""I219193219""]",True
10.1109/tvcg.2012.224,A5088085186,1,"[""I1291425158""]",True
10.1109/tvcg.2012.224,A5082668404,2,"[""I130701444""]",True
10.1109/tvcg.2012.292,A5024349334,1,"[""I195893171""]",True
10.1109/tvcg.2012.292,A5029613832,2,"[""I98358874""]",True
10.1109/tvcg.2012.292,A5032984381,3,"[""I195893171""]",True
10.1109/tvcg.2012.292,A5091630951,4,"[""I195893171""]",True
10.1109/tvcg.2012.273,A5025331216,1,"[""I145847075""]",True
10.1109/tvcg.2012.273,A5056931882,2,"[""I132976966""]",True
10.1109/tvcg.2012.273,A5084024959,3,"[""I132976966""]",True
10.1109/tvcg.2012.236,A5038943746,1,"[""I20231570""]",True
10.1109/tvcg.2012.236,A5080855632,2,"[""I20231570""]",True
10.1109/tvcg.2012.236,A5100708726,3,"[""I1283103587""]",True
10.1109/tvcg.2012.236,A5100763365,4,"[""I20231570""]",True
10.1109/tvcg.2012.232,A5072687280,1,"[""I102134673""]",True
10.1109/tvcg.2012.232,A5041442214,2,"[""I102134673""]",True
10.1109/tvcg.2012.232,A5061059879,3,"[""I102134673""]",True
10.1109/tvcg.2012.232,A5048647256,4,"[""I102134673""]",True
10.1109/tvcg.2012.190,A5028265195,1,"[""I4210152878""]",True
10.1109/tvcg.2012.190,A5052937079,2,"[""I4210151080""]",True
10.1109/tvcg.2012.190,A5069708834,3,"[""I4210152878""]",True
10.1109/tvcg.2012.190,A5065053120,4,"[""I4210152878""]",True
10.1109/tvcg.2012.216,A5100326436,1,"[""I79272384"", ""I126744593""]",True
10.1109/tvcg.2012.216,A5076081056,2,"[""I44854399""]",True
10.1109/tvcg.2012.216,A5017463743,3,"[""I29606459""]",True
10.1109/tvcg.2012.216,A5030179454,4,"[""I175594653""]",True
10.1109/tvcg.2012.274,A5017590724,1,"[""I62916508""]",True
10.1109/tvcg.2012.274,A5109234117,2,"[""I62916508""]",True
10.1109/tvcg.2012.274,A5081572822,3,"[""I62916508""]",True
10.1109/tvcg.2012.274,A5037572274,4,"[""I145311948""]",True
10.1109/tvcg.2012.274,A5019891335,5,"[""I145311948""]",True
10.1109/tvcg.2012.274,A5029621326,6,"[""I62916508""]",True
10.1109/vast.2012.6400489,A5044973138,1,"[""I168635309""]",True
10.1109/vast.2012.6400489,A5077314929,2,"[""I168635309""]",True
10.1109/vast.2012.6400489,A5024259010,3,"[""I90965887""]",True
10.1109/vast.2012.6400489,A5005986566,4,"[""I-1"", ""I17974374""]",True
10.1109/vast.2012.6400489,A5011424640,5,"[""I-1"", ""I17974374""]",True
10.1109/vast.2012.6400489,A5062797157,6,"[""I168635309""]",True
10.1109/tvcg.2012.255,A5037110552,1,"[""I141945490""]",True
10.1109/tvcg.2012.255,A5024274005,2,[],True
10.1109/tvcg.2012.255,A5079916657,3,"[""I141945490""]",True
10.1109/tvcg.2012.255,A5063555642,4,"[""I8204097""]",True
10.1109/tvcg.2012.218,A5109956730,1,"[""I223532165""]",True
10.1109/tvcg.2012.218,A5102774532,2,"[""I46020346"", ""I63966007""]",True
10.1109/tvcg.2012.218,A5083523340,3,"[""I223532165"", ""I46020346""]",True
10.1109/tvcg.2012.218,A5056647443,4,"[""I223532165"", ""I63966007""]",True
10.1109/tvcg.2012.284,A5052673631,1,"[""I100066346""]",True
10.1109/tvcg.2012.284,A5011941798,2,"[""I100066346""]",True
10.1109/tvcg.2012.284,A5038629539,3,"[""I100066346""]",True
10.1109/tvcg.2012.202,A5082209080,1,"[""I95793202""]",True
10.1109/tvcg.2012.202,A5055750487,2,"[""I95793202""]",True
10.1109/tvcg.2012.202,A5108990430,3,"[""I83019370""]",True
10.1109/tvcg.2012.202,A5001362069,4,"[""I4210138551""]",True
10.1109/tvcg.2012.202,A5030293383,5,"[""I4210138551""]",True
10.1109/tvcg.2012.202,A5086223886,6,"[""I83019370""]",True
10.1109/tvcg.2012.202,A5039626800,7,"[""I95793202""]",True
10.1109/tvcg.2012.202,A5034699298,8,"[""I95793202""]",True
10.1109/tvcg.2012.187,A5089950885,1,"[""I2801935854"", ""I4210094059""]",True
10.1109/tvcg.2012.187,A5010597978,2,"[""I4210094059"", ""I2801935854""]",True
10.1109/tvcg.2012.187,A5007670828,3,"[""I4210094059"", ""I2801935854""]",True
10.1109/vast.2012.6400560,A5061966723,1,"[""I859038795""]",True
10.1109/vast.2012.6400560,A5103154375,2,"[""I859038795""]",True
10.1109/vast.2012.6400560,A5026052680,3,"[""I859038795""]",True
10.1109/vast.2012.6400490,A5077148853,1,"[""I39422238""]",True
10.1109/vast.2012.6400490,A5015516607,2,"[""I39422238""]",True
10.1109/vast.2012.6400490,A5032280607,3,"[""I39422238""]",True
10.1109/tvcg.2012.258,A5102234375,1,"[""I859038795""]",True
10.1109/tvcg.2012.258,A5028853183,2,"[""I859038795""]",True
10.1109/tvcg.2012.258,A5054189045,3,"[""I204465549""]",True
10.1109/tvcg.2012.258,A5089500765,4,"[""I859038795""]",True
10.1109/tvcg.2012.258,A5068161656,5,"[""I859038795"", ""I204465549""]",True
10.1109/tvcg.2012.258,A5035052603,6,"[""I859038795""]",True
10.1109/tvcg.2012.254,A5103406484,1,"[""I145847075""]",True
10.1109/tvcg.2012.254,A5005355207,2,"[""I145847075""]",True
10.1109/tvcg.2012.254,A5019622072,3,"[""I145847075""]",True
10.1109/tvcg.2012.254,A5109928029,4,"[""I145847075""]",True
10.1109/tvcg.2012.250,A5061115862,1,"[""I189712700""]",True
10.1109/tvcg.2012.250,A5003377833,2,"[""I189712700""]",True
10.1109/tvcg.2012.207,A5040897069,1,"[""I179225836""]",True
10.1109/tvcg.2012.207,A5041757977,2,"[""I179225836""]",True
10.1109/tvcg.2012.207,A5041029596,3,"[""I179225836""]",True
10.1109/tvcg.2012.227,A5088150992,1,"[""I84218800""]",True
10.1109/tvcg.2012.227,A5037161857,2,"[""I84218800""]",True
10.1109/tvcg.2012.205,A5024222438,1,[],True
10.1109/tvcg.2012.205,A5039539396,2,"[""I1326498283"", ""I169381384""]",True
10.1109/vast.2012.6400556,A5000555892,1,"[""I1343190059""]",True
10.1109/vast.2012.6400556,A5019393500,2,"[""I1343190059""]",True
10.1109/vast.2012.6400556,A5066432601,3,"[""I4210116233""]",True
10.1109/tvcg.2012.288,A5010090402,1,"[""I79272384""]",True
10.1109/tvcg.2012.288,A5009611685,2,"[""I79272384""]",True
10.1109/tvcg.2012.288,A5027045308,3,"[""I79272384""]",True
10.1109/tvcg.2012.222,A5038588052,1,"[""I100066346""]",True
10.1109/tvcg.2012.222,A5058196703,2,"[""I100066346""]",True
10.1109/tvcg.2012.222,A5059565977,3,"[""I170658231""]",True
10.1109/tvcg.2012.222,A5036545001,4,"[""I170658231""]",True
10.1109/tvcg.2012.222,A5073619125,5,"[""I100066346""]",True
10.1109/tvcg.2012.282,A5091360778,1,"[""I78650965""]",True
10.1109/tvcg.2012.282,A5109214905,2,"[""I100066346""]",True
10.1109/tvcg.2012.282,A5104534360,3,"[""I100066346""]",True
10.1109/tvcg.2012.282,A5087317081,4,"[""I100066346""]",True
10.1109/tvcg.2012.282,A5064684360,5,"[""I100066346""]",True
10.1109/tvcg.2012.282,A5109926697,6,"[""I100066346""]",True
10.1109/tvcg.2012.282,A5038629539,7,"[""I100066346""]",True
10.1109/tvcg.2012.203,A5079984513,1,"[""I102134673""]",True
10.1109/tvcg.2012.203,A5069939725,2,"[""I102134673""]",True
10.1109/tvcg.2012.203,A5005222066,3,"[""I102134673""]",True
10.1109/tvcg.2012.203,A5000813954,4,"[""I102134673""]",True
10.1109/tvcg.2012.203,A5075195058,5,"[""I102134673""]",True
10.1109/tvcg.2012.186,A5055587193,1,"[""I76198965""]",True
10.1109/tvcg.2012.186,A5027313464,2,"[""I76198965""]",True
10.1109/tvcg.2012.186,A5002674092,3,"[""I59553526""]",True
10.1109/tvcg.2012.186,A5039316020,4,"[""I59553526""]",True
10.1109/tvcg.2012.186,A5030975812,5,"[""I59553526""]",True
10.1109/vast.2012.6400552,A5017439447,1,"[""I592451""]",True
10.1109/vast.2012.6400552,A5074260102,2,"[""I4210119109"", ""I592451""]",True
10.1109/vast.2012.6400552,A5084471891,3,"[""I8692664""]",True
10.1109/tvcg.2012.261,A5022585634,1,"[""I1343190059""]",True
10.1109/tvcg.2012.261,A5030890781,2,"[""I1343190059""]",True
10.1109/tvcg.2012.261,A5041515579,3,"[""I1343190059""]",True
10.1109/tvcg.2012.261,A5083386256,4,"[""I1343190059""]",True
10.1109/tvcg.2012.261,A5109928029,5,"[""I145847075""]",True
10.1109/tvcg.2012.234,A5109257375,1,"[""I59553526""]",True
10.1109/tvcg.2012.234,A5102535013,2,"[""I59553526""]",True
10.1109/tvcg.2012.234,A5030975812,3,"[""I59553526""]",True
10.1109/tvcg.2012.259,A5019308726,1,"[""I71920554""]",True
10.1109/tvcg.2012.259,A5023685974,2,"[""I1343190059""]",True
10.1109/tvcg.2012.259,A5086722983,3,"[""I1343190059""]",True
10.1109/tvcg.2012.259,A5029818256,4,"[""I1343190059""]",True
10.1109/tvcg.2012.259,A5062867814,5,[],True
10.1109/tvcg.2012.259,A5008754293,6,"[""I71920554""]",True
10.1109/vast.2012.6400484,A5101116565,1,"[""I129902397""]",True
10.1109/vast.2012.6400484,A5035485219,2,"[""I129902397""]",True
10.1109/vast.2012.6400484,A5013989913,3,"[""I129902397""]",True
10.1109/tvcg.2012.281,A5091723096,1,"[""I94509681""]",True
10.1109/tvcg.2012.281,A5051590071,2,"[""I100066346""]",True
10.1109/tvcg.2012.281,A5010779666,3,"[""I94509681""]",True
10.1109/tvcg.2012.281,A5069699303,4,"[""I94509681""]",True
10.1109/tvcg.2012.281,A5054911291,5,"[""I31512782""]",True
10.1109/tvcg.2012.281,A5073619125,6,"[""I100066346""]",True
10.1109/tvcg.2012.281,A5000099153,7,"[""I94509681""]",True
10.1109/tvcg.2012.280,A5065154799,1,"[""I153267046""]",True
10.1109/tvcg.2012.280,A5082808731,2,"[""I153267046""]",True
10.1109/tvcg.2012.280,A5071898071,3,"[""I153267046""]",True
10.1109/tvcg.2012.280,A5090836057,4,"[""I4210135053"", ""I84218800""]",True
10.1109/tvcg.2012.280,A5024811084,5,"[""I4210135053"", ""I84218800""]",True
10.1109/tvcg.2012.280,A5077191719,6,"[""I84218800""]",True
10.1109/tvcg.2012.280,A5108428297,7,"[""I153267046""]",True
10.1109/tvcg.2012.243,A5033107604,1,"[""I35440088""]",True
10.1109/tvcg.2012.243,A5086341216,2,"[""I35440088""]",True
10.1109/tvcg.2012.243,A5091324880,3,[],True
10.1109/tvcg.2012.243,A5030890781,4,"[""I1343190059""]",True
10.1109/tvcg.2012.243,A5018302316,5,"[""I4432739""]",True
10.1109/tvcg.2012.243,A5085517250,6,"[""I35440088""]",True
10.1109/tvcg.2012.243,A5000695313,7,"[""I1343190059""]",True
10.1109/tvcg.2012.243,A5030439152,8,"[""I35440088""]",True
10.1109/tvcg.2012.242,A5100323371,1,"[""I4210119109"", ""I901403493""]",True
10.1109/tvcg.2012.242,A5067753398,2,"[""I4210141176""]",True
10.1109/tvcg.2012.242,A5106710451,3,"[""I61057504""]",True
10.1109/tvcg.2012.242,A5031490906,4,"[""I61057504""]",True
10.1109/tvcg.2012.267,A5101795131,1,"[""I76130692""]",True
10.1109/tvcg.2012.267,A5032760251,2,"[""I76130692""]",True
10.1109/tvcg.2012.267,A5025279788,3,"[""I147554453""]",True
10.1109/tvcg.2012.267,A5115076700,4,"[""I147554453""]",True
10.1109/tvcg.2012.267,A5107856777,5,"[""I147554453""]",True
10.1109/tvcg.2012.267,A5059021869,6,"[""I76130692""]",True
10.1109/tvcg.2012.223,A5039268438,1,"[""I1288214837""]",True
10.1109/tvcg.2012.223,A5059772181,2,"[""I1288214837""]",True
10.1109/tvcg.2012.223,A5112255178,3,"[""I1288214837""]",True
10.1109/tvcg.2012.211,A5111981175,1,"[""I84218800""]",True
10.1109/tvcg.2012.211,A5114031893,2,"[""I84218800""]",True
10.1109/tvcg.2012.188,A5049649342,1,"[""I4432739""]",True
10.1109/tvcg.2012.188,A5065040154,2,"[""I4432739""]",True
10.1109/tvcg.2012.188,A5103498607,3,"[""I4432739""]",True
10.1109/tvcg.2012.188,A5022294742,4,"[""I2800297018"", ""I4432739""]",True
10.1109/vast.2012.6400493,A5076734836,1,"[""I8692664""]",True
10.1109/vast.2012.6400493,A5084471891,2,"[""I8692664""]",True
10.1109/tvcg.2012.214,A5046501868,1,"[""I175594653"", ""I27804330""]",True
10.1109/tvcg.2012.214,A5078255818,2,"[""I27804330"", ""I175594653""]",True
10.1109/tvcg.2012.214,A5050064511,3,"[""I27804330"", ""I175594653""]",True
10.1109/tvcg.2012.214,A5101564894,4,"[""I27804330"", ""I175594653""]",True
10.1109/tvcg.2012.214,A5030179454,5,"[""I27804330"", ""I175594653""]",True
10.1109/tvcg.2012.278,A5111647528,1,"[""I204250578"", ""I148283060""]",True
10.1109/tvcg.2012.278,local:499a820c76c9753e,2,"[""I148283060""]",True
10.1109/tvcg.2012.278,local:f8f7987d5786fa45,3,"[""I148283060""]",True
10.1109/tvcg.2012.278,local:f5e332120c416208,4,"[""I148283060""]",True
10.1109/tvcg.2012.278,local:bcb25861344f3fe9,5,"[""I148283060""]",True
10.1109/tvcg.2012.278,local:eeb4d897c829cfda,6,"[""I148283060""]",True
10.1109/tvcg.2012.278,local:5c31e2648e181f35,7,"[""I1343871089""]",True
10.1109/tvcg.2012.278,local:218441aeca9b7898,8,"[""I1343871089""]",True
10.1109/tvcg.2012.278,local:0f36f08a45dff650,9,"[""I1343871089""]",True
10.1109/tvcg.2012.278,local:ad9559e1f28414f5,10,"[""I2799909505""]",True
10.1109/tvcg.2012.278,local:5821fa66f6822f23,11,"[""I2799909505""]",True
10.1109/tvcg.2012.278,local:7ffb8dc3dbc7ba93,12,"[""I2799909505""]",True
10.1109/tvcg.2012.278,local:fdc4243faaf4fc9f,13,"[""I142606810""]",True
10.1109/tvcg.2012.278,local:283793c23fa64cd8,14,"[""I142606810""]",True
10.1109/vast.2012.6400555,A5069364285,1,"[""I145847075""]",True
10.1109/vast.2012.6400555,A5051043883,2,"[""I138211613"", ""I4210122765""]",True
10.1109/vast.2012.6400555,A5109847267,3,"[""I76134821"", ""I138211613""]",True
10.1109/vast.2012.6400555,A5081205856,4,"[""I4210122765"", ""I145847075""]",True
10.1109/vast.2012.6400555,A5047134476,5,"[""I4210122765"", ""I76134821""]",True
10.1109/vast.2012.6400555,A5063965880,6,"[""I145847075"", ""I138211613""]",True
10.1109/vast.2012.6400555,A5045105070,7,"[""I4210122765"", ""I138211613""]",True
10.1109/vast.2012.6400555,A5103494560,8,"[""I145847075""]",True
10.1109/tvcg.2012.206,A5025397194,1,"[""I102134673""]",True
10.1109/tvcg.2012.206,A5102013833,2,"[""I102134673""]",True
10.1109/tvcg.2012.206,A5090601084,3,"[""I154130895""]",True
10.1109/tvcg.2012.206,A5108818069,4,"[""I154130895""]",True
10.1109/tvcg.2012.206,A5061059879,5,"[""I102134673""]",True
10.1109/tvcg.2012.283,A5101854577,1,"[""I3019415892"", ""I153267046""]",True
10.1109/tvcg.2012.283,A5112241404,2,"[""I84218800""]",True
10.1109/tvcg.2012.283,A5111981175,3,"[""I84218800""]",True
10.1109/tvcg.2012.283,A5061191410,4,"[""I84218800""]",True
10.1109/tvcg.2012.283,A5114031893,5,"[""I84218800""]",True
10.1109/tvcg.2012.283,A5071220385,6,"[""I73114660"", ""I153267046""]",True
10.1109/tvcg.2012.210,A5028111343,1,"[""I59553526""]",True
10.1109/tvcg.2012.210,A5100436103,2,"[""I59553526""]",True
10.1109/tvcg.2012.210,A5039517392,3,"[""I59553526""]",True
10.1109/tvcg.2012.198,A5016294821,1,"[""I926574661""]",True
10.1109/tvcg.2012.198,A5029336209,2,"[""I926574661""]",True
10.1109/tvcg.2012.239,A5013842628,1,"[""I153267046"", ""I2898391981""]",True
10.1109/tvcg.2012.239,A5006194618,2,"[""I84218800""]",True
10.1109/tvcg.2012.239,A5073864158,3,"[""I4210160527""]",True
10.1109/tvcg.2012.239,A5077676989,4,"[""I84218800""]",True
10.1109/tvcg.2012.239,A5108720368,5,"[""I2898391981""]",True
10.1109/tvcg.2012.239,A5077191719,6,"[""I84218800""]",True
10.1109/tvcg.2012.239,A5006361808,7,"[""I2898391981""]",True
10.1109/tvcg.2012.239,A5005530908,8,"[""I153267046""]",True
10.1109/vast.2012.6400558,A5103084682,1,"[""I130769515""]",True
10.1109/vast.2012.6400558,A5080765061,2,"[""I130769515""]",True
10.1109/vast.2012.6400558,A5108228257,3,"[""I27837315""]",True
10.1109/vast.2012.6400558,A5012360690,4,"[""I27837315""]",True
10.1109/tvcg.2012.269,A5078424052,1,"[""I219193219""]",True
10.1109/tvcg.2012.269,A5044031615,2,[],True
10.1109/tvcg.2012.269,A5000413604,3,"[""I219193219""]",True
10.1109/tvcg.2011.185,A5005322254,1,"[""I97018004""]",True
10.1109/tvcg.2011.185,A5091278432,2,"[""I97018004""]",True
10.1109/tvcg.2011.185,A5090570042,3,"[""I97018004""]",True
10.1109/tvcg.2011.255,A5068008545,1,"[""I27837315""]",True
10.1109/tvcg.2011.255,A5079222963,2,"[""I102322142""]",True
10.1109/tvcg.2011.239,A5100653962,1,"[""I200769079"", ""I889458895"", ""I4210113369""]",True
10.1109/tvcg.2011.239,A5038775008,2,"[""I4210113369""]",True
10.1109/tvcg.2011.239,A5065822896,3,"[""I4210113369""]",True
10.1109/tvcg.2011.239,A5075947472,4,"[""I889458895"", ""I200769079""]",True
10.1109/tvcg.2011.239,A5020880385,5,"[""I4210113369""]",True
10.1109/tvcg.2011.239,A5058252467,6,"[""I4210113369"", ""I76130692""]",True
10.1109/tvcg.2011.239,A5091466289,7,"[""I4210113369""]",True
10.1109/tvcg.2011.239,A5100784734,8,"[""I889458895"", ""I200769079""]",True
10.1109/vast.2011.6102456,A5019756314,1,"[""I130769515""]",True
10.1109/vast.2011.6102456,A5027014298,2,"[""I130769515""]",True
10.1109/vast.2011.6102456,A5052151056,3,"[""I130769515""]",True
10.1109/vast.2011.6102456,A5061103977,4,"[""I130769515""]",True
10.1109/vast.2011.6102456,A5067447713,5,"[""I130769515""]",True
10.1109/vast.2011.6102456,A5009542542,6,"[""I130769515""]",True
10.1109/vast.2011.6102456,A5100320944,7,"[""I130769515""]",True
10.1109/vast.2011.6102456,A5026659841,8,"[""I130769515""]",True
10.1109/tvcg.2011.229,A5059742070,1,"[""I189712700""]",True
10.1109/tvcg.2011.229,A5080987337,2,"[""I189712700""]",True
10.1109/tvcg.2011.229,A5073919282,3,"[""I189712700""]",True
10.1109/tvcg.2011.220,A5005986566,1,"[""I17974374""]",True
10.1109/tvcg.2011.220,A5009099532,2,"[""I17974374""]",True
10.1109/tvcg.2011.220,A5076741848,3,"[""I17974374""]",True
10.1109/tvcg.2011.220,A5027973658,4,"[""I17974374""]",True
10.1109/tvcg.2011.220,A5011424640,5,"[""I17974374""]",True
10.1109/tvcg.2011.226,A5016295654,1,"[""I100066346""]",True
10.1109/tvcg.2011.226,A5090876108,2,"[""I100066346""]",True
10.1109/tvcg.2011.226,A5065310800,3,"[""I89864525""]",True
10.1109/tvcg.2011.226,A5008702561,4,"[""I89864525""]",True
10.1109/tvcg.2011.226,A5073619125,5,"[""I100066346""]",True
10.1109/tvcg.2011.179,A5091174785,1,"[""I189712700""]",True
10.1109/tvcg.2011.179,A5059742070,2,"[""I189712700""]",True
10.1109/tvcg.2011.179,A5073919282,3,"[""I189712700""]",True
10.1109/tvcg.2011.192,A5065943691,1,"[""I136199984"", ""I4210144062"", ""I1283280774""]",True
10.1109/tvcg.2011.192,A5010436269,2,"[""I136199984"", ""I4210144062"", ""I1283280774""]",True
10.1109/tvcg.2011.192,A5112710952,3,"[""I1283280774"", ""I4210144062"", ""I136199984""]",True
10.1109/tvcg.2011.192,A5028793315,4,"[""I4210144062"", ""I136199984"", ""I1283280774""]",True
10.1109/tvcg.2011.192,A5019106665,5,"[""I4210155236"", ""I1283280774"", ""I4210144062"", ""I4210154694"", ""I136199984""]",True
10.1109/tvcg.2011.192,A5086868908,6,"[""I136199984"", ""I1283280774"", ""I4210144062""]",True
10.1109/tvcg.2011.192,A5047169723,7,"[""I136199984"", ""I1283280774"", ""I4210144062""]",True
10.1109/tvcg.2011.192,A5043151044,8,"[""I1283280774"", ""I4210144062"", ""I136199984""]",True
10.1109/tvcg.2011.186,A5079897672,1,"[""I154570441"", ""I1290206253""]",True
10.1109/tvcg.2011.186,A5028009047,2,"[""I4210164937""]",True
10.1109/tvcg.2011.186,A5090345450,3,"[""I4210164937""]",True
10.1109/tvcg.2011.186,A5020340631,4,"[""I4210164937""]",True
10.1109/tvcg.2011.233,A5110386745,1,"[""I169381384""]",True
10.1109/tvcg.2011.233,A5058678073,2,"[""I100296615"", ""I134560555"", ""I4210160189"", ""I4210119061"", ""I4210152422"", ""I3131550300""]",True
10.1109/tvcg.2011.233,A5009099532,3,"[""I4210092357"", ""I17974374""]",True
10.1109/tvcg.2011.233,A5026391994,4,"[""I17974374"", ""I4210092357""]",True
10.1109/tvcg.2011.233,A5024074640,5,"[""I169381384""]",True
10.1109/tvcg.2011.181,A5038299474,1,"[""I83019370""]",True
10.1109/tvcg.2011.181,A5003654893,2,"[""I83019370""]",True
10.1109/tvcg.2011.181,A5025297422,3,"[""I83019370""]",True
10.1109/tvcg.2011.181,A5022699013,4,"[""I4210144576""]",True
10.1109/tvcg.2011.181,A5057538550,5,"[""I4210144576""]",True
10.1109/tvcg.2011.181,A5051025031,6,"[""I83019370""]",True
10.1109/tvcg.2011.201,A5049609802,1,"[""I83019370""]",True
10.1109/tvcg.2011.201,A5051025031,2,"[""I83019370""]",True
10.1109/tvcg.2011.175,A5068008545,1,"[""I27837315""]",True
10.1109/tvcg.2011.175,A5064931337,2,"[""I27837315""]",True
10.1109/tvcg.2011.175,A5026986610,3,"[""I27837315""]",True
10.1109/tvcg.2011.193,A5016295654,1,"[""I100066346""]",True
10.1109/tvcg.2011.193,A5038794027,2,"[""I100066346""]",True
10.1109/tvcg.2011.193,A5067224066,3,"[""I100066346""]",True
10.1109/tvcg.2011.193,A5060939522,4,"[""I100066346""]",True
10.1109/tvcg.2011.193,A5073619125,5,"[""I100066346""]",True
10.1109/vast.2011.6102449,A5064306421,1,"[""I859038795""]",True
10.1109/vast.2011.6102449,A5036723560,2,"[""I859038795""]",True
10.1109/vast.2011.6102449,A5076430518,3,"[""I859038795""]",True
10.1109/vast.2011.6102449,A5113555684,4,"[""I859038795""]",True
10.1109/vast.2011.6102449,A5062711342,5,"[""I859038795""]",True
10.1109/vast.2011.6102449,A5037675411,6,"[""I859038795""]",True
10.1109/vast.2011.6102453,A5033915778,1,"[""I83019370""]",True
10.1109/vast.2011.6102453,A5051025031,2,"[""I83019370""]",True
10.1109/tvcg.2011.202,A5077490455,1,"[""I83019370""]",True
10.1109/tvcg.2011.202,A5000420564,2,"[""I83019370""]",True
10.1109/tvcg.2011.202,A5053109913,3,"[""I83019370""]",True
10.1109/tvcg.2011.188,A5000474356,1,"[""I889458895"", ""I200769079""]",True
10.1109/tvcg.2011.188,A5077712580,2,"[""I4210114115""]",True
10.1109/tvcg.2011.188,A5084279065,3,"[""I4210114115""]",True
10.1109/tvcg.2011.188,A5091466289,4,"[""I889458895"", ""I200769079""]",True
10.1109/tvcg.2011.248,A5037578563,1,"[""I18014758""]",True
10.1109/tvcg.2011.248,A5033912951,2,"[""I18014758""]",True
10.1109/tvcg.2011.248,A5060664606,3,"[""I18014758""]",True
10.1109/tvcg.2011.248,A5091630951,4,"[""I195893171""]",True
10.1109/tvcg.2011.248,A5023373846,5,"[""I195893171""]",True
10.1109/tvcg.2011.248,A5078786321,6,"[""I4210159854""]",True
10.1109/tvcg.2011.248,A5110631057,7,"[""I18014758""]",True
10.1109/tvcg.2011.190,A5028355998,1,"[""I97018004""]",True
10.1109/tvcg.2011.190,A5068085968,2,"[""I97018004""]",True
10.1109/tvcg.2011.190,A5090570042,3,"[""I97018004""]",True
10.1109/tvcg.2011.209,A5019551372,1,"[""I180825142""]",True
10.1109/tvcg.2011.209,A5079369129,2,"[""I180825142""]",True
10.1109/vast.2011.6102455,A5100317841,1,"[""I200769079"", ""I889458895""]",True
10.1109/vast.2011.6102455,A5020927169,2,"[""I889458895"", ""I200769079""]",True
10.1109/vast.2011.6102455,A5100366001,3,"[""I889458895"", ""I200769079""]",True
10.1109/vast.2011.6102455,A5100406620,4,"[""I889458895"", ""I200769079""]",True
10.1109/vast.2011.6102455,A5091466289,5,"[""I200769079"", ""I889458895""]",True
10.1109/vast.2011.6102455,A5021357065,6,"[""I889458895"", ""I200769079""]",True
10.1109/tvcg.2011.196,A5108676162,1,"[""I18014758""]",True
10.1109/tvcg.2011.196,A5084098357,2,"[""I18014758""]",True
10.1109/tvcg.2011.183,A5014594342,1,"[""I4092182""]",True
10.1109/tvcg.2011.183,A5061106600,2,"[""I4092182""]",True
10.1109/tvcg.2011.183,A5042080340,3,"[""I4092182""]",True
10.1109/tvcg.2011.183,A5031057530,4,"[""I4092182""]",True
10.1109/tvcg.2011.183,A5048047909,5,"[""I4092182""]",True
10.1109/vast.2011.6102461,A5055992752,1,"[""I102149020""]",True
10.1109/vast.2011.6102461,A5100357631,2,"[""I102149020""]",True
10.1109/vast.2011.6102461,A5089451178,3,"[""I121934306""]",True
10.1109/vast.2011.6102461,A5110208682,4,"[""I102149020""]",True
10.1109/vast.2011.6102454,A5022699013,1,"[""I135140700"", ""I4210144576""]",True
10.1109/vast.2011.6102454,A5057538550,2,"[""I135140700"", ""I4210144576""]",True
10.1109/vast.2011.6102454,A5058678073,3,"[""I4210160189"", ""I3131550300"", ""I4210119061"", ""I100296615"", ""I134560555"", ""I4210152422""]",True
10.1109/vast.2011.6102454,A5024898168,4,"[""I122991210""]",True
10.1109/vast.2011.6102454,A5108279292,5,"[""I4210144576"", ""I135140700""]",True
10.1109/tvcg.2011.178,A5065040154,1,"[""I4432739""]",True
10.1109/tvcg.2011.178,A5041191852,2,[],True
10.1109/tvcg.2011.178,A5000755776,3,"[""I4432739""]",True
10.1109/tvcg.2011.261,A5054749881,1,"[""I20231570""]",True
10.1109/tvcg.2011.261,A5100895649,2,"[""I20231570""]",True
10.1109/tvcg.2011.261,A5038943746,3,"[""I20231570""]",True
10.1109/tvcg.2011.205,A5072951828,1,"[""I148366613""]",True
10.1109/tvcg.2011.205,A5083345538,2,"[""I87354575"", ""I148366613""]",True
10.1109/tvcg.2011.195,A5018820623,1,"[""I185261750""]",True
10.1109/tvcg.2011.195,A5029815396,2,"[""I74753095""]",True
10.1109/tvcg.2011.195,A5054725183,3,"[""I1326498283""]",True
10.1109/tvcg.2011.195,A5063443025,4,"[""I185261750""]",True
10.1109/tvcg.2011.162,A5103250875,1,"[""I84218800"", ""I1343871089""]",True
10.1109/tvcg.2011.162,A5088109190,2,"[""I1343871089""]",True
10.1109/tvcg.2011.162,A5019902487,3,"[""I1282311441""]",True
10.1109/tvcg.2011.162,A5018130478,4,"[""I1343871089""]",True
10.1109/tvcg.2011.162,A5009460413,5,"[""I223532165""]",True
10.1109/tvcg.2011.162,A5000687536,6,"[""I1343871089""]",True
10.1109/tvcg.2011.162,A5005188509,7,"[""I926574661""]",True
10.1109/tvcg.2011.162,A5077191719,8,"[""I84218800""]",True
10.1109/tvcg.2011.161,A5072393155,1,"[""I22465464""]",True
10.1109/tvcg.2011.161,A5061059879,2,"[""I102134673""]",True
10.1109/tvcg.2011.234,A5079897672,1,"[""I154570441""]",True
10.1109/tvcg.2011.234,A5028885566,2,"[""I154570441""]",True
10.1109/tvcg.2011.234,A5046620680,3,"[""I154570441""]",True
10.1109/tvcg.2011.234,A5075722001,4,"[""I154570441""]",True
10.1109/tvcg.2011.251,A5052445776,1,"[""I168635309""]",True
10.1109/tvcg.2011.251,A5012561411,2,"[""I4210099137"", ""I4210153468"", ""I168635309""]",True
10.1109/tvcg.2011.251,A5068799512,3,"[""I1290206253"", ""I4210164937""]",True
10.1109/tvcg.2011.251,A5062129811,4,"[""I4210164937"", ""I1290206253""]",True
10.1109/tvcg.2011.251,A5090970785,5,"[""I1290206253"", ""I201448701""]",True
10.1109/tvcg.2011.207,A5043102053,1,"[""I4210137873""]",True
10.1109/tvcg.2011.207,A5111915664,2,"[""I4210137873"", ""I180437899""]",True
10.1109/tvcg.2011.207,A5050762735,3,"[""I4210137873""]",True
10.1109/tvcg.2011.207,A5047104707,4,"[""I193619901"", ""I4210137873""]",True
10.1109/tvcg.2011.169,A5003377833,1,"[""I189712700""]",True
10.1109/tvcg.2011.169,A5016031646,2,"[""I189712700""]",True
10.1109/vast.2011.6102457,A5045256341,1,"[""I219193219""]",True
10.1109/vast.2011.6102457,A5026799813,2,"[""I219193219""]",True
10.1109/vast.2011.6102457,A5018584803,3,"[""I219193219""]",True
10.1109/tvcg.2011.224,A5043545263,1,"[""I102134673""]",True
10.1109/tvcg.2011.224,A5022825349,2,[],True
10.1109/tvcg.2011.224,A5071234214,3,"[""I102134673""]",True
10.1109/tvcg.2011.224,A5000813954,4,"[""I102134673""]",True
10.1109/tvcg.2011.224,A5048647256,5,"[""I102134673""]",True
10.1109/vast.2011.6102439,A5051532808,1,"[""I31512782""]",True
10.1109/vast.2011.6102439,A5015182248,2,"[""I189712700"", ""I31512782""]",True
10.1109/vast.2011.6102439,A5101498642,3,"[""I31512782""]",True
10.1109/vast.2011.6102439,A5016219620,4,"[""I31512782"", ""I189712700""]",True
10.1109/vast.2011.6102439,A5006873695,5,"[""I31512782""]",True
10.1109/vast.2011.6102439,A5017310929,6,"[""I31512782""]",True
10.1109/tvcg.2011.249,A5040371404,1,"[""I195893171""]",True
10.1109/tvcg.2011.249,A5040080342,2,"[""I195893171""]",True
10.1109/tvcg.2011.249,A5040236693,3,"[""I195893171""]",True
10.1109/tvcg.2011.249,A5091630951,4,"[""I195893171""]",True
10.1109/tvcg.2011.243,A5082209080,1,"[""I4210138551""]",True
10.1109/tvcg.2011.243,A5087836838,2,"[""I4210138551""]",True
10.1109/tvcg.2011.243,A5030293383,3,"[""I4210138551""]",True
10.1109/tvcg.2011.243,A5034699298,4,"[""I4210138551""]",True
10.1109/vast.2011.6102438,A5088085186,1,"[""I130701444""]",True
10.1109/vast.2011.6102438,A5082668404,2,"[""I130701444""]",True
10.1109/tvcg.2011.253,A5023511994,1,"[""I130828816""]",True
10.1109/tvcg.2011.253,A5059045145,2,"[""I107606265""]",True
10.1109/tvcg.2011.253,A5052473265,3,"[""I107606265""]",True
10.1109/tvcg.2011.253,A5025082043,4,"[""I130828816""]",True
10.1109/tvcg.2011.259,A5072697451,1,"[""I195893171""]",True
10.1109/tvcg.2011.259,A5012693590,2,"[""I195893171""]",True
10.1109/tvcg.2011.259,A5091630951,3,"[""I195893171""]",True
10.1109/vast.2011.6102448,A5025616122,1,"[""I3019423309""]",True
10.1109/vast.2011.6102448,A5090713275,2,"[""I3019423309""]",True
10.1109/vast.2011.6102448,A5108206290,3,"[""I3019423309""]",True
10.1109/vast.2011.6102448,A5063602485,4,"[""I3019423309""]",True
10.1109/vast.2011.6102448,A5032433963,5,"[""I3019423309""]",True
10.1109/tvcg.2011.223,A5058678073,1,"[""I4210119061"", ""I100296615"", ""I3131550300"", ""I134560555"", ""I4210152422"", ""I4210160189""]",True
10.1109/tvcg.2011.223,A5110386745,2,"[""I169381384""]",True
10.1109/tvcg.2011.223,A5024074640,3,"[""I169381384""]",True
10.1109/tvcg.2011.203,A5017415898,1,"[""I100066346""]",True
10.1109/tvcg.2011.203,A5081285219,2,"[""I100066346""]",True
10.1109/tvcg.2011.203,A5091354130,3,"[""I100066346""]",True
10.1109/tvcg.2011.203,A5073619125,4,"[""I100066346""]",True
10.1109/tvcg.2011.176,A5065868869,1,"[""I90965887"", ""I57206974""]",True
10.1109/tvcg.2011.176,A5110696883,2,"[""I90965887"", ""I57206974""]",True
10.1109/tvcg.2011.176,A5069370648,3,"[""I205783295""]",True
10.1109/tvcg.2011.176,A5090261891,4,"[""I205783295""]",True
10.1109/tvcg.2011.176,A5033419561,5,"[""I205783295""]",True
10.1109/tvcg.2011.176,A5006773757,6,"[""I57206974"", ""I90965887""]",True
10.1109/tvcg.2011.176,A5111922380,7,"[""I57206974"", ""I90965887""]",True
10.1109/tvcg.2011.250,A5031057530,1,"[""I4092182""]",True
10.1109/tvcg.2011.250,A5088255721,2,"[""I4092182""]",True
10.1109/tvcg.2011.250,A5042080340,3,"[""I4092182""]",True
10.1109/tvcg.2011.250,A5003116261,4,"[""I4092182""]",True
10.1109/tvcg.2011.250,A5048047909,5,"[""I4092182""]",True
10.1109/tvcg.2011.191,A5049298894,1,"[""I25974101""]",True
10.1109/tvcg.2011.191,A5017735217,2,"[""I25974101""]",True
10.1109/tvcg.2011.219,A5019559208,1,"[""I52357470""]",True
10.1109/tvcg.2011.219,A5028237720,2,"[""I52357470""]",True
10.1109/tvcg.2011.219,A5065630217,3,"[""I52357470""]",True
10.1109/tvcg.2011.213,A5089358991,1,"[""I4665924""]",True
10.1109/tvcg.2011.213,A5088255721,2,"[""I4092182""]",True
10.1109/tvcg.2011.213,A5039180428,3,"[""I4665924""]",True
10.1109/tvcg.2011.173,A5086334362,1,"[""I251424209""]",True
10.1109/tvcg.2011.173,A5082300315,2,"[""I251424209""]",True
10.1109/tvcg.2011.173,A5075596050,3,"[""I251424209""]",True
10.1109/tvcg.2011.173,A5022294742,4,"[""I4432739""]",True
10.1109/tvcg.2011.173,A5034698887,5,"[""I251424209""]",True
10.1109/tvcg.2011.173,A5045086893,6,"[""I251424209""]",True
10.1109/tvcg.2011.171,A5083864266,1,"[""I185443292""]",True
10.1109/tvcg.2011.171,A5008640200,2,"[""I185443292""]",True
10.1109/tvcg.2011.171,A5100607707,3,"[""I1327163397"", ""I59553526""]",True
10.1109/tvcg.2011.171,A5111314141,4,"[""I185443292""]",True
10.1109/tvcg.2011.227,A5016175339,1,"[""I74775410""]",True
10.1109/tvcg.2011.227,A5082334156,2,"[""I173911158""]",True
10.1109/vast.2011.6102445,A5050064511,1,"[""I27804330"", ""I175594653""]",True
10.1109/vast.2011.6102445,A5084913586,2,"[""I121934306""]",True
10.1109/vast.2011.6102445,A5024409647,3,"[""I169086405""]",True
10.1109/vast.2011.6102445,A5109222584,4,"[""I121934306""]",True
10.1109/vast.2011.6102445,A5110208682,5,"[""I102149020""]",True
10.1109/vast.2011.6102445,A5089451178,6,"[""I121934306""]",True
10.1109/vast.2011.6102437,A5085294981,1,"[""I94509681""]",True
10.1109/vast.2011.6102437,A5011059989,2,"[""I94509681""]",True
10.1109/vast.2011.6102437,A5000099153,3,"[""I94509681""]",True
10.1109/tvcg.2011.244,A5018178386,1,"[""I1282311441""]",True
10.1109/tvcg.2011.244,A5085342992,2,"[""I1282311441""]",True
10.1109/tvcg.2011.244,A5019902487,3,"[""I1282311441""]",True
10.1109/tvcg.2011.246,A5014319412,1,"[""I11957088""]",True
10.1109/tvcg.2011.246,A5101913449,2,"[""I11957088""]",True
10.1109/tvcg.2011.232,A5037585630,1,"[""I135310074""]",True
10.1109/tvcg.2011.232,A5032698492,2,"[""I135310074""]",True
10.1109/tvcg.2011.232,A5084778474,3,"[""I135310074""]",True
10.1109/tvcg.2011.214,A5070786820,1,"[""I202697423""]",True
10.1109/tvcg.2011.214,A5007041759,2,"[""I2800759272""]",True
10.1109/tvcg.2011.214,A5064723143,3,"[""I2800759272""]",True
10.1109/tvcg.2011.214,A5013856888,4,"[""I2800759272""]",True
10.1109/tvcg.2011.214,A5086856121,5,"[""I202697423""]",True
10.1109/tvcg.2011.214,A5023230783,6,"[""I202697423""]",True
10.1109/tvcg.2011.214,A5042196702,7,"[""I204250578""]",True
10.1109/tvcg.2011.214,A5009229122,8,"[""I2800759272""]",True
10.1109/tvcg.2011.214,A5000147776,9,"[""I202697423""]",True
10.1109/tvcg.2011.197,A5071681891,1,"[""I180825142""]",True
10.1109/tvcg.2011.197,A5079369129,2,"[""I180825142""]",True
10.1109/tvcg.2011.197,A5048992354,3,"[""I180825142""]",True
10.1109/tvcg.2011.198,A5028868240,1,"[""I202697423"", ""I64152125""]",True
10.1109/tvcg.2011.198,A5028786756,2,"[""I202697423"", ""I64152125""]",True
10.1109/tvcg.2011.198,A5000147776,3,"[""I202697423"", ""I64152125""]",True
10.1109/tvcg.2011.225,A5030890781,1,"[""I1343190059""]",True
10.1109/tvcg.2011.225,A5022585634,2,"[""I1343190059""]",True
10.1109/tvcg.2011.225,A5086341216,3,"[""I35440088""]",True
10.1109/tvcg.2011.225,A5053360336,4,"[""I1343190059""]",True
10.1109/tvcg.2011.225,A5033107604,5,"[""I35440088""]",True
10.1109/tvcg.2011.225,A5015678021,6,"[""I145847075""]",True
10.1109/tvcg.2011.225,A5109928029,7,"[""I145847075""]",True
10.1109/tvcg.2011.237,A5085294981,1,"[""I94509681""]",True
10.1109/tvcg.2011.237,A5046964482,2,"[""I94509681""]",True
10.1109/tvcg.2011.237,A5000099153,3,"[""I94509681""]",True
10.1109/tvcg.2011.212,A5052995018,1,"[""I80850581"", ""I17974374""]",True
10.1109/tvcg.2011.212,A5073099181,2,"[""I17974374""]",True
10.1109/tvcg.2011.212,A5065725754,3,"[""I181391015"", ""I17974374""]",True
10.1109/tvcg.2011.212,A5009378018,4,"[""I17974374"", ""I181391015""]",True
10.1109/tvcg.2011.212,A5066927815,5,"[""I17974374""]",True
10.1109/vast.2011.6102440,A5100745766,1,"[""I130701444""]",True
10.1109/vast.2011.6102440,A5027462416,2,"[""I130701444""]",True
10.1109/vast.2011.6102440,A5082668404,3,"[""I130701444""]",True
10.1109/tvcg.2011.215,A5108990430,1,"[""I83019370""]",True
10.1109/tvcg.2011.215,A5111985276,2,"[""I4210122849""]",True
10.1109/tvcg.2011.215,A5077204103,3,"[""I83019370""]",True
10.1109/tvcg.2011.215,A5006761415,4,"[""I183935753"", ""I200166805""]",True
10.1109/tvcg.2011.215,A5109928029,5,"[""I145847075""]",True
10.1109/tvcg.2011.215,A5081456690,6,"[""I83019370""]",True
10.1109/tvcg.2011.215,A5086223886,7,"[""I83019370""]",True
10.1109/tvcg.2011.163,A5051193196,1,"[""I102149020""]",True
10.1109/tvcg.2011.163,A5081622405,2,"[""I102149020""]",True
10.1109/tvcg.2011.166,A5100867302,1,"[""I39586589""]",True
10.1109/tvcg.2011.166,A5034961780,2,"[""I39586589""]",True
10.1109/tvcg.2011.166,A5031570473,3,"[""I39586589""]",True
10.1109/tvcg.2011.166,A5029084614,4,"[""I161548249"", ""I39586589""]",True
10.1109/tvcg.2011.166,A5009341822,5,"[""I161548249""]",True
10.1109/tvcg.2011.235,A5010833582,1,"[""I4432739""]",True
10.1109/tvcg.2011.235,A5000755776,2,"[""I4432739""]",True
10.1109/tvcg.2011.199,A5035473399,1,"[""I192454743"", ""I4210104735""]",True
10.1109/tvcg.2011.199,A5063030920,2,"[""I223532165""]",True
10.1109/tvcg.2011.199,A5013952808,3,"[""I223532165""]",True
10.1109/tvcg.2011.199,A5044669967,4,"[""I1297288678""]",True
10.1109/tvcg.2011.199,A5068312712,5,"[""I31746571""]",True
10.1109/tvcg.2011.199,A5033429280,6,"[""I4210104735"", ""I192454743""]",True
10.1109/tvcg.2011.199,A5030586741,7,"[""I192454743"", ""I4210104735""]",True
10.1109/tvcg.2011.199,A5009460413,8,"[""I223532165""]",True
10.1109/tvcg.2011.199,A5019902487,9,"[""I1282311441""]",True
10.1109/tvcg.2011.177,A5100349956,1,"[""I223532165""]",True
10.1109/tvcg.2011.177,A5063625747,2,"[""I223532165""]",True
10.1109/tvcg.2011.177,A5009460413,3,"[""I223532165""]",True
10.1109/tvcg.2011.177,A5049695343,4,"[""I97018004""]",True
10.1109/tvcg.2011.260,A5062412211,1,"[""I19648265""]",True
10.1109/tvcg.2011.260,A5036615525,2,"[""I19648265""]",True
10.1109/tvcg.2011.260,A5067836089,3,"[""I19648265""]",True
10.1109/tvcg.2011.260,A5037414175,4,"[""I19648265""]",True
10.1109/tvcg.2011.236,A5028120148,1,"[""I59270414""]",True
10.1109/tvcg.2011.236,A5083989376,2,"[""I59270414""]",True
10.1109/tvcg.2011.208,A5062795084,1,"[""I39586589""]",True
10.1109/tvcg.2011.208,A5053235466,2,"[""I39586589""]",True
10.1109/tvcg.2011.208,A5109478560,3,"[""I39586589""]",True
10.1109/tvcg.2011.208,A5024135995,4,"[""I39586589""]",True
10.1109/tvcg.2011.208,A5100337178,5,"[""I40120149"", ""I39586589""]",True
10.1109/tvcg.2011.174,A5048992354,1,"[""I180825142""]",True
10.1109/tvcg.2011.174,A5044181405,2,"[""I180825142""]",True
10.1109/tvcg.2011.174,A5079369129,3,"[""I180825142""]",True
10.1109/tvcg.2011.174,A5071681891,4,"[""I180825142""]",True
10.1109/tvcg.2011.160,A5024860629,1,"[""I1326498283""]",True
10.1109/tvcg.2011.160,A5089688638,2,"[""I4210144804"", ""I216852786"", ""I1294671590"", ""I1326498283""]",True
10.1109/tvcg.2011.160,A5032305401,3,"[""I1326498283""]",True
10.1109/tvcg.2011.160,A5060725233,4,"[""I1326498283""]",True
10.1109/tvcg.2011.231,A5040558744,1,"[""I66946132""]",True
10.1109/tvcg.2011.231,A5086440196,2,"[""I66946132""]",True
10.1109/tvcg.2011.159,A5040080342,1,"[""I195893171""]",True
10.1109/tvcg.2011.159,A5067734926,2,"[""I153267046""]",True
10.1109/tvcg.2011.159,A5027862555,3,"[""I195893171""]",True
10.1109/tvcg.2011.159,A5040371404,4,"[""I195893171""]",True
10.1109/tvcg.2011.159,A5005530908,5,"[""I153267046""]",True
10.1109/tvcg.2011.159,A5040236693,6,"[""I195893171""]",True
10.1109/vast.2011.6102458,A5072249624,1,"[""I1341412227"", ""I4210126794""]",True
10.1109/vast.2011.6102458,A5101645589,2,"[""I107639228""]",True
10.1109/vast.2011.6102458,A5060129988,3,"[""I889458895"", ""I200769079""]",True
10.1109/vast.2011.6102458,A5101768831,4,"[""I87445476""]",True
10.1109/vast.2011.6102458,A5048928683,5,"[""I107639228""]",True
10.1109/vast.2011.6102458,A5010426520,6,"[""I1341412227"", ""I4210126794""]",True
10.1109/tvcg.2011.258,A5060085720,1,"[""I145847075""]",True
10.1109/tvcg.2011.258,A5063965880,2,"[""I145847075""]",True
10.1109/tvcg.2011.258,A5109928029,3,"[""I145847075""]",True
10.1109/tvcg.2011.247,A5103084682,1,"[""I130769515""]",True
10.1109/tvcg.2011.247,A5080765061,2,"[""I130769515""]",True
10.1109/vast.2011.6102460,A5114250719,1,"[""I219193219""]",True
10.1109/vast.2011.6102460,A5026799813,2,"[""I219193219""]",True
10.1109/vast.2011.6102460,A5053500555,3,"[""I186274478"", ""I2802660506""]",True
10.1109/vast.2011.6102460,A5018584803,4,"[""I219193219""]",True
10.1109/tvcg.2011.216,A5113683690,1,"[""I145847075""]",True
10.1109/tvcg.2011.216,A5008754293,2,"[""I71920554""]",True
10.1109/tvcg.2011.216,A5029818256,3,"[""I1343190059""]",True
10.1109/tvcg.2011.216,A5110321988,4,"[""I145847075""]",True
10.1109/tvcg.2011.211,A5102013833,1,"[""I102134673""]",True
10.1109/tvcg.2011.211,A5048647256,2,"[""I102134673""]",True
10.1109/tvcg.2011.211,A5061059879,3,"[""I102134673""]",True
10.1109/tvcg.2011.228,A5091144609,1,"[""I145847075""]",True
10.1109/tvcg.2011.228,A5056214245,2,"[""I4210136249""]",True
10.1109/tvcg.2011.228,A5052699089,3,"[""I4210136249""]",True
10.1109/tvcg.2011.228,A5077940635,4,"[""I4210136249""]",True
10.1109/tvcg.2011.228,A5110321988,5,"[""I145847075""]",True
10.1109/tvcg.2011.170,A5055426585,1,"[""I131249849""]",True
10.1109/tvcg.2011.170,A5080679300,2,"[""I223532165""]",True
10.1109/tvcg.2011.170,A5057952459,3,"[""I131249849""]",True
10.1109/tvcg.2011.170,A5012542802,4,"[""I131249849""]",True
10.1109/tvcg.2011.170,A5050598711,5,"[""I131249849""]",True
10.1109/tvcg.2011.170,A5031570473,6,"[""I39586589""]",True
10.1109/tvcg.2011.170,A5026074051,7,"[""I131249849""]",True
10.1109/vast.2011.6102435,A5064480048,1,"[""I219193219""]",True
10.1109/vast.2011.6102435,A5072243347,2,"[""I18014758""]",True
10.1109/vast.2011.6102435,A5053349373,3,"[""I219193219""]",True
10.1109/tvcg.2011.164,A5113676982,1,"[""I76130692""]",True
10.1109/tvcg.2011.164,A5100344494,2,"[""I76130692""]",True
10.1109/tvcg.2011.164,A5059021869,3,"[""I76130692""]",True
10.1109/tvcg.2011.189,A5064357435,1,"[""I62916508""]",True
10.1109/tvcg.2011.189,A5072566909,2,"[""I2802619606"", ""I62916508""]",True
10.1109/tvcg.2011.189,A5029621326,3,"[""I62916508""]",True
10.1109/tvcg.2011.184,A5030681323,1,"[""I4092182""]",True
10.1109/tvcg.2011.184,A5078127596,2,"[""I4092182""]",True
10.1109/tvcg.2011.184,A5021654098,3,"[""I4092182""]",True
10.1109/tvcg.2011.184,A5048047909,4,"[""I4092182""]",True
10.1109/tvcg.2011.167,A5073731680,1,"[""I97018004""]",True
10.1109/tvcg.2011.167,A5039378866,2,"[""I97018004""]",True
10.1109/tvcg.2011.167,A5018111215,3,"[""I97018004""]",True
10.1109/vast.2011.6102443,A5053097987,1,"[""I4210156936"", ""I4210103279""]",True
10.1109/vast.2011.6102443,A5035284207,2,"[""I4210103279"", ""I4210156936""]",True
10.1109/vast.2011.6102443,A5006730291,3,"[""I4210103279"", ""I4210156936""]",True
10.1109/vast.2011.6102443,A5067251509,4,"[""I4210103279"", ""I4210156936""]",True
10.1109/vast.2011.6102443,A5055744764,5,"[""I4210103279"", ""I4210156936""]",True
10.1109/tvcg.2011.254,A5000413604,1,"[""I219193219""]",True
10.1109/tvcg.2011.254,A5071898071,2,"[""I84218800"", ""I153267046""]",True
10.1109/tvcg.2011.254,A5012288548,3,"[""I223532165""]",True
10.1109/tvcg.2011.218,A5102535013,1,"[""I59553526"", ""I83740829""]",True
10.1109/tvcg.2011.218,A5109257375,2,"[""I83740829"", ""I59553526""]",True
10.1109/tvcg.2011.218,A5070670810,3,"[""I83740829"", ""I59553526""]",True
10.1109/tvcg.2011.245,A5018178386,1,"[""I1282311441""]",True
10.1109/tvcg.2011.245,A5085342992,2,"[""I1282311441""]",True
10.1109/tvcg.2011.206,A5087430192,1,"[""I223532165""]",True
10.1109/tvcg.2011.206,A5056647443,2,"[""I46020346"", ""I223532165""]",True
10.1109/tvcg.2011.206,A5103752748,3,"[""I223532165"", ""I46020346""]",True
10.1109/tvcg.2011.187,A5072051036,1,"[""I2801313472"", ""I137902535""]",True
10.1109/tvcg.2011.187,A5016365293,2,"[""I137902535""]",True
10.1109/vast.2011.6102450,A5108666434,1,"[""I107077323""]",True
10.1109/vast.2011.6102450,A5102773082,2,"[""I107077323""]",True
10.1109/vast.2011.6102450,A5008269094,3,"[""I107077323""]",True
10.1109/vast.2011.6102450,A5041714557,4,"[""I107077323""]",True
10.1109/vast.2011.6102441,A5090570042,1,"[""I97018004""]",True
10.1109/vast.2011.6102441,A5053097987,2,"[""I4210156936"", ""I4210103279""]",True
10.1109/vast.2011.6102447,A5086508640,1,"[""I102149020""]",True
10.1109/vast.2011.6102447,A5010219139,2,"[""I149910238""]",True
10.1109/vast.2011.6102447,A5056294184,3,"[""I102149020""]",True
10.1109/vast.2011.6102447,A5032694211,4,"[""I102149020""]",True
10.1109/vast.2011.6102447,A5102759669,5,"[""I149910238""]",True
10.1109/tvcg.2011.252,A5041506287,1,"[""I1280536761""]",True
10.1109/tvcg.2011.252,A5030823954,2,"[""I1280536761""]",True
10.1109/tvcg.2011.165,A5091009938,1,"[""I122991210""]",True
10.1109/tvcg.2011.165,A5111457898,2,"[""I122991210""]",True
10.1109/tvcg.2011.165,A5049441601,3,"[""I122991210""]",True
10.1109/tvcg.2011.165,A5111376244,4,"[""I122991210""]",True
10.1109/tvcg.2011.194,A5039268438,1,"[""I1288214837""]",True
10.1109/tvcg.2011.194,A5059772181,2,"[""I1288214837""]",True
10.1109/vast.2011.6102451,A5076956337,1,"[""I887064364""]",True
10.1109/vast.2011.6102451,A5077258803,2,[],True
10.1109/vast.2011.6102451,A5070684680,3,"[""I887064364""]",True
10.1109/vast.2011.6102442,A5045449467,1,"[""I66946132""]",True
10.1109/vast.2011.6102442,A5104050325,2,"[""I66946132""]",True
10.1109/vast.2011.6102442,A5016455363,3,"[""I66946132""]",True
10.1109/vast.2011.6102442,A5086169451,4,"[""I66946132""]",True
10.1109/vast.2011.6102442,A5005384315,5,"[""I193531525"", ""I184565670""]",True
10.1109/tvcg.2011.242,A5084098357,1,"[""I18014758""]",True
10.1109/tvcg.2011.242,A5080086653,2,"[""I18014758""]",True
10.1109/tvcg.2011.242,A5109307699,3,"[""I18014758""]",True
10.1109/tvcg.2011.200,A5111920393,1,"[""I4210138551"", ""I95793202""]",True
10.1109/tvcg.2011.200,A5039626800,2,"[""I4210138551"", ""I95793202""]",True
10.1109/vast.2011.6102463,A5101406258,1,"[""I102149020""]",True
10.1109/vast.2011.6102463,A5055992752,2,"[""I102149020""]",True
10.1109/vast.2011.6102463,A5077955263,3,"[""I161057412"", ""I179093154""]",True
10.1109/vast.2011.6102463,A5069593762,4,"[""I173498003""]",True
10.1109/vast.2011.6102463,A5110208682,5,"[""I102149020""]",True
10.1109/tvcg.2011.217,A5063093511,1,"[""I4210138551""]",True
10.1109/tvcg.2011.217,A5023685974,2,"[""I1343190059""]",True
10.1109/tvcg.2011.217,A5091133814,3,"[""I4210138551""]",True
10.1109/tvcg.2011.217,A5029818256,4,"[""I1343190059""]",True
10.1109/tvcg.2011.217,A5034699298,5,"[""I4210138551""]",True
10.1109/tvcg.2011.217,A5066103350,6,"[""I4210138551""]",True
10.1109/vast.2011.6102462,A5101883722,1,"[""I86519309""]",True
10.1109/vast.2011.6102462,A5078797277,2,"[""I86519309""]",True
10.1109/vast.2011.6102462,A5102831353,3,"[""I86519309""]",True
10.1109/vast.2011.6102462,A5018052736,4,"[""I86519309""]",True
10.1109/vast.2011.6102446,A5060725233,1,"[""I1326498283""]",True
10.1109/vast.2011.6102446,A5001882662,2,"[""I1326498283""]",True
10.1109/vast.2011.6102446,A5024222438,3,"[""I4210113654""]",True
10.1109/vast.2011.6102446,A5048992354,4,"[""I174216632"", ""I168719708""]",True
10.1109/tvcg.2011.204,A5007613347,1,"[""I39586589""]",True
10.1109/tvcg.2011.204,A5031570473,2,"[""I39586589""]",True
10.1109/tvcg.2011.204,A5051448088,3,"[""I16038530""]",True
10.1109/tvcg.2011.204,A5005440530,4,"[""I16038530""]",True
10.1109/tvcg.2011.182,A5061454658,1,"[""I59553526""]",True
10.1109/tvcg.2011.182,A5100660205,2,"[""I59553526""]",True
10.1109/tvcg.2011.182,A5100607707,3,"[""I59553526""]",True
10.1109/tvcg.2011.182,A5039517392,4,"[""I59553526""]",True
10.1109/tvcg.2011.230,A5031218830,1,"[""I33213144""]",True
10.1109/tvcg.2011.230,A5058158315,2,"[""I33213144""]",True
10.1109/tvcg.2011.168,A5052119291,1,"[""I2614128279"", ""I15196421""]",True
10.1109/tvcg.2011.168,A5090138830,2,"[""I4210118689""]",True
10.1109/tvcg.2011.168,A5047125862,3,[],True
10.1109/tvcg.2011.168,A5109533956,4,"[""I2614128279"", ""I15196421""]",True
10.1109/tvcg.2011.168,A5072418452,5,"[""I2614128279"", ""I15196421""]",True
10.1109/tvcg.2011.168,A5021359903,6,[],True
10.1109/vast.2011.6102459,A5021101177,1,"[""I204250578""]",True
10.1109/vast.2011.6102459,A5036115482,2,"[""I204250578""]",True
10.1109/vast.2011.6102459,A5041840951,3,"[""I204250578""]",True
10.1109/vast.2011.6102459,A5042196702,4,"[""I204250578""]",True
10.1109/tvcg.2010.179,A5037053327,1,"[""I97018004""]",True
10.1109/tvcg.2010.179,A5090570042,2,"[""I97018004""]",True
10.1109/tvcg.2010.181,A5010678395,1,"[""I99041443""]",True
10.1109/tvcg.2010.181,A5100366549,2,"[""I99041443""]",True
10.1109/tvcg.2010.181,A5021430711,3,"[""I99041443""]",True
10.1109/tvcg.2010.181,A5066767949,4,"[""I2802162544"", ""I99041443""]",True
10.1109/tvcg.2010.181,A5110871918,5,"[""I99041443""]",True
10.1109/tvcg.2010.181,A5056355204,6,"[""I99041443""]",True
10.1109/tvcg.2010.162,A5070664464,1,"[""I219193219""]",True
10.1109/tvcg.2010.162,A5077297224,2,"[""I219193219""]",True
10.1109/tvcg.2010.162,A5034277315,3,"[""I219193219""]",True
10.1109/tvcg.2010.164,A5066055220,1,"[""I212119943""]",True
10.1109/tvcg.2010.164,A5047827833,2,"[""I212119943""]",True
10.1109/tvcg.2010.164,A5038905934,3,"[""I212119943""]",True
10.1109/tvcg.2010.177,A5100745763,1,"[""I130701444""]",True
10.1109/tvcg.2010.177,A5082668404,2,"[""I130701444""]",True
10.1109/tvcg.2010.129,A5067274220,1,"[""I168635309""]",True
10.1109/tvcg.2010.129,A5101569034,2,"[""I4210114115""]",True
10.1109/tvcg.2010.129,A5083779826,3,"[""I168635309""]",True
10.1109/tvcg.2010.129,A5012561411,4,"[""I168635309""]",True
10.1109/vast.2010.5652922,A5079222963,1,"[""I4210096112"", ""I102322142""]",True
10.1109/vast.2010.5652922,A5054248372,2,"[""I102322142"", ""I4210096112""]",True
10.1109/vast.2010.5652922,A5038688177,3,"[""I102322142"", ""I4210096112""]",True
10.1109/tvcg.2010.194,A5108131775,1,"[""I1290206253""]",True
10.1109/tvcg.2010.194,A5068799512,2,"[""I1290206253""]",True
10.1109/tvcg.2010.194,A5034989458,3,"[""I1290206253""]",True
10.1109/tvcg.2010.194,A5052724297,4,"[""I168635309""]",True
10.1109/tvcg.2010.183,A5073986937,1,"[""I200769079"", ""I889458895""]",True
10.1109/tvcg.2010.183,A5014662947,2,"[""I4210126794""]",True
10.1109/tvcg.2010.183,A5038775008,3,"[""I4210126794""]",True
10.1109/tvcg.2010.183,A5000323557,4,"[""I14243506""]",True
10.1109/tvcg.2010.183,A5100653962,5,"[""I200769079"", ""I889458895""]",True
10.1109/tvcg.2010.183,A5019444857,6,"[""I180726961""]",True
10.1109/tvcg.2010.183,A5091466289,7,"[""I889458895"", ""I200769079""]",True
10.1109/tvcg.2010.132,A5020890610,1,"[""I39586589""]",True
10.1109/tvcg.2010.132,A5110211093,2,"[""I223822909""]",True
10.1109/tvcg.2010.131,A5100815366,1,"[""I52357470""]",True
10.1109/tvcg.2010.131,A5028237720,2,"[""I52357470""]",True
10.1109/tvcg.2010.131,A5065630217,3,"[""I52357470""]",True
10.1109/tvcg.2010.210,A5068799512,1,"[""I1290206253""]",True
10.1109/tvcg.2010.210,A5008149778,2,"[""I1290206253""]",True
10.1109/tvcg.2010.184,A5051193196,1,"[""I102149020""]",True
10.1109/tvcg.2010.184,A5081622405,2,"[""I102149020""]",True
10.1109/tvcg.2010.154,A5000474356,1,"[""I889458895"", ""I200769079""]",True
10.1109/tvcg.2010.154,A5084279065,2,"[""I1341412227"", ""I4210114115""]",True
10.1109/tvcg.2010.154,A5100800645,3,"[""I55732556""]",True
10.1109/tvcg.2010.154,A5077712580,4,"[""I4210114115"", ""I1341412227""]",True
10.1109/tvcg.2010.154,A5038775008,5,"[""I4210126794""]",True
10.1109/tvcg.2010.154,A5110230418,6,"[""I200769079"", ""I889458895""]",True
10.1109/tvcg.2010.190,A5063965880,1,"[""I18014758""]",True
10.1109/tvcg.2010.190,A5060664606,2,"[""I18014758""]",True
10.1109/vast.2010.5652443,A5047912015,1,"[""I130701444""]",True
10.1109/vast.2010.5652443,A5010193332,2,"[""I130701444""]",True
10.1109/vast.2010.5652443,A5090283742,3,"[""I130701444""]",True
10.1109/vast.2010.5652443,A5101728710,4,"[""I130701444""]",True
10.1109/tvcg.2010.199,A5086461942,1,"[""I40347166""]",True
10.1109/tvcg.2010.199,A5045224825,2,"[""I40347166""]",True
10.1109/tvcg.2010.161,A5016175339,1,"[""I74775410""]",True
10.1109/tvcg.2010.161,A5060227214,2,"[""I173911158""]",True
10.1109/tvcg.2010.161,A5082334156,3,"[""I173911158""]",True
10.1109/tvcg.2010.161,A5001227061,4,"[""I79576946""]",True
10.1109/tvcg.2010.223,A5008165586,1,"[""I1343190059""]",True
10.1109/tvcg.2010.223,A5038204892,2,"[""I35440088""]",True
10.1109/tvcg.2010.223,A5022585634,3,"[""I1343190059""]",True
10.1109/tvcg.2010.223,A5041384164,4,"[""I35440088""]",True
10.1109/tvcg.2010.223,A5015678021,5,[],True
10.1109/tvcg.2010.223,A5110321988,6,[],True
10.1109/tvcg.2010.175,A5058111856,1,"[""I139264467""]",True
10.1109/tvcg.2010.175,A5065644953,2,"[""I1290206253""]",True
10.1109/tvcg.2010.175,A5042323667,3,"[""I139264467""]",True
10.1109/tvcg.2010.175,A5012388103,4,"[""I139264467""]",True
10.1109/tvcg.2010.144,A5090570042,1,"[""I97018004""]",True
10.1109/tvcg.2010.144,A5005322254,2,"[""I97018004""]",True
10.1109/tvcg.2010.138,A5031057530,1,"[""I4092182""]",True
10.1109/tvcg.2010.138,A5042080340,2,"[""I4092182""]",True
10.1109/tvcg.2010.138,A5003116261,3,"[""I4092182""]",True
10.1109/tvcg.2010.138,A5037132971,4,"[""I202276237""]",True
10.1109/tvcg.2010.138,A5048047909,5,"[""I4092182""]",True
10.1109/tvcg.2010.186,A5049992511,1,"[""I95457486""]",True
10.1109/tvcg.2010.186,A5090570042,2,"[""I97018004""]",True
10.1109/tvcg.2010.186,A5045835385,3,"[""I95457486""]",True
10.1109/vast.2010.5652880,A5024860629,1,"[""I1326498283"", ""I1290206253""]",True
10.1109/vast.2010.5652880,A5010157704,2,"[""I1290206253""]",True
10.1109/vast.2010.5652880,A5062285844,3,"[""I1290206253""]",True
10.1109/vast.2010.5652880,A5069122334,4,"[""I1290206253""]",True
10.1109/vast.2010.5652880,A5020340631,5,"[""I1290206253""]",True
10.1109/tvcg.2010.139,A5007045835,1,"[""I157556583""]",True
10.1109/tvcg.2010.139,A5069999967,2,"[""I170897317"", ""I157556583""]",True
10.1109/tvcg.2010.139,A5047215403,3,"[""I157556583""]",True
10.1109/vast.2010.5652467,A5101460914,1,"[""I2801919071""]",True
10.1109/vast.2010.5652467,A5108557359,2,"[""I2801919071""]",True
10.1109/vast.2010.5652467,A5010714340,3,"[""I4210145761""]",True
10.1109/tvcg.2010.159,A5089688638,1,"[""I216852786"", ""I4210116658""]",True
10.1109/tvcg.2010.159,A5032305401,2,"[""I1326498283""]",True
10.1109/tvcg.2010.159,A5060725233,3,"[""I1326498283""]",True
10.1109/tvcg.2010.159,A5072051036,4,"[""I137902535""]",True
10.1109/tvcg.2010.159,A5016365293,5,"[""I137902535""]",True
10.1109/tvcg.2010.205,A5047345230,1,"[""I29607241"", ""I9736820""]",True
10.1109/tvcg.2010.205,A5056211536,2,"[""I29607241"", ""I9736820""]",True
10.1109/tvcg.2010.205,A5037140526,3,"[""I104914703""]",True
10.1109/tvcg.2010.205,A5055656807,4,"[""I112260969""]",True
10.1109/tvcg.2010.213,A5060672357,1,"[""I223532165""]",True
10.1109/tvcg.2010.213,A5019902487,2,"[""I1282311441""]",True
10.1109/tvcg.2010.213,A5009460413,3,"[""I223532165""]",True
10.1109/tvcg.2010.213,A5109840277,4,"[""I223532165""]",True
10.1109/tvcg.2010.212,A5054111486,1,"[""I84218800""]",True
10.1109/tvcg.2010.212,A5032597626,2,"[""I84218800""]",True
10.1109/tvcg.2010.212,A5109030283,3,"[""I84218800""]",True
10.1109/tvcg.2010.212,A5041925521,4,"[""I84218800""]",True
10.1109/tvcg.2010.200,A5100660205,1,"[""I59553526""]",True
10.1109/tvcg.2010.200,A5061454658,2,"[""I59553526""]",True
10.1109/tvcg.2010.200,A5028111343,3,"[""I59553526""]",True
10.1109/tvcg.2010.200,A5100607707,4,"[""I59553526""]",True
10.1109/tvcg.2010.200,A5039517392,5,"[""I59553526""]",True
10.1109/tvcg.2010.207,A5009099532,1,"[""I17974374"", ""I177909021""]",True
10.1109/tvcg.2010.207,A5003584200,2,"[""I223532165""]",True
10.1109/tvcg.2010.207,A5011424640,3,"[""I17974374"", ""I177909021""]",True
10.1109/tvcg.2010.198,A5082234726,1,"[""I36672615"", ""I57206974""]",True
10.1109/tvcg.2010.198,A5039626800,2,"[""I95793202""]",True
10.1109/tvcg.2010.157,A5109722197,1,"[""I4210136697""]",True
10.1109/tvcg.2010.157,A5003395477,2,"[""I4210136697""]",True
10.1109/tvcg.2010.157,A5024860629,3,"[""I1326498283""]",True
10.1109/tvcg.2010.157,A5090771774,4,"[""I4210136697""]",True
10.1109/tvcg.2010.157,A5083454802,5,"[""I4210136697""]",True
10.1109/tvcg.2010.149,A5107486717,1,"[""I212119943""]",True
10.1109/tvcg.2010.149,A5047827833,2,"[""I212119943""]",True
10.1109/tvcg.2010.149,A5052540148,3,"[""I212119943""]",True
10.1109/vast.2010.5652392,A5045361309,1,"[""I141945490""]",True
10.1109/vast.2010.5652392,A5079916657,2,"[""I141945490""]",True
10.1109/vast.2010.5652392,A5001140149,3,"[""I212119943""]",True
10.1109/vast.2010.5652392,A5047827833,4,"[""I212119943""]",True
10.1109/vast.2010.5652392,A5110631057,5,"[""I18014758""]",True
10.1109/vast.2010.5652392,A5060664606,6,"[""I18014758""]",True
10.1109/tvcg.2010.208,A5032804052,1,"[""I22465464""]",True
10.1109/tvcg.2010.208,A5061059879,2,"[""I22465464""]",True
10.1109/tvcg.2010.208,A5047713855,3,"[""I22465464""]",True
10.1109/tvcg.2010.209,A5008702561,1,"[""I89864525""]",True
10.1109/tvcg.2010.209,A5065310800,2,"[""I89864525""]",True
10.1109/tvcg.2010.209,A5109224153,3,"[""I100066346""]",True
10.1109/tvcg.2010.193,A5006593097,1,"[""I138285227""]",True
10.1109/vast.2010.5652433,A5085294981,1,"[""I94509681""]",True
10.1109/vast.2010.5652433,A5011059989,2,"[""I94509681""]",True
10.1109/vast.2010.5652433,A5055750487,3,"[""I4210138551""]",True
10.1109/vast.2010.5652433,A5039626800,4,"[""I4210138551""]",True
10.1109/vast.2010.5652433,A5000099153,5,"[""I94509681""]",True
10.1109/tvcg.2010.197,A5032280607,1,"[""I39422238""]",True
10.1109/tvcg.2010.197,A5015516607,2,"[""I111979921"", ""I39422238""]",True
10.1109/tvcg.2010.197,A5077148853,3,"[""I39422238""]",True
10.1109/tvcg.2010.176,A5001706587,1,"[""I114027177""]",True
10.1109/tvcg.2010.176,A5065024394,2,"[""I114027177"", ""I1333535994""]",True
10.1109/tvcg.2010.176,A5091466574,3,"[""I1333535994"", ""I114027177""]",True
10.1109/tvcg.2010.176,A5109967838,4,"[""I114027177""]",True
10.1109/tvcg.2010.148,A5051666919,1,"[""I62916508""]",True
10.1109/tvcg.2010.148,A5040830361,2,"[""I62916508""]",True
10.1109/tvcg.2010.148,A5029621326,3,"[""I62916508""]",True
10.1109/vast.2010.5652530,A5113509600,1,"[""I189712700""]",True
10.1109/vast.2010.5652530,A5023658866,2,"[""I189712700""]",True
10.1109/vast.2010.5652530,A5018186930,3,"[""I189712700""]",True
10.1109/vast.2010.5652530,A5073919282,4,"[""I189712700""]",True
10.1109/vast.2010.5652460,A5090728511,1,"[""I84218800""]",True
10.1109/vast.2010.5652460,A5108737739,2,"[""I84218800""]",True
10.1109/vast.2010.5652460,A5037161857,3,"[""I84218800""]",True
10.1109/tvcg.2010.215,A5109230686,1,"[""I84218800""]",True
10.1109/tvcg.2010.215,A5018178386,2,"[""I84218800""]",True
10.1109/tvcg.2010.215,A5109229937,3,"[""I84218800""]",True
10.1109/tvcg.2010.180,A5000420564,1,"[""I83019370""]",True
10.1109/tvcg.2010.180,A5053109913,2,"[""I83019370""]",True
10.1109/tvcg.2010.137,A5008627422,1,"[""I2801851002""]",True
10.1109/tvcg.2010.137,A5079916657,2,"[""I141945490""]",True
10.1109/tvcg.2010.137,A5030626594,3,"[""I136199984""]",True
10.1109/tvcg.2010.137,A5043151044,4,"[""I2801851002""]",True
10.1109/tvcg.2010.153,A5108537978,1,"[""I83019370""]",True
10.1109/tvcg.2010.153,A5111985276,2,"[""I4210122849""]",True
10.1109/tvcg.2010.153,A5077204103,3,"[""I4210122849""]",True
10.1109/tvcg.2010.153,A5006761415,4,"[""I200166805""]",True
10.1109/tvcg.2010.153,A5109928029,5,[],True
10.1109/tvcg.2010.153,A5081456690,6,"[""I83019370""]",True
10.1109/tvcg.2010.153,A5086223886,7,"[""I83019370""]",True
10.1109/vast.2010.5653587,A5071706843,1,"[""I18014758""]",True
10.1109/vast.2010.5653587,A5072243347,2,"[""I18014758""]",True
10.1109/vast.2010.5652931,A5100658547,1,"[""I1341412227"", ""I4210126794""]",True
10.1109/vast.2010.5652931,A5014662947,2,"[""I1341412227"", ""I4210126794""]",True
10.1109/vast.2010.5652931,A5038775008,3,"[""I4210126794"", ""I1341412227""]",True
10.1109/vast.2010.5652931,A5065822896,4,"[""I1341412227"", ""I4210126794""]",True
10.1109/vast.2010.5652931,A5088209296,5,"[""I4210126794"", ""I1341412227""]",True
10.1109/vast.2010.5652931,A5054523299,6,"[""I4210085935""]",True
10.1109/tvcg.2010.206,A5065970500,1,"[""I8204097"", ""I3018771216""]",True
10.1109/tvcg.2010.206,A5027385475,2,"[""I8204097""]",True
10.1109/tvcg.2010.206,A5037110552,3,"[""I8204097"", ""I3018771216""]",True
10.1109/tvcg.2010.206,A5080378073,4,"[""I8204097"", ""I3018771216""]",True
10.1109/tvcg.2010.191,A5079369129,1,"[""I180825142""]",True
10.1109/tvcg.2010.191,A5048992354,2,"[""I180825142""]",True
10.1109/tvcg.2010.191,A5071681891,3,"[""I180825142""]",True
10.1109/tvcg.2010.173,A5108643002,1,"[""I153267046""]",True
10.1109/tvcg.2010.173,A5071898071,2,"[""I84218800""]",True
10.1109/tvcg.2010.173,A5077191719,3,"[""I84218800""]",True
10.1109/tvcg.2010.173,A5005530908,4,"[""I153267046""]",True
10.1109/tvcg.2010.173,A5114031893,5,"[""I84218800""]",True
10.1109/vast.2010.5652885,A5100350503,1,"[""I102149020""]",True
10.1109/vast.2010.5652885,A5056294184,2,"[""I102149020""]",True
10.1109/vast.2010.5652885,A5032694211,3,"[""I102149020""]",True
10.1109/tvcg.2010.166,A5113721582,1,"[""I926574661""]",True
10.1109/tvcg.2010.166,A5024349334,2,[],True
10.1109/tvcg.2010.166,A5101842842,3,"[""I926574661""]",True
10.1109/tvcg.2010.166,A5029336209,4,"[""I926574661""]",True
10.1109/tvcg.2010.166,A5037765669,5,"[""I926574661""]",True
10.1109/tvcg.2010.202,A5045486160,1,"[""I137902535""]",True
10.1109/tvcg.2010.202,A5072584079,2,"[""I137902535""]",True
10.1109/tvcg.2010.202,A5036143215,3,"[""I40120149""]",True
10.1109/tvcg.2010.202,A5043734486,4,"[""I137902535""]",True
10.1109/tvcg.2010.202,A5102077545,5,"[""I137902535""]",True
10.1109/tvcg.2010.202,A5030963153,6,"[""I4210163870""]",True
10.1109/tvcg.2010.156,A5071898071,1,"[""I84218800""]",True
10.1109/tvcg.2010.156,A5114031893,2,"[""I84218800""]",True
10.1109/tvcg.2010.170,A5024259010,1,"[""I223532165""]",True
10.1109/tvcg.2010.170,A5005510639,2,"[""I223532165""]",True
10.1109/tvcg.2010.170,A5011424640,3,"[""I4210131883"", ""I17974374""]",True
10.1109/tvcg.2010.170,A5003584200,4,"[""I223532165""]",True
10.1109/tvcg.2010.182,A5113867696,1,"[""I52357470""]",True
10.1109/tvcg.2010.182,A5021101532,2,"[""I52357470""]",True
10.1109/tvcg.2010.171,A5000695313,1,"[""I1343190059""]",True
10.1109/tvcg.2010.171,A5056069234,2,"[""I859038795""]",True
10.1109/tvcg.2010.171,A5007628057,3,[],True
10.1109/tvcg.2010.171,A5087450533,4,"[""I1343190059""]",True
10.1109/tvcg.2010.171,A5103514631,5,"[""I1343190059""]",True
10.1109/tvcg.2010.171,A5000755776,6,"[""I4432739""]",True
10.1109/tvcg.2010.128,A5047298428,1,"[""I204250578""]",True
10.1109/tvcg.2010.128,A5011023724,2,"[""I204250578""]",True
10.1109/tvcg.2010.128,A5017854609,3,"[""I204250578""]",True
10.1109/vast.2010.5652932,A5003908445,1,"[""I859038795""]",True
10.1109/vast.2010.5652932,A5101416492,2,"[""I859038795""]",True
10.1109/vast.2010.5652932,A5019416645,3,"[""I859038795""]",True
10.1109/vast.2010.5652932,A5010596785,4,"[""I859038795""]",True
10.1109/vast.2010.5652932,A5052042062,5,"[""I859038795""]",True
10.1109/vast.2010.5652932,A5037675411,6,"[""I859038795""]",True
10.1109/tvcg.2010.214,A5091144609,1,"[""I145847075""]",True
10.1109/tvcg.2010.214,A5056214245,2,"[""I4210136249""]",True
10.1109/tvcg.2010.214,A5052699089,3,"[""I4210136249""]",True
10.1109/tvcg.2010.214,A5110321988,4,"[""I145847075""]",True
10.1109/tvcg.2010.146,A5055750487,1,"[""I95793202"", ""I4210138551""]",True
10.1109/tvcg.2010.146,A5039626800,2,"[""I95793202"", ""I4210138551""]",True
10.1109/tvcg.2010.136,A5000056504,1,"[""I115752224""]",True
10.1109/tvcg.2010.136,A5088977284,2,"[""I115752224""]",True
10.1109/tvcg.2010.136,A5049441601,3,"[""I122991210""]",True
10.1109/tvcg.2010.133,A5012288548,1,"[""I223532165""]",True
10.1109/tvcg.2010.133,A5055426585,2,"[""I223532165""]",True
10.1109/tvcg.2010.133,A5000413604,3,"[""I219193219""]",True
10.1109/tvcg.2010.133,A5041404935,4,"[""I1289243028""]",True
10.1109/tvcg.2010.133,A5054275509,5,"[""I4210156081""]",True
10.1109/tvcg.2010.133,A5019708277,6,"[""I2799567181""]",True
10.1109/tvcg.2010.127,A5051400237,1,"[""I219193219""]",True
10.1109/tvcg.2010.127,A5036159118,2,"[""I223532165""]",True
10.1109/tvcg.2010.127,A5051307646,3,"[""I219193219""]",True
10.1109/tvcg.2010.127,A5101695356,4,"[""I219193219""]",True
10.1109/vast.2010.5653598,A5019527252,1,"[""I102149020""]",True
10.1109/vast.2010.5653598,A5088379177,2,"[""I102149020""]",True
10.1109/vast.2010.5653598,A5055992752,3,"[""I102149020""]",True
10.1109/vast.2010.5653598,A5006364168,4,"[""I102149020""]",True
10.1109/vast.2010.5653598,A5089451178,5,"[""I102149020"", ""I121934306""]",True
10.1109/vast.2010.5652478,A5022699013,1,"[""I4210144576""]",True
10.1109/vast.2010.5652478,A5057538550,2,"[""I4210144576""]",True
10.1109/vast.2010.5652478,A5045775773,3,"[""I4210144576""]",True
10.1109/vast.2010.5652478,A5062749833,4,"[""I4210144576""]",True
10.1109/vast.2010.5652478,A5000254667,5,"[""I4210144576""]",True
10.1109/tvcg.2010.168,A5025485089,1,"[""I2801851002""]",True
10.1109/tvcg.2010.168,A5030066648,2,"[""I71920554"", ""I118692353""]",True
10.1109/tvcg.2010.168,A5009627681,3,"[""I2801851002"", ""I136199984""]",True
10.1109/tvcg.2010.168,A5054189757,4,"[""I136199984""]",True
10.1109/tvcg.2010.168,A5026610704,5,"[""I62916508""]",True
10.1109/tvcg.2010.168,A5029621326,6,"[""I62916508""]",True
10.1109/tvcg.2010.168,A5005494448,7,"[""I136199984""]",True
10.1109/tvcg.2010.168,A5037495122,8,"[""I2801851002"", ""I136199984""]",True
10.1109/tvcg.2010.168,A5043151044,9,"[""I2801851002""]",True
10.1109/tvcg.2010.185,A5068372464,1,"[""I223532165""]",True
10.1109/tvcg.2010.185,A5011424640,2,"[""I17974374""]",True
10.1109/tvcg.2010.185,A5003584200,3,"[""I223532165""]",True
10.1109/tvcg.2010.172,A5103036411,1,"[""I165932596""]",True
10.1109/tvcg.2010.172,A5087472834,2,"[""I165932596""]",True
10.1109/tvcg.2010.172,A5045739580,3,"[""I165932596""]",True
10.1109/tvcg.2010.172,A5054382056,4,"[""I172675005""]",True
10.1109/tvcg.2010.172,A5075135613,5,"[""I165932596""]",True
10.1109/tvcg.2010.152,A5033912951,1,[],True
10.1109/tvcg.2010.152,A5072684302,2,"[""I18014758""]",True
10.1109/tvcg.2010.152,A5060664606,3,"[""I18014758""]",True
10.1109/vast.2010.5652450,A5049897427,1,"[""I169381384""]",True
10.1109/vast.2010.5652450,A5009607521,2,"[""I169381384""]",True
10.1109/vast.2010.5652450,A5014887248,3,"[""I169381384""]",True
10.1109/vast.2010.5652450,A5015726919,4,"[""I169381384""]",True
10.1109/vast.2010.5652450,A5073784823,5,"[""I169381384""]",True
10.1109/tvcg.2010.216,A5004642834,1,"[""I131249849""]",True
10.1109/tvcg.2010.216,A5074196720,2,"[""I131249849""]",True
10.1109/tvcg.2010.216,A5024296783,3,"[""I131249849""]",True
10.1109/tvcg.2010.216,A5026074051,4,"[""I131249849""]",True
10.1109/tvcg.2010.216,A5018871532,5,"[""I131249849""]",True
10.1109/tvcg.2010.163,A5031431096,1,"[""I27804330""]",True
10.1109/tvcg.2010.163,A5087718701,2,"[""I27804330""]",True
10.1109/tvcg.2010.163,A5025899028,3,"[""I27804330""]",True
10.1109/tvcg.2010.163,A5030179454,4,"[""I27804330""]",True
10.1109/tvcg.2010.126,A5075722001,1,"[""I154570441""]",True
10.1109/tvcg.2010.126,A5028885566,2,"[""I154570441""]",True
10.1109/tvcg.2010.126,A5058720963,3,"[""I154570441""]",True
10.1109/vast.2010.5652940,A5080477172,1,"[""I926574661""]",True
10.1109/vast.2010.5652940,local:d4b18fd5595a623e,2,"[""I926574661""]",True
10.1109/vast.2010.5652940,local:899d285fdfac0e1b,3,"[""I926574661""]",True
10.1109/vast.2010.5652940,local:ac34dfa62f4baa5e,4,"[""I926574661""]",True
10.1109/vast.2010.5652940,local:6e9fed902609f659,5,"[""I100066346""]",True
10.1109/vast.2010.5652940,local:2094c4d39edb3eb9,6,"[""I100066346""]",True
10.1109/vast.2010.5652940,local:1f74178ad879a37e,7,"[""I148283060""]",True
10.1109/tvcg.2010.134,A5113648828,1,"[""I2800006345"", ""I98358874""]",True
10.1109/tvcg.2010.134,A5012099276,2,"[""I2800006345""]",True
10.1109/tvcg.2010.134,A5103395894,3,"[""I98358874""]",True
10.1109/tvcg.2010.134,A5023711681,4,"[""I98358874""]",True
10.1109/tvcg.2010.134,A5003711050,5,"[""I2800006345""]",True
10.1109/tvcg.2010.134,A5000644268,6,"[""I2800006345""]",True
10.1109/tvcg.2010.134,A5019003563,7,"[""I2800006345"", ""I98358874""]",True
10.1109/tvcg.2010.134,A5110467360,8,"[""I98358874"", ""I2800006345""]",True
10.1109/vast.2010.5652398,A5076956337,1,"[""I887064364""]",True
10.1109/vast.2010.5652398,A5070684680,2,"[""I887064364""]",True
10.1109/tvcg.2010.130,A5073731680,1,"[""I97018004""]",True
10.1109/tvcg.2010.130,A5103201287,2,"[""I97018004""]",True
10.1109/tvcg.2010.130,A5018111215,3,"[""I97018004""]",True
10.1109/tvcg.2010.150,A5031596501,1,"[""I39586589""]",True
10.1109/tvcg.2010.150,A5040573722,2,"[""I39586589""]",True
10.1109/tvcg.2010.150,A5047898395,3,"[""I39586589""]",True
10.1109/tvcg.2010.150,A5008493965,4,"[""I223822909""]",True
10.1109/tvcg.2010.150,A5070927396,5,"[""I39586589""]",True
10.1109/tvcg.2010.150,A5078538935,6,"[""I39586589""]",True
10.1109/vast.2010.5652890,A5022402131,1,"[""I1174212""]",True
10.1109/vast.2010.5652890,A5068184256,2,"[""I1174212""]",True
10.1109/tvcg.2010.169,A5013101044,1,"[""I62916508""]",True
10.1109/tvcg.2010.169,A5109234117,2,"[""I62916508""]",True
10.1109/tvcg.2010.169,A5039626800,3,"[""I4210138551""]",True
10.1109/tvcg.2010.169,A5068076769,4,"[""I62916508""]",True
10.1109/tvcg.2010.192,A5038943746,1,"[""I20231570""]",True
10.1109/tvcg.2010.192,A5108478426,2,"[""I20231570""]",True
10.1109/tvcg.2010.192,A5054749881,3,"[""I20231570""]",True
10.1109/tvcg.2010.192,A5029399661,4,"[""I20231570""]",True
10.1109/tvcg.2010.192,A5002806054,5,"[""I75027704""]",True
10.1109/tvcg.2010.192,A5041484012,6,"[""I20231570"", ""I75027704""]",True
10.1109/tvcg.2010.192,A5101839749,7,[],True
10.1109/tvcg.2010.195,A5069939725,1,"[""I4210137693"", ""I102134673""]",True
10.1109/tvcg.2010.195,A5087545747,2,"[""I4210137693""]",True
10.1109/tvcg.2010.195,A5043545263,3,"[""I4210113652""]",True
10.1109/tvcg.2010.195,A5000813954,4,"[""I102134673""]",True
10.1109/tvcg.2010.195,A5048647256,5,"[""I102134673""]",True
10.1109/tvcg.2010.151,A5109158457,1,"[""I95457486"", ""I134446601""]",True
10.1109/tvcg.2010.151,A5007056424,2,"[""I1306409833""]",True
10.1109/tvcg.2010.151,A5058170430,3,"[""I68891433""]",True
10.1109/tvcg.2010.151,A5045835385,4,"[""I95457486"", ""I134446601""]",True
10.1109/tvcg.2010.145,A5051590071,1,"[""I100066346""]",True
10.1109/tvcg.2010.145,A5073619125,2,"[""I100066346""]",True
10.1109/tvcg.2010.145,A5020952435,3,"[""I130828816""]",True
10.1109/tvcg.2010.222,A5010157704,1,"[""I1290206253""]",True
10.1109/tvcg.2010.222,A5010119044,2,"[""I1290206253""]",True
10.1109/tvcg.2010.222,A5103024385,3,"[""I1290206253""]",True
10.1109/tvcg.2010.222,A5054505042,4,"[""I1290206253"", ""I4210164937""]",True
10.1109/tvcg.2010.155,A5077811422,1,"[""I139264467""]",True
10.1109/tvcg.2010.155,A5048833289,2,"[""I139264467""]",True
10.1109/tvcg.2010.155,A5012388103,3,"[""I139264467""]",True
10.1109/tvcg.2010.155,A5076075267,4,"[""I197347611""]",True
10.1109/tvcg.2010.155,A5101418877,5,"[""I139264467""]",True
10.1109/tvcg.2010.155,A5042323667,6,"[""I139264467""]",True
10.1109/vast.2010.5652520,A5084471891,1,"[""I8692664""]",True
10.1109/tvcg.2010.196,A5028028246,1,"[""I4210112998""]",True
10.1109/tvcg.2010.196,A5091360778,2,"[""I100066346""]",True
10.1109/tvcg.2010.196,A5073619125,3,"[""I100066346""]",True
10.1109/tvcg.2010.147,A5058831244,1,"[""I18014758""]",True
10.1109/tvcg.2010.147,A5060664606,2,"[""I18014758""]",True
10.1109/vast.2010.5652910,A5100745766,1,"[""I1290206253"", ""I130701444""]",True
10.1109/vast.2010.5652910,A5065644953,2,"[""I1290206253""]",True
10.1109/vast.2010.5652910,A5023881736,3,"[""I1290206253""]",True
10.1109/vast.2010.5652910,A5013518229,4,"[""I1290206253""]",True
10.1109/tvcg.2010.174,A5050064511,1,"[""I102149020""]",True
10.1109/tvcg.2010.174,A5081622405,2,"[""I102149020""]",True
10.1109/tvcg.2010.189,A5033144420,1,[],True
10.1109/tvcg.2010.189,A5090414723,2,[],True
10.1109/tvcg.2010.189,A5017854609,3,"[""I204250578""]",True
10.1109/vast.2010.5652484,A5000497037,1,"[""I59553526""]",True
10.1109/vast.2010.5652484,A5005648942,2,"[""I59553526""]",True
10.1109/vast.2010.5652484,A5070670810,3,"[""I59553526""]",True
10.1109/vast.2010.5652896,A5079537893,1,"[""I1290206253"", ""I1326498283"", ""I4210161634""]",True
10.1109/vast.2010.5652896,A5029815396,2,"[""I1290206253"", ""I1326498283"", ""I4210161634""]",True
10.1109/vast.2010.5652896,A5060725233,3,"[""I1326498283""]",True
10.1109/vast.2010.5652895,A5005968265,1,"[""I155173764""]",True
10.1109/vast.2010.5652895,A5019756314,2,"[""I130769515""]",True
10.1109/tvcg.2010.217,A5037571749,1,"[""I926574661""]",True
10.1109/tvcg.2010.217,A5040165209,2,"[""I926574661""]",True
10.1109/tvcg.2010.217,A5019719296,3,"[""I926574661"", ""I4210091327"", ""I4210119712""]",True
10.1109/tvcg.2010.217,A5016104736,4,"[""I4210119712"", ""I4210091327""]",True
10.1109/tvcg.2010.217,A5029336209,5,"[""I926574661""]",True
10.1109/vast.2010.5652879,A5024377336,1,"[""I212119943""]",True
10.1109/vast.2010.5652879,A5008337640,2,"[""I212119943""]",True
10.1109/vast.2010.5652879,A5047827833,3,"[""I212119943""]",True
10.1109/tvcg.2010.187,A5011783203,1,"[""I68947357""]",True
10.1109/tvcg.2010.187,A5081467444,2,"[""I68947357""]",True
10.1109/tvcg.2010.187,A5054111486,3,"[""I84218800""]",True
10.1109/tvcg.2010.187,A5109247506,4,"[""I68947357""]",True
10.1109/tvcg.2010.160,A5059407422,1,"[""I18014758""]",True
10.1109/tvcg.2010.160,A5060664606,2,"[""I129774422"", ""I18014758""]",True
10.1109/tvcg.2010.160,A5024254029,3,"[""I1294671590"", ""I4210139483""]",True
10.1109/tvcg.2010.218,A5018714925,1,"[""I84218800""]",True
10.1109/tvcg.2010.218,A5113579052,2,"[""I84218800""]",True
10.1109/vast.2010.5653599,A5055992752,1,"[""I102149020""]",True
10.1109/vast.2010.5653599,A5050064511,2,"[""I102149020""]",True
10.1109/vast.2010.5653599,A5087146581,3,"[""I102149020""]",True
10.1109/vast.2010.5653599,A5075876111,4,"[""I102149020""]",True
10.1109/vast.2010.5653599,A5103517898,5,"[""I102149020""]",True
10.1109/vast.2010.5653599,A5110208682,6,"[""I102149020""]",True
10.1109/vast.2010.5653599,A5100357616,7,"[""I121934306"", ""I102149020""]",True
10.1109/vast.2010.5653599,A5089451178,8,"[""I102149020""]",True
10.1109/vast.2010.5652926,A5072598654,1,"[""I189712700""]",True
10.1109/vast.2010.5652926,A5010986405,2,"[""I189712700""]",True
10.1109/vast.2010.5652926,A5028513822,3,"[""I189712700""]",True
10.1109/vast.2010.5652926,A5073919282,4,"[""I189712700""]",True
10.1109/tvcg.2010.211,A5102535013,1,"[""I59553526""]",True
10.1109/tvcg.2010.211,A5101970468,2,"[""I59553526""]",True
10.1109/tvcg.2010.211,A5070670810,3,"[""I59553526""]",True
10.1109/tvcg.2010.221,A5100331329,1,"[""I130238516""]",True
10.1109/tvcg.2010.221,A5024298278,2,"[""I130238516""]",True
10.1109/tvcg.2010.221,A5006502390,3,"[""I130238516""]",True
10.1109/tvcg.2010.221,A5000426391,4,"[""I130238516""]",True
10.1109/tvcg.2009.111,A5079916657,1,"[""I141945490""]",True
10.1109/tvcg.2009.171,A5059594867,1,"[""I1341412227""]",True
10.1109/tvcg.2009.171,A5039276358,2,"[""I1341412227""]",True
10.1109/tvcg.2009.171,A5054633336,3,"[""I1341412227""]",True
10.1109/tvcg.2009.122,A5042382359,1,"[""I185261750""]",True
10.1109/tvcg.2009.122,A5052428595,2,"[""I185261750""]",True
10.1109/tvcg.2009.122,A5012561411,3,"[""I168635309""]",True
10.1109/tvcg.2009.174,A5005322254,1,"[""I97018004""]",True
10.1109/tvcg.2009.174,A5090570042,2,"[""I97018004""]",True
10.1109/tvcg.2009.143,A5003854328,1,"[""I155781252""]",True
10.1109/vast.2009.5333443,A5042382359,1,"[""I185261750""]",True
10.1109/vast.2009.5333443,A5059594867,2,"[""I4210156936"", ""I4210103279""]",True
10.1109/vast.2009.5333443,A5039276358,3,"[""I4210156936"", ""I4210103279""]",True
10.1109/tvcg.2009.108,A5076532363,1,"[""I4210112067""]",True
10.1109/tvcg.2009.108,A5053097987,2,"[""I4210167297""]",True
10.1109/vast.2009.5332584,A5022699013,1,"[""I4210144576""]",True
10.1109/vast.2009.5332584,A5057538550,2,"[""I4210144576""]",True
10.1109/vast.2009.5332584,A5024898168,3,"[""I122991210""]",True
10.1109/vast.2009.5332584,A5009248582,4,"[""I122991210""]",True
10.1109/vast.2009.5332584,A5044898565,5,"[""I108290504""]",True
10.1109/vast.2009.5332584,A5024505700,6,"[""I122991210""]",True
10.1109/tvcg.2009.113,A5082992995,1,"[""I130442723""]",True
10.1109/tvcg.2009.113,A5065873350,2,"[""I130442723""]",True
10.1109/tvcg.2009.113,A5000885442,3,"[""I130442723""]",True
10.1109/tvcg.2009.167,A5008627422,1,"[""I2801851002""]",True
10.1109/tvcg.2009.167,A5079916657,2,"[""I141945490""]",True
10.1109/tvcg.2009.167,A5043151044,3,"[""I2801851002""]",True
10.1109/tvcg.2009.187,A5024270237,1,"[""I66946132""]",True
10.1109/tvcg.2009.187,A5030084361,2,"[""I66946132""]",True
10.1109/tvcg.2009.187,A5052623072,3,"[""I66946132""]",True
10.1109/tvcg.2009.187,A5110270006,4,"[""I66946132""]",True
10.1109/tvcg.2009.187,A5111820297,5,"[""I86755215"", ""I1285739803""]",True
10.1109/tvcg.2009.187,A5050391966,6,"[""I1285739803"", ""I86755215""]",True
10.1109/tvcg.2009.187,A5002534636,7,"[""I1285739803"", ""I86755215""]",True
10.1109/tvcg.2009.187,A5014886957,8,"[""I1285739803"", ""I86755215""]",True
10.1109/tvcg.2009.179,A5038943746,1,"[""I20231570""]",True
10.1109/tvcg.2009.179,A5029399661,2,"[""I20231570""]",True
10.1109/tvcg.2009.179,A5108478426,3,"[""I20231570""]",True
10.1109/tvcg.2009.179,A5019444857,4,"[""I889458895"", ""I200769079""]",True
10.1109/tvcg.2009.179,A5091466289,5,"[""I889458895"", ""I200769079""]",True
10.1109/tvcg.2009.165,A5076532363,1,"[""I1341412227""]",True
10.1109/tvcg.2009.165,A5039276358,2,"[""I1341412227""]",True
10.1109/tvcg.2009.165,A5059594867,3,"[""I1341412227""]",True
10.1109/tvcg.2009.145,A5058678073,1,"[""I134560555"", ""I4210119061"", ""I3131550300"", ""I100296615"", ""I4210160189"", ""I4210152422""]",True
10.1109/tvcg.2009.145,A5071545016,2,"[""I4210119061"", ""I100296615"", ""I134560555""]",True
10.1109/tvcg.2009.145,A5081738752,3,"[""I100296615"", ""I4210119061"", ""I134560555""]",True
10.1109/vast.2009.5332628,A5080987337,1,"[""I189712700""]",True
10.1109/vast.2009.5332628,A5085294981,2,"[""I94509681""]",True
10.1109/vast.2009.5332628,A5011059989,3,"[""I94509681""]",True
10.1109/vast.2009.5332628,A5109232728,4,"[""I4210099988""]",True
10.1109/vast.2009.5332628,A5039626800,5,"[""I4210138551""]",True
10.1109/vast.2009.5332628,A5000099153,6,[],True
10.1109/vast.2009.5332628,A5073919282,7,"[""I189712700""]",True
10.1109/tvcg.2009.118,A5063468572,1,"[""I223532165""]",True
10.1109/tvcg.2009.118,A5075262449,2,"[""I223532165""]",True
10.1109/tvcg.2009.118,A5013054287,3,"[""I223532165""]",True
10.1109/tvcg.2009.118,A5065645994,4,"[""I223532165""]",True
10.1109/tvcg.2009.114,A5010678395,1,"[""I99041443""]",True
10.1109/tvcg.2009.114,A5005908452,2,"[""I99041443""]",True
10.1109/tvcg.2009.114,A5063619308,3,"[""I110378019""]",True
10.1109/tvcg.2009.114,A5110871918,4,"[""I99041443""]",True
10.1109/tvcg.2009.114,A5056355204,5,"[""I99041443""]",True
10.1109/tvcg.2009.138,A5090771774,1,"[""I4210136697"", ""I169381384""]",True
10.1109/tvcg.2009.138,A5006958527,2,"[""I169381384"", ""I4210136697""]",True
10.1109/tvcg.2009.138,A5073784823,3,"[""I4210136697"", ""I169381384""]",True
10.1109/tvcg.2009.138,A5083454802,4,"[""I169381384"", ""I4210136697""]",True
10.1109/tvcg.2009.131,A5067224066,1,"[""I100066346""]",True
10.1109/tvcg.2009.131,A5073619125,2,"[""I100066346""]",True
10.1109/tvcg.2009.162,A5050854022,1,"[""I168635309""]",True
10.1109/tvcg.2009.162,A5024860629,2,"[""I168635309""]",True
10.1109/tvcg.2009.162,A5012561411,3,"[""I168635309""]",True
10.1109/tvcg.2009.189,A5018178386,1,"[""I84218800""]",True
10.1109/tvcg.2009.189,A5037161857,2,"[""I84218800""]",True
10.1109/tvcg.2009.185,A5026799813,1,"[""I219193219""]",True
10.1109/tvcg.2009.185,A5027744612,2,"[""I219193219""]",True
10.1109/tvcg.2009.185,A5100740616,3,[],True
10.1109/tvcg.2009.185,A5018584803,4,"[""I219193219""]",True
10.1109/tvcg.2009.109,A5008149778,1,"[""I1290206253""]",True
10.1109/tvcg.2009.109,A5065644953,2,"[""I1290206253""]",True
10.1109/tvcg.2009.109,A5010157704,3,"[""I1290206253""]",True
10.1109/tvcg.2009.109,A5083684003,4,"[""I1290206253""]",True
10.1109/tvcg.2009.109,A5024860629,5,"[""I168635309""]",True
10.1109/tvcg.2009.109,A5110121255,6,"[""I1290206253""]",True
10.1109/tvcg.2009.109,A5037675411,7,"[""I859038795""]",True
10.1109/vast.2009.5332611,A5108737739,1,"[""I84218800"", ""I2803209242""]",True
10.1109/vast.2009.5332611,A5090728511,2,"[""I84218800""]",True
10.1109/vast.2009.5332611,A5037161857,3,"[""I84218800"", ""I2803209242""]",True
10.1109/vast.2009.5332595,A5051520705,1,"[""I66946132""]",True
10.1109/vast.2009.5332595,A5106085270,2,"[""I66946132""]",True
10.1109/tvcg.2009.163,A5074734666,1,"[""I223532165""]",True
10.1109/tvcg.2009.163,A5047677160,2,"[""I223532165""]",True
10.1109/tvcg.2009.163,A5110470142,3,"[""I47431100"", ""I4210131673""]",True
10.1109/tvcg.2009.139,A5084459196,1,"[""I189712700""]",True
10.1109/tvcg.2009.139,A5072598654,2,"[""I189712700""]",True
10.1109/tvcg.2009.139,A5024706967,3,"[""I189712700""]",True
10.1109/tvcg.2009.139,A5028513822,4,"[""I189712700""]",True
10.1109/tvcg.2009.139,A5073919282,5,"[""I189712700""]",True
10.1109/tvcg.2009.139,A5036489223,6,"[""I189712700""]",True
10.1109/tvcg.2009.157,A5003476748,1,"[""I100066346""]",True
10.1109/tvcg.2009.157,A5001647607,2,"[""I100066346""]",True
10.1109/tvcg.2009.157,A5038629539,3,"[""I100066346""]",True
10.1109/tvcg.2009.128,A5071681891,1,"[""I180825142""]",True
10.1109/tvcg.2009.128,A5079369129,2,"[""I180825142""]",True
10.1109/tvcg.2009.128,A5048992354,3,"[""I180825142""]",True
10.1109/tvcg.2009.141,A5078255818,1,"[""I175594653""]",True
10.1109/tvcg.2009.141,A5027360874,2,"[""I175594653""]",True
10.1109/tvcg.2009.141,A5030179454,3,"[""I175594653""]",True
10.1109/vast.2009.5332593,A5005364495,1,"[""I84218800""]",True
10.1109/vast.2009.5332593,A5111832578,2,"[""I84218800""]",True
10.1109/vast.2009.5332593,A5109447623,3,"[""I84218800""]",True
10.1109/vast.2009.5332593,A5037161857,4,"[""I84218800""]",True
10.1109/tvcg.2009.117,A5061859149,1,"[""I102134673""]",True
10.1109/tvcg.2009.117,A5059206106,2,"[""I102134673""]",True
10.1109/tvcg.2009.117,A5102023823,3,"[""I102134673""]",True
10.1109/vast.2009.5333919,A5072598654,1,"[""I189712700""]",True
10.1109/vast.2009.5333919,A5101997668,2,"[""I1324840837""]",True
10.1109/vast.2009.5333919,A5024706967,3,"[""I189712700""]",True
10.1109/vast.2009.5333919,A5073919282,4,"[""I189712700""]",True
10.1109/vast.2009.5333919,A5045738980,5,"[""I1324840837""]",True
10.1109/vast.2009.5333919,A5079006352,6,"[""I1324840837""]",True
10.1109/vast.2009.5333919,A5071723951,7,"[""I189712700""]",True
10.1109/tvcg.2009.177,A5045224825,1,"[""I40347166""]",True
10.1109/tvcg.2009.177,A5002685368,2,"[""I136199984""]",True
10.1109/tvcg.2009.177,A5066553010,3,"[""I2802742124"", ""I40120149""]",True
10.1109/tvcg.2009.177,A5110183530,4,"[""I136199984"", ""I1283280774""]",True
10.1109/tvcg.2009.164,A5007892541,1,"[""I1343180700""]",True
10.1109/tvcg.2009.164,A5045671998,2,"[""I4210146710"", ""I2802423016""]",True
10.1109/tvcg.2009.164,A5059686266,3,"[""I1343180700""]",True
10.1109/tvcg.2009.164,A5039898691,4,"[""I2802423016"", ""I4210146710""]",True
10.1109/tvcg.2009.164,A5086562058,5,"[""I1343180700""]",True
10.1109/tvcg.2009.164,A5048335856,6,"[""I2802423016"", ""I4210146710""]",True
10.1109/tvcg.2009.164,A5102908621,7,"[""I1343180700""]",True
10.1109/tvcg.2009.164,A5073981209,8,"[""I2802423016"", ""I4210146710""]",True
10.1109/tvcg.2009.164,A5068726823,9,"[""I1343180700""]",True
10.1109/tvcg.2009.164,A5070235827,10,"[""I1343180700""]",True
10.1109/tvcg.2009.164,A5028020405,11,"[""I1343180700""]",True
10.1109/tvcg.2009.164,A5047809126,12,"[""I1343180700""]",True
10.1109/tvcg.2009.164,A5040191411,13,"[""I1343180700""]",True
10.1109/tvcg.2009.164,A5110532835,14,"[""I4210146710"", ""I2802423016""]",True
10.1109/vast.2009.5333878,A5088085186,1,"[""I130701444""]",True
10.1109/vast.2009.5333878,A5064020522,2,"[""I130701444""]",True
10.1109/vast.2009.5333878,A5082668404,3,"[""I130701444""]",True
10.1109/tvcg.2009.176,A5052802019,1,"[""I130701444""]",True
10.1109/tvcg.2009.176,A5064073065,2,"[""I130701444"", ""I2800444561""]",True
10.1109/tvcg.2009.176,A5077494833,3,"[""I130701444"", ""I2800444561""]",True
10.1109/tvcg.2009.116,A5010769398,1,"[""I1289530486""]",True
10.1109/tvcg.2009.116,A5028264773,2,"[""I1289530486""]",True
10.1109/tvcg.2009.116,A5017539699,3,"[""I1289530486""]",True
10.1109/tvcg.2009.116,A5100728059,4,"[""I1289530486""]",True
10.1109/tvcg.2009.184,A5064357435,1,"[""I62916508""]",True
10.1109/tvcg.2009.184,A5054001020,2,"[""I62916508""]",True
10.1109/tvcg.2009.184,A5072566909,3,"[""I2802619606"", ""I62916508""]",True
10.1109/tvcg.2009.184,A5068076769,4,"[""I62916508""]",True
10.1109/tvcg.2009.123,A5016227452,1,"[""I84218800""]",True
10.1109/tvcg.2009.123,A5109229937,2,"[""I84218800""]",True
10.1109/tvcg.2009.178,A5025485089,1,"[""I136199984""]",True
10.1109/tvcg.2009.178,A5010238198,2,"[""I1343190059""]",True
10.1109/tvcg.2009.178,A5008754293,3,"[""I1343190059""]",True
10.1109/tvcg.2009.178,A5060766689,4,"[""I136199984""]",True
10.1109/tvcg.2009.178,A5043151044,5,"[""I136199984""]",True
10.1109/tvcg.2009.178,A5109840277,6,"[""I223532165""]",True
10.1109/tvcg.2009.120,A5047165067,1,"[""I129604602"", ""I42894916""]",True
10.1109/tvcg.2009.120,A5021529553,2,"[""I42894916"", ""I129604602""]",True
10.1109/tvcg.2009.152,A5058360336,1,"[""I130238516""]",True
10.1109/tvcg.2009.152,A5070656779,2,"[""I130238516""]",True
10.1109/tvcg.2009.152,A5110208682,3,"[""I4210115791""]",True
10.1109/tvcg.2009.152,A5089451178,4,"[""I4210115791""]",True
10.1109/tvcg.2009.140,A5100615975,1,"[""I185443292""]",True
10.1109/tvcg.2009.140,A5100318892,2,"[""I185443292""]",True
10.1109/tvcg.2009.140,A5101897241,3,"[""I185443292""]",True
10.1109/tvcg.2009.140,A5111314141,4,"[""I185443292""]",True
10.1109/tvcg.2009.200,A5028237720,1,"[""I52357470""]",True
10.1109/tvcg.2009.200,A5065630217,2,"[""I52357470""]",True
10.1109/tvcg.2009.151,A5056211536,1,"[""I9736820""]",True
10.1109/tvcg.2009.151,A5055656807,2,"[""I112260969""]",True
10.1109/tvcg.2009.121,A5063965880,1,"[""I145847075""]",True
10.1109/tvcg.2009.121,A5049649342,2,"[""I145847075""]",True
10.1109/tvcg.2009.121,A5109928029,3,"[""I145847075""]",True
10.1109/tvcg.2009.121,A5069800147,4,"[""I1343190059""]",True
10.1109/tvcg.2009.121,A5085507158,5,"[""I1343190059""]",True
10.1109/tvcg.2009.121,A5022034999,6,"[""I195525897""]",True
10.1109/tvcg.2009.121,A5039360877,7,"[""I195525897""]",True
10.1109/vast.2009.5333020,A5078112255,1,"[""I18014758""]",True
10.1109/vast.2009.5333020,A5078297482,2,"[""I18014758""]",True
10.1109/vast.2009.5333020,A5080181424,3,"[""I18014758""]",True
10.1109/vast.2009.5333020,A5087425453,4,"[""I18014758""]",True
10.1109/vast.2009.5333020,A5101738811,5,"[""I18014758""]",True
10.1109/vast.2009.5333020,A5109996927,6,"[""I18014758""]",True
10.1109/vast.2009.5333020,A5040961656,7,"[""I18014758""]",True
10.1109/vast.2009.5333020,A5042215239,8,"[""I18014758""]",True
10.1109/tvcg.2009.190,A5069276789,1,"[""I84218800""]",True
10.1109/tvcg.2009.190,A5071898071,2,"[""I84218800""]",True
10.1109/tvcg.2009.190,A5055273892,3,"[""I84218800""]",True
10.1109/tvcg.2009.188,A5069909357,1,"[""I57201433""]",True
10.1109/tvcg.2009.188,A5037020023,2,"[""I202963720""]",True
10.1109/tvcg.2009.110,A5000555892,1,"[""I1343190059""]",True
10.1109/tvcg.2009.110,A5061682032,2,"[""I4665924""]",True
10.1109/tvcg.2009.110,A5113683690,3,"[""I145847075""]",True
10.1109/tvcg.2009.110,A5043913136,4,"[""I1343190059""]",True
10.1109/tvcg.2009.124,A5053417612,1,"[""I204250578""]",True
10.1109/tvcg.2009.124,A5011023724,2,"[""I204250578""]",True
10.1109/tvcg.2009.124,A5042196702,3,"[""I204250578""]",True
10.1109/tvcg.2009.124,A5017854609,4,"[""I204250578""]",True
10.1109/tvcg.2009.182,A5013243312,1,"[""I189712700""]",True
10.1109/tvcg.2009.182,A5076733321,2,"[""I189712700""]",True
10.1109/tvcg.2009.182,A5071723951,3,"[""I189712700""]",True
10.1109/tvcg.2009.182,A5073919282,4,"[""I189712700""]",True
10.1109/tvcg.2009.166,A5053417612,1,"[""I204250578""]",True
10.1109/tvcg.2009.166,A5017854609,2,"[""I204250578""]",True
10.1109/tvcg.2009.142,A5051666919,1,"[""I62916508""]",True
10.1109/tvcg.2009.142,A5030066648,2,"[""I62916508""]",True
10.1109/tvcg.2009.142,A5029621326,3,"[""I62916508""]",True
10.1109/tvcg.2009.112,A5100344515,1,"[""I76130692""]",True
10.1109/tvcg.2009.112,A5015703834,2,"[""I76130692""]",True
10.1109/tvcg.2009.112,A5102742264,3,"[""I99041443""]",True
10.1109/tvcg.2009.112,A5034265732,4,"[""I27804330"", ""I175594653""]",True
10.1109/tvcg.2009.112,A5063841582,5,"[""I175594653"", ""I27804330""]",True
10.1109/tvcg.2009.112,A5091466289,6,"[""I200769079"", ""I889458895""]",True
10.1109/tvcg.2009.112,A5027219758,7,"[""I99041443""]",True
10.1109/tvcg.2009.112,A5041813529,8,"[""I1283280774""]",True
10.1109/tvcg.2009.112,A5002869474,9,"[""I76130692""]",True
10.1109/tvcg.2009.112,A5108580059,10,"[""I76130692""]",True
10.1109/tvcg.2009.172,A5024698239,1,"[""I200769079"", ""I889458895""]",True
10.1109/tvcg.2009.172,A5073986937,2,"[""I889458895"", ""I200769079""]",True
10.1109/tvcg.2009.172,A5087453656,3,"[""I889458895"", ""I200769079""]",True
10.1109/tvcg.2009.172,A5100740616,4,[],True
10.1109/tvcg.2009.172,A5091466289,5,"[""I200769079"", ""I889458895""]",True
10.1109/tvcg.2009.127,A5047827833,1,"[""I212119943""]",True
10.1109/tvcg.2009.127,A5058010834,2,"[""I212119943""]",True
10.1109/tvcg.2009.127,A5024280655,3,"[""I98251732""]",True
10.1109/tvcg.2009.126,A5009031900,1,"[""I175594653""]",True
10.1109/tvcg.2009.126,A5100756751,2,"[""I175594653""]",True
10.1109/tvcg.2009.126,A5030179454,3,"[""I175594653""]",True
10.1109/vast.2009.5333920,A5013779026,1,"[""I219193219""]",True
10.1109/vast.2009.5333920,A5001421168,2,"[""I219193219""]",True
10.1109/vast.2009.5333920,A5018584803,3,"[""I219193219""]",True
10.1109/tvcg.2009.197,A5008493965,1,"[""I926574661""]",True
10.1109/tvcg.2009.197,A5012964681,2,"[""I4210143490"", ""I2800289517""]",True
10.1109/tvcg.2009.197,A5067273223,3,"[""I149899117"", ""I4210163131""]",True
10.1109/tvcg.2009.197,A5029336209,4,"[""I926574661""]",True
10.1109/tvcg.2009.170,A5077645218,1,"[""I83019370""]",True
10.1109/tvcg.2009.170,A5086223886,2,"[""I83019370""]",True
10.1109/tvcg.2009.170,A5023541811,3,"[""I83019370""]",True
10.1109/tvcg.2009.170,A5081456690,4,"[""I83019370""]",True
10.1109/tvcg.2009.199,A5038204892,1,"[""I35440088""]",True
10.1109/tvcg.2009.199,A5030890781,2,"[""I1343190059""]",True
10.1109/tvcg.2009.199,A5109928029,3,"[""I145847075""]",True
10.1109/tvcg.2009.168,A5000816378,1,"[""I135310074""]",True
10.1109/tvcg.2009.168,A5070293533,2,"[""I135310074""]",True
10.1109/tvcg.2009.168,A5084778474,3,"[""I135310074""]",True
10.1109/tvcg.2009.155,A5000695313,1,"[""I1343190059""]",True
10.1109/tvcg.2009.155,A5056069234,2,"[""I859038795""]",True
10.1109/tvcg.2009.155,A5020944482,3,[],True
10.1109/tvcg.2009.155,A5000755776,4,"[""I4432739""]",True
10.1109/tvcg.2009.150,A5086520196,1,"[""I18014758""]",True
10.1109/tvcg.2009.150,A5073619125,2,"[""I100066346""]",True
10.1109/tvcg.2009.150,A5060664606,3,"[""I18014758""]",True
10.1109/vast.2009.5332629,A5047912015,1,"[""I130701444""]",True
10.1109/vast.2009.5332629,A5110192503,2,"[""I142606810""]",True
10.1109/vast.2009.5332629,A5101728710,3,"[""I130701444""]",True
10.1109/tvcg.2009.204,A5033987709,1,"[""I153267046""]",True
10.1109/tvcg.2009.204,A5059913680,2,"[""I68947357""]",True
10.1109/tvcg.2009.204,A5013842628,3,"[""I153267046""]",True
10.1109/tvcg.2009.204,A5109659800,4,"[""I223532165""]",True
10.1109/tvcg.2009.204,A5075684986,5,"[""I223532165""]",True
10.1109/tvcg.2009.204,A5005530908,6,"[""I153267046""]",True
10.1109/tvcg.2009.195,A5019932595,1,"[""I223532165""]",True
10.1109/tvcg.2009.195,A5110696883,2,"[""I223532165""]",True
10.1109/tvcg.2009.195,A5000687536,3,"[""I1343871089""]",True
10.1109/tvcg.2009.195,A5006773757,4,"[""I223532165""]",True
10.1109/tvcg.2009.195,A5111922380,5,"[""I223532165""]",True
10.1109/tvcg.2009.144,A5091466289,1,"[""I889458895"", ""I200769079""]",True
10.1109/tvcg.2009.144,A5047154919,2,"[""I889458895"", ""I200769079""]",True
10.1109/tvcg.2009.144,A5100653962,3,"[""I889458895"", ""I200769079""]",True
10.1109/tvcg.2009.144,A5073986937,4,"[""I200769079"", ""I889458895""]",True
10.1109/tvcg.2009.144,A5024698239,5,"[""I889458895"", ""I200769079""]",True
10.1109/tvcg.2009.198,A5087268805,1,"[""I195893171""]",True
10.1109/tvcg.2009.198,A5113683690,2,"[""I145847075""]",True
10.1109/tvcg.2009.198,A5006270864,3,"[""I4210150252"", ""I4210160608""]",True
10.1109/tvcg.2009.198,A5029818256,4,"[""I1343190059""]",True
10.1109/tvcg.2009.198,A5091630951,5,"[""I195893171""]",True
10.1109/tvcg.2009.191,A5077297224,1,"[""I219193219""]",True
10.1109/tvcg.2009.191,A5034277315,2,"[""I219193219""]",True
10.1109/tvcg.2009.181,A5055204153,1,"[""I98358874""]",True
10.1109/tvcg.2009.181,A5025524753,2,"[""I98358874""]",True
10.1109/tvcg.2009.181,A5109232507,3,"[""I39586589""]",True
10.1109/tvcg.2009.181,A5028781666,4,"[""I39586589""]",True
10.1109/tvcg.2009.181,A5031570473,5,"[""I39586589""]",True
10.1109/tvcg.2009.181,A5023711681,6,"[""I98358874""]",True
10.1109/tvcg.2009.154,A5109234117,1,"[""I62916508""]",True
10.1109/tvcg.2009.154,A5013101044,2,"[""I62916508""]",True
10.1109/tvcg.2009.154,A5039626800,3,"[""I95793202""]",True
10.1109/tvcg.2009.154,A5068076769,4,"[""I62916508""]",True
10.1109/tvcg.2009.136,A5082751676,1,"[""I4432739""]",True
10.1109/tvcg.2009.136,A5018178386,2,"[""I84218800""]",True
10.1109/tvcg.2009.136,A5037161857,3,"[""I84218800""]",True
10.1109/tvcg.2009.136,A5000755776,4,"[""I4432739""]",True
10.1109/vast.2009.5333248,A5005306821,1,"[""I100532134""]",True
10.1109/vast.2009.5333248,A5087287236,2,"[""I66946132""]",True
10.1109/vast.2009.5333248,A5030084361,3,"[""I66946132""]",True
10.1109/vast.2009.5333248,A5103851787,4,"[""I157725225""]",True
10.1109/tvcg.2009.119,A5056641267,1,"[""I74801974""]",True
10.1109/tvcg.2009.119,A5016480053,2,"[""I203951103""]",True
10.1109/tvcg.2009.119,A5103124754,3,"[""I74801974""]",True
10.1109/vast.2009.5333893,A5015182248,1,"[""I31512782"", ""I3019423309""]",True
10.1109/vast.2009.5333893,A5019355403,2,"[""I31512782""]",True
10.1109/vast.2009.5333893,A5016219620,3,"[""I31512782""]",True
10.1109/vast.2009.5332586,A5048471884,1,"[""I1288214837""]",True
10.1109/vast.2009.5332586,A5050639579,2,"[""I99041443""]",True
10.1109/vast.2009.5332586,A5032025029,3,"[""I99041443""]",True
10.1109/vast.2009.5332586,A5008316351,4,"[""I99041443""]",True
10.1109/vast.2009.5333431,A5108666434,1,"[""I107077323""]",True
10.1109/vast.2009.5333431,A5102773082,2,"[""I107077323""]",True
10.1109/vast.2009.5333431,A5008269094,3,"[""I107077323""]",True
10.1109/tvcg.2009.202,A5100409994,1,"[""I72816309""]",True
10.1109/tvcg.2009.202,A5018100309,2,"[""I72816309""]",True
10.1109/tvcg.2009.202,A5103200303,3,"[""I72816309""]",True
10.1109/tvcg.2009.159,A5083864266,1,"[""I185443292""]",True
10.1109/tvcg.2009.159,A5102022483,2,"[""I185443292""]",True
10.1109/tvcg.2009.159,A5018104127,3,"[""I185443292""]",True
10.1109/tvcg.2009.159,A5100607707,4,"[""I59553526""]",True
10.1109/tvcg.2009.159,A5112047383,5,"[""I185443292""]",True
10.1109/tvcg.2009.169,A5061059879,1,"[""I22465464""]",True
10.1109/tvcg.2009.169,A5053686599,2,"[""I22465464""]",True
10.1109/tvcg.2009.169,A5111965365,3,"[""I22465464""]",True
10.1109/tvcg.2009.169,A5028012490,4,[],True
10.1109/tvcg.2009.169,A5047713855,5,"[""I22465464""]",True
10.1109/vast.2009.5333023,A5015247862,1,"[""I83019370""]",True
10.1109/vast.2009.5333023,A5077712580,2,"[""I4210156936""]",True
10.1109/vast.2009.5333023,A5100675577,3,"[""I4210156936""]",True
10.1109/tvcg.2009.194,A5014012890,1,"[""I223532165""]",True
10.1109/tvcg.2009.194,A5035997603,2,"[""I223532165""]",True
10.1109/tvcg.2009.194,A5011424640,3,"[""I17974374""]",True
10.1109/tvcg.2009.194,A5083523340,4,"[""I223532165""]",True
10.1109/tvcg.2009.194,A5111922380,5,"[""I223532165""]",True
10.1109/tvcg.2009.161,A5103479651,1,"[""I161548249""]",True
10.1109/tvcg.2009.161,A5007427468,2,"[""I161548249""]",True
10.1109/tvcg.2009.147,A5001041797,1,"[""I177725633""]",True
10.1109/tvcg.2009.147,A5054382056,2,"[""I172675005""]",True
10.1109/tvcg.2009.147,A5030703335,3,"[""I4210119109""]",True
10.1109/tvcg.2009.147,A5032708386,4,"[""I177725633""]",True
10.1109/vast.2009.5333564,A5102902131,1,"[""I100066346""]",True
10.1109/vast.2009.5333564,A5108439015,2,"[""I100066346""]",True
10.1109/vast.2009.5333564,A5062159291,3,"[""I100066346""]",True
10.1109/vast.2009.5333564,A5038629539,4,"[""I100066346""]",True
10.1109/tvcg.2009.148,A5103711055,1,"[""I1341412227""]",True
10.1109/vast.2009.5333437,A5108554343,1,"[""I142606810""]",True
10.1109/vast.2009.5333437,A5038304753,2,"[""I142606810""]",True
10.1109/vast.2009.5333437,A5007208627,3,"[""I142606810""]",True
10.1109/vast.2009.5333437,A5063799775,4,"[""I142606810""]",True
10.1109/vast.2009.5333437,A5039303056,5,"[""I142606810""]",True
10.1109/tvcg.2009.201,A5007319413,1,[],True
10.1109/tvcg.2009.201,A5084017761,2,"[""I31746571""]",True
10.1109/tvcg.2009.201,A5072128914,3,[],True
10.1109/tvcg.2009.201,A5020875060,4,"[""I1326498283"", ""I4210121838""]",True
10.1109/tvcg.2009.196,A5111832578,1,"[""I84218800""]",True
10.1109/tvcg.2009.196,A5059555128,2,"[""I84218800""]",True
10.1109/tvcg.2009.196,A5041925521,3,"[""I84218800""]",True
10.1109/tvcg.2009.180,A5100745766,1,"[""I130701444""]",True
10.1109/tvcg.2009.180,A5082668404,2,"[""I130701444""]",True
10.1109/tvcg.2009.180,A5055055699,3,[],True
10.1109/tvcg.2009.175,A5077663928,1,"[""I161057412""]",True
10.1109/tvcg.2009.125,A5027360874,1,"[""I175594653""]",True
10.1109/tvcg.2009.125,A5103642464,2,"[""I175594653""]",True
10.1109/tvcg.2009.125,A5030179454,3,"[""I175594653""]",True
10.1109/tvcg.2009.149,A5054111486,1,"[""I4210101455"", ""I2738703131""]",True
10.1109/tvcg.2009.149,A5025200450,2,"[""I2738703131"", ""I4210101455""]",True
10.1109/tvcg.2009.130,A5058715670,1,"[""I130769515""]",True
10.1109/tvcg.2009.130,A5019756314,2,"[""I130769515""]",True
10.1109/tvcg.2009.130,A5038844202,3,"[""I130769515""]",True
10.1109/tvcg.2009.115,A5108453065,1,"[""I1343190059""]",True
10.1109/tvcg.2009.115,A5071520445,2,"[""I1343190059""]",True
10.1109/tvcg.2009.115,A5012139872,3,"[""I4210098606""]",True
10.1109/tvcg.2009.115,A5073040942,4,"[""I182712176""]",True
10.1109/tvcg.2009.115,A5109928029,5,"[""I145847075""]",True
10.1109/vast.2009.5333428,A5091018063,1,"[""I4210104735"", ""I192454743""]",True
10.1109/vast.2009.5333428,A5048468459,2,"[""I4210104735"", ""I192454743""]",True
10.1109/vast.2009.5333428,A5063003315,3,"[""I4210104735"", ""I192454743""]",True
10.1109/vast.2009.5333911,A5011153238,1,"[""I8087733""]",True
10.1109/vast.2009.5333911,A5102872139,2,"[""I100066346""]",True
10.1109/vast.2009.5333911,A5061586847,3,"[""I8087733""]",True
10.1109/vast.2009.5333911,A5037765669,4,"[""I926574661""]",True
10.1109/tvcg.2009.146,A5042323667,1,"[""I139264467""]",True
10.1109/tvcg.2009.146,A5065644953,2,"[""I1290206253""]",True
10.1109/tvcg.2009.146,A5040707952,3,[],True
10.1109/tvcg.2009.146,A5086088688,4,[],True
10.1109/tvcg.2009.146,A5012388103,5,"[""I139264467""]",True
10.1109/tvcg.2009.186,A5055889375,1,"[""I66946132""]",True
10.1109/tvcg.2009.186,A5018924195,2,"[""I4210125647""]",True
10.1109/tvcg.2009.160,A5100390479,1,"[""I57206974"", ""I90965887""]",True
10.1109/tvcg.2009.160,A5070100758,2,"[""I90965887"", ""I57206974""]",True
10.1109/vast.2009.5333895,A5006593097,1,"[""I138285227""]",True
10.1109/vast.2009.5333895,A5021864808,2,"[""I5023651""]",True
10.1109/vast.2009.5333245,A5034806125,1,"[""I142606810""]",True
10.1109/vast.2009.5333245,A5037675411,2,"[""I859038795""]",True
10.1109/vast.2009.5333245,A5064306421,3,"[""I859038795""]",True
10.1109/vast.2009.5333245,A5059655101,4,"[""I142606810""]",True
10.1109/vast.2009.5333245,A5109966143,5,"[""I142606810""]",True
10.1109/vast.2009.5333245,A5085707483,6,"[""I142606810""]",True
10.1109/vast.2009.5333245,A5110041711,7,"[""I142606810""]",True
10.1109/tvcg.2009.158,A5010660324,1,"[""I35440088""]",True
10.1109/tvcg.2009.158,A5076808965,2,"[""I4391767926"", ""I59105498""]",True
10.1109/tvcg.2009.129,A5084471891,1,"[""I8692664""]",True
10.1109/vast.2009.5333880,A5030384394,1,"[""I142606810""]",True
10.1109/vast.2009.5333880,A5111539577,2,"[""I142606810""]",True
10.1109/vast.2009.5333880,A5112855730,3,"[""I142606810""]",True
10.1109/vast.2009.5333880,A5023762861,4,"[""I1330347796""]",True
10.1109/vast.2009.5333880,A5113478834,5,"[""I142606810""]",True
10.1109/vast.2009.5333880,A5034806125,6,"[""I142606810""]",True
10.1109/tvcg.2009.203,A5100344294,1,"[""I76130692""]",True
10.1109/tvcg.2009.203,A5002869474,2,"[""I76130692""]",True
10.1109/tvcg.2009.203,A5005908452,3,"[""I99041443""]",True
10.1109/tvcg.2009.203,A5027219758,4,"[""I99041443""]",True
10.1109/tvcg.2009.203,A5018584803,5,"[""I219193219""]",True
10.1109/tvcg.2009.203,A5109166599,6,"[""I99041443""]",True
10.1109/tvcg.2009.203,A5014750090,7,"[""I99041443""]",True
10.1109/tvcg.2009.203,A5102720655,8,"[""I99041443""]",True
10.1109/tvcg.2009.203,A5015703834,9,"[""I76130692""]",True
10.1109/tvcg.2009.203,A5082726401,10,"[""I99041443""]",True
10.1109/tvcg.2009.173,A5033107604,1,[],True
10.1109/tvcg.2009.173,A5086341216,2,[],True
10.1109/tvcg.2009.173,A5016701444,3,"[""I4391767926"", ""I59105498""]",True
10.1109/tvcg.2009.173,A5030439152,4,[],True
10.1109/tvcg.2009.156,A5073986937,1,"[""I200769079"", ""I889458895""]",True
10.1109/tvcg.2009.156,A5053332086,2,"[""I889458895"", ""I200769079""]",True
10.1109/tvcg.2009.156,A5091466289,3,"[""I889458895"", ""I200769079""]",True
10.1109/tvcg.2009.156,A5038943746,4,"[""I20231570""]",True
10.1109/tvcg.2009.156,A5034057959,5,"[""I889458895"", ""I200769079""]",True
10.1109/tvcg.2009.137,A5112628805,1,"[""I75027704"", ""I4210159558""]",True
10.1109/tvcg.2009.137,A5022325828,2,"[""I4210162195""]",True
10.1109/vast.2009.5332596,A5040550254,1,"[""I130701444""]",True
10.1109/vast.2009.5332596,A5050932001,2,"[""I130701444""]",True
10.1109/vast.2009.5332596,A5082668404,3,"[""I130701444""]",True
10.1109/vast.2009.5332596,A5017564609,4,"[""I130701444""]",True
10.1109/tvcg.2009.183,A5102801523,1,"[""I4210121445""]",True
10.1109/tvcg.2009.183,A5034972336,2,"[""I4210121445""]",True
10.1109/tvcg.2009.183,A5065217532,3,"[""I4210121445""]",True
10.1109/tvcg.2009.183,A5076411627,4,"[""I4210121445""]",True
10.1109/tvcg.2009.183,A5054628250,5,"[""I4210121445""]",True
10.1109/vast.2009.5333917,A5019559208,1,"[""I1325736334"", ""I1314135232"", ""I52357470""]",True
10.1109/vast.2009.5333917,A5028035164,2,"[""I1325736334"", ""I1314135232""]",True
10.1109/vast.2009.5333917,A5065630217,3,"[""I52357470""]",True
10.1109/vast.2009.5333917,A5007970056,4,"[""I1325736334"", ""I52357470"", ""I1314135232""]",True
10.1109/vast.2009.5332610,A5081539340,1,"[""I102134673""]",True
10.1109/vast.2009.5332610,A5043346436,2,"[""I102134673""]",True
10.1109/vast.2009.5332610,A5074720071,3,"[""I102134673""]",True
10.1109/tvcg.2008.153,A5034277315,1,"[""I1326498283""]",True
10.1109/tvcg.2008.153,A5032305401,2,"[""I1326498283""]",True
10.1109/tvcg.2008.153,A5060725233,3,"[""I1326498283""]",True
10.1109/tvcg.2008.125,A5101940061,1,"[""I4210164937"", ""I1290206253""]",True
10.1109/tvcg.2008.125,A5036987560,2,"[""I1290206253"", ""I4210164937""]",True
10.1109/tvcg.2008.125,A5010157704,3,"[""I4210164937"", ""I1290206253""]",True
10.1109/tvcg.2008.125,A5100763132,4,"[""I1290206253"", ""I4210164937""]",True
10.1109/tvcg.2008.125,A5082668404,5,"[""I130701444""]",True
10.1109/tvcg.2008.166,A5106653022,1,"[""I2799504096""]",True
10.1109/tvcg.2008.166,A5039276358,2,[],True
10.1109/tvcg.2008.137,A5090570042,1,"[""I95457486""]",True
10.1109/tvcg.2008.137,A5009369598,2,"[""I4210163771""]",True
10.1109/tvcg.2008.137,A5006225456,3,"[""I4210163771""]",True
10.1109/tvcg.2008.137,A5045835385,4,"[""I95457486""]",True
10.1109/tvcg.2008.172,A5039276358,1,"[""I1341412227""]",True
10.1109/tvcg.2008.172,A5059594867,2,"[""I1341412227""]",True
10.1109/tvcg.2008.135,A5100653962,1,"[""I889458895"", ""I200769079""]",True
10.1109/tvcg.2008.135,A5019444857,2,"[""I200769079"", ""I889458895""]",True
10.1109/tvcg.2008.135,A5091466289,3,"[""I889458895"", ""I200769079""]",True
10.1109/tvcg.2008.135,A5030384394,4,"[""I142606810""]",True
10.1109/tvcg.2008.135,A5100452126,5,"[""I20231570""]",True
10.1109/vast.2008.4677356,A5022699013,1,"[""I4210144576""]",True
10.1109/vast.2008.4677356,A5057538550,2,"[""I4210144576""]",True
10.1109/tvcg.2008.110,A5047677160,1,"[""I1282311441"", ""I84218800""]",True
10.1109/tvcg.2008.110,A5019902487,2,"[""I1282311441""]",True
10.1109/tvcg.2008.110,A5077191719,3,"[""I84218800""]",True
10.1109/tvcg.2008.110,A5009460413,4,"[""I223532165""]",True
10.1109/tvcg.2008.162,A5018178386,1,"[""I84218800""]",True
10.1109/tvcg.2008.162,A5109229937,2,"[""I84218800""]",True
10.1109/tvcg.2008.175,A5067274220,1,"[""I168635309""]",True
10.1109/tvcg.2008.175,A5012561411,2,"[""I168635309""]",True
10.1109/tvcg.2008.175,A5042382359,3,"[""I185261750""]",True
10.1109/tvcg.2008.175,A5083779826,4,"[""I168635309""]",True
10.1109/tvcg.2008.119,A5077344773,1,"[""I100066346""]",True
10.1109/tvcg.2008.119,A5073619125,2,"[""I100066346""]",True
10.1109/tvcg.2008.140,A5101913449,1,"[""I84218800""]",True
10.1109/tvcg.2008.140,A5006720439,2,"[""I84218800""]",True
10.1109/tvcg.2008.140,A5041925521,3,"[""I84218800""]",True
10.1109/tvcg.2008.165,A5048992354,1,"[""I180825142""]",True
10.1109/tvcg.2008.165,A5079369129,2,"[""I180825142""]",True
10.1109/tvcg.2008.112,A5003774245,1,"[""I130442723""]",True
10.1109/tvcg.2008.112,A5065873350,2,"[""I130442723""]",True
10.1109/tvcg.2008.112,A5000885442,3,"[""I130442723""]",True
10.1109/tvcg.2008.127,A5082796790,1,"[""I168635309""]",True
10.1109/tvcg.2008.127,A5114155370,2,"[""I168635309""]",True
10.1109/tvcg.2008.127,A5012561411,3,"[""I168635309""]",True
10.1109/tvcg.2008.128,A5086461942,1,"[""I4210109712""]",True
10.1109/tvcg.2008.128,A5058028526,2,"[""I4210109712""]",True
10.1109/tvcg.2008.109,A5110190720,1,"[""I141945490""]",True
10.1109/tvcg.2008.118,A5031659894,1,"[""I59553526""]",True
10.1109/tvcg.2008.118,A5027313464,2,"[""I76198965""]",True
10.1109/tvcg.2008.118,A5109966989,3,"[""I162646704""]",True
10.1109/tvcg.2008.118,A5077331168,4,"[""I71824836""]",True
10.1109/tvcg.2008.118,A5070670810,5,"[""I59553526""]",True
10.1109/tvcg.2008.121,A5100745766,1,"[""I130701444""]",True
10.1109/tvcg.2008.121,A5073390127,2,"[""I130701444""]",True
10.1109/tvcg.2008.121,A5082668404,3,"[""I130701444""]",True
10.1109/tvcg.2008.117,A5047344510,1,"[""I141945490""]",True
10.1109/tvcg.2008.117,A5079916657,2,"[""I141945490""]",True
10.1109/tvcg.2008.117,A5078873032,3,"[""I4210165024"", ""I141945490""]",True
10.1109/tvcg.2008.117,A5006593097,4,"[""I138285227""]",True
10.1109/tvcg.2008.171,A5050064511,1,"[""I102149020""]",True
10.1109/tvcg.2008.171,A5081622405,2,"[""I102149020""]",True
10.1109/tvcg.2008.169,A5101046136,1,"[""I-1"", ""I66946132""]",True
10.1109/tvcg.2008.169,A5009611685,2,"[""I-1"", ""I66946132""]",True
10.1109/tvcg.2008.155,A5076532363,1,"[""I4210087032""]",True
10.1109/tvcg.2008.155,A5045306550,2,"[""I1341412227""]",True
10.1109/tvcg.2008.174,A5109832145,1,"[""I223532165""]",True
10.1109/tvcg.2008.174,A5035997603,2,"[""I223532165""]",True
10.1109/tvcg.2008.174,A5108600965,3,"[""I223532165""]",True
10.1109/tvcg.2008.174,A5006773757,4,"[""I223532165""]",True
10.1109/tvcg.2008.174,A5022491430,5,"[""I223532165""]",True
10.1109/tvcg.2008.173,A5089933160,1,"[""I133738476""]",True
10.1109/tvcg.2008.173,A5021770726,2,"[""I133738476""]",True
10.1109/tvcg.2008.173,A5113740075,3,"[""I133738476""]",True
10.1109/tvcg.2008.138,A5009099532,1,"[""I17974374"", ""I4210131883""]",True
10.1109/tvcg.2008.138,A5066927815,2,"[""I4210131883"", ""I17974374""]",True
10.1109/vast.2008.4677361,A5003702717,1,"[""I137902535"", ""I102149020""]",True
10.1109/vast.2008.4677361,A5110208682,2,"[""I137902535"", ""I102149020""]",True
10.1109/vast.2008.4677361,A5072243347,3,"[""I18014758""]",True
10.1109/tvcg.2008.151,A5081672617,1,"[""I2801919071""]",True
10.1109/tvcg.2008.151,A5038061388,2,"[""I2801919071""]",True
10.1109/tvcg.2008.151,A5024606205,3,"[""I4210127875""]",True
10.1109/tvcg.2008.151,A5111373264,4,"[""I2801919071""]",True
10.1109/tvcg.2008.111,A5005095282,1,"[""I114027177""]",True
10.1109/tvcg.2008.111,A5008017371,2,"[""I114027177""]",True
10.1109/tvcg.2008.111,A5006661899,3,"[""I114027177""]",True
10.1109/tvcg.2008.111,A5014894873,4,"[""I114027177""]",True
10.1109/tvcg.2008.111,A5004194238,5,"[""I114027177""]",True
10.1109/vast.2008.4677358,A5052151056,1,"[""I130769515""]",True
10.1109/tvcg.2008.116,A5008493965,1,"[""I926574661""]",True
10.1109/tvcg.2008.116,A5012964681,2,"[""I4210143490"", ""I2800289517""]",True
10.1109/tvcg.2008.116,A5029336209,3,"[""I926574661""]",True
10.1109/tvcg.2008.143,A5056806073,1,"[""I926574661""]",True
10.1109/tvcg.2008.143,A5024349334,2,"[""I926574661""]",True
10.1109/tvcg.2008.143,A5020952435,3,"[""I100930933""]",True
10.1109/tvcg.2008.143,A5102737743,4,"[""I926574661""]",True
10.1109/tvcg.2008.143,A5029336209,5,"[""I926574661""]",True
10.1109/tvcg.2008.163,A5034961352,1,"[""I4210109712""]",True
10.1109/tvcg.2008.163,A5082234726,2,"[""I195893171""]",True
10.1109/tvcg.2008.163,A5039626800,3,"[""I4210138551""]",True
10.1109/tvcg.2008.163,A5058028526,4,"[""I4210109712""]",True
10.1109/tvcg.2008.133,A5071898071,1,"[""I84218800""]",True
10.1109/tvcg.2008.133,A5069276789,2,"[""I84218800""]",True
10.1109/tvcg.2008.133,A5000413604,3,"[""I219193219""]",True
10.1109/tvcg.2008.133,A5070427400,4,"[""I153267046""]",True
10.1109/tvcg.2008.133,A5114031893,5,"[""I84218800""]",True
10.1109/tvcg.2008.131,A5055204153,1,"[""I98358874""]",True
10.1109/tvcg.2008.131,A5110467360,2,"[""I98358874""]",True
10.1109/tvcg.2008.131,A5023711681,3,"[""I98358874""]",True
10.1109/vast.2008.4677365,A5077712580,1,"[""I1341412227"", ""I4210114115""]",True
10.1109/vast.2008.4677365,A5054523299,2,"[""I4210114115"", ""I1341412227""]",True
10.1109/tvcg.2008.152,A5088223542,1,"[""I4665924""]",True
10.1109/tvcg.2008.152,A5039180428,2,"[""I4665924""]",True
10.1109/tvcg.2008.152,A5032952309,3,"[""I4665924""]",True
10.1109/tvcg.2008.147,A5008754293,1,"[""I1343190059""]",True
10.1109/tvcg.2008.147,A5014935641,2,"[""I1343190059""]",True
10.1109/tvcg.2008.147,A5088051797,3,"[""I206895457""]",True
10.1109/tvcg.2008.147,A5019308726,4,"[""I1343190059"", ""I4210098606""]",True
10.1109/tvcg.2008.147,A5012139872,5,"[""I4210098606""]",True
10.1109/tvcg.2008.147,A5088929822,6,"[""I1343190059"", ""I4210098606""]",True
10.1109/tvcg.2008.141,A5107542425,1,"[""I129604602"", ""I1326498283"", ""I102197404""]",True
10.1109/tvcg.2008.141,A5089688638,2,[],True
10.1109/tvcg.2008.141,A5060725233,3,"[""I102197404"", ""I1326498283""]",True
10.1109/tvcg.2008.148,A5000413604,1,"[""I219193219""]",True
10.1109/tvcg.2008.148,A5045224825,2,"[""I1283280774"", ""I136199984""]",True
10.1109/tvcg.2008.148,A5110183530,3,"[""I1283280774"", ""I136199984""]",True
10.1109/tvcg.2008.130,A5008149778,1,"[""I1290206253"", ""I4210164937""]",True
10.1109/tvcg.2008.130,A5085695563,2,"[""I56590836"", ""I2801239119""]",True
10.1109/tvcg.2008.130,A5109343398,3,"[""I4210127902""]",True
10.1109/tvcg.2008.130,A5064839018,4,"[""I165779595"", ""I42894916""]",True
10.1109/tvcg.2008.130,A5037890696,5,"[""I165779595""]",True
10.1109/tvcg.2008.130,A5040517720,6,"[""I2801239119"", ""I56590836""]",True
10.1109/tvcg.2008.158,A5111832578,1,[],True
10.1109/tvcg.2008.158,A5037161857,2,"[""I84218800""]",True
10.1109/tvcg.2008.154,A5008627422,1,"[""I223532165""]",True
10.1109/tvcg.2008.154,A5109840277,2,"[""I223532165""]",True
10.1109/tvcg.2008.154,A5083523340,3,"[""I223532165""]",True
10.1109/tvcg.2008.154,A5016367054,4,[],True
10.1109/tvcg.2008.154,A5043151044,5,[],True
10.1109/tvcg.2008.139,A5113153568,1,"[""I4432739""]",True
10.1109/tvcg.2008.139,A5002413127,2,"[""I15766117""]",True
10.1109/tvcg.2008.139,A5113922818,3,"[""I1343190059""]",True
10.1109/tvcg.2008.139,A5029818256,4,"[""I1343190059""]",True
10.1109/tvcg.2008.139,A5004779356,5,"[""I15766117""]",True
10.1109/tvcg.2008.139,A5000755776,6,"[""I4432739""]",True
10.1109/tvcg.2008.181,A5046845415,1,"[""I219193219""]",True
10.1109/tvcg.2008.181,A5022006934,2,"[""I130701444""]",True
10.1109/tvcg.2008.181,A5085384388,3,"[""I219193219""]",True
10.1109/tvcg.2008.160,A5035997603,1,"[""I223532165""]",True
10.1109/tvcg.2008.160,A5103598016,2,"[""I223532165""]",True
10.1109/tvcg.2008.160,A5024547678,3,"[""I100930933""]",True
10.1109/tvcg.2008.160,A5020952435,4,"[""I100930933""]",True
10.1109/tvcg.2008.160,A5003584200,5,"[""I223532165""]",True
10.1109/tvcg.2008.145,A5000695313,1,"[""I1343190059""]",True
10.1109/tvcg.2008.145,A5056069234,2,"[""I859038795""]",True
10.1109/tvcg.2008.145,A5007628057,3,[],True
10.1109/tvcg.2008.145,A5000755776,4,"[""I4432739""]",True
10.1109/vast.2008.4677350,A5016219620,1,"[""I31512782""]",True
10.1109/vast.2008.4677350,A5078086722,2,"[""I31512782""]",True
10.1109/vast.2008.4677350,A5028792406,3,"[""I31512782""]",True
10.1109/vast.2008.4677350,A5032433963,4,"[""I4923324"", ""I3019423309""]",True
10.1109/tvcg.2008.170,A5057757147,1,"[""I2800297018""]",True
10.1109/tvcg.2008.170,A5059858286,2,"[""I2800297018""]",True
10.1109/tvcg.2008.170,A5014054165,3,"[""I49324905""]",True
10.1109/tvcg.2008.170,A5038470265,4,"[""I49324905""]",True
10.1109/tvcg.2008.170,A5087360152,5,"[""I145847075""]",True
10.1109/vast.2008.4677362,A5069593762,1,"[""I173498003""]",True
10.1109/vast.2008.4677362,A5109035905,2,"[""I173498003""]",True
10.1109/vast.2008.4677362,A5005113581,3,"[""I880747138""]",True
10.1109/tvcg.2008.161,A5103541115,1,"[""I95793202""]",True
10.1109/tvcg.2008.161,A5076567941,2,"[""I95793202""]",True
10.1109/tvcg.2008.161,A5034699298,3,"[""I4210125843"", ""I95793202""]",True
10.1109/tvcg.2008.161,A5110028950,4,"[""I4210125843"", ""I95793202""]",True
10.1109/tvcg.2008.149,A5077955263,1,"[""I102149020""]",True
10.1109/tvcg.2008.149,A5109763676,2,"[""I102149020""]",True
10.1109/tvcg.2008.149,A5062771767,3,"[""I102149020""]",True
10.1109/tvcg.2008.149,A5110208682,4,"[""I102149020""]",True
10.1109/tvcg.2008.149,A5089451178,5,"[""I102149020""]",True
10.1109/tvcg.2008.132,A5072951828,1,"[""I91807558""]",True
10.1109/tvcg.2008.132,A5050657606,2,"[""I91807558""]",True
10.1109/tvcg.2008.132,A5018275477,3,"[""I889458895"", ""I200769079""]",True
10.1109/tvcg.2008.184,A5009763506,1,"[""I75027704""]",True
10.1109/tvcg.2008.184,A5041484012,2,"[""I75027704""]",True
10.1109/tvcg.2008.184,A5110760354,3,"[""I1289243028""]",True
10.1109/tvcg.2008.184,A5108541705,4,"[""I1289243028""]",True
10.1109/tvcg.2008.184,A5015271163,5,"[""I137902535"", ""I102149020""]",True
10.1109/tvcg.2008.134,A5102022483,1,"[""I185443292""]",True
10.1109/tvcg.2008.134,A5018104127,2,"[""I185443292""]",True
10.1109/tvcg.2008.134,A5108523119,3,"[""I185443292""]",True
10.1109/tvcg.2008.134,A5100607707,4,"[""I59553526""]",True
10.1109/tvcg.2008.134,A5091408797,5,"[""I59553526""]",True
10.1109/tvcg.2008.178,A5028646122,1,"[""I97018004""]",True
10.1109/tvcg.2008.178,A5067567951,2,"[""I97018004""]",True
10.1109/tvcg.2008.178,A5073731680,3,"[""I97018004""]",True
10.1109/tvcg.2008.178,A5000602540,4,"[""I97018004""]",True
10.1109/tvcg.2008.178,A5018111215,5,"[""I97018004""]",True
10.1109/tvcg.2008.142,A5082781108,1,"[""I887968799""]",True
10.1109/tvcg.2008.142,A5090908824,2,"[""I887968799""]",True
10.1109/tvcg.2008.142,A5068887375,3,"[""I887968799""]",True
10.1109/tvcg.2008.142,A5058565457,4,"[""I887968799""]",True
10.1109/tvcg.2008.142,A5066854463,5,"[""I887968799""]",True
10.1109/tvcg.2008.142,A5020597086,6,"[""I887968799""]",True
10.1109/tvcg.2008.142,A5084069506,7,"[""I887968799""]",True
10.1109/tvcg.2008.167,A5027852213,1,"[""I193619901""]",True
10.1109/tvcg.2008.167,A5088700947,2,"[""I193619901""]",True
10.1109/tvcg.2008.167,A5086403404,3,"[""I193619901""]",True
10.1109/tvcg.2008.167,A5036775360,4,"[""I193619901""]",True
10.1109/tvcg.2008.123,A5067212091,1,"[""I32971472""]",True
10.1109/tvcg.2008.123,A5073946580,2,"[""I32971472""]",True
10.1109/tvcg.2008.123,A5109074176,3,"[""I32971472""]",True
10.1109/tvcg.2008.123,A5112862528,4,"[""I32971472""]",True
10.1109/tvcg.2008.123,A5033491632,5,"[""I32971472""]",True
10.1109/tvcg.2008.123,A5041557267,6,"[""I32971472""]",True
10.1109/tvcg.2008.123,A5026211955,7,"[""I32971472""]",True
10.1109/tvcg.2008.120,A5109234117,1,"[""I62916508""]",True
10.1109/tvcg.2008.120,A5024793839,2,"[""I4210145671"", ""I223532165""]",True
10.1109/tvcg.2008.120,A5068076769,3,"[""I62916508""]",True
10.1109/vast.2008.4677364,A5010157704,1,"[""I4210164937"", ""I1290206253""]",True
10.1109/vast.2008.4677364,A5112224258,2,"[""I1290206253"", ""I4210164937""]",True
10.1109/vast.2008.4677364,A5101940061,3,"[""I4210164937"", ""I1290206253""]",True
10.1109/vast.2008.4677364,A5007901564,4,"[""I-1"", ""I1290206253""]",True
10.1109/tvcg.2008.186,A5016367054,1,"[""I136199984""]",True
10.1109/tvcg.2008.186,A5111569276,2,"[""I122991210""]",True
10.1109/tvcg.2008.186,A5008627422,3,"[""I136199984""]",True
10.1109/tvcg.2008.186,A5005916572,4,"[""I136199984""]",True
10.1109/tvcg.2008.186,A5043151044,5,"[""I136199984""]",True
10.1109/tvcg.2008.115,A5100386958,1,"[""I33213144""]",True
10.1109/tvcg.2008.115,A5058158315,2,"[""I33213144""]",True
10.1109/tvcg.2008.115,A5027686327,3,"[""I33213144""]",True
10.1109/vast.2008.4677352,A5000497037,1,"[""I59553526""]",True
10.1109/vast.2008.4677352,A5002531689,2,"[""I59553526""]",True
10.1109/vast.2008.4677352,A5005648942,3,"[""I59553526""]",True
10.1109/vast.2008.4677352,A5070670810,4,"[""I59553526""]",True
10.1109/tvcg.2008.185,A5044438375,1,"[""I2800444561"", ""I130701444""]",True
10.1109/tvcg.2008.185,A5031873697,2,"[""I130701444"", ""I2800444561""]",True
10.1109/tvcg.2008.185,A5082668404,3,"[""I130701444"", ""I2800444561""]",True
10.1109/tvcg.2008.185,A5017564609,4,"[""I130701444"", ""I2800444561""]",True
10.1109/tvcg.2008.144,A5023685974,1,"[""I1343190059""]",True
10.1109/tvcg.2008.144,A5000695313,2,"[""I1343190059""]",True
10.1109/tvcg.2008.144,A5000755776,3,"[""I4432739""]",True
10.1109/vast.2008.4677363,A5001421168,1,"[""I219193219""]",True
10.1109/vast.2008.4677363,A5026799813,2,"[""I219193219""]",True
10.1109/vast.2008.4677363,A5018584803,3,"[""I219193219""]",True
10.1109/tvcg.2008.150,A5067212091,1,"[""I32971472""]",True
10.1109/tvcg.2008.150,A5032271246,2,"[""I32971472""]",True
10.1109/tvcg.2008.150,A5089729939,3,"[""I32971472""]",True
10.1109/tvcg.2008.150,A5103151594,4,"[""I32971472""]",True
10.1109/tvcg.2008.150,A5078494006,5,"[""I32971472""]",True
10.1109/tvcg.2008.150,A5026211955,6,"[""I32971472""]",True
10.1109/tvcg.2008.157,A5050326979,1,"[""I84218800""]",True
10.1109/tvcg.2008.157,A5102027050,2,"[""I148283060"", ""I84218800""]",True
10.1109/tvcg.2008.157,A5055279742,3,"[""I148283060"", ""I84218800""]",True
10.1109/tvcg.2008.157,A5080591014,4,"[""I84218800""]",True
10.1109/vast.2008.4677370,A5084471891,1,"[""I130769515""]",True
10.1109/vast.2008.4677360,A5075876111,1,"[""I102149020""]",True
10.1109/vast.2008.4677360,A5055992752,2,"[""I102149020""]",True
10.1109/vast.2008.4677360,A5019527252,3,"[""I102149020""]",True
10.1109/vast.2008.4677360,A5088379177,4,"[""I102149020""]",True
10.1109/vast.2008.4677360,A5089451178,5,"[""I102149020""]",True
10.1109/vast.2008.4677360,A5110208682,6,"[""I102149020""]",True
10.1109/vast.2008.4677357,A5110115424,1,"[""I97018004""]",True
10.1109/vast.2008.4677357,A5011629374,2,"[""I97018004""]",True
10.1109/vast.2008.4677357,A5039378866,3,"[""I97018004""]",True
10.1109/vast.2008.4677357,A5018111215,4,"[""I97018004""]",True
10.1109/tvcg.2008.114,A5021021454,1,"[""I52357470""]",True
10.1109/tvcg.2008.114,A5065630217,2,"[""I52357470""]",True
10.1109/tvcg.2008.183,A5044922438,1,"[""I99041443""]",True
10.1109/tvcg.2008.183,A5035785066,2,"[""I99041443""]",True
10.1109/tvcg.2008.183,A5002832419,3,"[""I52357470""]",True
10.1109/tvcg.2008.168,A5000816378,1,"[""I135310074"", ""I1304256225""]",True
10.1109/tvcg.2008.168,A5084778474,2,"[""I1304256225"", ""I135310074""]",True
10.1109/tvcg.2008.108,A5111410481,1,"[""I4210159558"", ""I75027704""]",True
10.1109/tvcg.2008.108,A5112628805,2,"[""I4210159558"", ""I75027704""]",True
10.1109/tvcg.2008.187,A5005687069,1,"[""I223532165""]",True
10.1109/tvcg.2008.187,A5042411471,2,"[""I223532165""]",True
10.1109/tvcg.2008.136,A5027999909,1,"[""I22465464""]",True
10.1109/tvcg.2008.136,A5000854921,2,"[""I22465464"", ""I4210103666""]",True
10.1109/tvcg.2008.136,A5108140284,3,"[""I22465464""]",True
10.1109/tvcg.2008.136,A5061059879,4,"[""I22465464""]",True
10.1109/tvcg.2008.136,A5047713855,5,"[""I22465464""]",True
10.1109/tvcg.2008.180,A5019075225,1,"[""I145847075""]",True
10.1109/tvcg.2008.180,A5111985276,2,"[""I1329325741""]",True
10.1109/tvcg.2008.180,A5077204103,3,"[""I1329325741""]",True
10.1109/tvcg.2008.180,A5086223886,4,"[""I83019370""]",True
10.1109/tvcg.2008.180,A5113723673,5,"[""I1329325741""]",True
10.1109/tvcg.2008.180,A5109928029,6,"[""I145847075""]",True
10.1109/tvcg.2008.180,A5078720904,7,"[""I183935753""]",True
10.1109/vast.2008.4677368,A5056294184,1,"[""I102149020""]",True
10.1109/vast.2008.4677368,A5100437457,2,"[""I102149020""]",True
10.1109/vast.2008.4677368,A5107941027,3,"[""I102149020""]",True
10.1109/vast.2008.4677368,A5032694211,4,"[""I102149020""]",True
10.1109/vast.2008.4677368,A5073630563,5,"[""I102149020"", ""I59499333""]",True
10.1109/vast.2008.4677353,A5013179348,1,"[""I148283060""]",True
10.1109/vast.2008.4677353,A5111533246,2,"[""I95457486"", ""I1298453700""]",True
10.1109/vast.2008.4677353,A5007432004,3,"[""I148283060""]",True
10.1109/vast.2008.4677353,A5103878806,4,"[""I148283060""]",True
10.1109/vast.2008.4677353,A5056247138,5,"[""I122411786""]",True
10.1109/tvcg.2008.179,A5035201965,1,"[""I91045830""]",True
10.1109/tvcg.2008.179,A5062000568,2,"[""I91045830""]",True
10.1109/tvcg.2008.179,A5035096541,3,"[""I91045830""]",True
10.1109/tvcg.2008.126,A5101448737,1,"[""I859038795""]",True
10.1109/tvcg.2008.126,A5069853790,2,"[""I859038795""]",True
10.1109/tvcg.2008.126,A5070551319,3,"[""I4210127226""]",True
10.1109/tvcg.2008.126,A5064493803,4,"[""I4210151956""]",True
10.1109/tvcg.2008.126,A5017460095,5,"[""I859038795""]",True
10.1109/tvcg.2008.126,A5025645412,6,"[""I859038795""]",True
10.1109/tvcg.2008.126,A5008965688,7,"[""I859038795""]",True
10.1109/tvcg.2008.126,A5113787580,8,"[""I859038795""]",True
10.1109/tvcg.2008.126,A5103112555,9,"[""I859038795""]",True
10.1109/tvcg.2008.126,A5037361121,10,"[""I859038795""]",True
10.1109/vast.2008.4677354,A5026799813,1,"[""I219193219""]",True
10.1109/vast.2008.4677354,A5013779026,2,"[""I219193219""]",True
10.1109/vast.2008.4677354,A5004210323,3,"[""I219193219""]",True
10.1109/vast.2008.4677354,A5024808709,4,"[""I219193219""]",True
10.1109/vast.2008.4677354,A5103524335,5,"[""I219193219""]",True
10.1109/vast.2008.4677354,A5026923999,6,"[""I219193219""]",True
10.1109/vast.2008.4677354,A5085384388,7,"[""I219193219""]",True
10.1109/vast.2008.4677354,A5053301712,8,"[""I1324682000"", ""I4394709130"", ""I592451""]",True
10.1109/vast.2008.4677354,A5008575290,9,"[""I4210091159"", ""I1288330432""]",True
10.1109/vast.2008.4677354,A5018584803,10,"[""I219193219""]",True
10.1109/tvcg.2008.182,A5100325337,1,"[""I889458895"", ""I200769079""]",True
10.1109/tvcg.2008.182,A5054382056,2,"[""I172675005""]",True
10.1109/tvcg.2008.182,A5030703335,3,"[""I4210119109""]",True
10.1109/vast.2008.4677359,A5072598654,1,"[""I189712700""]",True
10.1109/vast.2008.4677359,A5013243312,2,"[""I189712700""]",True
10.1109/vast.2008.4677359,A5073919282,3,"[""I189712700""]",True
10.1109/vast.2008.4677359,A5066910344,4,"[""I124227911""]",True
10.1109/vast.2008.4677359,A5110539266,5,"[""I124227911""]",True
10.1109/tvcg.2008.164,A5086403404,1,"[""I193619901""]",True
10.1109/tvcg.2008.164,A5027852213,2,"[""I193619901""]",True
10.1109/tvcg.2008.159,A5024698239,1,"[""I200769079"", ""I889458895""]",True
10.1109/tvcg.2008.159,A5091466289,2,"[""I889458895"", ""I200769079""]",True
10.1109/tvcg.2008.159,A5053332086,3,"[""I200769079"", ""I889458895""]",True
10.1109/tvcg.2008.159,A5087453656,4,"[""I200769079"", ""I889458895""]",True
10.1109/tvcg.2008.159,A5073986937,5,"[""I889458895"", ""I200769079""]",True
10.1109/tvcg.2008.124,A5068233377,1,"[""I135140700""]",True
10.1109/tvcg.2008.124,A5014239595,2,"[""I135140700""]",True
10.1109/tvcg.2008.124,A5111379899,3,"[""I135140700""]",True
10.1109/tvcg.2008.124,A5037976392,4,"[""I135140700""]",True
10.1109/tvcg.2008.122,A5031598846,1,"[""I130442723""]",True
10.1109/tvcg.2008.122,A5035997603,2,"[""I223532165""]",True
10.1109/tvcg.2008.122,A5029235009,3,"[""I130442723""]",True
10.1109/tvcg.2008.122,A5020976385,4,"[""I130442723""]",True
10.1109/tvcg.2008.122,A5022491430,5,"[""I223532165""]",True
10.1109/tvcg.2008.177,A5080263515,1,"[""I100066346""]",True
10.1109/tvcg.2008.177,A5057447590,2,"[""I4210113675"", ""I-1""]",True
10.1109/tvcg.2008.146,A5113437503,1,"[""I4388891828""]",True
10.1109/tvcg.2008.146,A5024876563,2,"[""I86519309""]",True
10.1109/tvcg.2008.146,A5007123290,3,"[""I4388891828""]",True
10.1109/vast.2008.4677355,A5025799993,1,"[""I4210160939""]",True
10.1109/vast.2008.4677355,A5012244017,2,"[""I4210160939""]",True
10.1109/vast.2008.4677355,A5103205115,3,"[""I4210160939""]",True
10.1109/vast.2008.4677355,A5055472986,4,"[""I4210160939""]",True
10.1109/tvcg.2008.129,A5119246991,1,"[""I4210114115"", ""I1341412227""]",True
10.1109/tvcg.2008.129,A5054523299,2,"[""I1341412227"", ""I4210114115""]",True
10.1109/vast.2008.4677366,A5079291115,1,"[""I142606810""]",True
10.1109/vast.2008.4677366,A5113684296,2,"[""I142606810""]",True
10.1109/vast.2008.4677366,A5030043185,3,"[""I142606810""]",True
10.1109/vast.2008.4677366,A5054038232,4,"[""I142606810""]",True
10.1109/vast.2008.4677366,A5028118323,5,"[""I142606810""]",True
10.1109/vast.2008.4677366,A5042348675,6,"[""I142606810""]",True
10.1109/vast.2008.4677366,A5056651101,7,"[""I142606810""]",True
10.1109/vast.2008.4677366,A5109011007,8,"[""I142606810""]",True
10.1109/vast.2008.4677366,A5090440421,9,"[""I142606810""]",True
10.1109/vast.2008.4677351,A5011903650,1,"[""I59105498""]",True
10.1109/vast.2008.4677351,A5027557042,2,"[""I4210166808"", ""I35440088""]",True
10.1109/tvcg.2008.176,A5027671723,1,"[""I55732556""]",True
10.1109/tvcg.2008.176,A5038282791,2,"[""I131249849""]",True
10.1109/tvcg.2008.176,A5014451969,3,"[""I44504214""]",True
10.1109/tvcg.2008.176,A5076768552,4,"[""I55732556""]",True
10.1109/vast.2008.4677367,A5001022750,1,"[""I185443292""]",True
10.1109/vast.2008.4677367,A5110111555,2,"[""I185443292""]",True
10.1109/vast.2008.4677367,A5101435406,3,[],True
10.1109/vast.2008.4677369,A5101723114,1,"[""I592451""]",True
10.1109/vast.2008.4677369,A5031490906,2,"[""I592451""]",True
10.1109/vast.2008.4677369,A5101724217,3,"[""I592451""]",True
10.1109/vast.2008.4677369,A5077578999,4,"[""I592451""]",True
10.1109/vast.2008.4677369,A5083587340,5,"[""I592451""]",True
10.1109/tvcg.2007.70515,A5053349373,1,"[""I130701444""]",True
10.1109/tvcg.2007.70515,A5088085186,2,"[""I130701444""]",True
10.1109/tvcg.2007.70515,A5082668404,3,"[""I130701444""]",True
10.1109/tvcg.2007.70515,A5114256927,4,"[""I2802612298"", ""I130701444""]",True
10.1109/tvcg.2007.70577,A5059594867,1,"[""I4210126328"", ""I1341412227""]",True
10.1109/tvcg.2007.70577,A5039276358,2,"[""I4210126328"", ""I1341412227""]",True
10.1109/tvcg.2007.70577,A5076532363,3,"[""I1341412227"", ""I4210126328""]",True
10.1109/tvcg.2007.70577,A5076584054,4,"[""I4210126328"", ""I1341412227""]",True
10.1109/tvcg.2007.70577,A5103711055,5,"[""I4210126328"", ""I1341412227""]",True
10.1109/tvcg.2007.70582,A5110827633,1,"[""I1326498283"", ""I102197404"", ""I129604602"", ""I4210090078""]",True
10.1109/tvcg.2007.70582,A5060725233,2,"[""I102197404"", ""I1294671590"", ""I1326498283""]",True
10.1109/tvcg.2007.70582,A5056211536,3,"[""I185261750"", ""I112260969""]",True
10.1109/tvcg.2007.70594,A5009369598,1,"[""I4210163771""]",True
10.1109/tvcg.2007.70594,A5018111215,2,"[""I97018004"", ""I4210163771""]",True
10.1109/tvcg.2007.70594,A5103333640,3,"[""I4210163771""]",True
10.1109/tvcg.2007.70539,A5090570042,1,"[""I95457486""]",True
10.1109/tvcg.2007.70539,A5110121255,2,"[""I3132238960"", ""I1290206253""]",True
10.1109/tvcg.2007.70535,A5106236427,1,"[""I9146737""]",True
10.1109/tvcg.2007.70535,A5026971062,2,"[""I9146737""]",True
10.1109/tvcg.2007.70541,A5043332743,1,"[""I130701444""]",True
10.1109/tvcg.2007.70541,A5082668404,2,"[""I130701444""]",True
10.1109/tvcg.2007.70541,A5040631193,3,"[""I185103710""]",True
10.1109/tvcg.2007.70589,A5079469658,1,"[""I95457486""]",True
10.1109/tvcg.2007.70589,A5090570042,2,"[""I95457486""]",True
10.1109/tvcg.2007.70589,A5045835385,3,"[""I95457486""]",True
10.1109/tvcg.2007.70551,A5071898071,1,"[""I84218800"", ""I153267046""]",True
10.1109/tvcg.2007.70551,A5108823863,2,"[""I153267046""]",True
10.1109/tvcg.2007.70551,A5000413604,3,"[""I223532165""]",True
10.1109/tvcg.2007.70551,A5071220385,4,"[""I153267046""]",True
10.1109/tvcg.2007.70521,A5042382359,1,"[""I232906412"", ""I185261750""]",True
10.1109/tvcg.2007.70521,A5012561411,2,"[""I168635309""]",True
10.1109/tvcg.2007.70570,A5048992354,1,"[""I180825142""]",True
10.1109/tvcg.2007.70570,A5079369129,2,"[""I180825142""]",True
10.1109/tvcg.2007.70570,A5071681891,3,"[""I180825142""]",True
10.1109/tvcg.2007.70570,A5037329012,4,"[""I154570441""]",True
10.1109/tvcg.2007.70554,A5011941798,1,"[""I35440088""]",True
10.1109/tvcg.2007.70554,A5030439152,2,"[""I35440088""]",True
10.1109/tvcg.2007.70523,A5091466289,1,"[""I889458895"", ""I200769079""]",True
10.1109/tvcg.2007.70523,A5113673423,2,"[""I889458895"", ""I200769079""]",True
10.1109/tvcg.2007.70523,A5113673423,3,"[""I889458895"", ""I200769079""]",True
10.1109/tvcg.2007.70523,A5113673423,4,"[""I200769079"", ""I889458895""]",True
10.1109/tvcg.2007.70523,A5108515145,5,"[""I889458895"", ""I200769079""]",True
10.1109/tvcg.2007.70523,A5108095510,6,"[""I889458895"", ""I200769079""]",True
10.1109/tvcg.2007.70523,A5108515145,7,"[""I200769079"", ""I889458895""]",True
10.1109/tvcg.2007.70523,A5108095510,8,"[""I200769079"", ""I889458895""]",True
10.1109/tvcg.2007.70523,A5053418697,9,"[""I25254941"", ""I3132238960""]",True
10.1109/tvcg.2007.70523,A5053418697,10,"[""I25254941"", ""I3132238960""]",True
10.1109/tvcg.2007.70523,A5053418697,11,"[""I25254941"", ""I3132238960""]",True
10.1109/tvcg.2007.70523,A5053418697,12,"[""I25254941"", ""I3132238960""]",True
10.1109/tvcg.2007.70523,A5038620625,13,"[""I200769079"", ""I889458895""]",True
10.1109/tvcg.2007.70523,A5038620625,14,"[""I889458895"", ""I200769079""]",True
10.1109/tvcg.2007.70523,A5038620625,15,"[""I889458895"", ""I200769079""]",True
10.1109/tvcg.2007.70523,A5038620625,16,"[""I200769079"", ""I889458895""]",True
10.1109/tvcg.2007.70523,A5056499019,17,"[""I889458895"", ""I200769079""]",True
10.1109/tvcg.2007.70523,A5056499019,18,"[""I200769079"", ""I889458895""]",True
10.1109/tvcg.2007.70523,A5056499019,19,"[""I889458895"", ""I200769079""]",True
10.1109/tvcg.2007.70523,A5056499019,20,"[""I889458895"", ""I200769079""]",True
10.1109/tvcg.2007.70523,A5020083340,21,"[""I25254941"", ""I3132238960""]",True
10.1109/tvcg.2007.70523,A5020083340,22,"[""I3132238960"", ""I25254941""]",True
10.1109/tvcg.2007.70523,A5020083340,23,"[""I25254941"", ""I3132238960""]",True
10.1109/tvcg.2007.70523,A5020083340,24,"[""I3132238960"", ""I25254941""]",True
10.1109/tvcg.2007.70518,A5043545263,1,"[""I102134673"", ""I4210113652""]",True
10.1109/tvcg.2007.70518,A5087545747,2,"[""I102134673""]",True
10.1109/tvcg.2007.70518,A5000813954,3,"[""I102134673"", ""I4210113652""]",True
10.1109/tvcg.2007.70518,A5048647256,4,"[""I102134673""]",True
10.1109/tvcg.2007.70529,A5021021454,1,"[""I52357470""]",True
10.1109/tvcg.2007.70529,A5065630217,2,"[""I52357470""]",True
10.1109/tvcg.2007.70561,A5010157704,1,"[""I4210164937"", ""I1290206253""]",True
10.1109/tvcg.2007.70568,A5024860629,1,"[""I168635309""]",True
10.1109/tvcg.2007.70568,A5012561411,2,"[""I168635309""]",True
10.1109/vast.2007.4389009,A5089451178,1,"[""I102149020""]",True
10.1109/vast.2007.4389009,A5025754478,2,"[""I102149020""]",True
10.1109/vast.2007.4389009,A5081622405,3,"[""I102149020""]",True
10.1109/vast.2007.4389009,A5110208682,4,"[""I102149020""]",True
10.1109/vast.2007.4389009,A5032694211,5,"[""I102149020""]",True
10.1109/vast.2007.4389009,A5113532305,6,"[""I102149020""]",True
10.1109/vast.2007.4389009,A5050064511,7,"[""I102149020""]",True
10.1109/vast.2007.4389009,A5085716366,8,"[""I100621029""]",True
10.1109/vast.2007.4389009,A5001331464,9,"[""I100621029""]",True
10.1109/vast.2007.4389006,A5082668404,1,"[""I130701444""]",True
10.1109/vast.2007.4389006,A5064020522,2,"[""I130701444""]",True
10.1109/vast.2007.4389006,A5100745766,3,"[""I130701444""]",True
10.1109/vast.2007.4389006,A5051696341,4,"[""I130701444""]",True
10.1109/tvcg.2007.70603,A5047677160,1,"[""I84218800""]",True
10.1109/tvcg.2007.70603,A5109345368,2,"[""I3132238960"", ""I1282311441""]",True
10.1109/tvcg.2007.70603,A5083989376,3,"[""I59270414"", ""I3132238960""]",True
10.1109/tvcg.2007.70603,A5009460413,4,"[""I1282311441"", ""I3132238960""]",True
10.1109/tvcg.2007.70603,A5039289245,5,"[""I1282311441""]",True
10.1109/tvcg.2007.70603,A5041875872,6,"[""I2800007677"", ""I40120149""]",True
10.1109/tvcg.2007.70603,A5077191719,7,"[""I84218800"", ""I3132238960""]",True
10.1109/tvcg.2007.70560,A5010238198,1,"[""I1343190059""]",True
10.1109/tvcg.2007.70560,A5008754293,2,"[""I1343190059""]",True
10.1109/tvcg.2007.70560,A5039489003,3,"[""I91656880""]",True
10.1109/tvcg.2007.70560,A5085507158,4,"[""I1343190059""]",True
10.1109/tvcg.2007.70580,A5080555595,1,"[""I174306211""]",True
10.1109/tvcg.2007.70580,A5109259472,2,"[""I174306211""]",True
10.1109/tvcg.2007.70601,A5101451813,1,"[""I148283060""]",True
10.1109/tvcg.2007.70601,A5019902487,2,"[""I1282311441"", ""I3132238960""]",True
10.1109/tvcg.2007.70601,A5009460413,3,"[""I3132238960"", ""I1282311441""]",True
10.1109/tvcg.2007.70555,A5063965880,1,"[""I145847075""]",True
10.1109/tvcg.2007.70555,A5110321988,2,"[""I145847075""]",True
10.1109/tvcg.2007.70584,A5035997603,1,"[""I223532165""]",True
10.1109/tvcg.2007.70584,A5064720873,2,"[""I223532165""]",True
10.1109/tvcg.2007.70584,A5109832145,3,"[""I223532165""]",True
10.1109/tvcg.2007.70584,A5006773757,4,"[""I223532165""]",True
10.1109/tvcg.2007.70584,A5003584200,5,"[""I223532165""]",True
10.1109/tvcg.2007.70595,A5100400896,1,"[""I145311948""]",True
10.1109/tvcg.2007.70595,A5102002124,2,"[""I1282311441""]",True
10.1109/tvcg.2007.70595,A5002407766,3,"[""I145311948""]",True
10.1109/tvcg.2007.70552,A5047677160,1,"[""I84218800""]",True
10.1109/tvcg.2007.70552,A5083989376,2,"[""I59270414""]",True
10.1109/tvcg.2007.70552,A5009460413,3,[],True
10.1109/tvcg.2007.70552,A5077191719,4,"[""I84218800""]",True
10.1109/tvcg.2007.70590,A5041351483,1,[],True
10.1109/tvcg.2007.70590,A5044266730,2,"[""I84218800""]",True
10.1109/tvcg.2007.70590,A5103060523,3,"[""I84218800""]",True
10.1109/tvcg.2007.70590,A5028906205,4,[],True
10.1109/tvcg.2007.70590,A5044557847,5,"[""I84218800""]",True
10.1109/tvcg.2007.70590,A5077191719,6,[],True
10.1109/tvcg.2007.70545,A5082234726,1,[],True
10.1109/tvcg.2007.70545,A5075208956,2,[],True
10.1109/tvcg.2007.70545,A5039626800,3,"[""I20121455""]",True
10.1109/tvcg.2007.70545,A5091630951,4,[],True
10.1109/vast.2007.4389004,A5073919282,1,"[""I189712700""]",True
10.1109/vast.2007.4389004,A5072598654,2,"[""I189712700""]",True
10.1109/tvcg.2007.70579,A5110532339,1,"[""I153267046""]",True
10.1109/tvcg.2007.70579,A5098292069,2,"[""I153267046""]",True
10.1109/tvcg.2007.70579,A5012785854,3,"[""I153267046""]",True
10.1109/tvcg.2007.70579,A5040236693,4,"[""I195893171""]",True
10.1109/tvcg.2007.70579,A5032113086,5,"[""I3019415892""]",True
10.1109/tvcg.2007.70579,A5071898071,6,"[""I84218800"", ""I153267046""]",True
10.1109/tvcg.2007.70579,A5000006583,7,"[""I84218800""]",True
10.1109/tvcg.2007.70579,A5077191719,8,"[""I84218800""]",True
10.1109/tvcg.2007.70579,A5071220385,9,"[""I153267046""]",True
10.1109/tvcg.2007.70623,A5067811410,1,"[""I2948663404""]",True
10.1109/tvcg.2007.70623,A5100654454,2,"[""I176113532"", ""I36253440""]",True
10.1109/tvcg.2007.70623,A5086764360,3,"[""I3132238960"", ""I130238516""]",True
10.1109/tvcg.2007.70623,A5013460936,4,"[""I137902535"", ""I3132238960""]",True
10.1109/tvcg.2007.70571,A5025485089,1,"[""I223532165""]",True
10.1109/tvcg.2007.70571,A5010665785,2,"[""I223532165""]",True
10.1109/tvcg.2007.70571,A5101862600,3,"[""I223532165""]",True
10.1109/tvcg.2007.70571,A5109840277,4,"[""I223532165""]",True
10.1109/tvcg.2007.70596,A5047827833,1,"[""I71270174"", ""I212119943""]",True
10.1109/tvcg.2007.70596,A5028740118,2,"[""I212119943"", ""I71270174""]",True
10.1109/tvcg.2007.70596,A5034313249,3,"[""I212119943"", ""I71270174""]",True
10.1109/tvcg.2007.70596,A5102150262,4,"[""I71270174"", ""I212119943""]",True
10.1109/tvcg.2007.70596,A5079916657,5,"[""I141945490"", ""I3132238960""]",True
10.1109/tvcg.2007.70558,A5079369129,1,"[""I180825142""]",True
10.1109/tvcg.2007.70558,A5082892178,2,"[""I153648349""]",True
10.1109/vast.2007.4388999,A5073325011,1,"[""I59553526""]",True
10.1109/vast.2007.4388999,A5077379829,2,"[""I59553526""]",True
10.1109/vast.2007.4388999,A5030975812,3,"[""I59553526""]",True
10.1109/vast.2007.4388999,A5047588154,4,"[""I142606810""]",True
10.1109/vast.2007.4388999,A5109177988,5,[],True
10.1109/tvcg.2007.70621,A5101793577,1,"[""I4210159266""]",True
10.1109/tvcg.2007.70621,A5109182814,2,"[""I4210159266""]",True
10.1109/tvcg.2007.70621,A5108654136,3,[],True
10.1109/tvcg.2007.70621,A5042136139,4,"[""I4210142372""]",True
10.1109/tvcg.2007.70522,A5076733321,1,"[""I189712700""]",True
10.1109/tvcg.2007.70522,A5073919282,2,"[""I189712700""]",True
10.1109/tvcg.2007.70522,A5033953993,3,"[""I1283103587"", ""I189712700""]",True
10.1109/tvcg.2007.70522,A5079133757,4,"[""I189712700"", ""I1283103587""]",True
10.1109/tvcg.2007.70522,A5020115484,5,"[""I1283103587"", ""I189712700""]",True
10.1109/tvcg.2007.70591,A5072700322,1,"[""I145847075""]",True
10.1109/tvcg.2007.70591,A5063965880,2,"[""I145847075""]",True
10.1109/tvcg.2007.70591,A5110321988,3,"[""I145847075""]",True
10.1109/vast.2007.4389010,A5027548665,1,"[""I173498003""]",True
10.1109/vast.2007.4389010,A5028125399,2,"[""I173498003""]",True
10.1109/vast.2007.4389010,A5000630402,3,"[""I173498003""]",True
10.1109/vast.2007.4389010,A5050656871,4,"[""I173498003""]",True
10.1109/tvcg.2007.70516,A5088150992,1,"[""I84218800""]",True
10.1109/tvcg.2007.70516,A5037161857,2,"[""I84218800""]",True
10.1109/tvcg.2007.70538,A5109145756,1,"[""I172675005""]",True
10.1109/tvcg.2007.70538,A5100389169,2,"[""I172675005""]",True
10.1109/tvcg.2007.70538,A5018040823,3,"[""I172675005""]",True
10.1109/tvcg.2007.70538,A5046543877,4,"[""I172675005""]",True
10.1109/tvcg.2007.70538,A5100607707,5,"[""I59553526""]",True
10.1109/tvcg.2007.70538,A5091408797,6,"[""I59553526""]",True
10.1109/tvcg.2007.70519,A5050326979,1,"[""I84218800""]",True
10.1109/tvcg.2007.70519,A5102027050,2,"[""I84218800""]",True
10.1109/tvcg.2007.70519,A5061898871,3,"[""I3132238960"", ""I148283060""]",True
10.1109/tvcg.2007.70519,A5114031893,4,"[""I84218800"", ""I3132238960""]",True
10.1109/tvcg.2007.70569,A5063093511,1,"[""I4210138551""]",True
10.1109/tvcg.2007.70569,A5029818256,2,"[""I1343190059""]",True
10.1109/tvcg.2007.70569,A5000755776,3,"[""I4432739""]",True
10.1109/tvcg.2007.70569,A5113922818,4,"[""I1343190059""]",True
10.1109/tvcg.2007.70569,A5034699298,5,"[""I4210138551""]",True
10.1109/vast.2007.4389011,A5090570042,1,"[""I95457486""]",True
10.1109/vast.2007.4389011,A5045835385,2,"[""I95457486""]",True
10.1109/vast.2007.4388992,A5012244017,1,"[""I4210160939""]",True
10.1109/vast.2007.4388992,A5025799993,2,"[""I4210160939""]",True
10.1109/vast.2007.4388992,A5103205115,3,"[""I4210160939""]",True
10.1109/vast.2007.4388992,A5055472986,4,"[""I4210160939""]",True
10.1109/tvcg.2007.70602,A5086461942,1,"[""I4210109712""]",True
10.1109/tvcg.2007.70602,A5039626800,2,"[""I149899117"", ""I4210109712"", ""I20121455""]",True
10.1109/tvcg.2007.70602,A5058028526,3,"[""I4210109712"", ""I149899117""]",True
10.1109/tvcg.2007.70615,A5008493965,1,"[""I926574661""]",True
10.1109/tvcg.2007.70615,A5024349334,2,"[""I926574661""]",True
10.1109/tvcg.2007.70615,A5039027489,3,"[""I926574661""]",True
10.1109/tvcg.2007.70615,A5000006583,4,"[""I84218800""]",True
10.1109/tvcg.2007.70583,A5110327007,1,"[""I141945490""]",True
10.1109/tvcg.2007.70583,A5079916657,2,"[""I36253440"", ""I141945490""]",True
10.1109/tvcg.2007.70583,A5006593097,3,"[""I138285227"", ""I36253440""]",True
10.1109/tvcg.2007.70574,A5089451178,1,"[""I102149020""]",True
10.1109/tvcg.2007.70574,A5000266021,2,"[""I40889946"", ""I102149020""]",True
10.1109/tvcg.2007.70574,A5081622405,3,"[""I102149020""]",True
10.1109/tvcg.2007.70574,A5086212139,4,"[""I40889946"", ""I102149020""]",True
10.1109/tvcg.2007.70574,A5110208682,5,"[""I102149020""]",True
10.1109/tvcg.2007.70550,A5019075225,1,"[""I145847075""]",True
10.1109/tvcg.2007.70550,A5111985276,2,"[""I1329325741""]",True
10.1109/tvcg.2007.70550,A5077204103,3,"[""I4210122849""]",True
10.1109/tvcg.2007.70550,A5086223886,4,"[""I83019370""]",True
10.1109/tvcg.2007.70550,A5113723673,5,"[""I4210122849""]",True
10.1109/tvcg.2007.70550,A5110321988,6,"[""I145847075""]",True
10.1109/tvcg.2007.70540,A5061692602,1,"[""I899635006"", ""I4210104430""]",True
10.1109/tvcg.2007.70540,A5023297045,2,"[""I12356871"", ""I29607241""]",True
10.1109/tvcg.2007.70598,A5056214245,1,"[""I4210136249""]",True
10.1109/tvcg.2007.70598,A5077940635,2,"[""I4210136249""]",True
10.1109/tvcg.2007.70598,A5110321988,3,"[""I145847075""]",True
10.1109/vast.2007.4389008,A5110327007,1,"[""I141945490""]",True
10.1109/vast.2007.4389008,A5016528107,2,"[""I1291425158""]",True
10.1109/vast.2007.4389008,A5102185920,3,"[""I1291425158""]",True
10.1109/vast.2007.4389008,A5079916657,4,"[""I141945490""]",True
10.1109/tvcg.2007.70567,A5008017371,1,"[""I114027177""]",True
10.1109/tvcg.2007.70567,A5005095282,2,"[""I114027177""]",True
10.1109/tvcg.2007.70567,A5004194238,3,"[""I114027177""]",True
10.1109/tvcg.2007.70599,A5101046136,1,"[""I79272384"", ""I126744593""]",True
10.1109/tvcg.2007.70599,A5067212091,2,"[""I79272384"", ""I126744593""]",True
10.1109/tvcg.2007.70599,A5009611685,3,"[""I79272384"", ""I126744593""]",True
10.1109/tvcg.2007.70604,A5008627422,1,"[""I223532165""]",True
10.1109/tvcg.2007.70604,A5083523340,2,"[""I223532165""]",True
10.1109/tvcg.2007.70604,A5109840277,3,"[""I223532165""]",True
10.1109/tvcg.2007.70544,A5101448737,1,"[""I859038795""]",True
10.1109/tvcg.2007.70544,A5070551319,2,"[""I3132238960"", ""I4210127226""]",True
10.1109/tvcg.2007.70544,A5103543715,3,"[""I4210127226"", ""I889804353""]",True
10.1109/tvcg.2007.70544,A5069853790,4,"[""I859038795"", ""I3132238960""]",True
10.1109/tvcg.2007.70532,A5062317598,1,"[""I204250578""]",True
10.1109/tvcg.2007.70532,A5109129845,2,"[""I204250578""]",True
10.1109/tvcg.2007.70532,A5049231168,3,"[""I36258959"", ""I3132238960""]",True
10.1109/tvcg.2007.70617,A5000602540,1,"[""I97018004""]",True
10.1109/tvcg.2007.70617,A5101406351,2,"[""I201448701""]",True
10.1109/tvcg.2007.70617,A5028646122,3,"[""I97018004""]",True
10.1109/tvcg.2007.70617,A5029864677,4,"[""I97018004""]",True
10.1109/tvcg.2007.70617,A5073731680,5,"[""I97018004""]",True
10.1109/tvcg.2007.70617,A5067621853,6,"[""I1291425158""]",True
10.1109/tvcg.2007.70617,A5018111215,7,"[""I97018004""]",True
10.1109/vast.2007.4388994,A5109201974,1,"[""I219193219""]",True
10.1109/vast.2007.4388994,A5010660324,2,"[""I219193219""]",True
10.1109/vast.2007.4388994,A5070420968,3,"[""I219193219""]",True
10.1109/vast.2007.4388994,A5018584803,4,"[""I219193219""]",True
10.1109/vast.2007.4388994,A5098292583,5,"[""I1282113950"", ""I219193219""]",True
10.1109/tvcg.2007.70565,A5109447623,1,"[""I102322142""]",True
10.1109/tvcg.2007.70565,A5111905497,2,"[""I102322142""]",True
10.1109/tvcg.2007.70565,A5101716674,3,"[""I3132238960"", ""I39586589"", ""I97429440""]",True
10.1109/tvcg.2007.70597,A5090346230,1,"[""I12097938""]",True
10.1109/tvcg.2007.70597,A5112334498,2,"[""I4210137693"", ""I3132238960""]",True
10.1109/tvcg.2007.70585,A5078173428,1,"[""I157485424""]",True
10.1109/tvcg.2007.70585,A5085342992,2,"[""I1282311441"", ""I3132238960""]",True
10.1109/tvcg.2007.70557,A5024349334,1,"[""I4210121626"", ""I926574661""]",True
10.1109/tvcg.2007.70557,A5000413604,2,"[""I223532165""]",True
10.1109/tvcg.2007.70557,A5056806073,3,"[""I4210121626"", ""I926574661""]",True
10.1109/tvcg.2007.70557,A5008493965,4,[],True
10.1109/tvcg.2007.70557,A5029336209,5,"[""I4210121626"", ""I926574661""]",True
10.1109/tvcg.2007.70530,A5100325337,1,"[""I200769079"", ""I889458895""]",True
10.1109/tvcg.2007.70530,A5054382056,2,"[""I200769079"", ""I889458895""]",True
10.1109/tvcg.2007.70530,A5084701162,3,"[""I4210119109"", ""I3132238960""]",True
10.1109/tvcg.2007.70530,A5030703335,4,"[""I4210119109"", ""I3132238960""]",True
10.1109/vast.2007.4389002,A5108060511,1,"[""I177909021"", ""I4210131883"", ""I17974374""]",True
10.1109/vast.2007.4389002,A5009099532,2,"[""I4210131883"", ""I17974374"", ""I177909021""]",True
10.1109/vast.2007.4389002,A5066927815,3,"[""I17974374"", ""I177909021"", ""I4210131883""]",True
10.1109/vast.2007.4389002,A5034874196,4,"[""I17974374"", ""I4210131883"", ""I177909021""]",True
10.1109/vast.2007.4389007,A5102923390,1,"[""I154338468""]",True
10.1109/vast.2007.4389007,A5014146578,2,"[""I-1""]",True
10.1109/vast.2007.4389007,A5038635168,3,"[""I154338468""]",True
10.1109/tvcg.2007.70578,A5000816378,1,"[""I135310074""]",True
10.1109/tvcg.2007.70578,A5084778474,2,"[""I135310074""]",True
10.1109/tvcg.2007.70534,A5078268469,1,"[""I51441396""]",True
10.1109/tvcg.2007.70534,A5098504607,2,"[""I51441396""]",True
10.1109/tvcg.2007.70534,A5075539047,3,"[""I51441396""]",True
10.1109/tvcg.2007.70517,A5082751676,1,"[""I2800297018""]",True
10.1109/tvcg.2007.70517,A5022294742,2,"[""I4432739"", ""I3132238960""]",True
10.1109/tvcg.2007.70517,A5090274388,3,"[""I4432739""]",True
10.1109/tvcg.2007.70517,A5000755776,4,"[""I4432739"", ""I3132238960""]",True
10.1109/tvcg.2007.70586,A5054572713,1,"[""I204250578""]",True
10.1109/tvcg.2007.70586,A5038443740,2,"[""I204250578""]",True
10.1109/tvcg.2007.70586,A5017854609,3,"[""I204250578""]",True
10.1109/tvcg.2007.70528,A5054804686,1,"[""I46247651""]",True
10.1109/tvcg.2007.70528,A5078907679,2,"[""I46247651""]",True
10.1109/tvcg.2007.70528,A5049881687,3,"[""I46247651""]",True
10.1109/vast.2007.4389001,A5101997668,1,"[""I1324840837""]",True
10.1109/vast.2007.4389001,A5045738980,2,"[""I1324840837""]",True
10.1109/vast.2007.4389001,A5073919282,3,"[""I189712700""]",True
10.1109/vast.2007.4389001,A5096868770,4,"[""I189712700""]",True
10.1109/vast.2007.4389001,A5109251464,5,"[""I189712700""]",True
10.1109/tvcg.2007.70614,A5091360778,1,"[""I100066346""]",True
10.1109/tvcg.2007.70614,A5087317081,2,"[""I100066346""]",True
10.1109/tvcg.2007.70614,A5082093150,3,"[""I100066346""]",True
10.1109/tvcg.2007.70614,A5038629539,4,"[""I36253440"", ""I100066346""]",True
10.1109/tvcg.2007.70573,A5067150602,1,"[""I59553526""]",True
10.1109/tvcg.2007.70573,A5100755370,2,"[""I59553526""]",True
10.1109/tvcg.2007.70573,A5081073195,3,"[""I59553526""]",True
10.1109/tvcg.2007.70573,A5098416906,4,"[""I59553526""]",True
10.1109/tvcg.2007.70573,A5107868159,5,"[""I59553526""]",True
10.1109/tvcg.2007.70573,A5070670810,6,"[""I59553526""]",True
10.1109/tvcg.2007.70581,A5058353646,1,"[""I2801120862""]",True
10.1109/tvcg.2007.70581,A5042989375,2,"[""I2801120862""]",True
10.1109/tvcg.2007.70581,A5013422789,3,"[""I1850255""]",True
10.1109/tvcg.2007.70581,A5029076777,4,"[""I1850255""]",True
10.1109/tvcg.2007.70581,A5060935547,5,"[""I1850255"", ""I3132238960""]",True
10.1109/tvcg.2007.70576,A5069428198,1,"[""I145847075""]",True
10.1109/tvcg.2007.70576,A5063965880,2,"[""I145847075""]",True
10.1109/tvcg.2007.70576,A5109928029,3,"[""I145847075""]",True
10.1109/tvcg.2007.70576,A5062703856,4,"[""I4210153395""]",True
10.1109/tvcg.2007.70559,A5059452338,1,"[""I91045830""]",True
10.1109/tvcg.2007.70559,A5048743653,2,"[""I91045830""]",True
10.1109/tvcg.2007.70526,A5030485512,1,[],True
10.1109/tvcg.2007.70526,A5078340650,2,"[""I86519309""]",True
10.1109/tvcg.2007.70526,A5086780511,3,"[""I86519309""]",True
10.1109/vast.2007.4389013,A5034277315,1,"[""I102197404"", ""I4210144804"", ""I1326498283""]",True
10.1109/vast.2007.4389013,A5082668404,2,"[""I130701444""]",True
10.1109/vast.2007.4389013,A5003177344,3,"[""I66862912""]",True
10.1109/tvcg.2007.70592,A5065378241,1,"[""I219193219""]",True
10.1109/tvcg.2007.70592,A5021577029,2,"[""I219193219""]",True
10.1109/tvcg.2007.70592,A5022006934,3,"[""I219193219""]",True
10.1109/tvcg.2007.70556,A5088565793,1,"[""I251738""]",True
10.1109/tvcg.2007.70556,A5076694922,2,"[""I251738""]",True
10.1109/tvcg.2007.70600,A5016701444,1,"[""I4391767926"", ""I59105498""]",True
10.1109/tvcg.2007.70600,A5079289629,2,"[""I74786994""]",True
10.1109/tvcg.2007.70600,A5004805989,3,"[""I74786994""]",True
10.1109/tvcg.2007.70600,A5102833835,4,"[""I4210104735""]",True
10.1109/tvcg.2007.70600,A5000430651,5,"[""I4210104735""]",True
10.1109/tvcg.2007.70588,A5113922818,1,"[""I1343190059""]",True
10.1109/tvcg.2007.70588,A5008754293,2,"[""I1343190059""]",True
10.1109/tvcg.2007.70588,A5029818256,3,"[""I1343190059""]",True
10.1109/tvcg.2007.70588,A5000755776,4,"[""I4432739"", ""I36253440""]",True
10.1109/tvcg.2007.70543,A5111935550,1,"[""I84218800""]",True
10.1109/tvcg.2007.70543,A5031259393,2,"[""I1343871089""]",True
10.1109/tvcg.2007.70543,A5066821697,3,"[""I1343871089""]",True
10.1109/tvcg.2007.70543,A5077191719,4,"[""I3132238960"", ""I84218800""]",True
10.1109/tvcg.2007.70542,A5027313464,1,"[""I4210109712"", ""I91712215""]",True
10.1109/tvcg.2007.70542,A5070670810,2,"[""I59553526"", ""I3132238960""]",True
10.1109/tvcg.2007.70542,A5032911677,3,"[""I35440088""]",True
10.1109/tvcg.2007.70542,A5031659894,4,"[""I59553526""]",True
10.1109/tvcg.2007.70542,A5077331168,5,"[""I3132238960"", ""I71824836""]",True
10.1109/tvcg.2007.70536,A5012980226,1,"[""I1324840837""]",True
10.1109/tvcg.2007.70536,A5110142234,2,"[""I1324840837""]",True
10.1109/tvcg.2007.70536,A5113463067,3,"[""I1324840837""]",True
10.1109/vast.2007.4389005,A5025754478,1,"[""I102149020""]",True
10.1109/vast.2007.4389005,A5005201143,2,"[""I102149020""]",True
10.1109/vast.2007.4389005,A5032694211,3,"[""I102149020""]",True
10.1109/vast.2007.4389005,A5110208682,4,"[""I102149020""]",True
10.1109/tvcg.2007.70593,A5100323364,1,"[""I592451"", ""I4210119109""]",True
10.1109/tvcg.2007.70593,A5030703335,2,"[""I592451"", ""I4210119109""]",True
10.1109/tvcg.2007.70566,A5064828426,1,"[""I1343180700"", ""I223532165""]",True
10.1109/tvcg.2007.70566,A5088234443,2,"[""I91712215""]",True
10.1109/tvcg.2007.70566,A5033987709,3,"[""I223532165""]",True
10.1109/tvcg.2007.70566,A5065645994,4,"[""I223532165"", ""I3132238960""]",True
10.1109/tvcg.2007.70537,A5040526518,1,"[""I1290206253""]",True
10.1109/tvcg.2007.70537,A5101147725,2,"[""I1290206253""]",True
10.1109/tvcg.2007.70537,A5065644953,3,"[""I1290206253""]",True
10.1109/tvcg.2007.70537,A5110474366,4,"[""I1290206253""]",True
10.1109/vast.2007.4388996,A5002221227,1,[],True
10.1109/vast.2007.4388996,A5079639116,2,[],True
10.1109/vast.2007.4388996,A5002755059,3,[],True
10.1109/vast.2007.4388996,A5078554761,4,[],True
10.1109/vast.2007.4388996,A5097510174,5,[],True
10.1109/vast.2007.4388996,A5027158215,6,[],True
10.1109/vast.2007.4388993,A5026799813,1,"[""I219193219""]",True
10.1109/vast.2007.4388993,A5087450905,2,"[""I219193219""]",True
10.1109/vast.2007.4388993,A5010660324,3,"[""I219193219""]",True
10.1109/vast.2007.4388993,A5102869650,4,"[""I219193219""]",True
10.1109/vast.2007.4388993,A5031430479,5,"[""I219193219""]",True
10.1109/vast.2007.4388993,A5018584803,6,"[""I219193219""]",True
10.1109/vast.2007.4388993,A5085384388,7,"[""I219193219""]",True
10.1109/vast.2007.4388993,A5026923999,8,"[""I219193219""]",True
10.1109/vast.2007.4388993,A5053301712,9,"[""I592451"", ""I1324682000"", ""I4394709130""]",True
10.1109/vast.2007.4388993,A5017673553,10,"[""I219193219""]",True
10.1109/vast.2007.4389000,A5013719632,1,"[""I107077323""]",True
10.1109/vast.2007.4389000,A5025726915,2,"[""I107077323""]",True
10.1109/vast.2007.4389000,A5102773082,3,"[""I107077323""]",True
10.1109/tvcg.2007.70553,A5040717536,1,"[""I169381384""]",True
10.1109/tvcg.2007.70553,A5073784823,2,"[""I169381384""]",True
10.1109/vast.2007.4389003,A5043852046,1,"[""I66867065"", ""I4210128818""]",True
10.1109/vast.2007.4389003,A5100728564,2,"[""I102149020""]",True
10.1109/vast.2007.4389003,A5032694211,3,"[""I102149020""]",True
10.1109/vast.2007.4389003,A5110208682,4,"[""I102149020""]",True
10.1109/vast.2007.4389003,A5102743927,5,"[""I184597095""]",True
10.1109/vast.2007.4388991,A5074955847,1,"[""I130769515""]",True
10.1109/vast.2007.4388991,A5038025289,2,"[""I130769515""]",True
10.1109/vast.2007.4389012,A5003377833,1,"[""I189712700""]",True
10.1109/vast.2007.4389012,A5112135278,2,"[""I189712700""]",True
10.1109/vast.2007.4388998,A5050098410,1,"[""I4210151375""]",True
10.1109/vast.2007.4388998,A5003251468,2,"[""I4210151375""]",True
10.1109/vast.2007.4388990,A5045352499,1,"[""I52357470""]",True
10.1109/vast.2007.4388990,A5071122261,2,"[""I52357470""]",True
10.1109/vast.2007.4388990,A5024759728,3,"[""I52357470""]",True
10.1109/vast.2007.4388990,A5002832419,4,"[""I52357470""]",True
10.1109/vast.2007.4388990,A5072801804,5,"[""I52357470""]",True
10.1109/tvcg.2007.70610,A5049355010,1,"[""I4388891828""]",True
10.1109/tvcg.2007.70610,A5073303697,2,"[""I4388891828""]",True
10.1109/tvcg.2007.70587,A5048413277,1,"[""I4210127875"", ""I145311948""]",True
10.1109/tvcg.2007.70587,A5088141761,2,"[""I1282311441""]",True
10.1109/vast.2007.4388997,A5040961656,1,"[""I18014758""]",True
10.1109/vast.2007.4388997,A5060758333,2,"[""I1289490764"", ""I4210160401""]",True
10.1109/vast.2007.4388997,A5105986048,3,"[""I4210160401"", ""I1289490764""]",True
10.1109/vast.2007.4388995,A5022699013,1,"[""I4210144576""]",True
10.1109/vast.2007.4388995,A5057538550,2,"[""I4210144576""]",True
10.1109/vast.2007.4388995,A5083743875,3,"[""I4210144576""]",True
10.1109/tvcg.2007.70575,A5013569934,1,"[""I153267046""]",True
10.1109/tvcg.2007.70575,A5054301725,2,"[""I153267046""]",True
10.1109/tvcg.2007.70575,A5032113086,3,"[""I3019415892""]",True
10.1109/tvcg.2007.70575,A5071898071,4,"[""I84218800""]",True
10.1109/tvcg.2007.70575,A5005530908,5,"[""I153267046""]",True
10.1109/tvcg.2007.70572,A5009343095,1,"[""I169521973""]",True
10.1109/tvcg.2007.70572,A5084447019,2,"[""I169521973""]",True
10.1109/tvcg.2007.70572,A5003684910,3,"[""I223532165""]",True
10.1109/tvcg.2007.70572,A5087948617,4,"[""I3132238960"", ""I169521973""]",True
10.1109/tvcg.2006.147,A5043973007,1,"[""I83019370""]",True
10.1109/tvcg.2006.143,A5085342992,1,"[""I1282311441""]",True
10.1109/tvcg.2006.143,A5043312264,2,"[""I95457486""]",True
10.1109/tvcg.2006.115,A5088977284,1,"[""I115752224""]",True
10.1109/tvcg.2006.115,A5049441601,2,"[""I4210131308""]",True
10.1109/tvcg.2006.115,A5031490866,3,"[""I4210131308""]",True
10.1109/tvcg.2006.166,A5052623072,1,"[""I66946132""]",True
10.1109/tvcg.2006.166,A5025659588,2,"[""I66946132""]",True
10.1109/tvcg.2006.120,A5085053856,1,"[""I102322142"", ""I2799411422""]",True
10.1109/tvcg.2006.120,A5076532363,2,"[""I1341412227""]",True
10.1109/tvcg.2006.120,A5002244507,3,[],True
10.1109/tvcg.2006.160,A5110827633,1,"[""I204730241"", ""I36253440"", ""I102197404""]",True
10.1109/tvcg.2006.160,A5060725233,2,"[""I102197404"", ""I204730241"", ""I36253440""]",True
10.1109/tvcg.2006.122,A5053097987,1,"[""I66946132""]",True
10.1109/tvcg.2006.122,A5052623072,2,"[""I66946132""]",True
10.1109/tvcg.2006.170,A5111834154,1,"[""I74788687""]",True
10.1109/tvcg.2006.170,A5000755776,2,"[""I3132238960"", ""I1343190059""]",True
10.1109/tvcg.2006.152,A5022294742,1,"[""I145847075""]",True
10.1109/tvcg.2006.152,A5034698887,2,"[""I251424209""]",True
10.1109/tvcg.2006.152,A5045086893,3,"[""I251424209""]",True
10.1109/tvcg.2006.152,A5103494560,4,"[""I145847075""]",True
10.1109/tvcg.2006.186,A5081796122,1,"[""I1282311441""]",True
10.1109/tvcg.2006.186,A5019902487,2,"[""I1282311441""]",True
10.1109/tvcg.2006.186,A5062494091,3,"[""I1282311441""]",True
10.1109/tvcg.2006.186,A5044442336,4,"[""I1282311441""]",True
10.1109/tvcg.2006.186,A5009460413,5,"[""I1282311441""]",True
10.1109/tvcg.2006.178,A5090570042,1,"[""I95457486""]",True
10.1109/tvcg.2006.178,A5045835385,2,"[""I95457486""]",True
10.1109/tvcg.2006.124,A5024793839,1,[],True
10.1109/tvcg.2006.124,A5030066648,2,[],True
10.1109/tvcg.2006.124,A5029621326,3,[],True
10.1109/tvcg.2006.140,A5063965880,1,"[""I145847075""]",True
10.1109/tvcg.2006.140,A5109928029,2,"[""I145847075""]",True
10.1109/tvcg.2006.165,A5054509473,1,"[""I149899117"", ""I4210109712""]",True
10.1109/tvcg.2006.165,A5039626800,2,"[""I149899117"", ""I4210109712""]",True
10.1109/tvcg.2006.165,A5105697746,3,"[""I4210109712"", ""I149899117""]",True
10.1109/tvcg.2006.174,A5100337295,1,"[""I66946132""]",True
10.1109/tvcg.2006.174,A5086440196,2,"[""I66946132""]",True
10.1109/tvcg.2006.138,A5011528639,1,"[""I67415387""]",True
10.1109/tvcg.2006.138,A5026971062,2,"[""I67415387""]",True
10.1109/vast.2006.261421,A5024572030,1,"[""I66946132""]",True
10.1109/vast.2006.261421,A5034989458,2,"[""I66946132""]",True
10.1109/vast.2006.261421,A5036077882,3,"[""I66946132""]",True
10.1109/vast.2006.261421,A5052623072,4,"[""I66946132""]",True
10.1109/tvcg.2006.116,A5006696540,1,"[""I99041443""]",True
10.1109/tvcg.2006.116,A5056355204,2,"[""I99041443""]",True
10.1109/tvcg.2006.116,A5097965785,3,"[""I99041443""]",True
10.1109/tvcg.2006.134,A5045224825,1,"[""I1283280774"", ""I136199984""]",True
10.1109/tvcg.2006.134,A5034377613,2,"[""I136199984"", ""I1283280774""]",True
10.1109/tvcg.2006.156,A5008149778,1,"[""I56590836""]",True
10.1109/tvcg.2006.156,A5113974966,2,"[""I1283103587""]",True
10.1109/tvcg.2006.156,A5085695563,3,"[""I56590836""]",True
10.1109/tvcg.2006.136,A5021034497,1,"[""I19772626""]",True
10.1109/tvcg.2006.136,A5097232042,2,"[""I19772626""]",True
10.1109/tvcg.2006.136,A5078989577,3,"[""I57206974"", ""I3132238960""]",True
10.1109/tvcg.2006.148,A5091108255,1,"[""I206895457""]",True
10.1109/tvcg.2006.148,A5066743992,2,"[""I206895457""]",True
10.1109/tvcg.2006.148,A5069428198,3,"[""I145847075""]",True
10.1109/tvcg.2006.200,A5019719607,1,"[""I150653062""]",True
10.1109/tvcg.2006.200,A5051025031,2,"[""I83019370""]",True
10.1109/tvcg.2006.200,A5059702452,3,"[""I83019370""]",True
10.1109/tvcg.2006.142,A5103329632,1,"[""I4210164937""]",True
10.1109/tvcg.2006.142,A5020340631,2,"[""I4210164937""]",True
10.1109/tvcg.2006.142,A5064561288,3,"[""I4210164937""]",True
10.1109/tvcg.2006.142,A5035158211,4,"[""I4210164937""]",True
10.1109/tvcg.2006.142,A5110121255,5,"[""I4210164937""]",True
10.1109/tvcg.2006.142,A5040526518,6,"[""I4210164937""]",True
10.1109/tvcg.2006.161,A5013198735,1,"[""I107077323""]",True
10.1109/tvcg.2006.161,A5010754981,2,"[""I107077323""]",True
10.1109/tvcg.2006.161,A5008269094,3,"[""I107077323""]",True
10.1109/tvcg.2006.161,A5032694211,4,"[""I102149020""]",True
10.1109/tvcg.2006.146,A5087545747,1,"[""I102134673""]",True
10.1109/tvcg.2006.146,A5112237540,2,"[""I2800607224""]",True
10.1109/tvcg.2006.146,A5000813954,3,"[""I102134673""]",True
10.1109/tvcg.2006.146,A5043545263,4,"[""I4210113652"", ""I102134673""]",True
10.1109/tvcg.2006.146,A5048647256,5,"[""I102134673""]",True
10.1109/tvcg.2006.193,A5104102818,1,"[""I157725225""]",True
10.1109/tvcg.2006.193,A5024606205,2,[],True
10.1109/tvcg.2006.202,A5034329650,1,"[""I91136226""]",True
10.1109/tvcg.2006.202,A5068640078,2,"[""I91136226""]",True
10.1109/tvcg.2006.202,A5017917433,3,"[""I27837315""]",True
10.1109/tvcg.2006.184,A5064119940,1,"[""I859038795""]",True
10.1109/tvcg.2006.184,A5037675411,2,"[""I859038795""]",True
10.1109/tvcg.2006.144,A5109447623,1,"[""I102322142""]",True
10.1109/tvcg.2006.144,A5111575546,2,"[""I102322142""]",True
10.1109/tvcg.2006.144,A5047898395,3,"[""I97429440"", ""I39586589""]",True
10.1109/tvcg.2006.137,A5091827588,1,"[""I52357470""]",True
10.1109/tvcg.2006.137,A5065630217,2,"[""I52357470""]",True
10.1109/tvcg.2006.164,A5069974313,1,"[""I52357470""]",True
10.1109/tvcg.2006.164,A5065630217,2,"[""I52357470""]",True
10.1109/tvcg.2006.149,A5086497666,1,"[""I223532165""]",True
10.1109/tvcg.2006.149,A5035997603,2,"[""I223532165""]",True
10.1109/tvcg.2006.149,A5003584200,3,"[""I223532165""]",True
10.1109/vast.2006.261431,A5018100309,1,"[""I72816309""]",True
10.1109/vast.2006.261431,A5033493878,2,"[""I100532134""]",True
10.1109/vast.2006.261431,A5078798965,3,"[""I198415970""]",True
10.1109/vast.2006.261431,A5084471891,4,"[""I130769515""]",True
10.1109/tvcg.2006.163,A5090570042,1,"[""I95457486""]",True
10.1109/tvcg.2006.163,A5045835385,2,"[""I95457486""]",True
10.1109/vast.2006.261425,A5032694211,1,"[""I102149020""]",True
10.1109/vast.2006.261425,A5100728564,2,"[""I102149020""]",True
10.1109/vast.2006.261425,A5040162497,3,"[""I102149020""]",True
10.1109/vast.2006.261425,A5102148168,4,"[""I102149020""]",True
10.1109/vast.2006.261425,A5043852046,5,"[""I102149020""]",True
10.1109/vast.2006.261425,A5110208682,6,"[""I102149020""]",True
10.1109/vast.2006.261425,A5010754981,7,"[""I107077323""]",True
10.1109/tvcg.2006.187,A5097484928,1,"[""I189712700""]",True
10.1109/tvcg.2006.187,A5003447205,2,"[""I189712700""]",True
10.1109/tvcg.2006.187,A5017670865,3,"[""I189712700""]",True
10.1109/tvcg.2006.111,A5089000736,1,"[""I173911158""]",True
10.1109/tvcg.2006.111,A5100406022,2,"[""I43579087""]",True
10.1109/tvcg.2006.168,A5020952435,1,"[""I100930933""]",True
10.1109/tvcg.2006.168,A5112775128,2,"[""I100930933""]",True
10.1109/tvcg.2006.168,A5110205365,3,"[""I100930933""]",True
10.1109/tvcg.2006.139,A5068819751,1,"[""I204722609"", ""I126231945""]",True
10.1109/tvcg.2006.139,A5109927089,2,"[""I204722609""]",True
10.1109/tvcg.2006.139,A5054328918,3,"[""I204722609""]",True
10.1109/tvcg.2006.139,A5109539324,4,"[""I204722609""]",True
10.1109/tvcg.2006.121,A5054572713,1,"[""I204250578""]",True
10.1109/tvcg.2006.121,A5042796366,2,"[""I204250578""]",True
10.1109/tvcg.2006.121,A5017854609,3,"[""I204250578""]",True
10.1109/tvcg.2006.112,A5003934314,1,"[""I59553526""]",True
10.1109/tvcg.2006.112,A5100376110,2,"[""I59553526""]",True
10.1109/tvcg.2006.112,A5110236358,3,"[""I59553526""]",True
10.1109/vast.2006.261438,A5073919282,1,"[""I189712700""]",True
10.1109/vast.2006.261438,A5076733321,2,"[""I189712700""]",True
10.1109/vast.2006.261438,A5109232728,3,"[""I189712700""]",True
10.1109/vast.2006.261438,A5016219620,4,"[""I189712700""]",True
10.1109/tvcg.2006.194,A5100337209,1,"[""I39586589""]",True
10.1109/tvcg.2006.194,A5009516408,2,"[""I39586589"", ""I100066346""]",True
10.1109/tvcg.2006.194,A5054737927,3,"[""I39586589""]",True
10.1109/tvcg.2006.194,A5073619125,4,"[""I36253440"", ""I18014758""]",True
10.1109/tvcg.2006.194,A5038629539,5,"[""I36253440"", ""I100066346""]",True
10.1109/tvcg.2006.194,A5078538935,6,"[""I39586589""]",True
10.1109/tvcg.2006.173,A5065394114,1,"[""I1326498283""]",True
10.1109/tvcg.2006.173,A5038083385,2,"[""I1326498283""]",True
10.1109/tvcg.2006.173,A5025609991,3,[],True
10.1109/tvcg.2006.173,A5108598229,4,"[""I1326498283""]",True
10.1109/vast.2006.261416,A5059655101,1,"[""I142606810""]",True
10.1109/tvcg.2006.179,A5008340710,1,"[""I59553526""]",True
10.1109/tvcg.2006.179,A5053770691,2,"[""I59553526""]",True
10.1109/tvcg.2006.179,A5100353783,3,"[""I59553526""]",True
10.1109/tvcg.2006.179,A5100393137,4,"[""I59553526""]",True
10.1109/tvcg.2006.179,A5007593199,5,"[""I59553526""]",True
10.1109/vast.2006.261436,A5011629374,1,"[""I97018004""]",True
10.1109/vast.2006.261436,A5039378866,2,"[""I97018004""]",True
10.1109/vast.2006.261436,A5018111215,3,"[""I97018004""]",True
10.1109/vast.2006.261429,A5038378351,1,"[""I66946132""]",True
10.1109/vast.2006.261429,A5050928586,2,"[""I66946132""]",True
10.1109/vast.2006.261429,A5086169451,3,"[""I66946132""]",True
10.1109/vast.2006.261429,A5052623072,4,"[""I66946132""]",True
10.1109/tvcg.2006.158,A5043872451,1,"[""I98358874""]",True
10.1109/tvcg.2006.158,A5102082175,2,"[""I98358874""]",True
10.1109/tvcg.2006.158,A5111985276,3,"[""I4210122849""]",True
10.1109/tvcg.2006.158,A5111420760,4,"[""I4210122849""]",True
10.1109/tvcg.2006.158,A5029613832,5,"[""I2802928900"", ""I98358874""]",True
10.1109/tvcg.2006.158,A5023711681,6,"[""I98358874""]",True
10.1109/tvcg.2006.151,A5064747056,1,"[""I181369854""]",True
10.1109/tvcg.2006.151,A5038105931,2,"[""I181369854""]",True
10.1109/tvcg.2006.151,A5037488031,3,"[""I4210088053""]",True
10.1109/tvcg.2006.151,A5090717297,4,"[""I181369854""]",True
10.1109/tvcg.2006.151,A5031309490,5,"[""I3132238960"", ""I4210088053""]",True
10.1109/tvcg.2006.151,A5111942655,6,"[""I181369854""]",True
10.1109/vast.2006.261430,A5077712580,1,"[""I4210114115""]",True
10.1109/vast.2006.261430,A5054523299,2,"[""I4210114115""]",True
10.1109/vast.2006.261430,A5025416155,3,"[""I4210114115""]",True
10.1109/vast.2006.261423,A5109232728,1,"[""I189712700""]",True
10.1109/vast.2006.261423,A5067631224,2,"[""I97018004""]",True
10.1109/vast.2006.261423,A5073919282,3,"[""I189712700""]",True
10.1109/tvcg.2006.162,A5078173428,1,"[""I1282311441""]",True
10.1109/tvcg.2006.162,A5085342992,2,"[""I1282311441""]",True
10.1109/vast.2006.261439,A5112392675,1,"[""I59553526""]",True
10.1109/vast.2006.261439,A5070670810,2,"[""I59553526""]",True
10.1109/vast.2006.261439,A5110690377,3,"[""I59553526""]",True
10.1109/vast.2006.261439,A5005648942,4,"[""I59553526""]",True
10.1109/vast.2006.261439,A5055338447,5,"[""I59553526""]",True
10.1109/vast.2006.261439,A5039517392,6,"[""I59553526""]",True
10.1109/tvcg.2006.113,A5110631057,1,"[""I18014758""]",True
10.1109/tvcg.2006.113,A5060664606,2,"[""I18014758""]",True
10.1109/tvcg.2006.113,A5073619125,3,"[""I18014758""]",True
10.1109/tvcg.2006.113,A5006806369,4,"[""I18014758""]",True
10.1109/tvcg.2006.192,A5023511994,1,"[""I83019370""]",True
10.1109/tvcg.2006.192,A5051025031,2,"[""I83019370""]",True
10.1109/tvcg.2006.189,A5002704927,1,"[""I4210097138"", ""I2738703131"", ""I1326498283"", ""I2802519937""]",True
10.1109/tvcg.2006.189,A5090150936,2,"[""I4210097138"", ""I1326498283"", ""I2802519937"", ""I2738703131""]",True
10.1109/tvcg.2006.189,A5063337503,3,"[""I2738703131"", ""I4210150049""]",True
10.1109/tvcg.2006.189,A5052105828,4,"[""I2738703131"", ""I4210150049""]",True
10.1109/tvcg.2006.128,A5030823954,1,"[""I1280536761""]",True
10.1109/tvcg.2006.128,A5013629437,2,"[""I1280536761""]",True
10.1109/tvcg.2006.128,A5066087528,3,"[""I1280536761""]",True
10.1109/tvcg.2006.128,A5041506287,4,"[""I1280536761"", ""I36253440""]",True
10.1109/tvcg.2006.128,A5081281752,5,"[""I36253440"", ""I1280536761""]",True
10.1109/tvcg.2006.150,A5112781199,1,"[""I219193219""]",True
10.1109/tvcg.2006.150,A5006707199,2,"[""I219193219""]",True
10.1109/tvcg.2006.150,A5109913235,3,"[""I219193219""]",True
10.1109/tvcg.2006.150,A5018584803,4,"[""I219193219""]",True
10.1109/tvcg.2006.150,A5002176646,5,"[""I219193219""]",True
10.1109/tvcg.2006.159,A5101913449,1,"[""I52357470""]",True
10.1109/tvcg.2006.159,A5065630217,2,"[""I52357470""]",True
10.1109/tvcg.2006.201,A5108227925,1,"[""I99041443""]",True
10.1109/tvcg.2006.201,A5056308697,2,"[""I3132238960""]",True
10.1109/tvcg.2006.201,A5000430651,3,"[""I3132238960"", ""I99041443""]",True
10.1109/tvcg.2006.201,A5002832419,4,"[""I3132238960"", ""I52357470""]",True
10.1109/tvcg.2006.167,A5056641267,1,"[""I74801974""]",True
10.1109/tvcg.2006.167,A5031014013,2,"[""I74801974""]",True
10.1109/tvcg.2006.167,A5101724128,3,"[""I74973139""]",True
10.1109/tvcg.2006.167,A5066309452,4,"[""I74801974""]",True
10.1109/tvcg.2006.110,A5054001020,1,"[""I62916508""]",True
10.1109/tvcg.2006.110,A5029621326,2,"[""I62916508""]",True
10.1109/vast.2006.261415,A5020097039,1,"[""I63966007"", ""I125680101""]",True
10.1109/tvcg.2006.176,A5084701162,1,"[""I592451""]",True
10.1109/tvcg.2006.176,A5054382056,2,"[""I3132238960"", ""I889458895"", ""I200769079""]",True
10.1109/tvcg.2006.176,A5030703335,3,"[""I3132238960"", ""I592451""]",True
10.1109/vast.2006.261433,A5043852046,1,"[""I102149020""]",True
10.1109/vast.2006.261433,A5100728564,2,"[""I102149020""]",True
10.1109/vast.2006.261433,A5101621126,3,"[""I102149020""]",True
10.1109/vast.2006.261433,A5110208682,4,"[""I102149020""]",True
10.1109/vast.2006.261433,A5102743927,5,"[""I184597095""]",True
10.1109/tvcg.2006.141,A5058158315,1,"[""I18014758""]",True
10.1109/tvcg.2006.141,A5060664606,2,"[""I18014758""]",True
10.1109/vast.2006.261424,A5111752646,1,"[""I107077323""]",True
10.1109/vast.2006.261424,A5057841191,2,"[""I107077323""]",True
10.1109/vast.2006.261424,A5107442042,3,"[""I107077323""]",True
10.1109/vast.2006.261424,A5008269094,4,"[""I107077323""]",True
10.1109/tvcg.2006.198,A5002516811,1,"[""I35440088"", ""I2799323385""]",True
10.1109/tvcg.2006.198,A5067631224,2,"[""I36253440""]",True
10.1109/tvcg.2006.198,A5073919282,3,"[""I189712700"", ""I36253440""]",True
10.1109/tvcg.2006.198,A5033953993,4,"[""I1283103587"", ""I36253440""]",True
10.1109/vast.2006.261437,A5113461040,1,"[""I95457486"", ""I148283060""]",True
10.1109/vast.2006.261437,A5102823484,2,"[""I4210151627"", ""I95457486"", ""I148283060""]",True
10.1109/vast.2006.261437,A5060289662,3,"[""I4210126023"", ""I95457486"", ""I148283060""]",True
10.1109/vast.2006.261437,A5074825049,4,"[""I95457486"", ""I148283060""]",True
10.1109/vast.2006.261437,A5043129695,5,"[""I95457486"", ""I148283060""]",True
10.1109/tvcg.2006.185,A5016774281,1,"[""I119003972""]",True
10.1109/tvcg.2006.185,A5038655759,2,"[""I861853513""]",True
10.1109/tvcg.2006.185,A5111966205,3,"[""I119003972""]",True
10.1109/tvcg.2006.185,A5050938227,4,"[""I119003972""]",True
10.1109/tvcg.2006.185,A5078465566,5,"[""I119003972""]",True
10.1109/tvcg.2006.154,A5045927034,1,"[""I157725225""]",True
10.1109/tvcg.2006.154,A5024606205,2,"[""I4210127875""]",True
10.1109/tvcg.2006.199,A5011941798,1,"[""I35440088"", ""I4210156583""]",True
10.1109/tvcg.2006.199,A5030439152,2,"[""I35440088"", ""I4210156583""]",True
10.1109/tvcg.2006.199,A5005978734,3,[],True
10.1109/vast.2006.261450,A5109551977,1,"[""I173498003""]",True
10.1109/vast.2006.261450,A5027548665,2,"[""I173498003""]",True
10.1109/vast.2006.261450,A5000630402,3,"[""I173498003""]",True
10.1109/vast.2006.261450,A5090570042,4,"[""I95457486""]",True
10.1109/vast.2006.261450,A5052627555,5,"[""I880747138"", ""I194629146""]",True
10.1109/tvcg.2006.114,A5103538662,1,"[""I168719708""]",True
10.1109/tvcg.2006.114,A5079905341,2,"[""I190082696""]",True
10.1109/tvcg.2006.114,A5006197413,3,"[""I190082696""]",True
10.1109/tvcg.2006.125,A5054301725,1,[],True
10.1109/tvcg.2006.125,A5111973396,2,"[""I33256026""]",True
10.1109/tvcg.2006.125,A5033880198,3,"[""I3019415892""]",True
10.1109/tvcg.2006.125,A5033394104,4,"[""I3019415892""]",True
10.1109/tvcg.2006.125,A5013569934,5,[],True
10.1109/tvcg.2006.125,A5108428297,6,"[""I153267046""]",True
10.1109/tvcg.2006.125,A5110010093,7,"[""I55732556""]",True
10.1109/vast.2006.261426,A5102152465,1,"[""I66946132"", ""I143663144""]",True
10.1109/vast.2006.261426,A5030084361,2,"[""I66946132"", ""I143663144""]",True
10.1109/vast.2006.261426,A5065644953,3,"[""I66946132""]",True
10.1109/vast.2006.261426,A5004824085,4,"[""I66946132"", ""I143663144""]",True
10.1109/tvcg.2006.197,A5016157345,1,"[""I91045830""]",True
10.1109/tvcg.2006.197,A5035201965,2,"[""I91045830""]",True
10.1109/tvcg.2006.197,A5004638951,3,"[""I91045830""]",True
10.1109/tvcg.2006.197,A5035096541,4,"[""I91045830""]",True
10.1109/tvcg.2006.183,A5059452338,1,[],True
10.1109/tvcg.2006.183,A5048743653,2,[],True
10.1109/tvcg.2006.183,A5077663928,3,"[""I179093154"", ""I161057412""]",True
10.1109/tvcg.2006.175,A5009763506,1,"[""I75027704""]",True
10.1109/tvcg.2006.175,A5041484012,2,"[""I75027704""]",True
10.1109/tvcg.2006.175,A5102306926,3,"[""I75027704""]",True
10.1109/tvcg.2006.175,A5051009099,4,"[""I1289243028""]",True
10.1109/tvcg.2006.117,A5102875460,1,"[""I219193219""]",True
10.1109/tvcg.2006.117,A5061782578,2,"[""I1290206253"", ""I219193219""]",True
10.1109/tvcg.2006.117,A5003904417,3,"[""I219193219""]",True
10.1109/tvcg.2006.117,A5003612099,4,"[""I219193219""]",True
10.1109/tvcg.2006.117,A5108510297,5,"[""I219193219""]",True
10.1109/tvcg.2006.117,A5018584803,6,"[""I219193219""]",True
10.1109/tvcg.2006.180,A5037482596,1,"[""I27804330"", ""I175594653""]",True
10.1109/tvcg.2006.180,A5030179454,2,"[""I175594653"", ""I27804330""]",True
10.1109/tvcg.2006.169,A5075206197,1,"[""I123900574""]",True
10.1109/tvcg.2006.169,A5027128729,2,"[""I36253440"", ""I27837315""]",True
10.1109/tvcg.2006.169,A5101408509,3,"[""I123900574"", ""I3132238960""]",True
10.1109/tvcg.2006.182,A5038821837,1,[],True
10.1109/tvcg.2006.182,A5055879921,2,[],True
10.1109/tvcg.2006.182,A5046293742,3,[],True
10.1109/tvcg.2006.182,A5046840747,4,[],True
10.1109/tvcg.2006.182,A5030179454,5,[],True
10.1109/tvcg.2006.177,A5039929397,1,"[""I141945490""]",True
10.1109/tvcg.2006.177,A5079916657,2,"[""I141945490""]",True
10.1109/tvcg.2006.177,A5011581508,3,"[""I15057530""]",True
10.1109/vast.2006.261434,A5034473228,1,"[""I219193219""]",True
10.1109/vast.2006.261434,A5061307853,2,"[""I219193219""]",True
10.1109/vast.2006.261434,A5010660324,3,"[""I219193219""]",True
10.1109/vast.2006.261434,A5018584803,4,"[""I219193219""]",True
10.1109/vast.2006.261434,A5055477300,5,"[""I219193219""]",True
10.1109/vast.2006.261434,A5044426577,6,"[""I219193219""]",True
10.1109/vast.2006.261434,A5023736119,7,"[""I219193219""]",True
10.1109/tvcg.2006.196,A5040165209,1,"[""I926574661""]",True
10.1109/tvcg.2006.196,A5029336209,2,"[""I926574661""]",True
10.1109/tvcg.2006.196,A5005564950,3,"[""I926574661""]",True
10.1109/tvcg.2006.196,A5011771355,4,[],True
10.1109/tvcg.2006.196,A5016104736,5,"[""I926574661""]",True
10.1109/vast.2006.261432,A5030384394,1,"[""I142606810""]",True
10.1109/vast.2006.261432,A5112867598,2,"[""I142606810""]",True
10.1109/vast.2006.261432,A5113478834,3,"[""I142606810""]",True
10.1109/vast.2006.261432,A5111539577,4,"[""I142606810""]",True
10.1109/vast.2006.261432,A5110041711,5,"[""I142606810""]",True
10.1109/vast.2006.261427,A5049093433,1,"[""I4210160939""]",True
10.1109/vast.2006.261427,A5034592842,2,"[""I4210160939""]",True
10.1109/vast.2006.261427,A5023702983,3,"[""I4210160939""]",True
10.1109/vast.2006.261427,A5032576857,4,"[""I4210160939""]",True
10.1109/vast.2006.261427,A5103205115,5,"[""I4210160939""]",True
10.1109/vast.2006.261427,A5055472986,6,"[""I4210160939""]",True
10.1109/tvcg.2006.157,A5053996253,1,"[""I66946132""]",True
10.1109/tvcg.2006.157,A5085648933,2,"[""I66946132""]",True
10.1109/tvcg.2006.135,A5068955789,1,"[""I1326498283""]",True
10.1109/tvcg.2006.135,A5036254311,2,"[""I1326498283""]",True
10.1109/tvcg.2006.135,A5073919810,3,"[""I1326498283""]",True
10.1109/tvcg.2006.135,A5074352820,4,"[""I1326498283""]",True
10.1109/vast.2006.261422,A5026558668,1,"[""I204824540""]",True
10.1109/tvcg.2006.155,A5005310068,1,"[""I114027177""]",True
10.1109/tvcg.2006.155,A5073654463,2,"[""I114027177""]",True
10.1109/tvcg.2006.155,A5062288375,3,"[""I41833579""]",True
10.1109/tvcg.2006.145,A5074352715,1,"[""I130828816""]",True
10.1109/tvcg.2006.145,A5085301885,2,"[""I52099693""]",True
10.1109/tvcg.2006.145,A5031596501,3,"[""I130828816""]",True
10.1109/tvcg.2006.145,A5018902600,4,"[""I52099693""]",True
10.1109/tvcg.2006.123,A5072700322,1,"[""I145847075""]",True
10.1109/tvcg.2006.123,A5022294742,2,"[""I145847075""]",True
10.1109/tvcg.2006.123,A5109928029,3,"[""I145847075""]",True
10.1109/vast.2006.261418,A5028125399,1,"[""I173498003""]",True
10.1109/vast.2006.261418,A5079085366,2,"[""I173498003""]",True
10.1109/vast.2006.261418,A5017634387,3,"[""I173498003""]",True
10.1109/vast.2006.261418,A5109551977,4,"[""I173498003""]",True
10.1109/tvcg.2006.195,A5110239218,1,[],True
10.1109/tvcg.2006.195,A5035230084,2,"[""I1295801184""]",True
10.1109/tvcg.2006.195,A5060853040,3,"[""I4210099593""]",True
10.1109/vast.2006.261428,A5084471891,1,"[""I4210158283"", ""I130769515""]",True
10.1109/vast.2006.261428,A5030624924,2,"[""I4210158283"", ""I130769515""]",True
10.1109/vast.2006.261428,A5052151056,3,"[""I130769515"", ""I4210158283""]",True
10.1109/vast.2006.261428,A5103457231,4,"[""I4210158283"", ""I130769515""]",True
10.1109/vast.2006.261428,A5038844202,5,"[""I4210158283"", ""I130769515""]",True
10.1109/vast.2006.261428,A5019756314,6,"[""I130769515"", ""I4210158283""]",True
10.1109/vast.2006.261452,A5081681790,1,"[""I184999862""]",True
10.1109/vast.2006.261435,A5110551419,1,"[""I146416000""]",True
10.1109/vast.2006.261435,A5015271163,2,"[""I137902535""]",True
10.1109/tvcg.2006.133,A5015376703,1,"[""I99041443""]",True
10.1109/tvcg.2006.133,A5032025029,2,"[""I3132238960"", ""I99041443""]",True
10.1109/tvcg.2006.126,A5044908366,1,"[""I189712700""]",True
10.1109/tvcg.2006.126,A5039968113,2,"[""I189712700""]",True
10.1109/tvcg.2006.126,A5036489223,3,"[""I189712700""]",True
10.1109/tvcg.2006.153,A5100454595,1,"[""I59553526""]",True
10.1109/tvcg.2006.153,A5039517392,2,"[""I59553526""]",True
10.1109/tvcg.2006.118,A5026778543,1,[],True
10.1109/tvcg.2006.118,A5060853040,2,[],True
10.1109/vast.2006.261451,A5046646390,1,"[""I52357470""]",True
10.1109/vast.2006.261451,A5100755351,2,"[""I52357470""]",True
10.1109/vast.2006.261451,A5002832419,3,"[""I52357470""]",True
10.1109/tvcg.2006.188,A5042445410,1,"[""I84218800""]",True
10.1109/tvcg.2006.188,A5108647063,2,"[""I84218800""]",True
10.1109/tvcg.2006.188,A5114031893,3,"[""I84218800""]",True
10.1109/tvcg.2006.119,A5044031615,1,"[""I2898391981""]",True
10.1109/tvcg.2006.119,A5083231405,2,"[""I165779595"", ""I2898391981""]",True
10.1109/vast.2006.261417,A5002221227,1,[],True
10.1109/vast.2006.261417,A5086900754,2,"[""I4210145387""]",True
10.1109/vast.2006.261417,A5053396841,3,"[""I130440993""]",True
10.1109/tvcg.2006.127,A5085517240,1,"[""I141945490""]",True
10.1109/tvcg.2006.127,A5079916657,2,"[""I141945490""]",True
10.1109/tvcg.2006.181,A5032025029,1,"[""I99041443""]",True
10.1109/tvcg.2006.181,A5015376703,2,"[""I4210097295""]",True
10.1109/tvcg.2006.172,A5013950108,1,[],True
10.1109/tvcg.2006.172,A5032675715,2,[],True
10.1109/tvcg.2006.172,A5033840361,3,[],True
10.1109/tvcg.2006.172,A5000951270,4,[],True
10.1109/tvcg.2006.172,A5034699298,5,"[""I4210138551""]",True
10.1109/tvcg.2006.172,A5108568278,6,[],True
10.1109/tvcg.2006.171,A5108600965,1,"[""I223532165""]",True
10.1109/tvcg.2006.171,A5020453160,2,"[""I223532165""]",True
10.1109/tvcg.2006.171,A5009460413,3,"[""I1282311441""]",True
10.1109/tvcg.2006.171,A5003584200,4,"[""I223532165""]",True
10.1109/infvis.2005.1532136,A5050022060,1,"[""I130701444""]",True
10.1109/infvis.2005.1532136,A5034670941,2,"[""I130701444""]",True
10.1109/infvis.2005.1532136,A5082668404,3,"[""I130701444""]",True
10.1109/infvis.2005.1532152,A5002833686,1,"[""I51441396""]",True
10.1109/infvis.2005.1532152,A5057720379,2,"[""I51441396""]",True
10.1109/infvis.2005.1532152,A5075539047,3,"[""I51441396""]",True
10.1109/infvis.2005.1532142,A5015516607,1,"[""I111979921""]",True
10.1109/infvis.2005.1532142,A5077148853,2,"[""I39422238""]",True
10.1109/infvis.2005.1532142,A5050853661,3,"[""I39422238""]",True
10.1109/infvis.2005.1532126,A5090570042,1,"[""I95457486""]",True
10.1109/infvis.2005.1532126,A5009029178,2,"[""I95457486""]",True
10.1109/visual.2005.1532781,A5051025031,1,"[""I83019370""]",True
10.1109/visual.2005.1532826,local:163e233c7965a5ef,1,[],False
10.1109/visual.2005.1532826,local:66703206ccf071a7,2,[],False
10.1109/visual.2005.1532826,local:1bd64f94f67c3091,3,[],False
10.1109/visual.2005.1532826,local:55307d659096b2aa,4,[],False
10.1109/visual.2005.1532826,local:69a6ec95a31d95e0,5,[],False
10.1109/visual.2005.1532826,local:6aa76ecfce39d067,6,[],False
10.1109/visual.2005.1532826,local:5e60c8adb2b8c93e,7,[],False
10.1109/visual.2005.1532826,local:85f3924c95f04bf1,8,[],False
10.1109/visual.2005.1532826,local:61cd9fe80ebe28b1,9,[],False
10.1109/visual.2005.1532826,local:e95ee181ffd325b3,10,[],False
10.1109/visual.2005.1532788,A5020453160,1,"[""I223532165""]",True
10.1109/visual.2005.1532788,A5108600965,2,"[""I223532165""]",True
10.1109/visual.2005.1532788,A5091018063,3,"[""I4210104735""]",True
10.1109/visual.2005.1532788,A5006773757,4,"[""I223532165""]",True
10.1109/visual.2005.1532788,A5035997603,5,"[""I223532165""]",True
10.1109/visual.2005.1532788,A5076924738,6,"[""I223532165""]",True
10.1109/visual.2005.1532788,A5064720873,7,"[""I223532165""]",True
10.1109/visual.2005.1532779,A5022614274,1,"[""I83019370""]",True
10.1109/visual.2005.1532779,A5086223886,2,"[""I83019370""]",True
10.1109/visual.2005.1532779,A5051025031,3,"[""I83019370""]",True
10.1109/visual.2005.1532856,A5063965880,1,"[""I145847075""]",True
10.1109/visual.2005.1532856,A5109928029,2,"[""I145847075""]",True
10.1109/visual.2005.1532833,A5005110324,1,[],True
10.1109/visual.2005.1532833,A5065630217,2,[],True
10.1109/visual.2005.1532795,A5015951381,1,"[""I84218800"", ""I1282311441""]",True
10.1109/infvis.2005.1532138,A5021363996,1,"[""I102134673"", ""I4210104972""]",True
10.1109/infvis.2005.1532138,A5087545747,2,"[""I4210104972"", ""I102134673""]",True
10.1109/infvis.2005.1532138,A5074720071,3,"[""I4210104972"", ""I102134673""]",True
10.1109/infvis.2005.1532138,A5102023823,4,"[""I102134673"", ""I4210104972""]",True
10.1109/infvis.2005.1532128,A5039968113,1,"[""I189712700""]",True
10.1109/infvis.2005.1532128,A5036489223,2,"[""I189712700""]",True
10.1109/visual.2005.1532800,A5043312264,1,"[""I137902535""]",True
10.1109/visual.2005.1532800,A5085342992,2,"[""I1282311441""]",True
10.1109/infvis.2005.1532122,A5039276358,1,"[""I4210167297""]",True
10.1109/infvis.2005.1532144,A5102848944,1,"[""I127317711""]",True
10.1109/infvis.2005.1532144,A5067032784,2,"[""I127317711""]",True
10.1109/infvis.2005.1532144,A5080740692,3,"[""I127317711""]",True
10.1109/infvis.2005.1532144,A5053100765,4,"[""I127317711""]",True
10.1109/infvis.2005.1532144,A5075797943,5,"[""I127317711""]",True
10.1109/infvis.2005.1532144,A5024942883,6,"[""I127317711""]",True
10.1109/infvis.2005.1532150,A5112004963,1,"[""I97018004""]",True
10.1109/infvis.2005.1532150,A5011629374,2,"[""I97018004""]",True
10.1109/infvis.2005.1532150,A5110639918,3,"[""I97018004""]",True
10.1109/infvis.2005.1532150,A5018111215,4,"[""I97018004""]",True
10.1109/infvis.2005.1532150,A5005685978,5,"[""I97018004""]",True
10.1109/visual.2005.1532807,A5009343095,1,"[""I223532165""]",True
10.1109/visual.2005.1532807,A5058941354,2,"[""I1299303238"", ""I1299022934""]",True
10.1109/visual.2005.1532807,A5063059765,3,"[""I223532165""]",True
10.1109/visual.2005.1532807,A5011539959,4,"[""I223532165""]",True
10.1109/visual.2005.1532807,A5089849867,5,"[""I223532165""]",True
10.1109/visual.2005.1532772,A5050789731,1,"[""I35440088""]",True
10.1109/visual.2005.1532772,A5030439152,2,"[""I35440088""]",True
10.1109/visual.2005.1532772,A5062039514,3,"[""I35440088""]",True
10.1109/visual.2005.1532772,A5011941798,4,"[""I35440088""]",True
10.1109/infvis.2005.1532139,A5023329722,1,"[""I1343190059""]",True
10.1109/infvis.2005.1532139,A5081622405,2,"[""I4210137046""]",True
10.1109/infvis.2005.1532139,A5000755776,3,"[""I1343190059""]",True
10.1109/visual.2005.1532834,A5056641267,1,"[""I74801974""]",True
10.1109/visual.2005.1532834,A5016480053,2,[],True
10.1109/visual.2005.1532834,A5067791733,3,"[""I201537933""]",True
10.1109/visual.2005.1532834,A5066309452,4,"[""I74801974""]",True
10.1109/visual.2005.1532832,A5045299635,1,"[""I1326498283"", ""I4210150884""]",True
10.1109/visual.2005.1532832,A5068097374,2,"[""I1326498283"", ""I4210150884""]",True
10.1109/visual.2005.1532832,A5043040182,3,"[""I4210150884"", ""I1326498283""]",True
10.1109/visual.2005.1532818,A5031659894,1,"[""I59553526""]",True
10.1109/visual.2005.1532818,A5100357981,2,"[""I59553526""]",True
10.1109/visual.2005.1532818,A5070670810,3,"[""I59553526""]",True
10.1109/visual.2005.1532818,A5039517392,4,"[""I59553526""]",True
10.1109/visual.2005.1532859,A5039974444,1,"[""I149899117"", ""I4210109712""]",True
10.1109/visual.2005.1532859,A5000173125,2,"[""I4210109712"", ""I149899117""]",True
10.1109/visual.2005.1532859,A5058028526,3,"[""I149899117"", ""I4210109712""]",True
10.1109/visual.2005.1532850,A5031570473,1,"[""I1343190059""]",True
10.1109/visual.2005.1532850,A5071898071,2,"[""I153267046""]",True
10.1109/visual.2005.1532850,A5029818256,3,"[""I1343190059""]",True
10.1109/visual.2005.1532850,A5090903423,4,"[""I48071105""]",True
10.1109/visual.2005.1532850,A5000755776,5,"[""I1343190059""]",True
10.1109/visual.2005.1532850,A5005530908,6,"[""I153267046""]",True
10.1109/infvis.2005.1532145,A5039276358,1,"[""I4210167297""]",True
10.1109/visual.2005.1532839,A5047677160,1,"[""I84218800""]",True
10.1109/visual.2005.1532839,A5083989376,2,"[""I84218800""]",True
10.1109/visual.2005.1532839,A5009460413,3,"[""I84218800""]",True
10.1109/visual.2005.1532839,A5019902487,4,[],True
10.1109/visual.2005.1532839,A5077191719,5,[],True
10.1109/infvis.2005.1532134,A5031117535,1,"[""I223532165""]",True
10.1109/infvis.2005.1532134,A5057265169,2,"[""I223532165""]",True
10.1109/infvis.2005.1532134,A5061693039,3,"[""I223532165""]",True
10.1109/infvis.2005.1532134,A5057693492,4,"[""I223532165""]",True
10.1109/visual.2005.1532820,A5017629509,1,"[""I84218800""]",True
10.1109/visual.2005.1532820,A5037161857,2,"[""I84218800""]",True
10.1109/visual.2005.1532836,A5017860345,1,"[""I102322142""]",True
10.1109/visual.2005.1532836,A5112795492,2,"[""I102322142""]",True
10.1109/visual.2005.1532836,A5112716743,3,"[""I102322142""]",True
10.1109/visual.2005.1532858,A5003904417,1,"[""I219193219""]",True
10.1109/visual.2005.1532858,A5010660324,2,"[""I219193219""]",True
10.1109/visual.2005.1532858,A5018584803,3,"[""I219193219""]",True
10.1109/visual.2005.1532858,A5007123290,4,"[""I86519309""]",True
10.1109/visual.2005.1532792,A5089670374,1,"[""I148283060""]",True
10.1109/visual.2005.1532792,A5054073344,2,"[""I148283060""]",True
10.1109/visual.2005.1532792,A5043129695,3,"[""I148283060""]",True
10.1109/visual.2005.1532792,A5113461040,4,"[""I148283060""]",True
10.1109/visual.2005.1532783,A5043619803,1,"[""I102322142""]",True
10.1109/visual.2005.1532783,A5112795492,2,"[""I102322142""]",True
10.1109/visual.2005.1532783,A5108471520,3,"[""I59857034""]",True
10.1109/infvis.2005.1532129,A5060314525,1,"[""I185261750""]",True
10.1109/infvis.2005.1532129,A5056211536,2,"[""I185261750""]",True
10.1109/infvis.2005.1532129,A5039024869,3,"[""I185261750""]",True
10.1109/infvis.2005.1532148,A5101997668,1,"[""I1324840837""]",True
10.1109/infvis.2005.1532148,A5045738980,2,"[""I1324840837""]",True
10.1109/infvis.2005.1532148,A5073919282,3,"[""I189712700""]",True
10.1109/infvis.2005.1532148,A5016219620,4,"[""I189712700""]",True
10.1109/visual.2005.1532851,A5039626800,1,"[""I4210109712""]",True
10.1109/visual.2005.1532851,A5075208956,2,"[""I195893171""]",True
10.1109/visual.2005.1532851,A5082234726,3,"[""I195893171""]",True
10.1109/visual.2005.1532851,A5091630951,4,"[""I195893171""]",True
10.1109/visual.2005.1532851,A5058028526,5,"[""I4210109712""]",True
10.1109/infvis.2005.1532141,A5070561741,1,[],True
10.1109/infvis.2005.1532141,A5012561411,2,"[""I168635309""]",True
10.1109/infvis.2005.1532141,A5083454802,3,[],True
10.1109/infvis.2005.1532124,A5056211536,1,"[""I185261750""]",True
10.1109/infvis.2005.1532124,A5063443025,2,"[""I185261750""]",True
10.1109/visual.2005.1532857,A5067212091,1,"[""I126744593""]",True
10.1109/visual.2005.1532857,A5009611685,2,"[""I126744593""]",True
10.1109/visual.2005.1532842,A5082234726,1,"[""I195893171""]",True
10.1109/visual.2005.1532842,A5039626800,2,"[""I4210109712""]",True
10.1109/visual.2005.1532842,A5083651238,3,"[""I4210109712"", ""I149899117""]",True
10.1109/visual.2005.1532842,A5091630951,4,"[""I195893171""]",True
10.1109/visual.2005.1532842,A5111879543,5,"[""I4210109712""]",True
10.1109/visual.2005.1532830,A5070355275,1,"[""I100066346""]",True
10.1109/visual.2005.1532830,A5001919573,2,"[""I100066346""]",True
10.1109/visual.2005.1532830,A5080839799,3,"[""I100066346""]",True
10.1109/visual.2005.1532819,A5071837282,1,"[""I154425047""]",True
10.1109/visual.2005.1532819,A5064789947,2,[],True
10.1109/visual.2005.1532790,A5111973396,1,"[""I153267046""]",True
10.1109/visual.2005.1532790,A5054301725,2,"[""I153267046""]",True
10.1109/visual.2005.1532790,A5033880198,3,"[""I3019415892""]",True
10.1109/visual.2005.1532790,A5033394104,4,"[""I3019415892""]",True
10.1109/visual.2005.1532790,A5108428297,5,"[""I153267046""]",True
10.1109/visual.2005.1532838,A5022956652,1,"[""I2948394018""]",True
10.1109/visual.2005.1532838,A5013460936,2,"[""I137902535""]",True
10.1109/visual.2005.1532785,A5073919810,1,"[""I4210121838""]",True
10.1109/visual.2005.1532785,A5036254311,2,"[""I4210121838""]",True
10.1109/visual.2005.1532785,A5051480012,3,"[""I4210121838""]",True
10.1109/visual.2005.1532773,A5102737743,1,"[""I926574661""]",True
10.1109/visual.2005.1532773,A5029336209,2,"[""I926574661""]",True
10.1109/infvis.2005.1532151,A5088281102,1,"[""I859038795""]",True
10.1109/infvis.2005.1532151,A5050792352,2,"[""I859038795""]",True
10.1109/infvis.2005.1532151,A5039074661,3,"[""I859038795""]",True
10.1109/visual.2005.1532853,A5009516408,1,"[""I100066346""]",True
10.1109/visual.2005.1532853,A5073619125,2,"[""I100066346"", ""I18014758""]",True
10.1109/visual.2005.1532853,A5038629539,3,"[""I100066346""]",True
10.1109/visual.2005.1532841,A5102988664,1,"[""I185103710""]",True
10.1109/visual.2005.1532841,A5071106803,2,"[""I2802966293""]",True
10.1109/visual.2005.1532841,A5016076717,3,"[""I185103710""]",True
10.1109/visual.2005.1532803,A5000099153,1,"[""I4210109712""]",True
10.1109/visual.2005.1532803,A5090930477,2,"[""I4210109712""]",True
10.1109/visual.2005.1532803,A5043635119,3,"[""I4210109712""]",True
10.1109/visual.2005.1532803,A5030703335,4,"[""I592451""]",True
10.1109/visual.2005.1532778,A5055204153,1,"[""I98358874""]",True
10.1109/visual.2005.1532778,A5110467360,2,"[""I98358874""]",True
10.1109/visual.2005.1532778,A5070054672,3,"[""I2802928900""]",True
10.1109/visual.2005.1532778,A5029613832,4,"[""I2802928900"", ""I98358874""]",True
10.1109/visual.2005.1532778,A5023711681,5,"[""I98358874""]",True
10.1109/infvis.2005.1532143,A5084471891,1,"[""I135310074""]",True
10.1109/visual.2005.1532777,A5037488031,1,"[""I181369854""]",True
10.1109/visual.2005.1532777,A5054509473,2,"[""I181369854""]",True
10.1109/visual.2005.1532777,A5064747056,3,"[""I181369854""]",True
10.1109/visual.2005.1532777,A5031309490,4,"[""I181369854""]",True
10.1109/visual.2005.1532777,A5090717297,5,"[""I181369854""]",True
10.1109/visual.2005.1532777,A5053580386,6,"[""I181369854""]",True
10.1109/visual.2005.1532780,A5046771643,1,"[""I62916508""]",True
10.1109/visual.2005.1532780,A5008892267,2,"[""I62916508""]",True
10.1109/visual.2005.1532780,A5029621326,3,"[""I62916508""]",True
10.1109/infvis.2005.1532125,A5003380141,1,"[""I83019370""]",True
10.1109/infvis.2005.1532125,A5046935702,2,"[""I83019370""]",True
10.1109/infvis.2005.1532125,A5059201602,3,"[""I83019370""]",True
10.1109/infvis.2005.1532125,A5110206816,4,"[""I83019370""]",True
10.1109/visual.2005.1532812,A5038943746,1,"[""I130238516""]",True
10.1109/visual.2005.1532812,A5076001214,2,"[""I130238516""]",True
10.1109/visual.2005.1532812,A5063784301,3,"[""I130238516""]",True
10.1109/visual.2005.1532812,A5044897470,4,"[""I130238516""]",True
10.1109/visual.2005.1532797,A5049441601,1,"[""I122991210""]",True
10.1109/visual.2005.1532797,A5081597480,2,"[""I122991210""]",True
10.1109/visual.2005.1532797,A5009229122,3,"[""I2800759272""]",True
10.1109/visual.2005.1532797,A5064723143,4,"[""I2800759272"", ""I122991210""]",True
10.1109/visual.2005.1532797,A5077297626,5,"[""I4210104311"", ""I122991210""]",True
10.1109/visual.2005.1532797,A5013546425,6,"[""I4210104311"", ""I122991210""]",True
10.1109/visual.2005.1532817,A5018178386,1,"[""I102322142""]",True
10.1109/visual.2005.1532817,A5048503528,2,"[""I102322142""]",True
10.1109/visual.2005.1532810,A5058051881,1,"[""I3131446353""]",True
10.1109/visual.2005.1532789,A5089782077,1,"[""I219193219""]",True
10.1109/visual.2005.1532789,A5090414723,2,"[""I219193219""]",True
10.1109/infvis.2005.1532130,A5008149778,1,"[""I11662577""]",True
10.1109/infvis.2005.1532130,A5113974966,2,"[""I1283103587""]",True
10.1109/visual.2005.1532852,A5073619125,1,"[""I100066346"", ""I18014758""]",True
10.1109/visual.2005.1532852,A5024107841,2,"[""I100066346""]",True
10.1109/visual.2005.1532852,A5085616869,3,"[""I103163165""]",True
10.1109/visual.2005.1532852,A5038629539,4,"[""I100066346""]",True
10.1109/visual.2005.1532846,A5062738795,1,"[""I130238516""]",True
10.1109/visual.2005.1532846,A5058894015,2,"[""I130238516""]",True
10.1109/visual.2005.1532846,A5027037970,3,"[""I130238516""]",True
10.1109/visual.2005.1532846,A5062063748,4,"[""I130238516""]",True
10.1109/visual.2005.1532837,A5047827833,1,[],True
10.1109/visual.2005.1532837,A5086472608,2,"[""I18014758""]",True
10.1109/visual.2005.1532837,A5083083039,3,"[""I18014758""]",True
10.1109/visual.2005.1532837,A5019130668,4,"[""I47508984""]",True
10.1109/visual.2005.1532837,A5085036036,5,"[""I47508984""]",True
10.1109/visual.2005.1532806,A5101659527,1,"[""I1299022934"", ""I1299303238""]",True
10.1109/visual.2005.1532806,A5088612835,2,"[""I1299303238"", ""I1299022934""]",True
10.1109/visual.2005.1532806,A5004916248,3,"[""I1299303238""]",True
10.1109/visual.2005.1532806,A5016047550,4,"[""I1299303238"", ""I1299022934""]",True
10.1109/infvis.2005.1532133,A5011933741,1,"[""I142606810""]",True
10.1109/infvis.2005.1532133,A5069793576,2,"[""I142606810""]",True
10.1109/infvis.2005.1532133,A5065522093,3,"[""I142606810""]",True
10.1109/infvis.2005.1532133,A5084779835,4,"[""I142606810""]",True
10.1109/visual.2005.1532840,A5015512418,1,"[""I59553526""]",True
10.1109/visual.2005.1532840,A5100711793,2,"[""I59553526""]",True
10.1109/visual.2005.1532840,A5100607707,3,"[""I59553526""]",True
10.1109/visual.2005.1532840,A5091408797,4,"[""I59553526""]",True
10.1109/visual.2005.1532831,A5075030851,1,"[""I185103710""]",True
10.1109/visual.2005.1532831,A5009853527,2,"[""I1280536761""]",True
10.1109/visual.2005.1532831,A5007268824,3,"[""I185103710""]",True
10.1109/visual.2005.1532782,A5048743653,1,[],True
10.1109/visual.2005.1532782,A5059452338,2,[],True
10.1109/visual.2005.1532782,A5077663928,3,"[""I161057412"", ""I179093154""]",True
10.1109/visual.2005.1532770,A5044904222,1,"[""I185103710""]",True
10.1109/visual.2005.1532770,A5016076717,2,"[""I185103710""]",True
10.1109/infvis.2005.1532137,A5071234214,1,"[""I123387679""]",True
10.1109/infvis.2005.1532137,A5065727903,2,"[""I4210141702""]",True
10.1109/infvis.2005.1532137,A5056963592,3,"[""I123387679""]",True
10.1109/visual.2005.1532855,A5078618116,1,"[""I4210133934"", ""I8087733""]",True
10.1109/visual.2005.1532855,A5037765669,2,"[""I4210133934"", ""I8087733""]",True
10.1109/visual.2005.1532855,A5050744810,3,"[""I8087733""]",True
10.1109/visual.2005.1532823,A5051425334,1,"[""I102134673""]",True
10.1109/visual.2005.1532823,A5073317592,2,"[""I72816309""]",True
10.1109/visual.2005.1532823,A5037678012,3,"[""I102134673""]",True
10.1109/visual.2005.1532811,A5112781199,1,"[""I219193219""]",True
10.1109/visual.2005.1532811,A5018584803,2,"[""I219193219""]",True
10.1109/visual.2005.1532811,A5090860305,3,"[""I18014758""]",True
10.1109/visual.2005.1532811,A5025926953,4,"[""I219193219""]",True
10.1109/visual.2005.1532811,A5002176646,5,"[""I219193219""]",True
10.1109/visual.2005.1532809,A5026988709,1,"[""I145311948""]",True
10.1109/visual.2005.1532809,A5043781543,2,"[""I145311948""]",True
10.1109/visual.2005.1532809,A5052147846,3,"[""I145311948""]",True
10.1109/visual.2005.1532804,A5030703335,1,"[""I592451""]",True
10.1109/visual.2005.1532804,A5042848593,2,"[""I592451""]",True
10.1109/visual.2005.1532798,A5061969149,1,"[""I143288331"", ""I176453806""]",True
10.1109/visual.2005.1532798,A5081246092,2,"[""I143288331"", ""I176453806""]",True
10.1109/visual.2005.1532796,A5052352851,1,"[""I223532165""]",True
10.1109/visual.2005.1532796,A5014697729,2,"[""I130442723""]",True
10.1109/visual.2005.1532796,A5077206384,3,"[""I223532165""]",True
10.1109/visual.2005.1532796,A5027006702,4,"[""I223532165""]",True
10.1109/visual.2005.1532787,A5110243598,1,"[""I1294671590"", ""I177483745"", ""I1326498283""]",True
10.1109/visual.2005.1532787,A5074769385,2,"[""I177483745"", ""I1294671590"", ""I1326498283""]",True
10.1109/infvis.2005.1532149,A5005835706,1,"[""I126744593""]",True
10.1109/infvis.2005.1532149,A5075203791,2,"[""I126744593""]",True
10.1109/infvis.2005.1532149,A5027045308,3,"[""I126744593""]",True
10.1109/infvis.2005.1532147,A5084244911,1,"[""I72816309""]",True
10.1109/infvis.2005.1532147,A5075164471,2,"[""I72816309""]",True
10.1109/infvis.2005.1532147,A5082282639,3,"[""I72816309""]",True
10.1109/infvis.2005.1532147,A5005447951,4,"[""I72816309""]",True
10.1109/infvis.2005.1532147,A5082287400,5,"[""I72816309""]",True
10.1109/infvis.2005.1532147,A5045015032,6,"[""I72816309""]",True
10.1109/infvis.2005.1532147,A5018100309,7,"[""I72816309""]",True
10.1109/visual.2005.1532847,A5067409391,1,"[""I145847075""]",True
10.1109/visual.2005.1532847,A5041333766,2,[],True
10.1109/visual.2005.1532847,A5086223886,3,"[""I83019370""]",True
10.1109/visual.2005.1532847,A5042541430,4,"[""I2801238018"", ""I145872427""]",True
10.1109/visual.2005.1532847,A5017798547,5,"[""I145872427"", ""I2801238018""]",True
10.1109/visual.2005.1532847,A5023318848,6,"[""I4210122849""]",True
10.1109/visual.2005.1532847,A5110321988,7,"[""I145847075""]",True
10.1109/visual.2005.1532835,A5111410481,1,"[""I137902535""]",True
10.1109/visual.2005.1532835,A5109967838,2,"[""I137902535""]",True
10.1109/visual.2005.1532828,A5008969033,1,"[""I36522303""]",True
10.1109/visual.2005.1532828,A5033204089,2,"[""I36522303""]",True
10.1109/visual.2005.1532828,A5072391184,3,[],True
10.1109/visual.2005.1532828,A5079421746,4,"[""I36522303""]",True
10.1109/visual.2005.1532828,A5036918540,5,"[""I36522303""]",True
10.1109/visual.2005.1532821,A5000695313,1,"[""I1343190059""]",True
10.1109/visual.2005.1532821,A5007628057,2,[],True
10.1109/visual.2005.1532821,A5000172836,3,[],True
10.1109/visual.2005.1532821,A5034785989,4,[],True
10.1109/visual.2005.1532821,A5056069234,5,"[""I859038795""]",True
10.1109/visual.2005.1532799,A5046927775,1,"[""I100066346""]",True
10.1109/visual.2005.1532799,A5080474398,2,"[""I100066346""]",True
10.1109/visual.2005.1532799,A5070355275,3,"[""I100066346""]",True
10.1109/visual.2005.1532799,A5080839799,4,"[""I100066346""]",True
10.1109/visual.2005.1532786,A5089292730,1,"[""I93085520""]",True
10.1109/visual.2005.1532786,A5103616614,2,"[""I118564535""]",True
10.1109/visual.2005.1532786,A5068088058,3,"[""I202697423""]",True
10.1109/visual.2005.1532844,A5081432563,1,"[""I165733156""]",True
10.1109/visual.2005.1532844,A5021139063,2,"[""I201448701""]",True
10.1109/visual.2005.1532844,A5075733920,3,"[""I165102784""]",True
10.1109/visual.2005.1532843,A5040153657,1,"[""I83019370""]",True
10.1109/visual.2005.1532843,A5084882214,2,"[""I83019370""]",True
10.1109/visual.2005.1532815,A5081796122,1,"[""I1282311441""]",True
10.1109/visual.2005.1532815,A5108600965,2,"[""I223532165""]",True
10.1109/visual.2005.1532815,A5019023365,3,"[""I1282311441""]",True
10.1109/visual.2005.1532801,A5000147776,1,"[""I202697423""]",True
10.1109/visual.2005.1532776,A5030139366,1,"[""I74786994""]",True
10.1109/visual.2005.1532776,A5080137012,2,"[""I74786994""]",True
10.1109/visual.2005.1532776,A5007431711,3,"[""I74786994""]",True
10.1109/visual.2005.1532776,A5000430651,4,"[""I4210156517""]",True
10.1109/visual.2005.1532776,A5090559121,5,[],True
10.1109/infvis.2005.1532140,A5021338280,1,"[""I145311948""]",True
10.1109/infvis.2005.1532140,A5009611685,2,"[""I126744593""]",True
10.1109/infvis.2005.1532132,A5045274655,1,"[""I46247651""]",True
10.1109/infvis.2005.1532132,A5111926316,2,"[""I46247651""]",True
10.1109/infvis.2005.1532132,A5067436265,3,"[""I46247651""]",True
10.1109/infvis.2005.1532127,A5085517240,1,"[""I141945490""]",True
10.1109/infvis.2005.1532127,A5074356338,2,"[""I141945490""]",True
10.1109/infvis.2005.1532127,A5012753546,3,"[""I51441396""]",True
10.1109/visual.2005.1532854,A5015271163,1,"[""I219193219""]",True
10.1109/visual.2005.1532854,A5019527013,2,"[""I219193219""]",True
10.1109/visual.2005.1532827,A5076939820,1,"[""I180980256""]",True
10.1109/visual.2005.1532827,A5017540283,2,"[""I4210159266""]",True
10.1109/visual.2005.1532825,A5018659197,1,"[""I84218800""]",True
10.1109/visual.2005.1532825,A5059975572,2,"[""I84218800""]",True
10.1109/visual.2005.1532825,A5028354772,3,"[""I84218800""]",True
10.1109/visual.2005.1532813,A5058722948,1,"[""I35440088""]",True
10.1109/visual.2005.1532813,A5062039514,2,"[""I35440088""]",True
10.1109/visual.2005.1532813,A5030439152,3,"[""I35440088""]",True
10.1109/visual.2005.1532813,A5013387781,4,"[""I-1""]",True
10.1109/visual.2005.1532813,A5033076979,5,"[""I35440088""]",True
10.1109/visual.2005.1532802,A5068955789,1,"[""I4210133369""]",True
10.1109/visual.2005.1532802,A5074352820,2,"[""I1326498283""]",True
10.1109/visual.2005.1532802,A5001619806,3,"[""I4210133369""]",True
10.1109/visual.2005.1532794,A5102306926,1,"[""I1289243028""]",True
10.1109/visual.2005.1532794,A5041484012,2,"[""I75027704""]",True
10.1109/visual.2005.1532794,A5102776250,3,"[""I75027704""]",True
10.1109/visual.2005.1532794,A5077554409,4,"[""I75027704""]",True
10.1109/visual.2005.1532794,A5107858068,5,[],True
10.1109/visual.2005.1532784,A5036028449,1,"[""I155093810""]",True
10.1109/visual.2005.1532784,A5040441308,2,"[""I155093810""]",True
10.1109/visual.2005.1532774,A5013860502,1,"[""I185103710""]",True
10.1109/visual.2005.1532774,A5071052343,2,[],True
10.1109/visual.2005.1532774,A5016076717,3,"[""I185103710""]",True
10.1109/visual.2005.1532771,A5044715706,1,"[""I4210104735""]",True
10.1109/visual.2005.1532771,A5044019424,2,"[""I4210104735""]",True
10.1109/infvis.2005.1532135,A5003377833,1,"[""I189712700""]",True
10.1109/infvis.2005.1532135,A5056347240,2,"[""I189712700""]",True
10.1109/infvis.2005.1532135,A5072366651,3,"[""I189712700""]",True
10.1109/infvis.2005.1532131,A5030384394,1,"[""I142606810""]",True
10.1109/infvis.2005.1532131,A5111539577,2,"[""I142606810""]",True
10.1109/infvis.2005.1532131,A5022302719,3,"[""I142606810""]",True
10.1109/infvis.2005.1532131,A5034670941,4,"[""I130701444""]",True
10.1109/infvis.2005.1532131,A5113478834,5,"[""I142606810""]",True
10.1109/infvis.2005.1532131,A5085748011,6,"[""I142606810""]",True
10.1109/visual.2005.1532848,A5024349334,1,"[""I926574661""]",True
10.1109/visual.2005.1532848,A5029336209,2,[],True
10.1109/visual.2005.1532845,A5032806988,1,"[""I18014758"", ""I100066346""]",True
10.1109/visual.2005.1532845,A5082930100,2,"[""I8087733""]",True
10.1109/visual.2005.1532845,A5021736279,3,"[""I100066346""]",True
10.1109/visual.2005.1532845,A5054476528,4,"[""I100066346""]",True
10.1109/visual.2005.1532845,A5073072534,5,"[""I8087733""]",True
10.1109/visual.2005.1532845,A5035925808,6,"[""I8087733""]",True
10.1109/visual.2005.1532845,A5031195074,7,"[""I8087733""]",True
10.1109/visual.2005.1532845,A5081850948,8,"[""I8087733""]",True
10.1109/visual.2005.1532845,A5064044080,9,"[""I8087733""]",True
10.1109/visual.2005.1532845,A5028028246,10,"[""I8087733""]",True
10.1109/visual.2005.1532845,A5090633067,11,"[""I8087733""]",True
10.1109/visual.2005.1532845,A5041957391,12,"[""I8087733""]",True
10.1109/visual.2005.1532845,A5080342876,13,"[""I8087733""]",True
10.1109/visual.2005.1532845,A5069796262,14,"[""I100066346""]",True
10.1109/visual.2005.1532845,A5008232797,15,"[""I4210089608""]",True
10.1109/visual.2005.1532845,A5032454429,16,"[""I8087733""]",True
10.1109/visual.2005.1532845,A5050232533,17,"[""I8087733""]",True
10.1109/visual.2005.1532824,A5101515385,1,"[""I59553526""]",True
10.1109/visual.2005.1532824,A5025932358,2,"[""I130442723""]",True
10.1109/visual.2005.1532824,A5071098748,3,"[""I59553526""]",True
10.1109/visual.2005.1532822,A5111476242,1,"[""I165932596""]",True
10.1109/visual.2005.1532822,A5102949974,2,"[""I165932596""]",True
10.1109/visual.2005.1532805,A5061442851,1,"[""I181369854""]",True
10.1109/visual.2005.1532805,A5031309490,2,"[""I181369854""]",True
10.1109/visual.2005.1532805,A5008618551,3,"[""I181369854""]",True
10.1109/visual.2005.1532805,A5056165486,4,"[""I181369854""]",True
10.1109/visual.2005.1532793,A5041587599,1,"[""I195893171""]",True
10.1109/visual.2005.1532793,A5072140184,2,"[""I195893171""]",True
10.1109/visual.2005.1532793,A5002472395,3,"[""I121820613""]",True
10.1109/visual.2005.1532793,A5023967912,4,"[""I195893171""]",True
10.1109/visual.2005.1532791,A5077448787,1,"[""I4210135837"", ""I157725225""]",True
10.1109/visual.2005.1532791,A5088222500,2,"[""I4210135837"", ""I157725225""]",True
10.1109/visual.2005.1532791,A5014124844,3,"[""I157725225"", ""I4210135837""]",True
10.1109/visual.2005.1532791,A5089058921,4,"[""I157725225"", ""I4210135837""]",True
10.1109/visual.2005.1532791,A5068628473,5,"[""I4210135837"", ""I157725225""]",True
10.1109/infvis.2005.1532146,A5119246991,1,"[""I1341412227""]",True
10.1109/infvis.2005.1532146,A5054523299,2,"[""I1341412227""]",True
10.1109/infvis.2005.1532146,A5025416155,3,"[""I1341412227""]",True
10.1109/infvis.2005.1532123,A5054942062,1,"[""I145847075""]",True
10.1109/infvis.2005.1532123,A5109928029,2,"[""I145847075""]",True
10.1109/visual.2005.1532849,A5035404506,1,"[""I153512688""]",True
10.1109/visual.2005.1532849,A5056368954,2,"[""I153512688""]",True
10.1109/visual.2005.1532829,A5062758812,1,"[""I114027177"", ""I137902535""]",True
10.1109/visual.2005.1532829,A5075163834,2,"[""I114027177"", ""I137902535""]",True
10.1109/visual.2005.1532829,A5027987466,3,"[""I114027177"", ""I137902535""]",True
10.1109/visual.2005.1532829,A5044948170,4,"[""I137902535"", ""I114027177""]",True
10.1109/visual.2005.1532829,A5088325807,5,"[""I114027177"", ""I137902535""]",True
10.1109/visual.2005.1532829,A5066042572,6,"[""I114027177"", ""I137902535""]",True
10.1109/visual.2005.1532829,A5011950091,7,"[""I137902535"", ""I114027177""]",True
10.1109/visual.2005.1532829,A5062534271,8,"[""I114027177""]",True
10.1109/visual.2005.1532829,A5075186536,9,"[""I114027177"", ""I137902535""]",True
10.1109/visual.2005.1532816,A5039638884,1,"[""I177802217""]",True
10.1109/visual.2005.1532816,A5083522280,2,"[""I177802217""]",True
10.1109/visual.2005.1532816,A5069124257,3,"[""I4210109712"", ""I177802217""]",True
10.1109/visual.2005.1532816,A5081959207,4,"[""I4210109712"", ""I149899117""]",True
10.1109/visual.2005.1532816,A5109312690,5,[],True
10.1109/visual.2005.1532816,A5025425554,6,[],True
10.1109/visual.2005.1532816,A5075259746,7,"[""I149899117"", ""I4210109712""]",True
10.1109/infvis.2004.1,A5025754478,1,[],True
10.1109/infvis.2004.1,A5060725233,2,"[""I102197404"", ""I1326498283"", ""I4210144804""]",True
10.1109/infvis.2004.1,A5109253083,3,"[""I70768539""]",True
10.1109/infvis.2004.64,A5060725233,1,"[""I1326498283"", ""I102197404"", ""I4210144804""]",True
10.1109/infvis.2004.15,A5019479187,1,"[""I107077323""]",True
10.1109/infvis.2004.15,A5102773082,2,"[""I107077323""]",True
10.1109/infvis.2004.15,A5008269094,3,"[""I107077323""]",True
10.1109/infvis.2004.12,A5084471891,1,"[""I135310074""]",True
10.1109/infvis.2004.59,A5047827833,1,"[""I18014758""]",True
10.1109/infvis.2004.59,A5060664606,2,"[""I18014758""]",True
10.1109/visual.2004.96,A5020952435,1,"[""I141945490""]",True
10.1109/visual.2004.96,A5074061303,2,"[""I114027177""]",True
10.1109/visual.2004.96,A5052748246,3,"[""I141945490""]",True
10.1109/infvis.2004.43,A5076532363,1,"[""I83019370""]",True
10.1109/infvis.2004.43,A5051025031,2,"[""I83019370""]",True
10.1109/visual.2004.48,A5022294742,1,"[""I145847075""]",True
10.1109/visual.2004.48,A5062703856,2,"[""I145847075""]",True
10.1109/visual.2004.48,A5109928029,3,"[""I145847075""]",True
10.1109/infvis.2004.68,A5054621440,1,"[""I17974374""]",True
10.1109/infvis.2004.68,A5042377165,2,"[""I17974374""]",True
10.1109/infvis.2004.68,A5029374376,3,"[""I33434090""]",True
10.1109/infvis.2004.10,A5050022060,1,"[""I130701444""]",True
10.1109/infvis.2004.10,A5082668404,2,"[""I130701444""]",True
10.1109/infvis.2004.27,A5025799993,1,[],True
10.1109/infvis.2004.27,A5055472986,2,[],True
10.1109/visual.2004.120,A5097511412,1,"[""I51556381""]",True
10.1109/visual.2004.120,A5007913345,2,"[""I51556381""]",True
10.1109/visual.2004.120,A5045835385,3,"[""I4210164937""]",True
10.1109/infvis.2004.60,A5044271949,1,"[""I141945490""]",True
10.1109/infvis.2004.60,A5079916657,2,"[""I141945490""]",True
10.1109/infvis.2004.18,A5080555595,1,"[""I174306211""]",True
10.1109/infvis.2004.18,A5109259472,2,"[""I174306211""]",True
10.1109/visual.2004.28,A5110010093,1,"[""I55732556""]",True
10.1109/infvis.2004.70,A5016567178,1,"[""I204250578""]",True
10.1109/visual.2004.75,A5100675221,1,"[""I59553526""]",True
10.1109/visual.2004.75,A5100740828,2,[],True
10.1109/visual.2004.75,A5108688291,3,"[""I136199984""]",True
10.1109/visual.2004.75,A5100607707,4,"[""I59553526""]",True
10.1109/visual.2004.107,A5071898071,1,"[""I153267046""]",True
10.1109/visual.2004.107,A5000413604,2,"[""I223532165""]",True
10.1109/visual.2004.107,A5029336209,3,"[""I926574661""]",True
10.1109/infvis.2004.5,A5080887618,1,"[""I859038795""]",True
10.1109/infvis.2004.5,A5037675411,2,"[""I859038795""]",True
10.1109/infvis.2004.5,A5003876945,3,"[""I859038795""]",True
10.1109/visual.2004.7,A5084369189,1,"[""I123431417""]",True
10.1109/visual.2004.7,A5010562544,2,"[""I123431417""]",True
10.1109/visual.2004.7,A5085086912,3,"[""I123431417""]",True
10.1109/visual.2004.7,A5040337866,4,"[""I123431417""]",True
10.1109/visual.2004.7,A5058956938,5,"[""I123431417""]",True
10.1109/visual.2004.50,A5066884090,1,"[""I97018004""]",True
10.1109/visual.2004.50,A5014747010,2,"[""I97018004""]",True
10.1109/visual.2004.50,A5108804931,3,"[""I97018004""]",True
10.1109/visual.2004.101,A5100643523,1,"[""I59553526"", ""I1327163397""]",True
10.1109/visual.2004.101,A5111217403,2,"[""I1327163397"", ""I59553526""]",True
10.1109/visual.2004.101,A5091408797,3,"[""I1327163397"", ""I59553526""]",True
10.1109/visual.2004.59,A5031570473,1,"[""I1343190059""]",True
10.1109/visual.2004.59,A5068697849,2,"[""I100066346""]",True
10.1109/visual.2004.59,A5030066648,3,[],True
10.1109/visual.2004.59,A5000755776,4,"[""I1343190059""]",True
10.1109/visual.2004.112,A5062288739,1,"[""I130828816""]",True
10.1109/visual.2004.112,A5098373176,2,"[""I124261462""]",True
10.1109/visual.2004.112,A5109193118,3,"[""I1286704778""]",True
10.1109/visual.2004.112,A5109223725,4,"[""I124261462""]",True
10.1109/visual.2004.112,A5032501372,5,"[""I86122600""]",True
10.1109/visual.2004.112,A5020547967,6,"[""I130828816""]",True
10.1109/visual.2004.64,A5039256169,1,"[""I84218800""]",True
10.1109/visual.2004.64,A5037161857,2,"[""I84218800""]",True
10.1109/visual.2004.105,A5102988664,1,"[""I185103710""]",True
10.1109/visual.2004.105,A5016076717,2,"[""I185103710""]",True
10.1109/infvis.2004.46,A5085053856,1,"[""I102322142"", ""I2799411422""]",True
10.1109/infvis.2004.46,A5076532363,2,"[""I83019370""]",True
10.1109/infvis.2004.2,A5000594918,1,"[""I-1""]",True
10.1109/infvis.2004.2,A5003606398,2,"[""I4665924""]",True
10.1109/infvis.2004.2,A5039180428,3,"[""I4665924""]",True
10.1109/infvis.2004.65,A5087960974,1,"[""I129604602""]",True
10.1109/visual.2004.80,A5040236693,1,"[""I84218800""]",True
10.1109/visual.2004.80,A5101529436,2,"[""I84218800""]",True
10.1109/visual.2004.80,A5108428297,3,"[""I153267046""]",True
10.1109/visual.2004.80,A5077191719,4,"[""I84218800""]",True
10.1109/visual.2004.80,A5055273892,5,"[""I84218800""]",True
10.1109/visual.2004.80,A5071052343,6,"[""I84218800""]",True
10.1109/infvis.2004.57,A5089885105,1,"[""I150569930""]",True
10.1109/infvis.2004.57,A5073919282,2,"[""I189712700""]",True
10.1109/infvis.2004.57,A5002516811,3,"[""I189712700""]",True
10.1109/infvis.2004.57,A5067631224,4,"[""I189712700""]",True
10.1109/visual.2004.86,A5078173428,1,"[""I114027177""]",True
10.1109/visual.2004.86,A5016072766,2,"[""I114027177""]",True
10.1109/visual.2004.86,A5059599640,3,"[""I114027177""]",True
10.1109/visual.2004.86,A5004194238,4,"[""I114027177""]",True
10.1109/visual.2004.113,A5000413604,1,"[""I223532165""]",True
10.1109/visual.2004.113,A5071898071,2,"[""I153267046""]",True
10.1109/visual.2004.113,A5045224825,3,"[""I223532165""]",True
10.1109/visual.2004.113,A5054301725,4,"[""I153267046""]",True
10.1109/visual.2004.113,A5039027489,5,"[""I926574661""]",True
10.1109/visual.2004.113,A5109932888,6,[],True
10.1109/visual.2004.113,A5065645994,7,"[""I223532165""]",True
10.1109/visual.2004.65,A5058158315,1,"[""I18014758""]",True
10.1109/visual.2004.65,A5067973188,2,"[""I18014758""]",True
10.1109/visual.2004.65,A5060664606,3,"[""I18014758""]",True
10.1109/visual.2004.37,A5071183334,1,"[""I114027177""]",True
10.1109/visual.2004.37,A5056530126,2,"[""I114027177""]",True
10.1109/visual.2004.37,A5113149232,3,"[""I114027177""]",True
10.1109/visual.2004.37,A5102878981,4,"[""I114027177""]",True
10.1109/visual.2004.99,A5039626800,1,"[""I4210109712"", ""I149899117""]",True
10.1109/visual.2004.99,A5082234726,2,"[""I195893171""]",True
10.1109/visual.2004.99,A5091630951,3,"[""I195893171""]",True
10.1109/visual.2004.99,A5105697746,4,"[""I149899117"", ""I4210109712""]",True
10.1109/visual.2004.88,A5047006398,1,"[""I2800451603""]",True
10.1109/visual.2004.88,A5041837234,2,[],True
10.1109/visual.2004.47,A5058618544,1,"[""I122411786""]",True
10.1109/visual.2004.47,A5005861585,2,"[""I63966007"", ""I4210142372""]",True
10.1109/visual.2004.47,A5051948556,3,"[""I122411786""]",True
10.1109/visual.2004.68,A5069999967,1,"[""I170897317""]",True
10.1109/visual.2004.68,A5046061686,2,"[""I170897317""]",True
10.1109/visual.2004.68,A5083989376,3,"[""I170897317""]",True
10.1109/visual.2004.68,A5009460413,4,"[""I1282311441""]",True
10.1109/visual.2004.62,A5075567046,1,"[""I66946132""]",True
10.1109/visual.2004.62,A5066527489,2,"[""I66946132""]",True
10.1109/visual.2004.62,A5086440196,3,"[""I66946132""]",True
10.1109/visual.2004.95,A5012255877,1,"[""I1343871089""]",True
10.1109/visual.2004.95,A5043405378,2,"[""I1343871089""]",True
10.1109/visual.2004.95,A5000687536,3,"[""I1343871089""]",True
10.1109/visual.2004.95,A5065645994,4,"[""I223532165""]",True
10.1109/visual.2004.95,A5111556221,5,"[""I223532165""]",True
10.1109/visual.2004.104,A5072259452,1,"[""I138211613""]",True
10.1109/visual.2004.104,A5003490445,2,"[""I74788687""]",True
10.1109/visual.2004.104,A5026801564,3,"[""I145847075""]",True
10.1109/visual.2004.104,A5047134476,4,"[""I76134821""]",True
10.1109/visual.2004.104,A5045105070,5,"[""I138211613""]",True
10.1109/visual.2004.104,A5110321988,6,"[""I145847075""]",True
10.1109/visual.2004.104,A5008914452,7,"[""I97018004"", ""I4210137306""]",True
10.1109/visual.2004.85,A5018503965,1,"[""I219193219""]",True
10.1109/visual.2004.85,A5112781199,2,"[""I219193219""]",True
10.1109/visual.2004.85,A5018584803,3,"[""I219193219""]",True
10.1109/infvis.2004.52,A5031027560,1,"[""I130238516""]",True
10.1109/infvis.2004.52,A5010714340,2,"[""I130238516""]",True
10.1109/visual.2004.103,A5030896164,1,"[""I86519309""]",True
10.1109/visual.2004.103,A5031984771,2,"[""I86519309""]",True
10.1109/visual.2004.103,A5015603155,3,"[""I86519309""]",True
10.1109/visual.2004.103,A5097749307,4,"[""I86519309""]",True
10.1109/visual.2004.55,A5030823954,1,"[""I4210090737"", ""I1280536761""]",True
10.1109/visual.2004.55,A5013629437,2,"[""I4210090737"", ""I1280536761""]",True
10.1109/visual.2004.55,A5041506287,3,"[""I1280536761""]",True
10.1109/visual.2004.25,A5012288548,1,"[""I223532165""]",True
10.1109/visual.2004.25,A5048780291,2,"[""I223532165""]",True
10.1109/visual.2004.25,A5083523340,3,"[""I223532165""]",True
10.1109/visual.2004.18,A5000099153,1,"[""I4210109712"", ""I149899117""]",True
10.1109/visual.2004.18,A5045224825,2,"[""I223532165""]",True
10.1109/visual.2004.18,A5065645994,3,"[""I223532165""]",True
10.1109/visual.2004.18,A5110429168,4,"[""I169521973""]",True
10.1109/infvis.2004.19,A5006866152,1,"[""I4210088621""]",True
10.1109/infvis.2004.19,A5031166875,2,"[""I4210088621""]",True
10.1109/infvis.2004.19,A5012164072,3,"[""I4210088621""]",True
10.1109/infvis.2004.19,A5072207781,4,"[""I4092182""]",True
10.1109/infvis.2004.19,A5033474694,5,"[""I4210088621""]",True
10.1109/infvis.2004.8,A5059594867,1,"[""I4210142372""]",True
10.1109/infvis.2004.8,A5029812935,2,"[""I4210142372""]",True
10.1109/infvis.2004.8,A5088769444,3,"[""I4210142372""]",True
10.1109/infvis.2004.8,A5022982409,4,"[""I4210142372""]",True
10.1109/infvis.2004.71,A5100459985,1,"[""I107077323""]",True
10.1109/infvis.2004.71,A5088697168,2,"[""I107077323""]",True
10.1109/infvis.2004.71,A5044070229,3,"[""I107077323""]",True
10.1109/infvis.2004.71,A5017965188,4,"[""I107077323""]",True
10.1109/infvis.2004.71,A5102773082,5,"[""I107077323""]",True
10.1109/infvis.2004.71,A5008269094,6,"[""I107077323""]",True
10.1109/visual.2004.27,A5100331327,1,"[""I59553526"", ""I1327163397""]",True
10.1109/visual.2004.27,A5003934314,2,"[""I1327163397"", ""I59553526""]",True
10.1109/visual.2004.27,A5039517392,3,"[""I59553526"", ""I1327163397""]",True
10.1109/visual.2004.128,A5011941798,1,"[""I35440088""]",True
10.1109/visual.2004.128,A5030439152,2,"[""I35440088""]",True
10.1109/visual.2004.128,A5086735275,3,"[""I859038795""]",True
10.1109/visual.2004.52,A5031117535,1,"[""I223532165""]",True
10.1109/visual.2004.52,A5000413604,2,"[""I223532165""]",True
10.1109/visual.2004.5,A5012919545,1,"[""I4210120900"", ""I2801935854""]",True
10.1109/visual.2004.5,A5110308970,2,"[""I84218800""]",True
10.1109/visual.2004.32,A5028074195,1,"[""I135140700""]",True
10.1109/visual.2004.32,A5102789360,2,"[""I180437899""]",True
10.1109/visual.2004.32,A5063603168,3,"[""I62318514""]",True
10.1109/visual.2004.32,A5079350674,4,"[""I135140700""]",True
10.1109/visual.2004.32,A5024074640,5,"[""I83019370""]",True
10.1109/infvis.2004.66,A5014773555,1,"[""I1283103587""]",True
10.1109/infvis.2004.66,A5113974966,2,"[""I1283103587""]",True
10.1109/infvis.2004.66,A5033953993,3,"[""I1283103587""]",True
10.1109/visual.2004.51,A5109700467,1,"[""I195893171""]",True
10.1109/visual.2004.51,A5068397167,2,"[""I195893171""]",True
10.1109/visual.2004.51,A5060939423,3,"[""I195893171""]",True
10.1109/visual.2004.51,A5091630951,4,"[""I195893171""]",True
10.1109/visual.2004.23,A5046646390,1,"[""I52357470""]",True
10.1109/visual.2004.23,A5036242744,2,"[""I52357470""]",True
10.1109/visual.2004.23,A5002832419,3,"[""I52357470""]",True
10.1109/visual.2004.23,A5100755351,4,"[""I52357470""]",True
10.1109/visual.2004.23,A5011513930,5,"[""I52357470""]",True
10.1109/visual.2004.98,A5055548595,1,"[""I1343190059""]",True
10.1109/visual.2004.98,A5025312015,2,"[""I76134821""]",True
10.1109/visual.2004.98,A5039489003,3,"[""I76134821""]",True
10.1109/visual.2004.98,A5080438656,4,"[""I1343190059""]",True
10.1109/visual.2004.98,A5083994967,5,"[""I76134821"", ""I1343190059""]",True
10.1109/visual.2004.98,A5085507158,6,"[""I1343190059""]",True
10.1109/visual.2004.87,A5110010093,1,"[""I55732556""]",True
10.1109/visual.2004.4,A5085283552,1,"[""I84218800""]",True
10.1109/visual.2004.4,A5109345368,2,"[""I1282311441""]",True
10.1109/visual.2004.4,A5114031893,3,"[""I84218800""]",True
10.1109/visual.2004.30,A5000102893,1,"[""I97018004""]",True
10.1109/visual.2004.30,A5029463759,2,"[""I97018004""]",True
10.1109/visual.2004.30,A5054301814,3,"[""I97018004""]",True
10.1109/visual.2004.30,A5049315614,4,"[""I97018004""]",True
10.1109/visual.2004.30,A5074011246,5,"[""I97018004""]",True
10.1109/visual.2004.73,A5073619125,1,"[""I100066346""]",True
10.1109/infvis.2004.3,A5012388103,1,"[""I66946132""]",True
10.1109/infvis.2004.3,A5052623072,2,"[""I66946132""]",True
10.1109/visual.2004.70,A5107914650,1,"[""I59553526"", ""I1327163397""]",True
10.1109/visual.2004.70,A5070670810,2,"[""I59553526"", ""I1327163397""]",True
10.1109/visual.2004.70,A5101940168,3,"[""I200870766""]",True
10.1109/visual.2004.3,A5042990540,1,"[""I100066346""]",True
10.1109/visual.2004.3,A5038629539,2,"[""I100066346""]",True
10.1109/visual.2004.91,A5105806010,1,"[""I63966007""]",True
10.1109/visual.2004.91,A5056647443,2,"[""I63966007""]",True
10.1109/visual.2004.56,A5073217289,1,"[""I145847075""]",True
10.1109/visual.2004.56,A5086223886,2,"[""I83019370""]",True
10.1109/visual.2004.56,A5109928029,3,"[""I145847075""]",True
10.1109/visual.2004.38,A5102762247,1,"[""I76130692""]",True
10.1109/visual.2004.38,A5103725392,2,"[""I74973139""]",True
10.1109/visual.2004.38,A5014079156,3,[],True
10.1109/visual.2004.38,A5043151044,4,[],True
10.1109/visual.2004.34,A5076085101,1,"[""I102322142""]",True
10.1109/visual.2004.34,A5081082727,2,"[""I102322142""]",True
10.1109/visual.2004.34,A5112795492,3,"[""I102322142""]",True
10.1109/visual.2004.34,A5013890093,4,"[""I102322142""]",True
10.1109/visual.2004.34,A5018921434,5,"[""I102322142""]",True
10.1109/visual.2004.15,A5030139366,1,"[""I74786994""]",True
10.1109/visual.2004.15,A5079289629,2,"[""I74786994""]",True
10.1109/visual.2004.15,A5007431711,3,"[""I74786994""]",True
10.1109/infvis.2004.21,A5091282740,1,"[""I185261750""]",True
10.1109/infvis.2004.21,A5089341123,2,"[""I4210113654""]",True
10.1109/infvis.2004.21,A5079287966,3,"[""I185261750""]",True
10.1109/visual.2004.63,A5024608725,1,"[""I59553526""]",True
10.1109/visual.2004.63,A5107868159,2,"[""I59553526""]",True
10.1109/infvis.2004.47,A5037140526,1,"[""I104914703""]",True
10.1109/infvis.2004.47,A5008100854,2,"[""I4210101743"", ""I1294671590""]",True
10.1109/infvis.2004.47,A5070966718,3,"[""I1294671590"", ""I4210101743""]",True
10.1109/visual.2004.90,A5042739321,1,"[""I52357470""]",True
10.1109/visual.2004.90,A5109625534,2,"[""I52357470""]",True
10.1109/visual.2004.90,A5006952014,3,"[""I52357470""]",True
10.1109/visual.2004.72,A5026801564,1,"[""I145847075""]",True
10.1109/visual.2004.72,A5072259452,2,"[""I138211613""]",True
10.1109/visual.2004.72,A5047134476,3,"[""I129774422""]",True
10.1109/visual.2004.72,A5045105070,4,"[""I138211613""]",True
10.1109/visual.2004.72,A5110321988,5,"[""I145847075""]",True
10.1109/visual.2004.72,A5008914452,6,"[""I97018004"", ""I4210137306""]",True
10.1109/visual.2004.46,A5029660064,1,"[""I114027177"", ""I137902535""]",True
10.1109/visual.2004.46,A5024027818,2,"[""I137902535"", ""I114027177""]",True
10.1109/visual.2004.46,A5108851816,3,"[""I137902535"", ""I114027177""]",True
10.1109/visual.2004.46,A5111410481,4,"[""I137902535"", ""I114027177""]",True
10.1109/visual.2004.46,A5004431926,5,"[""I114027177"", ""I137902535""]",True
10.1109/visual.2004.46,A5001856150,6,"[""I114027177"", ""I137902535""]",True
10.1109/visual.2004.46,A5012557712,7,"[""I137902535"", ""I114027177""]",True
10.1109/visual.2004.36,A5111476242,1,"[""I165932596""]",True
10.1109/visual.2004.36,A5102949974,2,"[""I165932596""]",True
10.1109/visual.2004.29,A5090435854,1,[],True
10.1109/visual.2004.29,A5049166417,2,"[""I2800451603""]",True
10.1109/visual.2004.29,A5041704511,3,"[""I2800451603""]",True
10.1109/visual.2004.29,A5061319610,4,"[""I2800451603""]",True
10.1109/visual.2004.29,A5089933973,5,"[""I2800451603""]",True
10.1109/visual.2004.13,A5056115552,1,"[""I130769515""]",True
10.1109/visual.2004.13,A5060588353,2,"[""I130769515""]",True
10.1109/visual.2004.102,A5034723250,1,"[""I102134673""]",True
10.1109/visual.2004.102,A5048296805,2,"[""I122411786""]",True
10.1109/visual.2004.35,A5031659894,1,"[""I59553526""]",True
10.1109/visual.2004.35,A5086446492,2,"[""I59553526""]",True
10.1109/visual.2004.24,A5067150602,1,"[""I59553526""]",True
10.1109/visual.2004.24,A5102759669,2,"[""I59553526""]",True
10.1109/visual.2004.24,A5081073195,3,"[""I59553526""]",True
10.1109/visual.2004.24,A5069204507,4,"[""I59553526""]",True
10.1109/visual.2004.24,A5029293755,5,"[""I59553526""]",True
10.1109/visual.2004.24,A5101515386,6,"[""I59553526""]",True
10.1109/visual.2004.24,A5088132685,7,"[""I59553526""]",True
10.1109/visual.2004.24,A5039517392,8,"[""I59553526""]",True
10.1109/visual.2004.24,A5070670810,9,"[""I59553526""]",True
10.1109/visual.2004.122,A5108794610,1,"[""I84218800"", ""I2803209242""]",True
10.1109/visual.2004.122,A5110308970,2,"[""I84218800""]",True
10.1109/visual.2004.122,A5104092128,3,"[""I84218800""]",True
10.1109/visual.2004.122,A5108110335,4,"[""I2799567181""]",True
10.1109/visual.2004.122,A5078217605,5,"[""I2799567181""]",True
10.1109/visual.2004.106,A5101702273,1,"[""I97018004""]",True
10.1109/visual.2004.106,A5017215443,2,"[""I1343180700"", ""I4210158342""]",True
10.1109/visual.2004.106,A5101555623,3,"[""I4210134512""]",True
10.1109/visual.2004.106,A5110998886,4,"[""I97018004""]",True
10.1109/infvis.2004.49,A5003147292,1,"[""I138006243""]",True
10.1109/infvis.2004.49,A5075564747,2,"[""I138006243""]",True
10.1109/infvis.2004.25,A5077270817,1,"[""I83019370""]",True
10.1109/infvis.2004.25,A5024074640,2,"[""I83019370""]",True
10.1109/infvis.2004.25,A5029305643,3,"[""I83019370""]",True
10.1109/visual.2004.82,A5021634649,1,"[""I142606810""]",True
10.1109/visual.2004.82,A5033627353,2,"[""I142606810""]",True
10.1109/visual.2004.82,A5002421200,3,"[""I142606810""]",True
10.1109/visual.2004.82,A5020443342,4,"[""I142606810""]",True
10.1109/visual.2004.81,A5045927034,1,"[""I157725225"", ""I183874917""]",True
10.1109/visual.2004.81,A5024606205,2,"[""I183874917"", ""I157725225""]",True
10.1109/visual.2004.81,A5091537826,3,"[""I157725225""]",True
10.1109/visual.2004.58,A5035221985,1,"[""I100066346""]",True
10.1109/visual.2004.58,A5001647607,2,"[""I100066346""]",True
10.1109/visual.2004.58,A5038629539,3,"[""I100066346""]",True
10.1109/visual.2004.115,A5091018063,1,"[""I4210104735""]",True
10.1109/visual.2004.115,A5028531367,2,"[""I4210104735""]",True
10.1109/visual.2004.115,A5007498387,3,"[""I4210104735""]",True
10.1109/visual.2004.115,A5084869623,4,"[""I1343871089""]",True
10.1109/visual.2004.110,A5102306926,1,"[""I1289243028""]",True
10.1109/visual.2004.110,A5065630217,2,[],True
10.1109/visual.2004.110,A5041484012,3,"[""I75027704""]",True
10.1109/visual.2004.110,A5107858068,4,"[""I1289243028""]",True
10.1109/visual.2004.69,A5035404506,1,"[""I153512688""]",True
10.1109/visual.2004.69,A5078691743,2,"[""I153512688""]",True
10.1109/visual.2004.69,A5039676788,3,"[""I153512688""]",True
10.1109/visual.2004.127,A5111973396,1,"[""I153267046""]",True
10.1109/visual.2004.121,A5069607494,1,"[""I4210164736""]",True
10.1109/visual.2004.121,A5004363700,2,"[""I45438204""]",True
10.1109/visual.2004.121,A5111699781,3,"[""I4210164736""]",True
10.1109/visual.2004.94,A5107848298,1,"[""I52357470""]",True
10.1109/visual.2004.94,A5002832419,2,"[""I52357470""]",True
10.1109/visual.2004.94,A5035785066,3,"[""I99041443""]",True
10.1109/visual.2003.1250384,A5087449583,1,"[""I62916508""]",True
10.1109/visual.2003.1250384,A5029621326,2,"[""I62916508""]",True
10.1109/visual.2003.1250414,A5045224825,1,"[""I223532165""]",True
10.1109/visual.2003.1250414,A5109840277,2,"[""I223532165""]",True
10.1109/visual.2003.1250414,A5059125158,3,"[""I223532165""]",True
10.1109/visual.2003.1250414,A5060664606,4,"[""I18014758""]",True
10.1109/visual.2003.1250400,A5056211536,1,"[""I185261750""]",True
10.1109/visual.2003.1250400,A5025089950,2,"[""I185261750""]",True
10.1109/visual.2003.1250400,A5063443025,3,"[""I185261750""]",True
10.1109/infvis.2003.1249011,A5011581508,1,"[""I4210160189"", ""I4210142254"", ""I15057530""]",True
10.1109/infvis.2003.1249011,A5037140526,2,"[""I104914703""]",True
10.1109/infvis.2003.1249011,A5008100854,3,"[""I4210101743""]",True
10.1109/infvis.2003.1249011,A5070966718,4,"[""I4210101743""]",True
10.1109/visual.2003.1250376,A5039626800,1,"[""I4210109712"", ""I149899117""]",True
10.1109/visual.2003.1250376,A5082234726,2,"[""I195893171""]",True
10.1109/visual.2003.1250376,A5091630951,3,"[""I195893171""]",True
10.1109/visual.2003.1250376,A5105697746,4,"[""I4210109712"", ""I149899117""]",True
10.1109/visual.2003.1250386,A5008754293,1,"[""I1343190059""]",True
10.1109/visual.2003.1250386,A5073690794,2,"[""I1343190059""]",True
10.1109/visual.2003.1250386,A5000755776,3,"[""I1343190059""]",True
10.1109/visual.2003.1250401,A5046484658,1,"[""I97429440""]",True
10.1109/visual.2003.1250401,A5100337209,2,"[""I97429440""]",True
10.1109/infvis.2003.1249008,A5090732180,1,"[""I168635309""]",True
10.1109/infvis.2003.1249008,A5012561411,2,"[""I168635309""]",True
10.1109/infvis.2003.1249008,A5103114181,3,"[""I168635309""]",True
10.1109/visual.2003.1250390,A5000079053,1,"[""I100066346""]",True
10.1109/visual.2003.1250390,A5018503965,2,"[""I100066346""]",True
10.1109/visual.2003.1250390,A5040132381,3,"[""I100066346""]",True
10.1109/visual.2003.1250390,A5038629539,4,"[""I100066346""]",True
10.1109/visual.2003.1250385,A5030066648,1,"[""I62916508""]",True
10.1109/visual.2003.1250385,A5029621326,2,"[""I62916508""]",True
10.1109/visual.2003.1250364,A5031570473,1,"[""I1343190059""]",True
10.1109/visual.2003.1250364,A5091867930,2,"[""I144889574""]",True
10.1109/visual.2003.1250364,A5000755776,3,"[""I1343190059""]",True
10.1109/visual.2003.1250363,A5051025031,1,"[""I83019370""]",True
10.1109/visual.2003.1250358,A5062039514,1,"[""I35440088""]",True
10.1109/visual.2003.1250358,A5030439152,2,"[""I35440088""]",True
10.1109/visual.2003.1250358,A5033076979,3,"[""I35440088""]",True
10.1109/visual.2003.1250366,A5049441601,1,"[""I122991210""]",True
10.1109/visual.2003.1250366,A5081597480,2,"[""I122991210""]",True
10.1109/visual.2003.1250366,A5009229122,3,"[""I2800759272""]",True
10.1109/visual.2003.1250366,A5064723143,4,"[""I2800759272""]",True
10.1109/visual.2003.1250366,A5077297626,5,"[""I122991210""]",True
10.1109/visual.2003.1250366,A5013546425,6,"[""I122991210""]",True
10.1109/visual.2003.1250408,A5043312264,1,"[""I114027177""]",True
10.1109/visual.2003.1250408,A5085342992,2,"[""I1282311441""]",True
10.1109/visual.2003.1250408,A5000173125,3,"[""I8087733""]",True
10.1109/visual.2003.1250408,A5074061303,4,"[""I114027177""]",True
10.1109/visual.2003.1250402,A5069974313,1,"[""I52357470""]",True
10.1109/visual.2003.1250402,A5101913449,2,"[""I52357470""]",True
10.1109/visual.2003.1250402,A5065630217,3,"[""I52357470""]",True
10.1109/visual.2003.1250392,A5000102893,1,"[""I97018004""]",True
10.1109/visual.2003.1250392,A5077973472,2,"[""I97018004""]",True
10.1109/visual.2003.1250392,A5029864677,3,"[""I97018004""]",True
10.1109/visual.2003.1250392,A5045835385,4,"[""I1290206253""]",True
10.1109/visual.2003.1250392,A5045900083,5,"[""I97018004""]",True
10.1109/visual.2003.1250392,A5018111215,6,"[""I97018004""]",True
10.1109/visual.2003.1250369,A5029463759,1,"[""I97018004""]",True
10.1109/visual.2003.1250369,A5088912607,2,"[""I97018004""]",True
10.1109/visual.2003.1250369,A5056555647,3,"[""I97018004""]",True
10.1109/visual.2003.1250412,A5009343095,1,"[""I223532165""]",True
10.1109/visual.2003.1250412,A5028841214,2,"[""I223532165""]",True
10.1109/visual.2003.1250412,A5020652905,3,"[""I223532165""]",True
10.1109/visual.2003.1250412,A5087647732,4,"[""I223532165""]",True
10.1109/visual.2003.1250412,A5065645994,5,"[""I223532165""]",True
10.1109/visual.2003.1250412,A5060920196,6,"[""I223532165""]",True
10.1109/visual.2003.1250357,A5087647732,1,"[""I223532165""]",True
10.1109/visual.2003.1250357,A5009343095,2,"[""I223532165""]",True
10.1109/visual.2003.1250357,A5065645994,3,"[""I223532165""]",True
10.1109/visual.2003.1250357,A5109840277,4,"[""I223532165""]",True
10.1109/visual.2003.1250413,A5017629509,1,"[""I84218800""]",True
10.1109/visual.2003.1250413,A5039256169,2,"[""I2803209242"", ""I84218800""]",True
10.1109/visual.2003.1250413,A5037161857,3,"[""I84218800""]",True
10.1109/infvis.2003.1249028,A5072370411,1,"[""I1341412227""]",True
10.1109/infvis.2003.1249010,A5018100309,1,"[""I72816309""]",True
10.1109/infvis.2003.1249010,A5032861992,2,"[""I4210131712""]",True
10.1109/infvis.2003.1249031,A5038872222,1,"[""I4210099977""]",True
10.1109/infvis.2003.1249031,A5006374657,2,"[""I4210099977""]",True
10.1109/infvis.2003.1249031,A5054762743,3,"[""I4210136895""]",True
10.1109/infvis.2003.1249009,A5032025029,1,"[""I99041443""]",True
10.1109/infvis.2003.1249009,A5109229937,2,"[""I84218800""]",True
10.1109/visual.2003.1250372,A5059711728,1,"[""I153267046""]",True
10.1109/visual.2003.1250372,A5029336209,2,"[""I153267046""]",True
10.1109/infvis.2003.1249017,A5113974966,1,"[""I53964585""]",True
10.1109/infvis.2003.1249017,A5025997249,2,"[""I53964585""]",True
10.1109/visual.2003.1250394,A5114182549,1,"[""I204722609""]",True
10.1109/visual.2003.1250362,A5112130372,1,"[""I130238516""]",True
10.1109/visual.2003.1250362,A5086764360,2,"[""I130238516""]",True
10.1109/visual.2003.1250362,A5068628707,3,"[""I130238516""]",True
10.1109/visual.2003.1250362,A5032508993,4,"[""I130238516""]",True
10.1109/visual.2003.1250362,A5040013655,5,"[""I130238516""]",True
10.1109/infvis.2003.1249006,A5019756314,1,"[""I130769515""]",True
10.1109/infvis.2003.1249006,A5043708533,2,"[""I130769515""]",True
10.1109/infvis.2003.1249006,A5113668181,3,"[""I130769515""]",True
10.1109/infvis.2003.1249006,A5003854328,4,"[""I130769515""]",True
10.1109/infvis.2003.1249006,A5067163020,5,"[""I130769515"", ""I82783531""]",True
10.1109/visual.2003.1250361,A5073619125,1,"[""I100066346""]",True
10.1109/visual.2003.1250361,A5075780861,2,"[""I103163165""]",True
10.1109/visual.2003.1250361,A5038629539,3,"[""I100066346""]",True
10.1109/infvis.2003.1249004,A5051025031,1,"[""I83019370""]",True
10.1109/infvis.2003.1249004,A5006553379,2,"[""I83019370""]",True
10.1109/visual.2003.1250410,A5084754494,1,"[""I141945490""]",True
10.1109/visual.2003.1250410,A5073712698,2,"[""I141945490""]",True
10.1109/visual.2003.1250381,A5020652905,1,"[""I223532165""]",True
10.1109/visual.2003.1250381,A5084895364,2,"[""I223532165""]",True
10.1109/visual.2003.1250381,A5065645994,3,"[""I223532165""]",True
10.1109/visual.2003.1250381,A5112103083,4,"[""I223532165""]",True
10.1109/visual.2003.1250353,A5062703856,1,"[""I145847075""]",True
10.1109/visual.2003.1250353,A5080438656,2,[],True
10.1109/visual.2003.1250353,A5008914452,3,"[""I97018004""]",True
10.1109/visual.2003.1250353,A5109928029,4,"[""I145847075""]",True
10.1109/infvis.2003.1249030,A5076532363,1,"[""I83019370""]",True
10.1109/infvis.2003.1249025,A5034277315,1,"[""I66862912""]",True
10.1109/infvis.2003.1249025,A5003177344,2,"[""I66862912""]",True
10.1109/visual.2003.1250425,A5004770347,1,"[""I122411786""]",True
10.1109/visual.2003.1250425,A5029476039,2,"[""I122411786""]",True
10.1109/visual.2003.1250370,A5037765669,1,"[""I4210133934"", ""I8087733""]",True
10.1109/visual.2003.1250370,A5065022341,2,"[""I197323543""]",True
10.1109/visual.2003.1250370,A5112573944,3,"[""I8087733"", ""I4210133934""]",True
10.1109/visual.2003.1250370,A5015858944,4,"[""I197323543""]",True
10.1109/visual.2003.1250370,A5044180020,5,"[""I4210133934"", ""I8087733""]",True
10.1109/visual.2003.1250370,A5001240653,6,"[""I197323543""]",True
10.1109/visual.2003.1250370,A5064807273,7,"[""I197323543""]",True
10.1109/visual.2003.1250370,A5021850789,8,"[""I197323543""]",True
10.1109/visual.2003.1250370,A5109163772,9,[],True
10.1109/visual.2003.1250365,A5019902487,1,"[""I84218800"", ""I1282311441""]",True
10.1109/visual.2003.1250365,A5069999967,2,"[""I170897317""]",True
10.1109/visual.2003.1250365,A5077191719,3,"[""I84218800""]",True
10.1109/visual.2003.1250365,A5009460413,4,"[""I1282311441""]",True
10.1109/visual.2003.1250388,A5100318366,1,"[""I59553526""]",True
10.1109/visual.2003.1250388,A5070670810,2,"[""I59553526""]",True
10.1109/visual.2003.1250388,A5039517392,3,"[""I59553526""]",True
10.1109/visual.2003.1250377,A5024074640,1,"[""I83019370""]",True
10.1109/visual.2003.1250377,A5051025031,2,"[""I83019370""]",True
10.1109/visual.2003.1250396,A5047827833,1,"[""I18014758""]",True
10.1109/visual.2003.1250404,A5062554035,1,"[""I100066346""]",True
10.1109/visual.2003.1250404,A5038629539,2,"[""I100066346""]",True
10.1109/visual.2003.1250379,A5044904222,1,"[""I185103710""]",True
10.1109/visual.2003.1250379,A5016076717,2,"[""I185103710""]",True
10.1109/visual.2003.1250359,A5100643523,1,"[""I59553526""]",True
10.1109/visual.2003.1250359,A5101515385,2,"[""I59553526""]",True
10.1109/visual.2003.1250359,A5102022483,3,"[""I59553526""]",True
10.1109/visual.2003.1250359,A5091408797,4,"[""I59553526""]",True
10.1109/visual.2003.1250359,A5039517392,5,"[""I59553526""]",True
10.1109/visual.2003.1250406,A5058051881,1,"[""I4210161853""]",True
10.1109/visual.2003.1250406,A5071523897,2,"[""I4210161853""]",True
10.1109/visual.2003.1250360,A5031222275,1,"[""I114027177""]",True
10.1109/visual.2003.1250360,A5017504840,2,"[""I1283103587""]",True
10.1109/visual.2003.1250360,A5100387388,3,"[""I114027177""]",True
10.1109/visual.2003.1250360,A5004194238,4,"[""I114027177""]",True
10.1109/infvis.2003.1249018,A5041321734,1,"[""I81020160""]",True
10.1109/infvis.2003.1249018,A5021770726,2,"[""I133738476""]",True
10.1109/infvis.2003.1249018,A5036516049,3,"[""I133738476""]",True
10.1109/infvis.2003.1249015,A5032694211,1,"[""I107077323""]",True
10.1109/infvis.2003.1249015,A5019479187,2,"[""I107077323""]",True
10.1109/infvis.2003.1249015,A5102773082,3,"[""I107077323""]",True
10.1109/infvis.2003.1249015,A5008269094,4,"[""I107077323""]",True
10.1109/visual.2003.1250356,A5111760033,1,"[""I130701444""]",True
10.1109/visual.2003.1250356,A5070145952,2,"[""I130701444""]",True
10.1109/visual.2003.1250418,A5112862357,1,"[""I2803209242""]",True
10.1109/visual.2003.1250418,A5037161857,2,"[""I2803209242""]",True
10.1109/visual.2003.1250418,A5012255877,3,"[""I1343871089""]",True
10.1109/visual.2003.1250418,A5085126765,4,"[""I1343871089""]",True
10.1109/visual.2003.1250395,A5003908398,1,"[""I136199984""]",True
10.1109/visual.2003.1250395,A5113115069,2,"[""I136199984""]",True
10.1109/visual.2003.1250383,A5038199169,1,"[""I219193219""]",True
10.1109/visual.2003.1250383,A5018584803,2,"[""I219193219""]",True
10.1109/visual.2003.1250383,A5065645994,3,"[""I223532165""]",True
10.1109/visual.2003.1250383,A5077256212,4,"[""I223532165""]",True
10.1109/visual.2003.1250415,A5109181732,1,"[""I84218800""]",True
10.1109/visual.2003.1250415,A5037161857,2,"[""I84218800""]",True
10.1109/visual.2003.1250415,A5088633029,3,"[""I84218800""]",True
10.1109/visual.2003.1250374,A5091827588,1,"[""I52357470""]",True
10.1109/visual.2003.1250374,A5111688622,2,"[""I52357470""]",True
10.1109/visual.2003.1250374,A5021101532,3,"[""I52357470""]",True
10.1109/infvis.2003.1249027,A5079825775,1,"[""I130701444""]",True
10.1109/infvis.2003.1249027,A5007170803,2,"[""I130701444""]",True
10.1109/infvis.2003.1249027,A5057272815,3,"[""I130701444""]",True
10.1109/infvis.2003.1249027,A5082668404,4,"[""I130701444""]",True
10.1109/visual.2003.1250407,A5088977284,1,"[""I122991210""]",True
10.1109/visual.2003.1250407,A5049441601,2,"[""I122991210""]",True
10.1109/visual.2003.1250407,A5013546425,3,"[""I122991210""]",True
10.1109/visual.2003.1250387,A5022294742,1,"[""I145847075""]",True
10.1109/visual.2003.1250387,A5062703856,2,"[""I145847075""]",True
10.1109/visual.2003.1250387,A5109928029,3,"[""I145847075""]",True
10.1109/visual.2003.1250380,A5108376919,1,"[""I1295339012""]",True
10.1109/visual.2003.1250380,A5008318051,2,"[""I1295339012""]",True
10.1109/visual.2003.1250354,A5112628805,1,"[""I103163165""]",True
10.1109/visual.2003.1250354,A5110921557,2,"[""I16835326""]",True
10.1109/infvis.2003.1249026,A5004344524,1,"[""I4210142097""]",True
10.1109/infvis.2003.1249026,A5086454426,2,"[""I4210142097""]",True
10.1109/visual.2003.1250389,A5108797534,1,"[""I84218800""]",True
10.1109/visual.2003.1250389,A5030334093,2,"[""I84218800"", ""I-1""]",True
10.1109/visual.2003.1250389,A5005530908,3,"[""I84218800"", ""I153267046""]",True
10.1109/visual.2003.1250389,A5077191719,4,"[""I84218800""]",True
10.1109/visual.2003.1250389,A5114031893,5,"[""I84218800""]",True
10.1109/visual.2003.1250378,A5011539959,1,"[""I52357470""]",True
10.1109/visual.2003.1250378,A5005110324,2,"[""I52357470""]",True
10.1109/visual.2003.1250378,A5065630217,3,"[""I52357470""]",True
10.1109/infvis.2003.1249019,A5008880046,1,"[""I74973139""]",True
10.1109/infvis.2003.1249019,A5086047097,2,"[""I74973139""]",True
10.1109/infvis.2003.1249019,A5107836252,3,"[""I4210156583"", ""I74973139""]",True
10.1109/infvis.2003.1249019,A5024680936,4,"[""I4210156583"", ""I74973139""]",True
10.1109/infvis.2003.1249016,A5016509863,1,"[""I107077323""]",True
10.1109/infvis.2003.1249016,A5008269094,2,"[""I107077323""]",True
10.1109/infvis.2003.1249016,A5005689123,3,"[""I107077323""]",True
10.1109/infvis.2003.1249016,A5102773082,4,"[""I107077323""]",True
10.1109/infvis.2003.1249014,A5030384394,1,[],True
10.1109/infvis.2003.1249014,A5113478834,2,[],True
10.1109/infvis.2003.1249014,A5068342498,3,[],True
10.1109/infvis.2003.1249014,A5007208627,4,[],True
10.1109/infvis.2003.1249014,A5085748011,5,[],True
10.1109/visual.2003.1250351,A5110798952,1,"[""I5124864""]",True
10.1109/visual.2003.1250351,A5114203898,2,"[""I5124864""]",True
10.1109/visual.2003.1250351,A5000145300,3,"[""I5124864""]",True
10.1109/infvis.2003.1249023,A5103082414,1,"[""I251738""]",True
10.1109/infvis.2003.1249023,A5076694922,2,"[""I251738""]",True
10.1109/visual.2003.1250423,A5026838436,1,"[""I84218800""]",True
10.1109/visual.2003.1250423,A5019023365,2,"[""I84218800"", ""I148283060""]",True
10.1109/visual.2003.1250423,A5077191719,3,"[""I84218800"", ""I148283060""]",True
10.1109/visual.2003.1250423,A5009354743,4,"[""I148283060""]",True
10.1109/visual.2003.1250423,A5055279742,5,"[""I148283060""]",True
10.1109/visual.2003.1250397,A5073468085,1,"[""I98358874"", ""I4210131230""]",True
10.1109/visual.2003.1250397,A5050715942,2,"[""I98358874""]",True
10.1109/visual.2003.1250397,A5023711681,3,"[""I98358874""]",True
10.1109/visual.2003.1250397,A5111420760,4,"[""I4210131230""]",True
10.1109/visual.2003.1250397,A5029613832,5,"[""I98358874"", ""I2802928900""]",True
10.1109/visual.2003.1250391,A5102306926,1,[],True
10.1109/visual.2003.1250391,A5041484012,2,"[""I75027704""]",True
10.1109/visual.2003.1250391,A5065630217,3,[],True
10.1109/visual.2003.1250391,A5107858068,4,"[""I1289243028""]",True
10.1109/visual.2003.1250371,A5022467818,1,"[""I138898306""]",True
10.1109/visual.2003.1250416,A5091393556,1,"[""I4210114115""]",True
10.1109/visual.2003.1250416,A5006399107,2,[],True
10.1109/visual.2003.1250368,A5078173428,1,"[""I114027177""]",True
10.1109/visual.2003.1250368,A5016072766,2,"[""I114027177""]",True
10.1109/visual.2003.1250368,A5004194238,3,"[""I114027177""]",True
10.1109/infvis.2003.1249012,A5038561492,1,"[""I7882870""]",True
10.1109/infvis.2003.1249012,A5089129937,2,"[""I7882870""]",True
10.1109/infvis.2003.1249005,A5039276358,1,"[""I1341412227""]",True
10.1109/infvis.2003.1249005,A5010157704,2,"[""I204250578""]",True
10.1109/visual.2003.1250411,A5030208731,1,[],True
10.1109/visual.2003.1250411,A5006058406,2,[],True
10.1109/visual.2003.1250411,A5051278816,3,[],True
10.1109/visual.2003.1250399,A5081959207,1,"[""I149899117"", ""I4210109712""]",True
10.1109/visual.2003.1250399,A5069124257,2,"[""I149899117"", ""I4210109712"", ""I177802217""]",True
10.1109/visual.2003.1250399,A5025425554,3,"[""I177802217""]",True
10.1109/visual.2003.1250399,A5058028526,4,"[""I4210109712"", ""I149899117""]",True
10.1109/visual.2003.1250375,A5070100758,1,[],True
10.1109/visual.2003.1250373,A5005110324,1,"[""I52357470""]",True
10.1109/visual.2003.1250373,A5065630217,2,"[""I52357470""]",True
10.1109/infvis.2003.1249029,A5078505477,1,"[""I170897317""]",True
10.1109/infvis.2003.1249029,A5113455173,2,"[""I170897317"", ""I59028336""]",True
10.1109/infvis.2003.1249029,A5027277768,3,"[""I4210153043"", ""I4210126298""]",True
10.1109/visual.2003.1250417,A5034785989,1,"[""I1343190059""]",True
10.1109/visual.2003.1250417,A5000695313,2,"[""I1343190059""]",True
10.1109/visual.2003.1250417,A5000755776,3,"[""I1343190059""]",True
10.1109/visual.2003.1250382,A5008632512,1,"[""I59553526""]",True
10.1109/visual.2003.1250382,A5069204507,2,"[""I59553526""]",True
10.1109/visual.2003.1250382,A5081073195,3,"[""I59553526""]",True
10.1109/visual.2003.1250382,A5039517392,4,"[""I59553526""]",True
10.1109/visual.2003.1250382,A5091408797,5,"[""I59553526""]",True
10.1109/infvis.2003.1249032,A5011415375,1,"[""I95457486""]",True
10.1109/infvis.2003.1249032,A5080272618,2,"[""I95457486""]",True
10.1109/infvis.2003.1249032,A5089723214,3,"[""I95457486""]",True
10.1109/infvis.2003.1249032,A5071892737,4,"[""I201448701""]",True
10.1109/visual.2003.1250422,A5051307646,1,"[""I219193219""]",True
10.1109/visual.2003.1250422,A5101695356,2,"[""I219193219""]",True
10.1109/visual.2003.1250422,A5057984570,3,"[""I219193219""]",True
10.1109/visual.2003.1250422,A5007488557,4,"[""I219193219""]",True
10.1109/visual.2003.1250422,A5111607390,5,"[""I219193219"", ""I1315649409""]",True
10.1109/visual.2003.1250409,A5027783320,1,"[""I130701444""]",True
10.1109/visual.2003.1250409,A5110208682,2,"[""I130701444""]",True
10.1109/visual.2003.1250409,A5040961656,3,"[""I130701444""]",True
10.1109/visual.2003.1250409,A5076768552,4,"[""I130701444""]",True
10.1109/visual.2003.1250405,A5091466289,1,"[""I59553526""]",True
10.1109/visual.2003.1250405,A5039517392,2,"[""I59553526""]",True
10.1109/visual.2003.1250405,A5088124321,3,"[""I59553526""]",True
10.1109/visual.2003.1250405,A5101963152,4,"[""I59553526""]",True
10.1109/visual.2003.1250403,A5073883269,1,"[""I59553526""]",True
10.1109/visual.2003.1250403,A5070670810,2,"[""I59553526""]",True
10.1109/visual.2003.1250398,A5111973396,1,"[""I153267046""]",True
10.1109/visual.2003.1250355,A5110010093,1,"[""I55732556""]",True
10.1109/infvis.2003.1249013,A5057257940,1,"[""I7882870""]",True
10.1109/infvis.2003.1249013,A5089129937,2,"[""I7882870""]",True
10.1109/visual.2003.1250367,A5041898226,1,"[""I153845743""]",True
10.1109/visual.2003.1250367,A5037788925,2,"[""I205640436""]",True
10.1109/infvis.2003.1249007,A5052922425,1,"[""I1291425158"", ""I97018004""]",True
10.1109/infvis.2003.1249007,A5006225456,2,"[""I97018004""]",True
10.1109/infvis.2003.1249007,A5065913646,3,"[""I97018004""]",True
10.1109/visual.2003.1250424,A5082437427,1,"[""I4210142372""]",True
10.1109/visual.2003.1250424,A5003908398,2,"[""I4210142372""]",True
10.1109/visual.2003.1250424,A5023208947,3,[],True
10.1109/visual.2003.1250424,A5021319515,4,[],True
10.1109/visual.2003.1250424,A5031976982,5,[],True
10.1109/visual.2003.1250424,A5071170000,6,"[""I1283280774""]",True
10.1109/visual.2003.1250424,A5112225283,7,[],True
10.1109/visual.2003.1250424,A5005090248,8,"[""I1283280774""]",True
10.1109/visual.2003.1250424,A5012263767,9,[],True
10.1109/visual.2003.1250421,A5005424586,1,"[""I165690674""]",True
10.1109/visual.2003.1250421,A5108445695,2,"[""I165690674"", ""I20089843""]",True
10.1109/visual.2003.1250421,A5064075576,3,"[""I165690674"", ""I223532165""]",True
10.1109/visual.2003.1250421,A5013644294,4,"[""I165690674""]",True
10.1109/visual.2003.1250420,A5030823954,1,"[""I1280536761""]",True
10.1109/visual.2003.1250420,A5041506287,2,"[""I1280536761""]",True
10.1109/visual.2003.1250419,A5053494397,1,"[""I880747138""]",True
10.1109/visual.2003.1250419,A5060113946,2,"[""I880747138""]",True
10.1109/visual.2003.1250352,A5109089684,1,[],True
10.1109/visual.2003.1250352,A5034277129,2,[],True
10.1109/visual.2003.1250352,A5069422375,3,"[""I223532165""]",True
10.1109/visual.2003.1250352,A5076519275,4,[],True
10.1109/visual.2003.1250352,A5016698200,5,"[""I223532165""]",True
10.1109/visual.2003.1250352,A5053686308,6,"[""I223532165""]",True
10.1109/visual.2003.1250352,A5041991793,7,"[""I1332737386""]",True
10.1109/visual.2003.1250352,A5068728742,8,"[""I223532165""]",True
10.1109/infvis.2003.1249022,A5100654446,1,"[""I130238516""]",True
10.1109/infvis.2003.1249022,A5067811410,2,"[""I130238516""]",True
10.1109/infvis.2003.1249022,A5086764360,3,"[""I130238516""]",True
10.1109/infvis.2003.1249021,A5043951647,1,"[""I169521973""]",True
10.1109/infvis.2003.1249021,A5033502364,2,"[""I169521973""]",True
10.1109/infvis.2003.1249021,A5017174269,3,"[""I4210162323""]",True
10.1109/infvis.2003.1249021,A5112896879,4,"[""I169521973""]",True
10.1109/infvis.2003.1249024,A5100420423,1,"[""I122754148""]",True
10.1109/infvis.2003.1249020,A5100438883,1,"[""I859038795""]",True
10.1109/infvis.2003.1249020,A5037675411,2,"[""I859038795""]",True
10.1109/visual.2002.1183771,A5072048687,1,"[""I35440088""]",True
10.1109/visual.2002.1183771,A5033076979,2,"[""I35440088""]",True
10.1109/visual.2002.1183771,A5036300670,3,"[""I887968799""]",True
10.1109/infvis.2002.1173157,A5000755776,1,"[""I1343190059""]",True
10.1109/infvis.2002.1173157,A5082103604,2,"[""I1343190059""]",True
10.1109/infvis.2002.1173157,A5029818256,3,"[""I1343190059""]",True
10.1109/infvis.2002.1173155,A5039276358,1,"[""I4210087032""]",True
10.1109/visual.2002.1183766,A5059125158,1,"[""I223532165""]",True
10.1109/visual.2002.1183766,A5109840277,2,"[""I223532165""]",True
10.1109/visual.2002.1183766,A5023120167,3,"[""I2799798094""]",True
10.1109/visual.2002.1183766,A5002037883,4,"[""I2799798094""]",True
10.1109/visual.2002.1183757,A5010779666,1,"[""I8087733""]",True
10.1109/visual.2002.1183757,A5020719193,2,"[""I8087733""]",True
10.1109/visual.2002.1183757,A5002810034,3,"[""I8087733""]",True
10.1109/visual.2002.1183757,A5109163772,4,"[""I8087733""]",True
10.1109/infvis.2002.1173156,A5060725233,1,"[""I6059380"", ""I4210142372""]",True
10.1109/infvis.2002.1173156,A5030084361,2,"[""I6059380"", ""I4210142372""]",True
10.1109/infvis.2002.1173148,A5030084361,1,"[""I4210142372""]",True
10.1109/infvis.2002.1173148,A5086910660,2,"[""I4210142372""]",True
10.1109/infvis.2002.1173148,A5004824085,3,"[""I4210142372""]",True
10.1109/visual.2002.1183754,A5062703856,1,"[""I145847075""]",True
10.1109/visual.2002.1183754,A5008914452,2,"[""I145847075""]",True
10.1109/visual.2002.1183754,A5080438656,3,"[""I1343190059""]",True
10.1109/visual.2002.1183754,A5041421653,4,"[""I1343190059""]",True
10.1109/visual.2002.1183754,A5110321988,5,"[""I145847075""]",True
10.1109/visual.2002.1183793,A5100325128,1,"[""I20089843""]",True
10.1109/visual.2002.1183793,A5066107323,2,[],True
10.1109/visual.2002.1183793,A5085041872,3,"[""I20089843""]",True
10.1109/visual.2002.1183793,A5100399944,4,"[""I20089843""]",True
10.1109/visual.2002.1183795,A5004224909,1,"[""I16391192""]",True
10.1109/visual.2002.1183795,A5036688260,2,"[""I16391192""]",True
10.1109/visual.2002.1183795,A5010224263,3,"[""I197251160""]",True
10.1109/visual.2002.1183795,A5091260693,4,"[""I197251160""]",True
10.1109/visual.2002.1183799,A5004770347,1,"[""I122411786""]",True
10.1109/visual.2002.1183799,A5029476039,2,"[""I122411786""]",True
10.1109/visual.2002.1183783,A5016988098,1,"[""I95457486""]",True
10.1109/visual.2002.1183768,A5043312264,1,"[""I137902535""]",True
10.1109/visual.2002.1183768,A5086753450,2,"[""I4210150884"", ""I1326498283""]",True
10.1109/visual.2002.1183788,A5045224825,1,"[""I223532165""]",True
10.1109/visual.2002.1183788,A5009902744,2,"[""I106165777""]",True
10.1109/visual.2002.1183788,A5059426161,3,"[""I223532165""]",True
10.1109/visual.2002.1183778,A5036489223,1,"[""I78650965""]",True
10.1109/visual.2002.1183778,A5049317554,2,"[""I78650965""]",True
10.1109/visual.2002.1183778,A5053580386,3,"[""I51441396""]",True
10.1109/visual.2002.1183778,A5036108100,4,"[""I1326498283""]",True
10.1109/visual.2002.1183764,A5009343095,1,[],True
10.1109/visual.2002.1183764,A5028841214,2,[],True
10.1109/visual.2002.1183764,A5065645994,3,"[""I223532165""]",True
10.1109/visual.2002.1183764,A5018584803,4,[],True
10.1109/visual.2002.1183774,A5009460413,1,[],True
10.1109/visual.2002.1183774,A5062007756,2,[],True
10.1109/visual.2002.1183800,A5000147776,1,"[""I204250578""]",True
10.1109/visual.2002.1183800,A5033303585,2,[],True
10.1109/visual.2002.1183800,A5087581749,3,"[""I121748325""]",True
10.1109/visual.2002.1183791,A5032025029,1,"[""I84218800""]",True
10.1109/visual.2002.1183791,A5037161857,2,"[""I84218800""]",True
10.1109/visual.2002.1183791,A5061021795,3,"[""I84218800""]",True
10.1109/visual.2002.1183758,A5003138495,1,"[""I223532165""]",True
10.1109/visual.2002.1183758,A5065645994,2,"[""I223532165""]",True
10.1109/infvis.2002.1173150,A5031972964,1,"[""I86519309""]",True
10.1109/infvis.2002.1173150,A5029864677,2,"[""I86519309""]",True
10.1109/visual.2002.1183777,A5015271163,1,"[""I219193219""]",True
10.1109/visual.2002.1183777,A5025147185,2,"[""I4210114115""]",True
10.1109/visual.2002.1183777,A5018584803,3,"[""I219193219""]",True
10.1109/visual.2002.1183777,A5009611685,4,"[""I126744593""]",True
10.1109/visual.2002.1183777,A5075684986,5,"[""I223532165""]",True
10.1109/infvis.2002.1173161,A5038561492,1,"[""I7882870""]",True
10.1109/infvis.2002.1173161,A5057257940,2,"[""I7882870""]",True
10.1109/infvis.2002.1173161,A5089129937,3,"[""I7882870""]",True
10.1109/visual.2002.1183787,A5053259123,1,"[""I91203450""]",True
10.1109/visual.2002.1183787,A5111373264,2,"[""I157725225""]",True
10.1109/infvis.2002.1173145,A5109881550,1,"[""I97018004""]",True
10.1109/infvis.2002.1173145,A5009369598,2,"[""I173498003""]",True
10.1109/visual.2002.1183810,A5061470055,1,"[""I84218800""]",True
10.1109/visual.2002.1183810,A5109345368,2,[],True
10.1109/visual.2002.1183810,A5085342992,3,[],True
10.1109/visual.2002.1183810,A5009460413,4,[],True
10.1109/visual.2002.1183810,A5114031893,5,"[""I84218800""]",True
10.1109/visual.2002.1183789,A5056308697,1,[],True
10.1109/visual.2002.1183789,A5002832419,2,[],True
10.1109/visual.2002.1183789,A5035785066,3,"[""I99041443""]",True
10.1109/visual.2002.1183759,A5031222275,1,"[""I137902535"", ""I114027177""]",True
10.1109/visual.2002.1183759,A5004194238,2,"[""I114027177""]",True
10.1109/infvis.2002.1173151,A5032694211,1,"[""I107077323""]",True
10.1109/infvis.2002.1173151,A5102773082,2,"[""I107077323""]",True
10.1109/infvis.2002.1173151,A5008269094,3,"[""I107077323""]",True
10.1109/visual.2002.1183816,A5109181732,1,"[""I84218800""]",True
10.1109/visual.2002.1183816,A5037161857,2,"[""I84218800""]",True
10.1109/visual.2002.1183816,A5088633029,3,"[""I84218800""]",True
10.1109/visual.2002.1183816,A5069058817,4,"[""I137902535""]",True
10.1109/visual.2002.1183765,A5024606205,1,"[""I157725225""]",True
10.1109/visual.2002.1183765,A5082193236,2,"[""I157725225""]",True
10.1109/infvis.2002.1173149,A5000695313,1,"[""I1343190059""]",True
10.1109/infvis.2002.1173149,A5000755776,2,"[""I1343190059""]",True
10.1109/infvis.2002.1173149,A5025940312,3,"[""I4210133271"", ""I4210159895""]",True
10.1109/infvis.2002.1173149,A5109928029,4,"[""I129774422"", ""I4210099593""]",True
10.1109/visual.2002.1183794,A5085693728,1,"[""I174306211""]",True
10.1109/visual.2002.1183794,A5002197352,2,"[""I174306211""]",True
10.1109/visual.2002.1183794,A5075360338,3,"[""I174306211""]",True
10.1109/visual.2002.1183796,A5016894020,1,"[""I204250578""]",True
10.1109/visual.2002.1183796,A5000147776,2,"[""I204250578""]",True
10.1109/visual.2002.1183786,A5063572090,1,"[""I151746483""]",True
10.1109/visual.2002.1183786,A5110160613,2,"[""I167576493""]",True
10.1109/visual.2002.1183776,A5028768474,1,"[""I134560555"", ""I4210119061""]",True
10.1109/visual.2002.1183776,A5082522967,2,"[""I4210119061"", ""I134560555""]",True
10.1109/visual.2002.1183776,A5059697947,3,"[""I134560555"", ""I4210119061""]",True
10.1109/visual.2002.1183772,A5101451813,1,"[""I153267046"", ""I84218800""]",True
10.1109/visual.2002.1183772,A5029336209,2,"[""I153267046""]",True
10.1109/visual.2002.1183772,A5108428297,3,"[""I153267046""]",True
10.1109/visual.2002.1183772,A5077191719,4,"[""I84218800""]",True
10.1109/visual.2002.1183767,A5110702946,1,"[""I99041443""]",True
10.1109/visual.2002.1183767,A5111647528,2,"[""I99041443""]",True
10.1109/visual.2002.1183762,A5073619125,1,"[""I100066346""]",True
10.1109/visual.2002.1183762,A5035169954,2,"[""I100066346""]",True
10.1109/visual.2002.1183762,A5038629539,3,"[""I100066346""]",True
10.1109/visual.2002.1183752,A5034699298,1,"[""I4210137873""]",True
10.1109/visual.2002.1183752,A5024750744,2,"[""I4210137873""]",True
10.1109/visual.2002.1183752,A5069045598,3,"[""I4210137873""]",True
10.1109/visual.2002.1183752,A5113939002,4,"[""I4210137873""]",True
10.1109/infvis.2002.1173160,A5003377833,1,"[""I189712700""]",True
10.1109/infvis.2002.1173160,A5108385048,2,"[""I55732556""]",True
10.1109/visual.2002.1183769,A5058628582,1,"[""I126744593""]",True
10.1109/visual.2002.1183769,A5009611685,2,"[""I126744593""]",True
10.1109/visual.2002.1183770,A5025354167,1,"[""I52357470""]",True
10.1109/visual.2002.1183770,A5081780591,2,"[""I52357470""]",True
10.1109/infvis.2002.1173159,A5113974966,1,"[""I53964585""]",True
10.1109/infvis.2002.1173159,A5025997249,2,"[""I53964585""]",True
10.1109/infvis.2002.1173159,A5088778612,3,"[""I53964585""]",True
10.1109/visual.2002.1183797,A5084411100,1,"[""I102134673""]",True
10.1109/visual.2002.1183797,A5062805121,2,"[""I102134673""]",True
10.1109/visual.2002.1183797,A5033612572,3,"[""I102134673""]",True
10.1109/visual.2002.1183797,A5111998692,4,"[""I102134673""]",True
10.1109/visual.2002.1183792,A5090414723,1,[],True
10.1109/visual.2002.1183792,A5079619886,2,"[""I20089843""]",True
10.1109/visual.2002.1183792,A5090465368,3,"[""I185658715""]",True
10.1109/visual.2002.1183792,A5065813500,4,[],True
10.1109/visual.2002.1183784,A5005641632,1,"[""I130701444""]",True
10.1109/visual.2002.1183784,A5067456877,2,"[""I130701444""]",True
10.1109/infvis.2002.1173141,A5006225456,1,"[""I97018004""]",True
10.1109/infvis.2002.1173141,A5052922425,2,"[""I97018004""]",True
10.1109/infvis.2002.1173141,A5111907242,3,"[""I97018004""]",True
10.1109/visual.2002.1183826,A5045751338,1,"[""I8087733""]",True
10.1109/visual.2002.1183826,A5109163772,2,"[""I8087733""]",True
10.1109/visual.2002.1183808,A5110010093,1,"[""I55732556""]",True
10.1109/visual.2002.1183808,A5101659527,2,"[""I55732556""]",True
10.1109/visual.2002.1183808,A5072338549,3,"[""I55732556""]",True
10.1109/visual.2002.1183824,A5060939423,1,"[""I195893171"", ""I4210127646""]",True
10.1109/visual.2002.1183824,A5112716716,2,"[""I4210135837""]",True
10.1109/visual.2002.1183824,A5113450727,3,"[""I4210135837""]",True
10.1109/visual.2002.1183824,A5064569774,4,"[""I4210135837""]",True
10.1109/visual.2002.1183824,A5091630951,5,"[""I195893171""]",True
10.1109/visual.2002.1183824,A5007670828,6,"[""I130769515""]",True
10.1109/visual.2002.1183805,A5070654925,1,"[""I84218800""]",True
10.1109/visual.2002.1183805,A5036187752,2,"[""I84218800""]",True
10.1109/visual.2002.1183805,A5037161857,3,"[""I84218800""]",True
10.1109/visual.2002.1183785,A5000173125,1,"[""I8087733""]",True
10.1109/infvis.2002.1173153,A5076532363,1,"[""I83019370""]",True
10.1109/infvis.2002.1173153,A5051025031,2,"[""I83019370""]",True
10.1109/infvis.2002.1173146,A5041666965,1,"[""I1325736334""]",True
10.1109/infvis.2002.1173146,A5065909000,2,"[""I859038795""]",True
10.1109/infvis.2002.1173146,A5111526853,3,"[""I859038795""]",True
10.1109/visual.2002.1183821,A5054266030,1,"[""I35440088""]",True
10.1109/visual.2002.1183821,A5030439152,2,"[""I35440088""]",True
10.1109/visual.2002.1183821,A5054229279,3,"[""I35440088""]",True
10.1109/visual.2002.1183821,A5005978734,4,[],True
10.1109/visual.2002.1183780,A5050588038,1,"[""I195893171""]",True
10.1109/visual.2002.1183780,A5012693590,2,"[""I195893171""]",True
10.1109/visual.2002.1183780,A5091630951,3,"[""I195893171""]",True
10.1109/visual.2002.1183753,A5109700467,1,"[""I195893171""]",True
10.1109/visual.2002.1183753,A5091630951,2,"[""I195893171""]",True
10.1109/infvis.2002.1173152,A5052630735,1,"[""I114017466""]",True
10.1109/infvis.2002.1173152,A5077824437,2,"[""I114017466""]",True
10.1109/infvis.2002.1173142,A5037675411,1,"[""I859038795""]",True
10.1109/infvis.2002.1173142,A5060225217,2,"[""I859038795""]",True
10.1109/infvis.2002.1173142,A5100863703,3,"[""I859038795""]",True
10.1109/visual.2002.1183790,A5102325661,1,"[""I97429440""]",True
10.1109/visual.2002.1183790,A5100337209,2,"[""I97429440""]",True
10.1109/visual.2002.1183790,A5069151044,3,"[""I97429440""]",True
10.1109/visual.2002.1183760,A5038998698,1,"[""I124227911""]",True
10.1109/visual.2002.1183760,A5083255118,2,"[""I124227911""]",True
10.1109/visual.2002.1183806,A5073501210,1,"[""I859038795""]",True
10.1109/visual.2002.1183806,A5037675411,2,"[""I859038795""]",True
10.1109/visual.2002.1183801,A5022172511,1,"[""I100005738""]",True
10.1109/visual.2002.1183801,A5011328209,2,"[""I100005738""]",True
10.1109/visual.2002.1183781,A5110218178,1,"[""I168635309""]",True
10.1109/visual.2002.1183781,A5018647103,2,"[""I168635309""]",True
10.1109/visual.2002.1183781,A5086990150,3,"[""I168635309""]",True
10.1109/visual.2002.1183781,A5033893131,4,"[""I168635309""]",True
10.1109/visual.2002.1183798,A5102988664,1,"[""I185103710""]",True
10.1109/visual.2002.1183798,A5016076717,2,"[""I185103710""]",True
10.1109/visual.2002.1183779,A5102862658,1,"[""I1327163397""]",True
10.1109/visual.2002.1183779,A5100318215,2,"[""I1327163397""]",True
10.1109/visual.2002.1183779,A5024030009,3,"[""I1327163397""]",True
10.1109/visual.2002.1183779,A5003410053,4,"[""I1327163397""]",True
10.1109/visual.2002.1183773,A5034723250,1,"[""I122411786""]",True
10.1109/visual.2002.1183773,A5061644705,2,"[""I122411786""]",True
10.1109/visual.2002.1183773,A5004770347,3,"[""I122411786""]",True
10.1109/visual.2002.1183773,A5109840277,4,"[""I223532165""]",True
10.1109/visual.2002.1183814,A5110702946,1,[],True
10.1109/visual.2002.1183814,A5111647528,2,[],True
10.1109/visual.2002.1183814,A5014057564,3,[],True
10.1109/visual.2002.1183812,A5062703856,1,"[""I145847075""]",True
10.1109/visual.2002.1183812,A5039942334,2,"[""I145847075""]",True
10.1109/visual.2002.1183812,A5025312015,3,[],True
10.1109/visual.2002.1183812,A5045105070,4,"[""I138211613""]",True
10.1109/visual.2002.1183812,A5026249491,5,"[""I145847075""]",True
10.1109/visual.2002.1183812,A5058051881,6,"[""I145847075""]",True
10.1109/visual.2002.1183812,A5069800147,7,"[""I145847075""]",True
10.1109/visual.2002.1183812,A5008914452,8,"[""I129774422"", ""I145847075""]",True
10.1109/visual.2002.1183812,A5046000210,9,"[""I145847075"", ""I138211613""]",True
10.1109/visual.2002.1183812,A5080438656,10,[],True
10.1109/visual.2002.1183812,A5041421653,11,"[""I1343190059""]",True
10.1109/visual.2002.1183812,A5024857997,12,"[""I100066346""]",True
10.1109/visual.2002.1183812,A5010779666,13,"[""I8087733""]",True
10.1109/visual.2002.1183812,A5075773750,14,"[""I145847075""]",True
10.1109/visual.2002.1183812,A5109928029,15,"[""I145847075""]",True
10.1109/visual.2002.1183811,A5112174631,1,"[""I4210133125""]",True
10.1109/visual.2002.1183811,A5016480053,2,"[""I26120043""]",True
10.1109/visual.2002.1183811,A5009288945,3,"[""I4210089980""]",True
10.1109/visual.2002.1183811,A5082289640,4,"[""I26120043""]",True
10.1109/infvis.2002.1173158,A5060225217,1,"[""I859038795""]",True
10.1109/infvis.2002.1173158,A5082928240,2,"[""I859038795""]",True
10.1109/infvis.2002.1173158,A5037675411,3,"[""I859038795""]",True
10.1109/visual.2002.1183828,A5080267853,1,"[""I126744593""]",True
10.1109/visual.2002.1183828,A5009611685,2,"[""I126744593""]",True
10.1109/visual.2002.1183828,A5052011548,3,"[""I2800548410""]",True
10.1109/visual.2002.1183822,A5078869477,1,"[""I103163165""]",True
10.1109/visual.2002.1183822,A5075780861,2,"[""I103163165""]",True
10.1109/visual.2002.1183822,A5027927334,3,"[""I103163165""]",True
10.1109/visual.2002.1183819,A5091018063,1,"[""I4210104735""]",True
10.1109/visual.2002.1183819,A5028531367,2,"[""I4210104735""]",True
10.1109/visual.2002.1183819,A5108192133,3,"[""I4210104735""]",True
10.1109/visual.2002.1183809,A5042749880,1,"[""I1341412227""]",True
10.1109/visual.2002.1183809,A5025147185,2,"[""I1341412227""]",True
10.1109/visual.2002.1183809,A5084203791,3,"[""I1341412227""]",True
10.1109/visual.2002.1183809,A5111474310,4,"[""I1341412227""]",True
10.1109/visual.2002.1183802,A5070551319,1,"[""I130701444""]",True
10.1109/visual.2002.1183802,A5020796693,2,"[""I130701444""]",True
10.1109/visual.2002.1183802,A5110208682,3,"[""I130701444""]",True
10.1109/visual.2002.1183802,A5045801671,4,"[""I130701444""]",True
10.1109/visual.2002.1183802,A5090693390,5,"[""I130701444""]",True
10.1109/visual.2002.1183763,A5111105324,1,"[""I4210138551""]",True
10.1109/visual.2002.1183763,A5060664606,2,"[""I18014758""]",True
10.1109/visual.2002.1183763,A5052058643,3,"[""I18014758""]",True
10.1109/visual.2002.1183763,A5080437616,4,"[""I1118541""]",True
10.1109/visual.2002.1183755,A5100716322,1,"[""I141945490""]",True
10.1109/visual.2002.1183755,A5088844445,2,"[""I141945490""]",True
10.1109/visual.2002.1183755,A5057504177,3,"[""I141945490""]",True
10.1109/infvis.2002.1173144,A5073919282,1,"[""I1283103587""]",True
10.1109/infvis.2002.1173144,A5033953993,2,"[""I1283103587""]",True
10.1109/infvis.2002.1173144,A5002516811,3,[],True
10.1109/infvis.2002.1173144,A5109247542,4,[],True
10.1109/infvis.2002.1173143,A5054523299,1,"[""I1341412227"", ""I4210114115""]",True
10.1109/infvis.2002.1173143,A5100706751,2,"[""I4210114115"", ""I1341412227""]",True
10.1109/infvis.2002.1173143,A5110225948,3,"[""I592451"", ""I4210119109""]",True
10.1109/visual.2002.1183823,A5109505961,1,"[""I135140700""]",True
10.1109/visual.2002.1183823,A5027121558,2,"[""I135140700""]",True
10.1109/visual.2002.1183823,A5004101791,3,[],True
10.1109/visual.2002.1183823,A5028074195,4,"[""I135140700""]",True
10.1109/visual.2002.1183823,A5050804797,5,"[""I135140700""]",True
10.1109/visual.2002.1183815,A5028650489,1,"[""I153327471""]",True
10.1109/visual.2002.1183804,A5083599546,1,"[""I1341640284""]",True
10.1109/visual.2002.1183804,A5047880072,2,"[""I1341640284""]",True
10.1109/visual.2002.1183827,A5052673316,1,"[""I4210114115""]",True
10.1109/visual.2002.1183820,A5034300560,1,[],True
10.1109/visual.2002.1183820,A5066379340,2,[],True
10.1109/visual.2002.1183820,A5073361458,3,[],True
10.1109/visual.2002.1183817,A5091393556,1,"[""I4210114115""]",True
10.1109/visual.2002.1183817,A5044778534,2,"[""I4210114115""]",True
10.1109/visual.2002.1183817,A5081668763,3,"[""I4210167297""]",True
10.1109/visual.2002.1183817,A5112072278,4,"[""I3131873961""]",True
10.1109/visual.2002.1183807,A5084203791,1,"[""I4210114115""]",True
10.1109/visual.2002.1183803,A5074948196,1,"[""I137902535""]",True
10.1109/visual.2002.1183803,A5013460936,2,"[""I137902535""]",True
10.1109/visual.2002.1183782,A5040236693,1,"[""I153267046""]",True
10.1109/infvis.2002.1173163,A5068425605,1,"[""I88773910""]",True
10.1109/infvis.2002.1173163,A5002221227,2,"[""I88773910""]",True
10.1109/visual.2002.1183813,A5075780861,1,"[""I103163165""]",True
10.1109/visual.2002.1183813,A5110077901,2,"[""I130238516""]",True
10.1109/visual.2002.1183813,A5015413510,3,"[""I130238516""]",True
10.1109/visual.2002.1183761,A5100716788,1,"[""I52357470""]",True
10.1109/visual.2002.1183761,A5006952014,2,"[""I52357470""]",True
10.1109/visual.2002.1183829,A5042990540,1,"[""I100066346""]",True
10.1109/visual.2002.1183829,A5035221985,2,"[""I100066346""]",True
10.1109/visual.2002.1183829,A5038629539,3,"[""I100066346""]",True
10.1109/visual.2002.1183818,A5040659878,1,"[""I4210106297""]",True
10.1109/visual.2002.1183818,A5086260296,2,"[""I4210106297""]",True
10.1109/visual.2002.1183818,A5030083928,3,[],True
10.1109/visual.2002.1183818,A5073883651,4,"[""I4210106297""]",True
10.1109/infvis.2002.1173147,A5056963592,1,"[""I123387679""]",True
10.1109/infvis.2002.1173147,A5067716657,2,"[""I4210119109""]",True
10.1109/infvis.2002.1173147,A5001544591,3,[],True
10.1109/visual.2002.1183830,A5110091560,1,"[""I1282311441""]",True
10.1109/visual.2002.1183825,A5046010727,1,"[""I1306266525""]",True
10.1109/visual.2002.1183825,A5035456721,2,"[""I1306266525""]",True
10.1109/visual.2002.1183775,A5110917883,1,"[""I1295339012""]",True
10.1109/visual.2002.1183775,A5091361515,2,"[""I1327163397"", ""I59553526""]",True
10.1109/visual.2002.1183775,A5063020962,3,"[""I1327163397"", ""I59553526""]",True
10.1109/infvis.2002.1173162,A5109918057,1,"[""I4210099672"", ""I1310439424""]",True
10.1109/infvis.2002.1173154,A5004344374,1,"[""I86501945"", ""I1312106833""]",True
10.1109/infvis.2002.1173154,A5046024163,2,"[""I1312106833"", ""I86501945""]",True
10.1109/visual.2001.964489,A5072827199,1,"[""I31512782""]",True
10.1109/visual.2001.964489,A5014770241,2,"[""I4210135397""]",True
10.1109/visual.2001.964489,A5036688260,3,"[""I16391192""]",True
10.1109/visual.2001.964489,A5041744005,4,"[""I16391192""]",True
10.1109/visual.2001.964489,A5101994805,5,"[""I16391192""]",True
10.1109/visual.2001.964489,A5064075576,6,"[""I1283103587""]",True
10.1109/visual.2001.964519,A5009343095,1,"[""I223532165""]",True
10.1109/visual.2001.964519,A5045224825,2,"[""I223532165""]",True
10.1109/visual.2001.964519,A5065645994,3,"[""I223532165""]",True
10.1109/visual.2001.964533,A5085342992,1,[],True
10.1109/visual.2001.964533,A5009460413,2,[],True
10.1109/visual.2001.964503,A5082193236,1,"[""I157725225""]",True
10.1109/visual.2001.964503,A5024606205,2,"[""I157725225""]",True
10.1109/infvis.2001.963291,A5076832321,1,"[""I123387679""]",True
10.1109/infvis.2001.963291,A5056963592,2,"[""I123387679""]",True
10.1109/visual.2001.964490,A5014079156,1,"[""I35440088""]",True
10.1109/visual.2001.964490,A5043151044,2,[],True
10.1109/visual.2001.964490,A5103507544,3,[],True
10.1109/visual.2001.964490,A5033076979,4,"[""I35440088""]",True
10.1109/visual.2001.964527,A5085525770,1,"[""I122411786""]",True
10.1109/visual.2001.964527,A5024629459,2,"[""I16391192""]",True
10.1109/visual.2001.964527,A5051948556,3,"[""I122411786""]",True
10.1109/visual.2001.964507,A5000413604,1,"[""I153267046""]",True
10.1109/visual.2001.964507,A5029336209,2,"[""I153267046""]",True
10.1109/visual.2001.964507,A5071220385,3,"[""I153267046""]",True
10.1109/visual.2001.964538,A5047104707,1,"[""I4210137873""]",True
10.1109/visual.2001.964538,A5034699298,2,"[""I4210137873""]",True
10.1109/visual.2001.964538,A5113607394,3,"[""I4210137873""]",True
10.1109/visual.2001.964538,A5113939002,4,"[""I4210137873""]",True
10.1109/visual.2001.964545,A5110754903,1,"[""I175594653""]",True
10.1109/visual.2001.964545,A5110823564,2,"[""I175594653""]",True
10.1109/visual.2001.964545,A5058360336,3,"[""I175594653""]",True
10.1109/visual.2001.964545,A5101598415,4,"[""I175594653""]",True
10.1109/visual.2001.964545,A5030179454,5,"[""I175594653""]",True
10.1109/visual.2001.964545,A5103805703,6,"[""I175594653""]",True
10.1109/visual.2001.964545,A5038994213,7,"[""I1299303238"", ""I1299022934""]",True
10.1109/visual.2001.964545,A5078324359,8,"[""I1299303238"", ""I1299022934""]",True
10.1109/visual.2001.964545,A5059033742,9,"[""I4210087915""]",True
10.1109/visual.2001.964545,A5076798669,10,"[""I4210087915""]",True
10.1109/visual.2001.964520,A5039256169,1,"[""I84218800""]",True
10.1109/visual.2001.964520,A5037161857,2,"[""I84218800""]",True
10.1109/visual.2001.964520,A5056768201,3,"[""I107766831""]",True
10.1109/visual.2001.964502,A5085342992,1,[],True
10.1109/visual.2001.964502,A5022491430,2,"[""I1283103587""]",True
10.1109/visual.2001.964496,A5025506737,1,[],True
10.1109/visual.2001.964496,A5034939720,2,[],True
10.1109/visual.2001.964496,A5068995314,3,"[""I4210137298""]",True
10.1109/visual.2001.964496,A5065813500,4,[],True
10.1109/infvis.2001.963289,A5016567178,1,"[""I2803209242"", ""I204250578""]",True
10.1109/visual.2001.964523,A5012116917,1,"[""I35440088""]",True
10.1109/visual.2001.964523,A5033076979,2,"[""I35440088""]",True
10.1109/visual.2001.964510,A5045306550,1,"[""I4210114115""]",True
10.1109/visual.2001.964510,A5081767590,2,"[""I4210114115""]",True
10.1109/visual.2001.964531,A5010779666,1,"[""I8087733""]",True
10.1109/visual.2001.964531,A5109163772,2,"[""I8087733""]",True
10.1109/visual.2001.964508,A5076524203,1,"[""I114027177""]",True
10.1109/visual.2001.964508,A5056213747,2,"[""I114027177""]",True
10.1109/visual.2001.964508,A5086147721,3,"[""I114027177""]",True
10.1109/visual.2001.964508,A5111881847,4,"[""I114027177""]",True
10.1109/visual.2001.964508,A5106406020,5,"[""I143302722""]",True
10.1109/visual.2001.964560,A5037482596,1,"[""I27804330""]",True
10.1109/visual.2001.964560,A5029891014,2,"[""I27804330""]",True
10.1109/visual.2001.964560,A5030179454,3,"[""I27804330""]",True
10.1109/visual.2001.964560,A5074546601,4,"[""I175594653""]",True
10.1109/visual.2001.964491,A5088141761,1,"[""I145311948""]",True
10.1109/visual.2001.964491,A5090414723,2,[],True
10.1109/visual.2001.964491,A5100692898,3,"[""I145311948""]",True
10.1109/visual.2001.964509,A5109244259,1,"[""I143302722""]",True
10.1109/visual.2001.964509,A5051755944,2,"[""I143302722""]",True
10.1109/visual.2001.964509,A5010136069,3,"[""I143302722""]",True
10.1109/visual.2001.964509,A5075135613,4,"[""I143302722""]",True
10.1109/visual.2001.964509,A5028529600,5,"[""I143302722""]",True
10.1109/visual.2001.964561,A5057674322,1,"[""I52357470"", ""I34077533""]",True
10.1109/visual.2001.964561,A5110255766,2,"[""I34077533""]",True
10.1109/visual.2001.964561,A5016672931,3,"[""I52357470""]",True
10.1109/visual.2001.964561,A5003053961,4,"[""I34077533""]",True
10.1109/visual.2001.964515,A5032186518,1,"[""I4210162505""]",True
10.1109/visual.2001.964515,A5018302615,2,"[""I4210162505""]",True
10.1109/visual.2001.964515,A5059628846,3,"[""I4210162505""]",True
10.1109/visual.2001.964493,A5091867930,1,"[""I103163165""]",True
10.1109/visual.2001.964493,A5075780861,2,"[""I103163165""]",True
10.1109/visual.2001.964493,A5111374231,3,"[""I103163165""]",True
10.1109/visual.2001.964516,A5079808637,1,[],True
10.1109/visual.2001.964516,A5100447633,2,[],True
10.1109/visual.2001.964516,A5002832419,3,[],True
10.1109/visual.2001.964506,A5029336209,1,"[""I153267046"", ""I84218800""]",True
10.1109/visual.2001.964506,A5070427400,2,"[""I153267046""]",True
10.1109/visual.2001.964506,A5108428297,3,"[""I153267046""]",True
10.1109/visual.2001.964506,A5087834951,4,"[""I84218800""]",True
10.1109/visual.2001.964506,A5077191719,5,"[""I84218800""]",True
10.1109/visual.2001.964506,A5080591014,6,"[""I84218800""]",True
10.1109/visual.2001.964506,A5000006583,7,"[""I84218800""]",True
10.1109/visual.2001.964550,A5028982390,1,"[""I1280536761""]",True
10.1109/visual.2001.964550,A5108525733,2,"[""I1280536761""]",True
10.1109/visual.2001.964550,A5016076717,3,"[""I185103710""]",True
10.1109/visual.2001.964492,A5010714340,1,"[""I4210101327"", ""I130238516""]",True
10.1109/visual.2001.964492,A5076001214,2,"[""I130238516"", ""I4210101327""]",True
10.1109/visual.2001.964530,A5073851063,1,"[""I4210109712""]",True
10.1109/visual.2001.964530,A5069124257,2,"[""I4210109712""]",True
10.1109/visual.2001.964530,A5064667546,3,"[""I200763008""]",True
10.1109/visual.2001.964530,A5058028526,4,"[""I4210109712""]",True
10.1109/visual.2001.964498,A5039942334,1,"[""I145847075""]",True
10.1109/visual.2001.964498,A5060664606,2,"[""I18014758""]",True
10.1109/visual.2001.964498,A5109928029,3,"[""I145847075""]",True
10.1109/visual.2001.964521,A5029621326,1,"[""I887968799""]",True
10.1109/visual.2001.964521,A5067074940,2,"[""I887968799""]",True
10.1109/visual.2001.964504,A5043312264,1,"[""I114027177""]",True
10.1109/visual.2001.964504,A5000173125,2,"[""I8087733""]",True
10.1109/visual.2001.964504,A5075360338,3,"[""I174306211""]",True
10.1109/visual.2001.964540,A5023018411,1,"[""I145847075""]",True
10.1109/visual.2001.964540,A5080438656,2,[],True
10.1109/visual.2001.964540,A5108800050,3,"[""I145847075""]",True
10.1109/visual.2001.964540,A5110321988,4,"[""I145847075""]",True
10.1109/visual.2001.964505,A5030179454,1,"[""I27804330""]",True
10.1109/visual.2001.964505,A5083523340,2,"[""I27804330""]",True
10.1109/visual.2001.964505,A5051741164,3,"[""I27804330""]",True
10.1109/visual.2001.964505,A5044146574,4,"[""I27804330""]",True
10.1109/visual.2001.964505,A5082204611,5,"[""I27804330""]",True
10.1109/visual.2001.964505,A5109508738,6,"[""I27804330""]",True
10.1109/visual.2001.964505,A5111602424,7,"[""I27804330""]",True
10.1109/visual.2001.964534,A5038998698,1,"[""I124227911""]",True
10.1109/visual.2001.964534,A5003986384,2,"[""I124227911""]",True
10.1109/visual.2001.964534,A5064075576,3,"[""I1283103587""]",True
10.1109/visual.2001.964532,A5013448896,1,"[""I157725225""]",True
10.1109/visual.2001.964532,A5062270059,2,"[""I157725225""]",True
10.1109/visual.2001.964532,A5108353230,3,"[""I157725225""]",True
10.1109/visual.2001.964529,A5049319779,1,"[""I122411786""]",True
10.1109/visual.2001.964529,A5051948556,2,"[""I122411786""]",True
10.1109/visual.2001.964514,A5018503965,1,"[""I100066346""]",True
10.1109/visual.2001.964514,A5038629539,2,"[""I100066346""]",True
10.1109/visual.2001.964555,A5062703856,1,"[""I145847075""]",True
10.1109/visual.2001.964555,A5008914452,2,[],True
10.1109/visual.2001.964555,A5080438656,3,"[""I1343190059""]",True
10.1109/visual.2001.964555,A5003884612,4,"[""I145847075""]",True
10.1109/visual.2001.964555,A5041421653,5,"[""I145847075""]",True
10.1109/visual.2001.964555,A5110321988,6,"[""I145847075""]",True
10.1109/visual.2001.964526,A5071183334,1,"[""I114027177""]",True
10.1109/visual.2001.964526,A5102878981,2,"[""I114027177""]",True
10.1109/visual.2001.964554,A5047827833,1,"[""I18014758""]",True
10.1109/visual.2001.964554,A5032260069,2,"[""I95793202""]",True
10.1109/visual.2001.964554,A5060664606,3,"[""I18014758""]",True
10.1109/visual.2001.964554,A5048546438,4,"[""I2799475292""]",True
10.1109/visual.2001.964554,A5086472608,5,"[""I18014758""]",True
10.1109/visual.2001.964500,A5102237129,1,"[""I57206974""]",True
10.1109/visual.2001.964500,A5045259592,2,"[""I57206974""]",True
10.1109/visual.2001.964500,A5031667471,3,[],True
10.1109/visual.2001.964524,A5010124882,1,"[""I122411786""]",True
10.1109/visual.2001.964524,A5083995476,2,"[""I122411786""]",True
10.1109/visual.2001.964524,A5061644705,3,"[""I122411786""]",True
10.1109/visual.2001.964524,A5029476039,4,"[""I122411786""]",True
10.1109/visual.2001.964513,A5050743821,1,[],True
10.1109/visual.2001.964513,A5103039195,2,[],True
10.1109/visual.2001.964513,A5040060768,3,[],True
10.1109/visual.2001.964499,A5020952435,1,"[""I141945490""]",True
10.1109/visual.2001.964499,A5060664606,2,"[""I18014758""]",True
10.1109/visual.2001.964499,A5074061303,3,"[""I114027177""]",True
10.1109/visual.2001.964548,A5108743532,1,"[""I4210151352"", ""I4210135837""]",True
10.1109/visual.2001.964548,A5112629519,2,"[""I97018004""]",True
10.1109/visual.2001.964548,A5040252651,3,"[""I4210135837"", ""I4210151352""]",True
10.1109/visual.2001.964548,A5067409217,4,"[""I4210151352"", ""I4210135837""]",True
10.1109/visual.2001.964548,A5080761699,5,"[""I88101031""]",True
10.1109/visual.2001.964548,A5040258424,6,"[""I88101031""]",True
10.1109/visual.2001.964548,A5010258270,7,"[""I88101031""]",True
10.1109/visual.2001.964518,A5104270513,1,"[""I52357470""]",True
10.1109/visual.2001.964518,A5100380453,2,"[""I52357470""]",True
10.1109/visual.2001.964518,A5088246039,3,"[""I52357470""]",True
10.1109/visual.2001.964518,A5112813769,4,"[""I4210095732""]",True
10.1109/visual.2001.964518,A5045303454,5,"[""I1292974536""]",True
10.1109/visual.2001.964517,A5110917883,1,"[""I1295339012""]",True
10.1109/visual.2001.964517,A5089153801,2,"[""I1327163397"", ""I59553526""]",True
10.1109/visual.2001.964517,A5084162655,3,"[""I1327163397"", ""I59553526""]",True
10.1109/visual.2001.964511,A5074352820,1,"[""I4210121838""]",True
10.1109/visual.2001.964511,A5032889367,2,"[""I4210121838""]",True
10.1109/visual.2001.964511,A5090675791,3,"[""I4210121838""]",True
10.1109/visual.2001.964511,A5073919810,4,"[""I4210121838""]",True
10.1109/visual.2001.964497,A5004156285,1,"[""I52357470""]",True
10.1109/visual.2001.964497,A5073380270,2,"[""I52357470""]",True
10.1109/visual.2001.964497,A5040177392,3,"[""I52357470""]",True
10.1109/visual.2001.964497,A5079994866,4,"[""I52357470""]",True
10.1109/visual.2001.964497,A5009356193,5,"[""I52357470""]",True
10.1109/visual.2001.964497,A5009855429,6,"[""I52357470""]",True
10.1109/visual.2001.964495,A5051025031,1,"[""I83019370""]",True
10.1109/visual.2001.964495,A5110206816,2,"[""I83019370""]",True
10.1109/visual.2001.964559,A5044937250,1,"[""I99041443""]",True
10.1109/visual.2001.964559,A5056355204,2,"[""I99041443""]",True
10.1109/visual.2001.964559,A5053996578,3,"[""I61937129""]",True
10.1109/visual.2001.964559,A5113652920,4,"[""I61937129""]",True
10.1109/visual.2001.964551,A5011973325,1,"[""I192454743""]",True
10.1109/visual.2001.964537,A5027381129,1,"[""I66943878""]",True
10.1109/visual.2001.964537,A5107856777,2,"[""I66943878""]",True
10.1109/visual.2001.964537,A5016549965,3,"[""I66943878""]",True
10.1109/visual.2001.964522,A5025312015,1,"[""I1343190059""]",True
10.1109/visual.2001.964522,A5000755776,2,"[""I1343190059""]",True
10.1109/visual.2001.964494,A5015466527,1,"[""I161046081""]",True
10.1109/visual.2001.964494,A5102789360,2,"[""I62318514""]",True
10.1109/visual.2001.964494,A5063603168,3,"[""I62318514""]",True
10.1109/visual.2001.964564,A5108743532,1,"[""I4210151352"", ""I4210135837""]",True
10.1109/visual.2001.964564,A5040252651,2,"[""I1280536761""]",True
10.1109/visual.2001.964564,A5067409217,3,"[""I1280536761""]",True
10.1109/visual.2001.964563,A5089466528,1,"[""I1319063186""]",True
10.1109/visual.2001.964563,A5073997373,2,"[""I1319063186""]",True
10.1109/visual.2001.964563,A5019552387,3,"[""I1319063186""]",True
10.1109/visual.2001.964563,A5058360336,4,"[""I175594653""]",True
10.1109/visual.2001.964539,A5016079677,1,"[""I197251160""]",True
10.1109/visual.2001.964539,A5091260693,2,"[""I197251160""]",True
10.1109/visual.2001.964512,A5000079053,1,"[""I100066346""]",True
10.1109/visual.2001.964512,A5086736624,2,"[""I100066346""]",True
10.1109/visual.2001.964562,A5034723250,1,"[""I122411786""]",True
10.1109/visual.2001.964562,A5029476039,2,"[""I122411786""]",True
10.1109/visual.2001.964562,A5112013174,3,"[""I122411786"", ""I1334627681""]",True
10.1109/visual.2001.964546,A5083599546,1,[],True
10.1109/visual.2001.964546,A5047880072,2,[],True
10.1109/visual.2001.964543,A5091018063,1,"[""I4210104735""]",True
10.1109/visual.2001.964543,A5012766796,2,"[""I4210104735""]",True
10.1109/visual.2001.964541,A5036222891,1,"[""I4210167249""]",True
10.1109/visual.2001.964541,A5058426115,2,"[""I47301684""]",True
10.1109/visual.2001.964541,A5109879434,3,"[""I47301684""]",True
10.1109/visual.2001.964528,A5011918131,1,"[""I57206974""]",True
10.1109/visual.2001.964528,A5011229394,2,"[""I57206974""]",True
10.1109/visual.2001.964525,A5111973396,1,"[""I153267046"", ""I223532165""]",True
10.1109/visual.2001.964525,A5081796122,2,"[""I1282311441""]",True
10.1109/visual.2001.964525,A5109345368,3,"[""I1282311441""]",True
10.1109/visual.2001.964525,A5065645994,4,"[""I84218800""]",True
10.1109/visual.2001.964525,A5077191719,5,"[""I223532165""]",True
10.1109/visual.2001.964525,A5080591014,6,"[""I84218800""]",True
10.1109/visual.2001.964501,A5057187054,1,"[""I137902535""]",True
10.1109/visual.2001.964501,A5013460936,2,"[""I137902535""]",True
10.1109/visual.2001.964553,A5040037815,1,"[""I103163165"", ""I4210140408""]",True
10.1109/visual.2001.964553,A5082491006,2,"[""I103163165""]",True
10.1109/visual.2001.964553,A5112628805,3,"[""I103163165""]",True
10.1109/visual.2001.964549,A5075870288,1,"[""I32971472""]",True
10.1109/visual.2001.964549,A5004678256,2,"[""I32971472""]",True
10.1109/visual.2001.964549,A5001682523,3,"[""I32971472""]",True
10.1109/visual.2001.964542,A5084711039,1,"[""I100066346""]",True
10.1109/visual.2001.964542,A5031309490,2,"[""I181369854""]",True
10.1109/visual.2001.964542,A5038629539,3,"[""I100066346""]",True
10.1109/visual.2001.964542,A5112063129,4,"[""I181369854""]",True
10.1109/visual.2001.964542,A5112159044,5,"[""I181369854""]",True
10.1109/visual.2001.964557,A5112468325,1,"[""I8087733""]",True
10.1109/visual.2001.964557,A5080483655,2,"[""I8087733""]",True
10.1109/visual.2001.964547,A5081155583,1,[],True
10.1109/visual.2001.964547,A5053839499,2,[],True
10.1109/visual.2001.964547,A5019449054,3,[],True
10.1109/visual.2001.964535,A5091077068,1,"[""I4210088792"", ""I87303767""]",True
10.1109/visual.2001.964535,A5002832419,2,[],True
10.1109/visual.2001.964535,A5056355204,3,"[""I99041443""]",True
10.1109/visual.2001.964556,A5045873117,1,"[""I1327163397"", ""I200870766""]",True
10.1109/visual.2001.964556,A5058143784,2,"[""I1327163397"", ""I200870766""]",True
10.1109/visual.2001.964556,A5100339289,3,"[""I1327163397"", ""I200870766""]",True
10.1109/visual.2001.964556,A5081375557,4,"[""I1327163397"", ""I200870766""]",True
10.1109/visual.2001.964556,A5074232458,5,"[""I1327163397"", ""I200870766""]",True
10.1109/visual.2001.964552,A5102862658,1,"[""I59553526"", ""I1327163397""]",True
10.1109/visual.2001.964552,A5007843760,2,"[""I1327163397"", ""I59553526""]",True
10.1109/visual.2001.964552,A5024723024,3,"[""I200870766""]",True
10.1109/visual.2001.964544,A5017152441,1,"[""I8087733""]",True
10.1109/visual.2001.964544,A5048638435,2,"[""I8087733""]",True
10.1109/visual.2001.964544,A5108217088,3,"[""I4210112925""]",True
10.1109/infvis.2000.885098,A5021634649,1,"[""I142606810""]",True
10.1109/infvis.2000.885098,A5000374095,2,"[""I142606810""]",True
10.1109/infvis.2000.885098,A5041666965,3,"[""I142606810""]",True
10.1109/infvis.2000.885092,A5028125399,1,"[""I173498003""]",True
10.1109/infvis.2000.885091,A5082668404,1,"[""I130701444""]",True
10.1109/infvis.2000.885091,A5051177962,2,"[""I130701444""]",True
10.1109/visual.2000.885721,A5067038712,1,"[""I135140700""]",True
10.1109/visual.2000.885721,A5009121571,2,"[""I135140700""]",True
10.1109/visual.2000.885721,A5063603168,3,"[""I135140700""]",True
10.1109/visual.2000.885711,A5043040182,1,"[""I1326498283"", ""I4210099593""]",True
10.1109/visual.2000.885711,A5041678511,2,"[""I4210099593"", ""I1326498283""]",True
10.1109/visual.2000.885690,A5013009875,1,"[""I185103710""]",True
10.1109/visual.2000.885690,A5028982390,2,"[""I1280536761""]",True
10.1109/visual.2000.885690,A5016076717,3,"[""I185103710""]",True
10.1109/visual.2000.885694,A5018584803,1,"[""I79272384""]",True
10.1109/visual.2000.885694,A5009611685,2,"[""I79272384""]",True
10.1109/visual.2000.885684,A5017854609,1,"[""I114027177""]",True
10.1109/visual.2000.885684,A5100702380,2,"[""I114027177""]",True
10.1109/visual.2000.885684,A5066590358,3,"[""I114027177""]",True
10.1109/visual.2000.885684,A5000643470,4,"[""I114027177""]",True
10.1109/visual.2000.885716,A5000413604,1,"[""I153267046""]",True
10.1109/visual.2000.885716,A5029336209,2,"[""I153267046""]",True
10.1109/visual.2000.885716,A5071220385,3,"[""I153267046""]",True
10.1109/visual.2000.885683,A5024857997,1,"[""I100066346""]",True
10.1109/visual.2000.885683,A5018503965,2,"[""I100066346""]",True
10.1109/visual.2000.885683,A5038629539,3,"[""I100066346""]",True
10.1109/visual.2000.885705,A5038584803,1,[],True
10.1109/visual.2000.885705,A5022153785,2,"[""I122411786""]",True
10.1109/visual.2000.885705,A5051948556,3,"[""I122411786""]",True
10.1109/visual.2000.885705,A5061644705,4,"[""I122411786""]",True
10.1109/visual.2000.885687,A5009984879,1,"[""I137902535""]",True
10.1109/visual.2000.885687,A5045260862,2,"[""I137902535""]",True
10.1109/visual.2000.885687,A5089309220,3,"[""I137902535""]",True
10.1109/visual.2000.885687,A5040813877,4,"[""I137902535""]",True
10.1109/visual.2000.885687,A5073601420,5,"[""I137902535""]",True
10.1109/visual.2000.885703,A5109505961,1,"[""I204250578""]",True
10.1109/visual.2000.885703,A5000147776,2,"[""I135140700""]",True
10.1109/visual.2000.885739,A5091393556,1,"[""I2799853436"", ""I145311948""]",True
10.1109/visual.2000.885739,A5045306550,2,"[""I145311948"", ""I2799853436""]",True
10.1109/visual.2000.885739,A5085871644,3,"[""I4210114115""]",True
10.1109/visual.2000.885739,A5072913146,4,"[""I4210114115""]",True
10.1109/visual.2000.885739,A5013103130,5,"[""I2799853436"", ""I145311948""]",True
10.1109/infvis.2000.885101,A5031186288,1,"[""I4210138167""]",True
10.1109/infvis.2000.885101,A5030102646,2,"[""I157725225""]",True
10.1109/visual.2000.885704,A5089292730,1,"[""I52357470""]",True
10.1109/visual.2000.885704,A5021101532,2,"[""I93085520""]",True
10.1109/visual.2000.885704,A5088246039,3,"[""I52357470""]",True
10.1109/visual.2000.885680,A5049441601,1,"[""I122991210""]",True
10.1109/visual.2000.885680,A5041380271,2,"[""I122991210""]",True
10.1109/visual.2000.885680,A5031490866,3,"[""I122991210""]",True
10.1109/visual.2000.885680,A5022108314,4,"[""I122991210""]",True
10.1109/visual.2000.885680,A5013546425,5,"[""I122991210""]",True
10.1109/visual.2000.885692,A5101976576,1,"[""I223532165""]",True
10.1109/visual.2000.885692,A5035326241,2,"[""I223532165""]",True
10.1109/visual.2000.885692,A5055008961,3,"[""I223532165""]",True
10.1109/visual.2000.885692,A5039357905,4,[],True
10.1109/visual.2000.885692,A5082171014,5,[],True
10.1109/visual.2000.885692,A5010940488,6,[],True
10.1109/visual.2000.885679,A5017170930,1,"[""I79272384""]",True
10.1109/visual.2000.885679,A5009611685,2,"[""I79272384""]",True
10.1109/visual.2000.885720,A5111973396,1,"[""I1282311441""]",True
10.1109/visual.2000.885720,A5109345368,2,[],True
10.1109/visual.2000.885720,A5077191719,3,[],True
10.1109/visual.2000.885720,A5114031893,4,[],True
10.1109/infvis.2000.885102,A5033870450,1,"[""I130769515""]",True
10.1109/infvis.2000.885102,A5019756314,2,[],True
10.1109/infvis.2000.885102,A5035324384,3,[],True
10.1109/infvis.2000.885102,A5056700514,4,[],True
10.1109/infvis.2000.885102,A5000242649,5,[],True
10.1109/visual.2000.885678,A5032025029,1,"[""I84218800""]",True
10.1109/visual.2000.885678,A5037161857,2,"[""I84218800""]",True
10.1109/visual.2000.885699,A5081246092,1,"[""I22465464""]",True
10.1109/visual.2000.885699,A5083001015,2,"[""I22465464""]",True
10.1109/visual.2000.885699,A5047713855,3,"[""I22465464""]",True
10.1109/visual.2000.885677,A5068373092,1,"[""I5124864""]",True
10.1109/visual.2000.885677,A5006605050,2,"[""I5124864""]",True
10.1109/visual.2000.885677,A5033076979,3,"[""I5124864""]",True
10.1109/visual.2000.885714,A5109877953,1,"[""I185103710""]",True
10.1109/visual.2000.885714,A5046880557,2,"[""I185103710""]",True
10.1109/visual.2000.885714,A5031288407,3,"[""I185103710""]",True
10.1109/visual.2000.885696,A5029615266,1,"[""I97429440""]",True
10.1109/visual.2000.885696,A5047898395,2,"[""I97429440""]",True
10.1109/infvis.2000.885095,A5066502063,1,"[""I192396691""]",True
10.1109/infvis.2000.885088,A5000594918,1,"[""I4665924""]",True
10.1109/infvis.2000.885088,A5045855094,2,"[""I4665924""]",True
10.1109/infvis.2000.885088,A5039180428,3,"[""I4665924""]",True
10.1109/visual.2000.885689,A5091867930,1,[],True
10.1109/visual.2000.885689,A5075780861,2,[],True
10.1109/visual.2000.885689,A5111374231,3,[],True
10.1109/visual.2000.885729,A5035169954,1,"[""I181369854""]",True
10.1109/visual.2000.885729,A5031309490,2,"[""I100066346""]",True
10.1109/visual.2000.885729,A5112159044,3,"[""I181369854""]",True
10.1109/visual.2000.885729,A5112063129,4,"[""I100066346""]",True
10.1109/visual.2000.885729,A5038629539,5,"[""I181369854""]",True
10.1109/visual.2000.885686,A5001670475,1,"[""I188538660""]",True
10.1109/visual.2000.885686,A5082407088,2,"[""I188538660""]",True
10.1109/visual.2000.885686,A5062050694,3,"[""I188538660""]",True
10.1109/visual.2000.885686,A5057852152,4,"[""I188538660""]",True
10.1109/infvis.2000.885099,A5054328654,1,"[""I24603500""]",True
10.1109/infvis.2000.885099,A5034070218,2,"[""I24603500""]",True
10.1109/infvis.2000.885086,A5006225456,1,"[""I97018004""]",True
10.1109/infvis.2000.885086,A5111907242,2,"[""I97018004""]",True
10.1109/visual.2000.885675,A5053022580,1,"[""I59553526""]",True
10.1109/visual.2000.885675,A5004874377,2,"[""I59553526""]",True
10.1109/visual.2000.885675,A5068761590,3,"[""I59553526""]",True
10.1109/visual.2000.885675,A5111217403,4,"[""I59553526""]",True
10.1109/visual.2000.885675,A5039517392,5,"[""I59553526""]",True
10.1109/visual.2000.885675,A5108376919,6,"[""I59553526""]",True
10.1109/visual.2000.885688,A5068076769,1,"[""I100066346""]",True
10.1109/visual.2000.885688,A5048780291,2,"[""I223532165"", ""I100066346""]",True
10.1109/visual.2000.885688,A5038629539,3,"[""I887968799"", ""I223532165""]",True
10.1109/visual.2000.885724,A5022467818,1,"[""I1282311441""]",True
10.1109/visual.2000.885724,A5009460413,2,"[""I86519309""]",True
10.1109/visual.2000.885724,A5030896164,3,"[""I86519309""]",True
10.1109/visual.2000.885722,A5012116917,1,"[""I35440088"", ""I2799323385""]",True
10.1109/visual.2000.885722,A5033076979,2,[],True
10.1109/visual.2000.885740,A5016584097,1,"[""I1298353152""]",True
10.1109/visual.2000.885740,A5111990167,2,"[""I79272384""]",True
10.1109/visual.2000.885718,A5036061766,1,[],True
10.1109/visual.2000.885718,A5027313464,2,[],True
10.1109/visual.2000.885718,A5114253361,3,[],True
10.1109/visual.2000.885715,A5071758656,1,[],True
10.1109/visual.2000.885715,A5102789360,2,[],True
10.1109/visual.2000.885715,A5063603168,3,[],True
10.1109/visual.2000.885715,A5024074640,4,[],True
10.1109/visual.2000.885715,A5090775534,5,[],True
10.1109/visual.2000.885715,A5023480113,6,[],True
10.1109/visual.2000.885697,A5000755776,1,"[""I1343190059""]",True
10.1109/visual.2000.885697,A5025312015,2,"[""I145847075""]",True
10.1109/visual.2000.885697,A5051107402,3,"[""I190397597""]",True
10.1109/visual.2000.885697,A5109928029,4,"[""I145847075""]",True
10.1109/visual.2000.885745,A5052673316,1,"[""I4210114115""]",True
10.1109/visual.2000.885731,A5009031900,1,"[""I27804330""]",True
10.1109/visual.2000.885731,A5030179454,2,"[""I27804330""]",True
10.1109/visual.2000.885731,A5043007477,3,"[""I27804330""]",True
10.1109/visual.2000.885731,A5083523340,4,"[""I27804330""]",True
10.1109/visual.2000.885731,A5086539903,5,[],True
10.1109/visual.2000.885731,A5030897241,6,"[""I27804330""]",True
10.1109/visual.2000.885674,A5024608725,1,"[""I1327163397"", ""I59553526""]",True
10.1109/visual.2000.885674,A5108376919,2,"[""I1327163397"", ""I59553526""]",True
10.1109/visual.2000.885674,A5057461751,3,"[""I1327163397"", ""I59553526""]",True
10.1109/visual.2000.885674,A5041418280,4,[],True
10.1109/infvis.2000.885097,A5030384394,1,"[""I142606810""]",True
10.1109/infvis.2000.885097,A5007208627,2,"[""I142606810""]",True
10.1109/infvis.2000.885097,A5113478834,3,"[""I142606810""]",True
10.1109/infvis.2000.885097,A5027284423,4,"[""I142606810""]",True
10.1109/infvis.2000.885097,A5085748011,5,"[""I142606810""]",True
10.1109/visual.2000.885710,A5085208857,1,"[""I153267046""]",True
10.1109/visual.2000.885710,A5046667486,2,"[""I153267046""]",True
10.1109/visual.2000.885685,A5011999265,1,"[""I20089843""]",True
10.1109/visual.2000.885685,A5064425512,2,"[""I20089843""]",True
10.1109/visual.2000.885685,A5059219821,3,"[""I20089843""]",True
10.1109/visual.2000.885685,A5073826947,4,"[""I20089843""]",True
10.1109/visual.2000.885685,A5100399944,5,"[""I20089843""]",True
10.1109/infvis.2000.885104,A5045269847,1,"[""I1902872""]",True
10.1109/infvis.2000.885104,A5077897234,2,"[""I1902872""]",True
10.1109/infvis.2000.885104,A5112741249,3,"[""I1902872""]",True
10.1109/infvis.2000.885104,A5054027927,4,"[""I1902872""]",True
10.1109/infvis.2000.885104,A5009192910,5,[],True
10.1109/infvis.2000.885104,A5067957455,6,"[""I1902872""]",True
10.1109/infvis.2000.885090,A5091459619,1,[],True
10.1109/infvis.2000.885090,A5075308601,2,[],True
10.1109/infvis.2000.885090,A5070966718,3,[],True
10.1109/visual.2000.885736,A5052673316,1,"[""I4210114115""]",True
10.1109/visual.2000.885717,local:37a080fb56e39970,1,"[""I84218800""]",True
10.1109/visual.2000.885717,local:395a674832df2591,2,[],True
10.1109/visual.2000.885717,local:098e1dbbef0c9459,3,"[""I84218800""]",True
10.1109/visual.2000.885717,local:69267d5045b42593,4,"[""I84218800""]",True
10.1109/visual.2000.885717,local:7bb516eeb32e5e86,5,"[""I1282311441""]",True
10.1109/infvis.2000.885094,A5035953953,1,[],True
10.1109/infvis.2000.885094,A5023287214,2,[],True
10.1109/visual.2000.885733,A5064073240,1,[],True
10.1109/visual.2000.885733,A5052801042,2,[],True
10.1109/infvis.2000.885093,A5016480053,1,"[""I26120043""]",True
10.1109/infvis.2000.885093,A5045004921,2,"[""I26120043""]",True
10.1109/infvis.2000.885093,A5013207939,3,"[""I26120043""]",True
10.1109/infvis.2000.885093,A5067791733,4,"[""I26120043""]",True
10.1109/visual.2000.885732,A5080438656,1,[],True
10.1109/visual.2000.885732,A5086223886,2,[],True
10.1109/visual.2000.885732,A5084388481,3,[],True
10.1109/visual.2000.885732,A5101519023,4,"[""I145847075""]",True
10.1109/visual.2000.885732,A5109555554,5,"[""I145847075""]",True
10.1109/visual.2000.885732,A5110321988,6,"[""I190249584""]",True
10.1109/visual.2000.885723,A5069169190,1,"[""I130701444""]",True
10.1109/visual.2000.885723,A5067456877,2,[],True
10.1109/visual.2000.885707,A5000858152,1,"[""I191240316""]",True
10.1109/visual.2000.885707,A5062288739,2,"[""I130828816""]",True
10.1109/visual.2000.885707,A5061160324,3,"[""I130828816""]",True
10.1109/visual.2000.885681,A5041318398,1,"[""I55732556""]",True
10.1109/visual.2000.885681,A5110010093,2,"[""I55732556""]",True
10.1109/visual.2000.885709,A5073619125,1,"[""I8087733""]",True
10.1109/visual.2000.885709,A5043954263,2,"[""I8087733""]",True
10.1109/visual.2000.885709,A5034015949,3,"[""I8087733""]",True
10.1109/visual.2000.885672,A5045751338,1,"[""I8087733""]",True
10.1109/visual.2000.885672,A5109163772,2,"[""I8087733""]",True
10.1109/visual.2000.885742,A5038259784,1,"[""I84218800""]",True
10.1109/visual.2000.885742,A5037161857,2,"[""I63533367""]",True
10.1109/visual.2000.885742,A5017206270,3,"[""I84218800""]",True
10.1109/visual.2000.885742,A5055150195,4,"[""I63533367""]",True
10.1109/visual.2000.885706,A5013857042,1,"[""I223532165""]",True
10.1109/infvis.2000.885089,A5085053856,1,"[""I1283103587""]",True
10.1109/infvis.2000.885089,A5110217180,2,"[""I1283103587""]",True
10.1109/infvis.2000.885087,A5109881550,1,"[""I33976269"", ""I173498003""]",True
10.1109/infvis.2000.885087,A5045188560,2,"[""I97018004""]",True
10.1109/visual.2000.885737,A5081082727,1,"[""I102322142""]",True
10.1109/visual.2000.885737,A5112795492,2,"[""I102322142""]",True
10.1109/visual.2000.885737,A5018921434,3,"[""I102322142""]",True
10.1109/visual.2000.885737,A5042381427,4,"[""I102322142""]",True
10.1109/visual.2000.885734,A5087545747,1,"[""I102134673""]",True
10.1109/visual.2000.885734,A5023243503,2,"[""I102134673""]",True
10.1109/visual.2000.885734,A5109495591,3,"[""I102134673""]",True
10.1109/visual.2000.885734,A5048647256,4,"[""I102134673""]",True
10.1109/visual.2000.885728,A5073619125,1,"[""I8087733""]",True
10.1109/visual.2000.885708,A5111027772,1,"[""I223532165""]",True
10.1109/visual.2000.885701,A5007614889,1,"[""I145311948""]",True
10.1109/visual.2000.885701,A5088141761,2,"[""I145311948""]",True
10.1109/visual.2000.885676,A5070173161,1,[],True
10.1109/visual.2000.885673,A5091779580,1,"[""I2799272722""]",True
10.1109/visual.2000.885673,A5113597448,2,"[""I98381234""]",True
10.1109/infvis.2000.885103,A5048864545,1,"[""I198415970""]",True
10.1109/infvis.2000.885103,A5038635168,2,"[""I5124864""]",True
10.1109/visual.2000.885744,A5039737488,1,[],True
10.1109/visual.2000.885744,A5023834862,2,[],True
10.1109/visual.2000.885744,A5012448546,3,[],True
10.1109/visual.2000.885744,A5111653605,4,[],True
10.1109/visual.2000.885744,A5113734902,5,[],True
10.1109/visual.2000.885727,A5039842844,1,"[""I1288214837""]",True
10.1109/visual.2000.885727,A5088584992,2,"[""I1288214837""]",True
10.1109/visual.2000.885727,A5027968724,3,"[""I1288214837""]",True
10.1109/visual.2000.885727,A5084803112,4,"[""I1288214837""]",True
10.1109/visual.2000.885727,A5074812706,5,"[""I1288214837""]",True
10.1109/visual.2000.885727,A5025433401,6,"[""I1288214837""]",True
10.1109/visual.2000.885727,A5111430017,7,"[""I1288214837""]",True
10.1109/visual.2000.885727,A5083475713,8,"[""I1288214837""]",True
10.1109/visual.2000.885698,A5104270513,1,"[""I52357470""]",True
10.1109/visual.2000.885698,A5042570828,2,"[""I59553526""]",True
10.1109/visual.2000.885698,A5007182829,3,"[""I52357470""]",True
10.1109/visual.2000.885698,A5006952014,4,"[""I52357470""]",True
10.1109/visual.2000.885691,A5091077068,1,"[""I52357470""]",True
10.1109/visual.2000.885691,A5002832419,2,"[""I99041443""]",True
10.1109/visual.2000.885691,A5056355204,3,"[""I99041443""]",True
10.1109/infvis.2000.885096,A5058495937,1,"[""I63966007""]",True
10.1109/infvis.2000.885096,A5057979018,2,[],True
10.1109/visual.2000.885726,A5025312015,1,"[""I145847075""]",True
10.1109/visual.2000.885726,A5087614760,2,[],True
10.1109/visual.2000.885726,A5110321988,3,"[""I145847075""]",True
10.1109/visual.2000.885693,A5022167754,1,[],True
10.1109/visual.2000.885693,A5056895547,2,[],True
10.1109/visual.2000.885693,A5049659355,3,[],True
10.1109/infvis.2000.885105,A5057661347,1,"[""I204337017""]",True
10.1109/infvis.2000.885105,A5063561782,2,"[""I204337017""]",True
10.1109/infvis.2000.885105,A5019899330,3,"[""I204337017""]",True
10.1109/infvis.2000.885105,A5111902609,4,"[""I67415387""]",True
10.1109/infvis.2000.885105,A5113476228,5,"[""I67415387""]",True
10.1109/visual.2000.885743,A5068367960,1,"[""I191240316""]",True
10.1109/visual.2000.885743,A5111244981,2,"[""I-1""]",True
10.1109/visual.2000.885743,A5062463120,3,"[""I-1""]",True
10.1109/visual.2000.885743,A5087573299,4,"[""I191240316""]",True
10.1109/visual.2000.885741,A5002453409,1,"[""I36258959"", ""I181653535""]",True
10.1109/visual.2000.885741,A5009735497,2,"[""I36258959"", ""I181653535""]",True
10.1109/visual.2000.885735,A5029956777,1,"[""I-1""]",True
10.1109/visual.2000.885735,A5060853040,2,[],True
10.1109/visual.2000.885735,A5035230084,3,[],True
10.1109/visual.2000.885735,A5030588495,4,[],True
10.1109/visual.2000.885735,A5070949080,5,[],True
10.1109/visual.2000.885735,A5046834781,6,[],True
10.1109/visual.2000.885713,A5038998698,1,"[""I124227911""]",True
10.1109/visual.2000.885712,A5089915762,1,[],True
10.1109/visual.2000.885712,A5066590358,2,"[""I87097829"", ""I114027177""]",True
10.1109/visual.2000.885712,A5074768455,3,[],True
10.1109/visual.2000.885712,A5012950750,4,"[""I114027177""]",True
10.1109/visual.2000.885712,A5015538446,5,"[""I114027177""]",True
10.1109/visual.2000.885682,A5016192055,1,"[""I1327163397"", ""I59553526""]",True
10.1109/visual.2000.885682,A5049237676,2,"[""I1327163397"", ""I59553526""]",True
10.1109/visual.2000.885682,A5111960386,3,"[""I59553526"", ""I1327163397""]",True
10.1109/visual.2000.885738,A5030384394,1,[],True
10.1109/visual.2000.885738,A5044424052,2,[],True
10.1109/visual.2000.885738,A5087402778,3,[],True
10.1109/visual.2000.885738,A5066351376,4,[],True
10.1109/visual.2000.885738,A5049903568,5,[],True
10.1109/visual.2000.885738,A5044275844,6,[],True
10.1109/visual.2000.885730,A5005019090,1,"[""I86122600""]",True
10.1109/visual.2000.885730,A5103506691,2,"[""I130828816""]",True
10.1109/visual.2000.885730,A5032501372,3,"[""I130828816""]",True
10.1109/visual.2000.885725,A5069607494,1,"[""I44461941""]",True
10.1109/visual.2000.885725,A5108833512,2,"[""I45438204""]",True
10.1109/visual.2000.885719,A5089912211,1,"[""I4210104475"", ""I4210136308""]",True
10.1109/visual.2000.885719,A5078137076,2,"[""I899635006"", ""I1294671590"", ""I4210104475""]",True
10.1109/visual.2000.885702,A5091466289,1,"[""I59553526""]",True
10.1109/visual.2000.885702,A5110917883,2,"[""I59553526""]",True
10.1109/visual.2000.885702,A5030234652,3,"[""I59553526""]",True
10.1109/visual.2000.885702,A5028115021,4,[],True
10.1109/visual.2000.885700,A5047493562,1,"[""I4210114115""]",True
10.1109/visual.2000.885700,A5066231441,2,"[""I4210114115""]",True
10.1109/visual.2000.885700,A5037696368,3,"[""I47431100""]",True
10.1109/visual.2000.885700,A5000586573,4,"[""I4210114115""]",True
10.1109/visual.1999.809869,A5056912277,1,"[""I1290206253""]",True
10.1109/visual.1999.809883,A5023495279,1,"[""I137902535""]",True
10.1109/visual.1999.809883,A5106406020,2,"[""I137902535""]",True
10.1109/visual.1999.809883,A5076524203,3,"[""I137902535""]",True
10.1109/visual.1999.809883,A5100726331,4,"[""I137902535""]",True
10.1109/visual.1999.809883,A5000643470,5,"[""I137902535""]",True
10.1109/visual.1999.809883,A5111881847,6,"[""I87097829"", ""I137902535""]",True
10.1109/visual.1999.809883,A5031309249,7,[],True
10.1109/visual.1999.809883,A5014889758,8,"[""I137902535""]",True
10.1109/infvis.1999.801851,A5051025031,1,"[""I83019370""]",True
10.1109/infvis.1999.801851,A5043129522,2,"[""I-1"", ""I2802259095""]",True
10.1109/visual.1999.809896,A5030439152,1,[],True
10.1109/visual.1999.809896,A5018319080,2,[],True
10.1109/visual.1999.809894,A5013857042,1,"[""I223532165""]",True
10.1109/visual.1999.809894,A5045224825,2,"[""I223532165""]",True
10.1109/visual.1999.809894,A5052101351,3,[],True
10.1109/visual.1999.809908,A5003458777,1,[],True
10.1109/visual.1999.809908,A5077191719,2,"[""I84218800""]",True
10.1109/visual.1999.809908,A5114031893,3,[],True
10.1109/infvis.1999.801860,A5051025031,1,"[""I83019370""]",True
10.1109/infvis.1999.801860,A5025297422,2,"[""I83019370""]",True
10.1109/visual.1999.809910,A5065630217,1,"[""I52357470""]",True
10.1109/visual.1999.809910,A5083947664,2,"[""I1280536761""]",True
10.1109/visual.1999.809910,A5037161857,3,"[""I84218800""]",True
10.1109/visual.1999.809865,A5024074640,1,"[""I83019370""]",True
10.1109/visual.1999.809865,A5051025031,2,"[""I83019370""]",True
10.1109/visual.1999.809932,A5016480053,1,"[""I26120043""]",True
10.1109/visual.1999.809932,A5080411826,2,"[""I26120043""]",True
10.1109/visual.1999.809932,A5067791733,3,"[""I26120043""]",True
10.1109/visual.1999.809907,A5071857918,1,"[""I1341640284""]",True
10.1109/visual.1999.809907,A5060853040,2,[],True
10.1109/visual.1999.809863,A5030334093,1,"[""I84218800""]",True
10.1109/visual.1999.809863,A5101451813,2,"[""I153267046""]",True
10.1109/visual.1999.809863,A5077191719,3,"[""I84218800""]",True
10.1109/visual.1999.809863,A5114031893,4,"[""I84218800""]",True
10.1109/visual.1999.809905,A5083523340,1,"[""I175594653"", ""I27804330""]",True
10.1109/visual.1999.809905,A5014650495,2,"[""I27804330"", ""I175594653""]",True
10.1109/visual.1999.809905,A5030179454,3,"[""I175594653""]",True
10.1109/visual.1999.809886,A5045224825,1,"[""I223532165""]",True
10.1109/visual.1999.809886,A5013857042,2,"[""I223532165""]",True
10.1109/visual.1999.809890,A5007913345,1,"[""I97018004""]",True
10.1109/visual.1999.809890,A5018111215,2,"[""I97018004""]",True
10.1109/infvis.1999.801854,A5004824085,1,"[""I66946132""]",True
10.1109/infvis.1999.801854,A5016394531,2,"[""I66946132""]",True
10.1109/visual.1999.809892,A5088051797,1,"[""I181369854""]",True
10.1109/visual.1999.809892,A5031309490,2,"[""I181369854""]",True
10.1109/visual.1999.809892,A5005316185,3,"[""I181369854""]",True
10.1109/visual.1999.809892,A5038629539,4,"[""I181369854""]",True
10.1109/visual.1999.809902,A5030896164,1,"[""I86519309""]",True
10.1109/visual.1999.809902,A5009460413,2,"[""I86519309""]",True
10.1109/visual.1999.809902,A5024970295,3,"[""I86519309""]",True
10.1109/visual.1999.809866,A5004741568,1,"[""I107077323""]",True
10.1109/visual.1999.809866,A5102773082,2,"[""I107077323""]",True
10.1109/visual.1999.809866,A5008269094,3,"[""I107077323""]",True
10.1109/visual.1999.809885,A5028032741,1,"[""I114457229""]",True
10.1109/visual.1999.809885,A5097923558,2,[],True
10.1109/visual.1999.809885,A5046778702,3,"[""I114457229""]",True
10.1109/visual.1999.809885,A5015798012,4,"[""I114457229""]",True
10.1109/visual.1999.809909,A5086446492,1,"[""I52357470""]",True
10.1109/visual.1999.809909,A5060664606,2,"[""I52357470""]",True
10.1109/visual.1999.809909,A5097524419,3,[],True
10.1109/visual.1999.809879,A5113648718,1,"[""I223532165""]",True
10.1109/visual.1999.809879,A5065645994,2,"[""I223532165""]",True
10.1109/visual.1999.809868,A5000173125,1,"[""I8087733""]",True
10.1109/visual.1999.809868,A5010779666,2,[],True
10.1109/visual.1999.809868,A5109163772,3,[],True
10.1109/infvis.1999.801866,A5030384394,1,"[""I142606810""]",True
10.1109/infvis.1999.801866,A5073133012,2,"[""I142606810""]",True
10.1109/infvis.1999.801866,A5085748011,3,"[""I142606810""]",True
10.1109/infvis.1999.801855,A5023487102,1,"[""I241749""]",True
10.1109/infvis.1999.801855,A5057142727,2,"[""I241749""]",True
10.1109/infvis.1999.801855,A5026169371,3,[],True
10.1109/infvis.1999.801855,A5086487407,4,[],True
10.1109/visual.1999.809914,A5108376919,1,"[""I1327163397"", ""I59553526""]",True
10.1109/visual.1999.809914,A5049372719,2,"[""I1327163397"", ""I59553526""]",True
10.1109/visual.1999.809914,A5107868159,3,"[""I1327163397"", ""I59553526""]",True
10.1109/visual.1999.809914,A5100425176,4,"[""I1327163397"", ""I59553526""]",True
10.1109/visual.1999.809914,A5035834003,5,"[""I1327163397"", ""I59553526""]",True
10.1109/visual.1999.809884,A5109885375,1,"[""I4210115305"", ""I143379178""]",True
10.1109/visual.1999.809884,A5034349335,2,"[""I143379178""]",True
10.1109/visual.1999.809884,A5059426440,3,"[""I143379178""]",True
10.1109/visual.1999.809884,A5078268469,4,"[""I143379178""]",True
10.1109/visual.1999.809884,A5005981646,5,"[""I143379178""]",True
10.1109/visual.1999.809934,A5062554035,1,"[""I100066346""]",True
10.1109/visual.1999.809934,A5038629539,2,"[""I100066346""]",True
10.1109/visual.1999.809877,A5038998698,1,"[""I59553526"", ""I124227911""]",True
10.1109/visual.1999.809877,A5083145026,2,"[""I59553526""]",True
10.1109/visual.1999.809877,A5086440196,3,"[""I59553526""]",True
10.1109/visual.1999.809911,A5108376919,1,"[""I1327163397""]",True
10.1109/visual.1999.809911,A5107868159,2,"[""I1327163397""]",True
10.1109/visual.1999.809911,A5030219659,3,"[""I1280536761""]",True
10.1109/visual.1999.809891,A5111991604,1,"[""I74786994""]",True
10.1109/visual.1999.809891,A5030139366,2,"[""I74786994""]",True
10.1109/visual.1999.809891,A5106486061,3,"[""I74786994""]",True
10.1109/visual.1999.809891,A5087319127,4,"[""I165799507""]",True
10.1109/visual.1999.10189410,A5036688260,1,"[""I16391192""]",True
10.1109/visual.1999.10189410,A5101994805,2,"[""I16391192""]",True
10.1109/visual.1999.10189410,A5068010140,3,"[""I16391192""]",True
10.1109/visual.1999.809930,A5108189263,1,"[""I1283103587""]",True
10.1109/visual.1999.809930,A5033953993,2,"[""I4210098935"", ""I1283103587""]",True
10.1109/visual.1999.809930,A5017132521,3,"[""I1283103587"", ""I4210098935""]",True
10.1109/visual.1999.809930,A5073919282,4,"[""I1283103587"", ""I4210098935""]",True
10.1109/visual.1999.809893,A5008307990,1,"[""I4210119109""]",True
10.1109/visual.1999.809893,A5030703335,2,"[""I4210119109""]",True
10.1109/visual.1999.809906,A5013009875,1,"[""I185103710""]",True
10.1109/visual.1999.809906,A5028982390,2,"[""I1280536761""]",True
10.1109/visual.1999.809906,A5016076717,3,"[""I185103710""]",True
10.1109/visual.1999.809878,A5035169954,1,"[""I100066346""]",True
10.1109/visual.1999.809878,A5029621326,2,"[""I223532165""]",True
10.1109/visual.1999.809878,A5038629539,3,"[""I100066346""]",True
10.1109/visual.1999.809889,A5017152441,1,"[""I8087733""]",True
10.1109/visual.1999.809889,A5060873298,2,"[""I8087733""]",True
10.1109/visual.1999.809889,A5109163772,3,[],True
10.1109/visual.1999.809887,A5045484599,1,"[""I1327163397""]",True
10.1109/visual.1999.809887,A5107868159,2,"[""I1327163397""]",True
10.1109/visual.1999.809901,A5000147776,1,"[""I130701444""]",True
10.1109/visual.1999.809901,A5113498324,2,"[""I130701444""]",True
10.1109/visual.1999.809901,A5111760033,3,"[""I130701444""]",True
10.1109/visual.1999.809897,A5029336209,1,"[""I153267046""]",True
10.1109/visual.1999.809897,A5000413604,2,"[""I153267046""]",True
10.1109/visual.1999.809897,A5108428297,3,"[""I153267046""]",True
10.1109/visual.1999.809876,A5009229122,1,[],True
10.1109/visual.1999.809876,A5112630184,2,[],True
10.1109/infvis.1999.801853,A5028125399,1,"[""I173498003""]",True
10.1109/infvis.1999.801853,A5109035905,2,"[""I173498003""]",True
10.1109/visual.1999.809873,A5081043223,1,"[""I99041443""]",True
10.1109/visual.1999.809873,A5030169430,2,"[""I99041443"", ""I4210126846""]",True
10.1109/visual.1999.809873,A5002832419,3,"[""I99041443""]",True
10.1109/visual.1999.809873,A5043110166,4,"[""I99041443""]",True
10.1109/visual.1999.809870,A5035560254,1,[],True
10.1109/visual.1999.809870,A5037174849,2,"[""I5124864""]",True
10.1109/visual.1999.809870,A5084203791,3,"[""I4210114115""]",True
10.1109/visual.1999.809870,A5003584200,4,"[""I1283103587""]",True
10.1109/infvis.1999.801869,A5079916657,1,"[""I97018004""]",True
10.1109/infvis.1999.801869,A5037702709,2,"[""I97018004""]",True
10.1109/infvis.1999.801869,A5101940061,3,"[""I1290206253"", ""I4210164937""]",True
10.1109/visual.1999.809912,A5037765669,1,"[""I8087733""]",True
10.1109/visual.1999.809912,A5109163772,2,[],True
10.1109/visual.1999.809912,A5020980773,3,"[""I4210125796""]",True
10.1109/visual.1999.809912,A5009110174,4,"[""I4210125796""]",True
10.1109/visual.1999.809904,A5102789360,1,"[""I135140700""]",True
10.1109/visual.1999.809904,A5063603168,2,"[""I135140700""]",True
10.1109/visual.1999.809898,A5089912211,1,"[""I1294671590""]",True
10.1109/infvis.1999.801859,A5002586775,1,"[""I190082696"", ""I161057412""]",True
10.1109/infvis.1999.801859,A5043713217,2,"[""I161057412"", ""I179093154""]",True
10.1109/visual.1999.809918,A5045289712,1,"[""I100066346"", ""I181369854"", ""I1283382300""]",True
10.1109/visual.1999.809918,A5057364804,2,"[""I4210135397""]",True
10.1109/visual.1999.809918,A5088613243,3,[],True
10.1109/visual.1999.809918,A5038629539,4,"[""I100066346""]",True
10.1109/visual.1999.809874,A5051526909,1,"[""I97018004""]",True
10.1109/visual.1999.809874,A5110998886,2,[],True
10.1109/visual.1999.809916,A5054742697,1,"[""I185103710""]",True
10.1109/visual.1999.809916,A5016076717,2,"[""I185103710""]",True
10.1109/infvis.1999.801852,A5006225456,1,"[""I97018004""]",True
10.1109/infvis.1999.801852,A5061762301,2,"[""I97018004""]",True
10.1109/infvis.1999.801852,A5018111215,3,"[""I97018004""]",True
10.1109/infvis.1999.801852,A5111830942,4,"[""I97018004""]",True
10.1109/visual.1999.809927,A5018100309,1,"[""I59433898""]",True
10.1109/visual.1999.809927,A5067426492,2,"[""I43439940""]",True
10.1109/visual.1999.809900,A5100427270,1,"[""I59553526"", ""I1327163397""]",True
10.1109/visual.1999.809900,A5050639579,2,"[""I1288214837""]",True
10.1109/visual.1999.809900,A5053402290,3,[],True
10.1109/visual.1999.809900,A5039517392,4,"[""I1327163397"", ""I59553526""]",True
10.1109/visual.1999.809864,A5041506287,1,"[""I1280536761""]",True
10.1109/visual.1999.809864,A5069863105,2,[],True
10.1109/infvis.1999.801865,A5079183364,1,"[""I16391192""]",True
10.1109/infvis.1999.801865,A5019521984,2,"[""I16391192""]",True
10.1109/visual.1999.809924,A5036650002,1,"[""I130701444""]",True
10.1109/visual.1999.809924,A5110208682,2,"[""I130701444""]",True
10.1109/visual.1999.809924,A5020708681,3,"[""I130701444""]",True
10.1109/visual.1999.809924,A5051599395,4,[],True
10.1109/visual.1999.809924,A5035290663,5,"[""I130701444""]",True
10.1109/visual.1999.809917,A5068638895,1,[],True
10.1109/visual.1999.809917,A5088230024,2,[],True
10.1109/visual.1999.809917,A5044031615,3,[],True
10.1109/visual.1999.809903,A5091018063,1,"[""I192454743"", ""I4210104735""]",True
10.1109/visual.1999.809903,A5103175735,2,"[""I169521973""]",True
10.1109/visual.1999.809875,A5066231441,1,"[""I4210114115""]",True
10.1109/visual.1999.809875,A5027362873,2,"[""I1283103587""]",True
10.1109/infvis.1999.801862,A5008880046,1,"[""I74973139""]",True
10.1109/infvis.1999.801862,A5045317869,2,"[""I74973139""]",True
10.1109/infvis.1999.801862,A5077257816,3,"[""I74973139""]",True
10.1109/infvis.1999.801862,A5109216322,4,"[""I74973139""]",True
10.1109/visual.1999.809923,A5054445163,1,"[""I200576644""]",True
10.1109/visual.1999.809923,A5049042655,2,"[""I200576644""]",True
10.1109/visual.1999.809923,A5113967834,3,"[""I200576644""]",True
10.1109/visual.1999.809923,A5035945344,4,"[""I200576644""]",True
10.1109/visual.1999.809919,A5091018063,1,"[""I4210104735"", ""I192454743""]",True
10.1109/visual.1999.809919,A5110068428,2,"[""I169521973""]",True
10.1109/visual.1999.809882,A5040961656,1,"[""I194028371""]",True
10.1109/visual.1999.809882,A5111374621,2,"[""I194028371""]",True
10.1109/visual.1999.809882,A5018584803,3,"[""I126744593""]",True
10.1109/visual.1999.809882,A5103351381,4,"[""I1306266525""]",True
10.1109/visual.1999.809872,A5010714340,1,"[""I1327163397""]",True
10.1109/visual.1999.809872,A5049302273,2,"[""I1327163397""]",True
10.1109/visual.1999.809872,A5039517392,3,"[""I1327163397""]",True
10.1109/infvis.1999.801863,A5073517181,1,"[""I44896327""]",True
10.1109/infvis.1999.801861,A5111503347,1,"[""I203951103""]",True
10.1109/infvis.1999.801861,A5064086312,2,"[""I203951103""]",True
10.1109/infvis.1999.801861,A5033951918,3,"[""I203951103""]",True
10.1109/visual.1999.809895,A5029336209,1,"[""I153267046""]",True
10.1109/visual.1999.809895,A5028810096,2,[],True
10.1109/visual.1999.809895,A5108428297,3,[],True
10.1109/infvis.1999.801867,A5101997668,1,"[""I1324840837""]",True
10.1109/infvis.1999.801867,A5045738980,2,"[""I1324840837""]",True
10.1109/infvis.1999.801867,A5002030068,3,"[""I1324840837""]",True
10.1109/infvis.1999.801867,A5018138503,4,"[""I1324840837""]",True
10.1109/infvis.1999.801867,A5050501251,5,"[""I1324840837""]",True
10.1109/infvis.1999.801857,A5035953953,1,[],True
10.1109/infvis.1999.801857,A5054762743,2,[],True
10.1109/infvis.1999.801857,A5023287214,3,[],True
10.1109/visual.1999.809929,A5091393556,1,"[""I4210114115""]",True
10.1109/visual.1999.809929,A5045306550,2,"[""I4210114115""]",True
10.1109/visual.1999.809929,A5042069415,3,"[""I-1""]",True
10.1109/visual.1999.809929,A5058829886,4,[],True
10.1109/visual.1999.809922,A5078275988,1,"[""I4210110792""]",True
10.1109/visual.1999.809922,A5001619806,2,[],True
10.1109/visual.1999.809922,A5073919810,3,"[""I1326498283"", ""I4210127166""]",True
10.1109/visual.1999.809922,A5108607908,4,"[""I1326498283"", ""I4210127166""]",True
10.1109/visual.1999.809921,A5101179807,1,"[""I859038795""]",True
10.1109/visual.1999.809921,A5111543429,2,"[""I859038795""]",True
10.1109/visual.1999.809921,A5012542741,3,"[""I859038795""]",True
10.1109/visual.1999.809921,A5114184933,4,"[""I859038795""]",True
10.1109/visual.1999.809921,A5113953679,5,"[""I33213144""]",True
10.1109/visual.1999.809921,A5103585576,6,"[""I859038795""]",True
10.1109/visual.1999.809921,A5068161656,7,"[""I859038795""]",True
10.1109/visual.1999.809920,A5028145840,1,"[""I29955533""]",True
10.1109/visual.1999.809920,A5037010935,2,"[""I29955533""]",True
10.1109/visual.1999.809920,A5083349475,3,"[""I29955533""]",True
10.1109/visual.1999.809920,A5113602591,4,[],True
10.1109/visual.1999.809920,A5086339713,5,"[""I223822909"", ""I4210091772""]",True
10.1109/visual.1999.809899,A5110010093,1,"[""I55732556""]",True
10.1109/visual.1999.809899,A5110533822,2,"[""I55732556""]",True
10.1109/visual.1999.809899,A5041318398,3,"[""I55732556""]",True
10.1109/visual.1999.809871,A5037161857,1,"[""I84218800""]",True
10.1109/visual.1999.809936,A5091823247,1,"[""I107077323""]",True
10.1109/visual.1999.809936,A5056560522,2,[],True
10.1109/visual.1999.809936,A5021174692,3,[],True
10.1109/infvis.1999.801864,A5006143467,1,"[""I69722833""]",True
10.1109/infvis.1999.801864,A5007761892,2,"[""I69722833""]",True
10.1109/infvis.1999.801864,A5017707755,3,"[""I69722833""]",True
10.1109/infvis.1999.801858,A5004741568,1,"[""I107077323""]",True
10.1109/infvis.1999.801858,A5102773082,2,"[""I107077323""]",True
10.1109/infvis.1999.801858,A5008269094,3,"[""I107077323""]",True
10.1109/infvis.1999.801856,A5024055519,1,"[""I74973139""]",True
10.1109/infvis.1999.801856,A5041617337,2,"[""I74973139""]",True
10.1109/infvis.1999.801856,A5010595292,3,"[""I74973139""]",True
10.1109/visual.1999.809926,A5068367960,1,"[""I-1""]",True
10.1109/visual.1999.809926,A5111244981,2,"[""I191240316""]",True
10.1109/visual.1999.809926,A5062463120,3,"[""I191240316""]",True
10.1109/visual.1999.809926,A5112799389,4,"[""I191240316""]",True
10.1109/visual.1999.809915,A5042797107,1,"[""I223532165""]",True
10.1109/visual.1999.809915,A5052585693,2,"[""I223532165""]",True
10.1109/visual.1999.809915,A5008350531,3,"[""I223532165""]",True
10.1109/infvis.1999.801868,A5108554343,1,"[""I138006243""]",True
10.1109/visual.1999.809931,A5008453389,1,"[""I-1""]",True
10.1109/visual.1999.809931,A5034781038,2,"[""I-1""]",True
10.1109/visual.1999.809931,A5016367490,3,"[""I-1""]",True
10.1109/visual.1999.809925,A5002108227,1,[],True
10.1109/visual.1999.809925,A5005963720,2,"[""I4401726748""]",True
10.1109/visual.1999.809925,A5108473644,3,"[""I-1"", ""I4210134052""]",True
10.1109/visual.1999.809913,A5052011548,1,"[""I1299022934"", ""I1299303238""]",True
10.1109/visual.1999.809913,A5009611685,2,"[""I126744593""]",True
10.1109/visual.1999.809888,A5007037399,1,"[""I4210159266"", ""I146094533""]",True
10.1109/visual.1998.745282,A5056912277,1,"[""I1290206253""]",True
10.1109/visual.1998.745312,A5024606205,1,"[""I74973139""]",True
10.1109/visual.1998.745312,A5045693423,2,"[""I74973139""]",True
10.1109/infvis.1998.729559,A5012329609,1,"[""I8204097""]",True
10.1109/infvis.1998.729559,A5036678816,2,"[""I1283103587""]",True
10.1109/infvis.1998.729559,A5073919282,3,"[""I68956291""]",True
10.1109/visual.1998.745713,A5111046341,1,"[""I223532165""]",True
10.1109/visual.1998.745713,A5010940488,2,"[""I223532165""]",True
10.1109/visual.1998.745713,A5031117535,3,"[""I223532165""]",True
10.1109/visual.1998.745713,A5065645994,4,"[""I223532165""]",True
10.1109/visual.1998.745713,A5042859241,5,"[""I223532165""]",True
10.1109/visual.1998.745314,A5085342992,1,"[""I130701444""]",True
10.1109/visual.1998.745314,A5067456877,2,"[""I130701444""]",True
10.1109/visual.1998.745280,A5000147776,1,"[""I35440088""]",True
10.1109/visual.1998.745296,A5018319080,1,"[""I35440088""]",True
10.1109/visual.1998.745296,A5030439152,2,"[""I35440088""]",True
10.1109/visual.1998.745294,A5030179454,1,"[""I122411786""]",True
10.1109/visual.1998.745294,A5025533535,2,"[""I122411786""]",True
10.1109/visual.1998.745294,A5034216581,3,"[""I122411786""]",True
10.1109/visual.1998.745294,A5011416152,4,"[""I122411786""]",True
10.1109/visual.1998.745294,A5027132236,5,"[""I122411786""]",True
10.1109/visual.1998.745294,A5003062993,6,"[""I1282927834""]",True
10.1109/visual.1998.745299,A5070100758,1,[],True
10.1109/visual.1998.745299,A5040827349,2,"[""I4210114115""]",True
10.1109/visual.1998.745299,A5030139366,3,"[""I74786994""]",True
10.1109/visual.1998.745300,A5031117535,1,"[""I223532165""]",True
10.1109/visual.1998.745300,A5075684986,2,"[""I223532165""]",True
10.1109/visual.1998.745297,A5074943736,1,"[""I1280536761""]",True
10.1109/visual.1998.745311,A5089069817,1,"[""I4210108711"", ""I159176309""]",True
10.1109/visual.1998.745311,A5111683172,2,"[""I4210108711"", ""I159176309""]",True
10.1109/visual.1998.745311,A5109182210,3,"[""I159176309"", ""I4210108711""]",True
10.1109/visual.1998.745329,A5032301842,1,"[""I5124864""]",True
10.1109/visual.1998.745329,A5033076979,2,"[""I5124864""]",True
10.1109/visual.1998.745286,A5043880698,1,"[""I63966007""]",True
10.1109/visual.1998.745286,A5042550106,2,"[""I63966007""]",True
10.1109/infvis.1998.729557,A5109918057,1,"[""I74973139""]",True
10.1109/visual.1998.745283,A5018924195,1,"[""I83816512""]",True
10.1109/visual.1998.745283,A5027120705,2,"[""I83816512""]",True
10.1109/visual.1998.745283,A5018876607,3,"[""I4210137033""]",True
10.1109/visual.1998.745302,A5109857294,1,"[""I142606810""]",True
10.1109/visual.1998.745302,A5030384394,2,[],True
10.1109/visual.1998.745302,A5109081047,3,"[""I1343871089""]",True
10.1109/visual.1998.745302,A5113478834,4,[],True
10.1109/visual.1998.745301,A5073919282,1,"[""I68956291""]",True
10.1109/visual.1998.745301,A5082779100,2,"[""I68956291""]",True
10.1109/visual.1998.745285,A5049441601,1,"[""I122991210""]",True
10.1109/visual.1998.745285,A5031490866,2,"[""I122991210""]",True
10.1109/visual.1998.745285,A5022108314,3,"[""I122991210""]",True
10.1109/visual.1998.745285,A5013546425,4,"[""I122991210""]",True
10.1109/infvis.1998.729563,A5019756314,1,"[""I130769515""]",True
10.1109/infvis.1998.729563,A5035109799,2,"[""I130769515""]",True
10.1109/infvis.1998.729563,A5017588199,3,"[""I130769515""]",True
10.1109/infvis.1998.729563,A5113496002,4,"[""I4210158283"", ""I1330589705""]",True
10.1109/infvis.1998.729558,A5068425605,1,"[""I1343871089""]",True
10.1109/visual.1998.745333,A5045504703,1,"[""I98358874""]",True
10.1109/visual.1998.745333,A5023711681,2,"[""I98358874""]",True
10.1109/visual.1998.745333,A5112758895,3,"[""I99065089""]",True
10.1109/visual.1998.745333,A5112628805,4,"[""I99041443""]",True
10.1109/visual.1998.745333,A5068638895,5,"[""I2898391981""]",True
10.1109/visual.1998.745319,A5004575115,1,"[""I55769427""]",True
10.1109/visual.1998.745319,A5008472566,2,"[""I55769427""]",True
10.1109/visual.1998.745319,A5010917418,3,"[""I55769427""]",True
10.1109/visual.1998.745317,A5058007277,1,"[""I129774422"", ""I4210088715""]",True
10.1109/visual.1998.745317,A5110321988,2,[],True
10.1109/visual.1998.745315,A5085521539,1,"[""I84218800""]",True
10.1109/visual.1998.745315,A5077191719,2,"[""I84218800""]",True
10.1109/visual.1998.745315,A5114031893,3,"[""I84218800""]",True
10.1109/visual.1998.745315,A5028906205,4,"[""I84218800""]",True
10.1109/visual.1998.745309,A5070670810,1,"[""I52357470""]",True
10.1109/visual.1998.745309,A5006952014,2,"[""I52357470""]",True
10.1109/visual.1998.745291,A5081133008,1,"[""I97018004""]",True
10.1109/visual.1998.745291,A5110914530,2,"[""I13805885""]",True
10.1109/visual.1998.745291,A5110998886,3,"[""I97018004""]",True
10.1109/visual.1998.745288,A5112795492,1,"[""I102322142""]",True
10.1109/visual.1998.745288,A5038405087,2,"[""I102322142""]",True
10.1109/infvis.1998.729570,A5000374095,1,"[""I142606810""]",True
10.1109/infvis.1998.729570,A5073133012,2,"[""I142606810""]",True
10.1109/infvis.1998.729570,A5081083896,3,"[""I142606810""]",True
10.1109/infvis.1998.729570,A5085748011,4,"[""I142606810""]",True
10.1109/visual.1998.745298,A5065630217,1,[],True
10.1109/visual.1998.745295,A5043255121,1,"[""I66906201""]",True
10.1109/visual.1998.745295,A5111962621,2,"[""I66906201""]",True
10.1109/visual.1998.745295,A5023421968,3,"[""I66906201""]",True
10.1109/visual.1998.745295,A5032999390,4,"[""I66906201""]",True
10.1109/infvis.1998.729568,A5023762861,1,"[""I193531525""]",True
10.1109/infvis.1998.729568,A5018584803,2,"[""I79272384""]",True
10.1109/infvis.1998.729568,A5065631636,3,"[""I193531525""]",True
10.1109/visual.1998.745284,A5030896164,1,[],True
10.1109/visual.1998.745284,A5009460413,2,[],True
10.1109/visual.1998.745284,A5061183466,3,"[""I1282311441""]",True
10.1109/visual.1998.745303,A5048743653,1,"[""I91045830""]",True
10.1109/visual.1998.745303,A5065450674,2,"[""I4391767840"", ""I108464949""]",True
10.1109/visual.1998.745344,A5012750622,1,"[""I1288214837""]",True
10.1109/visual.1998.745344,A5050639579,2,"[""I1288214837""]",True
10.1109/visual.1998.745344,A5061160663,3,"[""I1288214837""]",True
10.1109/visual.1998.745344,A5029096599,4,"[""I1288214837""]",True
10.1109/visual.1998.745344,A5071070416,5,"[""I1288214837""]",True
10.1109/visual.1998.745344,A5111988164,6,[],True
10.1109/visual.1998.745344,A5047521612,7,"[""I1288214837"", ""I130701444""]",True
10.1109/visual.1998.745344,A5062771767,8,"[""I173911158"", ""I1288214837""]",True
10.1109/visual.1998.745344,A5109455937,9,[],True
10.1109/visual.1998.745337,A5009229122,1,"[""I2800759272""]",True
10.1109/visual.1998.745337,A5009133136,2,"[""I2800759272""]",True
10.1109/visual.1998.745337,A5047985305,3,"[""I2800759272""]",True
10.1109/visual.1998.745337,A5058034886,4,[],True
10.1109/infvis.1998.729553,A5066452819,1,"[""I2800780207""]",True
10.1109/infvis.1998.729553,A5033922620,2,"[""I67415387""]",True
10.1109/visual.1998.745322,A5008522968,1,"[""I100005738""]",True
10.1109/visual.1998.745322,A5011328209,2,"[""I100005738""]",True
10.1109/visual.1998.745305,A5051307646,1,"[""I114027177""]",True
10.1109/visual.1998.745305,A5112223393,2,"[""I114027177""]",True
10.1109/visual.1998.745305,A5090414723,3,"[""I114027177""]",True
10.1109/visual.1998.745305,A5113554717,4,"[""I114027177""]",True
10.1109/visual.1998.745289,A5063273054,1,"[""I1280536761""]",True
10.1109/infvis.1998.729555,A5039944209,1,"[""I197347611""]",True
10.1109/infvis.1998.729555,A5016076717,2,"[""I185103710""]",True
10.1109/visual.1998.745327,A5035560254,1,"[""I4210114115""]",True
10.1109/visual.1998.745327,A5084203791,2,"[""I4210114115""]",True
10.1109/visual.1998.745327,A5044057604,3,"[""I1294671590""]",True
10.1109/visual.1998.745327,A5089328357,4,"[""I4210114115""]",True
10.1109/infvis.1998.729565,A5111504608,1,"[""I93085520""]",True
10.1109/infvis.1998.729567,A5079135329,1,"[""I4210122684""]",True
10.1109/infvis.1998.729556,A5113979435,1,"[""I1283103587""]",True
10.1109/visual.1998.745332,A5056785820,1,"[""I185103710""]",True
10.1109/visual.1998.745332,A5016076717,2,"[""I185103710""]",True
10.1109/visual.1998.745332,A5110091560,3,[],True
10.1109/visual.1998.745316,A5055407434,1,"[""I185103710""]",True
10.1109/visual.1998.745316,A5016076717,2,"[""I185103710""]",True
10.1109/visual.1998.745310,A5079085366,1,"[""I4210091615"", ""I1306430637""]",True
10.1109/visual.1998.745310,A5039517392,2,"[""I59553526"", ""I1327163397""]",True
10.1109/infvis.1998.729560,A5016650559,1,"[""I130238516""]",True
10.1109/infvis.1998.729560,A5028357447,2,"[""I130238516""]",True
10.1109/visual.1998.745343,A5019266989,1,"[""I4210104735""]",True
10.1109/visual.1998.745324,A5110497903,1,[],True
10.1109/visual.1998.745324,A5076564852,2,"[""I1341640284""]",True
10.1109/visual.1998.745292,A5013460936,1,"[""I137902535""]",True
10.1109/visual.1998.745292,A5070010340,2,"[""I137902535""]",True
10.1109/visual.1998.745330,A5052673316,1,"[""I4210114115""]",True
10.1109/visual.1998.745306,A5069607494,1,"[""I45438204""]",True
10.1109/visual.1998.745306,A5111699781,2,"[""I45438204""]",True
10.1109/visual.1998.745348,A5068367960,1,"[""I191240316""]",True
10.1109/visual.1998.745348,A5062463120,2,"[""I191240316""]",True
10.1109/visual.1998.745348,A5111244981,3,"[""I191240316""]",True
10.1109/visual.1998.745348,A5087573299,4,"[""I191240316""]",True
10.1109/visual.1998.745281,A5030604423,1,[],True
10.1109/visual.1998.745281,A5076199482,2,"[""I139084617""]",True
10.1109/visual.1998.745281,A5017178896,3,"[""I139084617""]",True
10.1109/infvis.1998.729561,A5005055897,1,"[""I174306211""]",True
10.1109/infvis.1998.729561,A5031718735,2,"[""I53964585""]",True
10.1109/infvis.1998.729561,A5109259472,3,"[""I174306211""]",True
10.1109/infvis.1998.729561,A5052702092,4,"[""I53964585""]",True
10.1109/visual.1998.745351,A5012542741,1,"[""I859038795""]",True
10.1109/visual.1998.745351,A5084897593,2,"[""I201448701"", ""I46020346""]",True
10.1109/visual.1998.745351,A5068161656,3,"[""I859038795""]",True
10.1109/visual.1998.745347,A5018921434,1,"[""I102322142""]",True
10.1109/visual.1998.745347,A5081082727,2,"[""I102322142""]",True
10.1109/visual.1998.745347,A5040011600,3,"[""I102322142""]",True
10.1109/visual.1998.745347,A5112795492,4,"[""I102322142""]",True
10.1109/visual.1998.745342,A5036650002,1,"[""I130701444""]",True
10.1109/visual.1998.745342,A5020708681,2,"[""I130701444""]",True
10.1109/visual.1998.745342,A5110208682,3,"[""I130701444""]",True
10.1109/visual.1998.745342,A5108373086,4,"[""I130701444""]",True
10.1109/visual.1998.745326,A5030703335,1,"[""I4210119109""]",True
10.1109/visual.1998.745290,A5111480813,1,"[""I1174212""]",True
10.1109/visual.1998.745290,A5006918685,2,"[""I1174212""]",True
10.1109/infvis.1998.729562,A5068373092,1,"[""I5124864""]",True
10.1109/infvis.1998.729562,A5033076979,2,"[""I5124864""]",True
10.1109/infvis.1998.729562,A5026701677,3,"[""I5124864""]",True
10.1109/infvis.1998.729562,A5021431373,4,"[""I5124864""]",True
10.1109/visual.1998.745321,A5015622039,1,"[""I181369854""]",True
10.1109/visual.1998.745321,A5056124181,2,"[""I181369854""]",True
10.1109/visual.1998.745350,A5088584992,1,"[""I-1"", ""I1288214837""]",True
10.1109/visual.1998.745350,A5070668582,2,[],True
10.1109/visual.1998.745350,A5050639579,3,"[""I1288214837""]",True
10.1109/visual.1998.745350,A5062104077,4,"[""I1288214837""]",True
10.1109/visual.1998.745350,A5047029982,5,"[""I1288214837""]",True
10.1109/visual.1998.745350,A5053402290,6,"[""I1288214837""]",True
10.1109/visual.1998.745346,A5068712059,1,"[""I1343871089""]",True
10.1109/visual.1998.745346,A5021857730,2,"[""I1343871089""]",True
10.1109/visual.1998.745340,A5019023365,1,"[""I1282311441""]",True
10.1109/visual.1998.745325,A5082712854,1,"[""I52357470""]",True
10.1109/visual.1998.745325,A5060664606,2,[],True
10.1109/visual.1998.745325,A5088016700,3,"[""I52357470""]",True
10.1109/visual.1998.745323,A5111478001,1,[],True
10.1109/visual.1998.745323,A5111748591,2,"[""I887064364""]",True
10.1109/visual.1998.745323,A5025974897,3,"[""I83019370""]",True
10.1109/visual.1998.745307,A5076564852,1,"[""I1341640284""]",True
10.1109/visual.1998.745307,A5054681723,2,"[""I1341640284""]",True
10.1109/visual.1998.745307,A5110497903,3,"[""I1341640284""]",True
10.1109/visual.1998.745304,A5078466092,1,"[""I4210152224"", ""I206945453""]",True
10.1109/infvis.1998.729564,A5110506074,1,"[""I74973139""]",True
10.1109/infvis.1998.729564,A5049259877,2,"[""I170201317""]",True
10.1109/infvis.1998.729564,A5016181027,3,"[""I74973139""]",True
10.1109/infvis.1998.729564,A5031400973,4,"[""I170201317""]",True
10.1109/infvis.1998.729564,A5109216322,5,"[""I74973139""]",True
10.1109/infvis.1998.729554,A5110217180,1,"[""I20089843""]",True
10.1109/infvis.1998.729554,A5004766305,2,"[""I20089843""]",True
10.1109/visual.1998.745338,A5005221682,1,"[""I4210087747""]",True
10.1109/visual.1998.745338,A5066572455,2,"[""I4210087747""]",True
10.1109/visual.1998.745338,A5062478612,3,"[""I4210087747""]",True
10.1109/visual.1998.745334,A5009538779,1,"[""I18014758""]",True
10.1109/visual.1998.745334,A5057491936,2,"[""I18014758""]",True
10.1109/visual.1998.745334,A5014744525,3,"[""I18014758""]",True
10.1109/visual.1998.745334,A5066760437,4,"[""I18014758""]",True
10.1109/visual.1998.745328,A5025418746,1,"[""I4577782""]",True
10.1109/visual.1998.745328,A5027138169,2,"[""I4577782""]",True
10.1109/visual.1998.745328,A5008980835,3,"[""I4577782""]",True
10.1109/visual.1998.745318,A5067708245,1,"[""I55732556""]",True
10.1109/visual.1998.745318,A5067871964,2,"[""I55732556""]",True
10.1109/visual.1998.745318,A5069933095,3,"[""I55732556""]",True
10.1109/infvis.1998.729566,A5060791463,1,"[""I185103710"", ""I2803209242""]",True
10.1109/infvis.1998.729566,A5022008321,2,"[""I185103710""]",True
10.1109/infvis.1998.729566,A5016076717,3,"[""I185103710""]",True
10.1109/visual.1998.745336,A5108743532,1,"[""I4210135837"", ""I4210151352""]",True
10.1109/visual.1998.745336,A5073076477,2,"[""I4210135837"", ""I4210151352""]",True
10.1109/visual.1998.745336,A5110149984,3,"[""I4210151352"", ""I4210135837""]",True
10.1109/visual.1998.745336,A5049695068,4,"[""I1280536761""]",True
10.1109/visual.1998.745331,A5112719763,1,"[""I1280536761""]",True
10.1109/visual.1998.745331,A5110091560,2,"[""I1280536761""]",True
10.1109/visual.1998.745320,A5030703335,1,"[""I4210119109""]",True
10.1109/visual.1998.745320,A5008307990,2,"[""I4210119109""]",True
10.1109/visual.1998.745313,A5042196702,1,"[""I114027177""]",True
10.1109/visual.1998.745313,A5004194238,2,"[""I114027177""]",True
10.1109/visual.1998.745293,A5048552378,1,"[""I74775410""]",True
10.1109/visual.1998.745293,A5113597103,2,"[""I74775410""]",True
10.1109/visual.1998.745293,A5017813001,3,"[""I4210150103""]",True
10.1109/visual.1998.745293,A5012160486,4,"[""I4210150103""]",True
10.1109/visual.1998.745293,A5051836187,5,"[""I4210150103""]",True
10.1109/infvis.1998.729569,A5053528251,1,"[""I4210119109""]",True
10.1109/visual.1998.745349,A5035745117,1,"[""I219193219""]",True
10.1109/visual.1998.745349,A5016547705,2,"[""I197251160""]",True
10.1109/visual.1998.745345,A5088875263,1,"[""I200870766""]",True
10.1109/visual.1998.745345,A5001709267,2,"[""I200870766""]",True
10.1109/visual.1998.745345,A5113721232,3,"[""I1302368450""]",True
10.1109/visual.1998.745341,A5035548763,1,"[""I181653535"", ""I36258959""]",True
10.1109/visual.1998.745341,A5040009333,2,"[""I36258959"", ""I181653535""]",True
10.1109/visual.1998.745341,A5058068009,3,"[""I181653535"", ""I36258959""]",True
10.1109/visual.1998.745341,A5009735497,4,"[""I36258959"", ""I181653535""]",True
10.1109/visual.1998.745335,A5029613832,1,"[""I98358874""]",True
10.1109/visual.1998.745335,A5113526945,2,"[""I865915315""]",True
10.1109/visual.1998.745287,A5089912211,1,"[""I1294671590""]",True
10.1109/visual.1998.745287,A5064858427,2,"[""I1294671590""]",True
10.1109/visual.1998.745339,A5000366779,1,"[""I18014758""]",True
10.1109/visual.1998.745339,A5018647103,2,"[""I18014758""]",True
10.1109/visual.1997.663860,A5109345368,1,"[""I1343871089"", ""I1282311441""]",True
10.1109/visual.1997.663860,A5032170599,2,"[""I1343871089""]",True
10.1109/visual.1997.663860,A5005163328,3,"[""I1343871089""]",True
10.1109/visual.1997.663860,A5031355567,4,"[""I1282311441""]",True
10.1109/visual.1997.663860,A5081686907,5,"[""I1343871089""]",True
10.1109/visual.1997.663860,A5081553336,6,"[""I1343871089""]",True
10.1109/visual.1997.663888,A5111545544,1,"[""I1343180700"", ""I1280536761""]",True
10.1109/visual.1997.663888,A5030823954,2,"[""I1280536761""]",True
10.1109/visual.1997.663916,A5078971011,1,"[""I133738476""]",True
10.1109/visual.1997.663916,A5021770726,2,"[""I133738476""]",True
10.1109/visual.1997.663916,A5113740075,3,"[""I133738476""]",True
10.1109/visual.1997.663916,A5017744726,4,"[""I111088046""]",True
10.1109/visual.1997.663916,A5110200187,5,"[""I111088046""]",True
10.1109/infvis.1997.636718,A5079916657,1,"[""I97018004""]",True
10.1109/visual.1997.663875,A5030896164,1,"[""I86519309"", ""I219193219""]",True
10.1109/visual.1997.663875,A5009460413,2,"[""I219193219"", ""I86519309""]",True
10.1109/visual.1997.663875,A5061064862,3,"[""I219193219""]",True
10.1109/infvis.1997.636792,A5109035905,1,"[""I173498003""]",True
10.1109/infvis.1997.636792,A5009369598,2,"[""I173498003""]",True
10.1109/infvis.1997.636793,A5079183364,1,"[""I16391192""]",True
10.1109/visual.1997.663902,A5005829154,1,"[""I63966007""]",True
10.1109/visual.1997.663912,A5086764360,1,[],True
10.1109/visual.1997.663912,A5113952665,2,"[""I4210138378"", ""I81365321""]",True
10.1109/visual.1997.663883,A5030139366,1,"[""I4210134512""]",True
10.1109/visual.1997.663893,A5033571530,1,[],True
10.1109/visual.1997.663893,A5062797994,2,"[""I4210121405""]",True
10.1109/visual.1997.663893,A5057924291,3,[],True
10.1109/visual.1997.663907,A5035433555,1,"[""I181369854""]",True
10.1109/visual.1997.663907,A5015622039,2,"[""I181369854""]",True
10.1109/visual.1997.663907,A5038629539,3,"[""I181369854""]",True
10.1109/visual.1997.663908,A5102002124,1,"[""I114027177""]",True
10.1109/visual.1997.663908,A5004194238,2,"[""I114027177""]",True
10.1109/visual.1997.663908,A5052877871,3,"[""I114027177""]",True
10.1109/visual.1997.663904,A5059958789,1,"[""I145311948""]",True
10.1109/visual.1997.663904,A5103024860,2,"[""I145311948""]",True
10.1109/visual.1997.663876,A5030703335,1,"[""I4210119109""]",True
10.1109/visual.1997.663876,A5008307990,2,"[""I4210119109""]",True
10.1109/visual.1997.663848,A5060664606,1,[],True
10.1109/visual.1997.663848,A5002832419,2,[],True
10.1109/visual.1997.663848,A5070670810,3,"[""I52357470""]",True
10.1109/visual.1997.663848,A5088016700,4,[],True
10.1109/visual.1997.663886,A5067708245,1,"[""I55732556""]",True
10.1109/visual.1997.663886,A5041423078,2,"[""I55732556""]",True
10.1109/visual.1997.663890,A5020547967,1,"[""I130828816""]",True
10.1109/visual.1997.663890,A5000858152,2,"[""I130828816""]",True
10.1109/visual.1997.663890,A5112781721,3,[],True
10.1109/visual.1997.663906,A5027478975,1,"[""I84218800""]",True
10.1109/visual.1997.663906,A5077191719,2,"[""I84218800""]",True
10.1109/visual.1997.663906,A5080591014,3,"[""I84218800""]",True
10.1109/visual.1997.663906,A5080513075,4,"[""I84218800""]",True
10.1109/visual.1997.663906,A5085521539,5,"[""I84218800""]",True
10.1109/visual.1997.663871,A5067708245,1,"[""I55732556""]",True
10.1109/visual.1997.663871,A5090354265,2,"[""I55732556""]",True
10.1109/visual.1997.663871,A5041423078,3,"[""I55732556""]",True
10.1109/visual.1997.663865,A5081152152,1,"[""I83816512""]",True
10.1109/visual.1997.663865,A5027120705,2,"[""I83816512""]",True
10.1109/visual.1997.663865,A5018876607,3,"[""I4210137033"", ""I4210155236""]",True
10.1109/visual.1997.663887,A5110010093,1,"[""I55732556""]",True
10.1109/visual.1997.663887,A5080103945,2,"[""I35364215""]",True
10.1109/visual.1997.663930,A5091018063,1,"[""I169521973""]",True
10.1109/visual.1997.663930,A5103175735,2,"[""I169521973""]",True
10.1109/visual.1997.663867,A5087614760,1,"[""I145847075""]",True
10.1109/visual.1997.663867,A5060029992,2,"[""I145847075""]",True
10.1109/visual.1997.663867,A5110321988,3,"[""I145847075""]",True
10.1109/visual.1997.663858,A5029336209,1,"[""I153267046""]",True
10.1109/visual.1997.663858,A5005530908,2,"[""I153267046""]",True
10.1109/visual.1997.663858,A5109522032,3,"[""I153267046""]",True
10.1109/visual.1997.663858,A5044906443,4,"[""I153267046""]",True
10.1109/visual.1997.663858,A5110160613,5,"[""I55732556""]",True
10.1109/visual.1997.663898,A5065630217,1,"[""I1280536761""]",True
10.1109/visual.1997.663898,A5103450068,2,"[""I1280536761""]",True
10.1109/visual.1997.663921,A5018952559,1,"[""I145847075""]",True
10.1109/visual.1997.663921,A5060029992,2,"[""I145847075""]",True
10.1109/visual.1997.663921,A5005633036,3,"[""I145847075""]",True
10.1109/visual.1997.663903,A5090414723,1,"[""I114027177""]",True
10.1109/visual.1997.663903,A5112223393,2,"[""I114027177""]",True
10.1109/visual.1997.663897,A5080438656,1,"[""I145847075""]",True
10.1109/visual.1997.663897,A5110321988,2,"[""I145847075""]",True
10.1109/visual.1997.663910,A5074943736,1,"[""I1280536761""]",True
10.1109/visual.1997.663910,A5056647443,2,"[""I63966007""]",True
10.1109/infvis.1997.636759,A5033076979,1,[],True
10.1109/infvis.1997.636759,A5068373092,2,[],True
10.1109/infvis.1997.636759,A5029076777,3,[],True
10.1109/visual.1997.663882,A5050639579,1,"[""I1288214837"", ""I52357470""]",True
10.1109/visual.1997.663882,A5070670810,2,"[""I52357470""]",True
10.1109/visual.1997.663882,A5060664606,3,"[""I52357470""]",True
10.1109/visual.1997.663882,A5097051717,4,[],True
10.1109/visual.1997.663882,A5006952014,5,"[""I52357470""]",True
10.1109/visual.1997.663882,A5088016700,6,"[""I52357470""]",True
10.1109/infvis.1997.636789,A5004344524,1,"[""I131328143""]",True
10.1109/infvis.1997.636789,A5089129937,2,"[""I131328143""]",True
10.1109/infvis.1997.636789,A5064771528,3,"[""I131328143""]",True
10.1109/infvis.1997.636789,A5070362915,4,"[""I131328143""]",True
10.1109/infvis.1997.636761,A5028125399,1,"[""I130238516""]",True
10.1109/infvis.1997.636761,A5112418767,2,"[""I130238516""]",True
10.1109/infvis.1997.636761,A5028357447,3,"[""I130238516""]",True
10.1109/infvis.1997.636761,A5037387341,4,"[""I130238516""]",True
10.1109/visual.1997.663931,A5085017488,1,"[""I91045830""]",True
10.1109/visual.1997.663931,A5061046887,2,"[""I91045830""]",True
10.1109/visual.1997.663895,A5070100758,1,"[""I59553526""]",True
10.1109/visual.1997.663895,A5040827349,2,"[""I59553526""]",True
10.1109/visual.1997.663923,A5109967838,1,"[""I137902535""]",True
10.1109/visual.1997.663923,A5100450141,2,"[""I137902535""]",True
10.1109/visual.1997.663923,A5081676434,3,"[""I137902535""]",True
10.1109/visual.1997.663923,A5008170232,4,"[""I137902535""]",True
10.1109/visual.1997.663923,A5045835701,5,"[""I137902535""]",True
10.1109/visual.1997.663923,A5078247403,6,"[""I137902535""]",True
10.1109/visual.1997.663923,A5035239209,7,"[""I137902535""]",True
10.1109/visual.1997.663923,A5067200501,8,"[""I137902535""]",True
10.1109/visual.1997.663923,A5079762310,9,[],True
10.1109/visual.1997.663923,A5085028960,10,"[""I137902535""]",True
10.1109/visual.1997.663923,A5111372776,11,"[""I137902535""]",True
10.1109/visual.1997.663923,A5001277224,12,"[""I137902535""]",True
10.1109/visual.1997.663899,A5091867930,1,"[""I2802487185""]",True
10.1109/visual.1997.663899,A5013417550,2,"[""I2802487185""]",True
10.1109/visual.1997.663909,A5038998698,1,"[""I1327163397"", ""I59553526""]",True
10.1109/visual.1997.663909,A5086440196,2,"[""I1327163397"", ""I59553526""]",True
10.1109/infvis.1997.636794,A5014495113,1,[],True
10.1109/infvis.1997.636784,A5103551037,1,"[""I18014758"", ""I212119943""]",True
10.1109/infvis.1997.636784,A5008530963,2,"[""I212119943""]",True
10.1109/infvis.1997.636784,A5007720902,3,"[""I18014758""]",True
10.1109/infvis.1997.636784,A5069238142,4,"[""I212119943""]",True
10.1109/infvis.1997.636786,A5068425605,1,"[""I4210119109""]",True
10.1109/infvis.1997.636786,A5070997520,2,"[""I592451""]",True
10.1109/visual.1997.663891,A5108734944,1,"[""I36258959""]",True
10.1109/visual.1997.663891,A5009735497,2,"[""I36258959"", ""I181653535""]",True
10.1109/visual.1997.663917,A5017066840,1,"[""I9617848""]",True
10.1109/visual.1997.663917,A5052713932,2,"[""I9617848""]",True
10.1109/visual.1997.663917,A5003196740,3,"[""I9617848""]",True
10.1109/visual.1997.663878,A5030815730,1,"[""I1343180700"", ""I4210164234""]",True
10.1109/visual.1997.663878,A5113903528,2,"[""I4210164234"", ""I1343180700""]",True
10.1109/visual.1997.663878,A5042553752,3,[],True
10.1109/visual.1997.663878,A5058684461,4,"[""I1343180700"", ""I4210164234""]",True
10.1109/visual.1997.663868,A5005360401,1,"[""I16391192""]",True
10.1109/visual.1997.663868,A5036688260,2,"[""I16391192""]",True
10.1109/visual.1997.663868,A5111253938,3,"[""I16391192""]",True
10.1109/visual.1997.663853,A5026657166,1,[],True
10.1109/visual.1997.663853,A5038629539,2,[],True
10.1109/visual.1997.663885,A5068438408,1,"[""I52357470""]",True
10.1109/visual.1997.663885,A5006952014,2,"[""I52357470""]",True
10.1109/visual.1997.663869,A5037106751,1,"[""I1327163397""]",True
10.1109/visual.1997.663869,A5010714340,2,"[""I1327163397""]",True
10.1109/visual.1997.663869,A5045827183,3,"[""I1327163397""]",True
10.1109/visual.1997.663889,A5016480053,1,"[""I26120043""]",True
10.1109/visual.1997.663889,A5067791733,2,"[""I26120043""]",True
10.1109/visual.1997.663889,A5045004921,3,"[""I26120043""]",True
10.1109/visual.1997.663889,A5011976234,4,"[""I4210122684""]",True
10.1109/visual.1997.663874,A5009611685,1,"[""I368840534""]",True
10.1109/infvis.1997.636791,A5111504608,1,"[""I93085520""]",True
10.1109/visual.1997.663911,A5110091560,1,"[""I1280536761""]",True
10.1109/visual.1997.663880,A5055566265,1,"[""I93085520""]",True
10.1109/visual.1997.663880,A5042475787,2,"[""I32389192""]",True
10.1109/visual.1997.663857,A5081133008,1,[],True
10.1109/visual.1997.663857,A5080030247,2,[],True
10.1109/visual.1997.663857,A5110998886,3,[],True
10.1109/visual.1997.663929,A5039268438,1,"[""I114027177""]",True
10.1109/visual.1997.663866,A5030384394,1,"[""I161057412""]",True
10.1109/visual.1997.663866,A5031580177,2,"[""I161057412""]",True
10.1109/visual.1997.663863,A5046751441,1,"[""I174306211""]",True
10.1109/visual.1997.663863,A5075360338,2,"[""I174306211""]",True
10.1109/visual.1997.663919,A5000687536,1,"[""I1343871089""]",True
10.1109/visual.1997.663919,A5012255877,2,"[""I1343871089""]",True
10.1109/visual.1997.663919,A5089320763,3,"[""I1343871089""]",True
10.1109/visual.1997.663919,A5039222119,4,"[""I1343871089""]",True
10.1109/visual.1997.663919,A5024566083,5,"[""I1343871089""]",True
10.1109/visual.1997.663913,A5076455568,1,[],True
10.1109/visual.1997.663905,A5026944579,1,"[""I33213144""]",True
10.1109/visual.1997.663905,A5091408797,2,"[""I33213144""]",True
10.1109/visual.1997.663905,A5016378470,3,"[""I33213144""]",True
10.1109/infvis.1997.636790,A5035347745,1,"[""I4210142372"", ""I66946132""]",True
10.1109/infvis.1997.636790,A5078715930,2,"[""I4210142372"", ""I66946132""]",True
10.1109/infvis.1997.636790,A5052623072,3,"[""I66946132"", ""I4210142372""]",True
10.1109/infvis.1997.636785,A5076895332,1,"[""I27804330""]",True
10.1109/infvis.1997.636782,A5109918057,1,"[""I74973139""]",True
10.1109/infvis.1997.636782,A5105838696,2,"[""I72090969""]",True
10.1109/visual.1997.663900,A5111960386,1,"[""I59553526"", ""I1327163397""]",True
10.1109/visual.1997.663900,A5016192055,2,"[""I59553526"", ""I1327163397""]",True
10.1109/visual.1997.663900,A5060608833,3,"[""I59553526"", ""I1327163397""]",True
10.1109/visual.1997.663900,A5019756329,4,"[""I59553526"", ""I1327163397"", ""I4210159266""]",True
10.1109/visual.1997.663900,A5024656281,5,"[""I59553526"", ""I1327163397""]",True
10.1109/infvis.1997.636788,A5008880046,1,"[""I74973139""]",True
10.1109/infvis.1997.636788,A5109216322,2,"[""I74973139""]",True
10.1109/infvis.1997.636788,A5028391969,3,"[""I74973139""]",True
10.1109/infvis.1997.636787,A5072369536,1,"[""I173498003""]",True
10.1109/infvis.1997.636787,A5061851752,2,"[""I173498003""]",True
10.1109/visual.1997.663928,A5038280012,1,"[""I181369854""]",True
10.1109/visual.1997.663928,A5086736624,2,"[""I181369854""]",True
10.1109/visual.1997.663928,A5051283175,3,"[""I1283382300""]",True
10.1109/visual.1997.663922,A5064638062,1,"[""I4210114115""]",True
10.1109/visual.1997.663922,A5111487759,2,"[""I4210114115""]",True
10.1109/visual.1997.663922,A5084240918,3,"[""I4210114115""]",True
10.1109/visual.1997.663918,A5012330510,1,[],True
10.1109/visual.1997.663918,A5089540620,2,"[""I99041443""]",True
10.1109/visual.1997.663918,A5035034341,3,[],True
10.1109/visual.1997.663918,A5023595353,4,[],True
10.1109/visual.1997.663896,A5098652324,1,"[""I4210135837""]",True
10.1109/visual.1997.663862,A5035548763,1,"[""I36258959""]",True
10.1109/visual.1997.663862,A5009735497,2,"[""I36258959""]",True
10.1109/visual.1997.663851,A5060608833,1,[],True
10.1109/visual.1997.663851,A5050757518,2,"[""I1327163397""]",True
10.1109/infvis.1997.636778,A5111866759,1,"[""I4210133125""]",True
10.1109/infvis.1997.636778,A5050979241,2,"[""I137975476""]",True
10.1109/visual.1997.663926,A5024974144,1,"[""I368840534""]",True
10.1109/visual.1997.663926,A5015732156,2,"[""I368840534""]",True
10.1109/visual.1997.663926,A5077903750,3,"[""I368840534""]",True
10.1109/visual.1997.663926,A5009611685,4,"[""I368840534""]",True
10.1109/visual.1997.663925,A5011769177,1,"[""I52357470""]",True
10.1109/visual.1997.663925,A5102867647,2,"[""I52357470""]",True
10.1109/visual.1997.663925,A5075870288,3,"[""I52357470""]",True
10.1109/visual.1997.663925,A5009646771,4,"[""I52357470""]",True
10.1109/visual.1997.663925,A5054544594,5,"[""I52357470""]",True
10.1109/visual.1997.663925,A5014429725,6,"[""I52357470""]",True
10.1109/visual.1997.663924,A5059776687,1,"[""I4210129173""]",True
10.1109/visual.1997.663920,A5070664467,1,"[""I53964585""]",True
10.1109/visual.1997.663920,A5109259472,2,"[""I174306211""]",True
10.1109/visual.1997.663914,A5030384394,1,"[""I161057412""]",True
10.1109/visual.1997.663914,A5031580177,2,"[""I161057412""]",True
10.1109/visual.1997.663856,A5054141042,1,[],True
10.1109/visual.1997.663856,A5052272013,2,"[""I165799507""]",True
10.1109/visual.1997.663855,A5084754494,1,"[""I141945490""]",True
10.1109/visual.1997.663855,A5013460936,2,"[""I95457486""]",True
10.1109/visual.1997.663855,A5089427732,3,"[""I141945490""]",True
10.1109/visual.1997.663855,A5069345038,4,"[""I141945490""]",True
10.1109/visual.1997.663927,A5029403462,1,"[""I4210134512""]",True
10.1109/visual.1997.663927,A5045542854,2,[],True
10.1109/visual.1997.663915,A5101137673,1,"[""I1327163397""]",True
10.1109/visual.1997.663915,A5079085366,2,"[""I1327163397""]",True
10.1109/visual.1997.663915,A5110917883,3,"[""I392282"", ""I1327163397"", ""I113508548""]",True
10.1109/visual.1997.663915,A5062659292,4,[],True
10.1109/visual.1997.663915,A5045827183,5,"[""I113508548"", ""I392282"", ""I1327163397""]",True
10.1109/visual.1997.663915,A5001615692,6,[],True
10.1109/visual.1997.663915,A5016943819,7,"[""I1327163397""]",True
10.1109/visual.1997.663915,A5054405778,8,"[""I1327163397""]",True
10.1109/visual.1997.663915,A5110322946,9,"[""I1327163397""]",True
10.1109/visual.1997.663894,A5037161857,1,"[""I1319063186""]",True
10.1109/visual.1997.663894,A5013067496,2,"[""I1319063186""]",True
10.1109/visual.1997.663892,A5100428456,1,"[""I1174212""]",True
10.1109/visual.1997.663892,A5034588872,2,"[""I1174212""]",True
10.1109/visual.1997.663872,A5038683560,1,"[""I99041443""]",True
10.1109/visual.1997.663872,A5053487546,2,"[""I99041443""]",True
10.1109/visual.1997.663872,A5019380016,3,"[""I99041443""]",True
10.1109/visual.1997.663872,A5003226930,4,[],True
10.1109/visual.1997.663859,A5102099828,1,"[""I3019423309""]",True
10.1109/visual.1997.663859,A5032708386,2,[],True
10.1109/visual.1996.568126,A5103446832,1,"[""I59553526"", ""I1327163397""]",True
10.1109/visual.1996.568126,A5086440196,2,"[""I1327163397"", ""I59553526""]",True
10.1109/visual.1996.568108,A5110466417,1,[],True
10.1109/visual.1996.568108,A5048716011,2,[],True
10.1109/visual.1996.567752,A5030139366,1,"[""I1332737386""]",True
10.1109/visual.1996.567752,A5004805989,2,[],True
10.1109/visual.1996.567752,A5077439244,3,[],True
10.1109/visual.1996.568118,A5013460936,1,"[""I141945490""]",True
10.1109/visual.1996.568127,A5015444670,1,"[""I1316902750""]",True
10.1109/visual.1996.568127,A5084040979,2,[],True
10.1109/visual.1996.568127,A5088016700,3,"[""I52357470""]",True
10.1109/visual.1996.568127,A5110478999,4,"[""I1316902750""]",True
10.1109/visual.1996.568125,A5064090120,1,"[""I1327163397"", ""I59553526""]",True
10.1109/visual.1996.568125,A5060741187,2,"[""I1327163397"", ""I59553526""]",True
10.1109/visual.1996.568125,A5086440196,3,"[""I59553526"", ""I1327163397""]",True
10.1109/visual.1996.567787,A5089129937,1,"[""I131328143""]",True
10.1109/visual.1996.567777,A5019100343,1,"[""I195893171""]",True
10.1109/visual.1996.567777,A5109264459,2,"[""I195893171""]",True
10.1109/visual.1996.567777,A5091630951,3,"[""I195893171""]",True
10.1109/visual.1996.568121,A5065630217,1,"[""I223532165""]",True
10.1109/visual.1996.568121,A5065645994,2,"[""I1343871089""]",True
10.1109/visual.1996.568121,A5031117535,3,"[""I223532165""]",True
10.1109/visual.1996.568121,A5048780291,4,"[""I223532165""]",True
10.1109/visual.1996.568124,A5028974723,1,"[""I8087733""]",True
10.1109/visual.1996.568124,A5005619937,2,"[""I8087733""]",True
10.1109/visual.1996.568124,A5109163772,3,[],True
10.1109/infvis.1996.559214,A5068425605,1,"[""I4210119109""]",True
10.1109/infvis.1996.559214,A5070997520,2,"[""I592451"", ""I4210119109""]",True
10.1109/infvis.1996.559213,A5109918057,1,"[""I74973139""]",True
10.1109/infvis.1996.559213,A5109216322,2,"[""I74973139""]",True
10.1109/infvis.1996.559210,A5109216322,1,"[""I74973139"", ""I166416128""]",True
10.1109/infvis.1996.559210,A5007761892,2,"[""I166416128"", ""I74973139""]",True
10.1109/infvis.1996.559210,A5069812590,3,"[""I166416128"", ""I74973139""]",True
10.1109/infvis.1996.559210,A5020823835,4,"[""I74973139"", ""I166416128""]",True
10.1109/infvis.1996.559210,A5009809523,5,"[""I166416128"", ""I74973139""]",True
10.1109/infvis.1996.559210,A5029865870,6,"[""I166416128"", ""I74973139""]",True
10.1109/infvis.1996.559210,A5015496910,7,[],True
10.1109/infvis.1996.559210,A5035843473,8,"[""I74973139"", ""I166416128""]",True
10.1109/visual.1996.568116,A5109877953,1,"[""I185103710""]",True
10.1109/visual.1996.568116,A5016076717,2,"[""I185103710""]",True
10.1109/visual.1996.568116,A5007035811,3,"[""I185103710""]",True
10.1109/visual.1996.568116,A5086751914,4,"[""I185103710""]",True
10.1109/infvis.1996.559216,A5113979435,1,"[""I72090969""]",True
10.1109/visual.1996.567807,A5112795492,1,"[""I102322142""]",True
10.1109/visual.1996.567807,A5038405087,2,"[""I102322142""]",True
10.1109/infvis.1996.559226,A5079916657,1,"[""I97018004""]",True
10.1109/infvis.1996.559226,A5068407611,2,"[""I-1""]",True
10.1109/infvis.1996.559226,A5072282499,3,"[""I181653535""]",True
10.1109/infvis.1996.559226,A5030467884,4,"[""I173498003""]",True
10.1109/visual.1996.567595,A5089933973,1,"[""I181369854""]",True
10.1109/visual.1996.567595,A5073985902,2,"[""I181369854""]",True
10.1109/visual.1996.567595,A5069465197,3,"[""I181369854""]",True
10.1109/visual.1996.567595,A5004042863,4,"[""I181369854""]",True
10.1109/visual.1996.567610,A5020547967,1,"[""I130828816""]",True
10.1109/visual.1996.567610,A5062288739,2,"[""I130828816""]",True
10.1109/visual.1996.567610,A5000858152,3,"[""I130828816""]",True
10.1109/visual.1996.567608,A5086446492,1,"[""I52357470""]",True
10.1109/visual.1996.567608,A5088016700,2,[],True
10.1109/visual.1996.568137,A5018319080,1,"[""I35440088""]",True
10.1109/visual.1996.568137,A5030439152,2,"[""I35440088""]",True
10.1109/visual.1996.567606,A5047447282,1,"[""I185103710""]",True
10.1109/visual.1996.567606,A5075380505,2,"[""I185103710""]",True
10.1109/visual.1996.567606,A5058542108,3,"[""I185103710""]",True
10.1109/visual.1996.567606,A5089720959,4,"[""I185103710""]",True
10.1109/visual.1996.567600,A5042011044,1,"[""I16391192""]",True
10.1109/visual.1996.567600,A5044775427,2,"[""I16391192""]",True
10.1109/visual.1996.568110,A5086764360,1,"[""I1319063186""]",True
10.1109/visual.1996.568110,A5014889758,2,"[""I137902535""]",True
10.1109/visual.1996.568110,A5056585168,3,"[""I137902535""]",True
10.1109/visual.1996.567774,A5090414723,1,[],True
10.1109/visual.1996.568123,A5112628493,1,"[""I4210145865""]",True
10.1109/visual.1996.568123,A5003609388,2,[],True
10.1109/visual.1996.568123,A5069861564,3,[],True
10.1109/visual.1996.567800,A5030384394,1,"[""I161057412""]",True
10.1109/visual.1996.567800,A5043713217,2,[],True
10.1109/visual.1996.567602,A5089912211,1,"[""I1294671590""]",True
10.1109/visual.1996.567602,A5078137076,2,"[""I1294671590""]",True
10.1109/visual.1996.567602,A5110010093,3,"[""I55732556""]",True
10.1109/visual.1996.568105,A5109877953,1,"[""I185103710""]",True
10.1109/visual.1996.568105,A5001733506,2,"[""I185103710""]",True
10.1109/visual.1996.568105,A5007035811,3,"[""I185103710""]",True
10.1109/visual.1996.567745,A5012651524,1,"[""I4210111842""]",True
10.1109/visual.1996.567745,A5036719171,2,"[""I4210111842""]",True
10.1109/visual.1996.567745,A5021217542,3,"[""I4210111842""]",True
10.1109/visual.1996.568103,A5111410481,1,"[""I99041443""]",True
10.1109/visual.1996.568103,A5112628805,2,"[""I99041443""]",True
10.1109/visual.1996.568138,A5055405318,1,"[""I99041443""]",True
10.1109/visual.1996.568138,A5056355204,2,"[""I99041443""]",True
10.1109/visual.1996.568138,A5047355672,3,"[""I99041443""]",True
10.1109/visual.1996.568128,A5002877712,1,"[""I1288214837""]",True
10.1109/visual.1996.568128,A5064070779,2,"[""I1288214837""]",True
10.1109/visual.1996.568128,A5035145111,3,"[""I1288214837""]",True
10.1109/visual.1996.568128,A5112805597,4,"[""I1288214837""]",True
10.1109/visual.1996.568128,A5113422468,5,"[""I1288214837""]",True
10.1109/visual.1996.568128,A5022269237,6,"[""I1288214837""]",True
10.1109/visual.1996.568128,A5043132001,7,"[""I1288214837""]",True
10.1109/visual.1996.568128,A5015449928,8,"[""I1288214837""]",True
10.1109/visual.1996.568128,A5114252285,9,"[""I1288214837""]",True
10.1109/visual.1996.567812,A5036688260,1,"[""I16391192""]",True
10.1109/visual.1996.567812,A5101994805,2,"[""I16391192""]",True
10.1109/visual.1996.567812,A5003464394,3,"[""I16391192""]",True
10.1109/visual.1996.568111,A5009611685,1,"[""I368840534""]",True
10.1109/visual.1996.568117,A5017036530,1,"[""I1280536761""]",True
10.1109/visual.1996.568117,A5066129879,2,"[""I1280536761""]",True
10.1109/visual.1996.568115,A5017036530,1,"[""I1280536761""]",True
10.1109/visual.1996.568115,A5074943736,2,[],True
10.1109/visual.1996.568115,A5021400464,3,[],True
10.1109/visual.1996.568136,A5042420721,1,"[""I3019423309""]",True
10.1109/visual.1996.568136,A5051212175,2,"[""I180437899""]",True
10.1109/visual.1996.568136,A5024958858,3,"[""I4210141311""]",True
10.1109/visual.1996.568114,A5040141831,1,"[""I114027177""]",True
10.1109/visual.1996.568114,A5014889758,2,"[""I114027177""]",True
10.1109/visual.1996.568114,A5053155534,3,"[""I114027177""]",True
10.1109/visual.1996.568114,A5109222951,4,"[""I114027177""]",True
10.1109/visual.1996.568109,A5018584803,1,"[""I79272384""]",True
10.1109/visual.1996.568109,A5040961656,2,"[""I194028371""]",True
10.1109/visual.1996.568109,A5017797808,3,"[""I79272384""]",True
10.1109/visual.1996.568109,A5039819029,4,"[""I1306266525""]",True
10.1109/visual.1996.567796,A5028125399,1,"[""I4210135252""]",True
10.1109/visual.1996.567796,A5028357447,2,"[""I130238516""]",True
10.1109/visual.1996.567796,A5044182284,3,"[""I130238516""]",True
10.1109/visual.1996.567796,A5008198574,4,"[""I130238516""]",True
10.1109/visual.1996.567796,A5091622251,5,"[""I130238516""]",True
10.1109/visual.1996.567796,A5112418767,6,"[""I130238516""]",True
10.1109/visual.1996.567609,A5004575115,1,"[""I135191193"", ""I55769427"", ""I165932596""]",True
10.1109/visual.1996.567609,A5112184619,2,"[""I165932596""]",True
10.1109/visual.1996.567609,A5024616528,3,"[""I165932596""]",True
10.1109/visual.1996.567609,A5003352663,4,"[""I165932596""]",True
10.1109/visual.1996.567603,A5072621491,1,"[""I59553526"", ""I1327163397""]",True
10.1109/visual.1996.567603,A5039517392,2,"[""I59553526"", ""I1327163397""]",True
10.1109/infvis.1996.559228,A5008570029,1,[],True
10.1109/infvis.1996.559228,A5075129418,2,[],True
10.1109/infvis.1996.559211,A5054523299,1,"[""I78577930""]",True
10.1109/infvis.1996.559211,A5011020333,2,"[""I78577930""]",True
10.1109/visual.1996.567804,A5059958789,1,"[""I16391192""]",True
10.1109/visual.1996.567804,A5027008015,2,"[""I20089843""]",True
10.1109/visual.1996.567804,A5109259472,3,"[""I53964585""]",True
10.1109/visual.1996.568139,A5055407434,1,"[""I185103710""]",True
10.1109/visual.1996.568139,A5016076717,2,"[""I185103710""]",True
10.1109/visual.1996.568135,A5109701993,1,"[""I223532165""]",True
10.1109/visual.1996.568135,A5070786833,2,"[""I223532165""]",True
10.1109/visual.1996.568135,A5044898858,3,"[""I223532165""]",True
10.1109/visual.1996.568135,A5054629198,4,"[""I223532165""]",True
10.1109/visual.1996.568135,A5073824469,5,"[""I223532165""]",True
10.1109/visual.1996.568113,A5060608833,1,"[""I1327163397""]",True
10.1109/visual.1996.568113,A5079085366,2,"[""I59553526""]",True
10.1109/visual.1996.568113,A5024656281,3,"[""I59553526""]",True
10.1109/visual.1996.568113,A5038464567,4,[],True
10.1109/visual.1996.568149,A5033907382,1,"[""I99041443""]",True
10.1109/visual.1996.568149,A5056355204,2,"[""I99041443""]",True
10.1109/visual.1996.568149,A5007123290,3,"[""I99041443""]",True
10.1109/visual.1996.568149,A5018362418,4,"[""I99041443""]",True
10.1109/visual.1996.568149,A5073023637,5,"[""I99041443""]",True
10.1109/visual.1996.568149,A5054634532,6,"[""I99041443""]",True
10.1109/visual.1996.568149,A5108568057,7,"[""I2802384920""]",True
10.1109/visual.1996.568149,A5036044415,8,"[""I2802384920""]",True
10.1109/visual.1996.568149,A5035793070,9,"[""I2802384920""]",True
10.1109/visual.1996.568149,A5021459249,10,"[""I2802384920""]",True
10.1109/visual.1996.568149,A5017012925,11,"[""I2802384920""]",True
10.1109/visual.1996.568104,A5013064867,1,"[""I1118541""]",True
10.1109/visual.1996.568104,A5088157983,2,[],True
10.1109/visual.1996.567784,A5023595353,1,"[""I99041443""]",True
10.1109/visual.1996.567784,A5012330510,2,"[""I99041443""]",True
10.1109/infvis.1996.559227,A5091868032,1,"[""I130701444""]",True
10.1109/infvis.1996.559227,A5109221960,2,"[""I130701444""]",True
10.1109/infvis.1996.559227,A5055660368,3,"[""I130701444""]",True
10.1109/infvis.1996.559215,A5008826811,1,"[""I18014758""]",True
10.1109/infvis.1996.559215,A5018669508,2,"[""I18014758""]",True
10.1109/infvis.1996.559215,A5026657654,3,"[""I18014758""]",True
10.1109/infvis.1996.559215,A5007720902,4,"[""I18014758""]",True
10.1109/visual.1996.568133,A5003276476,1,"[""I921990950"", ""I3019586173""]",True
10.1109/visual.1996.568133,A5091018063,2,[],True
10.1109/visual.1996.568133,A5064472477,3,[],True
10.1109/visual.1996.568133,A5066582909,4,[],True
10.1109/visual.1996.568133,A5067935131,5,[],True
10.1109/visual.1996.568133,A5003584200,6,[],True
10.1109/visual.1996.568133,A5006254467,7,[],True
10.1109/infvis.1996.559212,A5076545746,1,"[""I151746483""]",True
10.1109/infvis.1996.559212,A5037207779,2,"[""I153908563""]",True
10.1109/visual.1996.568148,A5018647103,1,"[""I18014758""]",True
10.1109/visual.1996.568148,A5112846539,2,"[""I18014758""]",True
10.1109/visual.1996.568148,A5026657654,3,"[""I18014758""]",True
10.1109/visual.1996.568148,A5008821441,4,"[""I18014758""]",True
10.1109/visual.1996.568148,A5007720902,5,"[""I18014758""]",True
10.1109/visual.1996.568134,A5019885462,1,"[""I3018483916""]",True
10.1109/visual.1996.568134,A5024082845,2,"[""I98358874""]",True
10.1109/visual.1996.568134,A5019842871,3,"[""I98358874""]",True
10.1109/visual.1996.568134,A5029127355,4,"[""I3018483916""]",True
10.1109/visual.1996.568134,A5065590971,5,"[""I3018483916""]",True
10.1109/visual.1996.568134,A5085014218,6,[],True
10.1109/visual.1996.568120,A5112777216,1,"[""I39422238""]",True
10.1109/visual.1996.568120,A5113660863,2,[],True
10.1109/visual.1996.568120,A5057018104,3,[],True
10.1109/visual.1996.568119,A5006952014,1,"[""I1282311441"", ""I52357470""]",True
10.1109/infvis.1996.559225,A5026932575,1,[],True
10.1109/infvis.1996.559225,A5005016167,2,"[""I1288214837""]",True
10.1109/visual.1996.568145,A5113776101,1,"[""I110152177""]",True
10.1109/visual.1996.568145,A5033233979,2,"[""I4210135837""]",True
10.1109/visual.1996.568145,A5058983568,3,[],True
10.1109/visual.1996.568145,A5072003057,4,[],True
10.1109/visual.1996.568145,A5061025905,5,"[""I1302368450""]",True
10.1109/visual.1996.568145,A5078697519,6,"[""I4210153148""]",True
10.1109/visual.1996.568144,A5019729265,1,"[""I1343871089""]",True
10.1109/visual.1996.568144,A5074842294,2,"[""I1343871089""]",True
10.1109/visual.1996.568144,A5031117535,3,"[""I223532165""]",True
10.1109/visual.1996.568140,A5108370529,1,"[""I2898391981""]",True
10.1109/visual.1996.568140,A5068638895,2,"[""I2898391981""]",True
10.1109/visual.1996.568132,A5081767590,1,"[""I4210114115""]",True
10.1109/visual.1996.568132,A5111996249,2,[],True
10.1109/visual.1996.568132,A5112315004,3,"[""I65285256""]",True
10.1109/visual.1996.568132,A5069325685,4,"[""I65285256""]",True
10.1109/visual.1996.568132,A5075016588,5,"[""I65285256""]",True
10.1109/visual.1996.568132,A5089538913,6,"[""I65285256""]",True
10.1109/visual.1996.568132,A5036990371,7,[],True
10.1109/visual.1996.568132,A5101648116,8,[],True
10.1109/visual.1996.568132,A5036574896,9,[],True
10.1109/visual.1996.568129,A5058347132,1,"[""I177725633""]",True
10.1109/visual.1996.568129,A5110248799,2,"[""I177725633""]",True
10.1109/visual.1996.567780,A5074689835,1,"[""I3019423309""]",True
10.1109/visual.1996.568146,A5087781818,1,"[""I84218800""]",True
10.1109/visual.1996.568146,A5022434539,2,"[""I84218800""]",True
10.1109/visual.1996.568146,A5111653605,3,"[""I1306490931""]",True
10.1109/visual.1996.568143,A5002625448,1,"[""I52357470""]",True
10.1109/visual.1996.568143,A5110094928,2,"[""I52357470""]",True
10.1109/visual.1996.568143,A5040196689,3,[],True
10.1109/visual.1996.568143,A5088016700,4,[],True
10.1109/visual.1996.568143,A5103602555,5,[],True
10.1109/visual.1996.568143,A5111552264,6,[],True
10.1109/visual.1996.568150,A5112274560,1,"[""I2802259095""]",True
10.1109/visual.1996.568150,A5113526945,2,[],True
10.1109/visual.1996.568150,A5022563775,3,[],True
10.1109/visual.1996.568150,A5014134530,4,[],True
10.1109/visual.1996.568122,A5100359760,1,"[""I1174212""]",True
10.1109/visual.1996.568122,A5047904851,2,[],True
10.1109/visual.1996.568147,A5112628805,1,"[""I99041443""]",True
10.1109/visual.1996.568147,A5077191719,2,"[""I84218800""]",True
10.1109/visual.1996.568147,A5073048518,3,"[""I99041443""]",True
10.1109/visual.1996.568147,A5056355204,4,"[""I99041443""]",True
10.1109/visual.1996.568147,A5113171808,5,"[""I99041443""]",True
10.1109/visual.1996.568142,A5002625448,1,[],True
10.1109/visual.1996.568142,A5110094928,2,[],True
10.1109/visual.1996.568142,A5040196689,3,[],True
10.1109/visual.1996.568142,A5088016700,4,"[""I52357470""]",True
10.1109/visual.1996.568142,A5103125479,5,[],True
10.1109/visual.1996.568142,A5111552264,6,[],True
10.1109/visual.1996.568141,A5109197974,1,"[""I1321296531""]",True
10.1109/visual.1996.568141,A5064638062,2,[],True
10.1109/visual.1996.568141,A5050795073,3,"[""I1321296531""]",True
10.1109/visual.1996.568141,A5110156434,4,"[""I1321296531""]",True
10.1109/visual.1996.567598,A5016378470,1,"[""I33213144""]",True
10.1109/visual.1996.567598,A5026944579,2,"[""I33213144""]",True
10.1109/infvis.1996.559229,A5065890293,1,"[""I99041443""]",True
10.1109/infvis.1996.559229,A5112628805,2,"[""I99041443""]",True
10.1109/infvis.1995.528686,A5103889000,1,"[""I142606810""]",True
10.1109/infvis.1995.528686,A5085748011,2,"[""I142606810""]",True
10.1109/infvis.1995.528686,A5083194565,3,"[""I142606810""]",True
10.1109/infvis.1995.528686,A5020379846,4,"[""I142606810""]",True
10.1109/infvis.1995.528686,A5016462932,5,"[""I142606810""]",True
10.1109/infvis.1995.528686,A5053144226,6,"[""I142606810""]",True
10.1109/infvis.1995.528686,A5069793576,7,"[""I142606810""]",True
10.1109/visual.1995.480803,A5111782929,1,"[""I4210114115""]",True
10.1109/visual.1995.480803,A5045306550,2,"[""I4210114115""]",True
10.1109/visual.1995.480803,A5052673316,3,"[""I4210114115""]",True
10.1109/visual.1995.485140,A5073919282,1,"[""I8204097""]",True
10.1109/visual.1995.485140,A5110215305,2,"[""I8204097""]",True
10.1109/visual.1995.485140,A5012329609,3,"[""I8204097""]",True
10.1109/visual.1995.480795,A5086764360,1,"[""I137902535""]",True
10.1109/visual.1995.480795,A5014889758,2,"[""I137902535""]",True
10.1109/visual.1995.480795,A5056585168,3,"[""I137902535""]",True
10.1109/visual.1995.485141,A5079015255,1,"[""I98358874""]",True
10.1109/visual.1995.485141,A5012856150,2,"[""I98358874""]",True
10.1109/visual.1995.485141,A5023711681,3,"[""I98358874""]",True
10.1109/visual.1995.485141,A5112795492,4,"[""I102322142""]",True
10.1109/infvis.1995.528688,A5111715935,1,"[""I66862912""]",True
10.1109/infvis.1995.528688,A5072130557,2,"[""I66862912""]",True
10.1109/visual.1995.480821,A5112800319,1,"[""I4210114115""]",True
10.1109/visual.1995.480821,A5052673316,2,"[""I4210114115""]",True
10.1109/visual.1995.480805,A5033076979,1,"[""I35440088""]",True
10.1109/visual.1995.480805,A5052823224,2,"[""I35440088""]",True
10.1109/visual.1995.480805,A5032301842,3,"[""I35440088""]",True
10.1109/visual.1995.480800,A5055932717,1,"[""I130701444""]",True
10.1109/visual.1995.480800,A5085342992,2,"[""I130701444""]",True
10.1109/visual.1995.480800,A5110208682,3,"[""I130701444""]",True
10.1109/visual.1995.480800,A5090693390,4,"[""I130701444""]",True
10.1109/visual.1995.480800,A5108373086,5,"[""I130701444""]",True
10.1109/visual.1995.480800,A5111322014,6,"[""I166416128""]",True
10.1109/visual.1995.480817,A5029956777,1,"[""I98358874""]",True
10.1109/visual.1995.480817,A5051025031,2,"[""I2802259095""]",True
10.1109/infvis.1995.528691,A5047566304,1,[],True
10.1109/infvis.1995.528691,A5028447826,2,[],True
10.1109/infvis.1995.528691,A5009963118,3,[],True
10.1109/infvis.1995.528691,A5059447967,4,[],True
10.1109/visual.1995.480809,A5029621326,1,[],True
10.1109/visual.1995.480806,A5065630217,1,"[""I223532165""]",True
10.1109/visual.1995.480806,A5048780291,2,"[""I223532165""]",True
10.1109/visual.1995.480802,A5066927815,1,"[""I1118541""]",True
10.1109/visual.1995.480802,A5088157983,2,"[""I1118541""]",True
10.1109/infvis.1995.528689,A5037207779,1,"[""I151746483""]",True
10.1109/infvis.1995.528689,A5076545746,2,"[""I151746483""]",True
10.1109/visual.1995.480812,A5040718082,1,"[""I194028371""]",True
10.1109/visual.1995.480812,A5019883765,2,"[""I194028371""]",True
10.1109/infvis.1995.528692,A5072207781,1,"[""I4092182""]",True
10.1109/visual.1995.480807,A5016056652,1,"[""I26120043""]",True
10.1109/visual.1995.480807,A5011332155,2,"[""I146399215""]",True
10.1109/visual.1995.480807,A5086910442,3,"[""I26120043""]",True
10.1109/visual.1995.485154,A5028105754,1,[],True
10.1109/visual.1995.485142,A5060608833,1,"[""I1327163397"", ""I59553526""]",True
10.1109/visual.1995.485142,A5079085366,2,"[""I59553526"", ""I1327163397""]",True
10.1109/visual.1995.485142,A5039517392,3,"[""I59553526"", ""I1327163397""]",True
10.1109/visual.1995.485142,A5086440196,4,"[""I1327163397"", ""I59553526""]",True
10.1109/visual.1995.485142,A5038006548,5,"[""I59553526"", ""I1327163397""]",True
10.1109/visual.1995.480790,A5069354316,1,"[""I151746483""]",True
10.1109/visual.1995.480790,A5067203735,2,"[""I151746483""]",True
10.1109/visual.1995.480790,A5077190153,3,"[""I2799337515""]",True
10.1109/visual.1995.480798,A5086751914,1,"[""I185103710""]",True
10.1109/visual.1995.480801,A5073223235,1,"[""I133738476""]",True
10.1109/visual.1995.480801,A5021770726,2,"[""I44896327"", ""I133738476""]",True
10.1109/visual.1995.480792,A5048716011,1,[],True
10.1109/visual.1995.480792,A5056690945,2,[],True
10.1109/infvis.1995.528685,A5081589066,1,"[""I130701444""]",True
10.1109/infvis.1995.528685,A5082668404,2,"[""I130701444""]",True
10.1109/visual.1995.485145,A5074943736,1,"[""I1280536761""]",True
10.1109/visual.1995.485145,A5036806136,2,"[""I1280536761""]",True
10.1109/visual.1995.480814,A5081755176,1,"[""I142263535""]",True
10.1109/visual.1995.480814,A5086725824,2,"[""I142263535""]",True
10.1109/infvis.1995.528697,A5058687503,1,"[""I1283103587"", ""I72090969""]",True
10.1109/infvis.1995.528697,A5002221227,2,"[""I72090969"", ""I1283103587""]",True
10.1109/visual.1995.485143,A5111478001,1,"[""I1341640284""]",True
10.1109/visual.1995.485143,A5112274560,2,"[""I2802259095""]",True
10.1109/visual.1995.480819,A5073766158,1,"[""I1282311441""]",True
10.1109/visual.1995.485146,A5057788754,1,"[""I1282311441""]",True
10.1109/visual.1995.485146,A5023194796,2,"[""I1280536761""]",True
10.1109/visual.1995.485146,A5017345680,3,"[""I1282311441""]",True
10.1109/infvis.1995.528680,A5112415793,1,"[""I47508984""]",True
10.1109/infvis.1995.528680,A5073294201,2,"[""I47508984""]",True
10.1109/infvis.1995.528680,A5008309281,3,"[""I47508984""]",True
10.1109/infvis.1995.528680,A5109624713,4,"[""I47508984""]",True
10.1109/visual.1995.480810,A5051587196,1,"[""I8087733""]",True
10.1109/visual.1995.480796,A5043255121,1,"[""I1327163397"", ""I59553526""]",True
10.1109/visual.1995.480796,A5079085366,2,"[""I59553526"", ""I1327163397""]",True
10.1109/visual.1995.480796,A5107868159,3,"[""I59553526"", ""I1327163397""]",True
10.1109/visual.1995.480813,A5077119810,1,"[""I1327163397"", ""I59553526""]",True
10.1109/visual.1995.480813,A5015247956,2,"[""I59553526"", ""I1327163397""]",True
10.1109/visual.1995.480813,A5107868159,3,"[""I1327163397"", ""I59553526""]",True
10.1109/infvis.1995.528682,A5055472986,1,[],True
10.1109/visual.1995.485157,A5068995314,1,"[""I130701444""]",True
10.1109/visual.1995.485157,A5032960364,2,"[""I130701444""]",True
10.1109/visual.1995.485157,A5110208682,3,"[""I130701444""]",True
10.1109/visual.1995.485157,A5109839360,4,"[""I130701444""]",True
10.1109/visual.1995.485157,A5064465394,5,"[""I130701444""]",True
10.1109/visual.1995.485157,A5111483107,6,"[""I130701444""]",True
10.1109/visual.1995.485157,A5027064195,7,"[""I130701444""]",True
10.1109/visual.1995.480789,A5101666011,1,"[""I185261750""]",True
10.1109/infvis.1995.528690,A5031047896,1,"[""I1283103587"", ""I72090969""]",True
10.1109/infvis.1995.528690,A5054102790,2,"[""I72090969"", ""I1283103587""]",True
10.1109/infvis.1995.528690,A5075091403,3,"[""I72090969"", ""I52913039""]",True
10.1109/infvis.1995.528690,A5006862887,4,"[""I72090969"", ""I1283103587""]",True
10.1109/visual.1995.480799,A5047718241,1,"[""I202697423""]",True
10.1109/visual.1995.480799,A5043929479,2,"[""I202697423""]",True
10.1109/visual.1995.480793,A5086440196,1,"[""I59553526"", ""I1327163397""]",True
10.1109/visual.1995.480793,A5085528889,2,"[""I114027177""]",True
10.1109/visual.1995.480793,A5045276198,3,"[""I4210153043"", ""I4210126298""]",True
10.1109/visual.1995.480793,A5042776849,4,"[""I114027177""]",True
10.1109/visual.1995.480793,A5057360982,5,"[""I114027177""]",True
10.1109/infvis.1995.528696,A5081299245,1,"[""I44896327""]",True
10.1109/infvis.1995.528696,A5109341575,2,"[""I44896327""]",True
10.1109/infvis.1995.528696,A5082419776,3,"[""I44896327""]",True
10.1109/infvis.1995.528696,A5004405532,4,"[""I44896327""]",True
10.1109/infvis.1995.528696,A5030265440,5,"[""I44896327""]",True
10.1109/infvis.1995.528696,A5110972863,6,"[""I44896327""]",True
10.1109/visual.1995.480811,A5030384394,1,"[""I161057412""]",True
10.1109/visual.1995.480811,A5043713217,2,"[""I161057412""]",True
10.1109/visual.1995.480794,A5028125399,1,"[""I130238516""]",True
10.1109/visual.1995.480794,A5112418767,2,"[""I130238516""]",True
10.1109/visual.1995.480794,A5026457914,3,"[""I130238516""]",True
10.1109/visual.1995.480794,A5008198574,4,"[""I130238516""]",True
10.1109/visual.1995.480794,A5057085103,5,"[""I4210135252""]",True
10.1109/visual.1995.480794,A5028357447,6,"[""I130238516""]",True
10.1109/visual.1995.485152,A5075266751,1,"[""I52357470""]",True
10.1109/visual.1995.485152,A5080488883,2,[],True
10.1109/visual.1995.485152,A5075039720,3,[],True
10.1109/visual.1995.485152,A5018515695,4,[],True
10.1109/visual.1995.485151,A5017533592,1,"[""I2898391981""]",True
10.1109/visual.1995.485151,A5108369464,2,"[""I2898391981""]",True
10.1109/visual.1995.480820,A5088827158,1,"[""I32389192""]",True
10.1109/visual.1995.480820,A5052152060,2,"[""I32389192""]",True
10.1109/visual.1995.480804,A5030703335,1,"[""I4210119109""]",True
10.1109/visual.1995.480804,A5102912445,2,"[""I4210119109""]",True
10.1109/infvis.1995.528684,A5109918057,1,"[""I74973139""]",True
10.1109/infvis.1995.528684,A5109216322,2,"[""I74973139""]",True
10.1109/infvis.1995.528684,A5008151140,3,"[""I74973139""]",True
10.1109/infvis.1995.528684,A5028391969,4,"[""I74973139""]",True
10.1109/infvis.1995.528681,A5077397211,1,"[""I4210135397""]",True
10.1109/infvis.1995.528681,A5068399763,2,"[""I4210135397""]",True
10.1109/infvis.1995.528681,A5075918903,3,"[""I185261750""]",True
10.1109/visual.1995.485170,A5053489771,1,"[""I185103710""]",True
10.1109/visual.1995.485153,A5007720902,1,"[""I18014758""]",True
10.1109/visual.1995.485153,A5058910937,2,"[""I194028371""]",True
10.1109/infvis.1995.528695,A5069593831,1,"[""I165779595""]",True
10.1109/infvis.1995.528695,A5055692138,2,"[""I165779595""]",True
10.1109/infvis.1995.528695,A5109188615,3,"[""I165779595""]",True
10.1109/infvis.1995.528693,A5031011577,1,"[""I44896327""]",True
10.1109/infvis.1995.528693,A5075642225,2,"[""I44896327""]",True
10.1109/infvis.1995.528693,A5068115280,3,"[""I44896327""]",True
10.1109/visual.1995.485158,A5069050676,1,[],True
10.1109/visual.1995.485158,A5045504703,2,"[""I98358874""]",True
10.1109/visual.1995.485158,A5020662442,3,"[""I169381384""]",True
10.1109/visual.1995.485155,A5063919540,1,[],True
10.1109/visual.1995.485148,A5001722956,1,"[""I18014758""]",True
10.1109/visual.1995.485148,A5016743303,2,"[""I18014758""]",True
10.1109/visual.1995.485148,A5001759991,3,"[""I18014758""]",True
10.1109/visual.1995.485148,A5043312249,4,"[""I18014758""]",True
10.1109/visual.1995.480797,A5033016473,1,"[""I148751991""]",True
10.1109/visual.1995.480797,A5011715822,2,"[""I148751991""]",True
10.1109/visual.1995.480791,A5002880037,1,"[""I1288214837""]",True
10.1109/visual.1995.485169,A5016584097,1,"[""I-1"", ""I368840534""]",True
10.1109/visual.1995.485169,A5073612551,2,"[""I-1""]",True
10.1109/visual.1995.485169,A5027918086,3,"[""I1302368450""]",True
10.1109/visual.1995.485156,A5050124335,1,"[""I2898391981""]",True
10.1109/visual.1995.485156,A5091111194,2,"[""I2898391981""]",True
10.1109/visual.1995.480818,A5079085366,1,"[""I59553526"", ""I1327163397""]",True
10.1109/visual.1995.480818,A5043255121,2,"[""I59553526"", ""I1327163397""]",True
10.1109/visual.1995.480818,A5013005123,3,"[""I59553526"", ""I1327163397""]",True
10.1109/visual.1995.480815,A5050995848,1,"[""I185261750""]",True
10.1109/visual.1995.480815,A5001959280,2,"[""I4210135397""]",True
10.1109/visual.1995.480815,A5034840018,3,"[""I4210135397""]",True
10.1109/infvis.1995.528687,A5019945348,1,"[""I4210115859"", ""I1295339012""]",True
10.1109/infvis.1995.528687,A5005900179,2,"[""I4210115859"", ""I1295339012""]",True
10.1109/infvis.1995.528683,A5075817746,1,"[""I94509681""]",True
10.1109/infvis.1995.528683,A5075507551,2,"[""I94509681""]",True
10.1109/visual.1995.485150,A5001091537,1,"[""I4210108985"", ""I1295339012""]",True
10.1109/visual.1995.480808,A5103964376,1,"[""I139264467""]",True
10.1109/visual.1995.480808,A5114186339,2,"[""I139264467""]",True
10.1109/infvis.1995.528694,A5080754201,1,"[""I1287521167""]",True
10.1109/visual.1995.485171,A5040201579,1,"[""I66946132""]",True
10.1109/visual.1995.485171,A5028908532,2,"[""I66946132""]",True
10.1109/visual.1995.485149,A5050162114,1,"[""I74656192""]",True
10.1109/visual.1995.485147,A5044148984,1,"[""I18014758""]",True
10.1109/visual.1995.485147,A5025493812,2,"[""I18014758""]",True
10.1109/visual.1995.485147,A5048341979,3,"[""I18014758""]",True
10.1109/visual.1995.485147,A5016568940,4,[],True
10.1109/visual.1995.480816,A5033260752,1,"[""I24603500""]",True
10.1109/visual.1995.480816,A5064921467,2,"[""I161057412"", ""I179093154""]",True
10.1109/visual.1994.346302,A5102773082,1,"[""I107077323""]",True
10.1109/visual.1994.346331,A5031672248,1,"[""I205783295""]",True
10.1109/visual.1994.346331,A5075684728,2,"[""I205783295"", ""I154130895""]",True
10.1109/visual.1994.346326,A5005117873,1,"[""I97018004""]",True
10.1109/visual.1994.346326,A5110998886,2,"[""I97018004""]",True
10.1109/visual.1994.346308,A5031490866,1,[],True
10.1109/visual.1994.346308,A5003406070,2,"[""I2800759272""]",True
10.1109/visual.1994.346308,A5013546425,3,"[""I4210107558""]",True
10.1109/visual.1994.346327,A5112628805,1,"[""I1319063186""]",True
10.1109/visual.1994.346327,A5053875220,2,"[""I1319063186""]",True
10.1109/visual.1994.346311,A5036806136,1,"[""I1280536761""]",True
10.1109/visual.1994.346295,A5109222951,1,"[""I137902535""]",True
10.1109/visual.1994.346295,A5100675683,2,"[""I137902535""]",True
10.1109/visual.1994.346295,A5045696076,3,"[""I137902535""]",True
10.1109/visual.1994.346295,A5057777900,4,"[""I137902535""]",True
10.1109/visual.1994.346295,A5100420423,5,"[""I137902535""]",True
10.1109/visual.1994.346295,A5064155521,6,"[""I137902535""]",True
10.1109/visual.1994.346295,A5006944801,7,"[""I137902535""]",True
10.1109/visual.1994.346295,A5014889758,8,"[""I137902535""]",True
10.1109/visual.1994.346313,A5036885344,1,"[""I1280536761""]",True
10.1109/visual.1994.346312,A5019023365,1,"[""I1282311441""]",True
10.1109/visual.1994.346312,A5006952014,2,"[""I1282311441""]",True
10.1109/visual.1994.346312,A5076776861,3,"[""I1282311441""]",True
10.1109/visual.1994.346340,A5047916823,1,"[""I1344073410"", ""I1327163397""]",True
10.1109/visual.1994.346340,A5060608833,2,"[""I1327163397"", ""I59553526""]",True
10.1109/visual.1994.346340,A5079085366,3,"[""I1327163397"", ""I59553526""]",True
10.1109/visual.1994.346340,A5039517392,4,"[""I59553526"", ""I1327163397""]",True
10.1109/visual.1994.346340,A5038464567,5,"[""I1327163397"", ""I59553526""]",True
10.1109/visual.1994.346340,A5028521832,6,"[""I59553526"", ""I1327163397""]",True
10.1109/visual.1994.346340,A5085552629,7,"[""I59553526"", ""I1327163397""]",True
10.1109/visual.1994.346340,A5076925843,8,"[""I59553526"", ""I1327163397""]",True
10.1109/visual.1994.346339,A5030139366,1,"[""I4210134512""]",True
10.1109/visual.1994.346339,A5068438875,2,"[""I4210134512""]",True
10.1109/visual.1994.346339,A5086610229,3,[],True
10.1109/visual.1994.346321,A5065630217,1,"[""I223532165""]",True
10.1109/visual.1994.346321,A5048780291,2,"[""I223532165""]",True
10.1109/visual.1994.346333,A5060608833,1,"[""I59553526"", ""I1327163397""]",True
10.1109/visual.1994.346333,A5021401483,2,"[""I1327163397"", ""I59553526""]",True
10.1109/visual.1994.346333,A5046739843,3,"[""I59553526"", ""I1327163397""]",True
10.1109/visual.1994.346320,A5045105070,1,"[""I207624831""]",True
10.1109/visual.1994.346304,A5064018186,1,"[""I135310074""]",True
10.1109/visual.1994.346304,A5080615708,2,"[""I135310074""]",True
10.1109/visual.1994.346304,A5113922759,3,"[""I135310074""]",True
10.1109/visual.1994.346329,A5068638895,1,"[""I2898391981""]",True
10.1109/visual.1994.346329,A5112611254,2,"[""I2898391981""]",True
10.1109/visual.1994.346307,A5061917686,1,"[""I3129407955""]",True
10.1109/visual.1994.346332,A5107388446,1,"[""I99041443""]",True
10.1109/visual.1994.346332,A5030947996,2,"[""I99041443""]",True
10.1109/visual.1994.346315,A5015520753,1,"[""I153267046""]",True
10.1109/visual.1994.346315,A5108428297,2,"[""I153267046""]",True
10.1109/visual.1994.346315,A5086100491,3,"[""I153267046""]",True
10.1109/visual.1994.346315,A5091509457,4,"[""I3129407955""]",True
10.1109/visual.1994.346315,A5056000267,5,"[""I3129407955""]",True
10.1109/visual.1994.346334,A5061536888,1,"[""I4210145865""]",True
10.1109/visual.1994.346334,A5050934788,2,"[""I4210145865""]",True
10.1109/visual.1994.346322,A5030674376,1,"[""I4210114115""]",True
10.1109/visual.1994.346322,A5026981652,2,"[""I4210114115""]",True
10.1109/visual.1994.346322,A5086396255,3,"[""I4210114115""]",True
10.1109/visual.1994.346318,A5054427024,1,"[""I100005738""]",True
10.1109/visual.1994.346318,A5018044277,2,"[""I100005738""]",True
10.1109/visual.1994.346330,A5030703335,1,"[""I4210119109""]",True
10.1109/visual.1994.346330,A5032840693,2,"[""I4210119109""]",True
10.1109/visual.1994.346317,A5050571638,1,"[""I1306266525""]",True
10.1109/visual.1994.346317,A5007335034,2,"[""I1306266525""]",True
10.1109/visual.1994.346317,A5002938065,3,"[""I1306266525""]",True
10.1109/visual.1994.346316,A5052169874,1,"[""I206945453""]",True
10.1109/visual.1994.346316,A5008676144,2,"[""I188538660""]",True
10.1109/visual.1994.346342,A5049745718,1,"[""I180670191""]",True
10.1109/visual.1994.346342,A5056706946,2,"[""I180670191""]",True
10.1109/visual.1994.346342,A5043220723,3,"[""I180670191""]",True
10.1109/visual.1994.346341,A5028885392,1,"[""I1282105669""]",True
10.1109/visual.1994.346341,A5003148265,2,"[""I1282105669""]",True
10.1109/visual.1994.346341,A5089373476,3,"[""I1282105669""]",True
10.1109/visual.1994.346341,A5024587973,4,"[""I1282105669""]",True
10.1109/visual.1994.346305,A5016076717,1,"[""I185103710""]",True
10.1109/visual.1994.346305,A5026932575,2,"[""I185103710""]",True
10.1109/visual.1994.346324,A5048743316,1,"[""I4210119109""]",True
10.1109/visual.1994.346324,A5030703335,2,"[""I4210119109""]",True
10.1109/visual.1994.346319,A5074870798,1,"[""I1327163397"", ""I59553526""]",True
10.1109/visual.1994.346319,A5039517392,2,"[""I1327163397"", ""I59553526""]",True
10.1109/visual.1994.346314,A5018584803,1,"[""I79272384""]",True
10.1109/visual.1994.346314,A5088016700,2,"[""I52357470""]",True
10.1109/visual.1994.346314,A5026701284,3,"[""I52357470""]",True
10.1109/visual.1994.346314,A5082712854,4,"[""I52357470""]",True
10.1109/visual.1994.346335,A5030896164,1,"[""I219193219""]",True
10.1109/visual.1994.346335,A5075970233,2,"[""I161057412"", ""I219193219""]",True
10.1109/visual.1994.346309,A5076580436,1,[],True
10.1109/visual.1994.346309,A5103642464,2,"[""I27804330""]",True
10.1109/visual.1994.346298,A5052673316,1,"[""I1341412227"", ""I4210114115""]",True
10.1109/visual.1994.346297,A5112947230,1,"[""I99041443""]",True
10.1109/visual.1994.346297,A5056355204,2,"[""I99041443""]",True
10.1109/visual.1994.346294,A5042420721,1,"[""I3019423309""]",True
10.1109/visual.1994.346294,A5084781916,2,"[""I3019423309""]",True
10.1109/visual.1994.346294,A5068987191,3,"[""I3019423309""]",True
10.1109/visual.1994.346328,A5037161857,1,"[""I1319063186""]",True
10.1109/visual.1994.346328,A5002914811,2,"[""I81365321""]",True
10.1109/visual.1994.346292,A5054475206,1,"[""I201448701""]",True
10.1109/visual.1994.346292,A5110045561,2,"[""I201448701""]",True
10.1109/visual.1994.346338,A5010015110,1,[],True
10.1109/visual.1994.346338,A5079373108,2,[],True
10.1109/visual.1994.346338,A5052156616,3,[],True
10.1109/visual.1994.346336,A5077003401,1,"[""I174306211""]",True
10.1109/visual.1994.346336,A5060306552,2,"[""I174306211""]",True
10.1109/visual.1994.346325,A5109259472,1,"[""I20089843""]",True
10.1109/visual.1994.346325,A5014858614,2,"[""I20089843""]",True
10.1109/visual.1994.346323,A5037200145,1,[],True
10.1109/visual.1994.346323,A5067299224,2,[],True
10.1109/visual.1994.346337,A5046772423,1,"[""I4210135837"", ""I157725225""]",True
10.1109/visual.1994.346337,A5000160353,2,"[""I157725225"", ""I4210135837""]",True
10.1109/visual.1994.346310,A5009057332,1,"[""I4210114521"", ""I4210141255""]",True
10.1109/visual.1994.346310,A5112799706,2,"[""I4210141255"", ""I4210114521""]",True
10.1109/visual.1994.346310,A5069735203,3,"[""I4210141255"", ""I4210114521""]",True
10.1109/visual.1994.346306,A5033319838,1,"[""I205783295""]",True
10.1109/visual.1994.346306,A5045547142,2,"[""I27804330""]",True
10.1109/visual.1994.346293,A5065773703,1,"[""I91045830""]",True
10.1109/visual.1994.346293,A5062586683,2,"[""I91045830""]",True
10.1109/visual.1994.346303,A5014571315,1,"[""I193531525""]",True
10.1109/visual.1994.346303,A5031512976,2,"[""I193531525""]",True
10.1109/visual.1994.346301,A5084378679,1,"[""I2799567181"", ""I20089843""]",True
10.1109/visual.1994.346301,A5059535412,2,"[""I102322142""]",True
10.1109/visual.1994.346300,A5081397237,1,"[""I880747138""]",True
10.1109/visual.1994.346300,A5009969946,2,"[""I880747138""]",True
10.1109/visual.1994.346300,A5037546466,3,"[""I880747138""]",True
10.1109/visual.1994.346300,A5108411357,4,"[""I66946132""]",True
10.1109/visual.1994.346300,A5088299135,5,"[""I66946132""]",True
10.1109/visual.1994.346300,A5025111807,6,"[""I66946132""]",True
10.1109/visual.1994.346300,A5059940816,7,[],True
10.1109/visual.1994.346299,A5072037690,1,"[""I106118109"", ""I4210161853""]",True
10.1109/visual.1994.346299,A5020361086,2,"[""I66946132""]",True
10.1109/visual.1994.346296,A5073411496,1,"[""I18014758""]",True
10.1109/visual.1994.346296,A5102859075,2,"[""I18014758""]",True
10.1109/visual.1994.346296,A5007720902,3,"[""I18014758""]",True
10.1109/visual.1994.346291,A5064638062,1,"[""I1321296531""]",True
10.1109/visual.1994.346291,A5012397920,2,"[""I1321296531""]",True
10.1109/visual.1994.346291,A5101561288,3,"[""I39422238""]",True
10.1109/visual.1994.346290,A5075158351,1,"[""I141472210""]",True
10.1109/visual.1994.346290,A5112053788,2,"[""I141472210""]",True
10.1109/visual.1993.398877,A5006952014,1,"[""I1282311441""]",True
10.1109/visual.1993.398877,A5086272851,2,"[""I1282311441""]",True
10.1109/visual.1993.398849,A5080427073,1,"[""I98358874""]",True
10.1109/visual.1993.398849,A5051025031,2,"[""I2802259095""]",True
10.1109/visual.1993.398859,A5051025031,1,"[""I2802259095""]",True
10.1109/visual.1993.398859,A5060853040,2,"[""I1341640284""]",True
10.1109/visual.1993.398852,A5088016700,1,"[""I52357470""]",True
10.1109/visual.1993.398852,A5088861439,2,"[""I52357470""]",True
10.1109/visual.1993.398870,A5002221227,1,"[""I1283103587""]",True
10.1109/visual.1993.398870,A5113979435,2,"[""I1283103587""]",True
10.1109/visual.1993.398872,A5101687497,1,[],True
10.1109/visual.1993.398872,A5088520658,2,"[""I79576946""]",True
10.1109/visual.1993.398875,A5051025031,1,"[""I2802259095""]",True
10.1109/visual.1993.398857,A5062288739,1,"[""I130828816""]",True
10.1109/visual.1993.398857,A5016449842,2,"[""I130828816""]",True
10.1109/visual.1993.398857,A5000858152,3,"[""I130828816""]",True
10.1109/visual.1993.398857,A5027113883,4,"[""I86122600""]",True
10.1109/visual.1993.398857,A5029205068,5,"[""I86122600""]",True
10.1109/visual.1993.398857,A5071409576,6,"[""I86122600""]",True
10.1109/visual.1993.398868,A5057472200,1,"[""I1343871089""]",True
10.1109/visual.1993.398868,A5065645994,2,"[""I1343871089""]",True
10.1109/visual.1993.398854,A5042737237,1,"[""I1327163397"", ""I59553526""]",True
10.1109/visual.1993.398854,A5039517392,2,"[""I59553526"", ""I1327163397""]",True
10.1109/visual.1993.398846,A5086272851,1,"[""I1282311441""]",True
10.1109/visual.1993.398846,A5016232764,2,"[""I1282311441""]",True
10.1109/visual.1993.398846,A5006952014,3,"[""I1282311441""]",True
10.1109/visual.1993.398902,A5068438875,1,"[""I1332737386""]",True
10.1109/visual.1993.398902,A5109058443,2,"[""I1332737386""]",True
10.1109/visual.1993.398902,A5003318959,3,"[""I1332737386""]",True
10.1109/visual.1993.398902,A5109147481,4,"[""I1332737386"", ""I1283280774""]",True
10.1109/visual.1993.398902,A5042661171,5,"[""I1332737386"", ""I1283280774""]",True
10.1109/visual.1993.398902,A5111651034,6,"[""I1283280774"", ""I1332737386""]",True
10.1109/visual.1993.398845,A5028626524,1,"[""I97018004""]",True
10.1109/visual.1993.398845,A5110998886,2,"[""I97018004""]",True
10.1109/visual.1993.398874,A5045306550,1,"[""I4210114115""]",True
10.1109/visual.1993.398874,A5052673316,2,"[""I4210114115""]",True
10.1109/visual.1993.398851,A5065813500,1,[],True
10.1109/visual.1993.398869,A5030703335,1,"[""I4210119109""]",True
10.1109/visual.1993.398869,A5078083248,2,"[""I4210119109""]",True
10.1109/visual.1993.398848,A5036806136,1,"[""I1280536761""]",True
10.1109/visual.1993.398863,A5059880235,1,"[""I63966007""]",True
10.1109/visual.1993.398850,A5108076543,1,"[""I98358874""]",True
10.1109/visual.1993.398850,A5023711681,2,"[""I98358874""]",True
10.1109/visual.1993.398853,A5031432252,1,"[""I185103710""]",True
10.1109/visual.1993.398853,A5047447282,2,"[""I185103710""]",True
10.1109/visual.1993.398885,A5108666122,1,"[""I1343871089""]",True
10.1109/visual.1993.398885,A5048860923,2,"[""I1343871089""]",True
10.1109/visual.1993.398880,A5016076717,1,"[""I185103710""]",True
10.1109/visual.1993.398880,A5019963223,2,"[""I185103710""]",True
10.1109/visual.1993.398864,A5073919282,1,"[""I8204097""]",True
10.1109/visual.1993.398864,A5015727314,2,"[""I8204097""]",True
10.1109/visual.1993.398864,A5003335849,3,"[""I8204097""]",True
10.1109/visual.1993.398883,A5010544735,1,"[""I180949307""]",True
10.1109/visual.1993.398883,A5112238808,2,"[""I180949307""]",True
10.1109/visual.1993.398883,A5021345249,3,"[""I180949307""]",True
10.1109/visual.1993.398883,A5111427389,4,"[""I180949307""]",True
10.1109/visual.1993.398883,A5112191809,5,"[""I180949307""]",True
10.1109/visual.1993.398862,A5072621491,1,"[""I59553526"", ""I1327163397""]",True
10.1109/visual.1993.398862,A5057408334,2,"[""I1327163397"", ""I59553526""]",True
10.1109/visual.1993.398860,A5088384298,1,"[""I157725225""]",True
10.1109/visual.1993.398860,A5072242598,2,"[""I157725225""]",True
10.1109/visual.1993.398855,A5074724644,1,"[""I95457486""]",True
10.1109/visual.1993.398855,A5022569906,2,"[""I95457486""]",True
10.1109/visual.1993.398855,A5084942405,3,"[""I95457486""]",True
10.1109/visual.1993.398855,A5063254269,4,"[""I95457486""]",True
10.1109/visual.1993.398855,A5110081972,5,"[""I95457486""]",True
10.1109/visual.1993.398855,A5101637750,6,"[""I95457486""]",True
10.1109/visual.1993.398901,A5073518798,1,"[""I99041443""]",True
10.1109/visual.1993.398901,A5038683560,2,"[""I99041443""]",True
10.1109/visual.1993.398895,A5021369571,1,"[""I4210108985"", ""I1295339012""]",True
10.1109/visual.1993.398895,A5081298505,2,"[""I4210108985"", ""I1295339012""]",True
10.1109/visual.1993.398882,A5086440196,1,"[""I114027177""]",True
10.1109/visual.1993.398882,A5085528889,2,"[""I114027177""]",True
10.1109/visual.1993.398876,A5037161857,1,"[""I1319063186""]",True
10.1109/visual.1993.398876,A5084536188,2,"[""I223532165""]",True
10.1109/visual.1993.398903,A5103442618,1,"[""I4210150884"", ""I1326498283""]",True
10.1109/visual.1993.398903,A5079108174,2,"[""I4210150884"", ""I1326498283""]",True
10.1109/visual.1993.398894,A5070809474,1,"[""I2898391981""]",True
10.1109/visual.1993.398867,A5021246811,1,"[""I4210114115"", ""I1341412227""]",True
10.1109/visual.1993.398867,A5057479477,2,"[""I1341412227"", ""I4210114115""]",True
10.1109/visual.1993.398867,A5020860355,3,"[""I1341412227"", ""I4210114115""]",True
10.1109/visual.1993.398867,A5012627445,4,"[""I1341412227"", ""I205783295""]",True
10.1109/visual.1993.398879,A5007549940,1,"[""I118347636""]",True
10.1109/visual.1993.398879,A5070138738,2,"[""I118347636""]",True
10.1109/visual.1993.398878,A5068438875,1,"[""I1332737386""]",True
10.1109/visual.1993.398856,A5070470137,1,"[""I4210122731""]",True
10.1109/visual.1993.398856,A5072137303,2,"[""I181653535""]",True
10.1109/visual.1993.398856,A5016709443,3,"[""I181653535""]",True
10.1109/visual.1993.398856,A5042291530,4,"[""I181653535""]",True
10.1109/visual.1993.398904,A5064478231,1,"[""I122991210""]",True
10.1109/visual.1993.398904,A5025651670,2,[],True
10.1109/visual.1993.398904,A5047993611,3,"[""I122991210""]",True
10.1109/visual.1993.398847,A5090522837,1,"[""I8087733""]",True
10.1109/visual.1993.398847,A5058352860,2,"[""I8087733""]",True
10.1109/visual.1993.398847,A5080483655,3,"[""I4210119362""]",True
10.1109/visual.1993.398866,A5086432913,1,"[""I87216513""]",True
10.1109/visual.1993.398866,A5046542218,2,"[""I87216513""]",True
10.1109/visual.1993.398900,A5011131671,1,"[""I4210094759""]",True
10.1109/visual.1993.398893,A5039180000,1,[],True
10.1109/visual.1993.398893,A5110877700,2,[],True
10.1109/visual.1993.398861,A5026123984,1,"[""I98677209""]",True
10.1109/visual.1993.398861,A5110146825,2,"[""I98677209""]",True
10.1109/visual.1993.398861,A5032912229,3,"[""I70983195"", ""I98677209""]",True
10.1109/visual.1993.398858,A5018034703,1,[],True
10.1109/visual.1993.398899,A5052673316,1,"[""I4210114115"", ""I1341412227""]",True
10.1109/visual.1993.398892,A5079119405,1,"[""I4210090857""]",True
10.1109/visual.1993.398892,A5025664174,2,"[""I4210090857""]",True
10.1109/visual.1993.398892,A5065678560,3,"[""I4210090857""]",True
10.1109/visual.1993.398881,A5041857191,1,"[""I1292875679""]",True
10.1109/visual.1993.398881,A5053740039,2,"[""I1292875679""]",True
10.1109/visual.1993.398911,A5021334006,1,"[""I172901346""]",True
10.1109/visual.1993.398911,A5090528474,2,"[""I3129407955""]",True
10.1109/visual.1993.398911,A5084942434,3,"[""I3129407955""]",True
10.1109/visual.1993.398911,A5008910895,4,"[""I2800235667""]",True
10.1109/visual.1993.398911,A5073416704,5,[],True
10.1109/visual.1993.398911,A5064144223,6,[],True
10.1109/visual.1993.398898,A5004414408,1,"[""I67311998""]",True
10.1109/visual.1993.398898,A5082645764,2,[],True
10.1109/visual.1993.398898,A5082797803,3,[],True
10.1109/visual.1993.398897,A5000621096,1,"[""I4210133362"", ""I142476485"", ""I1294671590""]",True
10.1109/visual.1993.398897,A5017980758,2,"[""I1294671590"", ""I4210133362"", ""I142476485""]",True
10.1109/visual.1993.398896,A5110390560,1,"[""I13402291""]",True
10.1109/visual.1993.398896,A5059017367,2,"[""I13402291""]",True
10.1109/visual.1993.398884,A5024208170,1,"[""I4210138199""]",True
10.1109/visual.1993.398873,A5020130672,1,"[""I1282311441""]",True
10.1109/visual.1993.398871,A5050280036,1,"[""I97018004""]",True
10.1109/visual.1993.398871,A5018510875,2,"[""I13805885""]",True
10.1109/visual.1993.398865,A5027883388,1,"[""I1342911587""]",True
10.1109/visual.1993.398865,A5058703729,2,"[""I27804330""]",True
10.1109/visual.1992.235211,A5028521082,1,"[""I1280536761""]",True
10.1109/visual.1992.235219,A5011218802,1,"[""I4210114115""]",True
10.1109/visual.1992.235219,A5051077300,2,"[""I4210114115""]",True
10.1109/visual.1992.235219,A5038334907,3,"[""I4210114115""]",True
10.1109/visual.1992.235219,A5110737673,4,"[""I4210114115""]",True
10.1109/visual.1992.235219,A5091393556,5,"[""I4210114115""]",True
10.1109/visual.1992.235219,A5040227533,6,"[""I4210114115""]",True
10.1109/visual.1992.235203,A5020130672,1,"[""I1282311441""]",True
10.1109/visual.1992.235203,A5020117665,2,"[""I1282311441""]",True
10.1109/visual.1992.235203,A5019023365,3,"[""I1282311441""]",True
10.1109/visual.1992.235230,A5022167754,1,[],True
10.1109/visual.1992.235223,A5113501332,1,"[""I1343871089""]",True
10.1109/visual.1992.235223,A5057472200,2,"[""I1343871089""]",True
10.1109/visual.1992.235193,A5005117873,1,[],True
10.1109/visual.1992.235193,A5110998886,2,"[""I13805885""]",True
10.1109/visual.1992.235231,A5056690945,1,"[""I1327163397"", ""I59553526""]",True
10.1109/visual.1992.235231,A5048716011,2,"[""I59553526"", ""I1327163397""]",True
10.1109/visual.1992.235231,A5039517392,3,"[""I1327163397"", ""I59553526""]",True
10.1109/visual.1992.235210,A5019023365,1,"[""I1282311441""]",True
10.1109/visual.1992.235210,A5006952014,2,"[""I1282311441""]",True
10.1109/visual.1992.235210,A5013259507,3,"[""I1282311441""]",True
10.1109/visual.1992.235217,A5069432916,1,"[""I66946132""]",True
10.1109/visual.1992.235217,A5109559450,2,"[""I66946132""]",True
10.1109/visual.1992.235225,A5086163328,1,"[""I154130895""]",True
10.1109/visual.1992.235225,A5113933519,2,"[""I154130895""]",True
10.1109/visual.1992.235228,A5103547883,1,"[""I157725225"", ""I4210135837""]",True
10.1109/visual.1992.235226,A5052562269,1,"[""I2802259095""]",True
10.1109/visual.1992.235199,A5067970551,1,"[""I44896327""]",True
10.1109/visual.1992.235198,A5085823262,1,"[""I126863827""]",True
10.1109/visual.1992.235222,A5030703335,1,"[""I67311998"", ""I4210119109""]",True
10.1109/visual.1992.235222,A5055786452,2,"[""I4210119109""]",True
10.1109/visual.1992.235215,A5064018186,1,"[""I1304256225""]",True
10.1109/visual.1992.235215,A5080615708,2,"[""I135310074""]",True
10.1109/visual.1992.235215,A5113922759,3,"[""I135310074""]",True
10.1109/visual.1992.235207,A5029161249,1,"[""I169521973""]",True
10.1109/visual.1992.235207,A5038954689,2,"[""I169521973""]",True
10.1109/visual.1992.235207,A5065645994,3,"[""I1343871089""]",True
10.1109/visual.1992.235204,A5011218802,1,"[""I4210114115""]",True
10.1109/visual.1992.235201,A5009611685,1,"[""I137902535""]",True
10.1109/visual.1992.235190,A5078468440,1,"[""I4210135298""]",True
10.1109/visual.1992.235190,A5091252762,2,"[""I4210135298""]",True
10.1109/visual.1992.235229,A5042420721,1,"[""I107257983""]",True
10.1109/visual.1992.235229,A5018427397,2,"[""I107257983""]",True
10.1109/visual.1992.235205,A5005518096,1,[],True
10.1109/visual.1992.235205,A5068438875,2,[],True
10.1109/visual.1992.235205,A5047160794,3,[],True
10.1109/visual.1992.235205,A5054141042,4,[],True
10.1109/visual.1992.235202,A5028521082,1,"[""I1280536761""]",True
10.1109/visual.1992.235202,A5058615764,2,"[""I1280536761""]",True
10.1109/visual.1992.235178,A5023536951,1,"[""I223532165""]",True
10.1109/visual.1992.235178,A5102776250,2,"[""I223532165""]",True
10.1109/visual.1992.235178,A5004662722,3,"[""I223532165""]",True
10.1109/visual.1992.235221,A5085297899,1,"[""I181653535""]",True
10.1109/visual.1992.235189,A5004436161,1,"[""I20089843""]",True
10.1109/visual.1992.235189,A5033982024,2,"[""I20089843""]",True
10.1109/visual.1992.235189,A5076238397,3,"[""I20089843""]",True
10.1109/visual.1992.235189,A5019713312,4,"[""I20089843""]",True
10.1109/visual.1992.235189,A5040576750,5,"[""I20089843""]",True
10.1109/visual.1992.235197,A5033824612,1,"[""I78577930""]",True
10.1109/visual.1992.235197,A5035258949,2,"[""I78577930""]",True
10.1109/visual.1992.235191,A5022272584,1,"[""I2948394018""]",True
10.1109/visual.1992.235191,A5045407993,2,"[""I59553526"", ""I1327163397""]",True
10.1109/visual.1992.235224,A5081108403,1,"[""I153267046""]",True
10.1109/visual.1992.235224,A5078137076,2,"[""I153267046""]",True
10.1109/visual.1992.235213,A5028461567,1,"[""I4210145865""]",True
10.1109/visual.1992.235206,A5105838696,1,"[""I1283103587""]",True
10.1109/visual.1992.235206,A5001305620,2,"[""I1283103587""]",True
10.1109/visual.1992.235196,A5024378087,1,"[""I4210159476"", ""I1280536761""]",True
10.1109/visual.1992.235227,A5037161857,1,"[""I223532165""]",True
10.1109/visual.1992.235227,A5076477022,2,"[""I223532165""]",True
10.1109/visual.1992.235212,A5022269237,1,"[""I1288214837"", ""I4210138427"", ""I4388482754""]",True
10.1109/visual.1992.235212,A5002877712,2,"[""I1288214837""]",True
10.1109/visual.1992.235212,A5113822678,3,[],True
10.1109/visual.1992.235209,A5052834375,1,"[""I24603500""]",True
10.1109/visual.1992.235209,A5004273534,2,"[""I24603500""]",True
10.1109/visual.1992.235209,A5111887901,3,"[""I24603500""]",True
10.1109/visual.1992.235179,A5081767590,1,"[""I4210114115""]",True
10.1109/visual.1992.235179,A5054441753,2,"[""I174216632"", ""I57206974"", ""I4210127401"", ""I2802849423""]",True
10.1109/visual.1992.235179,A5037700111,3,"[""I4210163586""]",True
10.1109/visual.1992.235179,A5073413849,4,[],True
10.1109/visual.1992.235220,A5045497184,1,"[""I74760111""]",True
10.1109/visual.1992.235220,A5047932211,2,"[""I44896327""]",True
10.1109/visual.1992.235220,A5019437484,3,"[""I4210089612""]",True
10.1109/visual.1992.235200,A5011911621,1,"[""I161057412""]",True
10.1109/visual.1992.235200,A5017027670,2,"[""I161057412""]",True
10.1109/visual.1992.235200,A5020424172,3,"[""I1292974536""]",True
10.1109/visual.1992.235194,A5075105267,1,"[""I4210122731""]",True
10.1109/visual.1992.235194,A5103642464,2,"[""I27804330""]",True
10.1109/visual.1992.235174,A5021808369,1,"[""I102322142""]",True
10.1109/visual.1992.235174,A5037170665,2,"[""I102322142""]",True
10.1109/visual.1992.235218,A5109182210,1,"[""I4210092357""]",True
10.1109/visual.1992.235218,A5025192930,2,"[""I4210092357""]",True
10.1109/visual.1992.235218,A5073867643,3,"[""I4210092357""]",True
10.1109/visual.1992.235218,A5111683172,4,"[""I4210092357""]",True
10.1109/visual.1992.235218,A5109938967,5,"[""I4210092357""]",True
10.1109/visual.1992.235218,A5089069817,6,"[""I4210092357""]",True
10.1109/visual.1992.235218,A5080605005,7,"[""I4210108711"", ""I159176309""]",True
10.1109/visual.1992.235214,A5057119434,1,"[""I1283103587""]",True
10.1109/visual.1992.235214,A5113338491,2,"[""I1283103587""]",True
10.1109/visual.1992.235188,A5081781046,1,"[""I136199984""]",True
10.1109/visual.1992.235216,A5070417318,1,"[""I125749732""]",True
10.1109/visual.1992.235216,A5035190699,2,"[""I99065089""]",True
10.1109/visual.1992.235208,A5019455791,1,[],True
10.1109/visual.1992.235208,A5005188371,2,"[""I177725633""]",True
10.1109/visual.1992.235192,A5060479755,1,"[""I1282311441""]",True
10.1109/visual.1992.235192,A5082115677,2,"[""I1282311441""]",True
10.1109/visual.1992.235181,A5084633844,1,"[""I4210124175""]",True
10.1109/visual.1992.235181,A5036617553,2,"[""I4210124175""]",True
10.1109/visual.1992.235181,A5083152658,3,"[""I4210124175""]",True
10.1109/visual.1992.235181,A5018427801,4,"[""I4210102542""]",True
10.1109/visual.1992.235195,A5014622702,1,"[""I181653535""]",True
10.1109/visual.1992.235195,A5028515568,2,"[""I181653535""]",True
10.1109/visual.1992.235180,A5002371393,1,"[""I1286704778""]",True
10.1109/visual.1992.235177,A5076558585,1,"[""I181653535""]",True
10.1109/visual.1992.235177,A5072182270,2,"[""I181653535""]",True
10.1109/visual.1992.235177,A5071682938,3,"[""I36258959""]",True
10.1109/visual.1992.235176,A5005957538,1,"[""I181653535""]",True
10.1109/visual.1992.235176,A5031038591,2,"[""I150209017""]",True
10.1109/visual.1992.235175,A5080754201,1,[],True
10.1109/visual.1992.235175,A5040079787,2,[],True
10.1109/visual.1992.235175,A5009611685,3,[],True
10.1109/visual.1992.235175,A5060526863,4,[],True
10.1109/visual.1992.235175,A5036072031,5,[],True
10.1109/visual.1992.235175,A5111387237,6,[],True
10.1109/visual.1992.235175,A5044289462,7,[],True
10.1109/visual.1992.235175,A5013491656,8,[],True
10.1109/visual.1992.235175,A5064018186,9,[],True
10.1109/visual.1992.235175,A5080615708,10,[],True
10.1109/visual.1992.235175,A5113922759,11,[],True
10.1109/visual.1992.235175,A5052673316,12,[],True
10.1109/visual.1992.235173,A5044817078,1,"[""I4389425429"", ""I1306490931""]",True
10.1109/visual.1992.235173,A5046814575,2,"[""I4389425429"", ""I1306490931""]",True
10.1109/visual.1991.175815,A5109559450,1,"[""I66946132""]",True
10.1109/visual.1991.175815,A5052623072,2,"[""I66946132""]",True
10.1109/visual.1991.175782,A5110010093,1,"[""I55732556""]",True
10.1109/visual.1991.175782,A5077191719,2,"[""I55732556""]",True
10.1109/visual.1991.175773,A5073465792,1,"[""I-1""]",True
10.1109/visual.1991.175773,A5013352966,2,"[""I1280536761""]",True
10.1109/visual.1991.175773,A5025447593,3,"[""I1280536761""]",True
10.1109/visual.1991.175794,A5001227061,1,[],True
10.1109/visual.1991.175794,A5002554286,2,"[""I201448701""]",True
10.1109/visual.1991.175794,A5053252177,3,"[""I201448701""]",True
10.1109/visual.1991.175794,A5027273230,4,"[""I201448701""]",True
10.1109/visual.1991.175771,A5030219659,1,"[""I1280536761""]",True
10.1109/visual.1991.175771,A5013352966,2,"[""I1280536761""]",True
10.1109/visual.1991.175789,A5030139366,1,[],True
10.1109/visual.1991.175789,A5054141042,2,[],True
10.1109/visual.1991.175789,A5077439244,3,[],True
10.1109/visual.1991.175818,A5046081006,1,"[""I157725225""]",True
10.1109/visual.1991.175818,A5011218802,2,"[""I4210114115""]",True
10.1109/visual.1991.175818,A5038334907,3,"[""I4210114115""]",True
10.1109/visual.1991.175795,A5029374376,1,"[""I133738476""]",True
10.1109/visual.1991.175790,A5062508174,1,"[""I4210114115""]",True
10.1109/visual.1991.175790,A5065275615,2,"[""I4210114115""]",True
10.1109/visual.1991.175780,A5043313196,1,"[""I4210124474""]",True
10.1109/visual.1991.175777,A5015864290,1,[],True
10.1109/visual.1991.175777,A5038377581,2,[],True
10.1109/visual.1991.175792,A5030062789,1,"[""I4210132870""]",True
10.1109/visual.1991.175792,A5056923138,2,"[""I4210132870""]",True
10.1109/visual.1991.175821,A5030703335,1,"[""I4210119109""]",True
10.1109/visual.1991.175821,A5033881178,2,"[""I4210119109""]",True
10.1109/visual.1991.175837,A5056647443,1,"[""I46020346"", ""I63966007""]",True
10.1109/visual.1991.175837,A5008751772,2,"[""I46020346"", ""I63966007""]",True
10.1109/visual.1991.175805,A5088016700,1,"[""I1327163397"", ""I59553526""]",True
10.1109/visual.1991.175805,A5107868159,2,"[""I1327163397"", ""I59553526""]",True
10.1109/visual.1991.175805,A5037582388,3,"[""I1327163397"", ""I59553526""]",True
10.1109/visual.1991.175796,A5003209643,1,[],True
10.1109/visual.1991.175796,A5035785661,2,[],True
10.1109/visual.1991.175796,A5081393180,3,[],True
10.1109/visual.1991.175820,A5113490427,1,"[""I4210107053""]",True
10.1109/visual.1991.175820,A5109218884,2,"[""I4210107053""]",True
10.1109/visual.1991.175811,A5086335700,1,"[""I1282311441""]",True
10.1109/visual.1991.175811,A5006927336,2,"[""I1282311441""]",True
10.1109/visual.1991.175807,A5044733153,1,"[""I181653535""]",True
10.1109/visual.1991.175807,A5041762807,2,"[""I181653535""]",True
10.1109/visual.1991.175778,A5052011548,1,"[""I137902535""]",True
10.1109/visual.1991.175778,A5082235583,2,"[""I137902535""]",True
10.1109/visual.1991.175778,A5014889758,3,[],True
10.1109/visual.1991.175778,A5056585168,4,[],True
10.1109/visual.1991.175778,A5109972884,5,"[""I137902535""]",True
10.1109/visual.1991.175778,A5015919547,6,"[""I137902535""]",True
10.1109/visual.1991.175778,A5109840277,7,"[""I137902535""]",True
10.1109/visual.1991.175833,A5010642469,1,"[""I4210099974""]",True
10.1109/visual.1991.175810,A5083555203,1,"[""I4210135837"", ""I157725225""]",True
10.1109/visual.1991.175810,A5000811068,2,"[""I4210135837"", ""I157725225""]",True
10.1109/visual.1991.175810,A5016317828,3,"[""I157725225"", ""I4210135837""]",True
10.1109/visual.1991.175809,A5020208288,1,"[""I133738476""]",True
10.1109/visual.1991.175809,A5047285781,2,"[""I133738476""]",True
10.1109/visual.1991.175809,A5023510398,3,"[""I161057412""]",True
10.1109/visual.1991.175806,A5006326568,1,"[""I165932596""]",True
10.1109/visual.1991.175806,A5077298065,2,"[""I165932596""]",True
10.1109/visual.1991.175801,A5100436460,1,"[""I47508984"", ""I124357947"", ""I45129253""]",True
10.1109/visual.1991.175801,A5042741006,2,"[""I47508984"", ""I45129253"", ""I124357947""]",True
10.1109/visual.1991.175801,A5026341297,3,"[""I4210130048"", ""I138801177""]",True
10.1109/visual.1991.175801,A5062702770,4,"[""I138801177"", ""I4210130048""]",True
10.1109/visual.1991.175819,A5040889301,1,"[""I2801851002""]",True
10.1109/visual.1991.175819,A5028576402,2,"[""I2801851002""]",True
10.1109/visual.1991.175819,A5051476847,3,[],True
10.1109/visual.1991.175812,A5063654457,1,"[""I100066346""]",True
10.1109/visual.1991.175812,A5039367552,2,"[""I100066346""]",True
10.1109/visual.1991.175812,A5001665107,3,"[""I100066346""]",True
10.1109/visual.1991.175784,A5112805597,1,"[""I1288214837""]",True
10.1109/visual.1991.175784,A5029654352,2,"[""I1288214837""]",True
10.1109/visual.1991.175784,A5012213317,3,"[""I4210138199""]",True
10.1109/visual.1991.175784,A5057213694,4,"[""I4210138199""]",True
10.1109/visual.1991.175770,A5037170665,1,"[""I102322142""]",True
10.1109/visual.1991.175770,A5048579079,2,"[""I102322142""]",True
10.1109/visual.1991.175770,A5021808369,3,"[""I102322142""]",True
10.1109/visual.1991.175814,A5014622702,1,"[""I181653535""]",True
10.1109/visual.1991.175814,A5044733153,2,"[""I181653535""]",True
10.1109/visual.1991.175814,A5028515568,3,"[""I181653535""]",True
10.1109/visual.1991.175804,A5047120412,1,"[""I55732556""]",True
10.1109/visual.1991.175804,A5029385029,2,"[""I55732556""]",True
10.1109/visual.1991.175772,A5022029570,1,"[""I888729015""]",True
10.1109/visual.1991.175772,A5020802697,2,"[""I888729015""]",True
10.1109/visual.1991.175834,A5031152171,1,"[""I95457486"", ""I148283060""]",True
10.1109/visual.1991.175834,A5068901197,2,"[""I148283060"", ""I95457486""]",True
10.1109/visual.1991.175834,A5026225197,3,"[""I148283060"", ""I95457486""]",True
10.1109/visual.1991.175834,A5003537992,4,"[""I148283060"", ""I95457486""]",True
10.1109/visual.1991.175834,A5055480874,5,"[""I148283060"", ""I95457486""]",True
10.1109/visual.1991.175834,A5067465930,6,"[""I148283060""]",True
10.1109/visual.1991.175800,A5071074745,1,"[""I114832834""]",True
10.1109/visual.1991.175800,A5069832903,2,"[""I114832834""]",True
10.1109/visual.1991.175800,A5084963622,3,"[""I114832834""]",True
10.1109/visual.1991.175800,A5069231162,4,"[""I114832834""]",True
10.1109/visual.1991.175800,A5002899948,5,"[""I114832834""]",True
10.1109/visual.1991.175797,A5004697069,1,"[""I107077323""]",True
10.1109/visual.1991.175797,A5066844464,2,"[""I107077323""]",True
10.1109/visual.1991.175786,A5010284870,1,"[""I4210114115""]",True
10.1109/visual.1991.175786,A5047313892,2,"[""I4210114115"", ""I4210113003"", ""I1283103587""]",True
10.1109/visual.1991.175786,A5065526744,3,"[""I4210110987""]",True
10.1109/visual.1991.175836,A5088809053,1,"[""I155173764""]",True
10.1109/visual.1991.175830,A5000242175,1,"[""I1292875679""]",True
10.1109/visual.1991.175802,A5060924462,1,"[""I2800297018""]",True
10.1109/visual.1991.175802,A5069091804,2,"[""I204778367""]",True
10.1109/visual.1991.175799,A5017550751,1,"[""I44896327""]",True
10.1109/visual.1991.175791,A5055167808,1,"[""I26538001""]",True
10.1109/visual.1991.175787,A5079624151,1,"[""I1332737386""]",True
10.1109/visual.1991.175787,A5037213900,2,"[""I1332737386""]",True
10.1109/visual.1991.175781,A5081435013,1,"[""I4210121844""]",True
10.1109/visual.1991.175781,A5037565801,2,"[""I4210121844""]",True
10.1109/visual.1991.175781,A5056376778,3,"[""I4210121844""]",True
10.1109/visual.1991.175781,A5073025632,4,"[""I4210121844""]",True
10.1109/visual.1991.175838,A5079260713,1,"[""I44896327""]",True
10.1109/visual.1991.175838,A5058076540,2,"[""I44896327""]",True
10.1109/visual.1991.175838,A5082991852,3,"[""I44896327""]",True
10.1109/visual.1991.175838,A5068325176,4,"[""I1316958739""]",True
10.1109/visual.1991.175835,A5082399272,1,"[""I4210088595""]",True
10.1109/visual.1991.175832,A5086053967,1,"[""I2802946424"", ""I145311948""]",True
10.1109/visual.1991.175831,A5056537418,1,[],True
10.1109/visual.1991.175831,A5016598778,2,"[""I1280536761""]",True
10.1109/visual.1991.175831,A5064234075,3,"[""I27837315""]",True
10.1109/visual.1991.175816,A5023504536,1,"[""I1283103587""]",True
10.1109/visual.1991.175785,A5085298151,1,"[""I1282311441"", ""I84218800""]",True
10.1109/visual.1991.175776,A5104956003,1,"[""I201448701""]",True
10.1109/visual.1991.175776,A5056082747,2,"[""I4399598381"", ""I2250650973""]",True
10.1109/visual.1991.175776,A5024038761,3,"[""I201448701""]",True
10.1109/visual.1991.175776,A5024988092,4,"[""I2250650973"", ""I4399598381""]",True
10.1109/visual.1991.175776,A5056359403,5,"[""I201448701""]",True
10.1109/visual.1991.175776,A5039282270,6,"[""I201448701""]",True
10.1109/visual.1990.146402,A5079183364,1,"[""I1174212"", ""I4210087032""]",True
10.1109/visual.1990.146402,A5083885019,2,"[""I4210087032""]",True
10.1109/visual.1990.146375,A5025282221,1,"[""I188538660""]",True
10.1109/visual.1990.146375,A5113194535,2,"[""I188538660""]",True
10.1109/visual.1990.146386,A5063547875,1,"[""I107077323""]",True
10.1109/visual.1990.146386,A5102773082,2,"[""I107077323""]",True
10.1109/visual.1990.146386,A5040984382,3,"[""I107077323""]",True
10.1109/visual.1990.146387,A5004449168,1,"[""I4210163460""]",True
10.1109/visual.1990.146360,A5006450303,1,"[""I4210153694""]",True
10.1109/visual.1990.146360,A5083931343,2,"[""I4210153694""]",True
10.1109/visual.1990.146360,A5030050956,3,"[""I4210153694""]",True
10.1109/visual.1990.146360,A5089904045,4,"[""I4210153694""]",True
10.1109/visual.1990.146360,A5067876179,5,"[""I4210153694""]",True
10.1109/visual.1990.146360,A5073465792,6,"[""I4210153694""]",True
10.1109/visual.1990.146359,A5071520966,1,"[""I97018004""]",True
10.1109/visual.1990.146359,A5110998886,2,"[""I13805885""]",True
10.1109/visual.1990.146361,A5046609142,1,"[""I135310074""]",True
10.1109/visual.1990.146361,A5070589478,2,"[""I135310074""]",True
10.1109/visual.1990.146398,A5109054554,1,"[""I1280536761""]",True
10.1109/visual.1990.146398,A5047141984,2,"[""I1280536761""]",True
10.1109/visual.1990.146398,A5050686380,3,"[""I-1""]",True
10.1109/visual.1990.146398,A5087292248,4,"[""I4210090485""]",True
10.1109/visual.1990.146377,A5057119434,1,"[""I86519309""]",True
10.1109/visual.1990.146377,A5031783624,2,"[""I86519309""]",True
10.1109/visual.1990.146365,A5088385566,1,"[""I59553526"", ""I1327163397""]",True
10.1109/visual.1990.146365,A5088589430,2,"[""I1327163397"", ""I59553526""]",True
10.1109/visual.1990.146373,A5078150331,1,"[""I1282770075""]",True
10.1109/visual.1990.146374,A5077564236,1,"[""I27837315""]",True
10.1109/visual.1990.146374,A5043378888,2,"[""I27837315""]",True
10.1109/visual.1990.146374,A5006927908,3,"[""I27837315""]",True
10.1109/visual.1990.146374,A5037903144,4,"[""I27837315""]",True
10.1109/visual.1990.146372,A5022037273,1,"[""I2800497579"", ""I1292875679""]",True
10.1109/visual.1990.146383,A5111035260,1,"[""I56590836""]",True
10.1109/visual.1990.146389,A5041563611,1,"[""I84392919""]",True
10.1109/visual.1990.146389,A5078024533,2,"[""I84392919""]",True
10.1109/visual.1990.146389,A5045048041,3,"[""I84392919""]",True
10.1109/visual.1990.146389,A5082195784,4,"[""I84392919""]",True
10.1109/visual.1990.146378,A5107868159,1,"[""I1327163397"", ""I59553526""]",True
10.1109/visual.1990.146378,A5088016700,2,"[""I59553526"", ""I1327163397""]",True
10.1109/visual.1990.146378,A5080997507,3,"[""I59553526"", ""I1327163397""]",True
10.1109/visual.1990.146378,A5060767743,4,"[""I1327163397"", ""I59553526""]",True
10.1109/visual.1990.146371,A5021246811,1,"[""I4210114115""]",True
10.1109/visual.1990.146371,A5012497033,2,"[""I4210114115""]",True
10.1109/visual.1990.146371,A5088113508,3,"[""I4210114115""]",True
10.1109/visual.1990.146391,A5070490534,1,[],True
10.1109/visual.1990.146395,A5037585757,1,"[""I223532165""]",True
10.1109/visual.1990.146395,A5013062610,2,"[""I223532165""]",True
10.1109/visual.1990.146388,A5057286132,1,"[""I55732556""]",True
10.1109/visual.1990.146388,A5036806136,2,"[""I55732556""]",True
10.1109/visual.1990.146379,A5042399932,1,"[""I2948394018""]",True
10.1109/visual.1990.146379,A5045407993,2,"[""I1327163397"", ""I59553526""]",True
10.1109/visual.1990.146416,A5044197443,1,"[""I4210099974""]",True
10.1109/visual.1990.146384,A5111373264,1,"[""I39422238"", ""I157725225""]",True
10.1109/visual.1990.146384,A5057018104,2,"[""I39422238"", ""I157725225""]",True
10.1109/visual.1990.146384,A5008852854,3,[],True
10.1109/visual.1990.146381,A5005530908,1,"[""I153267046""]",True
10.1109/visual.1990.146381,A5072631742,2,"[""I153267046""]",True
10.1109/visual.1990.146381,A5044324185,3,"[""I1324840837""]",True
10.1109/visual.1990.146367,A5089383499,1,"[""I165799507""]",True
10.1109/visual.1990.146367,A5037057446,2,"[""I165799507""]",True
10.1109/visual.1990.146367,A5063512797,3,"[""I165799507""]",True
10.1109/visual.1990.146363,A5110010093,1,"[""I55732556""]",True
10.1109/visual.1990.146363,A5077191719,2,"[""I55732556""]",True
10.1109/visual.1990.146401,A5084071586,1,"[""I93085520""]",True
10.1109/visual.1990.146376,A5081299245,1,"[""I44896327""]",True
10.1109/visual.1990.146397,A5024853912,1,"[""I4210161630""]",True
10.1109/visual.1990.146397,A5011547603,2,"[""I4210161630""]",True
10.1109/visual.1990.146397,A5091708147,3,"[""I4210161630""]",True
10.1109/visual.1990.146397,A5054437060,4,"[""I4210161630""]",True
10.1109/visual.1990.146382,A5074614288,1,"[""I52357470""]",True
10.1109/visual.1990.146382,A5066723434,2,"[""I52357470""]",True
10.1109/visual.1990.146382,A5044419224,3,"[""I34077533""]",True
10.1109/visual.1990.146382,A5082910814,4,"[""I34077533""]",True
10.1109/visual.1990.146380,A5081482791,1,"[""I1306266525""]",True
10.1109/visual.1990.146413,A5042242296,1,"[""I204465549""]",True
10.1109/visual.1990.146413,A5000611152,2,"[""I184842277""]",True
10.1109/visual.1990.146413,A5020445816,3,"[""I184842277""]",True
10.1109/visual.1990.146369,A5034830550,1,"[""I1283103587""]",True
10.1109/visual.1990.146369,A5002221227,2,"[""I1283103587""]",True
10.1109/visual.1990.146369,A5051079407,3,"[""I1283103587""]",True
10.1109/visual.1990.146369,A5029283960,4,"[""I1283103587""]",True
10.1109/visual.1990.146368,A5062809062,1,"[""I74973139""]",True
10.1109/visual.1990.146368,A5072030504,2,"[""I74973139""]",True
10.1109/visual.1990.146368,A5012133571,3,"[""I74973139""]",True
10.1109/visual.1990.146368,A5005727785,4,"[""I74973139""]",True
10.1109/visual.1990.146368,A5043176253,5,"[""I74973139""]",True
10.1109/visual.1990.146368,A5082788381,6,"[""I74973139""]",True
10.1109/visual.1990.146362,A5026372666,1,"[""I126533617""]",True
10.1109/visual.1990.146419,A5032497881,1,"[""I4210104735""]",True
10.1109/visual.1990.146419,A5001353590,2,"[""I169521973""]",True
10.1109/visual.1990.146390,A5091316601,1,"[""I4210104735""]",True
10.1109/visual.1990.146390,A5032423369,2,"[""I100005738""]",True
10.1109/visual.1990.146370,A5030703335,1,"[""I4210119109""]",True
10.1109/visual.1990.146370,A5033881178,2,"[""I4210119109""]",True
10.1109/visual.1990.146370,A5029171090,3,"[""I4210119109""]",True
10.1109/visual.1990.146415,A5061098540,1,"[""I70983195""]",True
10.1109/visual.1990.146415,A5050688852,2,"[""I70983195""]",True
10.1109/visual.1990.146394,A5031223627,1,"[""I33213144""]",True
10.1109/visual.1990.146394,A5043171974,2,"[""I33213144""]",True
10.1109/visual.1990.146385,A5008626085,1,"[""I32625721""]",True
10.1109/visual.1990.146385,A5039354466,2,"[""I145311948""]",True
10.1109/visual.1990.146418,A5048654383,1,"[""I2802946424""]",True
10.1109/visual.1990.146418,A5086180500,2,"[""I2802946424""]",True
10.1109/visual.1990.146418,A5029960085,3,"[""I2802946424""]",True
10.1109/visual.1990.146418,A5027086575,4,"[""I2802946424""]",True
10.1109/visual.1990.146418,A5007906010,5,"[""I2802946424""]",True
10.1109/visual.1990.146417,A5024713647,1,[],True
10.1109/visual.1990.146414,A5074505450,1,"[""I2800638129"", ""I2802964274""]",True
10.1109/visual.1990.146412,A5021133981,1,"[""I1295339012""]",True
10.1109/visual.1990.146403,A5052535884,1,"[""I153267046""]",True
10.1109/visual.1990.146400,A5054881346,1,"[""I39422238""]",True
10.1109/visual.1990.146399,A5069520656,1,"[""I1343871089""]",True
10.1109/visual.1990.146396,A5067921828,1,"[""I55732556""]",True
10.1109/visual.1990.146393,A5014858614,1,"[""I20089843""]",True
10.1109/visual.1990.146393,A5039354466,2,"[""I145311948""]",True
10.1109/visual.1990.146393,A5110453288,3,"[""I145311948""]",True
10.1109/visual.1990.146392,A5048752833,1,"[""I2540865"", ""I265217849""]",True
10.1109/visual.1990.146392,A5039174850,2,"[""I2540865"", ""I265217849""]",True
10.1109/visual.1990.146366,A5057328396,1,"[""I56590836""]",True
10.1109/visual.1990.146364,A5064234695,1,"[""I66946132""]",True
