author_id,openalex_author_id_url,display_name,orcid,source
A5023631793,https://openalex.org/A5023631793,Rainer Splechtna,,openalex
A5030567814,https://openalex.org/A5030567814,Majid Behravan,https://orcid.org/0000-0001-6525-6646,openalex
A5007628057,https://openalex.org/A5007628057,Mario Jelović,,openalex
A5056069234,https://openalex.org/A5056069234,Denis Gračanin,https://orcid.org/0000-0001-6831-2818,openalex
A5000755776,https://openalex.org/A5000755776,Helwig Hauser,https://orcid.org/0000-0003-0395-3192,openalex
A5000695313,https://openalex.org/A5000695313,Krešimir Matković,https://orcid.org/0000-0001-9406-8943,openalex
A5101313928,https://openalex.org/A5101313928,Sam Yu Te Lee,https://orcid.org/0009-0000-2629-3954,openalex
A5107079522,https://openalex.org/A5107079522,Aryaman Bahukhandi,,openalex
A5101769619,https://openalex.org/A5101769619,Dongyu Liu,https://orcid.org/0000-0002-8915-2785,openalex
A5037161857,https://openalex.org/A5037161857,Kwan‐liu Ma,https://orcid.org/0000-0001-8086-0366,openalex
A5108332991,https://openalex.org/A5108332991,Youfu Yan,,openalex
A5100880042,https://openalex.org/A5100880042,Yu Hou,https://orcid.org/0009-0009-7184-6592,openalex
A5034370661,https://openalex.org/A5034370661,Yongkang Xiao,https://orcid.org/0000-0002-8808-8371,openalex
A5100421963,https://openalex.org/A5100421963,Rui Zhang,https://orcid.org/0000-0001-8258-3585,openalex
A5100609686,https://openalex.org/A5100609686,Qianwen Wang,https://orcid.org/0000-0003-1728-4102,openalex
A5077000036,https://openalex.org/A5077000036,Nan Chen,https://orcid.org/0000-0003-1504-6813,openalex
A5101646087,https://openalex.org/A5101646087,Yuge Zhang,https://orcid.org/0000-0002-1956-416X,openalex
A5101321062,https://openalex.org/A5101321062,Jiahang Xu,,openalex
A5059778636,https://openalex.org/A5059778636,Kan Ren,https://orcid.org/0000-0003-3391-5795,openalex
A5056175399,https://openalex.org/A5056175399,Yuqing Yang,https://orcid.org/0000-0002-3536-167X,openalex
A5065310800,https://openalex.org/A5065310800,Fabian Beck,https://orcid.org/0000-0003-4042-3043,openalex
A5015186378,https://openalex.org/A5015186378,Andrew Wentzel,https://orcid.org/0000-0002-2003-2750,openalex
A5108152977,https://openalex.org/A5108152977,Serageldin Attia,,openalex
A5100380931,https://openalex.org/A5100380931,Xinhua Zhang,https://orcid.org/0000-0002-4084-6022,openalex
A5064300637,https://openalex.org/A5064300637,Guadalupe Canahuate,https://orcid.org/0000-0001-5873-5454,openalex
A5052234283,https://openalex.org/A5052234283,Clifton D. Fuller,https://orcid.org/0000-0002-5264-3994,openalex
A5056104510,https://openalex.org/A5056104510,G. Elisabeta Marai,https://orcid.org/0000-0002-7212-9669,openalex
A5011823353,https://openalex.org/A5011823353,Nicole Sultanum,https://orcid.org/0000-0001-8608-1427,openalex
A5006232882,https://openalex.org/A5006232882,Vidya Setlur,https://orcid.org/0000-0003-3722-406X,openalex
A5060888358,https://openalex.org/A5060888358,Sehi L’yi,https://orcid.org/0000-0001-7720-2848,openalex
A5030916818,https://openalex.org/A5030916818,Astrid Van Den Brandt,https://orcid.org/0000-0002-3676-1341,openalex
A5109760472,https://openalex.org/A5109760472,Etowah Adams,,openalex
A5031483176,https://openalex.org/A5031483176,Huyen N. Nguyen,https://orcid.org/0000-0001-6554-2327,openalex
A5066335313,https://openalex.org/A5066335313,Nils Gehlenborg,https://orcid.org/0000-0003-0327-8297,openalex
A5061797219,https://openalex.org/A5061797219,Kazi Tasnim Zinat,https://orcid.org/0000-0001-7914-5955,openalex
A5107293586,https://openalex.org/A5107293586,Saimadhav Naga Sakhamuri,,openalex
A5113387118,https://openalex.org/A5113387118,Aaron Sun Chen,,openalex
A5100745766,https://openalex.org/A5100745766,Zhicheng Liu,https://orcid.org/0000-0002-1015-2759,openalex
A5046075769,https://openalex.org/A5046075769,Hannah K. Bako,https://orcid.org/0000-0001-7958-1319,openalex
A5100395670,https://openalex.org/A5100395670,Xinyi Liu,https://orcid.org/0009-0007-8346-4095,openalex
A5108982981,https://openalex.org/A5108982981,Grace Ko,,openalex
A5108982982,https://openalex.org/A5108982982,Hyemi Song,,openalex
A5009763002,https://openalex.org/A5009763002,Leilani Battle,https://orcid.org/0000-0003-3870-636X,openalex
A5072912898,https://openalex.org/A5072912898,Eric Mörth,https://orcid.org/0000-0003-1625-0146,openalex
A5092528206,https://openalex.org/A5092528206,Kevin Sidak,,openalex
A5030146315,https://openalex.org/A5030146315,Zoltan Maliga,https://orcid.org/0000-0003-4209-7253,openalex
A5060664606,https://openalex.org/A5060664606,Torsten Möller,https://orcid.org/0000-0003-1192-0710,openalex
A5063426870,https://openalex.org/A5063426870,Peter K. Sorger,https://orcid.org/0000-0002-3364-1838,openalex
A5043151044,https://openalex.org/A5043151044,Hanspeter Pfister,https://orcid.org/0000-0002-3620-2582,openalex
A5010238198,https://openalex.org/A5010238198,Johanna Beyer,https://orcid.org/0000-0002-3505-9171,openalex
A5113517476,https://openalex.org/A5113517476,Robert A. Kruger,,openalex
A5048567843,https://openalex.org/A5048567843,Songwen Hu,,openalex
A5029758092,https://openalex.org/A5029758092,Ouxun Jiang,,openalex
A5029714731,https://openalex.org/A5029714731,Jeffrey Riedmiller,https://orcid.org/0000-0003-2820-9319,openalex
A5067858887,https://openalex.org/A5067858887,Cindy Xiong,https://orcid.org/0000-0002-1451-4083,openalex
A5100604593,https://openalex.org/A5100604593,Deng Luo,https://orcid.org/0000-0003-4610-8730,openalex
A5095094591,https://openalex.org/A5095094591,Zainab Alsuwaykit,https://orcid.org/0009-0009-7444-445X,openalex
A5031175155,https://openalex.org/A5031175155,Dawar Khan,https://orcid.org/0000-0001-5864-1888,openalex
A5107104365,https://openalex.org/A5107104365,Ondˇrej Strnad,,openalex
A5083454802,https://openalex.org/A5083454802,Tobias Isenberg,https://orcid.org/0000-0001-7953-8644,openalex
A5022294742,https://openalex.org/A5022294742,Ivan Viola,https://orcid.org/0000-0003-4248-6574,openalex
A5106186163,https://openalex.org/A5106186163,Yongfeng Ji,,openalex
A5001649622,https://openalex.org/A5001649622,Charles Périn,https://orcid.org/0000-0002-7324-9363,openalex
A5081381214,https://openalex.org/A5081381214,Miguel A. Nacenta,https://orcid.org/0000-0002-9864-9654,openalex
A5020327777,https://openalex.org/A5020327777,Ziyang Guo,https://orcid.org/0009-0004-4200-6774,openalex
A5001536494,https://openalex.org/A5001536494,Alex Kale,https://orcid.org/0000-0001-7668-2800,openalex
A5089605137,https://openalex.org/A5089605137,Matthew Kay,https://orcid.org/0000-0001-9446-0419,openalex
A5068008545,https://openalex.org/A5068008545,Jessica Hullman,https://orcid.org/0000-0001-6826-3550,openalex
A5030359278,https://openalex.org/A5030359278,Filip Opálený,,openalex
A5018764541,https://openalex.org/A5018764541,Pavol Ulbrich,https://orcid.org/0000-0003-1661-7905,openalex
A5081228191,https://openalex.org/A5081228191,Joan Planas Iglesias,https://orcid.org/0000-0002-6279-2483,openalex
A5039343836,https://openalex.org/A5039343836,Jan Byška,https://orcid.org/0000-0001-9483-7562,openalex
A5107100061,https://openalex.org/A5107100061,Jan Štouracˇ,,openalex
A5107100062,https://openalex.org/A5107100062,David Bednáˇr,,openalex
A5067830242,https://openalex.org/A5067830242,Katarína Furmanová,https://orcid.org/0000-0003-2805-8784,openalex
A5022022242,https://openalex.org/A5022022242,Barbora Kozlíková,https://orcid.org/0000-0003-0045-0872,openalex
A5087974395,https://openalex.org/A5087974395,Shaozhang Dai,https://orcid.org/0000-0001-8097-0012,openalex
A5073004897,https://openalex.org/A5073004897,Yi Li,https://orcid.org/0009-0009-9011-5496,openalex
A5023623172,https://openalex.org/A5023623172,Barrett Ens,https://orcid.org/0000-0001-6695-4809,openalex
A5087889244,https://openalex.org/A5087889244,Lonni Besançon,https://orcid.org/0000-0002-7207-1276,openalex
A5008149778,https://openalex.org/A5008149778,Tim Dwyer,https://orcid.org/0000-0002-9076-9571,openalex
A5025409200,https://openalex.org/A5025409200,Racquel Fygenson,https://orcid.org/0000-0002-0705-9000,openalex
A5029417016,https://openalex.org/A5029417016,Lace Padilla,https://orcid.org/0000-0001-9251-5279,openalex
A5072913460,https://openalex.org/A5072913460,Yu Qin,,openalex
A5063015907,https://openalex.org/A5063015907,Brittany Terese Fasy,https://orcid.org/0000-0003-1908-0154,openalex
A5054903605,https://openalex.org/A5054903605,Carola Wenk,https://orcid.org/0000-0001-9275-5336,openalex
A5063625747,https://openalex.org/A5063625747,Brian Summa,https://orcid.org/0000-0002-5794-3355,openalex
A5053067282,https://openalex.org/A5053067282,Marina Evers,https://orcid.org/0000-0003-3904-5065,openalex
A5027852213,https://openalex.org/A5027852213,Lars Linsen,https://orcid.org/0000-0002-6168-8748,openalex
A5080292005,https://openalex.org/A5080292005,Tushar M. Athawale,https://orcid.org/0000-0003-3163-6274,openalex
A5080609811,https://openalex.org/A5080609811,Zhe Wang,https://orcid.org/0000-0003-1123-9925,openalex
A5041404935,https://openalex.org/A5041404935,David Pugmire,https://orcid.org/0000-0003-0647-2634,openalex
A5102833835,https://openalex.org/A5102833835,Kenneth Moreland,https://orcid.org/0000-0002-7051-3288,openalex
A5063502813,https://openalex.org/A5063502813,Qian Gong,https://orcid.org/0000-0002-3570-4142,openalex
A5030373337,https://openalex.org/A5030373337,Scott Klasky,https://orcid.org/0000-0003-3559-5772,openalex
A5048780291,https://openalex.org/A5048780291,Chris R. Johnson,https://orcid.org/0000-0001-5673-5338,openalex
A5036159118,https://openalex.org/A5036159118,Paul Rosen,https://orcid.org/0000-0002-0873-9518,openalex
A5079282430,https://openalex.org/A5079282430,Yutian Zhang,https://orcid.org/0009-0002-6711-4478,openalex
A5102503989,https://openalex.org/A5102503989,Xu Liwen,https://orcid.org/0000-0002-1264-2217,openalex
A5114223963,https://openalex.org/A5114223963,S.l. Tao,,openalex
A5026966155,https://openalex.org/A5026966155,Quanxue Guan,https://orcid.org/0000-0002-1379-620X,openalex
A5100447162,https://openalex.org/A5100447162,Quan Li,https://orcid.org/0000-0003-2249-0728,openalex
A5026127661,https://openalex.org/A5026127661,Haipeng Zeng,https://orcid.org/0000-0002-0339-0361,openalex
A5049140163,https://openalex.org/A5049140163,Brian Montambault,,openalex
A5078304037,https://openalex.org/A5078304037,Gabriel Appleby,https://orcid.org/0000-0003-2436-2121,openalex
A5014603089,https://openalex.org/A5014603089,Jen Rogers,,openalex
A5056317020,https://openalex.org/A5056317020,Camelia D. Brumar,,openalex
A5100425352,https://openalex.org/A5100425352,Mingwei Li,https://orcid.org/0000-0002-0457-8091,openalex
A5089451178,https://openalex.org/A5089451178,Remco Chang,https://orcid.org/0000-0002-6484-6430,openalex
A5102013272,https://openalex.org/A5102013272,Guozheng Li,https://orcid.org/0000-0001-6663-6712,openalex
A5114224170,https://openalex.org/A5114224170,Haotian Mi,,openalex
A5102923184,https://openalex.org/A5102923184,Chi Harold Liu,https://orcid.org/0000-0002-0252-329X,openalex
A5071094223,https://openalex.org/A5071094223,Takayuki Itoh,https://orcid.org/0000-0002-1997-4644,openalex
A5054991337,https://openalex.org/A5054991337,Guoren Wang,https://orcid.org/0000-0002-0181-8379,openalex
A5109661297,https://openalex.org/A5109661297,Sonia Castelo,,openalex
A5031297466,https://openalex.org/A5031297466,João Rulff,https://orcid.org/0000-0003-3341-7059,openalex
A5082090092,https://openalex.org/A5082090092,Parikshit Solunke,https://orcid.org/0009-0003-5546-0135,openalex
A5076364495,https://openalex.org/A5076364495,Erin Mcgowan,https://orcid.org/0000-0002-7565-3052,openalex
A5045718502,https://openalex.org/A5045718502,Guande Wu,https://orcid.org/0000-0002-9244-173X,openalex
A5027526258,https://openalex.org/A5027526258,Iran R. Roman,https://orcid.org/0000-0003-3781-7244,openalex
A5036120336,https://openalex.org/A5036120336,Roque López,https://orcid.org/0000-0003-3484-1783,openalex
A5012732932,https://openalex.org/A5012732932,Bea Steers,,openalex
A5025243341,https://openalex.org/A5025243341,Qi Sun,https://orcid.org/0000-0002-3094-5844,openalex
A5031398497,https://openalex.org/A5031398497,Juan Pablo Bello,https://orcid.org/0000-0001-8561-5204,openalex
A5046755175,https://openalex.org/A5046755175,Bradley Feest,,openalex
A5011218910,https://openalex.org/A5011218910,Michael Middleton,https://orcid.org/0009-0008-0828-6839,openalex
A5039062710,https://openalex.org/A5039062710,Ryan Mckendrick,,openalex
A5003584200,https://openalex.org/A5003584200,Claudio Silva,https://orcid.org/0000-0003-2452-2295,openalex
A5051941811,https://openalex.org/A5051941811,Yilin Ye,https://orcid.org/0000-0001-8874-5928,openalex
A5075939839,https://openalex.org/A5075939839,Shishi Xiao,https://orcid.org/0009-0008-0262-5289,openalex
A5087805627,https://openalex.org/A5087805627,Xingchen Zeng,https://orcid.org/0000-0002-1967-0595,openalex
A5100660205,https://openalex.org/A5100660205,Wei Zeng,https://orcid.org/0000-0002-5600-8824,openalex
A5101626365,https://openalex.org/A5101626365,Jiashu Chen,https://orcid.org/0000-0002-4916-3025,openalex
A5066369450,https://openalex.org/A5066369450,Weikai Yang,https://orcid.org/0000-0002-6520-1642,openalex
A5087785265,https://openalex.org/A5087785265,Zelin Jia,,openalex
A5074461084,https://openalex.org/A5074461084,Lanxi Xiao,https://orcid.org/0009-0001-5385-1453,openalex
A5105978161,https://openalex.org/A5105978161,Shixia Liu,https://orcid.org/0000-0003-4499-6420,openalex
A5080359624,https://openalex.org/A5080359624,Chin Tseng,https://orcid.org/0000-0003-2025-0755,openalex
A5100379697,https://openalex.org/A5100379697,Arran Zeyu Wang,https://orcid.org/0000-0002-7491-7570,openalex
A5032598257,https://openalex.org/A5032598257,Ghulam Jilani Quadri,https://orcid.org/0000-0002-8054-5048,openalex
A5056903170,https://openalex.org/A5056903170,Danielle Albers Szafir,https://orcid.org/0000-0003-3634-8597,openalex
A5088860259,https://openalex.org/A5088860259,Tobias Günther,https://orcid.org/0000-0002-3020-0930,openalex
A5107079571,https://openalex.org/A5107079571,Holger Theise,,openalex
A5019545820,https://openalex.org/A5019545820,Weiran Lyu,,openalex
A5082346052,https://openalex.org/A5082346052,Raghavendra Sridharamurthy,https://orcid.org/0000-0001-8463-0488,openalex
A5017619650,https://openalex.org/A5017619650,Jeff M. Phillips,https://orcid.org/0000-0003-1169-2965,openalex
A5100349956,https://openalex.org/A5100349956,Bei Wang,https://orcid.org/0000-0002-9240-0700,openalex
A5001966756,https://openalex.org/A5001966756,David Borland,https://orcid.org/0000-0002-0162-4080,openalex
A5090060844,https://openalex.org/A5090060844,Tabitha C. Peck,https://orcid.org/0000-0002-3667-7713,openalex
A5100341745,https://openalex.org/A5100341745,Wenyuan Wang,https://orcid.org/0000-0001-8765-6675,openalex
A5077712580,https://openalex.org/A5077712580,David Gotz,https://orcid.org/0000-0002-6424-7374,openalex
A5108322734,https://openalex.org/A5108322734,Hanning Shao,,openalex
A5038943746,https://openalex.org/A5038943746,Xiaoru Yuan,https://orcid.org/0000-0002-7233-980X,openalex
A5107138911,https://openalex.org/A5107138911,Huichen Will Wang,,openalex
A5036469216,https://openalex.org/A5036469216,Jane Hoffswell,https://orcid.org/0000-0002-9871-4575,openalex
A5107124370,https://openalex.org/A5107124370,Sao Myat Thazin Thane,,openalex
A5107124371,https://openalex.org/A5107124371,Victor S. Bursztyn,https://orcid.org/0000-0002-6187-6415,openalex
A5106059833,https://openalex.org/A5106059833,Bridger Herman,https://orcid.org/0000-0002-8862-7523,openalex
A5069553149,https://openalex.org/A5069553149,Cullen D. Jackson,https://orcid.org/0000-0002-5134-9152,openalex
A5058360336,https://openalex.org/A5058360336,Daniel F. Keefe,https://orcid.org/0000-0002-7039-2340,openalex
A5028521537,https://openalex.org/A5028521537,Hongyan Li,https://orcid.org/0009-0001-7948-1411,openalex
A5109139516,https://openalex.org/A5109139516,Bo Yang,https://orcid.org/0009-0000-4217-9174,openalex
A5066851412,https://openalex.org/A5066851412,Yansong Chua,https://orcid.org/0000-0002-3133-843X,openalex
A5071409292,https://openalex.org/A5071409292,Yun Hsin Kuo,https://orcid.org/0009-0000-1891-8993,openalex
A5002440759,https://openalex.org/A5002440759,Jingyi Shen,https://orcid.org/0000-0001-5478-3993,openalex
A5108998800,https://openalex.org/A5108998800,Yuhan Duan,,openalex
A5111688622,https://openalex.org/A5111688622,Han Wei Shen,,openalex
A5086597264,https://openalex.org/A5086597264,Angie Boggust,https://orcid.org/0000-0002-9671-5574,openalex
A5010866431,https://openalex.org/A5010866431,Venkatesh Sivaraman,https://orcid.org/0000-0002-6965-3961,openalex
A5069654367,https://openalex.org/A5069654367,Yannick Assogba,https://orcid.org/0000-0002-6646-0961,openalex
A5086732355,https://openalex.org/A5086732355,Donghao Ren,https://orcid.org/0000-0001-8666-7241,openalex
A5006087928,https://openalex.org/A5006087928,Dominik Moritz,https://orcid.org/0000-0002-3110-1053,openalex
A5034842879,https://openalex.org/A5034842879,Fred Hohman,,openalex
A5057253726,https://openalex.org/A5057253726,Trevor Manz,https://orcid.org/0000-0001-7694-5164,openalex
A5038027438,https://openalex.org/A5038027438,Fritz Lekschas,https://orcid.org/0000-0001-8432-4835,openalex
A5057193188,https://openalex.org/A5057193188,Evan Greene,,openalex
A5069196767,https://openalex.org/A5069196767,Greg Finak,https://orcid.org/0000-0003-4341-9090,openalex
A5100726571,https://openalex.org/A5100726571,Lixiang Zhao,https://orcid.org/0000-0001-6181-1673,openalex
A5107093497,https://openalex.org/A5107093497,Fuqi Xie,https://orcid.org/0009-0008-4728-9346,openalex
A5031886887,https://openalex.org/A5031886887,Hai‐ning Liang,https://orcid.org/0000-0003-3600-8955,openalex
A5102013894,https://openalex.org/A5102013894,Lingyun Yu,https://orcid.org/0000-0002-3152-2587,openalex
A5103278717,https://openalex.org/A5103278717,Peter Oliver,https://orcid.org/0009-0002-5090-6057,openalex
A5026074051,https://openalex.org/A5026074051,Eugene Zhang,https://orcid.org/0000-0003-4752-3119,openalex
A5100333760,https://openalex.org/A5100333760,Yue Zhang,https://orcid.org/0000-0002-8467-2781,openalex
A5019781916,https://openalex.org/A5019781916,Fumeng Yang,https://orcid.org/0000-0002-8401-2580,openalex
A5101264201,https://openalex.org/A5101264201,Mandi Cai,,openalex
A5004299683,https://openalex.org/A5004299683,Chloe Mortenson,https://orcid.org/0000-0001-7180-8291,openalex
A5092538664,https://openalex.org/A5092538664,Hoda Fakhari,,openalex
A5049012090,https://openalex.org/A5049012090,Ayse D. Lokmanoglu,https://orcid.org/0000-0003-1699-2684,openalex
A5079222963,https://openalex.org/A5079222963,Nicholas Diakopoulos,https://orcid.org/0000-0001-5005-6123,openalex
A5030688487,https://openalex.org/A5030688487,Erik C. Nisbet,https://orcid.org/0000-0001-7030-6361,openalex
A5033315494,https://openalex.org/A5033315494,Vitória Guardieiro,https://orcid.org/0000-0003-1956-5418,openalex
A5113376026,https://openalex.org/A5113376026,Felipe Inagaki De Oliveira,,openalex
A5033801646,https://openalex.org/A5033801646,Harish Doraiswamy,https://orcid.org/0000-0003-2995-250X,openalex
A5011424640,https://openalex.org/A5011424640,Luís Gustavo Nonato,https://orcid.org/0000-0002-8514-8033,openalex
A5054533523,https://openalex.org/A5054533523,Zixin Chen,https://orcid.org/0000-0002-9707-8263,openalex
A5100404535,https://openalex.org/A5100404535,Jiachen Wang,https://orcid.org/0000-0001-9630-9958,openalex
A5035687843,https://openalex.org/A5035687843,Meng Xia,https://orcid.org/0000-0002-2676-9032,openalex
A5087236918,https://openalex.org/A5087236918,Kento Shigyo,https://orcid.org/0000-0002-5095-7500,openalex
A5053220954,https://openalex.org/A5053220954,Dingdong Liu,https://orcid.org/0000-0003-0985-0979,openalex
A5100451791,https://openalex.org/A5100451791,Rong Zhang,https://orcid.org/0000-0002-4669-4816,openalex
A5091466289,https://openalex.org/A5091466289,Huamin Qu,https://orcid.org/0000-0002-3344-9694,openalex
A5058162843,https://openalex.org/A5058162843,Carter Blair,https://orcid.org/0009-0001-9472-4071,openalex
A5001552541,https://openalex.org/A5001552541,Xiyao Wang,https://orcid.org/0000-0003-2429-6064,openalex
A5109526081,https://openalex.org/A5109526081,Atul Kumar,https://orcid.org/0009-0003-0525-8748,openalex
A5010950688,https://openalex.org/A5010950688,Siddharth Garg,https://orcid.org/0000-0002-6158-9512,openalex
A5035530630,https://openalex.org/A5035530630,Soumya Dutta,https://orcid.org/0000-0002-3936-6718,openalex
A5100594357,https://openalex.org/A5100594357,Md Dilshadur Rahman,https://orcid.org/0009-0008-5467-615X,openalex
A5016840348,https://openalex.org/A5016840348,Bhavana Doppalapudi,,openalex
A5042875512,https://openalex.org/A5042875512,Samuel Reinders,https://orcid.org/0000-0001-5627-413X,openalex
A5078170988,https://openalex.org/A5078170988,Matthew Butler,https://orcid.org/0000-0002-7950-5495,openalex
A5035648097,https://openalex.org/A5035648097,Ingrid Zukerman,https://orcid.org/0000-0003-2237-5017,openalex
A5108131775,https://openalex.org/A5108131775,Bongshin Lee,,openalex
A5008486397,https://openalex.org/A5008486397,Lizhen Qu,https://orcid.org/0000-0002-7764-431X,openalex
A5085695563,https://openalex.org/A5085695563,Kim Marriott,https://orcid.org/0000-0002-9813-0377,openalex
A5004184559,https://openalex.org/A5004184559,Tianyu Xiong,https://orcid.org/0009-0005-0618-0131,openalex
A5003306393,https://openalex.org/A5003306393,Skylar W. Wurster,https://orcid.org/0000-0001-6685-615X,openalex
A5054749881,https://openalex.org/A5054749881,Hanqi Guo,https://orcid.org/0000-0001-7776-1834,openalex
A5108096533,https://openalex.org/A5108096533,Tom Peterka,,openalex
A5065630217,https://openalex.org/A5065630217,Han‐wei Shen,https://orcid.org/0000-0002-1211-2320,openalex
A5106832991,https://openalex.org/A5106832991,Tanner Finken,,openalex
A5074734666,https://openalex.org/A5074734666,Julien Tierny,https://orcid.org/0000-0003-0056-2831,openalex
A5070956346,https://openalex.org/A5070956346,Joshua A. Levine,https://orcid.org/0000-0002-4302-1704,openalex
A5042350842,https://openalex.org/A5042350842,Minsuk Kahng,https://orcid.org/0000-0002-0291-6026,openalex
A5082431329,https://openalex.org/A5082431329,Ian Tenney,https://orcid.org/0000-0002-6225-9283,openalex
A5007386215,https://openalex.org/A5007386215,Mahima Pushkarna,https://orcid.org/0000-0002-5903-5510,openalex
A5072682773,https://openalex.org/A5072682773,Michael Xieyang Liu,https://orcid.org/0000-0002-8246-8736,openalex
A5081809692,https://openalex.org/A5081809692,James Wexler,https://orcid.org/0009-0006-8105-6998,openalex
A5019880413,https://openalex.org/A5019880413,Emily Reif,https://orcid.org/0000-0003-3572-6234,openalex
A5044714148,https://openalex.org/A5044714148,Krystal Kallarackal,https://orcid.org/0000-0002-2337-0114,openalex
A5084721447,https://openalex.org/A5084721447,Minsuk Chang,https://orcid.org/0000-0002-9441-3337,openalex
A5015483503,https://openalex.org/A5015483503,Michael Terry,https://orcid.org/0000-0003-1941-939X,openalex
A5103159534,https://openalex.org/A5103159534,Lucas Dixon,https://orcid.org/0000-0003-1094-1675,openalex
A5102990231,https://openalex.org/A5102990231,Gustavo Moreira,https://orcid.org/0000-0002-4762-7703,openalex
A5057515797,https://openalex.org/A5057515797,Maryam Hosseini,https://orcid.org/0000-0001-8329-4638,openalex
A5014675864,https://openalex.org/A5014675864,Carolina Veiga,https://orcid.org/0000-0002-6266-4836,openalex
A5107104372,https://openalex.org/A5107104372,Lucas Alexandre,,openalex
A5023238630,https://openalex.org/A5023238630,Nicola Colaninno,https://orcid.org/0000-0003-4428-639X,openalex
A5050455034,https://openalex.org/A5050455034,Daniel De Oliveira,https://orcid.org/0000-0001-9346-7651,openalex
A5065868869,https://openalex.org/A5065868869,Nivan Ferreira,https://orcid.org/0000-0001-6631-4609,openalex
A5049830796,https://openalex.org/A5049830796,Marcos Lage,https://orcid.org/0000-0003-3868-8886,openalex
A5083220583,https://openalex.org/A5083220583,Fábio Miranda,https://orcid.org/0000-0001-8612-5805,openalex
A5070761053,https://openalex.org/A5070761053,Sarah Schöttler,https://orcid.org/0000-0002-4898-2619,openalex
A5082796790,https://openalex.org/A5082796790,Uta Hinrichs,https://orcid.org/0000-0001-7494-0941,openalex
A5048194226,https://openalex.org/A5048194226,Benjamin Bach,https://orcid.org/0000-0002-9201-7744,openalex
A5100712971,https://openalex.org/A5100712971,Chang Han,https://orcid.org/0000-0003-2285-1247,openalex
A5009771339,https://openalex.org/A5009771339,Katherine E. Isaacs,https://orcid.org/0000-0002-9947-928X,openalex
A5021497224,https://openalex.org/A5021497224,Huichen Will Wang,,openalex
A5026198819,https://openalex.org/A5026198819,Mitchell Gordon,https://orcid.org/0000-0003-1008-2321,openalex
A5090570042,https://openalex.org/A5090570042,Jeffrey Heer,https://orcid.org/0000-0002-6175-1655,openalex
A5034666613,https://openalex.org/A5034666613,Connor Wilson,https://orcid.org/0000-0002-6936-4078,openalex
A5092968364,https://openalex.org/A5092968364,Eduardo Puerta,https://orcid.org/0000-0003-4664-4365,openalex
A5005364495,https://openalex.org/A5005364495,Tarik Crnovrsanin,https://orcid.org/0000-0002-4397-5532,openalex
A5061093749,https://openalex.org/A5061093749,Sara Di Bartolomeo,https://orcid.org/0000-0001-9517-3526,openalex
A5063230893,https://openalex.org/A5063230893,Cody Dunne,https://orcid.org/0000-0002-1609-9776,openalex
A5023554677,https://openalex.org/A5023554677,Yash Prakash,https://orcid.org/0000-0001-8593-327X,openalex
A5107403663,https://openalex.org/A5107403663,Pathan Aseef Khan,,openalex
A5008639441,https://openalex.org/A5008639441,Akshay Kolgar Nayak,https://orcid.org/0009-0000-9992-9706,openalex
A5048398447,https://openalex.org/A5048398447,Sampath Jayarathna,https://orcid.org/0000-0002-4879-7309,openalex
A5049496836,https://openalex.org/A5049496836,Hae Na Lee,https://orcid.org/0000-0002-2183-1722,openalex
A5043659434,https://openalex.org/A5043659434,Vikas Ashok,https://orcid.org/0000-0002-4772-1265,openalex
A5077450520,https://openalex.org/A5077450520,Vaishali Dhanoa,https://orcid.org/0000-0002-0493-8616,openalex
A5066639486,https://openalex.org/A5066639486,Andreas Hinterreiter,https://orcid.org/0000-0003-4101-5180,openalex
A5107131205,https://openalex.org/A5107131205,Vanessa Fediuk,,openalex
A5034277315,https://openalex.org/A5034277315,Niklas Elmqvist,https://orcid.org/0000-0001-5805-5301,openalex
A5110321988,https://openalex.org/A5110321988,Eduard Gröller,,openalex
A5042080340,https://openalex.org/A5042080340,Marc Streit,https://orcid.org/0000-0001-9186-2092,openalex
A5103283733,https://openalex.org/A5103283733,Mengjie Fan,https://orcid.org/0000-0002-7588-3800,openalex
A5030429587,https://openalex.org/A5030429587,Jinlu Yu,https://orcid.org/0000-0003-2329-7946,openalex
A5073619125,https://openalex.org/A5073619125,Daniel Weiskopf,https://orcid.org/0000-0003-1174-1026,openalex
A5000474356,https://openalex.org/A5000474356,Nan Cao,https://orcid.org/0000-0003-1316-7515,openalex
A5100706689,https://openalex.org/A5100706689,Huaiyu Wang,https://orcid.org/0000-0002-9093-8793,openalex
A5100425172,https://openalex.org/A5100425172,Liang Zhou,https://orcid.org/0000-0002-0462-4131,openalex
A5019143852,https://openalex.org/A5019143852,Mohamed Kissi,https://orcid.org/0000-0003-4099-6992,openalex
A5028659844,https://openalex.org/A5028659844,Mathieu Pont,https://orcid.org/0000-0002-0037-0314,openalex
A5087561934,https://openalex.org/A5087561934,Anjana Arunkumar,https://orcid.org/0000-0003-3513-8600,openalex
A5043391973,https://openalex.org/A5043391973,Chris Bryan,https://orcid.org/0000-0003-2430-815X,openalex
A5076306018,https://openalex.org/A5076306018,Danni Liu,https://orcid.org/0000-0001-5419-1963,openalex
A5106163697,https://openalex.org/A5106163697,Maria Gabriela Ayala,,openalex
A5106066920,https://openalex.org/A5106066920,Harper Schwab,,openalex
A5058039138,https://openalex.org/A5058039138,Andrew Mcnutt,https://orcid.org/0000-0001-8255-4258,openalex
A5102958138,https://openalex.org/A5102958138,Kaiyuan Tang,https://orcid.org/0009-0001-3512-0112,openalex
A5101913449,https://openalex.org/A5101913449,Chaoli Wang,https://orcid.org/0000-0002-0859-3619,openalex
A5046324646,https://openalex.org/A5046324646,Xingyu Lan,https://orcid.org/0000-0001-7331-2433,openalex
A5108963741,https://openalex.org/A5108963741,Yu Liu,,openalex
A5006732360,https://openalex.org/A5006732360,Joohee Kim,https://orcid.org/0000-0002-0745-2339,openalex
A5101907560,https://openalex.org/A5101907560,Hyunwook Lee,https://orcid.org/0000-0002-5506-7347,openalex
A5101961269,https://openalex.org/A5101961269,Duc Minh Nguyen,https://orcid.org/0000-0002-0367-564X,openalex
A5030329460,https://openalex.org/A5030329460,Minjeong Shin,https://orcid.org/0000-0001-6516-0433,openalex
A5064480048,https://openalex.org/A5064480048,Bum Chul Kwon,https://orcid.org/0000-0002-9391-6274,openalex
A5020791375,https://openalex.org/A5020791375,Sungahn Ko,https://orcid.org/0000-0002-7410-5652,openalex
A5114030345,https://openalex.org/A5114030345,Rui Qiu,https://orcid.org/0009-0009-6027-084X,openalex
A5015121983,https://openalex.org/A5015121983,Yamei Tu,https://orcid.org/0000-0002-0722-837X,openalex
A5001087917,https://openalex.org/A5001087917,Po‐yin Yen,https://orcid.org/0000-0002-7061-4185,openalex
A5075178545,https://openalex.org/A5075178545,Guan Li,https://orcid.org/0000-0001-6436-3650,openalex
A5101317827,https://openalex.org/A5101317827,Yang Liu,https://orcid.org/0009-0000-3659-0290,openalex
A5039874476,https://openalex.org/A5039874476,Guihua Shan,https://orcid.org/0000-0002-8283-2278,openalex
A5073054870,https://openalex.org/A5073054870,Shiyu Cheng,https://orcid.org/0000-0002-7400-515X,openalex
A5101531442,https://openalex.org/A5101531442,Weiqun Cao,https://orcid.org/0000-0001-6195-6928,openalex
A5100669433,https://openalex.org/A5100669433,Junpeng Wang,https://orcid.org/0000-0002-1130-9914,openalex
A5074351233,https://openalex.org/A5074351233,Ko Chih Wang,https://orcid.org/0000-0002-7241-1939,openalex
A5101701414,https://openalex.org/A5101701414,Yuxiao Li,https://orcid.org/0000-0002-0605-5788,openalex
A5057011942,https://openalex.org/A5057011942,Xin Liang,https://orcid.org/0000-0002-7219-1809,openalex
A5101954311,https://openalex.org/A5101954311,Yongfeng Qiu,https://orcid.org/0000-0002-1613-640X,openalex
A5100429585,https://openalex.org/A5100429585,Yan Lin,https://orcid.org/0000-0003-4956-861X,openalex
A5020407163,https://openalex.org/A5020407163,Anna Offenwanger,https://orcid.org/0000-0001-9560-201X,openalex
A5023392600,https://openalex.org/A5023392600,Theophanis Tsandilas,https://orcid.org/0000-0002-0158-228X,openalex
A5029815396,https://openalex.org/A5029815396,Fanny Chevalier,https://orcid.org/0000-0002-5585-7971,openalex
A5007746762,https://openalex.org/A5007746762,Gabriela Molina León,https://orcid.org/0000-0002-9223-2022,openalex
A5089688638,https://openalex.org/A5089688638,Anastasia Bezerianos,https://orcid.org/0000-0002-7142-2548,openalex
A5058880771,https://openalex.org/A5058880771,Olivier Gladin,https://orcid.org/0009-0007-5810-6704,openalex
A5024860629,https://openalex.org/A5024860629,Petra Isenberg,https://orcid.org/0000-0002-2948-6417,openalex
A5051354114,https://openalex.org/A5051354114,Tobias Kauer,https://orcid.org/0000-0003-0746-904X,openalex
A5012088773,https://openalex.org/A5012088773,Derya Akbaba,https://orcid.org/0000-0001-9419-3402,openalex
A5067274220,https://openalex.org/A5067274220,Marian Dörk,https://orcid.org/0000-0002-3469-7841,openalex
A5021951839,https://openalex.org/A5021951839,Leo Yu‐ho Lo,https://orcid.org/0000-0002-3660-3765,openalex
A5029790391,https://openalex.org/A5029790391,Chunggi Lee,https://orcid.org/0000-0002-6164-2563,openalex
A5006095483,https://openalex.org/A5006095483,Tica Lin,https://orcid.org/0000-0002-2860-0871,openalex
A5082790087,https://openalex.org/A5082790087,Zhutian Chen,https://orcid.org/0000-0002-2313-0612,openalex
A5057269672,https://openalex.org/A5057269672,Zheng Wei,https://orcid.org/0000-0001-7444-2547,openalex
A5108982991,https://openalex.org/A5108982991,Huamin Qu,,openalex
A5036099845,https://openalex.org/A5036099845,Xian Xu,https://orcid.org/0000-0002-2636-7498,openalex
A5107099358,https://openalex.org/A5107099358,Alexander Wyss,,openalex
A5013911086,https://openalex.org/A5013911086,Gabriela Morgenshtern,https://orcid.org/0000-0003-4762-8797,openalex
A5107099359,https://openalex.org/A5107099359,Amanda Hirsch Hüsler,,openalex
A5078086722,https://openalex.org/A5078086722,Jürgen Bernard,https://orcid.org/0000-0001-8741-9709,openalex
A5024524412,https://openalex.org/A5024524412,Zhongsu Luo,,openalex
A5100763687,https://openalex.org/A5100763687,Kai Xiong,https://orcid.org/0000-0002-8203-9667,openalex
A5103834156,https://openalex.org/A5103834156,Jiajun Zhu,,openalex
A5100400800,https://openalex.org/A5100400800,Ran Chen,https://orcid.org/0000-0002-2770-4070,openalex
A5023558209,https://openalex.org/A5023558209,Xinhuan Shu,https://orcid.org/0000-0002-9736-4454,openalex
A5088199295,https://openalex.org/A5088199295,Di Weng,https://orcid.org/0000-0003-2712-7274,openalex
A5073986937,https://openalex.org/A5073986937,Yingcai Wu,https://orcid.org/0000-0002-1119-3237,openalex
A5005352052,https://openalex.org/A5005352052,Hana Pokojná,https://orcid.org/0000-0001-7854-2596,openalex
A5063965880,https://openalex.org/A5063965880,Stefan Brückner,https://orcid.org/0000-0002-0885-8402,openalex
A5011301258,https://openalex.org/A5011301258,Laura Garrison,https://orcid.org/0000-0001-7134-2006,openalex
A5114626508,https://openalex.org/A5114626508,Mengyu Chen,https://orcid.org/0009-0007-1525-4213,openalex
A5039387461,https://openalex.org/A5039387461,Shuaicheng Liu,,openalex
A5010499463,https://openalex.org/A5010499463,Emily Wall,https://orcid.org/0000-0003-4568-0698,openalex
A5093932113,https://openalex.org/A5093932113,Haoran Jiang,https://orcid.org/0009-0009-5717-4208,openalex
A5005736802,https://openalex.org/A5005736802,Shaohan Shi,https://orcid.org/0009-0004-3384-8304,openalex
A5073903190,https://openalex.org/A5073903190,S. H. Zhang,https://orcid.org/0009-0008-1933-1869,openalex
A5014529529,https://openalex.org/A5014529529,Jie Zheng,https://orcid.org/0000-0001-6774-9786,openalex
A5084475345,https://openalex.org/A5084475345,Chase Stokes,https://orcid.org/0000-0001-7644-9021,openalex
A5108333035,https://openalex.org/A5108333035,Clara Hu,,openalex
A5019933387,https://openalex.org/A5019933387,Marti A. Hearst,https://orcid.org/0000-0002-4346-1603,openalex
A5101312518,https://openalex.org/A5101312518,James Jackson,https://orcid.org/0000-0002-9383-5888,openalex
A5065371627,https://openalex.org/A5065371627,Panagiotis D. Ritsos,https://orcid.org/0000-0001-9308-3885,openalex
A5032473237,https://openalex.org/A5032473237,Peter Butcher,https://orcid.org/0000-0002-3361-627X,openalex
A5009341822,https://openalex.org/A5009341822,Jonathan C. Roberts,https://orcid.org/0000-0001-7718-3181,openalex
A5022625791,https://openalex.org/A5022625791,Mingzhe Li,https://orcid.org/0000-0003-0355-1919,openalex
A5020952435,https://openalex.org/A5020952435,Hamish Carr,https://orcid.org/0000-0001-6739-0283,openalex
A5012378616,https://openalex.org/A5012378616,Oliver Rübel,https://orcid.org/0000-0001-9902-1984,openalex
A5101451813,https://openalex.org/A5101451813,Gunther H. Weber,https://orcid.org/0000-0002-1794-1398,openalex
A5019444857,https://openalex.org/A5019444857,Hong Zhou,https://orcid.org/0000-0001-7393-7126,openalex
A5109786318,https://openalex.org/A5109786318,Peifeng Lai,,openalex
A5101296393,https://openalex.org/A5101296393,Zhida Sun,,openalex
A5108334375,https://openalex.org/A5108334375,Xiangyuan Chen,,openalex
A5100715525,https://openalex.org/A5100715525,Yang Chen,https://orcid.org/0000-0001-5239-9816,openalex
A5026540573,https://openalex.org/A5026540573,Huisi Wu,https://orcid.org/0000-0002-0399-9089,openalex
A5100642010,https://openalex.org/A5100642010,Yong Wang,https://orcid.org/0000-0001-5061-8173,openalex
A5019226410,https://openalex.org/A5019226410,Lijie Yao,https://orcid.org/0000-0002-4208-5140,openalex
A5057713461,https://openalex.org/A5057713461,Federica Bucchieri,,openalex
A5045357328,https://openalex.org/A5045357328,Victoria Mcarthur,https://orcid.org/0000-0002-6650-6886,openalex
A5092691958,https://openalex.org/A5092691958,Anne Flore Cabouat,,openalex
A5086036018,https://openalex.org/A5086036018,Tingying He,https://orcid.org/0000-0002-9670-5587,openalex
A5109307699,https://openalex.org/A5109307699,Maureen Stone,,openalex
A5107100052,https://openalex.org/A5107100052,Hamza Afzaal,https://orcid.org/0009-0004-8066-0523,openalex
A5059407422,https://openalex.org/A5059407422,Usman Alim,https://orcid.org/0000-0003-4834-2475,openalex
A5024683903,https://openalex.org/A5024683903,Andreas Walch,https://orcid.org/0000-0002-4567-7942,openalex
A5102879101,https://openalex.org/A5102879101,Attila Szabo,https://orcid.org/0000-0002-1322-8704,openalex
A5035328975,https://openalex.org/A5035328975,Harald Steinlechner,,openalex
A5005982114,https://openalex.org/A5005982114,Thomas Ortner,https://orcid.org/0000-0002-5456-9441,openalex
A5000622960,https://openalex.org/A5000622960,Johanna Schmidt,https://orcid.org/0000-0002-9638-6344,openalex
A5067399018,https://openalex.org/A5067399018,Nikolaus Piccolotto,https://orcid.org/0000-0001-6876-6502,openalex
A5034814164,https://openalex.org/A5034814164,Markus Wallinger,https://orcid.org/0000-0002-2191-4413,openalex
A5019622072,https://openalex.org/A5019622072,Silvia Miksch,https://orcid.org/0000-0003-4427-5703,openalex
A5032676799,https://openalex.org/A5032676799,Markus Bögl,https://orcid.org/0000-0002-8337-4774,openalex
A5001876683,https://openalex.org/A5001876683,Johannes Fuchs,https://orcid.org/0000-0001-5474-4214,openalex
A5086122336,https://openalex.org/A5086122336,Alexander Frings,,openalex
A5094210168,https://openalex.org/A5094210168,Maria Viktoria Heinle,https://orcid.org/0009-0001-5825-8077,openalex
A5073919282,https://openalex.org/A5073919282,Daniel A. Keim,https://orcid.org/0000-0001-7966-9740,openalex
A5090650844,https://openalex.org/A5090650844,J. J. Wang,https://orcid.org/0009-0007-9313-5180,openalex
A5001531096,https://openalex.org/A5001531096,Yuan Cui,https://orcid.org/0000-0002-2681-6441,openalex
A5057582080,https://openalex.org/A5057582080,Lily W. Ge,https://orcid.org/0000-0003-2350-8686,openalex
A5085906659,https://openalex.org/A5085906659,Yiren Ding,https://orcid.org/0000-0001-8983-9117,openalex
A5087146581,https://openalex.org/A5087146581,Lane Harrison,https://orcid.org/0000-0003-3029-2799,openalex
A5056962479,https://openalex.org/A5056962479,Daniel Atzberger,,openalex
A5008071697,https://openalex.org/A5008071697,Tim Cech,https://orcid.org/0000-0001-8688-2419,openalex
A5052710697,https://openalex.org/A5052710697,Willy Scheibel,https://orcid.org/0000-0002-7885-9857,openalex
A5081246092,https://openalex.org/A5081246092,Jürgen Döllner,,openalex
A5040794392,https://openalex.org/A5040794392,Michael Behrisch,https://orcid.org/0000-0002-1102-103X,openalex
A5016219620,https://openalex.org/A5016219620,Tobias Schreck,https://orcid.org/0000-0003-0778-8665,openalex
A5015821420,https://openalex.org/A5015821420,Matěj Lang,https://orcid.org/0000-0002-5249-815X,openalex
A5106276284,https://openalex.org/A5106276284,Adam Štěpánek,https://orcid.org/0009-0008-9388-2546,openalex
A5107293625,https://openalex.org/A5107293625,Róbert Zvara,,openalex
A5107293626,https://openalex.org/A5107293626,Vojtech ˇ Rehák ˇ,,openalex
A5101809615,https://openalex.org/A5101809615,Daniel Braun,https://orcid.org/0000-0002-8824-7184,openalex
A5084778474,https://openalex.org/A5084778474,Michael Gleicher,https://orcid.org/0000-0003-3295-4071,openalex
A5015182248,https://openalex.org/A5015182248,Tatiana Von Landesberger,https://orcid.org/0000-0002-5279-1444,openalex
A5006575291,https://openalex.org/A5006575291,Xumeng Wang,https://orcid.org/0000-0002-9525-9298,openalex
A5106113018,https://openalex.org/A5106113018,Shuangcheng Jiao,,openalex
A5101424248,https://openalex.org/A5101424248,Arvind Srinivasan,https://orcid.org/0000-0002-3409-6077,openalex
A5095767196,https://openalex.org/A5095767196,Johannes Ellemose,https://orcid.org/0009-0006-9676-6204,openalex
A5086223886,https://openalex.org/A5086223886,Anna Vilanova,https://orcid.org/0000-0002-1034-737X,openalex
A5000199768,https://openalex.org/A5000199768,Zhicheng Liu,https://orcid.org/0009-0008-6894-0062,openalex
A5100418560,https://openalex.org/A5100418560,Chen Chen,https://orcid.org/0000-0003-3171-0657,openalex
A5012944737,https://openalex.org/A5012944737,John Hooker,https://orcid.org/0000-0002-7084-3084,openalex
A5002018688,https://openalex.org/A5002018688,Maryam Hedayati,https://orcid.org/0000-0002-0874-5918,openalex
A5063377786,https://openalex.org/A5063377786,Dylan Wootton,,openalex
A5073334482,https://openalex.org/A5073334482,Amy Rae Fox,https://orcid.org/0000-0003-0995-7899,openalex
A5011928259,https://openalex.org/A5011928259,Evan M. Peck,https://orcid.org/0000-0001-9498-5362,openalex
A5077783676,https://openalex.org/A5077783676,Arvind Satyanarayan,https://orcid.org/0000-0001-5564-635X,openalex
A5088672772,https://openalex.org/A5088672772,Anqi Cao,https://orcid.org/0000-0003-1794-4510,openalex
A5078565296,https://openalex.org/A5078565296,Xiao Xie,https://orcid.org/0000-0002-2135-5236,openalex
A5113375370,https://openalex.org/A5113375370,Runjin Zhang,,openalex
A5109945954,https://openalex.org/A5109945954,Yuxin Tian,https://orcid.org/0009-0007-0296-0274,openalex
A5074273683,https://openalex.org/A5074273683,Fan Mu,https://orcid.org/0000-0003-0252-0387,openalex
A5108035744,https://openalex.org/A5108035744,Hui Zhang,https://orcid.org/0000-0002-6146-1535,openalex
A5100344647,https://openalex.org/A5100344647,Jae Young Kim,https://orcid.org/0000-0001-8229-7183,openalex
A5086131860,https://openalex.org/A5086131860,Sihyeon Lee,,openalex
A5101506748,https://openalex.org/A5101506748,Hyeon Jeon,https://orcid.org/0000-0002-9659-2922,openalex
A5091036340,https://openalex.org/A5091036340,Keon‐joo Lee,https://orcid.org/0000-0002-6571-7091,openalex
A5071829277,https://openalex.org/A5071829277,Hee‐joon Bae,https://orcid.org/0000-0003-0051-1997,openalex
A5103803190,https://openalex.org/A5103803190,Bohyoung Kim,,openalex
A5012388103,https://openalex.org/A5012388103,Jinwook Seo,https://orcid.org/0000-0002-7734-822X,openalex
A5037866250,https://openalex.org/A5037866250,Qian Zhu,https://orcid.org/0000-0001-5108-3414,openalex
A5088220929,https://openalex.org/A5088220929,Tao Lu,https://orcid.org/0009-0001-3078-5975,openalex
A5056999690,https://openalex.org/A5056999690,Shunan Guo,https://orcid.org/0000-0001-5355-8399,openalex
A5026376235,https://openalex.org/A5026376235,Xiaojuan Ma,https://orcid.org/0000-0002-9847-7784,openalex
A5050126617,https://openalex.org/A5050126617,Yalong Yang,https://orcid.org/0000-0001-9414-9911,openalex
A5113375371,https://openalex.org/A5113375371,Ziao Liu,,openalex
A5029345382,https://openalex.org/A5029345382,Moqi He,,openalex
A5010767648,https://openalex.org/A5010767648,Wenshuo Zhao,https://orcid.org/0009-0007-5047-7922,openalex
A5109779273,https://openalex.org/A5109779273,Yihong Wu,,openalex
A5052752621,https://openalex.org/A5052752621,Liqi Cheng,https://orcid.org/0009-0000-8868-5101,openalex
A5001935193,https://openalex.org/A5001935193,Devin Lange,https://orcid.org/0000-0002-3467-0294,openalex
A5038106228,https://openalex.org/A5038106228,Robert L. Judson‐torres,https://orcid.org/0000-0002-6559-0553,openalex
A5020618568,https://openalex.org/A5020618568,Thomas A. Zangle,https://orcid.org/0000-0001-5899-3517,openalex
A5031057530,https://openalex.org/A5031057530,Alexander Lex,https://orcid.org/0000-0001-6930-5468,openalex
A5038023755,https://openalex.org/A5038023755,Alexis Pister,https://orcid.org/0000-0002-2817-020X,openalex
A5074038943,https://openalex.org/A5074038943,Junxiu Tang,https://orcid.org/0000-0003-3594-926X,openalex
A5053366318,https://openalex.org/A5053366318,Peilin Yu,,openalex
A5058912459,https://openalex.org/A5058912459,Aida Nordman,https://orcid.org/0000-0002-9601-5981,openalex
A5029166028,https://openalex.org/A5029166028,Marta Koć‐januchta,https://orcid.org/0000-0001-6313-475X,openalex
A5026652846,https://openalex.org/A5026652846,Konrad Schönborn,https://orcid.org/0000-0001-8888-6843,openalex
A5061859149,https://openalex.org/A5061859149,Katerina Vrotsou,https://orcid.org/0000-0003-4761-8601,openalex
A5059159716,https://openalex.org/A5059159716,Klaus Eckelt,https://orcid.org/0000-0001-6832-9070,openalex
A5005426313,https://openalex.org/A5005426313,Kiran Gadhave,https://orcid.org/0000-0001-6916-2583,openalex
A5064087967,https://openalex.org/A5064087967,Ratanond Koonchanok,https://orcid.org/0000-0002-8860-6183,openalex
A5010928934,https://openalex.org/A5010928934,Michael E. Papka,https://orcid.org/0000-0002-6418-5767,openalex
A5060626774,https://openalex.org/A5060626774,Khairi Reda,https://orcid.org/0000-0002-8096-658X,openalex
A5111321527,https://openalex.org/A5111321527,Jianing Yin,,openalex
A5078268992,https://openalex.org/A5078268992,Hanze Jia,https://orcid.org/0009-0008-5195-7829,openalex
A5113376015,https://openalex.org/A5113376015,Buwei Zhou,,openalex
A5018322383,https://openalex.org/A5018322383,Tan Tang,https://orcid.org/0000-0002-5260-3087,openalex
A5100358936,https://openalex.org/A5100358936,Ying Lü,https://orcid.org/0000-0002-4206-231X,openalex
A5038564903,https://openalex.org/A5038564903,Shuainan Ye,https://orcid.org/0000-0003-1351-2737,openalex
A5031082206,https://openalex.org/A5031082206,Tai‐quan Peng,https://orcid.org/0000-0002-2588-7491,openalex
A5011411344,https://openalex.org/A5011411344,Mara Solen,https://orcid.org/0000-0002-5191-5193,openalex
A5103100469,https://openalex.org/A5103100469,Nigar Sultana,https://orcid.org/0000-0003-4047-8212,openalex
A5082319203,https://openalex.org/A5082319203,Laura Lukes,https://orcid.org/0000-0003-3648-0942,openalex
A5079916657,https://openalex.org/A5079916657,Tamara Munzner,https://orcid.org/0000-0002-3294-3869,openalex
A5085919087,https://openalex.org/A5085919087,Lauren Klein,https://orcid.org/0000-0002-1511-0910,openalex
A5008627422,https://openalex.org/A5008627422,Miriah Meyer,https://orcid.org/0000-0002-8971-6245,openalex
A5093984088,https://openalex.org/A5093984088,Steven Van Den Broek,,openalex
A5062614232,https://openalex.org/A5062614232,Wouter Meulemans,https://orcid.org/0000-0002-4978-3400,openalex
A5000420564,https://openalex.org/A5000420564,Bettina Speckmann,https://orcid.org/0000-0002-8514-7858,openalex
A5106572355,https://openalex.org/A5106572355,Nora Al Naami,,openalex
A5046441109,https://openalex.org/A5046441109,Nicolas Médoc,https://orcid.org/0000-0002-7419-8748,openalex
A5018392096,https://openalex.org/A5018392096,Matteo Magnani,https://orcid.org/0000-0002-3437-9018,openalex
A5025754478,https://openalex.org/A5025754478,Mohammad Ghoniem,https://orcid.org/0000-0001-6745-3651,openalex
A5104108869,https://openalex.org/A5104108869,Haichuan Lin,,openalex
A5086643675,https://openalex.org/A5086643675,Yilin Ye,https://orcid.org/0000-0002-9451-9940,openalex
A5009760836,https://openalex.org/A5009760836,Alexander Bendeck,https://orcid.org/0000-0002-9799-2194,openalex
A5082668404,https://openalex.org/A5082668404,John Stasko,https://orcid.org/0000-0003-4129-7659,openalex
A5049050148,https://openalex.org/A5049050148,Dazhen Deng,https://orcid.org/0000-0002-9057-8353,openalex
A5101982517,https://openalex.org/A5101982517,Chuhan Zhang,https://orcid.org/0000-0002-2897-3918,openalex
A5031784602,https://openalex.org/A5031784602,Huawei Zheng,https://orcid.org/0000-0002-8704-2486,openalex
A5072729601,https://openalex.org/A5072729601,Yuwen Pu,https://orcid.org/0000-0003-2311-4943,openalex
A5058611515,https://openalex.org/A5058611515,Shouling Ji,https://orcid.org/0000-0003-4268-372X,openalex
A5062751205,https://openalex.org/A5062751205,Lin Gao,https://orcid.org/0009-0004-1613-1774,openalex
A5107845542,https://openalex.org/A5107845542,Jing Lu,https://orcid.org/0009-0007-7144-1398,openalex
A5066496299,https://openalex.org/A5066496299,Zekai Shao,https://orcid.org/0000-0003-2014-5293,openalex
A5113316769,https://openalex.org/A5113316769,Ziyue Lin,https://orcid.org/0009-0002-9242-9519,openalex
A5060428081,https://openalex.org/A5060428081,Shengbin Yue,https://orcid.org/0000-0002-6764-1756,openalex
A5106247112,https://openalex.org/A5106247112,Chiokit Ieong,,openalex
A5109779164,https://openalex.org/A5109779164,Yi Sun,https://orcid.org/0009-0007-5858-5821,openalex
A5073944724,https://openalex.org/A5073944724,Rory James Zauner,,openalex
A5011504177,https://openalex.org/A5011504177,Zhongyu Wei,https://orcid.org/0000-0003-3789-8507,openalex
A5109616081,https://openalex.org/A5109616081,Siming Chen,https://orcid.org/0000-0002-2690-3588,openalex
A5078755914,https://openalex.org/A5078755914,Arpit Narechania,https://orcid.org/0000-0001-6980-3686,openalex
A5107079519,https://openalex.org/A5107079519,Kaustubh Odak,,openalex
A5020415668,https://openalex.org/A5020415668,Mennatallah El‐assady,https://orcid.org/0000-0001-8526-2613,openalex
A5064306421,https://openalex.org/A5064306421,Alex Endert,https://orcid.org/0000-0002-6914-610X,openalex
A5093483372,https://openalex.org/A5093483372,Daniel Palamarchuk,,openalex
A5114224169,https://openalex.org/A5114224169,Lemara Williams,,openalex
A5068206659,https://openalex.org/A5068206659,Brian Mayer,https://orcid.org/0000-0002-9925-8276,openalex
A5112483018,https://openalex.org/A5112483018,Thomas Danielson,,openalex
A5037711609,https://openalex.org/A5037711609,Rebecca Faust,https://orcid.org/0000-0002-7640-1287,openalex
A5099879300,https://openalex.org/A5099879300,Larry Deschaine,,openalex
A5037675411,https://openalex.org/A5037675411,Chris North,https://orcid.org/0000-0002-8786-7103,openalex
A5082391073,https://openalex.org/A5082391073,Zherui Zhang,https://orcid.org/0009-0000-3385-6161,openalex
A5024451201,https://openalex.org/A5024451201,Fan Yang,https://orcid.org/0000-0002-2880-6271,openalex
A5004036087,https://openalex.org/A5004036087,Ran Cheng,https://orcid.org/0000-0001-9410-8263,openalex
A5101409792,https://openalex.org/A5101409792,Yuxin Ma,https://orcid.org/0000-0003-0484-668X,openalex
A5114197626,https://openalex.org/A5114197626,Jingwei Qu,https://orcid.org/0000-0003-4607-8703,openalex
A5113376019,https://openalex.org/A5113376019,Pingshun Zhang,,openalex
A5107104358,https://openalex.org/A5107104358,Enyu Che,,openalex
A5046219345,https://openalex.org/A5046219345,Yinan Chen,https://orcid.org/0000-0001-9748-7107,openalex
A5061469520,https://openalex.org/A5061469520,Haibin Ling,https://orcid.org/0000-0003-4094-8413,openalex
A5100763132,https://openalex.org/A5100763132,Benjamin Lee,https://orcid.org/0000-0002-1171-4741,openalex
A5037110552,https://openalex.org/A5037110552,Michael Sedlmair,https://orcid.org/0000-0001-7048-9292,openalex
A5048047909,https://openalex.org/A5048047909,Dieter Schmalstieg,https://orcid.org/0000-0003-2813-2235,openalex
A5028110202,https://openalex.org/A5028110202,Yingchaojie Feng,https://orcid.org/0000-0002-1418-4635,openalex
A5086326351,https://openalex.org/A5086326351,Xingbo Wang,https://orcid.org/0000-0001-5693-1128,openalex
A5085890755,https://openalex.org/A5085890755,Wong Kam Kwai,https://orcid.org/0000-0002-2813-1972,openalex
A5100321897,https://openalex.org/A5100321897,Sijia Wang,https://orcid.org/0009-0005-9204-1508,openalex
A5001555038,https://openalex.org/A5001555038,Yuhong Lu,,openalex
A5010441587,https://openalex.org/A5010441587,Minfeng Zhu,https://orcid.org/0000-0002-6711-3099,openalex
A5114093843,https://openalex.org/A5114093843,Baicheng Wang,,openalex
A5100344494,https://openalex.org/A5100344494,Wei Chen,https://orcid.org/0000-0002-8365-4741,openalex
A5101416806,https://openalex.org/A5101416806,Yanqiu Wu,https://orcid.org/0000-0002-6063-7914,openalex
A5034541446,https://openalex.org/A5034541446,Mandy Keck,https://orcid.org/0000-0002-5821-8016,openalex
A5046158009,https://openalex.org/A5046158009,Fateme Rajabiyazdi,https://orcid.org/0000-0002-8710-865X,openalex
A5026171056,https://openalex.org/A5026171056,Tatiana Losev,https://orcid.org/0000-0002-0363-8072,openalex
A5090175598,https://openalex.org/A5090175598,Isabel Meirelles,https://orcid.org/0000-0001-8111-6002,openalex
A5079369129,https://openalex.org/A5079369129,Jason Dykes,https://orcid.org/0000-0002-8096-5763,openalex
A5031570473,https://openalex.org/A5031570473,Robert S. Laramee,https://orcid.org/0000-0002-3874-6145,openalex
A5006397786,https://openalex.org/A5006397786,Mashael Alkadi,https://orcid.org/0000-0003-0377-1815,openalex
A5025399630,https://openalex.org/A5025399630,Christina Stoiber,https://orcid.org/0000-0002-1764-1467,openalex
A5071066797,https://openalex.org/A5071066797,Samuel Huron,https://orcid.org/0000-0002-9319-8559,openalex
A5078212008,https://openalex.org/A5078212008,Luiz Morais,https://orcid.org/0000-0002-5506-9473,openalex
A5005355207,https://openalex.org/A5005355207,Wolfgang Aigner,https://orcid.org/0000-0001-5762-1869,openalex
A5011981456,https://openalex.org/A5011981456,Doris Kosminsky,https://orcid.org/0000-0003-2087-3928,openalex
A5007663639,https://openalex.org/A5007663639,Magdalena Boucher,https://orcid.org/0000-0003-3406-8743,openalex
A5069232944,https://openalex.org/A5069232944,Søren Knudsen,https://orcid.org/0000-0002-8306-1102,openalex
A5067882992,https://openalex.org/A5067882992,Areti Manataki,https://orcid.org/0000-0003-3698-8535,openalex
A5053646618,https://openalex.org/A5053646618,Jan Aerts,https://orcid.org/0000-0002-6416-2717,openalex
A5012561411,https://openalex.org/A5012561411,Sheelagh Carpendale,https://orcid.org/0000-0002-5127-9780,openalex
A5086448003,https://openalex.org/A5086448003,Leixian Shen,https://orcid.org/0000-0003-1084-4912,openalex
A5108576299,https://openalex.org/A5108576299,Yizhi Zhang,https://orcid.org/0000-0002-3954-0544,openalex
A5101789836,https://openalex.org/A5101789836,Haidong Zhang,https://orcid.org/0000-0001-7411-8042,openalex
A5100377652,https://openalex.org/A5100377652,Yun Wang,https://orcid.org/0000-0003-0468-4043,openalex
A5101949918,https://openalex.org/A5101949918,Shaoyu Chen,https://orcid.org/0000-0002-1856-6294,openalex
A5001741970,https://openalex.org/A5001741970,Ethan Brewer,https://orcid.org/0000-0002-4367-0763,openalex
A5101462636,https://openalex.org/A5101462636,Chen Zhao,https://orcid.org/0000-0001-7672-146X,openalex
A5058266453,https://openalex.org/A5058266453,Jing Qian,https://orcid.org/0000-0002-5517-3035,openalex
A5091175785,https://openalex.org/A5091175785,Kyunghyun Cho,https://orcid.org/0000-0003-1669-3211,openalex
A5103210856,https://openalex.org/A5103210856,He He,https://orcid.org/0009-0005-7805-3780,openalex
A5064720873,https://openalex.org/A5064720873,Huy T. Vo,https://orcid.org/0000-0002-5963-6615,openalex
A5003476748,https://openalex.org/A5003476748,Michael Krone,https://orcid.org/0000-0002-1445-7568,openalex
A5002022224,https://openalex.org/A5002022224,Frank Elavsky,https://orcid.org/0000-0002-6849-5893,openalex
A5049696189,https://openalex.org/A5049696189,Lucas Nadolskis,,openalex
A5016139323,https://openalex.org/A5016139323,David Saffo,https://orcid.org/0000-0001-9515-048X,openalex
A5006337365,https://openalex.org/A5006337365,Laura South,https://orcid.org/0000-0003-4444-6314,openalex
A5060030701,https://openalex.org/A5060030701,Justin Raynor,https://orcid.org/0000-0002-7678-0846,openalex
A5000390546,https://openalex.org/A5000390546,Caglar Yildirim,https://orcid.org/0000-0002-0346-9299,openalex
A5067525108,https://openalex.org/A5067525108,Harry Li,https://orcid.org/0000-0002-2288-6039,openalex
A5035828571,https://openalex.org/A5035828571,Camelia Daniela Brumar,https://orcid.org/0000-0002-7924-634X,openalex
A5084507075,https://openalex.org/A5084507075,Ashley Suh,https://orcid.org/0000-0001-6513-8447,openalex
A5063258480,https://openalex.org/A5063258480,Catherine Vance Yeh,,openalex
A5101538820,https://openalex.org/A5101538820,Yida Chen,https://orcid.org/0009-0006-9248-7304,openalex
A5071356824,https://openalex.org/A5071356824,Aoyu Wu,https://orcid.org/0000-0001-9187-9265,openalex
A5102773192,https://openalex.org/A5102773192,Cynthia Chen,https://orcid.org/0000-0003-4604-2241,openalex
A5059594867,https://openalex.org/A5059594867,Fernanda Viégas,https://orcid.org/0000-0002-4951-4008,openalex
A5039276358,https://openalex.org/A5039276358,Martin Wattenberg,https://orcid.org/0000-0003-0904-4862,openalex
A5092543582,https://openalex.org/A5092543582,Alexandre Aouididi,,openalex
A5008138905,https://openalex.org/A5008138905,Jui Hsien Wang,https://orcid.org/0000-0002-9210-8718,openalex
A5041694845,https://openalex.org/A5041694845,Will Epperson,https://orcid.org/0000-0002-2745-4315,openalex
A5092622516,https://openalex.org/A5092622516,Vaishnavi Gorantla,https://orcid.org/0009-0007-1764-6763,openalex
A5053097987,https://openalex.org/A5053097987,Adam Perer,https://orcid.org/0000-0002-8369-3847,openalex
A5091398218,https://openalex.org/A5091398218,Gromit Yeuk Yin Chan,https://orcid.org/0000-0003-1356-4406,openalex
A5009957887,https://openalex.org/A5009957887,Ryan A. Rossi,https://orcid.org/0000-0001-9758-0635,openalex
A5071007779,https://openalex.org/A5071007779,Eunyee Koh,https://orcid.org/0000-0003-2091-5972,openalex
A5100627882,https://openalex.org/A5100627882,Yang Ouyang,,openalex
A5091026913,https://openalex.org/A5091026913,Y. G. Wu,https://orcid.org/0009-0005-8333-4405,openalex
A5102754191,https://openalex.org/A5102754191,He Wang,https://orcid.org/0009-0003-2550-6139,openalex
A5101776978,https://openalex.org/A5101776978,Chenyang Zhang,https://orcid.org/0009-0003-1116-4895,openalex
A5073000458,https://openalex.org/A5073000458,Furui Cheng,https://orcid.org/0000-0003-2329-6126,openalex
A5101829426,https://openalex.org/A5101829426,Chang Jiang,https://orcid.org/0000-0001-9726-902X,openalex
A5008009084,https://openalex.org/A5008009084,Lixia Jin,https://orcid.org/0009-0003-9819-8042,openalex
A5102007073,https://openalex.org/A5102007073,Yuanwu Cao,https://orcid.org/0000-0003-4728-5544,openalex
A5101411295,https://openalex.org/A5101411295,Gustavo Moreira,https://orcid.org/0009-0007-5478-6351,openalex
A5092801509,https://openalex.org/A5092801509,Md Nafiul Alam Nipu,,openalex
A5054331966,https://openalex.org/A5054331966,Jianben He,https://orcid.org/0000-0003-3471-6130,openalex
A5049883737,https://openalex.org/A5049883737,Xijie Huang,https://orcid.org/0000-0001-5508-5433,openalex
A5019821536,https://openalex.org/A5019821536,Changjian Chen,https://orcid.org/0000-0003-2715-8839,openalex
A5103156716,https://openalex.org/A5103156716,Fengjie Wang,https://orcid.org/0000-0002-5198-8800,openalex
A5101484570,https://openalex.org/A5101484570,Min Zhu,https://orcid.org/0000-0002-9854-7455,openalex
A5023888935,https://openalex.org/A5023888935,Yanna Lin,https://orcid.org/0000-0003-3730-0827,openalex
A5100397330,https://openalex.org/A5100397330,Haotian Li,https://orcid.org/0000-0001-9547-3449,openalex
A5005109197,https://openalex.org/A5005109197,Leni Yang,https://orcid.org/0000-0003-4527-4905,openalex
A5082213932,https://openalex.org/A5082213932,Zikun Deng,https://orcid.org/0000-0002-4477-5292,openalex
A5002901852,https://openalex.org/A5002901852,Shifu Chen,https://orcid.org/0000-0001-5799-653X,openalex
A5081346568,https://openalex.org/A5081346568,Mingliang Xu,https://orcid.org/0000-0002-6885-3451,openalex
A5014140709,https://openalex.org/A5014140709,Suizi Huang,,openalex
A5032164035,https://openalex.org/A5032164035,Yue Lin,https://orcid.org/0000-0001-8118-4267,openalex
A5100610544,https://openalex.org/A5100610544,Yu Fu,https://orcid.org/0000-0001-5076-6299,openalex
A5091444900,https://openalex.org/A5091444900,Conny Walchshofer,https://orcid.org/0000-0003-3942-8445,openalex
A5047079466,https://openalex.org/A5047079466,Yuxing Zhou,https://orcid.org/0000-0001-8061-3867,openalex
A5075620925,https://openalex.org/A5075620925,Zhiyang Shen,https://orcid.org/0000-0002-5126-6461,openalex
A5100426931,https://openalex.org/A5100426931,Xiaonan Luo,https://orcid.org/0000-0002-0751-5045,openalex
A5109722197,https://openalex.org/A5109722197,Lingyun Yu,https://orcid.org/0009-0001-7700-9025,openalex
A5017173519,https://openalex.org/A5017173519,Stefan P. Feyer,https://orcid.org/0009-0004-8574-0741,openalex
A5039742693,https://openalex.org/A5039742693,Bruno Pinaud,https://orcid.org/0000-0003-4814-3273,openalex
A5003147292,https://openalex.org/A5003147292,Stephen Kobourov,https://orcid.org/0000-0002-0477-2724,openalex
A5035198129,https://openalex.org/A5035198129,Nicolas Brich,https://orcid.org/0000-0003-3175-0464,openalex
A5006966951,https://openalex.org/A5006966951,Andreas Kerren,https://orcid.org/0000-0002-0519-2537,openalex
A5003441276,https://openalex.org/A5003441276,Falk Schreiber,https://orcid.org/0000-0002-9307-3254,openalex
A5023110492,https://openalex.org/A5023110492,Karsten Klein,https://orcid.org/0000-0002-8345-5806,openalex
A5101970777,https://openalex.org/A5101970777,Bo Pan,https://orcid.org/0009-0009-4561-2469,openalex
A5100660111,https://openalex.org/A5100660111,Jiaying Lu,https://orcid.org/0009-0008-3578-346X,openalex
A5100629476,https://openalex.org/A5100629476,Haoxuan Li,https://orcid.org/0009-0007-1429-2082,openalex
A5110810014,https://openalex.org/A5110810014,Weifeng Chen,https://orcid.org/0000-0001-5040-4618,openalex
A5101693655,https://openalex.org/A5101693655,Yiyao Wang,https://orcid.org/0009-0009-8663-2335,openalex
A5100760567,https://openalex.org/A5100760567,Chenhao Yu,https://orcid.org/0009-0009-9336-3997,openalex
A5043405353,https://openalex.org/A5043405353,Steven Franconeri,https://orcid.org/0000-0001-5244-9764,openalex
A5092849810,https://openalex.org/A5092849810,Lukas Herzberger,https://orcid.org/0000-0002-9047-065X,openalex
A5008754293,https://openalex.org/A5008754293,Markus Hadwiger,https://orcid.org/0000-0003-1239-4871,openalex
A5057655212,https://openalex.org/A5057655212,Guoxi Liu,https://orcid.org/0000-0002-8164-7185,openalex
A5102993647,https://openalex.org/A5102993647,Federico Iuricich,https://orcid.org/0000-0003-1782-9715,openalex
A5005412226,https://openalex.org/A5005412226,Matthew S. Hull,https://orcid.org/0000-0002-5771-8481,openalex
A5093104403,https://openalex.org/A5093104403,Vivian Pednekar,,openalex
A5093104404,https://openalex.org/A5093104404,Hannah Murray,,openalex
A5082689282,https://openalex.org/A5082689282,Nimisha Roy,https://orcid.org/0000-0003-2480-9974,openalex
A5093104405,https://openalex.org/A5093104405,Emmanuel Tung,,openalex
A5022559447,https://openalex.org/A5022559447,Susanta Routray,https://orcid.org/0009-0002-0611-1265,openalex
A5014118071,https://openalex.org/A5014118071,Connor Guerin,,openalex
A5100616988,https://openalex.org/A5100616988,Justin Chen,https://orcid.org/0000-0002-0827-5872,openalex
A5100638703,https://openalex.org/A5100638703,Zijie J. Wang,https://orcid.org/0000-0003-4360-1423,openalex
A5101442992,https://openalex.org/A5101442992,Seongmin Lee,https://orcid.org/0000-0002-1950-5004,openalex
A5086264589,https://openalex.org/A5086264589,Max Mahdi Roozbahani,https://orcid.org/0000-0001-5462-1409,openalex
A5020153026,https://openalex.org/A5020153026,Duen Horng Chau,https://orcid.org/0000-0001-9824-3323,openalex
A5036300289,https://openalex.org/A5036300289,Michael Correll,https://orcid.org/0000-0001-7902-3907,openalex
A5047827833,https://openalex.org/A5047827833,Melanie Tory,https://orcid.org/0000-0002-6806-9253,openalex
A5029173221,https://openalex.org/A5029173221,Davide Ceneda,https://orcid.org/0000-0003-1198-567X,openalex
A5042382359,https://openalex.org/A5042382359,Christopher Collins,https://orcid.org/0000-0002-4520-7000,openalex
A5061682032,https://openalex.org/A5061682032,Christian Tominski,https://orcid.org/0000-0001-7704-355X,openalex
A5019161245,https://openalex.org/A5019161245,Alessio Arleo,https://orcid.org/0000-0003-2008-3651,openalex
A5103268247,https://openalex.org/A5103268247,Yumeng Xue,https://orcid.org/0000-0002-8195-517X,openalex
A5087499523,https://openalex.org/A5087499523,Patrick Paetzold,https://orcid.org/0000-0002-1315-4602,openalex
A5091363610,https://openalex.org/A5091363610,Rebecca Kehlbeck,https://orcid.org/0000-0002-0095-5865,openalex
A5053027660,https://openalex.org/A5053027660,B. Chen,,openalex
A5050869372,https://openalex.org/A5050869372,Kin Chung Kwan,https://orcid.org/0000-0003-2377-081X,openalex
A5068526974,https://openalex.org/A5068526974,Yunhai Wang,https://orcid.org/0000-0003-0059-6580,openalex
A5036489223,https://openalex.org/A5036489223,Oliver Deußen,https://orcid.org/0000-0001-5803-2185,openalex
A5070075266,https://openalex.org/A5070075266,Huayuan Ye,https://orcid.org/0009-0008-8208-2017,openalex
A5100649746,https://openalex.org/A5100649746,Chenhui Li,https://orcid.org/0000-0001-9835-2650,openalex
A5100421682,https://openalex.org/A5100421682,Yang Li,https://orcid.org/0000-0003-0004-8795,openalex
A5063110936,https://openalex.org/A5063110936,Changbo Wang,https://orcid.org/0000-0001-8940-6418,openalex
A5112962007,https://openalex.org/A5112962007,Emre Oral,,openalex
A5009764298,https://openalex.org/A5009764298,Ria Chawla,https://orcid.org/0000-0003-1913-5012,openalex
A5060059718,https://openalex.org/A5060059718,Michel Wijkstra,https://orcid.org/0000-0002-2363-5880,openalex
A5024377336,https://openalex.org/A5024377336,Narges Mahyar,https://orcid.org/0000-0003-1781-0029,openalex
A5039822376,https://openalex.org/A5039822376,Evanthia Dimara,https://orcid.org/0000-0001-5212-7888,openalex
A5054015080,https://openalex.org/A5054015080,Andrea Batch,https://orcid.org/0000-0002-7450-9542,openalex
A5090775158,https://openalex.org/A5090775158,Hamza Elhamdadi,https://orcid.org/0009-0006-8767-0681,openalex
A5074354806,https://openalex.org/A5074354806,Ádám Stefkovics,https://orcid.org/0000-0003-4961-7792,openalex
A5108961510,https://openalex.org/A5108961510,Eric Moerth,,openalex
A5034150082,https://openalex.org/A5034150082,Carolina Nobre,https://orcid.org/0000-0002-2892-0509,openalex
A5090346908,https://openalex.org/A5090346908,Matthias Trapp,https://orcid.org/0000-0003-3861-5759,openalex
A5035885351,https://openalex.org/A5035885351,Rico Richter,https://orcid.org/0000-0001-5523-3694,openalex
A5037687998,https://openalex.org/A5037687998,Xiao Li Qiao,,openalex
A5079448223,https://openalex.org/A5079448223,Eli Holder,,openalex
A5013075379,https://openalex.org/A5013075379,Jianing Hao,https://orcid.org/0000-0001-7110-8236,openalex
A5101111637,https://openalex.org/A5101111637,Qing Shi,,openalex
A5109389598,https://openalex.org/A5109389598,Wei Zeng,https://orcid.org/0000-0002-6987-3577,openalex
A5075706889,https://openalex.org/A5075706889,Jakob Troidl,https://orcid.org/0009-0006-7958-867X,openalex
A5018685036,https://openalex.org/A5018685036,Simon Warchol,https://orcid.org/0000-0001-9067-6888,openalex
A5018077023,https://openalex.org/A5018077023,Jinhan Choi,https://orcid.org/0000-0002-5690-5963,openalex
A5015037960,https://openalex.org/A5015037960,Jordan Matelsky,https://orcid.org/0000-0002-9470-760X,openalex
A5072366959,https://openalex.org/A5072366959,Nagaraju Dhanyasi,,openalex
A5100425320,https://openalex.org/A5100425320,Xueying Wang,,openalex
A5069909173,https://openalex.org/A5069909173,Brock A. Wester,https://orcid.org/0000-0002-1500-2143,openalex
A5085365474,https://openalex.org/A5085365474,Donglai Wei,https://orcid.org/0000-0002-2329-5484,openalex
A5037495122,https://openalex.org/A5037495122,Jeff W. Lichtman,https://orcid.org/0000-0002-0208-3212,openalex
A5091572336,https://openalex.org/A5091572336,Ambre Assor,https://orcid.org/0000-0003-3304-4459,openalex
A5006089989,https://openalex.org/A5006089989,Arnaud Prouzeau,https://orcid.org/0000-0003-3800-5870,openalex
A5091882831,https://openalex.org/A5091882831,Martin Hachet,https://orcid.org/0000-0003-3889-2529,openalex
A5032305401,https://openalex.org/A5032305401,Pierre Dragicevic,https://orcid.org/0000-0002-1854-5899,openalex
A5100373606,https://openalex.org/A5100373606,Lei Fan,https://orcid.org/0000-0003-4244-0971,openalex
A5014732659,https://openalex.org/A5014732659,A. Stewart Fotheringham,https://orcid.org/0000-0002-0407-1901,openalex
A5055161766,https://openalex.org/A5055161766,Elizabeth A. Mack,https://orcid.org/0000-0002-1829-8787,openalex
A5100610862,https://openalex.org/A5100610862,Ziqi Li,https://orcid.org/0000-0002-6345-4347,openalex
A5027859763,https://openalex.org/A5027859763,Mehak Sachdeva,https://orcid.org/0000-0003-4375-5422,openalex
A5063419107,https://openalex.org/A5063419107,Sarah Bardin,https://orcid.org/0000-0001-8657-1725,openalex
A5026799813,https://openalex.org/A5026799813,Ross Maciejewski,https://orcid.org/0000-0001-8803-6355,openalex
A5065644953,https://openalex.org/A5065644953,Bongshin Lee,https://orcid.org/0000-0002-4217-627X,openalex
A5046614342,https://openalex.org/A5046614342,Yunjeong Chang,https://orcid.org/0000-0002-1003-797X,openalex
A5101908670,https://openalex.org/A5101908670,Yang Shi,https://orcid.org/0000-0002-1065-4038,openalex
A5004428276,https://openalex.org/A5004428276,Bingchang Chen,https://orcid.org/0000-0001-5294-735X,openalex
A5049594027,https://openalex.org/A5049594027,Ying Chen,https://orcid.org/0000-0002-1980-7950,openalex
A5012157105,https://openalex.org/A5012157105,Zhuochen Jin,,openalex
A5111062893,https://openalex.org/A5111062893,Ke Xu,,openalex
A5065034146,https://openalex.org/A5065034146,Xiaohan Jiao,https://orcid.org/0009-0004-8408-2329,openalex
A5101497511,https://openalex.org/A5101497511,Tian Gao,https://orcid.org/0009-0004-0557-4342,openalex
A5011942943,https://openalex.org/A5011942943,S. Sandra Bae,https://orcid.org/0009-0002-7218-5887,openalex
A5074006931,https://openalex.org/A5074006931,Takanori Fujiwara,https://orcid.org/0000-0002-6382-2752,openalex
A5048647256,https://openalex.org/A5048647256,Anders Ynnerman,https://orcid.org/0000-0002-9466-9826,openalex
A5071892737,https://openalex.org/A5071892737,Ellen Yi–luen,https://orcid.org/0000-0002-9948-6375,openalex
A5068183954,https://openalex.org/A5068183954,Michael L. Rivera,https://orcid.org/0000-0002-5998-8039,openalex
A5000064618,https://openalex.org/A5000064618,Michaël Aupetit,https://orcid.org/0000-0001-6321-5242,openalex
A5004709768,https://openalex.org/A5004709768,Francesca Morini,https://orcid.org/0000-0002-5677-8175,openalex
A5030346871,https://openalex.org/A5030346871,Anna Eschenbacher,https://orcid.org/0009-0000-3996-784X,openalex
A5102798174,https://openalex.org/A5102798174,Johanna Hartmann,https://orcid.org/0000-0001-7434-0858,openalex
A5119246991,https://openalex.org/A5119246991,Zhen Wen,https://orcid.org/0000-0002-6327-5306,openalex
A5119247096,https://openalex.org/A5119247096,Yihan Liu,https://orcid.org/0009-0007-6721-0204,openalex
A5078394037,https://openalex.org/A5078394037,Siwei Tan,https://orcid.org/0000-0002-0634-8089,openalex
A5108872962,https://openalex.org/A5108872962,Jieyi Chen,,openalex
A5074072259,https://openalex.org/A5074072259,Dongming Han,https://orcid.org/0000-0003-4969-3007,openalex
A5069353502,https://openalex.org/A5069353502,Jianwei Yin,https://orcid.org/0000-0003-4703-7348,openalex
A5100682509,https://openalex.org/A5100682509,Longfei Chen,https://orcid.org/0009-0002-4596-8093,openalex
A5025335404,https://openalex.org/A5025335404,Yang Zhou,https://orcid.org/0000-0002-7501-4154,openalex
A5083797440,https://openalex.org/A5083797440,Naiyu Wang,,openalex
A5015899741,https://openalex.org/A5015899741,Yuhan Guo,https://orcid.org/0009-0004-3857-7486,openalex
A5114148359,https://openalex.org/A5114148359,Yuchu Luo,,openalex
A5102571256,https://openalex.org/A5102571256,Keer Lu,,openalex
A5093121494,https://openalex.org/A5093121494,Linfang Li,,openalex
A5008189486,https://openalex.org/A5008189486,Yang Haizheng,,openalex
A5002952964,https://openalex.org/A5002952964,Zhihan Jiang,https://orcid.org/0000-0003-4857-7143,openalex
A5039676790,https://openalex.org/A5039676790,Handi Chen,https://orcid.org/0000-0002-4223-3502,openalex
A5100424818,https://openalex.org/A5100424818,Rui Zhou,https://orcid.org/0009-0002-3229-0324,openalex
A5101586565,https://openalex.org/A5101586565,Jing Deng,https://orcid.org/0009-0002-8935-4157,openalex
A5066288593,https://openalex.org/A5066288593,Xinchen Zhang,https://orcid.org/0000-0003-3650-7332,openalex
A5057284689,https://openalex.org/A5057284689,Running Zhao,https://orcid.org/0000-0003-2496-3429,openalex
A5106723036,https://openalex.org/A5106723036,Cong Xie,https://orcid.org/0000-0001-5760-7522,openalex
A5100672275,https://openalex.org/A5100672275,Yifang Wang,https://orcid.org/0000-0001-6267-9440,openalex
A5077317339,https://openalex.org/A5077317339,Edith C.‐h. Ngai,https://orcid.org/0000-0002-3454-8731,openalex
A5041617939,https://openalex.org/A5041617939,Carla Floricel,https://orcid.org/0000-0003-0647-9588,openalex
A5100363961,https://openalex.org/A5100363961,Abdallah Mohamed,https://orcid.org/0000-0003-2064-7613,openalex
A5083271735,https://openalex.org/A5083271735,Pramod Chundury,,openalex
A5032629207,https://openalex.org/A5032629207,Yasmin Reyazuddin,,openalex
A5041414404,https://openalex.org/A5041414404,J. Bern Jordan,https://orcid.org/0000-0002-0386-9137,openalex
A5014638681,https://openalex.org/A5014638681,Jonathan Lazar,https://orcid.org/0000-0002-6317-1582,openalex
A5016908856,https://openalex.org/A5016908856,Shih Hsuan Hung,https://orcid.org/0000-0003-4487-8483,openalex
A5068490260,https://openalex.org/A5068490260,Yansong Huang,,openalex
A5109923670,https://openalex.org/A5109923670,Ao Jiao,,openalex
A5103064768,https://openalex.org/A5103064768,Xin Liang,https://orcid.org/0000-0002-0630-1600,openalex
A5072700322,https://openalex.org/A5072700322,Peter Rautek,https://orcid.org/0000-0003-4821-7404,openalex
A5027313375,https://openalex.org/A5027313375,Xingdi Zhang,https://orcid.org/0000-0002-9426-0721,openalex
A5093121495,https://openalex.org/A5093121495,Bernhard Woschizka,,openalex
A5039942334,https://openalex.org/A5039942334,Thomas Theußl,https://orcid.org/0000-0001-7907-7382,openalex
A5108901039,https://openalex.org/A5108901039,Yuansong Xu,https://orcid.org/0009-0005-1630-6279,openalex
A5074246360,https://openalex.org/A5074246360,Shenghan Gao,https://orcid.org/0000-0003-4280-4915,openalex
A5040448008,https://openalex.org/A5040448008,Wenkai Song,,openalex
A5109625638,https://openalex.org/A5109625638,Zhiheng Nie,,openalex
A5101567215,https://openalex.org/A5101567215,Xiaomeng Fan,https://orcid.org/0000-0002-6302-8786,openalex
A5031353585,https://openalex.org/A5031353585,Florian Wetzels,https://orcid.org/0000-0002-5526-7138,openalex
A5071898071,https://openalex.org/A5071898071,Christoph Garth,https://orcid.org/0000-0003-1669-8549,openalex
A5057647519,https://openalex.org/A5057647519,Linhao Meng,https://orcid.org/0000-0002-5611-5929,openalex
A5033915778,https://openalex.org/A5033915778,Stef Van Den Elzen,https://orcid.org/0000-0003-1245-0503,openalex
A5034214530,https://openalex.org/A5034214530,Nicola Pezzotti,https://orcid.org/0000-0001-7346-9182,openalex
A5030816529,https://openalex.org/A5030816529,Loann Giovannangeli,https://orcid.org/0000-0002-9395-6495,openalex
A5021576702,https://openalex.org/A5021576702,Frédéric Lalanne,https://orcid.org/0000-0001-9108-0955,openalex
A5051172582,https://openalex.org/A5051172582,Romain Giot,https://orcid.org/0000-0002-0638-7504,openalex
A5073678051,https://openalex.org/A5073678051,Romain Bourqui,https://orcid.org/0000-0002-1847-2589,openalex
A5062248644,https://openalex.org/A5062248644,Md Naimul Hoque,https://orcid.org/0000-0003-0878-501X,openalex
A5102913756,https://openalex.org/A5102913756,Francis Nguyen,https://orcid.org/0000-0003-3146-6148,openalex
A5084407224,https://openalex.org/A5084407224,Alexander Vieth,https://orcid.org/0000-0002-5809-4316,openalex
A5038632839,https://openalex.org/A5038632839,Thomas Kroes,https://orcid.org/0000-0002-0658-2203,openalex
A5036528208,https://openalex.org/A5036528208,Julian Thijssen,https://orcid.org/0009-0007-7585-6451,openalex
A5064039493,https://openalex.org/A5064039493,Baldur Van Lew,https://orcid.org/0000-0003-0628-1264,openalex
A5020220741,https://openalex.org/A5020220741,Jeroen Eggermont,https://orcid.org/0000-0003-0361-9469,openalex
A5103032812,https://openalex.org/A5103032812,Soumyadeep Basu,https://orcid.org/0000-0002-8918-9203,openalex
A5048229839,https://openalex.org/A5048229839,Elmar Eisemann,https://orcid.org/0000-0003-4153-065X,openalex
A5019308726,https://openalex.org/A5019308726,Thomas Höllt,https://orcid.org/0000-0001-8125-1650,openalex
A5019003563,https://openalex.org/A5019003563,Boudewijn P. F. Lelieveldt,https://orcid.org/0000-0001-8269-7603,openalex
A5001128245,https://openalex.org/A5001128245,Keshav Dasu,https://orcid.org/0000-0002-7689-4368,openalex
A5102570823,https://openalex.org/A5102570823,Yun Hsin Kuo,,openalex
A5031596501,https://openalex.org/A5031596501,Rita Borgo,https://orcid.org/0000-0003-2875-6793,openalex
A5068366580,https://openalex.org/A5068366580,Max Sondag,https://orcid.org/0000-0003-3309-638X,openalex
A5022178925,https://openalex.org/A5022178925,Zehua Zeng,https://orcid.org/0000-0002-5153-3865,openalex
A5114093440,https://openalex.org/A5114093440,Junran Yang,,openalex
A5104038125,https://openalex.org/A5104038125,Matthew Brehmer,https://orcid.org/0000-0001-5524-2291,openalex
A5101703488,https://openalex.org/A5101703488,Yifan Wu,https://orcid.org/0000-0002-4299-8169,openalex
A5019721303,https://openalex.org/A5019721303,Michalis Mamakos,https://orcid.org/0000-0002-8753-4923,openalex
A5089749790,https://openalex.org/A5089749790,Jason D. Hartline,https://orcid.org/0000-0001-5505-6819,openalex
A5068080620,https://openalex.org/A5068080620,Yifan Qian,https://orcid.org/0000-0002-3914-1981,openalex
A5061448746,https://openalex.org/A5061448746,Xiaoyu Qi,https://orcid.org/0009-0003-0292-6368,openalex
A5002041772,https://openalex.org/A5002041772,Dashun Wang,https://orcid.org/0000-0002-7054-2206,openalex
A5075651562,https://openalex.org/A5075651562,Nate Morrical,,openalex
A5065331110,https://openalex.org/A5065331110,Stefan Zellmann,https://orcid.org/0000-0003-2880-9090,openalex
A5052409698,https://openalex.org/A5052409698,Alper Sahistan,https://orcid.org/0000-0002-3480-7713,openalex
A5009842222,https://openalex.org/A5009842222,Patrick Shriwise,https://orcid.org/0000-0002-3979-7665,openalex
A5009460413,https://openalex.org/A5009460413,Valerio Pascucci,https://orcid.org/0000-0002-8877-2042,openalex
A5080033774,https://openalex.org/A5080033774,Aimen Gaba,,openalex
A5051260332,https://openalex.org/A5051260332,Zhanna Kaufman,https://orcid.org/0000-0002-9135-815X,openalex
A5050846738,https://openalex.org/A5050846738,Jason Pui Yin Cheung,https://orcid.org/0000-0002-7052-0875,openalex
A5092616558,https://openalex.org/A5092616558,Marie Shvakel,,openalex
A5020533126,https://openalex.org/A5020533126,Kyle Wm. Hall,https://orcid.org/0000-0003-1611-7812,openalex
A5028789964,https://openalex.org/A5028789964,Yuriy Brun,https://orcid.org/0000-0003-3027-7986,openalex
A5000957988,https://openalex.org/A5000957988,Victor A. P. Magri,https://orcid.org/0000-0002-3389-523X,openalex
A5085342992,https://openalex.org/A5085342992,Peter Lindström,https://orcid.org/0000-0003-3817-4199,openalex
A5007553875,https://openalex.org/A5007553875,Renfei Huang,https://orcid.org/0000-0001-6147-4187,openalex
A5005458050,https://openalex.org/A5005458050,Zhihua Jin,https://orcid.org/0000-0001-7047-7988,openalex
A5046409172,https://openalex.org/A5046409172,Tianqing Fang,https://orcid.org/0000-0002-0186-8253,openalex
A5100374581,https://openalex.org/A5100374581,Dae Hyun Kim,https://orcid.org/0000-0002-8657-9986,openalex
A5100736999,https://openalex.org/A5100736999,Seulgi Choi,https://orcid.org/0000-0002-9334-0471,openalex
A5079709359,https://openalex.org/A5079709359,Juho Kim,https://orcid.org/0000-0001-6348-4127,openalex
A5045835385,https://openalex.org/A5045835385,Maneesh Agrawala,https://orcid.org/0000-0002-8996-7327,openalex
A5100371357,https://openalex.org/A5100371357,Qing Chen,https://orcid.org/0000-0002-2612-5691,openalex
A5077866666,https://openalex.org/A5077866666,Nan Chen,,openalex
A5101708967,https://openalex.org/A5101708967,Shuai Wei,https://orcid.org/0000-0002-4902-6645,openalex
A5054388396,https://openalex.org/A5054388396,Zhe Xu,https://orcid.org/0000-0002-6675-1398,openalex
A5068043486,https://openalex.org/A5068043486,Hanghang Tong,https://orcid.org/0000-0003-4405-3887,openalex
A5044546139,https://openalex.org/A5044546139,Gi‐yeul Bae,https://orcid.org/0000-0001-8598-0869,openalex
A5007655142,https://openalex.org/A5007655142,Helen Ai He,https://orcid.org/0000-0001-8681-2381,openalex
A5052445776,https://openalex.org/A5052445776,Jagoda Walny,https://orcid.org/0000-0002-7374-4604,openalex
A5003828556,https://openalex.org/A5003828556,Sonja Thoma,,openalex
A5079469658,https://openalex.org/A5079469658,Wesley Willett,https://orcid.org/0000-0002-6793-3062,openalex
A5100619290,https://openalex.org/A5100619290,Yu Zhang,https://orcid.org/0000-0002-9035-0463,openalex
A5048873258,https://openalex.org/A5048873258,Ruike Jiang,https://orcid.org/0000-0002-5001-5310,openalex
A5006171300,https://openalex.org/A5006171300,Liwenhan Xie,https://orcid.org/0000-0002-2601-6313,openalex
A5035507554,https://openalex.org/A5035507554,Yuheng Zhao,https://orcid.org/0000-0003-1573-8772,openalex
A5100447868,https://openalex.org/A5100447868,Can Liu,https://orcid.org/0000-0002-1175-0734,openalex
A5101259347,https://openalex.org/A5101259347,Tianhong Ding,,openalex
A5109535463,https://openalex.org/A5109535463,Lin Yan,https://orcid.org/0009-0008-6261-6691,openalex
A5109436306,https://openalex.org/A5109436306,Thomas Peterka,,openalex
A5076261285,https://openalex.org/A5076261285,Jiali Wang,https://orcid.org/0000-0002-8916-4372,openalex
A5111056004,https://openalex.org/A5111056004,Hariharan Subramonyam,,openalex
A5101678991,https://openalex.org/A5101678991,Yukai Guo,https://orcid.org/0009-0000-9651-3617,openalex
A5032571773,https://openalex.org/A5032571773,Fengyuan Tian,,openalex
A5115076783,https://openalex.org/A5115076783,Shilong Liu,https://orcid.org/0009-0003-5796-0627,openalex
A5100655132,https://openalex.org/A5100655132,Zhaowei Wang,https://orcid.org/0000-0002-7797-3316,openalex
A5111023543,https://openalex.org/A5111023543,Jing Wu,,openalex
A5100341891,https://openalex.org/A5100341891,Hang Su,https://orcid.org/0000-0002-6877-6783,openalex
A5092691906,https://openalex.org/A5092691906,Rostyslav Hnatyshyn,https://orcid.org/0009-0006-0510-1152,openalex
A5065885664,https://openalex.org/A5065885664,J. L. Zhao,https://orcid.org/0000-0002-4303-7722,openalex
A5112758059,https://openalex.org/A5112758059,Danny Perez,,openalex
A5000687536,https://openalex.org/A5000687536,James Ahrens,https://orcid.org/0000-0001-9378-282X,openalex
A5100740729,https://openalex.org/A5100740729,Hyeok Kim,https://orcid.org/0000-0003-4340-4470,openalex
A5047556327,https://openalex.org/A5047556327,Daniele Chiappalupi,https://orcid.org/0000-0002-1026-4056,openalex
A5092109868,https://openalex.org/A5092109868,Anna Sterzik,https://orcid.org/0000-0002-0544-5397,openalex
A5004109044,https://openalex.org/A5004109044,Nils Lichtenberg,https://orcid.org/0000-0002-1008-803X,openalex
A5102792847,https://openalex.org/A5102792847,Jana Wilms,https://orcid.org/0009-0003-4078-5287,openalex
A5020400873,https://openalex.org/A5020400873,Douglas W. Cunningham,https://orcid.org/0000-0003-1419-2552,openalex
A5005017697,https://openalex.org/A5005017697,Kai Lawonn,https://orcid.org/0000-0002-1511-4022,openalex
A5044403966,https://openalex.org/A5044403966,Chuhan Shi,https://orcid.org/0000-0002-3370-1626,openalex
A5100653962,https://openalex.org/A5100653962,Weiwei Cui,https://orcid.org/0000-0003-0870-7628,openalex
A5083746484,https://openalex.org/A5083746484,Chengzhong Liu,https://orcid.org/0000-0002-4948-8276,openalex
A5085140104,https://openalex.org/A5085140104,Chengbo Zheng,https://orcid.org/0000-0003-0226-9399,openalex
A5034823616,https://openalex.org/A5034823616,Qiong Luo,https://orcid.org/0000-0002-2861-9492,openalex
A5092645216,https://openalex.org/A5092645216,Nicolas Klenert,https://orcid.org/0009-0006-4443-8620,openalex
A5007652511,https://openalex.org/A5007652511,Verena Lepper,,openalex
A5012693590,https://openalex.org/A5012693590,Daniel Baum,https://orcid.org/0000-0003-1550-7245,openalex
A5059548467,https://openalex.org/A5059548467,Ren Zhong Li,https://orcid.org/0000-0002-6577-036X,openalex
A5101789267,https://openalex.org/A5101789267,Tianqi Song,https://orcid.org/0000-0001-6402-1212,openalex
A5100737034,https://openalex.org/A5100737034,Rui Ding,https://orcid.org/0000-0003-2880-9736,openalex
A5100626225,https://openalex.org/A5100626225,Hong Zhou,https://orcid.org/0000-0002-7550-5033,openalex
A5061676394,https://openalex.org/A5061676394,Florent Cabric,https://orcid.org/0000-0002-9326-9441,openalex
A5046793596,https://openalex.org/A5046793596,Margrét V. Bjarnadóttir,https://orcid.org/0000-0003-2955-1992,openalex
A5058228488,https://openalex.org/A5058228488,Meng Ling,https://orcid.org/0000-0001-6597-5448,openalex
A5044786674,https://openalex.org/A5044786674,Guðbjörg Linda Rafnsdóttir,https://orcid.org/0000-0003-2662-5773,openalex
A5100629376,https://openalex.org/A5100629376,Lin Gao,https://orcid.org/0000-0002-1021-8148,openalex
A5037234614,https://openalex.org/A5037234614,Ziqin Luo,,openalex
A5101536207,https://openalex.org/A5101536207,Haibo Hu,https://orcid.org/0000-0001-8442-5222,openalex
A5065040154,https://openalex.org/A5065040154,Çağatay Turkay,https://orcid.org/0000-0001-6788-251X,openalex
A5033005087,https://openalex.org/A5033005087,Christoph Muehlmann,https://orcid.org/0000-0001-7330-8434,openalex
A5073367627,https://openalex.org/A5073367627,Klaus Nordhausen,https://orcid.org/0000-0002-3758-8501,openalex
A5041191852,https://openalex.org/A5041191852,Peter Filzmoser,https://orcid.org/0000-0002-8014-4682,openalex
A5113745963,https://openalex.org/A5113745963,Yuanzhe Jin,,openalex
A5092513707,https://openalex.org/A5092513707,Tim J. A. De Jong,,openalex
A5022317482,https://openalex.org/A5022317482,Martijn Tennekes,https://orcid.org/0000-0002-6506-9522,openalex
A5100337178,https://openalex.org/A5100337178,Min Chen,https://orcid.org/0000-0001-5320-5729,openalex
A5030148225,https://openalex.org/A5030148225,Luke S. Snyder,,openalex
A5035236941,https://openalex.org/A5035236941,Yifan Cao,https://orcid.org/0000-0002-5892-5052,openalex
A5054816213,https://openalex.org/A5054816213,David R. Bauer,https://orcid.org/0000-0002-1327-3054,openalex
A5100731725,https://openalex.org/A5100731725,Qi Wu,https://orcid.org/0000-0003-0342-9366,openalex
A5072234144,https://openalex.org/A5072234144,Yuanyang Zhong,https://orcid.org/0000-0002-0548-7423,openalex
A5009764187,https://openalex.org/A5009764187,Julius Rauscher,https://orcid.org/0000-0003-1318-9642,openalex
A5019917008,https://openalex.org/A5019917008,Raphael Buchmüller,https://orcid.org/0000-0002-0612-8828,openalex
A5022329659,https://openalex.org/A5022329659,Matthias Miller,https://orcid.org/0000-0002-6281-2173,openalex
A5092795852,https://openalex.org/A5092795852,Anna Scimone,,openalex
A5027930191,https://openalex.org/A5027930191,Zeyuan Huang,https://orcid.org/0000-0002-2639-0487,openalex
A5102881467,https://openalex.org/A5102881467,Qiang He,https://orcid.org/0009-0006-2140-1681,openalex
A5079856131,https://openalex.org/A5079856131,Kevin Maher,https://orcid.org/0000-0002-6486-4866,openalex
A5084660341,https://openalex.org/A5084660341,Xiaoming Deng,https://orcid.org/0000-0001-8576-1201,openalex
A5067850699,https://openalex.org/A5067850699,Yu‐kun Lai,https://orcid.org/0000-0002-2094-5680,openalex
A5108704622,https://openalex.org/A5108704622,Cuixia Ma,https://orcid.org/0000-0003-3999-7429,openalex
A5089336832,https://openalex.org/A5089336832,Shengfeng Qin,https://orcid.org/0000-0001-8538-8136,openalex
A5008076279,https://openalex.org/A5008076279,Yong‐jin Liu,https://orcid.org/0000-0001-5774-1916,openalex
A5013118329,https://openalex.org/A5013118329,Hongan Wang,https://orcid.org/0000-0002-9320-4920,openalex
A5088951387,https://openalex.org/A5088951387,Alexander Straub,https://orcid.org/0000-0002-6749-9710,openalex
A5070679434,https://openalex.org/A5070679434,Nikolaos Karadimitriou,https://orcid.org/0000-0002-9461-6214,openalex
A5087317081,https://openalex.org/A5087317081,Guido Reina,https://orcid.org/0000-0003-4127-1897,openalex
A5052673631,https://openalex.org/A5052673631,Steffen Frey,https://orcid.org/0000-0002-1872-6905,openalex
A5065203565,https://openalex.org/A5065203565,Holger Steeb,https://orcid.org/0000-0001-7602-4920,openalex
A5038629539,https://openalex.org/A5038629539,Thomas Ertl,https://orcid.org/0000-0003-4019-2505,openalex
A5039231102,https://openalex.org/A5039231102,Qiaomu Shen,https://orcid.org/0000-0002-6510-0964,openalex
A5045131102,https://openalex.org/A5045131102,Zhengxin You,https://orcid.org/0000-0002-6152-3513,openalex
A5106729977,https://openalex.org/A5106729977,Xiao Yan,,openalex
A5036565819,https://openalex.org/A5036565819,Chaozu Zhang,https://orcid.org/0000-0003-0361-4529,openalex
A5100665814,https://openalex.org/A5100665814,Ke Xu,https://orcid.org/0000-0003-2587-8517,openalex
A5100456047,https://openalex.org/A5100456047,Dan Zeng,https://orcid.org/0000-0002-9036-7791,openalex
A5048552211,https://openalex.org/A5048552211,Jianbin Qin,https://orcid.org/0000-0002-4298-3215,openalex
A5101455930,https://openalex.org/A5101455930,Bo Tang,https://orcid.org/0000-0001-8424-0092,openalex
A5101808237,https://openalex.org/A5101808237,Jinta Zheng,https://orcid.org/0000-0003-1405-9479,openalex
A5100660431,https://openalex.org/A5100660431,Yiwen Xing,https://orcid.org/0000-0003-1521-6616,openalex
A5019052700,https://openalex.org/A5019052700,Cristina Dondi,https://orcid.org/0000-0001-9478-216X,openalex
A5028328053,https://openalex.org/A5028328053,Alfie Abdul‐rahman,https://orcid.org/0000-0002-6257-876X,openalex
A5047546814,https://openalex.org/A5047546814,Muna Alebri,https://orcid.org/0000-0002-6471-6206,openalex
A5020935970,https://openalex.org/A5020935970,Enrico Costanza,https://orcid.org/0000-0002-1842-8342,openalex
A5052039493,https://openalex.org/A5052039493,Georgia Panagiotidou,https://orcid.org/0000-0003-4408-6371,openalex
A5060335365,https://openalex.org/A5060335365,Duncan P. Brumby,https://orcid.org/0000-0003-2846-2592,openalex
A5092543676,https://openalex.org/A5092543676,Bernhard Pointner,,openalex
A5024772683,https://openalex.org/A5024772683,Nicolas Kruchten,,openalex
A5056211536,https://openalex.org/A5056211536,Michael J. Mcguffin,https://orcid.org/0000-0001-7782-5754,openalex
A5056742721,https://openalex.org/A5056742721,Adeel Zafar,https://orcid.org/0009-0006-3778-0348,openalex
A5031154480,https://openalex.org/A5031154480,Di Yang,https://orcid.org/0000-0002-4702-6393,openalex
A5055426585,https://openalex.org/A5055426585,Guoning Chen,https://orcid.org/0000-0003-0581-6415,openalex
A5034485452,https://openalex.org/A5034485452,Ciril Bohak,https://orcid.org/0000-0002-9015-2897,openalex
A5092498989,https://openalex.org/A5092498989,Bryan Triana,,openalex
A5063887911,https://openalex.org/A5063887911,Tanmay Kotha,,openalex
A5102923390,https://openalex.org/A5102923390,Enrico Bertini,https://orcid.org/0000-0002-9932-0551,openalex
A5074306833,https://openalex.org/A5074306833,Xian Teng,https://orcid.org/0000-0003-2289-2882,openalex
A5040410232,https://openalex.org/A5040410232,Yongsu Ahn,https://orcid.org/0000-0002-5797-5445,openalex
A5042159546,https://openalex.org/A5042159546,Yu‐ru Lin,https://orcid.org/0000-0002-8497-3015,openalex
A5063667052,https://openalex.org/A5063667052,Chenglong Wang,https://orcid.org/0000-0002-5933-6620,openalex
A5061223874,https://openalex.org/A5061223874,J. Thompson,https://orcid.org/0000-0002-3102-4035,openalex
A5026193206,https://openalex.org/A5026193206,Suphanut Jamonnak,https://orcid.org/0000-0003-4707-8529,openalex
A5103168454,https://openalex.org/A5103168454,Jiajing Guo,https://orcid.org/0000-0002-7977-7511,openalex
A5091314206,https://openalex.org/A5091314206,Wenbin He,https://orcid.org/0000-0002-5376-5803,openalex
A5103084682,https://openalex.org/A5103084682,Liang Gou,https://orcid.org/0009-0006-9138-3351,openalex
A5103725392,https://openalex.org/A5103725392,Liu Ren,,openalex
A5113038657,https://openalex.org/A5113038657,Shaoxuan Lai,,openalex
A5036177770,https://openalex.org/A5036177770,Wanna Luan,,openalex
A5038750002,https://openalex.org/A5038750002,Jun Tao,https://orcid.org/0000-0003-0610-4305,openalex
A5053136336,https://openalex.org/A5053136336,Monique Meuschke,https://orcid.org/0000-0001-9098-504X,openalex
A5023863402,https://openalex.org/A5023863402,Max Piochowiak,https://orcid.org/0000-0003-1980-6146,openalex
A5026357260,https://openalex.org/A5026357260,Carsten Dachsbacher,https://orcid.org/0000-0003-4690-3574,openalex
A5035492125,https://openalex.org/A5035492125,Ignacio Pérez Messina,https://orcid.org/0009-0006-4440-9977,openalex
A5052364420,https://openalex.org/A5052364420,S Nowak,https://orcid.org/0009-0005-0990-9629,openalex
A5084098357,https://openalex.org/A5084098357,Lyn Bartram,https://orcid.org/0000-0002-7302-7365,openalex
A5024614585,https://openalex.org/A5024614585,Jonas Lukasczyk,https://orcid.org/0000-0001-6650-770X,openalex
A5005238300,https://openalex.org/A5005238300,Michael R. Will,https://orcid.org/0009-0007-1344-3694,openalex
A5101619976,https://openalex.org/A5101619976,Mingxu Zhou,https://orcid.org/0009-0002-8479-2844,openalex
A5066119149,https://openalex.org/A5066119149,Eric Newburger,https://orcid.org/0000-0001-8777-0363,openalex
A5044186469,https://openalex.org/A5044186469,Egzon Miftari,,openalex
A5056788018,https://openalex.org/A5056788018,Daniel Durstewitz,https://orcid.org/0000-0002-9340-3786,openalex
A5011941798,https://openalex.org/A5011941798,Filip Sadlo,https://orcid.org/0000-0002-8949-8452,openalex
A5079986783,https://openalex.org/A5079986783,Jiazhi Xia,https://orcid.org/0000-0003-4629-6268,openalex
A5040707287,https://openalex.org/A5040707287,Linquan Huang,,openalex
A5101335345,https://openalex.org/A5101335345,Yiping Sun,,openalex
A5101529579,https://openalex.org/A5101529579,Zhiwei Deng,https://orcid.org/0000-0003-4536-293X,openalex
A5080765061,https://openalex.org/A5080765061,Xiaolong Zhang,https://orcid.org/0000-0002-6828-4930,openalex
A5022262779,https://openalex.org/A5022262779,Suzanna Maria Bonnet,https://orcid.org/0000-0002-3539-157X,openalex
A5008722474,https://openalex.org/A5008722474,Márcio Cataldi,https://orcid.org/0000-0001-9769-0105,openalex
A5084459196,https://openalex.org/A5084459196,Hendrik Strobelt,https://orcid.org/0000-0002-8995-1683,openalex
A5056219662,https://openalex.org/A5056219662,Albert Webson,,openalex
A5049805631,https://openalex.org/A5049805631,Victor Sanh,,openalex
A5069794837,https://openalex.org/A5069794837,Benjamin Hoover,https://orcid.org/0000-0001-5218-3185,openalex
A5062546146,https://openalex.org/A5062546146,Alexander M. Rush,https://orcid.org/0000-0002-9900-1606,openalex
A5088494328,https://openalex.org/A5088494328,Euan Freeman,https://orcid.org/0000-0002-6586-6951,openalex
A5015367289,https://openalex.org/A5015367289,Saiful Khan,https://orcid.org/0000-0002-6796-5670,openalex
A5110816930,https://openalex.org/A5110816930,Yulei Fan,,openalex
A5049086940,https://openalex.org/A5049086940,Kexin Huang,https://orcid.org/0000-0001-6693-8390,openalex
A5037842761,https://openalex.org/A5037842761,Payal Chandak,https://orcid.org/0000-0003-1097-803X,openalex
A5086052373,https://openalex.org/A5086052373,Marinka Žitnik,https://orcid.org/0000-0001-8530-7228,openalex
A5040739360,https://openalex.org/A5040739360,Elsie Lee Robbins,https://orcid.org/0000-0002-4080-6506,openalex
A5064931337,https://openalex.org/A5064931337,Eytan Adar,https://orcid.org/0000-0003-1911-836X,openalex
A5025165533,https://openalex.org/A5025165533,Zhitao Hou,https://orcid.org/0000-0002-5335-748X,openalex
A5004225142,https://openalex.org/A5004225142,Tongshuang Wu,https://orcid.org/0000-0003-1630-0588,openalex
A5100365355,https://openalex.org/A5100365355,Jiaqi Wang,https://orcid.org/0000-0002-1708-3573,openalex
A5036072216,https://openalex.org/A5036072216,He Huang,https://orcid.org/0000-0001-5581-1423,openalex
A5100331488,https://openalex.org/A5100331488,Dongmei Zhang,https://orcid.org/0000-0002-9230-2799,openalex
A5075846286,https://openalex.org/A5075846286,Bhavya Ghai,https://orcid.org/0000-0003-3932-1525,openalex
A5070670810,https://openalex.org/A5070670810,Klaus Mueller,https://orcid.org/0000-0002-0996-8590,openalex
A5100419419,https://openalex.org/A5100419419,Xiaoyu Zhang,https://orcid.org/0000-0002-8057-3997,openalex
A5051400014,https://openalex.org/A5051400014,Jorge Piazentin Ono,https://orcid.org/0000-0002-2424-0186,openalex
A5101697214,https://openalex.org/A5101697214,Huan Song,https://orcid.org/0000-0002-9639-9962,openalex
A5046158024,https://openalex.org/A5046158024,Haihan Lin,https://orcid.org/0000-0001-9201-2268,openalex
A5102025383,https://openalex.org/A5102025383,Yuchen Yang,https://orcid.org/0000-0002-6866-1409,openalex
A5108821109,https://openalex.org/A5108821109,Yingcai Wu,,openalex
A5071560359,https://openalex.org/A5071560359,Ying Zhao,https://orcid.org/0000-0002-4200-5200,openalex
A5025602204,https://openalex.org/A5025602204,Luhao Ge,https://orcid.org/0000-0002-6221-2530,openalex
A5002135895,https://openalex.org/A5002135895,Huixuan Xie,https://orcid.org/0000-0002-0578-8373,openalex
A5071662958,https://openalex.org/A5071662958,Genghuai Bai,,openalex
A5100423029,https://openalex.org/A5100423029,Zhao Zhang,https://orcid.org/0000-0002-5703-7969,openalex
A5100366946,https://openalex.org/A5100366946,Qiang Wei,https://orcid.org/0000-0002-0591-0236,openalex
A5100778980,https://openalex.org/A5100778980,Yun Lin,https://orcid.org/0000-0002-4002-1282,openalex
A5115500957,https://openalex.org/A5115500957,Yuchao Liu,https://orcid.org/0009-0009-9368-4483,openalex
A5100736732,https://openalex.org/A5100736732,Fangfang Zhou,https://orcid.org/0000-0002-4760-0551,openalex
A5058676844,https://openalex.org/A5058676844,S. Sandra Bae,https://orcid.org/0000-0002-2023-6219,openalex
A5028658741,https://openalex.org/A5028658741,Rishi Vanukuru,https://orcid.org/0000-0001-8154-3004,openalex
A5064504410,https://openalex.org/A5064504410,Ruhan Yang,https://orcid.org/0000-0001-9689-0877,openalex
A5049607294,https://openalex.org/A5049607294,Peter Gyory,https://orcid.org/0000-0003-2345-4825,openalex
A5013743493,https://openalex.org/A5013743493,Ran Zhou,https://orcid.org/0000-0002-5309-056X,openalex
A5057053812,https://openalex.org/A5057053812,Jinbin Huang,https://orcid.org/0000-0002-8238-5439,openalex
A5101510653,https://openalex.org/A5101510653,Aditi Mishra,https://orcid.org/0000-0003-0982-7277,openalex
A5011021659,https://openalex.org/A5011021659,Bridget Cogley,https://orcid.org/0009-0002-0125-5171,openalex
A5080248408,https://openalex.org/A5080248408,Jonathan Zong,https://orcid.org/0000-0003-4811-4624,openalex
A5088482365,https://openalex.org/A5088482365,Josh Pollock,,openalex
A5026059050,https://openalex.org/A5026059050,Qisen Yang,https://orcid.org/0000-0002-8378-735X,openalex
A5016819583,https://openalex.org/A5016819583,Haijun Xia,https://orcid.org/0000-0002-9425-0881,openalex
A5037162594,https://openalex.org/A5037162594,Yixuan Zhang,https://orcid.org/0000-0002-7412-4669,openalex
A5041025969,https://openalex.org/A5041025969,Yifan Sun,https://orcid.org/0000-0003-3532-6521,openalex
A5039790178,https://openalex.org/A5039790178,Joseph D Gaggiano,https://orcid.org/0000-0002-9740-4989,openalex
A5103234063,https://openalex.org/A5103234063,Neha Kumar,https://orcid.org/0000-0002-8722-6920,openalex
A5078526118,https://openalex.org/A5078526118,Clio Andris,https://orcid.org/0000-0002-8559-5079,openalex
A5011902450,https://openalex.org/A5011902450,Andrea G. Parker,https://orcid.org/0000-0002-2362-7717,openalex
A5063485695,https://openalex.org/A5063485695,Weixing Lin,https://orcid.org/0000-0002-4565-9007,openalex
A5003662421,https://openalex.org/A5003662421,Xin Zhao,https://orcid.org/0000-0002-7660-9897,openalex
A5013863229,https://openalex.org/A5013863229,Jing Wu,https://orcid.org/0000-0001-5123-9861,openalex
A5100350400,https://openalex.org/A5100350400,Yang Chen,https://orcid.org/0000-0002-1225-9875,openalex
A5084668442,https://openalex.org/A5084668442,Yea‐seul Kim,https://orcid.org/0000-0003-1854-1537,openalex
A5025307131,https://openalex.org/A5025307131,Wai Tong,https://orcid.org/0000-0001-9235-6095,openalex
A5103213401,https://openalex.org/A5103213401,Lin Ping Yuan,https://orcid.org/0000-0001-6268-1583,openalex
A5013424156,https://openalex.org/A5013424156,Luoxuan Weng,https://orcid.org/0000-0003-4350-9141,openalex
A5006364919,https://openalex.org/A5006364919,Spencer C. Castro,https://orcid.org/0000-0003-1394-0184,openalex
A5011301944,https://openalex.org/A5011301944,Donald Bertucci,https://orcid.org/0000-0002-2726-4108,openalex
A5080200184,https://openalex.org/A5080200184,Md Montaser Hamid,,openalex
A5025188737,https://openalex.org/A5025188737,Yashwanthi Anand,,openalex
A5078997509,https://openalex.org/A5078997509,Anita Ruangrotsakun,https://orcid.org/0000-0001-7473-6166,openalex
A5047976541,https://openalex.org/A5047976541,Delyar Tabatabai,,openalex
A5105938577,https://openalex.org/A5105938577,Melissa Perez,,openalex
A5100645160,https://openalex.org/A5100645160,Yihong Wu,https://orcid.org/0000-0002-4905-2501,openalex
A5101881825,https://openalex.org/A5101881825,Jie Xu,https://orcid.org/0000-0001-8712-7423,openalex
A5050252059,https://openalex.org/A5050252059,Hongzeng Zhang,,openalex
A5100383827,https://openalex.org/A5100383827,Pei Liu,https://orcid.org/0000-0002-3795-6140,openalex
A5006811000,https://openalex.org/A5006811000,Siji Chen,https://orcid.org/0000-0003-1984-9023,openalex
A5069933365,https://openalex.org/A5069933365,Mengdi Sun,,openalex
A5041828460,https://openalex.org/A5041828460,Arvind Kumar Shekar,https://orcid.org/0000-0002-5853-5310,openalex
A5089966552,https://openalex.org/A5089966552,Farooq Naeem,https://orcid.org/0000-0003-4760-4840,openalex
A5012113499,https://openalex.org/A5012113499,Michael Brudno,https://orcid.org/0000-0001-7947-2243,openalex
A5014019199,https://openalex.org/A5014019199,Moataz Abdelaal,https://orcid.org/0000-0003-4630-7916,openalex
A5005159159,https://openalex.org/A5005159159,Nathan Daniel Schiele,https://orcid.org/0000-0003-1186-1503,openalex
A5047790910,https://openalex.org/A5047790910,Katrin Angerbauer,https://orcid.org/0000-0002-1126-5288,openalex
A5058196703,https://openalex.org/A5058196703,Kuno Kurzhals,https://orcid.org/0000-0003-4919-4582,openalex
A5002860804,https://openalex.org/A5002860804,Fabian Sperrle,https://orcid.org/0000-0002-2416-8639,openalex
A5101602915,https://openalex.org/A5101602915,Ji Ma,https://orcid.org/0000-0002-9018-4047,openalex
A5103119505,https://openalex.org/A5103119505,Kangping Hu,https://orcid.org/0000-0002-2446-6927,openalex
A5047899161,https://openalex.org/A5047899161,Zheng Zhou,https://orcid.org/0000-0002-6319-942X,openalex
A5008588842,https://openalex.org/A5008588842,Rongchen Zhu,https://orcid.org/0000-0002-8379-5579,openalex
A5036139759,https://openalex.org/A5036139759,Peter Xenopoulos,https://orcid.org/0000-0001-8594-3400,openalex
A5071156124,https://openalex.org/A5071156124,Brian Barr,https://orcid.org/0000-0002-4424-3448,openalex
A5100441705,https://openalex.org/A5100441705,Wei Zhang,https://orcid.org/0000-0002-8321-4607,openalex
A5038782529,https://openalex.org/A5038782529,Xumeng Wang,,openalex
A5016877550,https://openalex.org/A5016877550,Youcheng Gong,,openalex
A5100645223,https://openalex.org/A5100645223,Kai Liu,https://orcid.org/0000-0002-1556-1068,openalex
A5007130586,https://openalex.org/A5007130586,Zihan Yan,https://orcid.org/0000-0001-5298-4839,openalex
A5101509953,https://openalex.org/A5101509953,Xiyuan Wang,https://orcid.org/0000-0002-2639-076X,openalex
A5022661649,https://openalex.org/A5022661649,Chuyi Zhao,https://orcid.org/0000-0001-5850-9246,openalex
A5091162922,https://openalex.org/A5091162922,Yijing Ren,https://orcid.org/0000-0002-2585-9730,openalex
A5100425850,https://openalex.org/A5100425850,Tianyu Zhang,https://orcid.org/0000-0002-3908-7962,openalex
A5081718999,https://openalex.org/A5081718999,Zhenhui Peng,https://orcid.org/0000-0002-5700-3136,openalex
A5038844127,https://openalex.org/A5038844127,Jiehui Zhou,https://orcid.org/0000-0003-0709-775X,openalex
A5069363449,https://openalex.org/A5069363449,Xumeng Wang,,openalex
A5048805931,https://openalex.org/A5048805931,Huanliang Wang,https://orcid.org/0000-0002-0109-5473,openalex
A5100735999,https://openalex.org/A5100735999,Zhongwei Wang,https://orcid.org/0000-0001-8559-9478,openalex
A5101484305,https://openalex.org/A5101484305,Xiaoyu Yang,https://orcid.org/0000-0003-4059-8177,openalex
A5026380797,https://openalex.org/A5026380797,Xiaoran Yan,https://orcid.org/0000-0003-3481-1832,openalex
A5001954632,https://openalex.org/A5001954632,Haozhe Feng,https://orcid.org/0000-0002-5900-356X,openalex
A5007571956,https://openalex.org/A5007571956,Haochao Ying,https://orcid.org/0000-0001-7832-2518,openalex
A5017066674,https://openalex.org/A5017066674,David Bauer,,openalex
A5100443473,https://openalex.org/A5100443473,Yixuan Li,https://orcid.org/0000-0002-3327-8522,openalex
A5112234773,https://openalex.org/A5112234773,Yusheng Qi,,openalex
A5056438986,https://openalex.org/A5056438986,Arjun Srinivasan,https://orcid.org/0000-0001-8901-1256,openalex
A5073188354,https://openalex.org/A5073188354,Aditeya Pandey,https://orcid.org/0000-0003-3216-9997,openalex
A5088457703,https://openalex.org/A5088457703,Yanwei Huang,https://orcid.org/0009-0001-9453-7815,openalex
A5032108833,https://openalex.org/A5032108833,Jiayi Zhou,https://orcid.org/0000-0003-4669-4872,openalex
A5015625058,https://openalex.org/A5015625058,Guodao Sun,https://orcid.org/0000-0002-8383-8153,openalex
A5052337056,https://openalex.org/A5052337056,Robert Krueger,https://orcid.org/0000-0002-6468-8356,openalex
A5080075412,https://openalex.org/A5080075412,Ajit J. Nirmal,https://orcid.org/0000-0003-4139-0618,openalex
A5001281792,https://openalex.org/A5001281792,Giorgio Gaglia,https://orcid.org/0000-0002-5179-4256,openalex
A5071994103,https://openalex.org/A5071994103,J. M. Jessup,https://orcid.org/0000-0003-1356-4510,openalex
A5054613619,https://openalex.org/A5054613619,Cecily C. Ritch,https://orcid.org/0000-0001-7651-0419,openalex
A5020800648,https://openalex.org/A5020800648,John Hoffer,https://orcid.org/0000-0002-5877-4266,openalex
A5008170279,https://openalex.org/A5008170279,Jeremy L. Muhlich,https://orcid.org/0000-0002-0811-637X,openalex
A5016945493,https://openalex.org/A5016945493,Megan L. Burger,https://orcid.org/0000-0003-4880-7260,openalex
A5071936673,https://openalex.org/A5071936673,Tyler Jacks,https://orcid.org/0000-0001-5785-8911,openalex
A5010234110,https://openalex.org/A5010234110,Sandro Santagata,https://orcid.org/0000-0002-7528-9668,openalex
A5056201973,https://openalex.org/A5056201973,Prateek Mantri,,openalex
A5052149154,https://openalex.org/A5052149154,Audrey L. Michal,https://orcid.org/0000-0002-4922-6698,openalex
A5114214215,https://openalex.org/A5114214215,Jieying Huang,,openalex
A5008757533,https://openalex.org/A5008757533,Xi Yang,https://orcid.org/0000-0001-9835-3514,openalex
A5102773366,https://openalex.org/A5102773366,Junnan Hu,https://orcid.org/0000-0001-9481-896X,openalex
A5101829011,https://openalex.org/A5101829011,Jun Tao,https://orcid.org/0000-0003-4247-3490,openalex
A5048755737,https://openalex.org/A5048755737,Melissa A. Schoenlein,https://orcid.org/0000-0003-1763-4547,openalex
A5018563685,https://openalex.org/A5018563685,Johnny Campos,,openalex
A5064977849,https://openalex.org/A5064977849,Kevin J. Lande,https://orcid.org/0000-0002-9543-7787,openalex
A5016674253,https://openalex.org/A5016674253,Laurent Lessard,https://orcid.org/0000-0001-5389-9361,openalex
A5050640461,https://openalex.org/A5050640461,Karen B. Schloss,https://orcid.org/0000-0003-4833-4117,openalex
A5065943691,https://openalex.org/A5065943691,Michelle A. Borkin,https://orcid.org/0000-0002-8016-355X,openalex
A5043672607,https://openalex.org/A5043672607,Raimund Dachselt,https://orcid.org/0000-0002-2176-876X,openalex
A5072551350,https://openalex.org/A5072551350,Sayef Azad Sakin,https://orcid.org/0009-0000-4200-0453,openalex
A5085246385,https://openalex.org/A5085246385,Alex Bigelow,https://orcid.org/0000-0002-4593-2675,openalex
A5034116814,https://openalex.org/A5034116814,Rezaei Tohid,,openalex
A5062963076,https://openalex.org/A5062963076,Connor Scully Allison,https://orcid.org/0000-0002-5990-6179,openalex
A5035997603,https://openalex.org/A5035997603,Carlos Scheidegger,https://orcid.org/0009-0006-9163-6136,openalex
A5048367091,https://openalex.org/A5048367091,Steven R. Brandt,,openalex
A5100603617,https://openalex.org/A5100603617,C. C. W. Taylor,https://orcid.org/0000-0001-7119-818X,openalex
A5104385228,https://openalex.org/A5104385228,Kevin Huck,https://orcid.org/0000-0001-7064-8417,openalex
A5051320432,https://openalex.org/A5051320432,Hartmut Kaiser,https://orcid.org/0000-0002-8712-2806,openalex
A5027901813,https://openalex.org/A5027901813,Runfei Li,,openalex
A5114500326,https://openalex.org/A5114500326,Zicheng Wang,https://orcid.org/0000-0002-4286-5120,openalex
A5010444353,https://openalex.org/A5010444353,Min Lü,,openalex
A5049166156,https://openalex.org/A5049166156,Abhraneel Sarma,https://orcid.org/0000-0002-1408-4511,openalex
A5073516753,https://openalex.org/A5073516753,Fan Du,https://orcid.org/0000-0002-4383-8888,openalex
A5058364844,https://openalex.org/A5058364844,Siwei Fu,https://orcid.org/0000-0001-8329-2448,openalex
A5057416382,https://openalex.org/A5057416382,Yongheng Wang,https://orcid.org/0000-0002-7675-2327,openalex
A5026203914,https://openalex.org/A5026203914,Seungmin Jin,https://orcid.org/0000-0002-8242-6157,openalex
A5061990452,https://openalex.org/A5061990452,Cheonbok Park,,openalex
A5073389678,https://openalex.org/A5073389678,Hyeshin Chu,,openalex
A5019264369,https://openalex.org/A5019264369,Yunwon Tae,https://orcid.org/0000-0002-3845-592X,openalex
A5047912015,https://openalex.org/A5047912015,Jaegul Choo,https://orcid.org/0000-0003-1071-4835,openalex
A5014635198,https://openalex.org/A5014635198,Rita Sevastjanova,https://orcid.org/0000-0002-2629-9579,openalex
A5065218054,https://openalex.org/A5065218054,Eren Cakmak,https://orcid.org/0000-0002-1812-2271,openalex
A5072633418,https://openalex.org/A5072633418,Shauli Ravfogel,,openalex
A5061951606,https://openalex.org/A5061951606,Ryan Cotterell,https://orcid.org/0000-0003-4080-1833,openalex
A5046653731,https://openalex.org/A5046653731,Shaolun Ruan,https://orcid.org/0000-0002-6163-9786,openalex
A5100424394,https://openalex.org/A5100424394,Yong Wang,https://orcid.org/0000-0002-0092-0793,openalex
A5019027088,https://openalex.org/A5019027088,Weiwen Jiang,https://orcid.org/0000-0002-9004-487X,openalex
A5013723403,https://openalex.org/A5013723403,Ying Mao,https://orcid.org/0000-0002-4484-4892,openalex
A5102787759,https://openalex.org/A5102787759,Qiang Guan,https://orcid.org/0000-0002-3804-8945,openalex
A5026243783,https://openalex.org/A5026243783,Jiang Wu,https://orcid.org/0000-0002-6548-9551,openalex
A5015338144,https://openalex.org/A5015338144,Zhilan Zhou,https://orcid.org/0000-0003-1236-1287,openalex
A5022579345,https://openalex.org/A5022579345,Mengtian Guo,https://orcid.org/0000-0002-9299-7594,openalex
A5100371984,https://openalex.org/A5100371984,Yue Wang,https://orcid.org/0000-0002-0278-2347,openalex
A5053222363,https://openalex.org/A5053222363,Ligan Cai,,openalex
A5101922351,https://openalex.org/A5101922351,Ameya Patil,https://orcid.org/0000-0002-9743-4264,openalex
A5040197934,https://openalex.org/A5040197934,Gaëlle Richer,https://orcid.org/0000-0002-7556-1668,openalex
A5109437922,https://openalex.org/A5109437922,Christopher Jermaine,,openalex
A5060725233,https://openalex.org/A5060725233,Jean‐daniel Fekete,https://orcid.org/0000-0003-3770-8726,openalex
A5101751664,https://openalex.org/A5101751664,Tian Gao,https://orcid.org/0000-0002-6987-5046,openalex
A5062642598,https://openalex.org/A5062642598,Jie Li,https://orcid.org/0000-0001-6511-4090,openalex
A5007902165,https://openalex.org/A5007902165,Chun Qi Zhou,,openalex
A5074749667,https://openalex.org/A5074749667,Vanessa Serrano,https://orcid.org/0000-0001-6572-0680,openalex
A5021538869,https://openalex.org/A5021538869,James Scott Brown,https://orcid.org/0000-0001-5642-8346,openalex
A5030084361,https://openalex.org/A5030084361,Catherine Plaisant,https://orcid.org/0000-0003-4049-5848,openalex
A5113879802,https://openalex.org/A5113879802,Roberta Cabral Mota,,openalex
A5063552978,https://openalex.org/A5063552978,Julio Daniel Silva,,openalex
A5065165477,https://openalex.org/A5065165477,Marius Horga,https://orcid.org/0000-0001-9602-5971,openalex
A5007804127,https://openalex.org/A5007804127,Luis Ceferino,https://orcid.org/0000-0003-0322-7510,openalex
A5044649257,https://openalex.org/A5044649257,Ehud Sharlin,https://orcid.org/0000-0003-3881-2840,openalex
A5084296353,https://openalex.org/A5084296353,Peter Rottmann,https://orcid.org/0000-0003-3926-4938,openalex
A5061113615,https://openalex.org/A5061113615,Annika Bonerath,https://orcid.org/0000-0002-8427-3246,openalex
A5059755187,https://openalex.org/A5059755187,Sven Gedicke,https://orcid.org/0000-0002-5416-3564,openalex
A5071390048,https://openalex.org/A5071390048,Martin Nöllenburg,https://orcid.org/0000-0003-0454-3937,openalex
A5049298894,https://openalex.org/A5049298894,Jan‐henrik Haunert,https://orcid.org/0000-0001-8005-943X,openalex
A5021536221,https://openalex.org/A5021536221,Cristina Morariu,,openalex
A5041337919,https://openalex.org/A5041337919,Adrien Bibal,https://orcid.org/0000-0002-8650-8635,openalex
A5021098427,https://openalex.org/A5021098427,René Cutura,https://orcid.org/0000-0003-0395-2448,openalex
A5009919848,https://openalex.org/A5009919848,Benoît Frénay‬,https://orcid.org/0000-0002-7859-2750,openalex
A5079152739,https://openalex.org/A5079152739,Houda Lamqaddam,https://orcid.org/0000-0001-6738-1934,openalex
A5066384533,https://openalex.org/A5066384533,Jeroen Poblome,https://orcid.org/0000-0002-7403-1921,openalex
A5085957643,https://openalex.org/A5085957643,Koenraad Brosens,https://orcid.org/0000-0002-4335-6512,openalex
A5076331387,https://openalex.org/A5076331387,Katrien Verbert,https://orcid.org/0000-0001-6699-7710,openalex
A5087960974,https://openalex.org/A5087960974,Andrew Vande Moere,https://orcid.org/0000-0002-0085-4941,openalex
A5018089019,https://openalex.org/A5018089019,Jim Smiley,https://orcid.org/0000-0003-3492-6453,openalex
A5004271027,https://openalex.org/A5004271027,Hongtao Hao,https://orcid.org/0000-0002-3194-9054,openalex
A5066479023,https://openalex.org/A5066479023,Yumian Cui,,openalex
A5077410212,https://openalex.org/A5077410212,Zhengxiang Wang,https://orcid.org/0000-0003-0274-4639,openalex
A5061106600,https://openalex.org/A5061106600,Manuela Waldner,https://orcid.org/0000-0003-1387-5132,openalex
A5025152279,https://openalex.org/A5025152279,Sérgio M. Marques,https://orcid.org/0000-0002-6281-7505,openalex
A5003693498,https://openalex.org/A5003693498,David Bednář,https://orcid.org/0000-0002-6803-0340,openalex
A5000944164,https://openalex.org/A5000944164,Jun Yuan,https://orcid.org/0000-0002-8160-6383,openalex
A5107904995,https://openalex.org/A5107904995,Mengchen Liu,,openalex
A5088762006,https://openalex.org/A5088762006,Brian Bollen,,openalex
A5031030297,https://openalex.org/A5031030297,Pasindu Tennakoon,,openalex
A5069573218,https://openalex.org/A5069573218,Foroozan Daneshzand,https://orcid.org/0009-0001-8395-8948,openalex
A5048635200,https://openalex.org/A5048635200,Anjul Tyagi,https://orcid.org/0000-0003-3822-124X,openalex
A5084430026,https://openalex.org/A5084430026,Shuhan Liu,https://orcid.org/0000-0002-6627-4843,openalex
A5082534076,https://openalex.org/A5082534076,Yuan Tian,https://orcid.org/0000-0002-5508-4382,openalex
A5073352990,https://openalex.org/A5073352990,Haoran Xu,https://orcid.org/0009-0005-4190-5257,openalex
A5100632826,https://openalex.org/A5100632826,Xiangyu Zhu,https://orcid.org/0000-0003-1098-4069,openalex
A5018729965,https://openalex.org/A5018729965,Honglei Yin,https://orcid.org/0009-0001-8120-3664,openalex
A5052921346,https://openalex.org/A5052921346,Xianyuan Zhan,https://orcid.org/0000-0002-3683-0554,openalex
A5089272942,https://openalex.org/A5089272942,Sudhanshu Sane,https://orcid.org/0000-0001-9789-380X,openalex
A5017999955,https://openalex.org/A5017999955,Uğur Güdükbay,https://orcid.org/0000-0003-2462-6959,openalex
A5039910512,https://openalex.org/A5039910512,Ingo Wald,https://orcid.org/0000-0003-0046-713X,openalex
A5086065061,https://openalex.org/A5086065061,Mark S. Keller,https://orcid.org/0000-0003-3003-874X,openalex
A5071444700,https://openalex.org/A5071444700,Xiangtong Chu,,openalex
A5100786691,https://openalex.org/A5100786691,Kang Li,https://orcid.org/0000-0001-6218-5715,openalex
A5019308509,https://openalex.org/A5019308509,Juntong Luo,,openalex
A5106406705,https://openalex.org/A5106406705,Yi Li,https://orcid.org/0009-0009-3097-8273,openalex
A5050842662,https://openalex.org/A5050842662,Guohua Geng,https://orcid.org/0000-0002-4234-2119,openalex
A5084870136,https://openalex.org/A5084870136,Mingliang Xue,https://orcid.org/0000-0001-8842-1667,openalex
A5100376370,https://openalex.org/A5100376370,Zhi Wang,https://orcid.org/0000-0001-8315-3501,openalex
A5056898219,https://openalex.org/A5056898219,Fahai Zhong,https://orcid.org/0000-0002-0971-0821,openalex
A5100758732,https://openalex.org/A5100758732,Haipeng Zhang,https://orcid.org/0000-0001-5741-2311,openalex
A5069141892,https://openalex.org/A5069141892,Suting Hong,https://orcid.org/0000-0001-6329-6265,openalex
A5064127720,https://openalex.org/A5064127720,Jeremy E. Block,https://orcid.org/0000-0003-1626-9074,openalex
A5010266335,https://openalex.org/A5010266335,Shaghayegh Esmaeili,https://orcid.org/0000-0002-1547-2700,openalex
A5090930182,https://openalex.org/A5090930182,Eric D. Ragan,https://orcid.org/0000-0002-7192-3457,openalex
A5003251468,https://openalex.org/A5003251468,John R. Goodall,https://orcid.org/0000-0001-6810-4517,openalex
A5056413615,https://openalex.org/A5056413615,Gregory D. Richardson,https://orcid.org/0000-0002-2200-9386,openalex
A5013892799,https://openalex.org/A5013892799,Ruizhen Hu,https://orcid.org/0000-0002-6798-0336,openalex
A5101921643,https://openalex.org/A5101921643,Ziqi Ye,https://orcid.org/0000-0001-5037-595X,openalex
A5100670084,https://openalex.org/A5100670084,Bin Chen,https://orcid.org/0000-0003-1208-6676,openalex
A5067529252,https://openalex.org/A5067529252,Oliver Van Kaick,https://orcid.org/0000-0001-9869-6832,openalex
A5034304352,https://openalex.org/A5034304352,Hui Huang,https://orcid.org/0000-0003-3212-0544,openalex
A5061338315,https://openalex.org/A5061338315,Golina Hulstein,,openalex
A5047572210,https://openalex.org/A5047572210,Vanessa Peña Araya,https://orcid.org/0000-0003-0503-3509,openalex
A5109366152,https://openalex.org/A5109366152,Goran Todorović,,openalex
A5019457723,https://openalex.org/A5019457723,Stanislav Goja,,openalex
A5063379704,https://openalex.org/A5063379704,Boris Bedic,,openalex
A5061817648,https://openalex.org/A5061817648,Cláudio D. G. Linhares,https://orcid.org/0000-0001-7012-4461,openalex
A5008364265,https://openalex.org/A5008364265,Jean R. Ponciano,https://orcid.org/0000-0003-4629-3542,openalex
A5001451897,https://openalex.org/A5001451897,Diogenes S. Pedro,https://orcid.org/0000-0003-0956-9108,openalex
A5032045555,https://openalex.org/A5032045555,Luis E. C. Rocha,https://orcid.org/0000-0001-9046-8739,openalex
A5014783020,https://openalex.org/A5014783020,Agma J. M. Traina,https://orcid.org/0000-0003-4929-7258,openalex
A5029317616,https://openalex.org/A5029317616,Jorge Poco,https://orcid.org/0000-0001-9096-6287,openalex
A5050252486,https://openalex.org/A5050252486,Sunwoo Ha,https://orcid.org/0000-0003-4205-3912,openalex
A5040019133,https://openalex.org/A5040019133,Shayan Monadjemi,https://orcid.org/0000-0002-9385-5969,openalex
A5017894606,https://openalex.org/A5017894606,Roman Garnett,https://orcid.org/0000-0002-0152-5453,openalex
A5083806955,https://openalex.org/A5083806955,Alvitta Ottley,https://orcid.org/0000-0002-9485-276X,openalex
A5100455066,https://openalex.org/A5100455066,Zeyu Li,https://orcid.org/0000-0002-3379-8456,openalex
A5044360639,https://openalex.org/A5044360639,Ruizhi Shi,https://orcid.org/0000-0002-4234-8502,openalex
A5100351175,https://openalex.org/A5100351175,Yan Liu,https://orcid.org/0000-0003-4242-4840,openalex
A5085286384,https://openalex.org/A5085286384,Shizhuo Long,,openalex
A5102981924,https://openalex.org/A5102981924,Ziheng Guo,https://orcid.org/0000-0002-2879-0214,openalex
A5033746662,https://openalex.org/A5033746662,Shichao Jia,https://orcid.org/0000-0001-6876-9180,openalex
A5086311840,https://openalex.org/A5086311840,Jiawan Zhang,https://orcid.org/0000-0002-0667-6744,openalex
A5080503099,https://openalex.org/A5080503099,Melissa E. Swift,https://orcid.org/0000-0003-3955-0950,openalex
A5015510100,https://openalex.org/A5015510100,Wyatt Ayers,,openalex
A5032314866,https://openalex.org/A5032314866,Sophie Pallanck,,openalex
A5013922391,https://openalex.org/A5013922391,Scott Wehrwein,https://orcid.org/0000-0002-1199-0412,openalex
A5040374842,https://openalex.org/A5040374842,Tim Krake,https://orcid.org/0009-0004-7084-3633,openalex
A5062939867,https://openalex.org/A5062939867,Daniel Klötzl,https://orcid.org/0000-0002-4222-3320,openalex
A5022425320,https://openalex.org/A5022425320,Bernhard Eberhardt,https://orcid.org/0000-0001-6428-4610,openalex
A5052608937,https://openalex.org/A5052608937,David Hägele,https://orcid.org/0000-0002-2679-6882,openalex
A5000371948,https://openalex.org/A5000371948,Benjamin Russig,https://orcid.org/0009-0008-7724-7868,openalex
A5097080945,https://openalex.org/A5097080945,David Grab,,openalex
A5000173125,https://openalex.org/A5000173125,Stefan Gumhold,https://orcid.org/0000-0003-2467-5734,openalex
A5001469241,https://openalex.org/A5001469241,Wiebke Koepp,https://orcid.org/0000-0002-3234-9368,openalex
A5082234726,https://openalex.org/A5082234726,Tino Weinkauf,https://orcid.org/0000-0002-1498-9062,openalex
A5027334086,https://openalex.org/A5027334086,Andrea Pinceti,https://orcid.org/0000-0003-4319-512X,openalex
A5065366998,https://openalex.org/A5065366998,Lalitha Sankar,https://orcid.org/0000-0001-8122-5444,openalex
A5112705513,https://openalex.org/A5112705513,Zelin Ye,,openalex
A5050988023,https://openalex.org/A5050988023,Noëlle Rakotondravony,https://orcid.org/0000-0002-7594-6349,openalex
A5005311602,https://openalex.org/A5005311602,Nafiul Nipu,,openalex
A5045428567,https://openalex.org/A5045428567,Negar Naghashzadeh,,openalex
A5065040704,https://openalex.org/A5065040704,Roberto Paoli,https://orcid.org/0000-0003-2158-8870,openalex
A5054509798,https://openalex.org/A5054509798,Sara Tandon,https://orcid.org/0000-0002-4615-6444,openalex
A5101819708,https://openalex.org/A5101819708,Sihang Li,https://orcid.org/0000-0002-4816-7032,openalex
A5058325888,https://openalex.org/A5058325888,Jiacheng Yu,https://orcid.org/0009-0001-8354-5393,openalex
A5100365307,https://openalex.org/A5100365307,Mingxuan Li,,openalex
A5100688179,https://openalex.org/A5100688179,Le Liu,https://orcid.org/0000-0002-5478-1952,openalex
A5113174777,https://openalex.org/A5113174777,Xiaoru Yuan,,openalex
A5083143514,https://openalex.org/A5083143514,Tyson Neuroth,https://orcid.org/0000-0002-5866-5959,openalex
A5079673812,https://openalex.org/A5079673812,Martin Rieth,https://orcid.org/0000-0002-1967-6591,openalex
A5006420943,https://openalex.org/A5006420943,Konduri Aditya,https://orcid.org/0000-0003-2502-2110,openalex
A5057828898,https://openalex.org/A5057828898,Myoungkyu Lee,https://orcid.org/0000-0002-5647-6265,openalex
A5033429280,https://openalex.org/A5033429280,Jacqueline H. Chen,https://orcid.org/0000-0002-9268-0634,openalex
A5073887866,https://openalex.org/A5073887866,Sungbok Shin,https://orcid.org/0000-0001-6777-8843,openalex
A5072646878,https://openalex.org/A5072646878,Sunghyo Chung,,openalex
A5102751625,https://openalex.org/A5102751625,Sanghyun Hong,https://orcid.org/0000-0003-4154-7611,openalex
A5020395140,https://openalex.org/A5020395140,Erik Rydow,,openalex
A5046565976,https://openalex.org/A5046565976,Hui Fang,https://orcid.org/0000-0001-9365-7420,openalex
A5037578563,https://openalex.org/A5037578563,Thomas Torsney Weir,https://orcid.org/0000-0002-0329-2198,openalex
A5031054371,https://openalex.org/A5031054371,Ben Swallow,https://orcid.org/0000-0002-0227-2160,openalex
A5014023970,https://openalex.org/A5014023970,Thibaud Porphyre,https://orcid.org/0000-0002-8552-9899,openalex
A5069865106,https://openalex.org/A5069865106,Qiangqiang Liu,https://orcid.org/0000-0001-7409-5012,openalex
A5003995263,https://openalex.org/A5003995263,Yukun Ren,https://orcid.org/0009-0003-6184-8750,openalex
A5048963954,https://openalex.org/A5048963954,Zhihua Zhu,https://orcid.org/0000-0001-5702-4626,openalex
A5100664401,https://openalex.org/A5100664401,Li Dai,https://orcid.org/0000-0002-7268-7548,openalex
A5011962842,https://openalex.org/A5011962842,Amani Ageeli,https://orcid.org/0000-0001-6627-503X,openalex
A5003461571,https://openalex.org/A5003461571,Alberto Jaspe Villanueva,https://orcid.org/0000-0003-3899-308X,openalex
A5007690930,https://openalex.org/A5007690930,Ronell Sicat,https://orcid.org/0000-0001-7037-1614,openalex
A5009707049,https://openalex.org/A5009707049,Florian Mannuß,,openalex
A5100358570,https://openalex.org/A5100358570,Haoyu Li,https://orcid.org/0000-0002-7138-8263,openalex
A5014221694,https://openalex.org/A5014221694,Jiayi Xu,https://orcid.org/0000-0002-9091-6412,openalex
A5076860785,https://openalex.org/A5076860785,Ayan Biswas,https://orcid.org/0000-0002-5535-4549,openalex
A5039800821,https://openalex.org/A5039800821,Neng Shi,https://orcid.org/0000-0002-3838-7031,openalex
A5069974313,https://openalex.org/A5069974313,Jonathan Woodring,https://orcid.org/0000-0002-6992-3693,openalex
A5061570075,https://openalex.org/A5061570075,Pepe Eulzer,https://orcid.org/0000-0002-0161-5678,openalex
A5043832270,https://openalex.org/A5043832270,Matthias Mitterreiter,,openalex
A5027313464,https://openalex.org/A5027313464,Joachim Giesen,https://orcid.org/0000-0001-6598-6833,openalex
A5102959274,https://openalex.org/A5102959274,Jaemin Jo,https://orcid.org/0000-0002-5207-6010,openalex
A5059995018,https://openalex.org/A5059995018,Anyi Li,https://orcid.org/0009-0008-0790-2556,openalex
A5056388611,https://openalex.org/A5056388611,Fei Nie,https://orcid.org/0000-0003-1271-8346,openalex
A5046515661,https://openalex.org/A5046515661,Yicheng Hu,https://orcid.org/0000-0001-8814-3660,openalex
A5054178885,https://openalex.org/A5054178885,Yige Xu,,openalex
A5100333516,https://openalex.org/A5100333516,Lei Chen,https://orcid.org/0000-0002-8257-5806,openalex
A5100667713,https://openalex.org/A5100667713,Qiong Luo,https://orcid.org/0000-0002-4275-1756,openalex
A5076466786,https://openalex.org/A5076466786,Manlio Massiris Fernandez,,openalex
A5013002615,https://openalex.org/A5013002615,Sanjin Rados,https://orcid.org/0000-0002-5620-9407,openalex
A5109928029,https://openalex.org/A5109928029,M. Eduard Gröller,,openalex
A5058156675,https://openalex.org/A5058156675,Claudio Delrieux,https://orcid.org/0000-0002-2727-8374,openalex
A5035397707,https://openalex.org/A5035397707,Nils Rodrigues,https://orcid.org/0000-0002-1485-8249,openalex
A5007968836,https://openalex.org/A5007968836,Christoph Schulz,https://orcid.org/0000-0001-5771-3966,openalex
A5027402595,https://openalex.org/A5027402595,Sören Döring,https://orcid.org/0000-0002-7229-6133,openalex
A5073160850,https://openalex.org/A5073160850,Daniel Baumgärtner,https://orcid.org/0000-0001-6005-0446,openalex
A5038331765,https://openalex.org/A5038331765,Catalina Vajiac,https://orcid.org/0000-0002-9646-9190,openalex
A5064910105,https://openalex.org/A5064910105,Andreas Olligschlaeger,https://orcid.org/0000-0002-6225-6621,openalex
A5027522481,https://openalex.org/A5027522481,Rebecca Mackenzie,,openalex
A5014670663,https://openalex.org/A5014670663,Pratheeksha Nair,https://orcid.org/0000-0003-3513-7368,openalex
A5101634159,https://openalex.org/A5101634159,Meng Chieh Lee,https://orcid.org/0000-0002-6271-8558,openalex
A5100355230,https://openalex.org/A5100355230,Yifei Li,https://orcid.org/0000-0003-3608-1917,openalex
A5072397278,https://openalex.org/A5072397278,Namyong Park,https://orcid.org/0000-0002-3344-2361,openalex
A5043159673,https://openalex.org/A5043159673,Reihaneh Rabbany,https://orcid.org/0000-0003-2348-0353,openalex
A5035605036,https://openalex.org/A5035605036,Christos Faloutsos,https://orcid.org/0000-0003-2996-9790,openalex
A5055520064,https://openalex.org/A5055520064,Tyler Estro,https://orcid.org/0000-0002-5851-8801,openalex
A5056117639,https://openalex.org/A5056117639,Geoff Kuenning,https://orcid.org/0000-0002-3882-2072,openalex
A5064923375,https://openalex.org/A5064923375,Erez Zadok,https://orcid.org/0000-0001-5248-9184,openalex
A5100614732,https://openalex.org/A5100614732,Yuyu Luo,https://orcid.org/0000-0001-9530-3327,openalex
A5101824160,https://openalex.org/A5101824160,Nan Tang,https://orcid.org/0000-0003-2832-0295,openalex
A5100451576,https://openalex.org/A5100451576,Guoliang Li,https://orcid.org/0000-0002-1398-0621,openalex
A5047661898,https://openalex.org/A5047661898,Jiawei Tang,https://orcid.org/0000-0002-2495-5683,openalex
A5101797040,https://openalex.org/A5101797040,Chengliang Chai,https://orcid.org/0000-0001-8080-5594,openalex
A5027616607,https://openalex.org/A5027616607,Xuedi Qin,https://orcid.org/0000-0003-0742-4861,openalex
A2043571136,https://openalex.org/A2043571136,Haotian Li,https://orcid.org/0000-0001-6126-1624,openalex
A2107905803,https://openalex.org/A2107905803,Yong Wang,https://orcid.org/0000-0001-5052-9517,openalex
A3184432917,https://openalex.org/A3184432917,Songheng Zhang,https://orcid.org/0000-0002-0191-220X,openalex
A2099747503,https://openalex.org/A2099747503,Yangqiu Song,https://orcid.org/0000-0002-7818-6090,openalex
A1984358069,https://openalex.org/A1984358069,Huamin Qu,https://orcid.org/0000-0001-6711-8028,openalex
A2791192092,https://openalex.org/A2791192092,Alan Lundgard,https://orcid.org/0000-0002-1352-3615,openalex
A2022576506,https://openalex.org/A2022576506,Arvind Satyanarayan,https://orcid.org/0000-0001-5564-635X,openalex
A5041690226,https://openalex.org/A5041690226,Nathalie Bressa,https://orcid.org/0000-0003-1371-008X,openalex
A5023433075,https://openalex.org/A5023433075,Henrik Korsgaard,https://orcid.org/0000-0003-0584-6059,openalex
A5090247961,https://openalex.org/A5090247961,Aurélien Tabard,https://orcid.org/0000-0002-4005-9635,openalex
A5027589311,https://openalex.org/A5027589311,Steven Houben,https://orcid.org/0000-0002-9009-5706,openalex
A5086098017,https://openalex.org/A5086098017,Jo Vermeulen,https://orcid.org/0000-0001-5185-7686,openalex
A3092568790,https://openalex.org/A3092568790,Xiangtong Chu,,openalex
A2106163841,https://openalex.org/A2106163841,Xiao Xie,https://orcid.org/0000-0001-6030-2148,openalex
A3091912261,https://openalex.org/A3091912261,Shuainan Ye,,openalex
A2436407508,https://openalex.org/A2436407508,Haolin Lu,https://orcid.org/0000-0002-6447-880X,openalex
A2102208131,https://openalex.org/A2102208131,Hongguang Xiao,https://orcid.org/0000-0002-9697-6678,openalex
A3204488662,https://openalex.org/A3204488662,Zeqing Yuan,,openalex
A5093598220,https://openalex.org/A5093598220,Chen Zhu Tian,,openalex
A1992769770,https://openalex.org/A1992769770,Hui Zhang,https://orcid.org/0000-0001-5000-6599,openalex
A2101266097,https://openalex.org/A2101266097,Yingcai Wu,https://orcid.org/0000-0002-1119-3237,openalex
A5012381843,https://openalex.org/A5012381843,Muqiao Yang,https://orcid.org/0000-0001-6273-0138,openalex
A2108314625,https://openalex.org/A2108314625,Haijun Xia,https://orcid.org/0000-0002-9322-7356,openalex
A5100424317,https://openalex.org/A5100424317,Yuchen Zhang,https://orcid.org/0000-0002-6118-454X,openalex
A5082899087,https://openalex.org/A5082899087,Jie Guang Song,https://orcid.org/0000-0002-3196-2507,openalex
A5100350437,https://openalex.org/A5100350437,Yang Chen,https://orcid.org/0000-0002-5660-6349,openalex
A5038775008,https://openalex.org/A5038775008,Shi‐xia Liu,https://orcid.org/0000-0001-6104-4320,openalex
A1495897400,https://openalex.org/A1495897400,Sehi L'yi,,openalex
A2158800269,https://openalex.org/A2158800269,Qianwen Wang,https://orcid.org/0000-0001-5046-5269,openalex
A2795272079,https://openalex.org/A2795272079,Fritz Lekschas,https://orcid.org/0000-0001-8432-4835,openalex
A257767137,https://openalex.org/A257767137,Nils Gehlenborg,https://orcid.org/0000-0003-0327-8297,openalex
A5085054708,https://openalex.org/A5085054708,Crescentia Jung,https://orcid.org/0000-0003-4434-1723,openalex
A5028998272,https://openalex.org/A5028998272,Shubham Mehta,https://orcid.org/0000-0003-4221-7729,openalex
A5032486279,https://openalex.org/A5032486279,Atharva Kulkarni,https://orcid.org/0000-0003-4847-4427,openalex
A5052391925,https://openalex.org/A5052391925,Yuhang Zhao,https://orcid.org/0000-0003-3686-695X,openalex
A5101815630,https://openalex.org/A5101815630,Shahid Latif,https://orcid.org/0000-0003-2060-5122,openalex
A5006204283,https://openalex.org/A5006204283,Zheng Zhou,https://orcid.org/0000-0003-2338-6877,openalex
A5100693798,https://openalex.org/A5100693798,Yoon Kim,https://orcid.org/0000-0002-4837-8411,openalex
A5004813317,https://openalex.org/A5004813317,Nam Wook Kim,https://orcid.org/0000-0003-4899-6671,openalex
A5060363706,https://openalex.org/A5060363706,Jie Bao,https://orcid.org/0000-0002-5642-1993,openalex
A5100681023,https://openalex.org/A5100681023,Yu Zheng,https://orcid.org/0000-0002-5224-4344,openalex
A5038384093,https://openalex.org/A5038384093,Qingyang Xu,https://orcid.org/0000-0003-3870-5551,openalex
A5036729475,https://openalex.org/A5036729475,Fuling Sun,,openalex
A5032013640,https://openalex.org/A5032013640,Xinyue Xu,https://orcid.org/0000-0002-2037-5462,openalex
A5046855147,https://openalex.org/A5046855147,Zui Chen,https://orcid.org/0000-0001-9317-0591,openalex
A5086576776,https://openalex.org/A5086576776,Jiazhe Wang,https://orcid.org/0009-0004-7529-3562,openalex
A5101603009,https://openalex.org/A5101603009,Mengyu Zhou,https://orcid.org/0000-0002-0322-7513,openalex
A5107936557,https://openalex.org/A5107936557,Xinyi He,,openalex
A1937654608,https://openalex.org/A1937654608,Yue Zhao,https://orcid.org/0000-0001-5100-9230,openalex
A2101978051,https://openalex.org/A2101978051,Yunhai Wang,https://orcid.org/0000-0003-0059-6580,openalex
A2099156760,https://openalex.org/A2099156760,Jian Zhang,https://orcid.org/0000-0001-5000-6142,openalex
A4200808244,https://openalex.org/A4200808244,Chi Wing Fu,https://orcid.org/0000-0002-5238-593X,openalex
A2105998426,https://openalex.org/A2105998426,Mingliang Xu,https://orcid.org/0000-0002-6885-3451,openalex
A2127175817,https://openalex.org/A2127175817,Dominik Moritz,https://orcid.org/0000-0002-3110-1053,openalex
A2113810606,https://openalex.org/A2113810606,Jun Han,https://orcid.org/0000-0001-6016-0135,openalex
A2101276323,https://openalex.org/A2101276323,Hao Zheng,https://orcid.org/0000-0001-5378-533X,openalex
A2127075362,https://openalex.org/A2127075362,Danny Z. Chen,https://orcid.org/0000-0001-6565-2884,openalex
A2159998460,https://openalex.org/A2159998460,Chaoli Wang,https://orcid.org/0000-0001-7623-555X,openalex
A5083973432,https://openalex.org/A5083973432,Ziyan Liu,https://orcid.org/0000-0001-9191-2790,openalex
A5043827623,https://openalex.org/A5043827623,Zhenge Zhao,https://orcid.org/0000-0002-5804-2815,openalex
A5024059541,https://openalex.org/A5024059541,Panpan Xu,https://orcid.org/0000-0001-7966-2389,openalex
A5039118804,https://openalex.org/A5039118804,Alexandra Zytek,,openalex
A5080263583,https://openalex.org/A5080263583,Haomin Li,https://orcid.org/0000-0002-6420-7719,openalex
A5067352490,https://openalex.org/A5067352490,Kalyan Veeramachaneni,,openalex
A5025011911,https://openalex.org/A5025011911,Xinhai Wei,,openalex
A5018820623,https://openalex.org/A5018820623,Jian Zhao,https://orcid.org/0000-0001-5008-4319,openalex
A5013752660,https://openalex.org/A5013752660,Lincan Zou,,openalex
A5072704951,https://openalex.org/A5072704951,Biswaksen Patnaik,https://orcid.org/0000-0001-9081-032X,openalex
A5025269831,https://openalex.org/A5025269831,Christine Kha Tang,,openalex
A2008775589,https://openalex.org/A2008775589,Zehua Zeng,https://orcid.org/0000-0002-2109-0418,openalex
A2922806279,https://openalex.org/A2922806279,Phoebe Moh,https://orcid.org/0000-0003-1812-0783,openalex
A2105952798,https://openalex.org/A2105952798,Fan Du,https://orcid.org/0000-0002-4383-8888,openalex
A2228940112,https://openalex.org/A2228940112,Jane Hoffswell,https://orcid.org/0000-0002-9871-4575,openalex
A2103276077,https://openalex.org/A2103276077,Tak Yeon Lee,https://orcid.org/0000-0002-9235-9947,openalex
A2102971306,https://openalex.org/A2102971306,Sana Malik,https://orcid.org/0000-0001-8885-186X,openalex
A2914703055,https://openalex.org/A2914703055,Eunyee Koh,https://orcid.org/0000-0003-2091-5972,openalex
A1975774854,https://openalex.org/A1975774854,Leilani Battle,https://orcid.org/0000-0003-3870-636X,openalex
A5028448431,https://openalex.org/A5028448431,Sebastian Weiß,https://orcid.org/0000-0003-4399-3180,openalex
A5029621326,https://openalex.org/A5029621326,Rüdiger Westermann,https://orcid.org/0000-0002-3394-0731,openalex
A5052479150,https://openalex.org/A5052479150,Rhema Vaithianathan,https://orcid.org/0000-0002-8899-5254,openalex
A5100740158,https://openalex.org/A5100740158,Nuo Chen,https://orcid.org/0000-0001-6563-1215,openalex
A2098122043,https://openalex.org/A2098122043,Evanthia Dimara,https://orcid.org/0000-0001-5212-7888,openalex
A2087252583,https://openalex.org/A2087252583,John Stasko,https://orcid.org/0000-0003-4129-7659,openalex
A2472796992,https://openalex.org/A2472796992,Shreeraj Jadhav,https://orcid.org/0000-0003-0520-4857,openalex
A2127087169,https://openalex.org/A2127087169,Gaofeng Deng,https://orcid.org/0000-0002-1888-3636,openalex
A1208706714,https://openalex.org/A1208706714,Marlene Zawin,,openalex
A2132849971,https://openalex.org/A2132849971,Arie E. Kaufman,,openalex
A5063533296,https://openalex.org/A5063533296,Mikayla Biggs,https://orcid.org/0000-0001-8345-6326,openalex
A5028995506,https://openalex.org/A5028995506,Lisanne V. Van Dijk,https://orcid.org/0000-0002-9515-5616,openalex
A5114061848,https://openalex.org/A5114061848,A.s. Mohamed,,openalex
A5039717418,https://openalex.org/A5039717418,Joscha Eirich,https://orcid.org/0000-0002-6170-7398,openalex
A5001472452,https://openalex.org/A5001472452,J. A. E. Bonart,https://orcid.org/0000-0002-4329-696X,openalex
A5079507712,https://openalex.org/A5079507712,Dominik Jäckle,https://orcid.org/0000-0002-4018-4460,openalex
A5027156356,https://openalex.org/A5027156356,Ute Schmid,https://orcid.org/0000-0002-1301-0326,openalex
A5086923749,https://openalex.org/A5086923749,Kai Fischbach,https://orcid.org/0000-0001-5721-5369,openalex
A5033123604,https://openalex.org/A5033123604,Bon Adriel Aseniero,https://orcid.org/0000-0002-2369-7803,openalex
A5074985413,https://openalex.org/A5074985413,Yvonne Jansen,https://orcid.org/0000-0001-5092-551X,openalex
A5089895616,https://openalex.org/A5089895616,Lora Oehlberg,https://orcid.org/0000-0001-7216-7895,openalex
A5089798202,https://openalex.org/A5089798202,Jules Vidal,https://orcid.org/0000-0002-1154-4391,openalex
A5019518434,https://openalex.org/A5019518434,Julie Delon,https://orcid.org/0000-0002-7182-7537,openalex
A2211450727,https://openalex.org/A2211450727,Spencer C. Castro,https://orcid.org/0000-0003-1394-0184,openalex
A1044056533,https://openalex.org/A1044056533,P. Samuel Quinan,,openalex
A3179975792,https://openalex.org/A3179975792,Helia Hosseinpour,https://orcid.org/0009-0001-5832-0184,openalex
A2242486043,https://openalex.org/A2242486043,Lace Padilla,https://orcid.org/0000-0001-9251-5279,openalex
A5018230219,https://openalex.org/A5018230219,Yuzhe Luo,https://orcid.org/0009-0008-5796-6144,openalex
A5075706330,https://openalex.org/A5075706330,Lvkeshen Shen,,openalex
A2478538189,https://openalex.org/A2478538189,Emily Wall,https://orcid.org/0000-0002-5331-5095,openalex
A2983968868,https://openalex.org/A2983968868,Arpit Narechania,https://orcid.org/0000-0001-6980-3686,openalex
A3103622860,https://openalex.org/A3103622860,Adam Coscia,https://orcid.org/0000-0002-0429-9295,openalex
A3193142476,https://openalex.org/A3193142476,Jamal Paden,,openalex
A272170598,https://openalex.org/A272170598,Alex Endert,https://orcid.org/0000-0002-6914-610X,openalex
A5037840720,https://openalex.org/A5037840720,Kylie Lin,https://orcid.org/0009-0002-2823-3992,openalex
A5033866336,https://openalex.org/A5033866336,Smiti Kaul,https://orcid.org/0000-0001-6435-0497,openalex
A2518120156,https://openalex.org/A2518120156,Tan Tang,https://orcid.org/0000-0001-9652-8659,openalex
A2111845028,https://openalex.org/A2111845028,Yanhong Wu,https://orcid.org/0000-0001-7930-2201,openalex
A2156161846,https://openalex.org/A2156161846,Lingyun Yu,https://orcid.org/0000-0001-6403-761X,openalex
A2100870245,https://openalex.org/A2100870245,Yuhong Li,https://orcid.org/0000-0001-5688-9740,openalex
A5066610665,https://openalex.org/A5066610665,Jan‐tobias Sohns,https://orcid.org/0000-0002-9225-3333,openalex
A5020177990,https://openalex.org/A5020177990,Michaela Schmitt,,openalex
A5081019709,https://openalex.org/A5081019709,Fabian Jirasek,https://orcid.org/0000-0002-2502-5701,openalex
A5039117244,https://openalex.org/A5039117244,Hans Hasse,https://orcid.org/0000-0003-4612-5995,openalex
A5083438172,https://openalex.org/A5083438172,Heike Leitte,https://orcid.org/0000-0002-7112-2190,openalex
A5102759669,https://openalex.org/A5102759669,Ye Zhao,https://orcid.org/0000-0003-3877-0943,openalex
A5101657309,https://openalex.org/A5101657309,Xinyi Huang,https://orcid.org/0000-0001-7035-5585,openalex
A5074158275,https://openalex.org/A5074158275,Md Amiruzzaman,https://orcid.org/0000-0002-2292-5798,openalex
A5043045895,https://openalex.org/A5043045895,Caitlyn Mccoleman,https://orcid.org/0000-0002-3984-7706,openalex
A5022770371,https://openalex.org/A5022770371,Timothy F. Brady,https://orcid.org/0000-0001-5924-5211,openalex
A2102636632,https://openalex.org/A2102636632,Yifang Wang,https://orcid.org/0000-0001-6024-5251,openalex
A4202291998,https://openalex.org/A4202291998,Tai Quan Peng,https://orcid.org/0000-0002-2588-7491,openalex
A2127902150,https://openalex.org/A2127902150,Huihua Lu,https://orcid.org/0000-0002-9344-086X,openalex
A2103171343,https://openalex.org/A2103171343,Haoren Wang,https://orcid.org/0000-0001-8811-531X,openalex
A5068340439,https://openalex.org/A5068340439,Kushin Mukherjee,https://orcid.org/0000-0001-5013-6983,openalex
A5076036737,https://openalex.org/A5076036737,Brian Yin,,openalex
A5016923244,https://openalex.org/A5016923244,Brianne E. Sherman,,openalex
A2969790948,https://openalex.org/A2969790948,Sara Di Bartolomeo,https://orcid.org/0000-0001-9517-3526,openalex
A2128393815,https://openalex.org/A2128393815,Mirek Riedewald,https://orcid.org/0000-0002-6102-7472,openalex
A2776145993,https://openalex.org/A2776145993,Wolfgang Gatterbauer,https://orcid.org/0000-0002-9614-0504,openalex
A2133791059,https://openalex.org/A2133791059,Cody Dunne,https://orcid.org/0000-0001-7465-3264,openalex
A5059096880,https://openalex.org/A5059096880,Joel Lanir,https://orcid.org/0000-0002-9838-5142,openalex
A5048407252,https://openalex.org/A5048407252,Chufeng Wang,https://orcid.org/0009-0003-4684-3564,openalex
A5101146662,https://openalex.org/A5101146662,Yucong Yao,,openalex
A5100444409,https://openalex.org/A5100444409,Wen Zhang,https://orcid.org/0000-0002-8934-3346,openalex
A5020702008,https://openalex.org/A5020702008,Haekyu Park,https://orcid.org/0000-0002-1868-1583,openalex
A5036502813,https://openalex.org/A5036502813,Nilaksh Das,https://orcid.org/0000-0002-5281-5549,openalex
A5057757200,https://openalex.org/A5057757200,Rahul Duggal,https://orcid.org/0000-0001-7229-9548,openalex
A5080665667,https://openalex.org/A5080665667,Austin P. Wright,https://orcid.org/0000-0002-0197-4638,openalex
A5044691513,https://openalex.org/A5044691513,Omar Shaikh,https://orcid.org/0000-0003-1393-8041,openalex
A5075295171,https://openalex.org/A5075295171,Alireza Karduni,https://orcid.org/0000-0001-9719-7513,openalex
A5078317897,https://openalex.org/A5078317897,Ryan Wesslen,https://orcid.org/0000-0001-9638-8078,openalex
A5064239794,https://openalex.org/A5064239794,Paul Parsons,https://orcid.org/0000-0002-4179-9686,openalex
A5110367005,https://openalex.org/A5110367005,Yuhua Zhou,https://orcid.org/0009-0001-6945-8218,openalex
A5079670764,https://openalex.org/A5079670764,Boyang Xie,,openalex
A5101731167,https://openalex.org/A5101731167,Huaqiang Zhang,https://orcid.org/0009-0000-7468-6453,openalex
A5100747388,https://openalex.org/A5100747388,Zezhong Wang,https://orcid.org/0000-0002-1061-604X,openalex
A5081816373,https://openalex.org/A5081816373,Hugo Romat,https://orcid.org/0000-0002-9194-8889,openalex
A5068799512,https://openalex.org/A5068799512,Nathalie Henry Riche,https://orcid.org/0000-0003-1759-7512,openalex
A5022409031,https://openalex.org/A5022409031,Dave Murray Rust,https://orcid.org/0000-0001-6098-7861,openalex
A5101491935,https://openalex.org/A5101491935,Yifan Wu,https://orcid.org/0000-0002-1529-1563,openalex
A3203167604,https://openalex.org/A3203167604,Ehsan Jahangirzadeh Soure,https://orcid.org/0000-0001-9308-0406,openalex
A2596683589,https://openalex.org/A2596683589,Emily Kuang,https://orcid.org/0000-0003-4635-0703,openalex
A2096073198,https://openalex.org/A2096073198,Mingming Fan,https://orcid.org/0000-0002-0356-4712,openalex
A1977048702,https://openalex.org/A1977048702,Zhao Jian,https://orcid.org/0000-0001-5008-4319,openalex
A2581697602,https://openalex.org/A2581697602,Yijie Hou,https://orcid.org/0000-0001-8819-3801,openalex
A2170130016,https://openalex.org/A2170130016,Cheng Shun Wang,https://orcid.org/0000-0003-0189-6139,openalex
A2129475195,https://openalex.org/A2129475195,Junhong Wang,https://orcid.org/0000-0001-5439-5771,openalex
A2145662684,https://openalex.org/A2145662684,Xiangyang XUE,https://orcid.org/0000-0001-7136-0052,openalex
A2129968125,https://openalex.org/A2129968125,Xiaolong Luke Zhang,,openalex
A2140148030,https://openalex.org/A2140148030,Jun Zhu,https://orcid.org/0000-0001-5553-194X,openalex
A2114287900,https://openalex.org/A2114287900,Dongliang Wang,https://orcid.org/0000-0001-7052-4182,openalex
A2117897572,https://openalex.org/A2117897572,Siming Chen,https://orcid.org/0000-0002-0950-3590,openalex
A5103105055,https://openalex.org/A5103105055,Yinqiao Wang,https://orcid.org/0000-0002-6099-206X,openalex
A5101912154,https://openalex.org/A5101912154,Lu Chen,https://orcid.org/0000-0002-2628-3876,openalex
A5081622405,https://openalex.org/A5081622405,Robert Kosara,https://orcid.org/0000-0002-1178-4029,openalex
A2101370631,https://openalex.org/A2101370631,Weiwei Cui,https://orcid.org/0000-0001-6331-4048,openalex
A2132144181,https://openalex.org/A2132144181,Jinpeng Wang,https://orcid.org/0000-0001-5764-9589,openalex
A1989027630,https://openalex.org/A1989027630,He Huang,https://orcid.org/0000-0001-5015-3273,openalex
A2099835616,https://openalex.org/A2099835616,Yun Wang,https://orcid.org/0000-0001-5157-6825,openalex
A3143182302,https://openalex.org/A3143182302,Chin Yew Lin,https://orcid.org/0000-0002-0798-6365,openalex
A2097574197,https://openalex.org/A2097574197,Haidong Zhang,https://orcid.org/0000-0001-6990-5551,openalex
A2097661864,https://openalex.org/A2097661864,Dongmei Zhang,https://orcid.org/0000-0001-5942-8384,openalex
A5022513507,https://openalex.org/A5022513507,Théo Jaunet,,openalex
A5064783559,https://openalex.org/A5064783559,Corentin Kervadec,https://orcid.org/0000-0003-1284-1037,openalex
A5005306821,https://openalex.org/A5005306821,Romain Vuillemot,https://orcid.org/0000-0003-1447-6926,openalex
A5057376907,https://openalex.org/A5057376907,Grigory Antipov,https://orcid.org/0000-0002-8673-9329,openalex
A5054284441,https://openalex.org/A5054284441,Moez Baccouche,,openalex
A5101613966,https://openalex.org/A5101613966,Christian Wolf,https://orcid.org/0000-0001-9766-3211,openalex
A5004845067,https://openalex.org/A5004845067,Tiankai Xie,https://orcid.org/0009-0008-8832-0063,openalex
A5100700905,https://openalex.org/A5100700905,Jian Kang,https://orcid.org/0000-0003-3902-7131,openalex
A2039836087,https://openalex.org/A2039836087,Tali Mazor,https://orcid.org/0000-0002-0138-9615,openalex
A4226714658,https://openalex.org/A4226714658,Theresa A Harbig,,openalex
A2274748244,https://openalex.org/A2274748244,Ethan Cerami,https://orcid.org/0009-0009-2340-4490,openalex
A5088950204,https://openalex.org/A5088950204,Hyung Kwon Ko,https://orcid.org/0000-0002-6488-607X,openalex
A5101409834,https://openalex.org/A5101409834,Youngtaek Kim,https://orcid.org/0000-0002-4654-5925,openalex
A5069561569,https://openalex.org/A5069561569,Natkamon Tovanich,https://orcid.org/0000-0001-9680-9282,openalex
A5020994170,https://openalex.org/A5020994170,Nicolas Soulié,https://orcid.org/0000-0002-5045-3054,openalex
A5083260911,https://openalex.org/A5083260911,Nicolas Heulot,https://orcid.org/0000-0002-1971-2994,openalex
A5050632485,https://openalex.org/A5050632485,Johannes Knittel,https://orcid.org/0000-0002-4889-5232,openalex
A5102902131,https://openalex.org/A5102902131,Steffen Koch,https://orcid.org/0000-0002-8123-8330,openalex
A5100344403,https://openalex.org/A5100344403,Wei Chen,https://orcid.org/0000-0002-2373-2437,openalex
A3095668740,https://openalex.org/A3095668740,Jared Jessup,,openalex
A2055533637,https://openalex.org/A2055533637,Robert Krueger,https://orcid.org/0000-0002-6468-8356,openalex
A3202178078,https://openalex.org/A3202178078,Simon Warchol,https://orcid.org/0000-0001-9067-6888,openalex
A2699503881,https://openalex.org/A2699503881,John Hoffer,https://orcid.org/0000-0002-5877-4266,openalex
A4227710267,https://openalex.org/A4227710267,Jeremy Muhlich,,openalex
A3127058107,https://openalex.org/A3127058107,Cecily C Ritch,https://orcid.org/0000-0001-7651-0419,openalex
A130811099,https://openalex.org/A130811099,Giorgio Gaglia,https://orcid.org/0000-0002-5179-4256,openalex
A2158310186,https://openalex.org/A2158310186,Shannon Coy,https://orcid.org/0000-0003-0033-9031,openalex
A2718066719,https://openalex.org/A2718066719,Yu’an Chen,https://orcid.org/0000-0001-6318-3084,openalex
A3048423116,https://openalex.org/A3048423116,Jia Ren Lin,https://orcid.org/0000-0003-4702-7705,openalex
A2008440735,https://openalex.org/A2008440735,Sandro Santagata,https://orcid.org/0000-0002-7528-9668,openalex
A2426515289,https://openalex.org/A2426515289,Peter K. Sorger,https://orcid.org/0000-0002-3364-1838,openalex
A2102290556,https://openalex.org/A2102290556,Hanspeter Pfister,https://orcid.org/0000-0002-3620-2582,openalex
A2152163733,https://openalex.org/A2152163733,Huan Song,https://orcid.org/0000-0001-5806-0928,openalex
A2222139510,https://openalex.org/A2222139510,Zeng Dai,https://orcid.org/0000-0001-9613-9434,openalex
A2113036423,https://openalex.org/A2113036423,Panpan Xu,https://orcid.org/0000-0001-5573-5918,openalex
A2166637036,https://openalex.org/A2166637036,Liu Ren,https://orcid.org/0009-0002-1813-8844,openalex
A5091379507,https://openalex.org/A5091379507,Phong H. Nguyen,https://orcid.org/0000-0001-5643-0585,openalex
A5053775923,https://openalex.org/A5053775923,Adam Coscia,https://orcid.org/0000-0002-0429-9295,openalex
A5000530055,https://openalex.org/A5000530055,Anthony Kouroupis,,openalex
A5030293804,https://openalex.org/A5030293804,Maoyuan Sun,https://orcid.org/0000-0002-0990-2620,openalex
A5066917584,https://openalex.org/A5066917584,Abdul Rahman Shaikh,https://orcid.org/0000-0002-6046-4638,openalex
A5065954205,https://openalex.org/A5065954205,Hamed Alhoori,https://orcid.org/0000-0002-4733-6586,openalex
A5039929397,https://openalex.org/A5039929397,Daniel Archambault,https://orcid.org/0000-0003-4978-8479,openalex
A5011581508,https://openalex.org/A5011581508,David Auber,https://orcid.org/0000-0002-1114-8612,openalex
A5059446980,https://openalex.org/A5059446980,Jaakko Peltonen,https://orcid.org/0000-0003-3485-8585,openalex
A5046026271,https://openalex.org/A5046026271,Matt Heun Hong,https://orcid.org/0000-0003-3169-9654,openalex
A5008614365,https://openalex.org/A5008614365,Jessica K. Witt,https://orcid.org/0000-0003-1139-1599,openalex
A5002562865,https://openalex.org/A5002562865,George Baciu,https://orcid.org/0000-0002-1766-6357,openalex
A5102956206,https://openalex.org/A5102956206,Yunzhe Wang,https://orcid.org/0000-0002-1755-6430,openalex
A5100365548,https://openalex.org/A5100365548,Junjie Chen,https://orcid.org/0000-0002-7818-5119,openalex
A5046724184,https://openalex.org/A5046724184,Shaun Canavan,https://orcid.org/0000-0002-1538-476X,openalex
A5100609372,https://openalex.org/A5100609372,Dongping Zhang,https://orcid.org/0000-0001-9825-1411,openalex
A2147904611,https://openalex.org/A2147904611,Ingo Wald,https://orcid.org/0000-0003-0046-713X,openalex
A2949189709,https://openalex.org/A2949189709,Nate Morrical,,openalex
A2014743128,https://openalex.org/A2014743128,Stefan Zellmann,https://orcid.org/0000-0003-2880-9090,openalex
A5057417134,https://openalex.org/A5057417134,Jessica Magallanes,,openalex
A5011893561,https://openalex.org/A5011893561,Tony Stone,https://orcid.org/0000-0002-0167-3800,openalex
A5103210628,https://openalex.org/A5103210628,Paul Morris,https://orcid.org/0000-0002-3965-121X,openalex
A5052896700,https://openalex.org/A5052896700,Suzanne Mason,,openalex
A5022536373,https://openalex.org/A5022536373,Steven Wood,https://orcid.org/0000-0002-2065-4138,openalex
A5081687047,https://openalex.org/A5081687047,Maria‐cruz Villa‐uriol,https://orcid.org/0000-0002-3345-539X,openalex
A5083754593,https://openalex.org/A5083754593,Jambay Kinley,,openalex
A5076551093,https://openalex.org/A5076551093,Jochen Görtler,https://orcid.org/0000-0001-6510-0908,openalex
A2008458290,https://openalex.org/A2008458290,Mark Van De Ruit,https://orcid.org/0000-0002-0981-8963,openalex
A2169816289,https://openalex.org/A2169816289,Markus Billeter,https://orcid.org/0000-0003-1806-2587,openalex
A1986027970,https://openalex.org/A1986027970,Elmar Eisemann,https://orcid.org/0000-0003-4153-065X,openalex
A2130538116,https://openalex.org/A2130538116,Kevin Maher,https://orcid.org/0000-0001-6445-0228,openalex
A2236935383,https://openalex.org/A2236935383,Zeyuan Huang,https://orcid.org/0000-0002-2639-0487,openalex
A2102202074,https://openalex.org/A2102202074,Jiancheng Song,https://orcid.org/0000-0001-6817-7070,openalex
A2110837801,https://openalex.org/A2110837801,Xiaoming Deng,https://orcid.org/0000-0001-8397-7164,openalex
A4202166419,https://openalex.org/A4202166419,Yu Kun Lai,https://orcid.org/0000-0002-2094-5680,openalex
A2107351164,https://openalex.org/A2107351164,Cuixia Ma,https://orcid.org/0000-0003-3999-7429,openalex
A2018762813,https://openalex.org/A2018762813,Hao Wang,https://orcid.org/0000-0001-5047-9978,openalex
A2639424285,https://openalex.org/A2639424285,Yong Jin Liu,https://orcid.org/0000-0001-5774-1916,openalex
A2114319324,https://openalex.org/A2114319324,Hongan Wang,https://orcid.org/0000-0001-9899-9622,openalex
A3164509898,https://openalex.org/A3164509898,Nathan Van Beusekom,,openalex
A2015009204,https://openalex.org/A2015009204,Wouter Meulemans,https://orcid.org/0000-0002-4978-3400,openalex
A2004349175,https://openalex.org/A2004349175,Bettina Speckmann,https://orcid.org/0000-0002-8514-7858,openalex
A5052208717,https://openalex.org/A5052208717,Tom Horak,https://orcid.org/0000-0003-2896-5886,openalex
A5087031768,https://openalex.org/A5087031768,Norine Coenen,https://orcid.org/0000-0003-2066-1511,openalex
A5055902347,https://openalex.org/A5055902347,Niklas Metzger,https://orcid.org/0000-0003-3184-6335,openalex
A5103082632,https://openalex.org/A5103082632,Christopher Hahn,https://orcid.org/0000-0002-1243-4880,openalex
A5051967871,https://openalex.org/A5051967871,Tamara Flemisch,,openalex
A5103036749,https://openalex.org/A5103036749,Julián Méndez,https://orcid.org/0000-0003-1029-7656,openalex
A5002907779,https://openalex.org/A5002907779,Dennis Dimov,,openalex
A5048189898,https://openalex.org/A5048189898,Bernd Finkbeiner,https://orcid.org/0000-0002-4280-8441,openalex
A5091752548,https://openalex.org/A5091752548,Yngve S. Kristiansen,,openalex
A2625825152,https://openalex.org/A2625825152,Devin Lange,https://orcid.org/0000-0002-3467-0294,openalex
A3204873855,https://openalex.org/A3204873855,Eddie Polanco,,openalex
A4227595456,https://openalex.org/A4227595456,Robert Judson Torres,,openalex
A4227595457,https://openalex.org/A4227595457,Thomas Zangle,,openalex
A2034595988,https://openalex.org/A2034595988,Alexander Lex,https://orcid.org/0000-0001-6930-5468,openalex
A2783317702,https://openalex.org/A2783317702,Ryan Wesslen,https://orcid.org/0000-0001-9638-8078,openalex
A2224668320,https://openalex.org/A2224668320,Alireza Karduni,https://orcid.org/0000-0001-9719-7513,openalex
A704830063,https://openalex.org/A704830063,Douglas Markant,https://orcid.org/0000-0003-0568-2648,openalex
A2157271971,https://openalex.org/A2157271971,Wenwen Dou,https://orcid.org/0000-0001-9669-8965,openalex
A5100624798,https://openalex.org/A5100624798,Xin Chen,https://orcid.org/0009-0005-0200-2493,openalex
A5100410058,https://openalex.org/A5100410058,Jian Zhang,https://orcid.org/0000-0003-1348-8124,openalex
A5054382056,https://openalex.org/A5054382056,Chi‐wing Fu,https://orcid.org/0000-0002-5238-593X,openalex
A5063070612,https://openalex.org/A5063070612,Jimmy Moore,https://orcid.org/0009-0006-0883-3201,openalex
A5013294330,https://openalex.org/A5013294330,Pascal Goffin,https://orcid.org/0000-0002-4354-2462,openalex
A5070017368,https://openalex.org/A5070017368,Jason Wiese,https://orcid.org/0000-0002-8766-3557,openalex
A5030558597,https://openalex.org/A5030558597,Carmen Hull,,openalex
A2128221548,https://openalex.org/A2128221548,Jiansu Pu,https://orcid.org/0000-0002-4284-6958,openalex
A1983829605,https://openalex.org/A1983829605,Hui Shao,https://orcid.org/0000-0001-6988-931X,openalex
A2100340696,https://openalex.org/A2100340696,Boyang Gao,https://orcid.org/0000-0002-1907-841X,openalex
A2100484092,https://openalex.org/A2100484092,Zhengguo Zhu,https://orcid.org/0000-0002-2294-3590,openalex
A2112949193,https://openalex.org/A2112949193,Yanlin Zhu,https://orcid.org/0000-0002-8134-1629,openalex
A2162477850,https://openalex.org/A2162477850,Yunbo Rao,https://orcid.org/0000-0001-5433-7379,openalex
A2012898261,https://openalex.org/A2012898261,Xiang Yong,https://orcid.org/0000-0001-5757-9023,openalex
A5049765565,https://openalex.org/A5049765565,Mohamed Ibrahim,https://orcid.org/0000-0002-3559-3761,openalex
A5013856888,https://openalex.org/A5013856888,Marco Agus,https://orcid.org/0000-0003-2752-3525,openalex
A5087938573,https://openalex.org/A5087938573,Ann Sherlock,,openalex
A5050013747,https://openalex.org/A5050013747,Sarah Nason,,openalex
A2122936339,https://openalex.org/A2122936339,Yifan Wu,https://orcid.org/0000-0001-5172-4832,openalex
A2023608286,https://openalex.org/A2023608286,Remco Chang,https://orcid.org/0000-0002-6484-6430,openalex
A2063640528,https://openalex.org/A2063640528,Joseph M Hellerstein,https://orcid.org/0000-0002-7712-4306,openalex
A2097944852,https://openalex.org/A2097944852,Eugene Wu,https://orcid.org/0000-0002-5189-7036,openalex
A5078987756,https://openalex.org/A5078987756,Botong Qu,https://orcid.org/0000-0003-0852-5349,openalex
A5072582272,https://openalex.org/A5072582272,Anna‐pia Lohfink,https://orcid.org/0000-0003-1903-4924,openalex
A5066653225,https://openalex.org/A5066653225,Simon D. Duque Antón,https://orcid.org/0000-0003-4005-9165,openalex
A3042739767,https://openalex.org/A3042739767,Vaclav Pavlovec,https://orcid.org/0000-0002-6782-7788,openalex
A93196618,https://openalex.org/A93196618,Ladislav Cmolik,https://orcid.org/0000-0002-8546-6568,openalex
A5078912963,https://openalex.org/A5078912963,Michael Oppermann,https://orcid.org/0000-0002-4400-1449,openalex
A2230100954,https://openalex.org/A2230100954,Aniketh Venkat,,openalex
A2280587364,https://openalex.org/A2280587364,Attila Gyulassy,https://orcid.org/0000-0002-6046-8022,openalex
A2321007146,https://openalex.org/A2321007146,Graham Kosiba,https://orcid.org/0000-0001-6473-0422,openalex
A2134925714,https://openalex.org/A2134925714,Amitesh Maiti,https://orcid.org/0000-0003-0831-0700,openalex
A3199566799,https://openalex.org/A3199566799,Henry Reinstein,,openalex
A2099699520,https://openalex.org/A2099699520,Richard Gee,,openalex
A4202219859,https://openalex.org/A4202219859,Peer Timo Bremer,https://orcid.org/0000-0003-4107-3831,openalex
A2296065211,https://openalex.org/A2296065211,Valerio Pascucci,https://orcid.org/0000-0002-8877-2042,openalex
A2164504749,https://openalex.org/A2164504749,Kun Ting Chen,https://orcid.org/0000-0002-3217-5724,openalex
A2337969636,https://openalex.org/A2337969636,Tim Dwyer,https://orcid.org/0000-0002-5430-8081,openalex
A2100961798,https://openalex.org/A2100961798,Benjamin Bach,https://orcid.org/0000-0002-9201-7744,openalex
A2139022045,https://openalex.org/A2139022045,Kim Marriott,https://orcid.org/0000-0002-9813-0377,openalex
A2010128826,https://openalex.org/A2010128826,Yu Qin,https://orcid.org/0000-0001-5759-512X,openalex
A2062090202,https://openalex.org/A2062090202,Brittany Terese Fasy,https://orcid.org/0000-0003-1908-0154,openalex
A2130147369,https://openalex.org/A2130147369,Carola Wenk,https://orcid.org/0000-0001-9275-5336,openalex
A2059514868,https://openalex.org/A2059514868,Brian Summa,https://orcid.org/0000-0002-5794-3355,openalex
A2130469765,https://openalex.org/A2130469765,Tinghao Feng,https://orcid.org/0000-0003-2765-2765,openalex
A2083709059,https://openalex.org/A2083709059,Jing Yang,https://orcid.org/0000-0001-5017-4867,openalex
A2044747201,https://openalex.org/A2044747201,Martha Cary Eppes,https://orcid.org/0000-0002-3032-1046,openalex
A2340748944,https://openalex.org/A2340748944,Zhaocong Yang,https://orcid.org/0000-0002-2133-2333,openalex
A4208259650,https://openalex.org/A4208259650,Faye Moser,https://orcid.org/0000-0002-8235-5117,openalex
A5011189567,https://openalex.org/A5011189567,Paula Kayongo,,openalex
A5050305432,https://openalex.org/A5050305432,Glenn Sun,https://orcid.org/0000-0001-6510-2508,openalex
A5109257024,https://openalex.org/A5109257024,Shiqing He,,openalex
A2109875249,https://openalex.org/A2109875249,Shih Hsuan Hung,https://orcid.org/0000-0001-8925-8945,openalex
A2098449489,https://openalex.org/A2098449489,Yue Zhang,https://orcid.org/0000-0001-5006-369X,openalex
A2296695175,https://openalex.org/A2296695175,Harry Yeh,https://orcid.org/0000-0002-2891-4555,openalex
A2097601609,https://openalex.org/A2097601609,Eugene Zhang,https://orcid.org/0000-0003-4752-3119,openalex
A2156835097,https://openalex.org/A2156835097,Da Cheng,https://orcid.org/0000-0001-7618-3251,openalex
A2160271655,https://openalex.org/A2160271655,Zhirui Wang,https://orcid.org/0000-0001-6157-054X,openalex
A2103495245,https://openalex.org/A2103495245,Liang Zhou,https://orcid.org/0000-0001-5443-6991,openalex
A2148926532,https://openalex.org/A2148926532,Gaoqi He,https://orcid.org/0000-0001-8365-0970,openalex
A74604451,https://openalex.org/A74604451,Oliver Deussen,,openalex
A5009373644,https://openalex.org/A5009373644,Robert Turko,,openalex
A5020707650,https://openalex.org/A5020707650,Patrick Reipschläger,,openalex
A5050750924,https://openalex.org/A5050750924,Xiao Hu,https://orcid.org/0000-0003-1128-4099,openalex
A5009543696,https://openalex.org/A5009543696,Maxime Cordeil,https://orcid.org/0000-0002-9732-4874,openalex
A5070162998,https://openalex.org/A5070162998,Bernhard Jenny,https://orcid.org/0000-0001-6101-6100,openalex
A5101528850,https://openalex.org/A5101528850,Danqing Shi,https://orcid.org/0000-0002-8105-0944,openalex
A5031995008,https://openalex.org/A5031995008,Haojin Jiang,,openalex
A5100657544,https://openalex.org/A5100657544,Chen Qian,https://orcid.org/0000-0002-8761-5563,openalex
A5075239258,https://openalex.org/A5075239258,Yaqi Qin,,openalex
A5037522383,https://openalex.org/A5037522383,Yitao Wu,https://orcid.org/0000-0002-6795-4197,openalex
A5014009990,https://openalex.org/A5014009990,Zhiguang Zhou,,openalex
A5063877576,https://openalex.org/A5063877576,Mário Popolin Neto,https://orcid.org/0000-0002-8379-2458,openalex
A5009099532,https://openalex.org/A5009099532,Fernando V. Paulovich,https://orcid.org/0000-0002-2316-760X,openalex
A5100398577,https://openalex.org/A5100398577,Yifan Wang,https://orcid.org/0000-0002-8828-4268,openalex
A5034772037,https://openalex.org/A5034772037,Lejun Shen,,openalex
A5027671723,https://openalex.org/A5027671723,Kun Zhou,,openalex
A5079089831,https://openalex.org/A5079089831,Sarah Goodwin,https://orcid.org/0000-0001-8894-8282,openalex
A5062410342,https://openalex.org/A5062410342,Fraser Anderson,https://orcid.org/0000-0003-3486-8943,openalex
A5019569880,https://openalex.org/A5019569880,Florence Y. Wang,,openalex
A5078536303,https://openalex.org/A5078536303,Samuel Gratzl,https://orcid.org/0000-0002-3712-8660,openalex
A5038827689,https://openalex.org/A5038827689,Zac Lucarelli,,openalex
A5062415693,https://openalex.org/A5062415693,Brendan Moyle,https://orcid.org/0000-0002-2335-1511,openalex
A5100329989,https://openalex.org/A5100329989,Xi Chen,https://orcid.org/0000-0002-8523-3967,openalex
A5039352751,https://openalex.org/A5039352751,Hayder Mahdi AI Maneea,,openalex
A5070488104,https://openalex.org/A5070488104,Angelos Chatzimparmpas,https://orcid.org/0000-0002-9079-2376,openalex
A5055188702,https://openalex.org/A5055188702,Rafael M. Martins,https://orcid.org/0000-0002-2901-935X,openalex
A5026383442,https://openalex.org/A5026383442,Kostiantyn Kucher,https://orcid.org/0000-0002-1907-7820,openalex
A5101458443,https://openalex.org/A5101458443,Yao Ming,https://orcid.org/0000-0002-6377-6063,openalex
A5000073162,https://openalex.org/A5000073162,Joseph F Derose,,openalex
A5101464031,https://openalex.org/A5101464031,Jiayao Wang,https://orcid.org/0000-0003-2953-9707,openalex
A5060051655,https://openalex.org/A5060051655,Matthew Berger,https://orcid.org/0000-0002-8876-2418,openalex
A5037648163,https://openalex.org/A5037648163,Mingze Ma,https://orcid.org/0000-0003-1241-3147,openalex
A5068935138,https://openalex.org/A5068935138,Nanxiang Li,,openalex
A5101764191,https://openalex.org/A5101764191,Michael Hofmann,https://orcid.org/0000-0003-4517-6061,openalex
A5065102984,https://openalex.org/A5065102984,Axel Wendt,,openalex
A5102131000,https://openalex.org/A5102131000,Hongye Liang,,openalex
A5019619044,https://openalex.org/A5019619044,Shoubin Cheng,,openalex
A5076446487,https://openalex.org/A5076446487,Dave Brown,,openalex
A5058678073,https://openalex.org/A5058678073,Christophe Hurter,https://orcid.org/0000-0003-4318-6717,openalex
A5010119044,https://openalex.org/A5010119044,Steven M. Drucker,https://orcid.org/0000-0002-5022-9343,openalex
A5045648348,https://openalex.org/A5045648348,Xinke Wu,https://orcid.org/0000-0002-5024-8990,openalex
A5081147881,https://openalex.org/A5081147881,Peiran Ren,https://orcid.org/0000-0002-9111-055X,openalex
A5100355692,https://openalex.org/A5100355692,Yang Liu,https://orcid.org/0000-0001-7300-9215,openalex
A5033639139,https://openalex.org/A5033639139,Tim Althoff,https://orcid.org/0000-0003-4793-2289,openalex
A5101523076,https://openalex.org/A5101523076,Li Guan,https://orcid.org/0000-0003-4231-6196,openalex
A5100669438,https://openalex.org/A5100669438,Junpeng Wang,https://orcid.org/0000-0002-8810-3172,openalex
A5101757192,https://openalex.org/A5101757192,Kaixin Chen,https://orcid.org/0000-0001-7752-5276,openalex
A5101967249,https://openalex.org/A5101967249,Zhonghua Lu,https://orcid.org/0000-0002-1554-8429,openalex
A5067299655,https://openalex.org/A5067299655,Peiying Zhang,https://orcid.org/0000-0002-0990-5581,openalex
A5072638742,https://openalex.org/A5072638742,Sonia Castelo,https://orcid.org/0000-0001-6881-3006,openalex
A5006773757,https://openalex.org/A5006773757,Juliana Freire,https://orcid.org/0000-0003-3915-7075,openalex
A5100442866,https://openalex.org/A5100442866,Nan Chen,https://orcid.org/0000-0003-2495-5234,openalex
A5056819808,https://openalex.org/A5056819808,Magnus Heitzler,https://orcid.org/0000-0002-9021-4170,openalex
A5103029140,https://openalex.org/A5103029140,Dilpreet Singh,https://orcid.org/0000-0002-4020-7351,openalex
A5055786408,https://openalex.org/A5055786408,Marianna Farmakis Serebryakova,https://orcid.org/0000-0002-4127-2948,openalex
A5066302709,https://openalex.org/A5066302709,Jeffery Chieh Liu,,openalex
A5019125046,https://openalex.org/A5019125046,Lorenz Hurni,https://orcid.org/0000-0002-0453-8743,openalex
A5040178235,https://openalex.org/A5040178235,Chunyao Qian,,openalex
A5070188725,https://openalex.org/A5070188725,Shizhao Sun,https://orcid.org/0000-0003-0931-2687,openalex
A5025118710,https://openalex.org/A5025118710,Jian–guang Lou,,openalex
A5081274814,https://openalex.org/A5081274814,Shouxing Xiang,,openalex
A5073455439,https://openalex.org/A5073455439,Mai Elshehaly,https://orcid.org/0000-0002-5867-6121,openalex
A5048305243,https://openalex.org/A5048305243,Rebecca Randell,https://orcid.org/0000-0002-5856-4912,openalex
A5019709676,https://openalex.org/A5019709676,Lynn Mcvey,https://orcid.org/0000-0003-2009-7682,openalex
A5075396066,https://openalex.org/A5075396066,Natasha Alvarado,https://orcid.org/0000-0001-9422-4483,openalex
A5054578676,https://openalex.org/A5054578676,Chris P Gale,https://orcid.org/0000-0003-4732-382X,openalex
A5025082043,https://openalex.org/A5025082043,Roy A. Ruddle,https://orcid.org/0000-0001-8662-8103,openalex
A5000189941,https://openalex.org/A5000189941,Shilpika,,openalex
A5078567249,https://openalex.org/A5078567249,Naohisa Sakamoto,https://orcid.org/0000-0002-9210-467X,openalex
A5084533941,https://openalex.org/A5084533941,Jorji Nonaka,https://orcid.org/0000-0001-6809-6393,openalex
A5101289240,https://openalex.org/A5101289240,Keiji Yamamoto,,openalex
A5045340030,https://openalex.org/A5045340030,Zachary Leggon,https://orcid.org/0000-0003-4716-1488,openalex
A5100327659,https://openalex.org/A5100327659,Young Hoon Kim,https://orcid.org/0000-0003-0265-3825,openalex
A5073390361,https://openalex.org/A5073390361,Chen Shi,https://orcid.org/0000-0002-4615-4123,openalex
A5049684321,https://openalex.org/A5049684321,Xilong Shen,,openalex
A5112329256,https://openalex.org/A5112329256,Lihong Cai,,openalex
A5102706250,https://openalex.org/A5102706250,Haoxuan Wang,https://orcid.org/0009-0003-8318-4529,openalex
A5100664249,https://openalex.org/A5100664249,Yuhua Liu,https://orcid.org/0000-0003-0600-4056,openalex
A5067411932,https://openalex.org/A5067411932,Zexian Chen,https://orcid.org/0000-0002-2966-3065,openalex
A5001029563,https://openalex.org/A5001029563,Dongshi Xu,,openalex
A5034088838,https://openalex.org/A5034088838,Xiangyang Wu,https://orcid.org/0000-0003-2599-506X,openalex
A5020020184,https://openalex.org/A5020020184,Chengqiao Lin,,openalex
A5056910392,https://openalex.org/A5056910392,Juncong Lin,https://orcid.org/0000-0001-6500-6655,openalex
A5070181158,https://openalex.org/A5070181158,Jincheng Jiang,https://orcid.org/0000-0001-5522-6910,openalex
A5006593097,https://openalex.org/A5006593097,Robert Kincaid,https://orcid.org/0000-0002-4344-0853,openalex
A5100398611,https://openalex.org/A5100398611,Yifan Wang,https://orcid.org/0009-0006-2759-2730,openalex
A5004534638,https://openalex.org/A5004534638,Guoli Yan,https://orcid.org/0000-0002-2501-5300,openalex
A5000705218,https://openalex.org/A5000705218,Haikuan Zhu,https://orcid.org/0000-0001-5740-0599,openalex
A5029379745,https://openalex.org/A5029379745,Sagar Buch,https://orcid.org/0000-0001-9483-269X,openalex
A5100346965,https://openalex.org/A5100346965,Ying Wang,https://orcid.org/0000-0001-5172-4736,openalex
A5049451858,https://openalex.org/A5049451858,E. Mark Haacke,https://orcid.org/0000-0003-4965-7954,openalex
A5102022483,https://openalex.org/A5102022483,Jing Hua,https://orcid.org/0000-0002-3981-2933,openalex
A5082598478,https://openalex.org/A5082598478,Zichun Zhong,https://orcid.org/0000-0001-6489-6502,openalex
A5103280801,https://openalex.org/A5103280801,Ben Jacobsen,https://orcid.org/0000-0002-1934-7712,openalex
A5055507757,https://openalex.org/A5055507757,Vahan Yoghourdjian,https://orcid.org/0000-0002-2850-1339,openalex
A5084091640,https://openalex.org/A5084091640,Lee Lawrence,https://orcid.org/0000-0002-1336-9136,openalex
A5040517720,https://openalex.org/A5040517720,Michael Wybrow,https://orcid.org/0000-0001-5536-7780,openalex
A5101060059,https://openalex.org/A5101060059,Yuanzhe Hu,,openalex
A5025965660,https://openalex.org/A5025965660,Yuxuan Hou,https://orcid.org/0000-0002-0880-6418,openalex
A5084035008,https://openalex.org/A5084035008,Liangjun Liu,,openalex
A5085847955,https://openalex.org/A5085847955,Kaiyuan Zhang,https://orcid.org/0009-0005-2707-9948,openalex
A5050608183,https://openalex.org/A5050608183,Zezheng Feng,https://orcid.org/0000-0003-4874-8133,openalex
A5010240403,https://openalex.org/A5010240403,Shuang‐hua Yang,https://orcid.org/0000-0003-0717-5009,openalex
A5047803478,https://openalex.org/A5047803478,Elaine Huynh,,openalex
A5087541737,https://openalex.org/A5087541737,Angela Nyhout,https://orcid.org/0000-0003-3852-9527,openalex
A5017451873,https://openalex.org/A5017451873,Patricia A. Ganea,https://orcid.org/0000-0003-0119-7987,openalex
A5102922863,https://openalex.org/A5102922863,Ngan Nguyen,https://orcid.org/0000-0003-0054-801X,openalex
A5009473523,https://openalex.org/A5009473523,Ondřej Strnad,https://orcid.org/0000-0002-8077-4692,openalex
A5005537804,https://openalex.org/A5005537804,Tobias Klein,https://orcid.org/0000-0001-9455-7587,openalex
A5014905815,https://openalex.org/A5014905815,Ruwayda Alharbi,https://orcid.org/0000-0003-2544-417X,openalex
A5076768552,https://openalex.org/A5076768552,Peter Wonka,https://orcid.org/0000-0003-0627-9746,openalex
A5051680646,https://openalex.org/A5051680646,Martina Maritan,https://orcid.org/0000-0001-9901-1153,openalex
A5088614523,https://openalex.org/A5088614523,Peter Mindek,https://orcid.org/0000-0002-9434-5952,openalex
A5080082986,https://openalex.org/A5080082986,Ludovic Autin,https://orcid.org/0000-0002-2197-191X,openalex
A5040337866,https://openalex.org/A5040337866,David S. Goodsell,https://orcid.org/0000-0002-5932-2130,openalex
A5079524619,https://openalex.org/A5079524619,Dhiraj Barnwal,,openalex
A5015653458,https://openalex.org/A5015653458,Rupayan Neogy,,openalex
A5073124436,https://openalex.org/A5073124436,Jun Han,https://orcid.org/0000-0002-7286-062X,openalex
A5074718306,https://openalex.org/A5074718306,Hao Zheng,https://orcid.org/0000-0002-9790-7607,openalex
A5004280362,https://openalex.org/A5004280362,Yunhao Xing,,openalex
A5060901632,https://openalex.org/A5060901632,Danny Z. Chen,https://orcid.org/0000-0001-6565-2884,openalex
A5000261303,https://openalex.org/A5000261303,Jakob Jakob,,openalex
A5033076979,https://openalex.org/A5033076979,Markus Groß,https://orcid.org/0009-0003-9324-779X,openalex
A5062015463,https://openalex.org/A5062015463,Arlen Fan,https://orcid.org/0000-0002-8376-2881,openalex
A5073158087,https://openalex.org/A5073158087,Jingrui He,https://orcid.org/0000-0002-6429-6272,openalex
A5048466428,https://openalex.org/A5048466428,Arun Reddy Nelakurthi,,openalex
A5049104260,https://openalex.org/A5049104260,Laura J. Perovich,,openalex
A5080823228,https://openalex.org/A5080823228,Sara Wylie,https://orcid.org/0000-0002-2096-9260,openalex
A5024828673,https://openalex.org/A5024828673,Roseann Bongiovanni,,openalex
A5070461768,https://openalex.org/A5070461768,Zhenhua Xu,https://orcid.org/0000-0003-0700-2335,openalex
A5049188592,https://openalex.org/A5049188592,Kecheng Lu,https://orcid.org/0000-0001-5990-3296,openalex
A5112562638,https://openalex.org/A5112562638,Mi Feng,,openalex
A5091260693,https://openalex.org/A5091260693,Dani Lischinski,https://orcid.org/0000-0002-6191-0361,openalex
A5005647036,https://openalex.org/A5005647036,Zhanglin Cheng,https://orcid.org/0000-0002-3360-2679,openalex
A5100332661,https://openalex.org/A5100332661,Zhen Li,https://orcid.org/0000-0003-1491-5714,openalex
A5029506224,https://openalex.org/A5029506224,Yafeng Lu,https://orcid.org/0000-0002-3978-9550,openalex
A5003419563,https://openalex.org/A5003419563,Kelei Cao,https://orcid.org/0000-0002-1657-4397,openalex
A5110633723,https://openalex.org/A5110633723,Fangfang Sheng,,openalex
A5087312966,https://openalex.org/A5087312966,Zuobin Wang,https://orcid.org/0000-0002-7168-0918,openalex
A5051018472,https://openalex.org/A5051018472,Tom Baumgartl,https://orcid.org/0000-0002-5495-1544,openalex
A5076756639,https://openalex.org/A5076756639,Markus Petzold,https://orcid.org/0000-0001-6622-5550,openalex
A5076428998,https://openalex.org/A5076428998,Marcel Wunderlich,https://orcid.org/0000-0003-1510-733X,openalex
A5073022588,https://openalex.org/A5073022588,Markus Höhn,https://orcid.org/0000-0001-7732-0721,openalex
A5055106396,https://openalex.org/A5055106396,Mark J. Lieser,https://orcid.org/0000-0002-1373-1211,openalex
A5038034454,https://openalex.org/A5038034454,Alexander H. Dalpke,https://orcid.org/0000-0003-1648-6618,openalex
A5051740940,https://openalex.org/A5051740940,Simone Scheithauer,https://orcid.org/0000-0003-0773-4739,openalex
A5024392920,https://openalex.org/A5024392920,Michael Marschollek,https://orcid.org/0000-0002-5921-3073,openalex
A5048659639,https://openalex.org/A5048659639,Vanessa M. Eichel,https://orcid.org/0000-0003-3259-2920,openalex
A5066551739,https://openalex.org/A5066551739,Nico T. Mutters,https://orcid.org/0000-0002-0156-9595,openalex
A5096058722,https://openalex.org/A5096058722,Hepfreepak Consortium,,openalex
A5025071606,https://openalex.org/A5025071606,Jacob Ritchie,https://orcid.org/0000-0001-9526-6378,openalex
A5101731429,https://openalex.org/A5101731429,Jingtao Zhou,https://orcid.org/0009-0005-8041-8179,openalex
A5101288188,https://openalex.org/A5101288188,Yating Lin,https://orcid.org/0009-0000-6568-2661,openalex
A5035080566,https://openalex.org/A5035080566,Bo Dong,https://orcid.org/0000-0001-7695-9072,openalex
A5041083459,https://openalex.org/A5041083459,Qinghua Zheng,https://orcid.org/0000-0002-8436-4754,openalex
A5102836607,https://openalex.org/A5102836607,Jiayun Fu,https://orcid.org/0009-0007-4824-007X,openalex
A5101958227,https://openalex.org/A5101958227,Bin Zhu,https://orcid.org/0000-0003-3903-0752,openalex
A5100619501,https://openalex.org/A5100619501,Ge Song,https://orcid.org/0000-0002-2159-8203,openalex
A5046130202,https://openalex.org/A5046130202,Yuanyuan Tang,https://orcid.org/0000-0003-2946-7782,openalex
A5109792165,https://openalex.org/A5109792165,Xiaojing Ma,https://orcid.org/0000-0001-6363-3209,openalex
A5058918302,https://openalex.org/A5058918302,Madison Elliott,,openalex
A5063629557,https://openalex.org/A5063629557,Christine Nothelfer,,openalex
A5019815997,https://openalex.org/A5019815997,Madeleine Grunde Mclaughlin,https://orcid.org/0000-0001-7290-068X,openalex
A5016520165,https://openalex.org/A5016520165,Maximilian T. Fischer,https://orcid.org/0000-0001-8076-1376,openalex
A5108271365,https://openalex.org/A5108271365,Devanshu Arya,,openalex
A5089258041,https://openalex.org/A5089258041,Dirk Streeb,,openalex
A5019671636,https://openalex.org/A5019671636,Daniel Seebacher,https://orcid.org/0000-0003-0097-5855,openalex
A5070684680,https://openalex.org/A5070684680,Marcel Worring,https://orcid.org/0000-0003-4097-4136,openalex
A5087199227,https://openalex.org/A5087199227,Duong Thi Anh Hoang,https://orcid.org/0000-0003-4707-7198,openalex
A5069061531,https://openalex.org/A5069061531,Harsh Bhatia,https://orcid.org/0000-0001-8712-7773,openalex
A5046473651,https://openalex.org/A5046473651,Pavol Klacansky,,openalex
A5084707380,https://openalex.org/A5084707380,Will Usher,https://orcid.org/0000-0001-5008-8280,openalex
A5019902487,https://openalex.org/A5019902487,Peer‐timo Bremer,https://orcid.org/0000-0003-4107-3831,openalex
A5008404864,https://openalex.org/A5008404864,Xinyi Zhou,https://orcid.org/0009-0007-4780-7636,openalex
A5023009584,https://openalex.org/A5023009584,Stephen Kasica,https://orcid.org/0000-0002-9775-9720,openalex
A5041010052,https://openalex.org/A5041010052,Charles Berret,https://orcid.org/0000-0002-2796-6820,openalex
A5064219476,https://openalex.org/A5064219476,Paolo Buono,https://orcid.org/0000-0002-1421-3686,openalex
A5042895577,https://openalex.org/A5042895577,Paola Valdivia,https://orcid.org/0000-0002-8627-1316,openalex
A5086224045,https://openalex.org/A5086224045,Zengsheng Zhong,,openalex
A5064972852,https://openalex.org/A5064972852,Shuirun Wei,,openalex
A5016460032,https://openalex.org/A5016460032,Yeting Xu,,openalex
A5101659707,https://openalex.org/A5101659707,Feng Luo,https://orcid.org/0000-0001-6388-3339,openalex
A5103971587,https://openalex.org/A5103971587,Ronghua Shi,,openalex
A5033915638,https://openalex.org/A5033915638,Dylan Cashman,https://orcid.org/0000-0003-4853-5701,openalex
A5011244935,https://openalex.org/A5011244935,Shenyu Xu,https://orcid.org/0000-0003-0598-8049,openalex
A5102981760,https://openalex.org/A5102981760,Subhajit Das,https://orcid.org/0000-0002-4065-8793,openalex
A5061027107,https://openalex.org/A5061027107,Florian Heimerl,https://orcid.org/0000-0002-3943-2260,openalex
A5100331624,https://openalex.org/A5100331624,Cong Liu,https://orcid.org/0000-0002-9796-1371,openalex
A5086902270,https://openalex.org/A5086902270,Shah Rukh Humayoun,https://orcid.org/0000-0002-4645-8223,openalex
A5003133680,https://openalex.org/A5003133680,Heungseok Park,,openalex
A5012553015,https://openalex.org/A5012553015,Yoonsoo Nam,https://orcid.org/0000-0003-4680-4883,openalex
A5100377802,https://openalex.org/A5100377802,Ji‐hoon Kim,https://orcid.org/0000-0002-5212-1686,openalex
A5102026182,https://openalex.org/A5102026182,Bo Ma,https://orcid.org/0000-0001-5637-0703,openalex
A5004513620,https://openalex.org/A5004513620,Elham Sakhaee,https://orcid.org/0000-0003-0502-3634,openalex
A5058158315,https://openalex.org/A5058158315,Alireza Entezari,https://orcid.org/0000-0001-5037-4789,openalex
A5066189200,https://openalex.org/A5066189200,Dominik Engel,https://orcid.org/0000-0002-5766-7215,openalex
A5061059879,https://openalex.org/A5061059879,Timo Ropinski,https://orcid.org/0000-0002-7857-5512,openalex
A5110709331,https://openalex.org/A5110709331,Philip K. Berger,,openalex
A5039180428,https://openalex.org/A5039180428,Heidrun Schumann,,openalex
A5080478642,https://openalex.org/A5080478642,Reshika Palaniyappan Velumani,,openalex
A5055571891,https://openalex.org/A5055571891,Douglas Markant,https://orcid.org/0000-0003-0568-2648,openalex
A5055992752,https://openalex.org/A5055992752,Wenwen Dou,https://orcid.org/0000-0003-0319-9484,openalex
A5073217289,https://openalex.org/A5073217289,Matej Mlejnek,,openalex
A5041345169,https://openalex.org/A5041345169,Thomas Theubl,,openalex
A5033833921,https://openalex.org/A5033833921,Paulo J. S. Silva,https://orcid.org/0000-0003-1340-965X,openalex
A5052577630,https://openalex.org/A5052577630,Cláudio Silva,https://orcid.org/0000-0002-5831-2993,openalex
A5071641412,https://openalex.org/A5071641412,Arjun Choudhry,https://orcid.org/0000-0002-1718-3718,openalex
A5038358235,https://openalex.org/A5038358235,Mandar Sharma,https://orcid.org/0000-0002-7012-9323,openalex
A5025799993,https://openalex.org/A5025799993,Thomas Kapler,https://orcid.org/0000-0003-1957-9131,openalex
A5078046532,https://openalex.org/A5078046532,Derek Gray,https://orcid.org/0000-0003-4009-2125,openalex
A5035052603,https://openalex.org/A5035052603,Naren Ramakrishnan,https://orcid.org/0000-0002-1821-9743,openalex
A5004232884,https://openalex.org/A5004232884,Antonios Somarakis,https://orcid.org/0000-0003-1020-1562,openalex
A5002400455,https://openalex.org/A5002400455,Marieke E. Ijsselsteijn,https://orcid.org/0000-0002-8195-736X,openalex
A5083624725,https://openalex.org/A5083624725,Sietse J. Luk,https://orcid.org/0000-0002-6423-0994,openalex
A5012845744,https://openalex.org/A5012845744,Boyd Kenkhuis,https://orcid.org/0000-0002-4000-6779,openalex
A5065573589,https://openalex.org/A5065573589,Noel F.c.c. De Miranda,https://orcid.org/0000-0001-6122-1024,openalex
A5017694658,https://openalex.org/A5017694658,Tariq Yousef,https://orcid.org/0000-0001-6136-3970,openalex
A5037571749,https://openalex.org/A5037571749,Stefan Jänicke,https://orcid.org/0000-0001-9353-5212,openalex
A5100393571,https://openalex.org/A5100393571,Young Ho Kim,https://orcid.org/0000-0001-8302-9818,openalex
A5103242037,https://openalex.org/A5103242037,Hyunjoo Song,https://orcid.org/0000-0002-4931-2940,openalex
A5042323667,https://openalex.org/A5042323667,Bohyoung Kim,https://orcid.org/0000-0002-2183-5651,openalex
A5057538550,https://openalex.org/A5057538550,Natalia Andrienko,https://orcid.org/0000-0003-3313-1560,openalex
A5022699013,https://openalex.org/A5022699013,Gennady Andrienko,https://orcid.org/0000-0002-8574-6295,openalex
A5078198844,https://openalex.org/A5078198844,Jiacheng Pan,https://orcid.org/0000-0002-8676-9990,openalex
A5100632219,https://openalex.org/A5100632219,Xiaodong Zhao,https://orcid.org/0000-0001-8376-3350,openalex
A5080701169,https://openalex.org/A5080701169,Shuyue Zhou,https://orcid.org/0000-0002-2355-3738,openalex
A5100326501,https://openalex.org/A5100326501,Jian Chen,https://orcid.org/0000-0003-4769-1526,openalex
A5042897510,https://openalex.org/A5042897510,Zhibin Niu,https://orcid.org/0000-0002-5171-7648,openalex
A5002798053,https://openalex.org/A5002798053,Runlin Li,,openalex
A5102771812,https://openalex.org/A5102771812,Wu Junqi,https://orcid.org/0000-0002-1734-3347,openalex
A5069869295,https://openalex.org/A5069869295,Dawei Cheng,https://orcid.org/0000-0002-5877-7387,openalex
A5005494070,https://openalex.org/A5005494070,Cristina R. Ceja,https://orcid.org/0000-0002-7462-7979,openalex
A5084148624,https://openalex.org/A5084148624,Benjamin Karer,https://orcid.org/0000-0002-1311-837X,openalex
A5108428297,https://openalex.org/A5108428297,Hans Hagen,,openalex
A5055750487,https://openalex.org/A5055750487,Dirk J. Lehmann,https://orcid.org/0000-0002-8089-4408,openalex
A5102819951,https://openalex.org/A5102819951,Jonathas Costa,https://orcid.org/0000-0002-5008-5685,openalex
A5025397194,https://openalex.org/A5025397194,Alexander Böck,https://orcid.org/0000-0002-2849-6146,openalex
A5045433461,https://openalex.org/A5045433461,Carter Emmart,,openalex
A5065645994,https://openalex.org/A5065645994,Charles Hansen,https://orcid.org/0000-0002-8480-2152,openalex
A5101579765,https://openalex.org/A5101579765,Tianxiang Chen,https://orcid.org/0000-0002-7492-1377,openalex
A5080798381,https://openalex.org/A5080798381,Lei Zhang,https://orcid.org/0000-0002-6447-2053,openalex
A5101495078,https://openalex.org/A5101495078,Wei Chen,https://orcid.org/0000-0002-8814-1005,openalex
A5100350503,https://openalex.org/A5100350503,Yang Chen,https://orcid.org/0000-0003-4749-3060,openalex
A5101522343,https://openalex.org/A5101522343,Jonathan Zhang,https://orcid.org/0009-0005-8925-676X,openalex
A5020020080,https://openalex.org/A5020020080,Alexandra Lee,https://orcid.org/0000-0002-0208-3730,openalex
A5061839283,https://openalex.org/A5061839283,Brian Ondov,https://orcid.org/0000-0002-0740-1793,openalex
A5087971684,https://openalex.org/A5087971684,Oskár Elek,https://orcid.org/0000-0003-0549-3302,openalex
A5041908392,https://openalex.org/A5041908392,Joseph N. Burchett,https://orcid.org/0000-0002-1979-2197,openalex
A5027857474,https://openalex.org/A5027857474,J. X. Prochaska,https://orcid.org/0000-0002-7738-6875,openalex
A5075722001,https://openalex.org/A5075722001,Angus G. Forbes,https://orcid.org/0000-0002-8700-7795,openalex
A5030758481,https://openalex.org/A5030758481,Austin H. Patton,https://orcid.org/0000-0003-1286-9005,openalex
A5015120030,https://openalex.org/A5015120030,Luke J. Harmon,https://orcid.org/0000-0002-4985-5750,openalex
A5030239592,https://openalex.org/A5030239592,Chuan Bu,,openalex
A5058725831,https://openalex.org/A5058725831,Quanjie Zhang,,openalex
A5000413604,https://openalex.org/A5000413604,Xavier Tricoche,,openalex
A5072794464,https://openalex.org/A5072794464,Wayne Schlei,https://orcid.org/0000-0003-2811-3990,openalex
A5069943922,https://openalex.org/A5069943922,Kathleen C. Howell,https://orcid.org/0000-0002-1298-5017,openalex
A5085147134,https://openalex.org/A5085147134,Torin Mcdonald,https://orcid.org/0000-0002-1177-8470,openalex
A5047677160,https://openalex.org/A5047677160,Attila Gyulassy,https://orcid.org/0000-0002-6046-8022,openalex
A5002575061,https://openalex.org/A5002575061,Steve Petruzza,https://orcid.org/0000-0002-2649-1595,openalex
A5059119847,https://openalex.org/A5059119847,Frederick Federer,https://orcid.org/0000-0002-1340-865X,openalex
A5072475394,https://openalex.org/A5072475394,Alessandra Angelucci,https://orcid.org/0000-0002-1957-2231,openalex
A5045481063,https://openalex.org/A5045481063,Xinlong Zhang,https://orcid.org/0009-0004-8040-0553,openalex
A5101919507,https://openalex.org/A5101919507,Zhendong Yang,https://orcid.org/0000-0003-3681-5458,openalex
A5101855382,https://openalex.org/A5101855382,Yuanyuan Chen,https://orcid.org/0000-0002-0892-0771,openalex
A5102943951,https://openalex.org/A5102943951,Wen Jin,https://orcid.org/0000-0002-5992-2531,openalex
A5101934910,https://openalex.org/A5101934910,Binjie Chen,https://orcid.org/0000-0002-2064-6023,openalex
A5025376488,https://openalex.org/A5025376488,Francine Chen,,openalex
A5056362617,https://openalex.org/A5056362617,Jianping Kelvin Li,https://orcid.org/0000-0002-7702-7450,openalex
A5022892688,https://openalex.org/A5022892688,María Virginia Sabando,https://orcid.org/0000-0002-4385-7149,openalex
A5081589998,https://openalex.org/A5081589998,Matías Nicolás Selzer,https://orcid.org/0000-0002-6305-0668,openalex
A5070422569,https://openalex.org/A5070422569,Jan Mičan,https://orcid.org/0000-0002-8877-163X,openalex
A5008182880,https://openalex.org/A5008182880,Ignacio Ponzoni,https://orcid.org/0000-0002-6923-9592,openalex
A5074068834,https://openalex.org/A5074068834,Axel J. Soto,https://orcid.org/0000-0002-9021-7566,openalex
A5002000124,https://openalex.org/A5002000124,María Luján Ganuza,https://orcid.org/0000-0003-4576-2124,openalex
A5003045863,https://openalex.org/A5003045863,Vero Vanden Abeele,https://orcid.org/0000-0002-3031-9579,openalex
A5069623056,https://openalex.org/A5069623056,Senthil Chandrasegaran,https://orcid.org/0000-0003-0561-2148,openalex
A5089660348,https://openalex.org/A5089660348,Jan Zahálka,https://orcid.org/0000-0002-6743-3607,openalex
A5051025031,https://openalex.org/A5051025031,Jarke J. Van Wijk,https://orcid.org/0000-0002-5128-976X,openalex
A5019333583,https://openalex.org/A5019333583,Dan Zhang,https://orcid.org/0000-0003-0930-9162,openalex
A5008337640,https://openalex.org/A5008337640,Ali Sarvghad,https://orcid.org/0000-0003-3718-7043,openalex
A5036518572,https://openalex.org/A5036518572,Gerome Miklau,https://orcid.org/0000-0003-1369-9239,openalex
A5024186179,https://openalex.org/A5024186179,Duong B. Nguyen,https://orcid.org/0000-0002-2323-9642,openalex
A5019293298,https://openalex.org/A5019293298,Rodolfo Ostilla–mónico,https://orcid.org/0000-0001-7049-2432,openalex
A5061311189,https://openalex.org/A5061311189,John Wenskovitch,https://orcid.org/0000-0002-0573-6442,openalex
A5040060768,https://openalex.org/A5040060768,Ulrich Lang,https://orcid.org/0000-0001-7166-0805,openalex
A5109576204,https://openalex.org/A5109576204,Andres Lalama,,openalex
A5034209052,https://openalex.org/A5034209052,Benjamin Niedermann,https://orcid.org/0000-0001-6638-7250,openalex
A5074126331,https://openalex.org/A5074126331,Udo Schlegel,https://orcid.org/0000-0002-8266-0162,openalex
A5101700128,https://openalex.org/A5101700128,Mingdong Zhang,,openalex
A5100379176,https://openalex.org/A5100379176,Li Chen,https://orcid.org/0000-0001-7836-4849,openalex
A5080894318,https://openalex.org/A5080894318,Jun‐hai Yong,https://orcid.org/0000-0002-4326-4167,openalex
A5009949914,https://openalex.org/A5009949914,Michail Schwab,https://orcid.org/0000-0003-4427-3353,openalex
A5017887628,https://openalex.org/A5017887628,Shash Sinha,,openalex
A5034838576,https://openalex.org/A5034838576,Cristina Nita Rotaru,https://orcid.org/0000-0002-9649-6789,openalex
A5070975377,https://openalex.org/A5070975377,James Tompkin,https://orcid.org/0000-0003-2218-2899,openalex
A5110060027,https://openalex.org/A5110060027,Joyce Ma,,openalex
A5003048902,https://openalex.org/A5003048902,Jennifer Frazier,,openalex
A5065310344,https://openalex.org/A5065310344,Maximilian Weib,,openalex
A5073689447,https://openalex.org/A5073689447,Alexandra Voit,https://orcid.org/0000-0002-5023-6033,openalex
A5062786312,https://openalex.org/A5062786312,Magdalena Schwarzl,,openalex
A5040353906,https://openalex.org/A5040353906,Sven Mayer,https://orcid.org/0000-0001-5462-8782,openalex
A5055311360,https://openalex.org/A5055311360,Tobias Rapp,https://orcid.org/0000-0002-5436-5553,openalex
A5033421842,https://openalex.org/A5033421842,Christoph Peters,https://orcid.org/0000-0001-8140-1516,openalex
A5018442175,https://openalex.org/A5018442175,Wenbo Tao,,openalex
A5112852462,https://openalex.org/A5112852462,Xinli Hou,,openalex
A5091296386,https://openalex.org/A5091296386,Adam Sah,,openalex
A5074724644,https://openalex.org/A5074724644,Michael Stonebraker,https://orcid.org/0000-0001-9184-9058,openalex
A5100454062,https://openalex.org/A5100454062,Jie Liu,https://orcid.org/0000-0002-1215-5814,openalex
A5022380691,https://openalex.org/A5022380691,Guido Tack,https://orcid.org/0000-0003-3357-6498,openalex
A5090268064,https://openalex.org/A5090268064,Hiroaki Natsukawa,,openalex
A5015877702,https://openalex.org/A5015877702,Ethan R. Deyle,https://orcid.org/0000-0001-8704-8434,openalex
A5071602354,https://openalex.org/A5071602354,Gerald M. Pao,https://orcid.org/0000-0001-8719-2540,openalex
A5069861564,https://openalex.org/A5069861564,Koji Koyamada,https://orcid.org/0000-0002-4283-3954,openalex
A5005438899,https://openalex.org/A5005438899,George Sugihara,https://orcid.org/0000-0002-2863-6946,openalex
A5043608701,https://openalex.org/A5043608701,Khaled Al Thelaya,https://orcid.org/0000-0003-2363-4586,openalex
A5030066648,https://openalex.org/A5030066648,Jens Schneider,https://orcid.org/0000-0002-0546-2816,openalex
A5067755451,https://openalex.org/A5067755451,William H. Alexander,https://orcid.org/0000-0002-3723-4789,openalex
A5112506607,https://openalex.org/A5112506607,Jack Pegg,,openalex
A5052486843,https://openalex.org/A5052486843,Dora Kiesel,https://orcid.org/0000-0002-6283-2633,openalex
A5002833686,https://openalex.org/A5002833686,Patrick Riehmann,https://orcid.org/0000-0002-6956-466X,openalex
A5014375244,https://openalex.org/A5014375244,Henning Wachsmuth,https://orcid.org/0000-0003-2792-621X,openalex
A5027915931,https://openalex.org/A5027915931,Benno Stein,https://orcid.org/0000-0001-9033-2217,openalex
A5075539047,https://openalex.org/A5075539047,Bernd Froehlich,https://orcid.org/0000-0002-9439-1959,openalex
A5089177147,https://openalex.org/A5089177147,Wonyoung So,https://orcid.org/0000-0002-4867-3429,openalex
A5034972111,https://openalex.org/A5034972111,Edyta P. Bogucka,https://orcid.org/0000-0002-8774-2386,openalex
A5038043083,https://openalex.org/A5038043083,Sanja Šćepanović,https://orcid.org/0000-0002-1534-8128,openalex
A5061164871,https://openalex.org/A5061164871,Sagar Joglekar,https://orcid.org/0000-0002-8388-9137,openalex
A5101500495,https://openalex.org/A5101500495,Ke Zhou,,openalex
A5081008532,https://openalex.org/A5081008532,Daniele Quercia,https://orcid.org/0000-0001-9461-5804,openalex
A5009889779,https://openalex.org/A5009889779,Sabine Bauer,https://orcid.org/0000-0002-3014-895X,openalex
A5068022404,https://openalex.org/A5068022404,Francis Kilian,,openalex
A5081576889,https://openalex.org/A5081576889,Sebastian Mazza,,openalex
A5057757147,https://openalex.org/A5057757147,Daniel Patel,https://orcid.org/0000-0003-1155-4992,openalex
A5050543367,https://openalex.org/A5050543367,Lawrence Roy,https://orcid.org/0009-0003-8436-0029,openalex
A5088492233,https://openalex.org/A5088492233,Philipp Meschenmoser,,openalex
A5071098711,https://openalex.org/A5071098711,Juri Buchmüller,https://orcid.org/0000-0002-4713-911X,openalex
A5012353622,https://openalex.org/A5012353622,Martin Wikelski,https://orcid.org/0000-0002-9790-7025,openalex
A5100383960,https://openalex.org/A5100383960,Boyu Wang,https://orcid.org/0000-0003-2075-3731,openalex
A5038957718,https://openalex.org/A5038957718,Minh Hoai,,openalex
A5062034448,https://openalex.org/A5062034448,Kevin G. Yager,https://orcid.org/0000-0001-7745-2513,openalex
A5103818338,https://openalex.org/A5103818338,Wei Xu,https://orcid.org/0009-0007-5367-6732,openalex
A5053862853,https://openalex.org/A5053862853,Sabin Devkota,https://orcid.org/0000-0002-0610-6573,openalex
A5051501490,https://openalex.org/A5051501490,Pascal Aschwanden,,openalex
A5074020575,https://openalex.org/A5074020575,Adam Kunen,,openalex
A5109687011,https://openalex.org/A5109687011,M. Legendre,,openalex
A5088801169,https://openalex.org/A5088801169,Pascal Nardini,https://orcid.org/0000-0001-9509-3593,openalex
A5029495631,https://openalex.org/A5029495631,Mitchell Chen,https://orcid.org/0000-0002-3779-5615,openalex
A5063964395,https://openalex.org/A5063964395,Roxana Bujack,https://orcid.org/0000-0002-5479-3726,openalex
A5012964681,https://openalex.org/A5012964681,Michael Böttinger,https://orcid.org/0000-0001-9704-8235,openalex
A5029336209,https://openalex.org/A5029336209,Gerik Scheuermann,https://orcid.org/0000-0001-5200-8870,openalex
A5100442802,https://openalex.org/A5100442802,Xiaoyi Wang,https://orcid.org/0000-0003-2140-6782,openalex
A5045593944,https://openalex.org/A5045593944,Alexander Eiselmayer,,openalex
A5034680150,https://openalex.org/A5034680150,Wendy E. Mackay,https://orcid.org/0000-0001-8261-2382,openalex
A5015615908,https://openalex.org/A5015615908,Kasper Hornbæk,https://orcid.org/0000-0001-8742-1198,openalex
A5110687741,https://openalex.org/A5110687741,Chat Wacharamanotham,,openalex
A5100338921,https://openalex.org/A5100338921,Huan Liu,https://orcid.org/0000-0002-0253-647X,openalex
A5100323369,https://openalex.org/A5100323369,Hui Zhang,https://orcid.org/0000-0001-8366-8951,openalex
A5101637594,https://openalex.org/A5101637594,Guizhen Wang,https://orcid.org/0009-0001-5061-3169,openalex
A5008112425,https://openalex.org/A5008112425,Jingjing Guo,https://orcid.org/0000-0002-4632-4364,openalex
A5101512458,https://openalex.org/A5101512458,Mingjie Tang,https://orcid.org/0000-0002-8893-4574,openalex
A5075473605,https://openalex.org/A5075473605,José F. De Queiroz Neto,https://orcid.org/0000-0002-7701-0368,openalex
A5000175003,https://openalex.org/A5000175003,Calvin Yau,https://orcid.org/0000-0003-3319-3841,openalex
A5070883643,https://openalex.org/A5070883643,Anas Daghistani,https://orcid.org/0000-0002-4895-4714,openalex
A5050595151,https://openalex.org/A5050595151,Morteza Karimzadeh,https://orcid.org/0000-0002-6498-1763,openalex
A5000123743,https://openalex.org/A5000123743,Walid G. Aref,https://orcid.org/0000-0001-8169-7775,openalex
A5018584803,https://openalex.org/A5018584803,David S. Ebert,https://orcid.org/0000-0001-6177-1296,openalex
A5020005843,https://openalex.org/A5020005843,Suyun Lsandrar Bae,,openalex
A5065789205,https://openalex.org/A5065789205,Federico Rossi,https://orcid.org/0000-0002-8091-881X,openalex
A5061885176,https://openalex.org/A5061885176,Joshua Vander Hook,https://orcid.org/0000-0002-0493-237X,openalex
A5007603754,https://openalex.org/A5007603754,Scott Davidoff,https://orcid.org/0000-0002-4417-7268,openalex
A5022783388,https://openalex.org/A5022783388,Annemieke Verbraeck,,openalex
A5071777317,https://openalex.org/A5071777317,Rongzheng Bian,,openalex
A5010714340,https://openalex.org/A5010714340,Baoquan Chen,https://orcid.org/0000-0003-4702-036X,openalex
A5006952113,https://openalex.org/A5006952113,Katy Williams,https://orcid.org/0000-0003-0864-1446,openalex
A5101640687,https://openalex.org/A5101640687,David Groß,https://orcid.org/0000-0001-8793-9915,openalex
A5100727864,https://openalex.org/A5100727864,Md. Iqbal Hossain,https://orcid.org/0000-0001-6212-7638,openalex
A5006196334,https://openalex.org/A5006196334,Vahan Huroyan,https://orcid.org/0000-0002-1596-6962,openalex
A5055025904,https://openalex.org/A5055025904,Raymundo Navarrete,https://orcid.org/0000-0002-9317-0943,openalex
A5005663679,https://openalex.org/A5005663679,My T. Thai,https://orcid.org/0000-0003-0503-2012,openalex
A5091569809,https://openalex.org/A5091569809,Boyan Zheng,https://orcid.org/0000-0003-4443-6589,openalex
A5042938029,https://openalex.org/A5042938029,Juraj Pálenik,,openalex
A5072464496,https://openalex.org/A5072464496,Thomas Spengler,https://orcid.org/0000-0002-1747-6385,openalex
A5022655122,https://openalex.org/A5022655122,Kristína Zákopčanová,,openalex
A5031874754,https://openalex.org/A5031874754,Marko Řeháček,,openalex
A5080089561,https://openalex.org/A5080089561,Jozef Bátrna,,openalex
A5002378541,https://openalex.org/A5002378541,Daniel Plakinger,,openalex
A5007804770,https://openalex.org/A5007804770,Sergej Stoppel,,openalex
A5001186358,https://openalex.org/A5001186358,Thomas Ortner,https://orcid.org/0000-0002-9373-6409,openalex
A5067696548,https://openalex.org/A5067696548,Rebecca Nowak,https://orcid.org/0009-0005-7996-1449,openalex
A5030913654,https://openalex.org/A5030913654,Robert Barnes,https://orcid.org/0000-0001-7864-4824,openalex
A5040165209,https://openalex.org/A5040165209,Christian Heine,https://orcid.org/0000-0001-7067-5650,openalex
A5032693567,https://openalex.org/A5032693567,Ahsan Qamar,,openalex
A5082178510,https://openalex.org/A5082178510,Tolga Bolukbasi,,openalex
A5085572000,https://openalex.org/A5085572000,Jimbo Wilson,,openalex
A5066063583,https://openalex.org/A5066063583,Caleb Robinson,,openalex
A5060162507,https://openalex.org/A5060162507,Ángel Alexander Cabrera,https://orcid.org/0000-0003-0348-3362,openalex
A5045592180,https://openalex.org/A5045592180,Jamie Morgenstern,https://orcid.org/0000-0003-3753-8405,openalex
A5004978832,https://openalex.org/A5004978832,Thilo Spinner,https://orcid.org/0000-0002-1168-1804,openalex
A5109040635,https://openalex.org/A5109040635,Hanna Schäfer,,openalex
A5029771386,https://openalex.org/A5029771386,Jorge Wagner,https://orcid.org/0000-0002-7016-3142,openalex
A5085460170,https://openalex.org/A5085460170,Wolfgang Stuerzlinger,https://orcid.org/0000-0002-7110-5024,openalex
A5020976385,https://openalex.org/A5020976385,Luciana Nedel,https://orcid.org/0000-0002-2390-1392,openalex
A5008962649,https://openalex.org/A5008962649,Zhida Sun,https://orcid.org/0000-0003-4689-986X,openalex
A5025567094,https://openalex.org/A5025567094,Ke Xu,https://orcid.org/0000-0001-5855-3810,openalex
A5028376903,https://openalex.org/A5028376903,Andrew Cunningham,https://orcid.org/0000-0003-2536-3011,openalex
A5070284079,https://openalex.org/A5070284079,Bruce H. Thomas,https://orcid.org/0000-0002-9148-085X,openalex
A5100604886,https://openalex.org/A5100604886,Bowen Yu,https://orcid.org/0000-0002-6804-1859,openalex
A5100760119,https://openalex.org/A5100760119,Bei Chen,https://orcid.org/0000-0003-4542-5291,openalex
A5033174228,https://openalex.org/A5033174228,Lei Fang,https://orcid.org/0000-0003-2510-1281,openalex
A5081950809,https://openalex.org/A5081950809,Jian Guan Lou,,openalex
A5045378026,https://openalex.org/A5045378026,Oh Hyun Kwon,https://orcid.org/0000-0002-7614-0451,openalex
A5023953972,https://openalex.org/A5023953972,Christian Frisson,https://orcid.org/0000-0003-0768-3257,openalex
A5021674827,https://openalex.org/A5021674827,Mieka West,,openalex
A5026296265,https://openalex.org/A5026296265,Matthias Kraus,https://orcid.org/0000-0001-5398-3109,openalex
A5088066148,https://openalex.org/A5088066148,Niklas Weiler,,openalex
A5072598654,https://openalex.org/A5072598654,Daniela Oelke,,openalex
A5111966355,https://openalex.org/A5111966355,J. Kehrer,,openalex
A5112473119,https://openalex.org/A5112473119,Kejian Zhao,,openalex
A5061957179,https://openalex.org/A5061957179,Jia‐kai Chou,,openalex
A5029588473,https://openalex.org/A5029588473,Jundong Li,https://orcid.org/0000-0002-1878-817X,openalex
A5003582509,https://openalex.org/A5003582509,Xiaobo Luo,https://orcid.org/0000-0003-0453-490X,openalex
A5036555199,https://openalex.org/A5036555199,Xiaoru Lin,,openalex
A5100767423,https://openalex.org/A5100767423,Hairong Wang,https://orcid.org/0000-0002-9558-981X,openalex
A5077488582,https://openalex.org/A5077488582,Xiaoyan Kui,https://orcid.org/0000-0002-9957-7867,openalex
A5100639872,https://openalex.org/A5100639872,Jinsong Wang,https://orcid.org/0000-0002-6484-7142,openalex
A5100613649,https://openalex.org/A5100613649,Yi Chen,https://orcid.org/0000-0002-4141-0554,openalex
A5035560166,https://openalex.org/A5035560166,Ye Xi,,openalex
A5100350382,https://openalex.org/A5100350382,Yang Chen,https://orcid.org/0000-0001-9406-8273,openalex
A5022951041,https://openalex.org/A5022951041,Alexander Mordvintsev,,openalex
A5061568946,https://openalex.org/A5061568946,Eun Kyoung Choe,https://orcid.org/0000-0001-5038-8320,openalex
A5038566732,https://openalex.org/A5038566732,Won Dong Jang,https://orcid.org/0000-0002-5205-1024,openalex
A5081885843,https://openalex.org/A5081885843,Artem Sokolov,https://orcid.org/0000-0002-8056-0504,openalex
A5059179417,https://openalex.org/A5059179417,Stephen Smart,,openalex
A5060574964,https://openalex.org/A5060574964,Keke Wu,https://orcid.org/0000-0003-2361-7284,openalex
A5063248557,https://openalex.org/A5063248557,Joel Shapiro,,openalex
A5103778313,https://openalex.org/A5103778313,Mukund Raj,,openalex
A5023994860,https://openalex.org/A5023994860,Youssef S. G. Nashed,https://orcid.org/0000-0001-6146-3939,openalex
A5069237103,https://openalex.org/A5069237103,Adam Bradley,https://orcid.org/0000-0002-7901-7563,openalex
A5048992354,https://openalex.org/A5048992354,Jo Wood,https://orcid.org/0000-0001-9270-247X,openalex
A5100390339,https://openalex.org/A5100390339,Jiahui Chen,https://orcid.org/0000-0003-3980-0294,openalex
A5008974159,https://openalex.org/A5008974159,Ren Ping Liu,https://orcid.org/0000-0001-7001-6305,openalex
A5100332272,https://openalex.org/A5100332272,Zhibin Wang,https://orcid.org/0000-0001-7502-2181,openalex
A5111249520,https://openalex.org/A5111249520,Zhiguang Yang,,openalex
A5035067971,https://openalex.org/A5035067971,Nicole Jardine,https://orcid.org/0000-0001-5472-4029,openalex
A5025624671,https://openalex.org/A5025624671,Lin Yan,https://orcid.org/0000-0001-7017-0329,openalex
A5101536052,https://openalex.org/A5101536052,Yusu Wang,https://orcid.org/0000-0001-7950-4348,openalex
A5043905996,https://openalex.org/A5043905996,Elizabeth Munch,https://orcid.org/0000-0002-9459-9493,openalex
A5027360301,https://openalex.org/A5027360301,Ellen Gasparovic,https://orcid.org/0000-0003-3775-9785,openalex
A5100413125,https://openalex.org/A5100413125,Jiali Liu,https://orcid.org/0000-0002-8732-6139,openalex
A5079537893,https://openalex.org/A5079537893,Nadia Boukhelifa,https://orcid.org/0000-0002-0541-8022,openalex
A5034670941,https://openalex.org/A5034670941,James Eagan,https://orcid.org/0000-0002-7107-7035,openalex
A5086690079,https://openalex.org/A5086690079,Tengfei Ma,https://orcid.org/0000-0002-1086-529X,openalex
A5021313671,https://openalex.org/A5021313671,Rafael Henkin,https://orcid.org/0000-0002-5511-5230,openalex
A5076214057,https://openalex.org/A5076214057,Olivier Thonnard,https://orcid.org/0000-0003-2390-0346,openalex
A5064609689,https://openalex.org/A5064609689,Irene Baeza Rojo,https://orcid.org/0000-0002-3858-6612,openalex
A5100377647,https://openalex.org/A5100377647,Yun Wang,https://orcid.org/0000-0002-9732-9245,openalex
A5049886136,https://openalex.org/A5049886136,Bo Qiao,https://orcid.org/0000-0002-8997-8317,openalex
A5027659574,https://openalex.org/A5027659574,Si Qin,https://orcid.org/0000-0002-8698-1860,openalex
A5100359961,https://openalex.org/A5100359961,Yong Xu,https://orcid.org/0000-0003-0530-2123,openalex
A5047673441,https://openalex.org/A5047673441,Casimir J. H. Ludwig,https://orcid.org/0000-0003-4656-0751,openalex
A5014829491,https://openalex.org/A5014829491,Dietmar Offenhuber,https://orcid.org/0000-0002-8434-7786,openalex
A5108254488,https://openalex.org/A5108254488,Zeyu Wang,https://orcid.org/0009-0002-0619-3635,openalex
A5102864747,https://openalex.org/A5102864747,Tingting Liu,https://orcid.org/0000-0002-3469-275X,openalex
A5080592510,https://openalex.org/A5080592510,Fearn Bishop,,openalex
A5055302193,https://openalex.org/A5055302193,Johannes Zagermann,https://orcid.org/0000-0002-6757-9753,openalex
A5023079701,https://openalex.org/A5023079701,Ulrike Pfeil,,openalex
A5019656364,https://openalex.org/A5019656364,Gemma Sanderson,,openalex
A5017670865,https://openalex.org/A5017670865,Harald Reiterer,https://orcid.org/0000-0001-8528-8928,openalex
A5026789962,https://openalex.org/A5026789962,Sebastian Gehrmann,https://orcid.org/0000-0002-8257-9516,openalex
A5067722075,https://openalex.org/A5067722075,Enamul Hoque,https://orcid.org/0000-0002-9789-6645,openalex
A5102817883,https://openalex.org/A5102817883,Yu Dong,https://orcid.org/0000-0002-2353-6567,openalex
A5108447612,https://openalex.org/A5108447612,Jie Liang,https://orcid.org/0000-0003-1145-0210,openalex
A5016032832,https://openalex.org/A5016032832,Jinson Zhang,,openalex
A5023826409,https://openalex.org/A5023826409,Tim Biedert,,openalex
A5003720256,https://openalex.org/A5003720256,Joseph Budin,,openalex
A5064049630,https://openalex.org/A5064049630,Yating Wei,,openalex
A5076947913,https://openalex.org/A5076947913,Honghui Mei,https://orcid.org/0000-0003-2750-5933,openalex
A5003970839,https://openalex.org/A5003970839,Bingru Lin,,openalex
A5044724054,https://openalex.org/A5044724054,Haojing Jiang,,openalex
A5054725183,https://openalex.org/A5054725183,Emmanuel Pietriga,https://orcid.org/0000-0002-9762-0462,openalex
A5053361220,https://openalex.org/A5053361220,Tong Ge,https://orcid.org/0000-0002-6758-9652,openalex
A5100410001,https://openalex.org/A5100410001,Jian Zhang,https://orcid.org/0000-0002-7852-4934,openalex
A5019736958,https://openalex.org/A5019736958,Amira Chalbi,,openalex
A5006834901,https://openalex.org/A5006834901,Deokgun Park,https://orcid.org/0000-0003-0054-9944,openalex
A5113727991,https://openalex.org/A5113727991,Jun Gu Choi,,openalex
A5018780651,https://openalex.org/A5018780651,Nicolas Roussel,https://orcid.org/0000-0003-3457-9826,openalex
A5016043799,https://openalex.org/A5016043799,Tingkai Sha,,openalex
A5013253784,https://openalex.org/A5013253784,Doris Jung‐lin Lee,https://orcid.org/0000-0003-1922-2482,openalex
A5100383910,https://openalex.org/A5100383910,J. Jack Lee,https://orcid.org/0000-0001-5469-9214,openalex
A5079891721,https://openalex.org/A5079891721,Tarique Siddiqui,https://orcid.org/0009-0002-0866-7275,openalex
A5100720869,https://openalex.org/A5100720869,Jaewoo Kim,https://orcid.org/0000-0002-0811-3072,openalex
A5075056899,https://openalex.org/A5075056899,Karrie Karahalios,https://orcid.org/0000-0001-8788-3405,openalex
A5013608601,https://openalex.org/A5013608601,Aditya Parameswaran,https://orcid.org/0000-0002-4538-4752,openalex
A5021285117,https://openalex.org/A5021285117,Matt Whitlock,,openalex
A5041069650,https://openalex.org/A5041069650,Mosab Khayat,https://orcid.org/0000-0002-6166-9889,openalex
A5101683904,https://openalex.org/A5101683904,Shuai Chen,https://orcid.org/0000-0002-9310-6300,openalex
A5038789350,https://openalex.org/A5038789350,Tom Polk,,openalex
A5002672249,https://openalex.org/A5002672249,Johannes Hausler,,openalex
A5032694211,https://openalex.org/A5032694211,Jing Yang,https://orcid.org/0000-0001-9218-6954,openalex
A5020760347,https://openalex.org/A5020760347,Alexandra Diehl,https://orcid.org/0000-0002-2943-4051,openalex
A5050668117,https://openalex.org/A5050668117,Joshua Shrestha,,openalex
A5076622540,https://openalex.org/A5076622540,Subhashis Hazarika,https://orcid.org/0000-0003-0575-9318,openalex
A5056610892,https://openalex.org/A5056610892,Ching‐shan Chou,https://orcid.org/0000-0001-8954-4845,openalex
A5100344522,https://openalex.org/A5100344522,Wei Chen,https://orcid.org/0000-0003-0065-3610,openalex
A5111998339,https://openalex.org/A5111998339,Yi‐shan Lin,,openalex
A5032121234,https://openalex.org/A5032121234,Dan Goldwasser,https://orcid.org/0000-0001-9326-8601,openalex
A5035319717,https://openalex.org/A5035319717,Sarkis Halladjian,,openalex
A5078150260,https://openalex.org/A5078150260,Haichao Miao,https://orcid.org/0000-0001-6580-2918,openalex
A5031138186,https://openalex.org/A5031138186,David Kouřil,https://orcid.org/0000-0003-4043-3487,openalex
A5061526935,https://openalex.org/A5061526935,P. Samuel Quinan,,openalex
A5038032626,https://openalex.org/A5038032626,Ian T. Ruginski,https://orcid.org/0000-0001-5117-8210,openalex
A5013181392,https://openalex.org/A5013181392,Sarah H. Creem Regehr,https://orcid.org/0000-0001-7740-1118,openalex
A2623901632,https://openalex.org/A2623901632,Frederik L Dennig,https://orcid.org/0000-0003-1116-8450,openalex
A2311807805,https://openalex.org/A2311807805,Tom Polk,,openalex
A2965587659,https://openalex.org/A2965587659,Zudi Lin,https://orcid.org/0000-0003-4176-8035,openalex
A2806002416,https://openalex.org/A2806002416,Tobias Schreck,https://orcid.org/0000-0003-0778-8665,openalex
A1847723389,https://openalex.org/A1847723389,Michael Behrisch,https://orcid.org/0000-0002-1102-103X,openalex
A5001225767,https://openalex.org/A5001225767,Mustafa Hajij,https://orcid.org/0000-0002-2625-9286,openalex
A5045099476,https://openalex.org/A5045099476,Peter Hanula,,openalex
A5083540777,https://openalex.org/A5083540777,Timothy Luciani,https://orcid.org/0000-0003-0265-684X,openalex
A5047111624,https://openalex.org/A5047111624,Baher Elgohari,https://orcid.org/0000-0001-7694-6466,openalex
A5089122189,https://openalex.org/A5089122189,Hesham Elhalawani,https://orcid.org/0000-0001-9848-2623,openalex
A5053909459,https://openalex.org/A5053909459,David M. Vock,https://orcid.org/0000-0002-5459-9579,openalex
A5034425070,https://openalex.org/A5034425070,Seth Johnson,,openalex
A5022812959,https://openalex.org/A5022812959,Francesca Samsel,https://orcid.org/0000-0002-8596-6159,openalex
A5051077300,https://openalex.org/A5051077300,Gregory Abram,https://orcid.org/0000-0002-9879-4253,openalex
A5077567327,https://openalex.org/A5077567327,Daniel Olson,,openalex
A5021291098,https://openalex.org/A5021291098,Andrew Solis,https://orcid.org/0000-0002-8917-2874,openalex
A5056785481,https://openalex.org/A5056785481,Bridger Herman,,openalex
A5020713416,https://openalex.org/A5020713416,Phillip Wolfram,https://orcid.org/0000-0001-5971-4241,openalex
A5069089076,https://openalex.org/A5069089076,Christophe Lenglet,https://orcid.org/0000-0003-4646-3185,openalex
A5041529907,https://openalex.org/A5041529907,Rafael Veras,https://orcid.org/0000-0003-2253-1956,openalex
A5100382905,https://openalex.org/A5100382905,Dong Sun,https://orcid.org/0000-0003-3945-4037,openalex
A5055175414,https://openalex.org/A5055175414,Yuanzhe Chen,,openalex
A5062026103,https://openalex.org/A5062026103,Jia Zeng,https://orcid.org/0000-0001-9980-492X,openalex
A5109233250,https://openalex.org/A5109233250,Mingxuan Yuan,,openalex
A5003975427,https://openalex.org/A5003975427,Ting Chuen Pong,https://orcid.org/0000-0002-1699-8587,openalex
A5048919402,https://openalex.org/A5048919402,Mingming Fan,https://orcid.org/0000-0002-0356-4712,openalex
A5012994943,https://openalex.org/A5012994943,Ke Wu,https://orcid.org/0000-0002-8118-8011,openalex
A5100387858,https://openalex.org/A5100387858,Yue Li,https://orcid.org/0000-0003-3728-218X,openalex
A5034747934,https://openalex.org/A5034747934,Winter Wei,,openalex
A5021879561,https://openalex.org/A5021879561,Khai N. Truong,https://orcid.org/0000-0003-0774-5964,openalex
A5046982519,https://openalex.org/A5046982519,Peter Kerpedjiev,https://orcid.org/0000-0002-0454-1803,openalex
A5051193196,https://openalex.org/A5051193196,Aritra Dasgupta,https://orcid.org/0000-0002-5551-5103,openalex
A5110671171,https://openalex.org/A5110671171,Hong Wang,,openalex
A5108691146,https://openalex.org/A5108691146,Nancy D. O'brien,,openalex
A5020853176,https://openalex.org/A5020853176,Susannah M. Burrows,https://orcid.org/0000-0002-0745-7252,openalex
A5112620191,https://openalex.org/A5112620191,Harsh Shukla,,openalex
A5073315969,https://openalex.org/A5073315969,Geoffrey S. Young,https://orcid.org/0000-0001-8213-865X,openalex
A5044388347,https://openalex.org/A5044388347,Lei Qin,https://orcid.org/0000-0002-6708-1285,openalex
A5044784936,https://openalex.org/A5044784936,Amir A. Zamani,https://orcid.org/0000-0002-9101-4066,openalex
A5028506925,https://openalex.org/A5028506925,Liangge Hsu,https://orcid.org/0000-0002-8806-3334,openalex
A5066126749,https://openalex.org/A5066126749,Raymond Y. Huang,https://orcid.org/0000-0001-7661-797X,openalex
A5043288842,https://openalex.org/A5043288842,Andrey Krekhov,https://orcid.org/0000-0003-0637-6263,openalex
A5067833205,https://openalex.org/A5067833205,Sebastian Cmentowski,https://orcid.org/0000-0003-4555-6187,openalex
A5027308198,https://openalex.org/A5027308198,Andre Waschk,,openalex
A5087449583,https://openalex.org/A5087449583,Jens Krüger,https://orcid.org/0000-0002-9197-0613,openalex
A5084971891,https://openalex.org/A5084971891,Xiaowei Chu,,openalex
A5101947686,https://openalex.org/A5101947686,Kaiyi Zhang,https://orcid.org/0000-0002-0505-7343,openalex
A5101880832,https://openalex.org/A5101880832,Bao Chen,https://orcid.org/0000-0002-9342-4616,openalex
A5100371883,https://openalex.org/A5100371883,Xiaotong Li,https://orcid.org/0000-0003-4373-8243,openalex
A5007750024,https://openalex.org/A5007750024,Jian Zhang,https://orcid.org/0000-0003-1507-4718,openalex
A5011744375,https://openalex.org/A5011744375,Xuanwu Yue,https://orcid.org/0000-0002-9714-6545,openalex
A5026258275,https://openalex.org/A5026258275,Jiaxin Bai,https://orcid.org/0000-0002-8985-6467,openalex
A5040900232,https://openalex.org/A5040900232,Qinhan Liu,https://orcid.org/0009-0006-7309-4580,openalex
A5032237649,https://openalex.org/A5032237649,Yiyang Tang,https://orcid.org/0000-0002-3441-7918,openalex
A5019516751,https://openalex.org/A5019516751,Abishek Puri,,openalex
A5107340651,https://openalex.org/A5107340651,Ke Li,https://orcid.org/0000-0003-3598-4129,openalex
A5073513100,https://openalex.org/A5073513100,Alice Chu,https://orcid.org/0000-0001-6413-4938,openalex
A5019962521,https://openalex.org/A5019962521,Preeti Raghavan,https://orcid.org/0000-0002-7852-5005,openalex
A5070145454,https://openalex.org/A5070145454,Viswanath Aluru,,openalex
A5022341974,https://openalex.org/A5022341974,Emil Axelsson,https://orcid.org/0000-0003-3482-6356,openalex
A5079543434,https://openalex.org/A5079543434,Gene Payne,https://orcid.org/0000-0001-8022-4781,openalex
A5087808632,https://openalex.org/A5087808632,Micah Acinapura,,openalex
A5035009196,https://openalex.org/A5035009196,Vivian Trakinski,,openalex
A5053666302,https://openalex.org/A5053666302,Charles Hansen,,openalex
A5013887755,https://openalex.org/A5013887755,Alexander Soen,,openalex
A5066489048,https://openalex.org/A5066489048,Benjamin T. Readshaw,,openalex
A5021388582,https://openalex.org/A5021388582,Stephen M. Blackburn,https://orcid.org/0000-0001-6632-6001,openalex
A5040772427,https://openalex.org/A5040772427,Mitchell Whitelaw,https://orcid.org/0000-0003-4714-8507,openalex
A5049449495,https://openalex.org/A5049449495,Lexing Xie,https://orcid.org/0000-0001-8319-0118,openalex
A5101447377,https://openalex.org/A5101447377,Shuaiqi Wang,https://orcid.org/0000-0002-2780-7969,openalex
A5042130063,https://openalex.org/A5042130063,Noa Fish,,openalex
A5100636019,https://openalex.org/A5100636019,Yang Yue,https://orcid.org/0000-0001-6934-2357,openalex
A5036688260,https://openalex.org/A5036688260,Daniel Cohen‐or,https://orcid.org/0000-0001-6777-7445,openalex
A5100388805,https://openalex.org/A5100388805,Yanyan Wang,https://orcid.org/0009-0000-5116-7001,openalex
A5084392598,https://openalex.org/A5084392598,Xinyuan Yan,https://orcid.org/0000-0003-3373-330X,openalex
A5036782759,https://openalex.org/A5036782759,Zhaosong Huang,https://orcid.org/0000-0003-0354-8365,openalex
A5066997182,https://openalex.org/A5066997182,Shengjie Gao,,openalex
A5047130748,https://openalex.org/A5047130748,Kejie Yu,https://orcid.org/0009-0009-6046-7749,openalex
A5100623943,https://openalex.org/A5100623943,Weixia Xu,https://orcid.org/0009-0007-6327-7372,openalex
A5102006509,https://openalex.org/A5102006509,Mingjie Tang,https://orcid.org/0009-0008-5012-5035,openalex
A5101752888,https://openalex.org/A5101752888,Changhong Zhang,https://orcid.org/0009-0002-5181-1877,openalex
A5088137293,https://openalex.org/A5088137293,Sandy Engelhardt,https://orcid.org/0000-0001-8816-7654,openalex
A5110435937,https://openalex.org/A5110435937,Raffaele De Simone,,openalex
A5008786958,https://openalex.org/A5008786958,Hannah Kim,https://orcid.org/0000-0002-0137-7171,openalex
A5111693969,https://openalex.org/A5111693969,Dongjin Choi,,openalex
A5047863978,https://openalex.org/A5047863978,Barry Drake,https://orcid.org/0000-0003-4087-1524,openalex
A5101728710,https://openalex.org/A5101728710,Haesun Park,https://orcid.org/0000-0001-6259-7170,openalex
A5078222237,https://openalex.org/A5078222237,Samuel Leventhal,https://orcid.org/0000-0003-2454-0311,openalex
A5036757793,https://openalex.org/A5036757793,John J. Baglino,,openalex
A5068236602,https://openalex.org/A5068236602,Michael W. Czabaj,https://orcid.org/0000-0001-8132-2041,openalex
A5087469228,https://openalex.org/A5087469228,Ashley D. Spear,https://orcid.org/0000-0002-3933-3131,openalex
A5079272514,https://openalex.org/A5079272514,Bahador Saket,https://orcid.org/0000-0002-5896-0149,openalex
A5109433885,https://openalex.org/A5109433885,Robin Bader,,openalex
A5112353967,https://openalex.org/A5112353967,Michael Sprenger,,openalex
A5031905656,https://openalex.org/A5031905656,Nikolina Ban,https://orcid.org/0000-0002-1672-3655,openalex
A5097573644,https://openalex.org/A5097573644,Stefan Radisuhli,,openalex
A5029839417,https://openalex.org/A5029839417,Christoph Schär,https://orcid.org/0000-0002-4171-1613,openalex
A5112462951,https://openalex.org/A5112462951,Tobias Ganther,,openalex
A5048438758,https://openalex.org/A5048438758,Haris Mumtaz,,openalex
A5084913586,https://openalex.org/A5084913586,R. Jordan Crouser,https://orcid.org/0000-0001-9936-0791,openalex
A5082614315,https://openalex.org/A5082614315,Audace Nakeshimana,,openalex
A5087614901,https://openalex.org/A5087614901,Ananda Montoly,,openalex
A5101984980,https://openalex.org/A5101984980,Cong Wu,https://orcid.org/0000-0002-8652-3501,openalex
A5088714003,https://openalex.org/A5088714003,Ragini Rathore,,openalex
A5007213740,https://openalex.org/A5007213740,Zhen Cao,https://orcid.org/0000-0002-9341-3634,openalex
A5100418578,https://openalex.org/A5100418578,Chen Chen,https://orcid.org/0000-0003-4432-5790,openalex
A5100781916,https://openalex.org/A5100781916,Xue Bai,https://orcid.org/0000-0001-9717-846X,openalex
A5101523517,https://openalex.org/A5101523517,Shusen Liu,https://orcid.org/0000-0002-6455-8391,openalex
A5056062979,https://openalex.org/A5056062979,Jim Gaffney,https://orcid.org/0000-0002-2408-0047,openalex
A5112208869,https://openalex.org/A5112208869,Luc Peterson,,openalex
A5041858893,https://openalex.org/A5041858893,Peter Robinson,https://orcid.org/0000-0001-6668-6023,openalex
A5034354413,https://openalex.org/A5034354413,B. K. Spears,https://orcid.org/0000-0001-6946-8996,openalex
A5100401482,https://openalex.org/A5100401482,Di Wang,https://orcid.org/0000-0003-4908-0243,openalex
A5112096823,https://openalex.org/A5112096823,Dan Maljovec,,openalex
A5026742436,https://openalex.org/A5026742436,Rushil Anirudh,https://orcid.org/0000-0002-4186-3502,openalex
A5046632395,https://openalex.org/A5046632395,Jayaraman J. Thiagarajan,https://orcid.org/0000-0002-8517-5816,openalex
A5017294111,https://openalex.org/A5017294111,Sam Adé Jacobs,https://orcid.org/0000-0003-3425-5602,openalex
A5036789951,https://openalex.org/A5036789951,Brian C. Van Essen,https://orcid.org/0000-0002-2281-7500,openalex
A5078876685,https://openalex.org/A5078876685,David Hysom,,openalex
A5108398863,https://openalex.org/A5108398863,Jae Seung Yeom,,openalex
A5022367904,https://openalex.org/A5022367904,Fariba Khan,,openalex
A5012542802,https://openalex.org/A5012542802,Harry Yeh,https://orcid.org/0000-0002-2891-4555,openalex
A5047006333,https://openalex.org/A5047006333,Michael Schwärzler,,openalex
A5036235980,https://openalex.org/A5036235980,Christian Luksch,,openalex
A5079997473,https://openalex.org/A5079997473,Theresia Gschwandtner,https://orcid.org/0000-0002-9555-3374,openalex
A5106183469,https://openalex.org/A5106183469,Arif Ghafoor,,openalex
A5101848597,https://openalex.org/A5101848597,Yan Lyu,https://orcid.org/0000-0001-9959-9217,openalex
A5100331710,https://openalex.org/A5100331710,Xu Liu,https://orcid.org/0000-0002-8780-5455,openalex
A5083091649,https://openalex.org/A5083091649,Hanyi Chen,https://orcid.org/0000-0002-0300-3720,openalex
A5042540420,https://openalex.org/A5042540420,Arpan Mangal,,openalex
A5100399797,https://openalex.org/A5100399797,Kai Liu,https://orcid.org/0000-0001-5865-7724,openalex
A5100408359,https://openalex.org/A5100408359,Chao Chen,https://orcid.org/0000-0002-5385-3651,openalex
A5056248594,https://openalex.org/A5056248594,Brian Y. Lim,https://orcid.org/0000-0002-0543-2414,openalex
A5080082057,https://openalex.org/A5080082057,Chittayong Surakitbanharn,https://orcid.org/0000-0001-7371-0175,openalex
A5101738811,https://openalex.org/A5101738811,Zhenyu Cheryl Qian,https://orcid.org/0000-0002-7310-8608,openalex
A5077188850,https://openalex.org/A5077188850,Baldwin Nsonga,https://orcid.org/0000-0002-0651-952X,openalex
A5069807913,https://openalex.org/A5069807913,Jordi Ventosa Molina,https://orcid.org/0000-0002-8276-5001,openalex
A5054009736,https://openalex.org/A5054009736,Denis Koschichow,,openalex
A5062488503,https://openalex.org/A5062488503,Jochen Fröhlich,https://orcid.org/0000-0003-1653-5686,openalex
A5019441497,https://openalex.org/A5019441497,Adam Jurčík,,openalex
A5060860322,https://openalex.org/A5060860322,Ashok Jallepalli,https://orcid.org/0000-0003-0849-6170,openalex
A5103752748,https://openalex.org/A5103752748,Robert M. Kirby,,openalex
A5112462972,https://openalex.org/A5112462972,Tobias Gonther,,openalex
A5054156401,https://openalex.org/A5054156401,Ji Qi,https://orcid.org/0000-0002-6275-8234,openalex
A5049539242,https://openalex.org/A5049539242,Vincent Bloemen,,openalex
A5109301008,https://openalex.org/A5109301008,Shihan Wang,,openalex
A5025297422,https://openalex.org/A5025297422,Huub Van De Wetering,https://orcid.org/0000-0002-0517-1322,openalex
A5054339045,https://openalex.org/A5054339045,Ying Yang,https://orcid.org/0000-0001-9630-687X,openalex
A5017943466,https://openalex.org/A5017943466,Yuan Fang Li,https://orcid.org/0000-0003-4651-2821,openalex
A5035416919,https://openalex.org/A5035416919,Tobias Czauderna,https://orcid.org/0000-0002-1788-9593,openalex
A5024742201,https://openalex.org/A5024742201,Yongqun He,https://orcid.org/0000-0001-9189-9661,openalex
A5035982870,https://openalex.org/A5035982870,Alper Sarıkaya,https://orcid.org/0000-0003-0280-3707,openalex
A5010157704,https://openalex.org/A5010157704,Danyel Fisher,https://orcid.org/0000-0002-9019-5889,openalex
A5015755413,https://openalex.org/A5015755413,Minje Choi,,openalex
A5002184980,https://openalex.org/A5002184980,Joanne Taery Kim,,openalex
A5034622258,https://openalex.org/A5034622258,Edward Choi,https://orcid.org/0000-0002-5958-3509,openalex
A5016930939,https://openalex.org/A5016930939,Youngbin Kim,https://orcid.org/0000-0002-2114-0120,openalex
A5049474187,https://openalex.org/A5049474187,Soon‐wook Kwon,,openalex
A5084279065,https://openalex.org/A5084279065,Jimeng Sun,https://orcid.org/0000-0003-1512-6426,openalex
A5100367825,https://openalex.org/A5100367825,Chenglong Wang,https://orcid.org/0000-0003-2391-0923,openalex
A5019091316,https://openalex.org/A5019091316,Greg L. Nelson,https://orcid.org/0000-0002-6016-9727,openalex
A5037085696,https://openalex.org/A5037085696,Halden Lin,,openalex
A5055813085,https://openalex.org/A5055813085,Adam M. Smith,https://orcid.org/0000-0002-4519-8423,openalex
A5007124763,https://openalex.org/A5007124763,Bill Howe,https://orcid.org/0000-0001-8588-8472,openalex
A5100462860,https://openalex.org/A5100462860,Jiawei Zhang,https://orcid.org/0009-0003-6321-1593,openalex
A5100714578,https://openalex.org/A5100714578,Yang Wang,https://orcid.org/0000-0002-6815-0879,openalex
A5028406899,https://openalex.org/A5028406899,Piero Molino,,openalex
A5028843823,https://openalex.org/A5028843823,Lezhi Li,https://orcid.org/0000-0001-5872-0842,openalex
A5100774068,https://openalex.org/A5100774068,Jiabao Li,https://orcid.org/0000-0002-0679-1101,openalex
A5087518165,https://openalex.org/A5087518165,Junyoung Choi,https://orcid.org/0000-0002-4255-4402,openalex
A5025485089,https://openalex.org/A5025485089,Won‐ki Jeong,https://orcid.org/0000-0002-9393-6451,openalex
A5063519388,https://openalex.org/A5063519388,Xun Zhao,https://orcid.org/0000-0002-1767-6520,openalex
A5101547534,https://openalex.org/A5101547534,Yanhong Wu,https://orcid.org/0009-0008-8762-5041,openalex
A5036572194,https://openalex.org/A5036572194,Dik Lun Lee,https://orcid.org/0000-0002-2413-3882,openalex
A5034827759,https://openalex.org/A5034827759,Xiaoli Qiao,,openalex
A5056111015,https://openalex.org/A5056111015,Nikhil Thorat,https://orcid.org/0000-0002-5796-2396,openalex
A5088230949,https://openalex.org/A5088230949,Hao Yang,https://orcid.org/0000-0001-8143-8220,openalex
A5052035815,https://openalex.org/A5052035815,Richard Alligier,https://orcid.org/0000-0003-3279-8208,openalex
A5102139772,https://openalex.org/A5102139772,Cheng Tang,,openalex
A5074529716,https://openalex.org/A5074529716,Zhiyong Guo,https://orcid.org/0000-0002-9213-7842,openalex
A5019432893,https://openalex.org/A5019432893,Miaoxin Hu,,openalex
A5062793472,https://openalex.org/A5062793472,Haohui Chen,https://orcid.org/0000-0001-8976-3634,openalex
A5038705854,https://openalex.org/A5038705854,Dominik Sacha,,openalex
A5083915579,https://openalex.org/A5083915579,Sara Alspaugh,,openalex
A5032871072,https://openalex.org/A5032871072,Nava Zokaei,,openalex
A5067400866,https://openalex.org/A5067400866,Andrea J. Liu,https://orcid.org/0000-0002-2295-2729,openalex
A5074503362,https://openalex.org/A5074503362,Cindy Jin,,openalex
A5054793421,https://openalex.org/A5054793421,Connor Gramazio,https://orcid.org/0000-0001-8158-0454,openalex
A5080214212,https://openalex.org/A5080214212,Allison Silverman,,openalex
A5109404977,https://openalex.org/A5109404977,Madeline L. Parker,,openalex
A5012666938,https://openalex.org/A5012666938,Audrey S. Wang,https://orcid.org/0000-0001-5077-3456,openalex
A5058764721,https://openalex.org/A5058764721,Meeshu Agnihotri,,openalex
A5017444173,https://openalex.org/A5017444173,Laura E. Matzen,https://orcid.org/0000-0002-7720-2896,openalex
A5026549128,https://openalex.org/A5026549128,Kristin Divis,https://orcid.org/0000-0002-6283-4081,openalex
A5089227387,https://openalex.org/A5089227387,Michael Joseph Haass,,openalex
A5019208291,https://openalex.org/A5019208291,Francis Nguyen,,openalex
A5080208364,https://openalex.org/A5080208364,Kartik Chanana,,openalex
A5036325519,https://openalex.org/A5036325519,Marco Cavallo,https://orcid.org/0000-0002-4784-0803,openalex
A5110823564,https://openalex.org/A5110823564,Çağatay Demiralp,,openalex
A5016920518,https://openalex.org/A5016920518,Anna Gogolou,,openalex
A5053726723,https://openalex.org/A5053726723,Themis Palpanas,https://orcid.org/0000-0002-8031-0265,openalex
A5100678189,https://openalex.org/A5100678189,Ming‐hui Chen,https://orcid.org/0000-0003-1935-2447,openalex
A5101867156,https://openalex.org/A5101867156,Yingchao Wang,https://orcid.org/0000-0003-2037-7465,openalex
A5025762480,https://openalex.org/A5025762480,Tanja Blascheck,https://orcid.org/0000-0003-4002-4499,openalex
A5046703129,https://openalex.org/A5046703129,Hongyuan Zha,https://orcid.org/0000-0001-7493-0911,openalex
A5048471884,https://openalex.org/A5048471884,Chad A. Steed,https://orcid.org/0000-0002-3501-909X,openalex
A5007331165,https://openalex.org/A5007331165,Joel W. Reed,https://orcid.org/0000-0002-5558-8425,openalex
A5034986549,https://openalex.org/A5034986549,Kelly M. T. Huffer,https://orcid.org/0000-0002-1785-9108,openalex
A5012446017,https://openalex.org/A5012446017,Robert A. Bridges,https://orcid.org/0000-0001-7962-6329,openalex
A5091887368,https://openalex.org/A5091887368,Jason Laska,https://orcid.org/0000-0002-6100-5548,openalex
A5045224825,https://openalex.org/A5045224825,Gordon Kindlmann,,openalex
A5068100112,https://openalex.org/A5068100112,Ethan Kerzner,,openalex
A5021386346,https://openalex.org/A5021386346,Sara Jones,https://orcid.org/0000-0003-4789-4948,openalex
A5013335258,https://openalex.org/A5013335258,Hayeong Song,https://orcid.org/0000-0003-3430-0880,openalex
A5108824539,https://openalex.org/A5108824539,Fangxin Ouyang,,openalex
A5100372368,https://openalex.org/A5100372368,Bin Wang,https://orcid.org/0000-0002-5176-9202,openalex
A5048743653,https://openalex.org/A5048743653,Donald H. House,https://orcid.org/0000-0001-9662-4640,openalex
A5019712204,https://openalex.org/A5019712204,Xinyu Zhu,https://orcid.org/0000-0002-6457-0542,openalex
A5021263036,https://openalex.org/A5021263036,Xinnan Du,,openalex
A5100546136,https://openalex.org/A5100546136,YU Zhe Qing,,openalex
A5104121600,https://openalex.org/A5104121600,Dimitrios Papadopoulos,,openalex
A5100406614,https://openalex.org/A5100406614,Siyuan Liu,https://orcid.org/0000-0001-8595-8637,openalex
A5084586922,https://openalex.org/A5084586922,Ricardo Langner,https://orcid.org/0000-0003-4519-2168,openalex
A5034445169,https://openalex.org/A5034445169,Ulrike Kister,,openalex
A5100341893,https://openalex.org/A5100341893,Hang Su,https://orcid.org/0000-0003-3365-4361,openalex
A5100606995,https://openalex.org/A5100606995,Jun Zhu,https://orcid.org/0000-0002-6254-2388,openalex
A5053012503,https://openalex.org/A5053012503,Dennis Dingen,https://orcid.org/0000-0003-4353-4419,openalex
A5112326263,https://openalex.org/A5112326263,Marcel Van’t Veer,,openalex
A5013074014,https://openalex.org/A5013074014,Patrick Houthuizen,https://orcid.org/0000-0001-9313-3344,openalex
A5025635776,https://openalex.org/A5025635776,Eveline H. J. Mestrom,https://orcid.org/0000-0002-5582-5873,openalex
A5061254832,https://openalex.org/A5061254832,Erik Korsten,https://orcid.org/0000-0002-1610-6593,openalex
A5018914884,https://openalex.org/A5018914884,R. Arthur Bouwman,https://orcid.org/0000-0002-2051-5947,openalex
A5062859783,https://openalex.org/A5062859783,Daniel Haehn,https://orcid.org/0000-0001-9144-3461,openalex
A5041275294,https://openalex.org/A5041275294,Mathieu Le Goc,,openalex
A5039900558,https://openalex.org/A5039900558,Sean Follmer,https://orcid.org/0000-0001-5592-5949,openalex
A5103783835,https://openalex.org/A5103783835,Feiran Wu,,openalex
A5090901796,https://openalex.org/A5090901796,Jingmin Chen,https://orcid.org/0000-0001-6336-5427,openalex
A5004452139,https://openalex.org/A5004452139,Alexander Kachkaev,,openalex
A5040696359,https://openalex.org/A5040696359,Kristanto Sean Njotoprawiro,,openalex
A5020786535,https://openalex.org/A5020786535,Hammad Haleem,,openalex
A5067702248,https://openalex.org/A5067702248,Qiaoan Chen,,openalex
A5046828208,https://openalex.org/A5046828208,Chris Yi,,openalex
A5102018107,https://openalex.org/A5102018107,Zhimin Li,https://orcid.org/0000-0003-4324-741X,openalex
A5102008970,https://openalex.org/A5102008970,Tao Li,https://orcid.org/0000-0003-4564-5753,openalex
A5013135203,https://openalex.org/A5013135203,Vivek Srikumar,https://orcid.org/0000-0003-0419-6568,openalex
A5051701696,https://openalex.org/A5051701696,Wei Chen,https://orcid.org/0000-0002-9382-6295,openalex
A5101893193,https://openalex.org/A5101893193,Fangzhou Guo,https://orcid.org/0000-0002-2504-4005,openalex
A5010463964,https://openalex.org/A5010463964,Jacheng Pan,,openalex
A5113091615,https://openalex.org/A5113091615,Xiaotao Nie,,openalex
A5012158528,https://openalex.org/A5012158528,Sriram Karthik Badam,https://orcid.org/0000-0002-8044-6322,openalex
A5019033794,https://openalex.org/A5019033794,Gilles Bailly,https://orcid.org/0000-0001-8027-5765,openalex
A5012797594,https://openalex.org/A5012797594,Andreas Mathisen,https://orcid.org/0000-0002-5229-8457,openalex
A5018955742,https://openalex.org/A5018955742,Roman Rädle,https://orcid.org/0000-0002-0168-186X,openalex
A5063269254,https://openalex.org/A5063269254,Clemens Nylandsted Klokmose,https://orcid.org/0000-0002-1866-0619,openalex
A5036885836,https://openalex.org/A5036885836,Sadia Rubab,,openalex
A5091561129,https://openalex.org/A5091561129,Jiewen Lai,,openalex
A5044425959,https://openalex.org/A5044425959,Huihua Guan,,openalex
A5104157412,https://openalex.org/A5104157412,Wenlong Chen,,openalex
A5089718561,https://openalex.org/A5089718561,Rusheng Pan,https://orcid.org/0000-0001-9284-0477,openalex
A5059410695,https://openalex.org/A5059410695,Nina Mccurdy,,openalex
A5064819643,https://openalex.org/A5064819643,Julie Gerdes,https://orcid.org/0000-0003-1834-8657,openalex
A5063362314,https://openalex.org/A5063362314,Holger Stitz,https://orcid.org/0000-0002-4742-2636,openalex
A5000555892,https://openalex.org/A5000555892,Harald Piringer,,openalex
A5060182416,https://openalex.org/A5060182416,Thomas Zichner,https://orcid.org/0000-0001-9848-7598,openalex
A5056389929,https://openalex.org/A5056389929,Xing Mu,,openalex
A5100377649,https://openalex.org/A5100377649,Yun Wang,https://orcid.org/0000-0002-9858-2066,openalex
A5103054696,https://openalex.org/A5103054696,Devin Singh,https://orcid.org/0000-0003-4966-2366,openalex
A5039063170,https://openalex.org/A5039063170,David Glickenstein,https://orcid.org/0000-0002-9238-0973,openalex
A5056817428,https://openalex.org/A5056817428,Michelle Dowling,https://orcid.org/0000-0002-2572-1133,openalex
A5112172245,https://openalex.org/A5112172245,J. T. Fry,,openalex
A5062711342,https://openalex.org/A5062711342,Scotland Leman,https://orcid.org/0000-0003-3138-8397,openalex
A5113555684,https://openalex.org/A5113555684,Leanna House,,openalex
A5024565069,https://openalex.org/A5024565069,Marco Angelini,https://orcid.org/0000-0001-9051-6972,openalex
A5055376474,https://openalex.org/A5055376474,Graziano Blasilli,https://orcid.org/0000-0003-3339-6403,openalex
A5074371974,https://openalex.org/A5074371974,Tiziana Catarci,https://orcid.org/0000-0002-3578-1121,openalex
A5071925791,https://openalex.org/A5071925791,Simone Lenti,https://orcid.org/0000-0001-8281-3723,openalex
A5077525727,https://openalex.org/A5077525727,Giuseppe Santucci,https://orcid.org/0000-0003-4350-1123,openalex
A5055690572,https://openalex.org/A5055690572,Guillaume Favelier,,openalex
A5005038762,https://openalex.org/A5005038762,Noura Faraj,https://orcid.org/0000-0001-6637-0336,openalex
A5010847113,https://openalex.org/A5010847113,Po Ming Law,,openalex
A5069923620,https://openalex.org/A5069923620,Rahul C. Basole,https://orcid.org/0000-0002-7328-5276,openalex
A5089918221,https://openalex.org/A5089918221,Andrew Burks,https://orcid.org/0000-0003-0813-1200,openalex
A5044376354,https://openalex.org/A5044376354,Cassiano Sugiyama,,openalex
A5037889170,https://openalex.org/A5037889170,Jonathan Komperda,https://orcid.org/0000-0002-8962-1828,openalex
A5009374413,https://openalex.org/A5009374413,Frédéric Vernier,https://orcid.org/0000-0003-2728-3066,openalex
A5008966133,https://openalex.org/A5008966133,Felix Raith,https://orcid.org/0000-0002-3505-6130,openalex
A5071924144,https://openalex.org/A5071924144,Christian Blecha,,openalex
A5079275693,https://openalex.org/A5079275693,Thomas Nagel,https://orcid.org/0000-0001-8459-4616,openalex
A5091451238,https://openalex.org/A5091451238,Francesco Parisio,https://orcid.org/0000-0002-1798-3993,openalex
A5077096282,https://openalex.org/A5077096282,Olaf Kolditz,https://orcid.org/0000-0002-8098-4905,openalex
A5057709184,https://openalex.org/A5057709184,Fabian Günther,,openalex
A5047199312,https://openalex.org/A5047199312,Markus Stommel,https://orcid.org/0000-0002-0406-5800,openalex
A5002472436,https://openalex.org/A5002472436,Gabriel Ryan,https://orcid.org/0009-0003-9464-587X,openalex
A5026168274,https://openalex.org/A5026168274,Ab Mosca,https://orcid.org/0000-0002-9008-5516,openalex
A5049016095,https://openalex.org/A5049016095,Eugene Wu,https://orcid.org/0000-0003-4254-6688,openalex
A5100370897,https://openalex.org/A5100370897,Hong Wang,https://orcid.org/0000-0002-0745-6524,openalex
A5017215452,https://openalex.org/A5017215452,Shade T. Shutters,https://orcid.org/0000-0002-8072-4134,openalex
A5015732185,https://openalex.org/A5015732185,Michael Steptoe,,openalex
A5101513179,https://openalex.org/A5101513179,Feng Wang,https://orcid.org/0000-0002-0732-7343,openalex
A5041755435,https://openalex.org/A5041755435,Steven T. Landis,https://orcid.org/0000-0002-5631-0409,openalex
A5103144718,https://openalex.org/A5103144718,Michael Kern,https://orcid.org/0000-0002-8060-3367,openalex
A5017495525,https://openalex.org/A5017495525,Tim Hewson,https://orcid.org/0000-0002-3266-8828,openalex
A5109403506,https://openalex.org/A5109403506,Andreas Schatler,,openalex
A5027836272,https://openalex.org/A5027836272,Marc Rautenhaus,https://orcid.org/0000-0002-2715-2165,openalex
A5014032522,https://openalex.org/A5014032522,Johannes Weissenböck,https://orcid.org/0000-0001-8062-4590,openalex
A5004586152,https://openalex.org/A5004586152,Bernhard Fröhler,https://orcid.org/0000-0003-1271-0838,openalex
A5077940635,https://openalex.org/A5077940635,Johann Kastner,https://orcid.org/0000-0002-3163-0916,openalex
A5056214245,https://openalex.org/A5056214245,Christoph Heinzl,https://orcid.org/0000-0002-3173-8871,openalex
A5003377833,https://openalex.org/A5003377833,Ulrik Brandes,https://orcid.org/0000-0002-1520-0430,openalex
A5038058828,https://openalex.org/A5038058828,Martin Falk,https://orcid.org/0000-0003-1511-5006,openalex
A5001235418,https://openalex.org/A5001235418,Darren Treanor,https://orcid.org/0000-0002-4579-484X,openalex
A5043545263,https://openalex.org/A5043545263,Claes Lundström,https://orcid.org/0000-0002-9368-0177,openalex
A5034541117,https://openalex.org/A5034541117,Alexander Kumpf,https://orcid.org/0000-0002-4009-3980,openalex
A5027125468,https://openalex.org/A5027125468,Michael Riemer,https://orcid.org/0000-0001-6431-9537,openalex
A5018266351,https://openalex.org/A5018266351,Sana Malik,https://orcid.org/0000-0001-8885-186X,openalex
A5007501711,https://openalex.org/A5007501711,Ladislav Čmolík,https://orcid.org/0000-0002-8546-6568,openalex
A5025784757,https://openalex.org/A5025784757,Hsiang‐yun Wu,https://orcid.org/0000-0003-1028-0010,openalex
A5102901072,https://openalex.org/A5102901072,Graham T. Johnson,https://orcid.org/0000-0002-1259-8762,openalex
A5058956938,https://openalex.org/A5058956938,Arthur J. Olson,https://orcid.org/0000-0003-0558-4618,openalex
A5033509167,https://openalex.org/A5033509167,Daniel Orban,,openalex
A5028531367,https://openalex.org/A5028531367,David Rogers,https://orcid.org/0000-0002-4495-6026,openalex
A5102725723,https://openalex.org/A5102725723,Yanyan Wang,https://orcid.org/0000-0002-3228-3274,openalex
A5100399667,https://openalex.org/A5100399667,Haifeng Zhang,https://orcid.org/0000-0002-3812-1479,openalex
A5028439227,https://openalex.org/A5028439227,Yinqi Sun,https://orcid.org/0009-0000-3783-5472,openalex
A5115590150,https://openalex.org/A5115590150,Duong Hoang,,openalex
A5024261564,https://openalex.org/A5024261564,Saeed Boorboor,https://orcid.org/0000-0001-6644-5983,openalex
A5025591478,https://openalex.org/A5025591478,Shreeraj Jadhav,https://orcid.org/0000-0003-0520-4857,openalex
A5004888894,https://openalex.org/A5004888894,Mala Ananth,https://orcid.org/0000-0003-1736-2350,openalex
A5019358629,https://openalex.org/A5019358629,David A. Talmage,https://orcid.org/0000-0003-4627-3007,openalex
A5035655126,https://openalex.org/A5035655126,Lorna W. Role,https://orcid.org/0000-0001-5851-212X,openalex
A5039517392,https://openalex.org/A5039517392,Arie Kaufman,https://orcid.org/0000-0002-0796-6196,openalex
A5091297067,https://openalex.org/A5091297067,David Duran,,openalex
A5088394147,https://openalex.org/A5088394147,Pedro Hermosilla,https://orcid.org/0000-0003-3586-4741,openalex
A5013055435,https://openalex.org/A5013055435,Àlvar Vinacua,https://orcid.org/0000-0001-8984-4311,openalex
A5002141920,https://openalex.org/A5002141920,Pere‐pau Vázquez,https://orcid.org/0000-0003-4638-4065,openalex
A5036084788,https://openalex.org/A5036084788,Zeng Dai,https://orcid.org/0000-0001-9613-9434,openalex
A5057396201,https://openalex.org/A5057396201,Martin Imre,,openalex
A5068157871,https://openalex.org/A5068157871,Nitesh V. Chawla,https://orcid.org/0000-0003-3932-5956,openalex
A5007269349,https://openalex.org/A5007269349,Gökhan Sever,,openalex
A5100454615,https://openalex.org/A5100454615,Seung Hyun Kim,https://orcid.org/0000-0001-9644-9598,openalex
A5033663315,https://openalex.org/A5033663315,Feng Wang,https://orcid.org/0000-0002-2740-3534,openalex
A5078850645,https://openalex.org/A5078850645,Thomas Wilde,,openalex
A5081959207,https://openalex.org/A5081959207,Christian Rössl,,openalex
A5039626800,https://openalex.org/A5039626800,Holger Theisel,https://orcid.org/0000-0002-8009-7070,openalex
A5102086582,https://openalex.org/A5102086582,José Manuel Cordero García,,openalex
A5017016970,https://openalex.org/A5017016970,David Scarlatti,,openalex
A5088361669,https://openalex.org/A5088361669,Soumya Dutta,https://orcid.org/0000-0001-5030-9979,openalex
A5031059601,https://openalex.org/A5031059601,Jen‐ping Chen,https://orcid.org/0000-0003-4188-6189,openalex
A5080174595,https://openalex.org/A5080174595,A. Sagristà Sellés,https://orcid.org/0000-0001-6191-2028,openalex
A5090713755,https://openalex.org/A5090713755,S. Jordan,https://orcid.org/0000-0001-6316-6831,openalex
A5028028246,https://openalex.org/A5028028246,Thomas Müller,https://orcid.org/0000-0002-2003-4465,openalex
A5071893913,https://openalex.org/A5071893913,Timothy Major,https://orcid.org/0009-0004-0392-6543,openalex
A5032569518,https://openalex.org/A5032569518,Akhilesh Camisetty,,openalex
A5039792766,https://openalex.org/A5039792766,Chaitanya Chandurkar,,openalex
A5022618145,https://openalex.org/A5022618145,David Koop,https://orcid.org/0000-0002-4422-6162,openalex
A5056861456,https://openalex.org/A5056861456,Philipp Berg,https://orcid.org/0000-0003-4140-6771,openalex
A5108369244,https://openalex.org/A5108369244,Ralph Wickenhöfer,,openalex
A5034699298,https://openalex.org/A5034699298,Bernhard Preim,https://orcid.org/0000-0001-9826-9478,openalex
A5072697451,https://openalex.org/A5072697451,Norbert Lindow,https://orcid.org/0000-0001-5143-2573,openalex
A5051610081,https://openalex.org/A5051610081,Morgan Leborgne,,openalex
A5091630951,https://openalex.org/A5091630951,Hans‐christian Hege,https://orcid.org/0000-0002-6574-0988,openalex
A5033119598,https://openalex.org/A5033119598,Prithiviraj K. Muthumanickam,,openalex
A5021363996,https://openalex.org/A5021363996,Jimmy Johansson,https://orcid.org/0000-0003-0130-3356,openalex
A5102023823,https://openalex.org/A5102023823,Matthew Cooper,https://orcid.org/0000-0002-1587-8567,openalex
A5084575646,https://openalex.org/A5084575646,Lauren Bradel,,openalex
A5020730215,https://openalex.org/A5020730215,Haneen Mohammed,https://orcid.org/0000-0002-4535-1926,openalex
A5049241635,https://openalex.org/A5049241635,Ali K. Al Awami,https://orcid.org/0000-0002-8725-1958,openalex
A5021984687,https://openalex.org/A5021984687,Michael Traoré,,openalex
A5024074640,https://openalex.org/A5024074640,Alexandru Telea,https://orcid.org/0000-0003-0750-0502,openalex
A5006417854,https://openalex.org/A5006417854,Michael Blumenschein,https://orcid.org/0000-0003-3820-7448,openalex
A5012766006,https://openalex.org/A5012766006,Stefanie Schmid,,openalex
A5033325324,https://openalex.org/A5033325324,Simon Butscher,https://orcid.org/0000-0002-3326-1376,openalex
A5067091709,https://openalex.org/A5067091709,Deborah R. Wahl,https://orcid.org/0000-0002-9355-9289,openalex
A5050342469,https://openalex.org/A5050342469,Karoline Villinger,https://orcid.org/0000-0002-4103-0498,openalex
A5050433080,https://openalex.org/A5050433080,Britta Renner,https://orcid.org/0000-0001-8385-2839,openalex
A5013043483,https://openalex.org/A5013043483,Huan He,https://orcid.org/0000-0003-1312-4195,openalex
A5038669787,https://openalex.org/A5038669787,Oinghua Zheng,,openalex
A5090335927,https://openalex.org/A5090335927,Zhicong Lu,https://orcid.org/0000-0002-7761-6351,openalex
A5069361331,https://openalex.org/A5069361331,Yun Wang,https://orcid.org/0000-0002-2648-4467,openalex
A5056234242,https://openalex.org/A5056234242,Michelle Annett,https://orcid.org/0000-0001-9421-1199,openalex
A5083735800,https://openalex.org/A5083735800,Daniel Wigdor,https://orcid.org/0000-0003-2008-7070,openalex
A5102266919,https://openalex.org/A5102266919,Min Shih,,openalex
A5060995530,https://openalex.org/A5060995530,Charles Rozhon,,openalex
A5068745544,https://openalex.org/A5068745544,Kaoji Xu,,openalex
A5103886740,https://openalex.org/A5103886740,Prashant Kumar,,openalex
A5007123290,https://openalex.org/A5007123290,Kelly Gaither,https://orcid.org/0000-0002-4272-175X,openalex
A5045205518,https://openalex.org/A5045205518,Nigel W. John,https://orcid.org/0000-0001-5153-182X,openalex
A5112529299,https://openalex.org/A5112529299,Brian M. Mccann,,openalex
A5025431592,https://openalex.org/A5025431592,Jay Koven,,openalex
A5078653899,https://openalex.org/A5078653899,Cristian Felix,,openalex
A5037287342,https://openalex.org/A5037287342,Hossein Siadati,https://orcid.org/0000-0002-5293-8450,openalex
A5066300885,https://openalex.org/A5066300885,Markus Jakobsson,,openalex
A5088027921,https://openalex.org/A5088027921,Marzieh Berenjkoub,,openalex
A5021924764,https://openalex.org/A5021924764,Yanhong Wu,https://orcid.org/0000-0003-3404-7467,openalex
A5110655140,https://openalex.org/A5110655140,Vladimir Molchanov,,openalex
A5060176991,https://openalex.org/A5060176991,Nadir Weibel,https://orcid.org/0000-0002-3457-4227,openalex
A5100685274,https://openalex.org/A5100685274,Hui Zhang,https://orcid.org/0000-0002-5426-2140,openalex
A5075610337,https://openalex.org/A5075610337,David Uribe,https://orcid.org/0000-0002-3839-6771,openalex
A5114833294,https://openalex.org/A5114833294,Wenping Wang,https://orcid.org/0000-0002-8594-315X,openalex
A5088506741,https://openalex.org/A5088506741,Hansjorq Schmauder,,openalex
A5034551531,https://openalex.org/A5034551531,Michael Ankele,,openalex
A5086461942,https://openalex.org/A5086461942,Thomas Schultz,https://orcid.org/0000-0002-1200-7248,openalex
A5022820798,https://openalex.org/A5022820798,Magnus Paulson Erga,,openalex
A5041495588,https://openalex.org/A5041495588,Marlen Promann,https://orcid.org/0000-0002-0702-8191,openalex
A5089865252,https://openalex.org/A5089865252,Sabine Brunswicker,https://orcid.org/0000-0001-8631-0955,openalex
A5070061774,https://openalex.org/A5070061774,Kanit Wongsuphasawat,https://orcid.org/0000-0001-7231-279X,openalex
A5050965018,https://openalex.org/A5050965018,Daniel Smilkov,,openalex
A5104088352,https://openalex.org/A5104088352,Dandelion Mané,,openalex
A5037704134,https://openalex.org/A5037704134,Doug Fritz,,openalex
A5103083233,https://openalex.org/A5103083233,Dilip Krishnan,https://orcid.org/0000-0002-9183-2886,openalex
A5091619219,https://openalex.org/A5091619219,Pierre Andrews,https://orcid.org/0000-0001-6780-7798,openalex
A5025259879,https://openalex.org/A5025259879,Aditya Kalro,,openalex
A5063064518,https://openalex.org/A5063064518,Charles Gueunet,https://orcid.org/0000-0001-6288-4540,openalex
A5023234129,https://openalex.org/A5023234129,Michael A. Michaux,https://orcid.org/0000-0002-2697-2831,openalex
A5012354207,https://openalex.org/A5012354207,Shaozu Cao,https://orcid.org/0000-0001-9080-0447,openalex
A5103242473,https://openalex.org/A5103242473,Ruixiang Zhang,https://orcid.org/0009-0009-3728-5170,openalex
A5020880385,https://openalex.org/A5020880385,Yangqiu Song,https://orcid.org/0000-0002-7818-6090,openalex
A5001617768,https://openalex.org/A5001617768,Manuel Stein,https://orcid.org/0000-0002-7198-1438,openalex
A5071723951,https://openalex.org/A5071723951,Halldór Janetzko,https://orcid.org/0000-0002-0038-5292,openalex
A5071340641,https://openalex.org/A5071340641,Andreas Lamprecht,,openalex
A5082683641,https://openalex.org/A5082683641,Thorsten Breitkreutz,,openalex
A5015771328,https://openalex.org/A5015771328,Philipp Zimmermann,,openalex
A5111966129,https://openalex.org/A5111966129,Bastian Goldlücke,,openalex
A5000695235,https://openalex.org/A5000695235,Michael Grossniklaus,https://orcid.org/0000-0003-1609-2221,openalex
A5077258803,https://openalex.org/A5077258803,Jan Van Gemert,https://orcid.org/0000-0002-3913-2786,openalex
A5103406484,https://openalex.org/A5103406484,Bilal Alsallakh,,openalex
A5063037457,https://openalex.org/A5063037457,Amin Jourabloo,,openalex
A5100682790,https://openalex.org/A5100682790,Mao Ye,https://orcid.org/0000-0003-4760-8702,openalex
A5100409027,https://openalex.org/A5100409027,Xiaoming Liu,https://orcid.org/0000-0002-0424-629X,openalex
A5011813023,https://openalex.org/A5011813023,Jiaxin Shi,https://orcid.org/0009-0006-9644-5072,openalex
A5035051008,https://openalex.org/A5035051008,Benjamin Eysenbach,https://orcid.org/0009-0000-7136-6307,openalex
A5000426173,https://openalex.org/A5000426173,Janu Verma,https://orcid.org/0009-0008-0193-5445,openalex
A5070430680,https://openalex.org/A5070430680,Kenney Ng,https://orcid.org/0000-0003-0792-070X,openalex
A5083408678,https://openalex.org/A5083408678,Christopher De Filippi,,openalex
A5009524646,https://openalex.org/A5009524646,Walter F. Stewart,https://orcid.org/0000-0001-9297-7422,openalex
A5102883524,https://openalex.org/A5102883524,Marco Hutter,https://orcid.org/0000-0001-9049-534X,openalex
A5060926433,https://openalex.org/A5060926433,Matthias Zeppelzauer,https://orcid.org/0000-0003-0413-4746,openalex
A5070772234,https://openalex.org/A5070772234,Dieter W. Fellner,https://orcid.org/0000-0001-7756-0901,openalex
A5056406678,https://openalex.org/A5056406678,Rongwen Zhao,,openalex
A5101701031,https://openalex.org/A5101701031,Ye Yu,https://orcid.org/0000-0002-8646-8426,openalex
A5024427655,https://openalex.org/A5024427655,Stéfan Müller Arisona,https://orcid.org/0000-0002-0448-1011,openalex
A5012788427,https://openalex.org/A5012788427,Simon Schubiger,https://orcid.org/0000-0002-6723-6873,openalex
A5028969710,https://openalex.org/A5028969710,Remo Burkhard,https://orcid.org/0000-0002-4398-8026,openalex
A5078960085,https://openalex.org/A5078960085,Chaoguang Lin,,openalex
A5089665046,https://openalex.org/A5089665046,Qiuhan Zhu,,openalex
A5001239748,https://openalex.org/A5001239748,Xidao Wen,https://orcid.org/0000-0003-0527-947X,openalex
A5076643407,https://openalex.org/A5076643407,Zening Qu,https://orcid.org/0009-0004-5313-0076,openalex
A5015012334,https://openalex.org/A5015012334,Leslie M. Blaha,https://orcid.org/0000-0002-1532-3887,openalex
A5028118323,https://openalex.org/A5028118323,Lyndsey Franklin,https://orcid.org/0000-0002-4494-7111,openalex
A5004054174,https://openalex.org/A5004054174,Ian Crandell,https://orcid.org/0000-0001-9749-5297,openalex
A5071180150,https://openalex.org/A5071180150,Isaac Dykeman,,openalex
A5072665632,https://openalex.org/A5072665632,Terece L. Turton,https://orcid.org/0000-0003-4345-7783,openalex
A5077663928,https://openalex.org/A5077663928,Colin Ware,https://orcid.org/0000-0002-4616-5017,openalex
A5008795543,https://openalex.org/A5008795543,Ji Wu Lan,https://orcid.org/0000-0002-8658-8620,openalex
A5109262430,https://openalex.org/A5109262430,Chenyang Ji,https://orcid.org/0009-0002-8059-7179,openalex
A5033987709,https://openalex.org/A5033987709,Aaron Knoll,,openalex
A5042815041,https://openalex.org/A5042815041,Jeff Yarch,https://orcid.org/0000-0001-6594-1360,openalex
A5031117535,https://openalex.org/A5031117535,Yarden Livnat,https://orcid.org/0000-0001-8949-3988,openalex
A5006186940,https://openalex.org/A5006186940,Xiao Jian Nan,,openalex
A5070375205,https://openalex.org/A5070375205,Junlin Liu,https://orcid.org/0000-0002-4981-1010,openalex
A5018582673,https://openalex.org/A5018582673,Xiting Wang,https://orcid.org/0000-0002-1846-1118,openalex
A5078452051,https://openalex.org/A5078452051,Georg Fuchs,https://orcid.org/0000-0002-7019-7027,openalex
A5015516607,https://openalex.org/A5015516607,Leland Wilkinson,,openalex
A5102985946,https://openalex.org/A5102985946,Yuki M. Asano,https://orcid.org/0000-0002-8533-4020,openalex
A5100730147,https://openalex.org/A5100730147,Seungyeon Kim,https://orcid.org/0000-0001-6708-5684,openalex
A5010474784,https://openalex.org/A5010474784,Jurim Lee,,openalex
A5013797659,https://openalex.org/A5013797659,Bram C.m. Cappers,https://orcid.org/0009-0003-4568-5568,openalex
A5088765893,https://openalex.org/A5088765893,Angela Mayhua Quispe,https://orcid.org/0000-0003-2095-7670,openalex
A5004787389,https://openalex.org/A5004787389,André Calero Valdez,https://orcid.org/0000-0002-6214-1461,openalex
A5065952170,https://openalex.org/A5065952170,Martina Ziefle,https://orcid.org/0000-0002-6105-4729,openalex
A5086054864,https://openalex.org/A5086054864,Ravish Chawla,,openalex
A5005262925,https://openalex.org/A5005262925,Bharath Kalidindi,,openalex
A5049577340,https://openalex.org/A5049577340,Eli T. Brown,https://orcid.org/0009-0005-2894-2432,openalex
A5000588866,https://openalex.org/A5000588866,Fenjin Ye,https://orcid.org/0000-0002-1478-1544,openalex
A5101942464,https://openalex.org/A5101942464,Yusi Wang,https://orcid.org/0009-0004-4593-0321,openalex
A5113676982,https://openalex.org/A5113676982,Weifeng Chen,https://orcid.org/0000-0001-6767-3099,openalex
A5023925931,https://openalex.org/A5023925931,Anthony K. H. Tung,https://orcid.org/0000-0002-5125-855X,openalex
A5038395206,https://openalex.org/A5038395206,Josua Krause,,openalex
A5028090225,https://openalex.org/A5028090225,Jordan Swartz,https://orcid.org/0000-0001-6482-9545,openalex
A5087660055,https://openalex.org/A5087660055,Yindalon Aphinyanaphongs,https://orcid.org/0000-0001-8605-5392,openalex
A5062185996,https://openalex.org/A5062185996,Isaac Cho,https://orcid.org/0000-0003-1582-8428,openalex
A5079742046,https://openalex.org/A5079742046,Sashank Santhanam,,openalex
A5083688498,https://openalex.org/A5083688498,Samira Shaikh,https://orcid.org/0000-0002-2488-9436,openalex
A5110327007,https://openalex.org/A5110327007,Heidi Lam,,openalex
A5035443322,https://openalex.org/A5035443322,Michael Glueck,https://orcid.org/0000-0001-7969-5025,openalex
A5023270158,https://openalex.org/A5023270158,Azam Khan,https://orcid.org/0000-0002-1816-5714,openalex
A5009010496,https://openalex.org/A5009010496,Paulo Ivson,https://orcid.org/0000-0002-0725-7824,openalex
A5011884271,https://openalex.org/A5011884271,Daniel Luiz De Mattos Nascimento,https://orcid.org/0000-0002-4977-8652,openalex
A5023182432,https://openalex.org/A5023182432,Waldemar Celes,https://orcid.org/0000-0001-7873-3528,openalex
A5027812149,https://openalex.org/A5027812149,Simone Diniz Junqueira Barbosa,https://orcid.org/0000-0002-0044-503X,openalex
A5003031729,https://openalex.org/A5003031729,Bastian Rieck,https://orcid.org/0000-0003-4335-0302,openalex
A5044587957,https://openalex.org/A5044587957,Ulderico Fugacci,https://orcid.org/0000-0003-3062-997X,openalex
A5025332800,https://openalex.org/A5025332800,Corrado Calì,https://orcid.org/0000-0003-4856-0835,openalex
A5037451153,https://openalex.org/A5037451153,Pierre J. Magistretti,https://orcid.org/0000-0002-6678-320X,openalex
A5100462292,https://openalex.org/A5100462292,Zhiyuan Wang,https://orcid.org/0000-0002-5990-9193,openalex
A5101495888,https://openalex.org/A5101495888,Andrew T. Wilson,https://orcid.org/0000-0001-9380-0557,openalex
A5009912040,https://openalex.org/A5009912040,Lifeng Zhu,https://orcid.org/0000-0002-9999-4513,openalex
A5004480742,https://openalex.org/A5004480742,Thomas Mühlbacher,,openalex
A5085289050,https://openalex.org/A5085289050,Lorenz Linhardt,https://orcid.org/0000-0002-5533-5524,openalex
A5050779255,https://openalex.org/A5050779255,Bianca Tost,,openalex
A5057004360,https://openalex.org/A5057004360,Marlene Baumgart,,openalex
A5021356363,https://openalex.org/A5021356363,Robert Pienta,,openalex
A5023825669,https://openalex.org/A5023825669,Acar Tamersoy,,openalex
A5052168623,https://openalex.org/A5052168623,Kevin Roundy,https://orcid.org/0000-0002-8285-1647,openalex
A5075543149,https://openalex.org/A5075543149,Chris Gates,,openalex
A5027462416,https://openalex.org/A5027462416,Shamkant B. Navathe,https://orcid.org/0000-0002-6666-0031,openalex
A5020680196,https://openalex.org/A5020680196,Roger A. Leite,https://orcid.org/0000-0001-5296-3288,openalex
A5012636375,https://openalex.org/A5012636375,Simone Kriglstein,https://orcid.org/0000-0001-7817-5589,openalex
A5025331216,https://openalex.org/A5025331216,Margit Pohl,https://orcid.org/0000-0001-7880-8702,openalex
A5002280174,https://openalex.org/A5002280174,Erich Gstrein,,openalex
A5037990016,https://openalex.org/A5037990016,Johannes Kuntner,,openalex
A5100681338,https://openalex.org/A5100681338,Wenlong Chen,https://orcid.org/0000-0001-7993-6386,openalex
A5038011119,https://openalex.org/A5038011119,Tianyi Lao,,openalex
A5100400903,https://openalex.org/A5100400903,Yuan Chen,https://orcid.org/0000-0002-3945-2034,openalex
A5012758909,https://openalex.org/A5012758909,Hyejin Im,https://orcid.org/0000-0002-1437-915X,openalex
A5071733793,https://openalex.org/A5071733793,Sasha Schriber,,openalex
A5040038608,https://openalex.org/A5040038608,Samana Shrestha,,openalex
A5054248452,https://openalex.org/A5054248452,Paolo Federico,https://orcid.org/0000-0002-1830-0330,openalex
A5000928551,https://openalex.org/A5000928551,Markus Wagner,https://orcid.org/0000-0002-6619-6494,openalex
A5027673731,https://openalex.org/A5027673731,Alexander Rind,https://orcid.org/0000-0001-8788-4600,openalex
A5004002416,https://openalex.org/A5004002416,Albert Amor Amorós,,openalex
A5012387700,https://openalex.org/A5012387700,Jun Wang,https://orcid.org/0000-0002-7334-0490,openalex
A5076852435,https://openalex.org/A5076852435,Katharina Reinecke,https://orcid.org/0000-0001-7897-9325,openalex
A5012847693,https://openalex.org/A5012847693,Adam P. Summers,https://orcid.org/0000-0003-1930-9748,openalex
A5053109913,https://openalex.org/A5053109913,Kevin Verbeek,https://orcid.org/0000-0003-3052-4844,openalex
A5076870800,https://openalex.org/A5076870800,Karl Bladin,https://orcid.org/0000-0001-7789-0142,openalex
A5090479069,https://openalex.org/A5090479069,Erik Broberg,,openalex
A5087545747,https://openalex.org/A5087545747,Patric Ljung,https://orcid.org/0000-0002-9288-5322,openalex
A5018103324,https://openalex.org/A5018103324,Philipp Koytek,,openalex
A5056684559,https://openalex.org/A5056684559,Elisabeth André,https://orcid.org/0000-0002-2367-162X,openalex
A5067050903,https://openalex.org/A5067050903,Lijing Lin,,openalex
A5021746233,https://openalex.org/A5021746233,Yen Ting Kuan,,openalex
A5072951828,https://openalex.org/A5072951828,Yu Shuen Wang,https://orcid.org/0000-0003-2550-2990,openalex
A5068843624,https://openalex.org/A5068843624,Jung‐hong Chuang,https://orcid.org/0000-0002-9038-6124,openalex
A5015384117,https://openalex.org/A5015384117,Tiffany Wun,,openalex
A5022944235,https://openalex.org/A5022944235,Richard Pusch,,openalex
A5078815230,https://openalex.org/A5078815230,Christina Niederer,,openalex
A5084376052,https://openalex.org/A5084376052,Reem Hourieh,,openalex
A5024303436,https://openalex.org/A5024303436,Florian Grassinger,https://orcid.org/0000-0003-4409-788X,openalex
A5100422952,https://openalex.org/A5100422952,Jiang Zhang,https://orcid.org/0000-0002-6720-2796,openalex
A5101724996,https://openalex.org/A5101724996,Fan Hong,https://orcid.org/0000-0001-9698-2886,openalex
A5000623954,https://openalex.org/A5000623954,Mahdi Pakdaman Naeini,https://orcid.org/0000-0001-7683-9310,openalex
A5038771285,https://openalex.org/A5038771285,Finale Doshi‐velez,https://orcid.org/0000-0003-2886-3898,openalex
A5054068625,https://openalex.org/A5054068625,José Matute,https://orcid.org/0000-0002-0124-300X,openalex
A5087250175,https://openalex.org/A5087250175,James R. Jackson,https://orcid.org/0000-0001-8630-8898,openalex
A5060051494,https://openalex.org/A5060051494,Christopher J. Headleand,https://orcid.org/0000-0002-4974-9536,openalex
A5041927293,https://openalex.org/A5041927293,Kristine Lee,https://orcid.org/0009-0008-5216-3617,openalex
A5100358696,https://openalex.org/A5100358696,Xing Li,https://orcid.org/0000-0003-2193-0437,openalex
A5007929097,https://openalex.org/A5007929097,Pierre Boutillier,https://orcid.org/0000-0001-5370-1597,openalex
A5077182970,https://openalex.org/A5077182970,Jean Krivine,https://orcid.org/0000-0001-7261-7462,openalex
A5067812040,https://openalex.org/A5067812040,Walter Fontana,https://orcid.org/0000-0003-4062-9957,openalex
A5074536820,https://openalex.org/A5074536820,Elisa De Llano,https://orcid.org/0000-0002-5489-4068,openalex
A5087063362,https://openalex.org/A5087063362,Johannes Sorger,https://orcid.org/0000-0002-5212-8941,openalex
A5018942744,https://openalex.org/A5018942744,Yasaman Ahmadi,https://orcid.org/0000-0003-4563-830X,openalex
A5057782648,https://openalex.org/A5057782648,Tadija Kekić,https://orcid.org/0000-0002-9340-7402,openalex
A5058188259,https://openalex.org/A5058188259,Ivan Barišić,https://orcid.org/0000-0002-1301-6197,openalex
A5101526271,https://openalex.org/A5101526271,Jian Zhao,,openalex
A5103331862,https://openalex.org/A5103331862,Patrick Chiu,,openalex
A5014254930,https://openalex.org/A5014254930,Vincent Van Unen,https://orcid.org/0000-0001-9339-8430,openalex
A5064835819,https://openalex.org/A5064835819,Frits Koning,https://orcid.org/0000-0002-4007-5715,openalex
A5068502851,https://openalex.org/A5068502851,Jeremy Millar,https://orcid.org/0000-0001-8202-8602,openalex
A5001287137,https://openalex.org/A5001287137,Annette Haworth,https://orcid.org/0000-0003-1382-7747,openalex
A5100699674,https://openalex.org/A5100699674,Hyunwoo Park,https://orcid.org/0000-0001-9818-217X,openalex
A5051743997,https://openalex.org/A5051743997,Daniel Toloudis,https://orcid.org/0000-0003-2620-1233,openalex
A5046803850,https://openalex.org/A5046803850,Blair Lyons,https://orcid.org/0000-0002-6038-6035,openalex
A5057285516,https://openalex.org/A5057285516,Jens G. Magnus,,openalex
A5111759189,https://openalex.org/A5111759189,Stéphane Puechmorel,,openalex
A5075657569,https://openalex.org/A5075657569,Florence Nicol,https://orcid.org/0000-0002-2746-3828,openalex
A5005993906,https://openalex.org/A5005993906,David Joseph Wrisley,https://orcid.org/0000-0002-0355-1487,openalex
A5102996367,https://openalex.org/A5102996367,Svitlana Volkova,https://orcid.org/0000-0002-6131-3073,openalex
A5110208682,https://openalex.org/A5110208682,William Ribarsky,,openalex
A5082548228,https://openalex.org/A5082548228,Preeti Malakar,https://orcid.org/0000-0002-7038-8712,openalex
A5075500139,https://openalex.org/A5075500139,Venkatram Vishwanath,https://orcid.org/0000-0001-7248-6116,openalex
A5000624130,https://openalex.org/A5000624130,Hao Dong,https://orcid.org/0000-0003-2261-9122,openalex
A5055052124,https://openalex.org/A5055052124,Tran Minh Quan,https://orcid.org/0000-0001-7374-9168,openalex
A5110234511,https://openalex.org/A5110234511,Haejin Jeong,,openalex
A5027513612,https://openalex.org/A5027513612,‪julia Docampo Sánchez‬,https://orcid.org/0000-0002-4944-2067,openalex
A5088340901,https://openalex.org/A5088340901,Jennifer K. Ryan,,openalex
A5056647443,https://openalex.org/A5056647443,Robert Haimes,,openalex
A5074871409,https://openalex.org/A5074871409,Michael Hund,,openalex
A5004784304,https://openalex.org/A5004784304,David Burlinson,,openalex
A5057119434,https://openalex.org/A5057119434,Kalpathi Subramanian,https://orcid.org/0000-0002-7316-2735,openalex
A5061039154,https://openalex.org/A5061039154,Paula Goolkasian,https://orcid.org/0000-0002-0463-6992,openalex
A5049109394,https://openalex.org/A5049109394,Benjamin P. Bowen,https://orcid.org/0000-0003-1368-3958,openalex
A5035437939,https://openalex.org/A5035437939,Dustin Arendt,https://orcid.org/0000-0003-2466-199X,openalex
A5058228910,https://openalex.org/A5058228910,Meg Pirrung,,openalex
A5028265195,https://openalex.org/A5028265195,Andrea Unger,,openalex
A5017126919,https://openalex.org/A5017126919,Nadine Dräger,https://orcid.org/0000-0002-9541-1245,openalex
A5067631224,https://openalex.org/A5067631224,Mike Sips,https://orcid.org/0000-0003-3941-7092,openalex
A5036872754,https://openalex.org/A5036872754,Jeremy Boy,https://orcid.org/0000-0003-3957-7598,openalex
A5003908445,https://openalex.org/A5003908445,Haeyong Chung,https://orcid.org/0000-0001-5168-1190,openalex
A5052626296,https://openalex.org/A5052626296,Sai Prashanth Dasari,,openalex
A5041832797,https://openalex.org/A5041832797,Santhosh Nandhakumar,https://orcid.org/0000-0002-7674-6138,openalex
A5010596785,https://openalex.org/A5010596785,Christopher Andrews,https://orcid.org/0000-0002-4823-3167,openalex
A5018084938,https://openalex.org/A5018084938,Darren Edge,,openalex
A5056572216,https://openalex.org/A5056572216,Jonathan Larson,https://orcid.org/0000-0002-8865-9306,openalex
A5067262667,https://openalex.org/A5067262667,Christopher White,,openalex
A5045020503,https://openalex.org/A5045020503,Julian Kreiser,https://orcid.org/0000-0003-2743-8291,openalex
A5051168420,https://openalex.org/A5051168420,Alexander Hann,https://orcid.org/0000-0001-8035-3559,openalex
A5080002287,https://openalex.org/A5080002287,Eugen Zizer,https://orcid.org/0000-0001-8808-6010,openalex
A5038798411,https://openalex.org/A5038798411,Sanaz Golbabaei,,openalex
A5042543694,https://openalex.org/A5042543694,Patrick Wickenhäuser,,openalex
A5047726449,https://openalex.org/A5047726449,Nan Chen Chen,https://orcid.org/0000-0003-3300-4799,openalex
A5041405652,https://openalex.org/A5041405652,Been Kim,https://orcid.org/0000-0001-9938-2915,openalex
A5028230846,https://openalex.org/A5028230846,Chongxuan Li,,openalex
A5031951061,https://openalex.org/A5031951061,Paulo Rauber,,openalex
A5053780707,https://openalex.org/A5053780707,Samuel G. Fadel,https://orcid.org/0000-0002-4459-4336,openalex
A5015267493,https://openalex.org/A5015267493,Alexandre X. Falcão,https://orcid.org/0000-0002-2914-5380,openalex
A5025616122,https://openalex.org/A5025616122,Thorsten May,https://orcid.org/0000-0001-8027-2687,openalex
A5088255721,https://openalex.org/A5088255721,Hans‐jörg Schulz,https://orcid.org/0000-0001-9974-535X,openalex
A5034040010,https://openalex.org/A5034040010,Leishi Zhang,https://orcid.org/0000-0002-3158-2328,openalex
A5007892780,https://openalex.org/A5007892780,John A. Lee,https://orcid.org/0000-0001-5218-759X,openalex
A5033953993,https://openalex.org/A5033953993,Stephen C. North,https://orcid.org/0000-0002-1087-1577,openalex
A5109036417,https://openalex.org/A5109036417,Yuhong Li,https://orcid.org/0000-0002-3769-6772,openalex
A5057541630,https://openalex.org/A5057541630,Saleema Amershi,https://orcid.org/0000-0002-3294-7288,openalex
A5072651383,https://openalex.org/A5072651383,Jina Suh,https://orcid.org/0000-0002-7646-5563,openalex
A5103246485,https://openalex.org/A5103246485,J. D. Williams,https://orcid.org/0000-0003-2460-9673,openalex
A5029924721,https://openalex.org/A5029924721,Bireswar Laha,,openalex
A5109335900,https://openalex.org/A5109335900,GP Johnson,,openalex
A5013218669,https://openalex.org/A5013218669,Jefferson Amstutz,https://orcid.org/0000-0001-6002-3739,openalex
A5082749324,https://openalex.org/A5082749324,Carson Brownlee,,openalex
A5026703356,https://openalex.org/A5026703356,Jim Jeffers,,openalex
A5028583853,https://openalex.org/A5028583853,Johannes Günther,https://orcid.org/0000-0001-8130-5022,openalex
A5030485512,https://openalex.org/A5030485512,Paul Navrátil,https://orcid.org/0000-0002-1294-8080,openalex
A5100674437,https://openalex.org/A5100674437,Sukwon Lee,https://orcid.org/0000-0001-6194-2470,openalex
A5100654454,https://openalex.org/A5100654454,Sung Hee Kim,https://orcid.org/0000-0002-9716-8349,openalex
A5030179454,https://openalex.org/A5030179454,David H. Laidlaw,https://orcid.org/0000-0002-3411-7376,openalex
A5070476541,https://openalex.org/A5070476541,Eston Schweickart,https://orcid.org/0000-0001-6697-9870,openalex
A5083949511,https://openalex.org/A5083949511,Mira Dontcheva,https://orcid.org/0009-0006-5394-2706,openalex
A5018565806,https://openalex.org/A5018565806,Wilmot Li,,openalex
A5022440000,https://openalex.org/A5022440000,Jovan Popović,https://orcid.org/0000-0003-0479-2538,openalex
A5061444760,https://openalex.org/A5061444760,Fereshteh Amini,https://orcid.org/0000-0002-8754-7484,openalex
A5013065278,https://openalex.org/A5013065278,Andrés Monroy‐hernández,https://orcid.org/0000-0003-4889-9484,openalex
A5078907679,https://openalex.org/A5078907679,Pourang Irani,https://orcid.org/0000-0002-7716-9280,openalex
A5109851187,https://openalex.org/A5109851187,Matthew D. Hoffman,,openalex
A5017833996,https://openalex.org/A5017833996,Seth G. Walker,https://orcid.org/0000-0003-3215-7670,openalex
A5083645031,https://openalex.org/A5083645031,Alan M. Wilson,https://orcid.org/0000-0001-9914-3455,openalex
A5005067182,https://openalex.org/A5005067182,Shamal Al Dohuki,https://orcid.org/0000-0003-1054-3538,openalex
A5101971518,https://openalex.org/A5101971518,Yingyu Wu,https://orcid.org/0000-0002-3723-3145,openalex
A5091423720,https://openalex.org/A5091423720,Farah Kamw,https://orcid.org/0000-0003-1889-9790,openalex
A5029516239,https://openalex.org/A5029516239,Xin Li,https://orcid.org/0000-0001-6334-0369,openalex
A5088393129,https://openalex.org/A5088393129,Xinyue Ye,https://orcid.org/0000-0001-8838-9476,openalex
A5062325991,https://openalex.org/A5062325991,Chao Ma,https://orcid.org/0000-0002-2016-8084,openalex
A5100455919,https://openalex.org/A5100455919,Fei Wang,https://orcid.org/0000-0003-0776-660X,openalex
A5101481095,https://openalex.org/A5101481095,Kai Zhao,https://orcid.org/0000-0003-1040-0211,openalex
A5039841997,https://openalex.org/A5039841997,Bruno Gonçalves,https://orcid.org/0000-0001-5644-3749,openalex
A5075020027,https://openalex.org/A5075020027,Luc Wilson,,openalex
A5059515531,https://openalex.org/A5059515531,Mondrian Hsieh,,openalex
A5100340833,https://openalex.org/A5100340833,Xiaotong Liu,https://orcid.org/0000-0002-3495-4254,openalex
A5078138445,https://openalex.org/A5078138445,Guang Lin,https://orcid.org/0000-0002-0976-1987,openalex
A5008408374,https://openalex.org/A5008408374,Stephan Pajer,,openalex
A5052824737,https://openalex.org/A5052824737,Florian Spechtenhauser,,openalex
A5110584068,https://openalex.org/A5110584068,Torsten Müller,,openalex
A5013101044,https://openalex.org/A5013101044,Florian Ferstl,,openalex
A5035024174,https://openalex.org/A5035024174,Mathias Kanzler,https://orcid.org/0000-0001-8949-1384,openalex
A5113579052,https://openalex.org/A5113579052,Kwan Liu Ma,,openalex
A5064384210,https://openalex.org/A5064384210,Cícero A. L. Pahins,https://orcid.org/0000-0002-5503-8722,openalex
A5083441023,https://openalex.org/A5083441023,Sean A. Stephens,,openalex
A5029235009,https://openalex.org/A5029235009,João L. D. Comba,https://orcid.org/0000-0003-2921-2130,openalex
A5029628813,https://openalex.org/A5029628813,Erdem Kaya,https://orcid.org/0000-0002-2748-8531,openalex
A5043347770,https://openalex.org/A5043347770,Selim Balcısoy,https://orcid.org/0000-0002-6495-7341,openalex
A5003981917,https://openalex.org/A5003981917,Gary K.l. Tam,https://orcid.org/0000-0001-7387-5180,openalex
A5042940478,https://openalex.org/A5042940478,Vivek Kothari,,openalex
A5017415898,https://openalex.org/A5017415898,Marcel Hlawatsch,https://orcid.org/0000-0003-2839-7030,openalex
A5048586204,https://openalex.org/A5048586204,Christof Seeger,https://orcid.org/0000-0002-0600-485X,openalex
A5023931434,https://openalex.org/A5023931434,Katherine Mcdonough,https://orcid.org/0000-0001-7506-1025,openalex
A5074353293,https://openalex.org/A5074353293,Lee M. Seversky,,openalex
A5100416234,https://openalex.org/A5100416234,Minjeong Kim,https://orcid.org/0009-0004-7712-1684,openalex
A5032506972,https://openalex.org/A5032506972,Kyeongpil Kang,,openalex
A5079267936,https://openalex.org/A5079267936,Clemens Arbesser,,openalex
A5110270006,https://openalex.org/A5110270006,Neil Spring,,openalex
A5052623072,https://openalex.org/A5052623072,Ben Shneiderman,https://orcid.org/0000-0002-8298-1097,openalex
A5085936546,https://openalex.org/A5085936546,Anzu Hakone,,openalex
A5069201086,https://openalex.org/A5069201086,Nathan D. Winters,https://orcid.org/0000-0002-4374-3096,openalex
A5037803556,https://openalex.org/A5037803556,Caitlin Gutheil,,openalex
A5066036637,https://openalex.org/A5066036637,Paul K. J. Han,https://orcid.org/0000-0003-0165-1940,openalex
A5110245181,https://openalex.org/A5110245181,Faisal Taher,,openalex
A5001050773,https://openalex.org/A5001050773,Jonathan Woodruff,https://orcid.org/0000-0003-3971-2681,openalex
A5032110952,https://openalex.org/A5032110952,John G. Hardy,https://orcid.org/0000-0003-0655-2167,openalex
A5033721445,https://openalex.org/A5033721445,Jason Alexander,https://orcid.org/0000-0001-6093-6116,openalex
A5072067957,https://openalex.org/A5072067957,Paul Issartel,,openalex
A5109248181,https://openalex.org/A5109248181,Mehdi Ammi,,openalex
A5101892069,https://openalex.org/A5101892069,Chunming Chen,https://orcid.org/0000-0002-9173-5488,openalex
A5091757106,https://openalex.org/A5091757106,Gregory Heinlein,,openalex
A5058194080,https://openalex.org/A5058194080,Mengdie Hu,,openalex
A5051520705,https://openalex.org/A5051520705,Krist Wongsuphasawat,,openalex
A5033425538,https://openalex.org/A5033425538,Mingqian Zhao,,openalex
A5080393799,https://openalex.org/A5080393799,Sébastien Boyer,https://orcid.org/0000-0002-2946-586X,openalex
A5058099040,https://openalex.org/A5058099040,Joon‐yong Lee,https://orcid.org/0000-0002-5864-8518,openalex
A5104331804,https://openalex.org/A5104331804,Ryan Wilson,,openalex
A5022894359,https://openalex.org/A5022894359,Robert A. Lafrance,,openalex
A5108524080,https://openalex.org/A5108524080,Nick Cramer,,openalex
A5112855730,https://openalex.org/A5112855730,Kristin Cook,,openalex
A5040201243,https://openalex.org/A5040201243,Samuel Payne,https://orcid.org/0000-0002-8351-1994,openalex
A5061115862,https://openalex.org/A5061115862,Arlind Nocaj,,openalex
A5113783034,https://openalex.org/A5113783034,Jochen Goertler,,openalex
A5089220047,https://openalex.org/A5089220047,Roger Beecham,https://orcid.org/0000-0001-8563-7251,openalex
A5071681891,https://openalex.org/A5071681891,Aidan Slingsby,https://orcid.org/0000-0003-3941-553X,openalex
A5017435387,https://openalex.org/A5017435387,Z. Wang,https://orcid.org/0000-0002-1720-964X,openalex
A5055844239,https://openalex.org/A5055844239,Youhao Wei,,openalex
A5063369767,https://openalex.org/A5063369767,Aarthy Sankari Bhaskar,,openalex
A5042204958,https://openalex.org/A5042204958,Peng Xu,https://orcid.org/0000-0003-3136-9188,openalex
A5102024007,https://openalex.org/A5102024007,Zhipeng Wang,https://orcid.org/0009-0007-4260-7109,openalex
A5080203120,https://openalex.org/A5080203120,Zhenhuang Wang,,openalex
A5061336187,https://openalex.org/A5061336187,WU Ya,https://orcid.org/0000-0003-1686-9715,openalex
A5100340834,https://openalex.org/A5100340834,Xiaotong Liu,https://orcid.org/0000-0002-3618-0168,openalex
A5065313897,https://openalex.org/A5065313897,Simon Breslav,,openalex
A5003025808,https://openalex.org/A5003025808,Xinsong Yang,https://orcid.org/0009-0007-2297-4307,openalex
A5100658547,https://openalex.org/A5100658547,Lei Shi,https://orcid.org/0009-0000-6050-0144,openalex
A5069073490,https://openalex.org/A5069073490,Madelaine Daianu,,openalex
A5112066295,https://openalex.org/A5112066295,Qingsong Liu,https://orcid.org/0000-0002-7829-2547,openalex
A5100606557,https://openalex.org/A5100606557,Paul M. Thompson,https://orcid.org/0000-0002-4720-8867,openalex
A5047314988,https://openalex.org/A5047314988,Simon Walton,https://orcid.org/0000-0002-3118-4434,openalex
A5015620637,https://openalex.org/A5015620637,E. Delahaye,,openalex
A5001490209,https://openalex.org/A5001490209,J. E. Harris,,openalex
A5069603364,https://openalex.org/A5069603364,Dmitry A. Storchak,https://orcid.org/0000-0002-1481-801X,openalex
A5076979824,https://openalex.org/A5076979824,Filip Dabek,,openalex
A5101046136,https://openalex.org/A5101046136,Jesus J. Caban,,openalex
A5066904286,https://openalex.org/A5066904286,Cheng Deng,https://orcid.org/0000-0002-5296-8879,openalex
A5018287424,https://openalex.org/A5018287424,Samuel Voß,https://orcid.org/0000-0002-9757-7564,openalex
A5030293383,https://openalex.org/A5030293383,Oliver Beuing,https://orcid.org/0000-0001-8033-063X,openalex
A5112771943,https://openalex.org/A5112771943,Markus John,,openalex
A5100415663,https://openalex.org/A5100415663,Qi Han,https://orcid.org/0000-0001-9712-8884,openalex
A5060699796,https://openalex.org/A5060699796,Michael Delz,,openalex
A5078104762,https://openalex.org/A5078104762,Laura Von Rüden,,openalex
A5103260186,https://openalex.org/A5103260186,Haiyan Yang,https://orcid.org/0000-0003-0725-0822,openalex
A5068805525,https://openalex.org/A5068805525,Kai Xu,https://orcid.org/0000-0003-2242-5440,openalex
A5108515757,https://openalex.org/A5108515757,Andy Bardill,,openalex
A5032157145,https://openalex.org/A5032157145,Betul Salman,,openalex
A5064682013,https://openalex.org/A5064682013,Kate Herd,,openalex
A5066087105,https://openalex.org/A5066087105,B. L. William Wong,https://orcid.org/0000-0002-3363-0741,openalex
A5101524540,https://openalex.org/A5101524540,Xiting Wang,https://orcid.org/0000-0001-5768-1095,openalex
A5059565490,https://openalex.org/A5059565490,Jing Su,https://orcid.org/0000-0002-5363-0677,openalex
A5101666011,https://openalex.org/A5101666011,Baining Guo,https://orcid.org/0000-0001-8349-8868,openalex
A5063095344,https://openalex.org/A5063095344,Anshul Vikram Pandey,,openalex
A5059742070,https://openalex.org/A5059742070,Enrico Bertini,https://orcid.org/0000-0001-9276-4590,openalex
A5059011560,https://openalex.org/A5059011560,Noeska Smit,https://orcid.org/0000-0002-3719-4625,openalex
A5112206507,https://openalex.org/A5112206507,Annelot Kraima,,openalex
A5072311778,https://openalex.org/A5072311778,Marco C. Deruiter,https://orcid.org/0000-0002-0528-7464,openalex
A5065796620,https://openalex.org/A5065796620,Hessam Sokooti,https://orcid.org/0000-0002-6282-7973,openalex
A5101824064,https://openalex.org/A5101824064,Jeongjin Lee,https://orcid.org/0000-0001-9676-271X,openalex
A5101716397,https://openalex.org/A5101716397,Tae Jung Kim,https://orcid.org/0000-0003-2429-3533,openalex
A5100763487,https://openalex.org/A5100763487,Kyoung Ho Lee,https://orcid.org/0000-0001-6045-765X,openalex
A5039512936,https://openalex.org/A5039512936,Christopher Mears,,openalex
A5083095334,https://openalex.org/A5083095334,María García De La Banda,https://orcid.org/0000-0002-6666-514X,openalex
A5013174025,https://openalex.org/A5013174025,Mark Wallace,https://orcid.org/0000-0001-7326-8110,openalex
A5075572197,https://openalex.org/A5075572197,Colin Fredericks,https://orcid.org/0000-0001-5670-0004,openalex
A5082066959,https://openalex.org/A5082066959,Connor Huff,https://orcid.org/0000-0002-7124-1923,openalex
A5027874724,https://openalex.org/A5027874724,Dana Higgins,https://orcid.org/0000-0003-2908-1345,openalex
A5046865751,https://openalex.org/A5046865751,Anton Strezhnev,https://orcid.org/0000-0001-6847-8340,openalex
A5030710520,https://openalex.org/A5030710520,Mayya Komisarchik,https://orcid.org/0000-0001-8129-1046,openalex
A5087421071,https://openalex.org/A5087421071,Gary King,https://orcid.org/0000-0002-5327-7631,openalex
A5004215313,https://openalex.org/A5004215313,Allan Rocha,https://orcid.org/0000-0002-1868-993X,openalex
A5062797157,https://openalex.org/A5062797157,Mário Costa Sousa,https://orcid.org/0000-0002-4347-0884,openalex
A5040516099,https://openalex.org/A5040516099,Alina Gvozdik,,openalex
A5100784734,https://openalex.org/A5100784734,Xin Tong,https://orcid.org/0000-0001-8788-2453,openalex
A5100354225,https://openalex.org/A5100354225,Cheng Li,https://orcid.org/0000-0001-6110-8099,openalex
A5055141682,https://openalex.org/A5055141682,Erik Trostmann,https://orcid.org/0009-0006-5030-9593,openalex
A5050321930,https://openalex.org/A5050321930,Klaus Hildebrandt,https://orcid.org/0000-0002-9196-3923,openalex
A5082971754,https://openalex.org/A5082971754,Mona Hosseinkhani Loorak,,openalex
A5033132966,https://openalex.org/A5033132966,Sebastian Baltes,https://orcid.org/0000-0002-2442-7522,openalex
A5024684220,https://openalex.org/A5024684220,Jorge Estrada,https://orcid.org/0000-0001-6961-456X,openalex
A5060698638,https://openalex.org/A5060698638,Vı́ctor Guallar,https://orcid.org/0000-0002-4580-1114,openalex
A5072687280,https://openalex.org/A5072687280,Daniel Jönsson,https://orcid.org/0000-0002-5220-633X,openalex
A5103045373,https://openalex.org/A5103045373,Tim Gerrits,https://orcid.org/0000-0001-9296-7224,openalex
A5083194357,https://openalex.org/A5083194357,Florian Frieß,https://orcid.org/0000-0001-8817-0853,openalex
A5084075723,https://openalex.org/A5084075723,Katrin Scharnowski,,openalex
A5034656506,https://openalex.org/A5034656506,Silvia Fademrecht,,openalex
A5080160526,https://openalex.org/A5080160526,Tobias Kulschewski,,openalex
A5067406221,https://openalex.org/A5067406221,Jürgen Pleiss,https://orcid.org/0000-0003-1045-8202,openalex
A5006938634,https://openalex.org/A5006938634,Wen Zhong,https://orcid.org/0000-0002-7957-7237,openalex
A5088298192,https://openalex.org/A5088298192,Kris Cook,,openalex
A5073935117,https://openalex.org/A5073935117,Rudolf Netzel,,openalex
A5016295654,https://openalex.org/A5016295654,Michael Burch,https://orcid.org/0000-0003-4756-5335,openalex
A5067806552,https://openalex.org/A5067806552,Sanjeev Balakrishnan,,openalex
A5028945768,https://openalex.org/A5028945768,Hansjörg Schmauder,,openalex
A5089881940,https://openalex.org/A5089881940,Saad Nadeem,https://orcid.org/0000-0001-5030-9792,openalex
A5061454658,https://openalex.org/A5061454658,Joseph Marino,https://orcid.org/0000-0002-5118-5047,openalex
A5100607707,https://openalex.org/A5100607707,Xianfeng Gu,https://orcid.org/0000-0001-8226-5851,openalex
A5114686064,https://openalex.org/A5114686064,Yifan Zhang,https://orcid.org/0000-0002-9190-3509,openalex
A5100641549,https://openalex.org/A5100641549,Kui Wu,https://orcid.org/0000-0002-2069-0032,openalex
A5007976839,https://openalex.org/A5007976839,Benjamin Isaac,,openalex
A5023678337,https://openalex.org/A5023678337,A. Just,https://orcid.org/0000-0002-5144-9233,openalex
A5103027961,https://openalex.org/A5103027961,Fábio Felix Dias,https://orcid.org/0000-0003-2081-1233,openalex
A5091144609,https://openalex.org/A5091144609,Artem Amirkhanov,https://orcid.org/0000-0001-5421-7473,openalex
A5100340840,https://openalex.org/A5100340840,Xiaotong Liu,https://orcid.org/0000-0003-1141-9184,openalex
A5053418697,https://openalex.org/A5053418697,Anbang Xu,https://orcid.org/0009-0005-9707-7817,openalex
A5101971581,https://openalex.org/A5101971581,Haibin Liu,https://orcid.org/0000-0002-8267-8717,openalex
A5065701116,https://openalex.org/A5065701116,Rama Akkiraju,,openalex
A5033503333,https://openalex.org/A5033503333,Gregory Guterman,,openalex
A5007998668,https://openalex.org/A5007998668,Harris A. Lewin,https://orcid.org/0000-0002-1043-7287,openalex
A5074812838,https://openalex.org/A5074812838,Denis M. Larkin,https://orcid.org/0000-0001-7859-6201,openalex
A5080954876,https://openalex.org/A5080954876,Jaebum Kim,https://orcid.org/0000-0002-2287-9760,openalex
A5100626893,https://openalex.org/A5100626893,Jian Ma,https://orcid.org/0000-0002-4202-5834,openalex
A5020979148,https://openalex.org/A5020979148,Marta Farré,https://orcid.org/0000-0001-9170-5767,openalex
A5025404277,https://openalex.org/A5025404277,Goethem Arthur Van,,openalex
A5032979919,https://openalex.org/A5032979919,Frank Staals,,openalex
A5112038936,https://openalex.org/A5112038936,Maarten Löffler,,openalex
A2142913092,https://openalex.org/A2142913092,Ji Hwan Park,https://orcid.org/0000-0001-7031-8813,openalex
A2329647279,https://openalex.org/A2329647279,Saad Nadeem,https://orcid.org/0000-0001-5030-9792,openalex
A2224011662,https://openalex.org/A2224011662,Seyedkoosha Mirhosseini,,openalex
A2250180867,https://openalex.org/A2250180867,Arie Kaufman,https://orcid.org/0000-0002-0796-6196,openalex
A5051526027,https://openalex.org/A5051526027,Wenchao Wu,https://orcid.org/0000-0001-9897-8901,openalex
A5108098662,https://openalex.org/A5108098662,Yixian Zheng,,openalex
A5006962854,https://openalex.org/A5006962854,Ivan Kolesár,,openalex
A5022287420,https://openalex.org/A5022287420,Kasper Dinkla,https://orcid.org/0000-0003-2092-166X,openalex
A5057953221,https://openalex.org/A5057953221,Bryan Genest,,openalex
A5083912451,https://openalex.org/A5083912451,Stephan Reiling,,openalex
A5001741248,https://openalex.org/A5001741248,Mark L. Borowsky,,openalex
A5086727322,https://openalex.org/A5086727322,Jing Xia,https://orcid.org/0000-0002-5476-727X,openalex
A5023806511,https://openalex.org/A5023806511,Wei Chen,https://orcid.org/0000-0002-6248-1298,openalex
A5023823294,https://openalex.org/A5023823294,Yumeng Hou,https://orcid.org/0000-0002-7908-0693,openalex
A5056363324,https://openalex.org/A5056363324,Wanqi Hu,,openalex
A5101250362,https://openalex.org/A5101250362,Xinxin Huang,,openalex
A5038482291,https://openalex.org/A5038482291,David S. Ebertk,,openalex
A5008640200,https://openalex.org/A5008640200,Jiaxi Hu,https://orcid.org/0000-0002-8940-4727,openalex
A5006534924,https://openalex.org/A5006534924,Hajar Hamidian,https://orcid.org/0000-0002-6106-3510,openalex
A5024374419,https://openalex.org/A5024374419,Ievgeniia Gutenko,,openalex
A5102818872,https://openalex.org/A5102818872,Konstantin Dmitriev,https://orcid.org/0000-0001-9740-1334,openalex
A5075591650,https://openalex.org/A5075591650,Matthew A. Barish,https://orcid.org/0000-0002-7521-8878,openalex
A5039219845,https://openalex.org/A5039219845,D. Mccolgin,,openalex
A5040166190,https://openalex.org/A5040166190,Paul Hoover,https://orcid.org/0000-0001-5343-429X,openalex
A5008156597,https://openalex.org/A5008156597,Mark Igra,,openalex
A5065776273,https://openalex.org/A5065776273,Andreas J. Lind,,openalex
A5031246877,https://openalex.org/A5031246877,Andrew H. Stevens,https://orcid.org/0000-0001-8991-8616,openalex
A5077955263,https://openalex.org/A5077955263,Thomas Butkiewicz,,openalex
A5077148853,https://openalex.org/A5077148853,Anushka Anand,,openalex
A5009369598,https://openalex.org/A5009369598,Jock D. Mackinlay,,openalex
A5011292436,https://openalex.org/A5011292436,Zoya Bylinskii,https://orcid.org/0000-0002-9746-9109,openalex
A5004661296,https://openalex.org/A5004661296,Constance M. Bainbridge,https://orcid.org/0000-0003-3960-2845,openalex
A5050670374,https://openalex.org/A5050670374,Chelsea Yeh,https://orcid.org/0000-0002-0502-8235,openalex
A5002142835,https://openalex.org/A5002142835,Daniel Borkin,,openalex
A5021257546,https://openalex.org/A5021257546,Aude Oliva,,openalex
A5049959252,https://openalex.org/A5049959252,Ryan P. Russell,https://orcid.org/0000-0001-7672-0408,openalex
A5061393594,https://openalex.org/A5061393594,Hansi Senaratne,https://orcid.org/0000-0001-8444-2196,openalex
A5011528639,https://openalex.org/A5011528639,Geoffrey Ellis,,openalex
A5056385750,https://openalex.org/A5056385750,Felix Brodkorb,,openalex
A5054864049,https://openalex.org/A5054864049,Philipp Roskosch,,openalex
A5010678395,https://openalex.org/A5010678395,Jibonananda Sanyal,https://orcid.org/0000-0002-7789-3199,openalex
A5100326468,https://openalex.org/A5100326468,Jian Chen,https://orcid.org/0000-0002-9033-4033,openalex
A5101702914,https://openalex.org/A5101702914,Xiaoke Huang,https://orcid.org/0000-0003-0632-4711,openalex
A5010867366,https://openalex.org/A5010867366,Chong Zhang,https://orcid.org/0000-0003-0576-6016,openalex
A5075947472,https://openalex.org/A5075947472,Conglei Shi,https://orcid.org/0000-0002-7067-8517,openalex
A5062209759,https://openalex.org/A5062209759,Tara Madhyastha,,openalex
A5050365477,https://openalex.org/A5050365477,T.j. Grabowski,,openalex
A5043973007,https://openalex.org/A5043973007,Danny Holten,,openalex
A5055204153,https://openalex.org/A5055204153,Jorik Blaas,,openalex
A5059206106,https://openalex.org/A5059206106,Johansson Jimmy,,openalex
A5071234214,https://openalex.org/A5071234214,Camilla Forsell,,openalex
A5111512427,https://openalex.org/A5111512427,Sabrina Lin,,openalex
A5100675577,https://openalex.org/A5100675577,Jie Lü,https://orcid.org/0000-0003-0690-4732,openalex
A5109855094,https://openalex.org/A5109855094,Ching‐yung Lin,,openalex
A5102015112,https://openalex.org/A5102015112,Cong Guo,https://orcid.org/0000-0001-8906-0103,openalex
A5010061027,https://openalex.org/A5010061027,Zuchao Wang,,openalex
A5110490385,https://openalex.org/A5110490385,Ya‐hsin Hung,,openalex
A5088085186,https://openalex.org/A5088085186,Younah Kang,https://orcid.org/0000-0003-4981-6329,openalex
A5053349373,https://openalex.org/A5053349373,Ji Soo Yi,https://orcid.org/0000-0002-7545-3878,openalex
A5012986137,https://openalex.org/A5012986137,Sebastian Koch,https://orcid.org/0000-0002-8147-1036,openalex
A5109234117,https://openalex.org/A5109234117,Kai Bürger,,openalex
A5069020320,https://openalex.org/A5069020320,Julian Stahnke,,openalex
A5080784100,https://openalex.org/A5080784100,Boris Müller,,openalex
A5010043767,https://openalex.org/A5010043767,Andreas Thom,https://orcid.org/0000-0002-7245-2861,openalex
A5082350263,https://openalex.org/A5082350263,Naveen Pitipornvivat,,openalex
A5047872236,https://openalex.org/A5047872236,Sixiao Yang,,openalex
A5101896195,https://openalex.org/A5101896195,Guowei Huang,https://orcid.org/0000-0002-7442-3722,openalex
A5035894778,https://openalex.org/A5035894778,Daniel Afergan,,openalex
A5050064511,https://openalex.org/A5050064511,Caroline Ziemkiewicz,,openalex
A5074502941,https://openalex.org/A5074502941,Holly A. Taylor,https://orcid.org/0000-0001-6811-9356,openalex
A5064259306,https://openalex.org/A5064259306,Bing Ni,,openalex
A5021357065,https://openalex.org/A5021357065,Lionel M. Ni,https://orcid.org/0000-0002-2325-6215,openalex
A5026961816,https://openalex.org/A5026961816,Harry Stavropoulos,,openalex
A5101564894,https://openalex.org/A5101564894,Hua Guo,https://orcid.org/0000-0002-5008-2644,openalex
A5046501868,https://openalex.org/A5046501868,Steven R. Gomez,,openalex
A5038299474,https://openalex.org/A5038299474,Roeland Scheepens,https://orcid.org/0000-0003-4974-7036,openalex
A5041046532,https://openalex.org/A5041046532,Steve Kieffer,,openalex
A5002279044,https://openalex.org/A5002279044,Fabian Fischer,https://orcid.org/0009-0003-1761-2601,openalex
A5008620772,https://openalex.org/A5008620772,Manuel Rubio Sánchez,https://orcid.org/0000-0002-8692-2553,openalex
A5012627865,https://openalex.org/A5012627865,Laura Raya,https://orcid.org/0000-0002-1331-790X,openalex
A5101722804,https://openalex.org/A5101722804,Francisco Javier Rodríguez Díaz,https://orcid.org/0000-0002-3859-476X,openalex
A5003817684,https://openalex.org/A5003817684,Alberto Sánchez,https://orcid.org/0000-0002-5382-6805,openalex
A5060159205,https://openalex.org/A5060159205,Alice Thudt,https://orcid.org/0000-0002-1594-2151,openalex
A5065970500,https://openalex.org/A5065970500,Dominikus Baur,,openalex
A5081925377,https://openalex.org/A5081925377,Noreen Kamal,https://orcid.org/0000-0001-5957-2183,openalex
A5100770632,https://openalex.org/A5100770632,Michael D. Hill,https://orcid.org/0000-0002-6269-1543,openalex
A5069258780,https://openalex.org/A5069258780,Michael Brooks,https://orcid.org/0000-0002-8742-9680,openalex
A5101933711,https://openalex.org/A5101933711,Ashish Kapoor,https://orcid.org/0009-0004-3764-8449,openalex
A5109211487,https://openalex.org/A5109211487,Patrice Simard,,openalex
A5112877229,https://openalex.org/A5112877229,Xizhou Zhu,,openalex
A5102145315,https://openalex.org/A5102145315,Qinying Liao,,openalex
A5014662947,https://openalex.org/A5014662947,Furu Wei,https://orcid.org/0000-0002-7810-5852,openalex
A5048111120,https://openalex.org/A5048111120,Shimei Pan,https://orcid.org/0000-0002-5989-8543,openalex
A5087042012,https://openalex.org/A5087042012,Eric Alexander,https://orcid.org/0000-0002-6984-7360,openalex
A5088109190,https://openalex.org/A5088109190,Mark Petersen,https://orcid.org/0000-0001-7170-7511,openalex
A5065799404,https://openalex.org/A5065799404,Andre Schmeißer,https://orcid.org/0000-0002-4400-9635,openalex
A5002044808,https://openalex.org/A5002044808,John Patchett,https://orcid.org/0000-0002-6777-9392,openalex
A5108255640,https://openalex.org/A5108255640,Hans Hagen,,openalex
A5051850767,https://openalex.org/A5051850767,Johanna Fulda,,openalex
A5105945412,https://openalex.org/A5105945412,Matthew Brehmel,,openalex
A5053118584,https://openalex.org/A5053118584,Yael Albo,https://orcid.org/0000-0003-0701-3827,openalex
A5013243312,https://openalex.org/A5013243312,Peter Michael Bak,https://orcid.org/0000-0002-2639-3012,openalex
A5043076336,https://openalex.org/A5043076336,Sheizaf Rafaeli,https://orcid.org/0000-0002-0937-5621,openalex
A5101928782,https://openalex.org/A5101928782,James S. Walker,https://orcid.org/0000-0002-7184-584X,openalex
A5028781666,https://openalex.org/A5028781666,Mark W. Jones,https://orcid.org/0000-0001-8991-1190,openalex
A5050314106,https://openalex.org/A5050314106,Min Zhu,https://orcid.org/0000-0002-5664-1558,openalex
A5076034475,https://openalex.org/A5076034475,Shenghui Cheng,https://orcid.org/0000-0002-3767-8371,openalex
A5080631353,https://openalex.org/A5080631353,Julie Gonnering Lein,,openalex
A5066876119,https://openalex.org/A5066876119,Katharine Coles,https://orcid.org/0000-0002-0849-5111,openalex
A5081339413,https://openalex.org/A5081339413,Konstantinos Efstathiou,https://orcid.org/0000-0002-3870-6901,openalex
A5048978959,https://openalex.org/A5048978959,Louis Eveillard,,openalex
A5043230526,https://openalex.org/A5043230526,Françoise Détienne,https://orcid.org/0000-0002-8762-9631,openalex
A5010985446,https://openalex.org/A5010985446,Wewnen Dou,,openalex
A5075309604,https://openalex.org/A5075309604,Derek Xiaoyu Wang,,openalex
A5086212139,https://openalex.org/A5086212139,Éric Sauda,,openalex
A5089405476,https://openalex.org/A5089405476,Peng Mi,https://orcid.org/0000-0003-0123-4311,openalex
A5090887035,https://openalex.org/A5090887035,Cesar Palomo,,openalex
A5113750867,https://openalex.org/A5113750867,Zhan Guo,,openalex
A5035842819,https://openalex.org/A5035842819,Changgong Zhang,https://orcid.org/0000-0002-0971-5585,openalex
A5091300565,https://openalex.org/A5091300565,Narayanan Kasthuri,https://orcid.org/0000-0003-3825-931X,openalex
A5089271689,https://openalex.org/A5089271689,Heidi Werner,,openalex
A5041894100,https://openalex.org/A5041894100,Muchan Park,,openalex
A5007265753,https://openalex.org/A5007265753,Paul Klemm,https://orcid.org/0000-0002-5985-1737,openalex
A5106421474,https://openalex.org/A5106421474,Sylvia Glaber,,openalex
A5069003426,https://openalex.org/A5069003426,Uli Niemann,https://orcid.org/0000-0001-9634-2248,openalex
A5060570293,https://openalex.org/A5060570293,Katrin Hegenscheid,https://orcid.org/0000-0001-9620-3205,openalex
A5011709769,https://openalex.org/A5011709769,Henry Völzke,https://orcid.org/0000-0001-7003-399X,openalex
A5004833443,https://openalex.org/A5004833443,Steffen Oeltze‐jafra,https://orcid.org/0000-0002-6962-9080,openalex
A5090571318,https://openalex.org/A5090571318,Juan R. Cebral,https://orcid.org/0000-0002-3216-0856,openalex
A5001362069,https://openalex.org/A5001362069,Gábor Janiga,https://orcid.org/0000-0002-4560-9640,openalex
A5036303821,https://openalex.org/A5036303821,Maik Schulze,,openalex
A5026787396,https://openalex.org/A5026787396,Lihua Hao,,openalex
A5013460936,https://openalex.org/A5013460936,Christopher G. Healey,https://orcid.org/0000-0002-2617-8638,openalex
A5042522958,https://openalex.org/A5042522958,Steffen A. Bass,https://orcid.org/0000-0002-9451-0954,openalex
A5086100757,https://openalex.org/A5086100757,Mihaela Jarema,,openalex
A5101898507,https://openalex.org/A5101898507,I. Demir,https://orcid.org/0000-0002-7315-5711,openalex
A5113153568,https://openalex.org/A5113153568,Johannes Kehrer,,openalex
A5075766572,https://openalex.org/A5075766572,Sarah Burke,https://orcid.org/0000-0001-7172-491X,openalex
A5100371015,https://openalex.org/A5100371015,Hong Wang,https://orcid.org/0009-0008-2874-2168,openalex
A5048364702,https://openalex.org/A5048364702,Jiun Yi Tsai,https://orcid.org/0000-0001-7333-2821,openalex
A5084781695,https://openalex.org/A5084781695,Hasan Davulcu,https://orcid.org/0000-0001-5602-8270,openalex
A5027046322,https://openalex.org/A5027046322,Douglas C. Montgomery,https://orcid.org/0000-0002-8959-134X,openalex
A5108429764,https://openalex.org/A5108429764,Steven R. Corman,,openalex
A5052417609,https://openalex.org/A5052417609,Ashley Wheat,,openalex
A5053493751,https://openalex.org/A5053493751,Simon Attfield,,openalex
A5084744343,https://openalex.org/A5084744343,Bob Fields,https://orcid.org/0000-0003-1117-1844,openalex
A5010594519,https://openalex.org/A5010594519,Stefania Forlini,,openalex
A5030705917,https://openalex.org/A5030705917,Bridget Moynihan,https://orcid.org/0000-0003-3032-8069,openalex
A5059489155,https://openalex.org/A5059489155,Sujin Jang,https://orcid.org/0000-0002-2723-5606,openalex
A5004602626,https://openalex.org/A5004602626,Karthik Ramani,https://orcid.org/0000-0001-8639-5135,openalex
A5014363196,https://openalex.org/A5014363196,Graeme Gange,https://orcid.org/0000-0002-1354-431X,openalex
A5005672708,https://openalex.org/A5005672708,Jocelyn H. Ng,,openalex
A5111607979,https://openalex.org/A5111607979,K. R. Tate,,openalex
A5083182139,https://openalex.org/A5083182139,Josef Focht,,openalex
A5014325236,https://openalex.org/A5014325236,Jina Huh,https://orcid.org/0000-0001-5811-9256,openalex
A5112121545,https://openalex.org/A5112121545,David Israël,,openalex
A5113463221,https://openalex.org/A5113463221,Michael Wolverton,,openalex
A5113684296,https://openalex.org/A5113684296,Joe Bruce,,openalex
A5061232045,https://openalex.org/A5061232045,Russ Burtner,,openalex
A5046453853,https://openalex.org/A5046453853,Charisee Chiw,,openalex
A5043667487,https://openalex.org/A5043667487,Nicholas Seltzer,,openalex
A5000036409,https://openalex.org/A5000036409,Lamont Samuels,,openalex
A5030967328,https://openalex.org/A5030967328,John Reppy,https://orcid.org/0000-0002-5881-298X,openalex
A5048468645,https://openalex.org/A5048468645,Renata G. Raidou,https://orcid.org/0000-0003-2468-0664,openalex
A5102774906,https://openalex.org/A5102774906,Martin Eisemann,https://orcid.org/0000-0002-9470-5874,openalex
A5077204103,https://openalex.org/A5077204103,Marcel Breeuwer,https://orcid.org/0000-0003-1822-8970,openalex
A5113514530,https://openalex.org/A5113514530,Lydia Byrne,,openalex
A5023853044,https://openalex.org/A5023853044,Daniel Angus,https://orcid.org/0000-0002-1412-5096,openalex
A5013458161,https://openalex.org/A5013458161,Janet Wiles,https://orcid.org/0000-0002-4051-4116,openalex
A5046974897,https://openalex.org/A5046974897,A. D. Pembroke,,openalex
A5066348455,https://openalex.org/A5066348455,M. L. Mays,https://orcid.org/0000-0001-9177-8405,openalex
A5061319921,https://openalex.org/A5061319921,L. Rastäetter,https://orcid.org/0000-0002-7343-4147,openalex
A5055241025,https://openalex.org/A5055241025,Peter Hamilton,https://orcid.org/0000-0001-6376-6730,openalex
A5113437503,https://openalex.org/A5113437503,Gregory P. Johnson,,openalex
A5083968592,https://openalex.org/A5083968592,Kah Chun Lau,https://orcid.org/0000-0002-4925-3397,openalex
A5058864798,https://openalex.org/A5058864798,Larry A. Curtiss,https://orcid.org/0000-0001-8855-8006,openalex
A5113967916,https://openalex.org/A5113967916,Joseph M. Botros,,openalex
A5067806910,https://openalex.org/A5067806910,Brant K. Peterson,https://orcid.org/0000-0002-0433-3035,openalex
A5016122563,https://openalex.org/A5016122563,Mathieu Le Muzic,,openalex
A5113743668,https://openalex.org/A5113743668,David J. Schroeder,,openalex
A5090140316,https://openalex.org/A5090140316,Susan Vanderplas,https://orcid.org/0000-0002-3803-0972,openalex
A5082334156,https://openalex.org/A5082334156,Heike Hofmann,https://orcid.org/0000-0001-6216-5183,openalex
A5017167333,https://openalex.org/A5017167333,Max Hermann,https://orcid.org/0000-0002-7885-6672,openalex
A5071286871,https://openalex.org/A5071286871,Anja C. Schunke,,openalex
A5037976392,https://openalex.org/A5037976392,Reinhard Klein,https://orcid.org/0000-0002-5505-9347,openalex
A5055548499,https://openalex.org/A5055548499,Amin Abbasloo,,openalex
A5078588110,https://openalex.org/A5078588110,Vitalis Wiens,,openalex
A5051133137,https://openalex.org/A5051133137,Fábio Dias,https://orcid.org/0000-0002-8781-583X,openalex
A5010430831,https://openalex.org/A5010430831,Fabiano Petronetto,https://orcid.org/0000-0003-1940-5406,openalex
A5074161314,https://openalex.org/A5074161314,Paolo Simonetto,,openalex
A5039321552,https://openalex.org/A5039321552,Mehmet Adil Yalçın,https://orcid.org/0000-0002-5236-6288,openalex
A5004824085,https://openalex.org/A5004824085,Benjamin B. Bederson,https://orcid.org/0000-0002-3247-779X,openalex
A5041483688,https://openalex.org/A5041483688,Omar Eltayeby,https://orcid.org/0000-0003-3741-359X,openalex
A5100357633,https://openalex.org/A5100357633,Xiaoyu Wang,https://orcid.org/0000-0003-0272-3678,openalex
A5032428632,https://openalex.org/A5032428632,Xue Wu,https://orcid.org/0000-0002-5567-1325,openalex
A5025653234,https://openalex.org/A5025653234,Susan M. Mniszewski,https://orcid.org/0000-0002-0077-0537,openalex
A5014319412,https://openalex.org/A5014319412,Yi Gu,https://orcid.org/0000-0001-7962-9466,openalex
A5057612088,https://openalex.org/A5057612088,Tom Peterka,,openalex
A5103027685,https://openalex.org/A5103027685,Robert Jacob,https://orcid.org/0000-0002-9444-6593,openalex
A5056574974,https://openalex.org/A5056574974,Matthias Labschutz,,openalex
A5112045175,https://openalex.org/A5112045175,Liang Yu,,openalex
A5027626829,https://openalex.org/A5027626829,Wei Wu,https://orcid.org/0000-0003-0343-4632,openalex
A5100338511,https://openalex.org/A5100338511,Xiaohui Li,https://orcid.org/0000-0001-5026-8513,openalex
A5009139939,https://openalex.org/A5009139939,Guangxia Li,https://orcid.org/0000-0003-2158-8723,openalex
A5062405330,https://openalex.org/A5062405330,Wee Siong Ng,https://orcid.org/0000-0003-3523-3210,openalex
A5090171111,https://openalex.org/A5090171111,See Kiong Ng,https://orcid.org/0000-0001-6565-7511,openalex
A5101259226,https://openalex.org/A5101259226,Zhongwen Huang,,openalex
A5069394495,https://openalex.org/A5069394495,Anushiya Arunan,https://orcid.org/0000-0002-9915-0302,openalex
A5064940551,https://openalex.org/A5064940551,Hui Min Watt,,openalex
A5102835648,https://openalex.org/A5102835648,Sarang Joshi,https://orcid.org/0000-0002-3446-4810,openalex
A5101866911,https://openalex.org/A5101866911,Jian Chen,https://orcid.org/0000-0003-1909-4679,openalex
A5073731680,https://openalex.org/A5073731680,Justin Talbot,,openalex
A5012530562,https://openalex.org/A5012530562,Robin Skånberg,https://orcid.org/0000-0001-7447-483X,openalex
A5103403657,https://openalex.org/A5103403657,Carolyn L. Phillips,,openalex
A5014971963,https://openalex.org/A5014971963,Dmitry Karpeyev,,openalex
A5077620183,https://openalex.org/A5077620183,Andreas Glatz,https://orcid.org/0000-0002-2007-3851,openalex
A5069853790,https://openalex.org/A5069853790,Doug A. Bowman,https://orcid.org/0000-0003-0491-5067,openalex
A5067898673,https://openalex.org/A5067898673,John J. Socha,https://orcid.org/0000-0002-4465-1097,openalex
A5051590071,https://openalex.org/A5051590071,Marco Ament,https://orcid.org/0000-0001-7145-9167,openalex
A5041287963,https://openalex.org/A5041287963,Charilaos Papadopoulos,https://orcid.org/0000-0003-0598-2552,openalex
A5024197313,https://openalex.org/A5024197313,Martin Röhlig,https://orcid.org/0000-0002-3831-8482,openalex
A5088223542,https://openalex.org/A5088223542,Martin Luboschik,,openalex
A5030968176,https://openalex.org/A5030968176,Frank Krüger,https://orcid.org/0000-0002-7925-3363,openalex
A5012782091,https://openalex.org/A5012782091,Thomas Kirste,https://orcid.org/0000-0002-8956-9820,openalex
A5100738314,https://openalex.org/A5100738314,Zhongjie Wang,https://orcid.org/0000-0002-4925-2941,openalex
A5058028526,https://openalex.org/A5058028526,Hans‐peter Seidel,https://orcid.org/0000-0002-1343-8613,openalex
A5104884760,https://openalex.org/A5104884760,Aurelie Cohe,,openalex
A5064464260,https://openalex.org/A5064464260,Bastien Liutkus,,openalex
A5023297045,https://openalex.org/A5023297045,Éric Lecolinet,https://orcid.org/0000-0001-8114-1160,openalex
A5109233918,https://openalex.org/A5109233918,Chen Chun Ming,,openalex
A5112684709,https://openalex.org/A5112684709,Han Wei Shen,,openalex
A5100714477,https://openalex.org/A5100714477,Qingsong Liu,https://orcid.org/0000-0002-6689-6407,openalex
A5100708726,https://openalex.org/A5100708726,Yifan Hu,https://orcid.org/0000-0003-2017-924X,openalex
A5081125645,https://openalex.org/A5081125645,Xinzhu Mu,,openalex
A5100747973,https://openalex.org/A5100747973,Yutao Zhang,https://orcid.org/0000-0002-2552-7736,openalex
A5044791875,https://openalex.org/A5044791875,Jie Tang,https://orcid.org/0000-0003-3487-4593,openalex
A5029437914,https://openalex.org/A5029437914,Simon Urbanek,https://orcid.org/0000-0003-2297-1732,openalex
A5072301014,https://openalex.org/A5072301014,Gordon Woodhull,,openalex
A5046964482,https://openalex.org/A5046964482,Thomas Löwe,https://orcid.org/0000-0001-8932-018X,openalex
A5000033049,https://openalex.org/A5000033049,Emmy Charlotte Förster,,openalex
A5085294981,https://openalex.org/A5085294981,Geórgia Albuquerque,https://orcid.org/0000-0002-4510-3383,openalex
A5026500248,https://openalex.org/A5026500248,Jens‐peter Kreiß,https://orcid.org/0000-0001-6446-4558,openalex
A5000099153,https://openalex.org/A5000099153,Marcus Magnor,https://orcid.org/0000-0003-0579-480X,openalex
A5084119599,https://openalex.org/A5084119599,Hongsen Liao,https://orcid.org/0000-0003-2491-968X,openalex
A5075733431,https://openalex.org/A5075733431,Thomas M. Hamill,https://orcid.org/0000-0002-6061-1722,openalex
A5110515495,https://openalex.org/A5110515495,Kan Dai,https://orcid.org/0009-0009-5923-2109,openalex
A5083859043,https://openalex.org/A5083859043,Daisuke Sakurai,https://orcid.org/0000-0002-0464-8619,openalex
A5053727705,https://openalex.org/A5053727705,Osamu Saeki,https://orcid.org/0000-0003-1679-9948,openalex
A5101494292,https://openalex.org/A5101494292,Takahiro Yamamoto,https://orcid.org/0000-0003-0017-1152,openalex
A5074352715,https://openalex.org/A5074352715,David Duke,,openalex
A5056641267,https://openalex.org/A5056641267,Shigeo Takahashi,https://orcid.org/0000-0002-4673-577X,openalex
A5060146626,https://openalex.org/A5060146626,Christopher Kappe,https://orcid.org/0000-0003-4296-1734,openalex
A5072306303,https://openalex.org/A5072306303,Lucas Schütz,https://orcid.org/0000-0003-2514-226X,openalex
A5101658503,https://openalex.org/A5101658503,Stefan Günther,https://orcid.org/0000-0003-4080-5041,openalex
A5057351444,https://openalex.org/A5057351444,Lars Hufnagel,https://orcid.org/0000-0002-9585-5508,openalex
A5101839682,https://openalex.org/A5101839682,Steffen Lemke,https://orcid.org/0000-0001-5807-2865,openalex
A5034300560,https://openalex.org/A5034300560,Sanghun Park,https://orcid.org/0000-0001-5383-7005,openalex
A5030844022,https://openalex.org/A5030844022,Hyunggoog Seo,,openalex
A5109392646,https://openalex.org/A5109392646,Seung‐hoon Cha,https://orcid.org/0000-0002-7318-0116,openalex
A5026087865,https://openalex.org/A5026087865,Junyong Noh,https://orcid.org/0000-0003-1925-3326,openalex
A5015989769,https://openalex.org/A5015989769,Valentin Zobel,https://orcid.org/0000-0003-3643-732X,openalex
A5055889375,https://openalex.org/A5055889375,Kenneth Weiss,https://orcid.org/0000-0001-6649-8022,openalex
A5014041753,https://openalex.org/A5014041753,Christian Schulte Zu Berge,,openalex
A5044705924,https://openalex.org/A5044705924,Denis Declara,https://orcid.org/0000-0001-5021-5577,openalex
A5090287162,https://openalex.org/A5090287162,Christoph Hennersperger,https://orcid.org/0000-0003-3810-9856,openalex
A5016665254,https://openalex.org/A5016665254,Maximilian Baust,https://orcid.org/0000-0003-2077-1606,openalex
A5046896448,https://openalex.org/A5046896448,Nassir Navab,,openalex
A5071922502,https://openalex.org/A5071922502,Marian Talbert,https://orcid.org/0009-0002-1283-876X,openalex
A5006248635,https://openalex.org/A5006248635,Jeffrey T. Morisette,https://orcid.org/0000-0002-0483-0082,openalex
A5009566240,https://openalex.org/A5009566240,V.i. Matvienko,,openalex
A5028513822,https://openalex.org/A5028513822,Andreas Stoffel,,openalex
A5062766883,https://openalex.org/A5062766883,Florian Stoffel,,openalex
A5081437173,https://openalex.org/A5081437173,Ronald A. Rensink,https://orcid.org/0000-0002-4105-8845,openalex
A5100566791,https://openalex.org/A5100566791,Yale Song,,openalex
A5044079129,https://openalex.org/A5044079129,Charles D. Stolper,,openalex
A5054181879,https://openalex.org/A5054181879,Kai Yan,https://orcid.org/0000-0002-4960-7108,openalex
A5076423724,https://openalex.org/A5076423724,Fangzhao Wu,https://orcid.org/0000-0001-9138-1272,openalex
A5031218830,https://openalex.org/A5031218830,Mahsa Mirzargar,https://orcid.org/0000-0002-5111-5321,openalex
A5109840277,https://openalex.org/A5109840277,Ross Whitaker,,openalex
A5080627217,https://openalex.org/A5080627217,Anjali Manivannan,,openalex
A5007172071,https://openalex.org/A5007172071,Oded Nov,https://orcid.org/0000-0001-6410-2995,openalex
A5024801102,https://openalex.org/A5024801102,Margaret L. Satterthwaite,https://orcid.org/0000-0001-7683-5619,openalex
A5003854328,https://openalex.org/A5003854328,Diansheng Guo,https://orcid.org/0000-0003-3483-4153,openalex
A5076210591,https://openalex.org/A5076210591,Xi Zhu,https://orcid.org/0000-0001-6941-0786,openalex
A5033988623,https://openalex.org/A5033988623,Alexander Erath,https://orcid.org/0000-0002-3494-6617,openalex
A5105085040,https://openalex.org/A5105085040,Quan Lin,,openalex
A5057374067,https://openalex.org/A5057374067,Richard Souvenir,https://orcid.org/0000-0002-6066-0946,openalex
A5101504537,https://openalex.org/A5101504537,Guodao Sun,https://orcid.org/0000-0002-9973-7613,openalex
A5049134847,https://openalex.org/A5049134847,Jonathan J. H. Zhu,https://orcid.org/0000-0001-6173-6941,openalex
A5001531117,https://openalex.org/A5001531117,Ronghua Liang,https://orcid.org/0000-0003-2077-9608,openalex
A5101866229,https://openalex.org/A5101866229,Zhuofeng Wu,https://orcid.org/0009-0009-9150-2869,openalex
A5052324728,https://openalex.org/A5052324728,Hao Wei,https://orcid.org/0000-0002-3144-9754,openalex
A5091130051,https://openalex.org/A5091130051,Tangzhi Ye,,openalex
A5036762116,https://openalex.org/A5036762116,Jacky Yuan,,openalex
A5019420039,https://openalex.org/A5019420039,Qianliang Wu,,openalex
A5004676508,https://openalex.org/A5004676508,Sean M. Arietta,,openalex
A5077436220,https://openalex.org/A5077436220,Alexei A. Efros,https://orcid.org/0000-0001-5720-8070,openalex
A5034754633,https://openalex.org/A5034754633,Ravi Ramamoorthi,https://orcid.org/0000-0003-3993-5789,openalex
A5020665735,https://openalex.org/A5020665735,Allan Hanbury,https://orcid.org/0000-0002-7149-5843,openalex
A5057690103,https://openalex.org/A5057690103,Andreas Rauber,https://orcid.org/0000-0002-9272-6225,openalex
A5028885566,https://openalex.org/A5028885566,Tobias Höllerer,https://orcid.org/0000-0002-6240-0291,openalex
A5076189854,https://openalex.org/A5076189854,Michael S. Bernstein,https://orcid.org/0000-0001-8020-9434,openalex
A5101553508,https://openalex.org/A5101553508,Haidong Chen,https://orcid.org/0000-0001-9651-3799,openalex
A5064929296,https://openalex.org/A5064929296,Zhiqi Liu,https://orcid.org/0000-0003-3991-0397,openalex
A5039932090,https://openalex.org/A5039932090,W. X. Gu,https://orcid.org/0000-0003-2088-7385,openalex
A5101621126,https://openalex.org/A5101621126,Yang Jing,https://orcid.org/0000-0001-9684-2912,openalex
A5059923148,https://openalex.org/A5059923148,Yueqi Hu,,openalex
A5009806341,https://openalex.org/A5009806341,Sean A. Mckenna,https://orcid.org/0000-0002-9407-7257,openalex
A5087990689,https://openalex.org/A5087990689,Dominika Mazur,,openalex
A5076519275,https://openalex.org/A5076519275,James Agutter,,openalex
A5019950572,https://openalex.org/A5019950572,Joe Kohlmann,,openalex
A5033997618,https://openalex.org/A5033997618,Robin Valenza,,openalex
A5105473461,https://openalex.org/A5105473461,Michael Witmore,,openalex
A5047601205,https://openalex.org/A5047601205,Simon Stusak,,openalex
A5013873009,https://openalex.org/A5013873009,Franziska Sauka,,openalex
A5038523801,https://openalex.org/A5038523801,Rohit Ashok Khot,https://orcid.org/0000-0002-1447-8625,openalex
A5063555642,https://openalex.org/A5063555642,Andreas Butz,https://orcid.org/0000-0002-9007-9888,openalex
A5027862555,https://openalex.org/A5027862555,David Günther,,openalex
A5057552402,https://openalex.org/A5057552402,Roberto A. Boto,https://orcid.org/0000-0002-8012-1499,openalex
A5090502474,https://openalex.org/A5090502474,Julia Contreras‐garcía,https://orcid.org/0000-0002-8947-9526,openalex
A5036142396,https://openalex.org/A5036142396,Jean‐philip Piquemal,https://orcid.org/0000-0001-6615-9426,openalex
A5114250719,https://openalex.org/A5114250719,Abish Malik,,openalex
A5085259428,https://openalex.org/A5085259428,Sherry Towers,https://orcid.org/0000-0002-0300-8409,openalex
A5080392759,https://openalex.org/A5080392759,Sean Mccullough,,openalex
A5045361309,https://openalex.org/A5045361309,Stephen Ingram,,openalex
A5075221940,https://openalex.org/A5075221940,Jonathan Stray,https://orcid.org/0000-0003-4467-1239,openalex
A5103649164,https://openalex.org/A5103649164,Christian Dick,,openalex
A5100455958,https://openalex.org/A5100455958,Fei Wang,https://orcid.org/0000-0003-3462-8472,openalex
A5054523299,https://openalex.org/A5054523299,Michelle X. Zhou,https://orcid.org/0000-0002-0802-5806,openalex
A5100641283,https://openalex.org/A5100641283,Jianfei Chen,https://orcid.org/0000-0003-4107-5706,openalex
A5101184621,https://openalex.org/A5101184621,Jim Zhu,,openalex
A5057823291,https://openalex.org/A5057823291,Fatih Korkmaz,,openalex
A5101894423,https://openalex.org/A5101894423,Lin Shao,https://orcid.org/0000-0002-5118-9515,openalex
A5087781429,https://openalex.org/A5087781429,Theodoros Damoulas,https://orcid.org/0000-0002-7172-4829,openalex
A5005223951,https://openalex.org/A5005223951,Ramik Sadana,,openalex
A5034115460,https://openalex.org/A5034115460,Alistair D. M. Dove,https://orcid.org/0000-0003-3239-4772,openalex
A5082209298,https://openalex.org/A5082209298,Jaeseok Huh,https://orcid.org/0000-0003-0055-919X,openalex
A5102823810,https://openalex.org/A5102823810,Jonghun Park,https://orcid.org/0000-0001-7505-110X,openalex
A5111648214,https://openalex.org/A5111648214,Bohyoung Kim,,openalex
A5100432606,https://openalex.org/A5100432606,Wei Chen,https://orcid.org/0000-0002-9301-9450,openalex
A5056294184,https://openalex.org/A5056294184,Scott Barlowe,https://orcid.org/0000-0002-1139-8806,openalex
A5029224773,https://openalex.org/A5029224773,Seymour Knowles Barley,,openalex
A5102392400,https://openalex.org/A5102392400,Mike Roberts,,openalex
A5061476653,https://openalex.org/A5061476653,Brittany Kondo,,openalex
A5080127688,https://openalex.org/A5080127688,Michael Wörner,https://orcid.org/0000-0001-9025-9646,openalex
A5108128870,https://openalex.org/A5108128870,Andreas Müller,,openalex
A5070909977,https://openalex.org/A5070909977,Edwin De Jonge,https://orcid.org/0000-0002-6580-4718,openalex
A5068784452,https://openalex.org/A5068784452,Katy Börner,https://orcid.org/0000-0002-3321-6137,openalex
A5078390327,https://openalex.org/A5078390327,Dennis Thom,,openalex
A5031598846,https://openalex.org/A5031598846,Carlos A. Dietrich,,openalex
A5082739993,https://openalex.org/A5082739993,Ilir Jusufi,https://orcid.org/0000-0001-6745-4398,openalex
A5007709486,https://openalex.org/A5007709486,Todd Gamblin,https://orcid.org/0000-0002-7857-2805,openalex
A5081506338,https://openalex.org/A5081506338,Abhinav Bhatelé,https://orcid.org/0000-0003-3069-3701,openalex
A5045289712,https://openalex.org/A5045289712,Martin Schulz,https://orcid.org/0000-0001-9013-435X,openalex
A5077191719,https://openalex.org/A5077191719,Bernd Hamann,https://orcid.org/0000-0002-3579-5005,openalex
A5101886244,https://openalex.org/A5101886244,Hong Han,https://orcid.org/0000-0001-5303-2397,openalex
A5025675252,https://openalex.org/A5025675252,Tianyu Gu,https://orcid.org/0000-0001-5134-3896,openalex
A5057996752,https://openalex.org/A5057996752,Long Wang,https://orcid.org/0000-0002-3908-6361,openalex
A5059021869,https://openalex.org/A5059021869,Hujun Bao,https://orcid.org/0000-0002-2662-0334,openalex
A5069672953,https://openalex.org/A5069672953,Emanuel Zgraggen,,openalex
A5088301806,https://openalex.org/A5088301806,Robert C. Zeleznik,,openalex
A5052168991,https://openalex.org/A5052168991,Michael Beham,https://orcid.org/0000-0002-9211-1036,openalex
A5033949117,https://openalex.org/A5033949117,Wolfgang Herzner,,openalex
A5028120148,https://openalex.org/A5028120148,Dilip Mathew Thomas,https://orcid.org/0000-0002-1988-2678,openalex
A5083989376,https://openalex.org/A5083989376,Vijay Natarajan,https://orcid.org/0000-0002-7956-1470,openalex
A5023335806,https://openalex.org/A5023335806,Felipe S.l.g. Duarte,https://orcid.org/0000-0002-4513-3793,openalex
A5022443405,https://openalex.org/A5022443405,Fabio Sikansi,,openalex
A5030165309,https://openalex.org/A5030165309,Francisco M. Fatore,https://orcid.org/0000-0002-5569-8894,openalex
A5018563316,https://openalex.org/A5018563316,E. Yanli,,openalex
A5034823980,https://openalex.org/A5034823980,Jing Ma,https://orcid.org/0000-0002-7464-8331,openalex
A5024269875,https://openalex.org/A5024269875,Yahui Zhao,https://orcid.org/0000-0002-9613-1384,openalex
A5009147066,https://openalex.org/A5009147066,Binghan Xu,,openalex
A5101998785,https://openalex.org/A5101998785,Liting Sun,https://orcid.org/0000-0002-5853-1360,openalex
A5101588019,https://openalex.org/A5101588019,Jinyan Chen,https://orcid.org/0000-0002-2527-7597,openalex
A5032280607,https://openalex.org/A5032280607,Tommy Dang,https://orcid.org/0000-0001-8322-0014,openalex
A5109057211,https://openalex.org/A5109057211,Matthias Bernhard,,openalex
A5075773750,https://openalex.org/A5075773750,Werner Purgathofer,,openalex
A5010051306,https://openalex.org/A5010051306,Hyungsuk Choi,,openalex
A5026632459,https://openalex.org/A5026632459,Woohyuk Choi,https://orcid.org/0000-0002-6148-1616,openalex
A5069605631,https://openalex.org/A5069605631,David G. C. Hildebrand,https://orcid.org/0000-0002-2079-3517,openalex
A5009565764,https://openalex.org/A5009565764,Benedikt Stehno,,openalex
A5108450802,https://openalex.org/A5108450802,Michel Burch,,openalex
A5042031329,https://openalex.org/A5042031329,Daniel Weiskopf,,openalex
A5113706488,https://openalex.org/A5113706488,Sylvia Glaßer,,openalex
A5112198072,https://openalex.org/A5112198072,Thomas Sören Hoffmann,,openalex
A5020980773,https://openalex.org/A5020980773,Martin Skalej,https://orcid.org/0000-0001-9506-619X,openalex
A5060647975,https://openalex.org/A5060647975,Alec Jacobson,https://orcid.org/0000-0003-4603-7143,openalex
A5040080342,https://openalex.org/A5040080342,Jan Reininghaus,,openalex
A5064927253,https://openalex.org/A5064927253,Olga Sorkine‐hornung,https://orcid.org/0000-0002-8089-3974,openalex
A5111532092,https://openalex.org/A5111532092,Sungahnn Ko,,openalex
A5045256341,https://openalex.org/A5045256341,Shehzad Afzal,https://orcid.org/0000-0002-9712-3618,openalex
A5100397725,https://openalex.org/A5100397725,Yang Yang,https://orcid.org/0000-0003-0608-9408,openalex
A5061467967,https://openalex.org/A5061467967,Junghoon Chae,https://orcid.org/0000-0002-0601-6746,openalex
A5010660324,https://openalex.org/A5010660324,Yun Jang,https://orcid.org/0000-0001-7745-1158,openalex
A5025660411,https://openalex.org/A5025660411,Patrick Köthur,,openalex
A5001598072,https://openalex.org/A5001598072,Henryk Dobslaw,https://orcid.org/0000-0003-1776-3314,openalex
A5065053120,https://openalex.org/A5065053120,Doris Dransch,https://orcid.org/0000-0003-0839-8167,openalex
A5022921031,https://openalex.org/A5022921031,Yaxing Wei,https://orcid.org/0000-0001-6924-0078,openalex
A5005800477,https://openalex.org/A5005800477,William W. Hargrove,https://orcid.org/0000-0002-9830-0022,openalex
A5036750358,https://openalex.org/A5036750358,Christopher R. Schwalm,https://orcid.org/0000-0002-5035-5681,openalex
A5020913003,https://openalex.org/A5020913003,D. N. Huntzinger,https://orcid.org/0000-0003-2998-099X,openalex
A5061485712,https://openalex.org/A5061485712,Robert B. Cook,https://orcid.org/0000-0001-7393-7302,openalex
A5100422950,https://openalex.org/A5100422950,Jiang Zhang,https://orcid.org/0000-0002-4787-0316,openalex
A5101457725,https://openalex.org/A5101457725,Richen Liu,https://orcid.org/0000-0002-5321-098X,openalex
A5100396549,https://openalex.org/A5100396549,Lu Liu,https://orcid.org/0000-0003-2741-2542,openalex
A5041484012,https://openalex.org/A5041484012,Jian Huang,https://orcid.org/0000-0002-9288-0505,openalex
A5047368502,https://openalex.org/A5047368502,Xiangfei Meng,https://orcid.org/0000-0002-0857-1305,openalex
A5026533187,https://openalex.org/A5026533187,Jingshan Pan,https://orcid.org/0009-0002-0968-0658,openalex
A5082997975,https://openalex.org/A5082997975,Jimmy Lin,https://orcid.org/0000-0002-0661-7189,openalex
A5035642992,https://openalex.org/A5035642992,Franz Sauer,https://orcid.org/0000-0001-5907-0984,openalex
A5020745360,https://openalex.org/A5020745360,Hongfeng Yu,https://orcid.org/0000-0002-0596-8227,openalex
A5003116261,https://openalex.org/A5003116261,Christian Partl,https://orcid.org/0009-0005-4039-3392,openalex
A5023868486,https://openalex.org/A5023868486,Anne Mai Wassermann,,openalex
A5022674514,https://openalex.org/A5022674514,Chufan Lai,https://orcid.org/0009-0002-2880-7335,openalex
A5091549680,https://openalex.org/A5091549680,Enya Shen,,openalex
A5073968910,https://openalex.org/A5073968910,Sikun Li,https://orcid.org/0000-0001-9911-6748,openalex
A5100432244,https://openalex.org/A5100432244,Kang Zhang,https://orcid.org/0000-0003-3802-7535,openalex
A5005604730,https://openalex.org/A5005604730,Zhaopeng Meng,https://orcid.org/0000-0001-6019-5952,openalex
A5024369374,https://openalex.org/A5024369374,Johannes Landstorfer,,openalex
A5056087167,https://openalex.org/A5056087167,Ivo Herrmann,,openalex
A5010322498,https://openalex.org/A5010322498,Jan Erik Stange,,openalex
A5063698637,https://openalex.org/A5063698637,Reto Wettach,,openalex
A5004303224,https://openalex.org/A5004303224,Artem Konev,https://orcid.org/0009-0002-8289-4978,openalex
A5030890781,https://openalex.org/A5030890781,Jürgen Waser,https://orcid.org/0000-0002-3007-8074,openalex
A5083386256,https://openalex.org/A5083386256,Bernhard Sadransky,https://orcid.org/0009-0009-7087-9173,openalex
A5040756833,https://openalex.org/A5040756833,Daniel Cornel,https://orcid.org/0000-0002-2481-6720,openalex
A5063536272,https://openalex.org/A5063536272,Rui A. P. Perdigão,https://orcid.org/0000-0001-5543-1754,openalex
A5025194066,https://openalex.org/A5025194066,Zsolt Horváth,https://orcid.org/0000-0001-7188-6564,openalex
A5054070013,https://openalex.org/A5054070013,Gregorio Palmas,https://orcid.org/0000-0002-8217-1676,openalex
A5008806729,https://openalex.org/A5008806729,Myroslav Bachynskyi,,openalex
A5003084232,https://openalex.org/A5003084232,Antti Oulasvirta,https://orcid.org/0000-0002-2498-7837,openalex
A5020901971,https://openalex.org/A5020901971,Tina Weinkauf,,openalex
A5109286843,https://openalex.org/A5109286843,Krishna Madhavan,,openalex
A5066017612,https://openalex.org/A5066017612,Mihaela Vorvoreanu,https://orcid.org/0000-0002-3322-3548,openalex
A5100363117,https://openalex.org/A5100363117,Xin Chen,https://orcid.org/0000-0003-1990-2058,openalex
A5005677522,https://openalex.org/A5005677522,Yuet Ling Wong,,openalex
A5080609957,https://openalex.org/A5080609957,Hanjun Xian,,openalex
A5061850907,https://openalex.org/A5061850907,Zhihua Dong,https://orcid.org/0000-0003-2758-8812,openalex
A5056968920,https://openalex.org/A5056968920,Aditya Johri,https://orcid.org/0000-0001-9018-7574,openalex
A5044929406,https://openalex.org/A5044929406,Reinhold Preiner,https://orcid.org/0000-0002-5167-1977,openalex
A5026092541,https://openalex.org/A5026092541,Thomas Auzinger,https://orcid.org/0000-0002-1546-3265,openalex
A5040396291,https://openalex.org/A5040396291,Michael Wimmer,https://orcid.org/0000-0002-9370-2663,openalex
A5114013709,https://openalex.org/A5114013709,Ellen Isaacs,,openalex
A5108605811,https://openalex.org/A5108605811,K. L. D’amico,,openalex
A5033859339,https://openalex.org/A5033859339,Shane Ahern,,openalex
A5112623572,https://openalex.org/A5112623572,Eugene Bart,,openalex
A5103547404,https://openalex.org/A5103547404,Mudita Singhal,,openalex
A5085509176,https://openalex.org/A5085509176,Lars Huettenberger,,openalex
A5057291277,https://openalex.org/A5057291277,Zhiyuan Lin,https://orcid.org/0000-0003-3739-769X,openalex
A5066809273,https://openalex.org/A5066809273,Florian Foerster,,openalex
A5036714503,https://openalex.org/A5036714503,Aakash Goel,,openalex
A5100740616,https://openalex.org/A5100740616,Wei Chen,https://orcid.org/0009-0009-3265-3966,openalex
A5072051036,https://openalex.org/A5072051036,Juhee Bae,https://orcid.org/0000-0002-2415-7243,openalex
A5016365293,https://openalex.org/A5016365293,Benjamin Watson,https://orcid.org/0000-0002-3758-7357,openalex
A5006074260,https://openalex.org/A5006074260,Gabriela Ferracutti,https://orcid.org/0000-0002-6330-3426,openalex
A5033303417,https://openalex.org/A5033303417,María Florencia Gargiulo,,openalex
A5051753754,https://openalex.org/A5051753754,Silvia Mabel Castro,https://orcid.org/0000-0002-8483-3688,openalex
A5073803727,https://openalex.org/A5073803727,Ernesto Bjerg,https://orcid.org/0000-0002-0039-2476,openalex
A5011596114,https://openalex.org/A5011596114,Fedor Korsakov,,openalex
A5056511545,https://openalex.org/A5056511545,Carissa Mai Ping Knipe,,openalex
A5079223076,https://openalex.org/A5079223076,Lauren Thorson,,openalex
A5059070871,https://openalex.org/A5059070871,Arin M. Ellingson,https://orcid.org/0000-0001-6154-8035,openalex
A5009322499,https://openalex.org/A5009322499,David J. Nuckley,,openalex
A5017357094,https://openalex.org/A5017357094,John V. Carlis,,openalex
A5050127998,https://openalex.org/A5050127998,Jan Kretschmer,,openalex
A5091339389,https://openalex.org/A5091339389,Grzegorz Soza,,openalex
A5024750744,https://openalex.org/A5024750744,Christian Tietjen,,openalex
A5074051310,https://openalex.org/A5074051310,Michael Suehling,,openalex
A5053580386,https://openalex.org/A5053580386,Marc Stamminger,https://orcid.org/0000-0001-8699-3442,openalex
A5043908299,https://openalex.org/A5043908299,Pierre Accorsi,,openalex
A5074826919,https://openalex.org/A5074826919,Nathalie Lalande,https://orcid.org/0009-0003-1728-7976,openalex
A5089101881,https://openalex.org/A5089101881,Mickaël Fabrègue,,openalex
A5075850097,https://openalex.org/A5075850097,Agnès Braud,https://orcid.org/0000-0003-3614-9141,openalex
A5013533653,https://openalex.org/A5013533653,Pascal Poncelet,https://orcid.org/0000-0002-8277-3490,openalex
A5044017846,https://openalex.org/A5044017846,Arnaud Sallaberry,https://orcid.org/0000-0001-7068-176X,openalex
A5070473813,https://openalex.org/A5070473813,Sandra Bringay,https://orcid.org/0000-0002-2830-3666,openalex
A5075318719,https://openalex.org/A5075318719,Maguelonne Teisseire,https://orcid.org/0000-0001-9313-6414,openalex
A5105350004,https://openalex.org/A5105350004,Flavie Cernesson,https://orcid.org/0000-0001-9586-065X,openalex
A5041047826,https://openalex.org/A5041047826,Florence Le Ber,https://orcid.org/0000-0002-2415-7606,openalex
A5100604885,https://openalex.org/A5100604885,Bowen Yu,https://orcid.org/0000-0002-0852-6280,openalex
A5100329909,https://openalex.org/A5100329909,Xi Chen,https://orcid.org/0000-0002-1342-9709,openalex
A5002268742,https://openalex.org/A5002268742,Emily R. Miraldi,https://orcid.org/0000-0002-0232-3116,openalex
A5072790987,https://openalex.org/A5072790987,Mario L. Arrieta‐ortiz,https://orcid.org/0000-0002-7111-8087,openalex
A5072183933,https://openalex.org/A5072183933,Christoph Hafemeister,https://orcid.org/0000-0001-6365-8254,openalex
A5044776929,https://openalex.org/A5044776929,Aviv Madar,https://orcid.org/0000-0003-2282-8848,openalex
A5055203249,https://openalex.org/A5055203249,Richard Bonneau,https://orcid.org/0000-0003-4354-7906,openalex
A5108718797,https://openalex.org/A5108718797,Claudio T. Silva,,openalex
A5017149822,https://openalex.org/A5017149822,Joel Dearden,https://orcid.org/0000-0002-2973-9592,openalex
A5090554299,https://openalex.org/A5090554299,Sujal Bista,https://orcid.org/0009-0003-5865-3389,openalex
A5004467381,https://openalex.org/A5004467381,Jiachen Zhuo,https://orcid.org/0000-0001-6637-701X,openalex
A5083023771,https://openalex.org/A5083023771,Rao P. Gullapalli,https://orcid.org/0000-0003-0551-0379,openalex
A5086440196,https://openalex.org/A5086440196,Amitabh Varshney,https://orcid.org/0000-0002-9873-2212,openalex
A5107329767,https://openalex.org/A5107329767,Shaun Kennedy,,openalex
A5105359225,https://openalex.org/A5105359225,William Tolone,,openalex
A5115593642,https://openalex.org/A5115593642,Jing Xia,,openalex
A5100357631,https://openalex.org/A5100357631,Xiaoyu Wang,https://orcid.org/0000-0003-0161-3119,openalex
A5105295332,https://openalex.org/A5105295332,Greg Abram,,openalex
A5086442093,https://openalex.org/A5086442093,Len Kne,https://orcid.org/0000-0003-1932-3101,openalex
A5086899416,https://openalex.org/A5086899416,David Van Riper,https://orcid.org/0000-0002-2110-2925,openalex
A5113721582,https://openalex.org/A5113721582,Silvia Born,,openalex
A5024674943,https://openalex.org/A5024674943,Simon Sündermann,https://orcid.org/0000-0003-4927-1584,openalex
A5006032614,https://openalex.org/A5006032614,Christoph Russ,,openalex
A5027583201,https://openalex.org/A5027583201,Raoul Hopf,,openalex
A5102870124,https://openalex.org/A5102870124,Carlos E. Ruiz,https://orcid.org/0000-0002-5618-9995,openalex
A5018896453,https://openalex.org/A5018896453,Volkmar Falk,https://orcid.org/0000-0002-7911-8620,openalex
A5013945827,https://openalex.org/A5013945827,Michael Gessat,,openalex
A5069939725,https://openalex.org/A5069939725,Stefan Lindholm,,openalex
A5029074262,https://openalex.org/A5029074262,Olav Lenz,,openalex
A5059641706,https://openalex.org/A5059641706,Frank Keul,,openalex
A5051532808,https://openalex.org/A5051532808,Sebastian Bremm,,openalex
A5063890041,https://openalex.org/A5063890041,Kay Hamacher,https://orcid.org/0000-0002-6921-8345,openalex
A5067753398,https://openalex.org/A5067753398,Jianguang Weng,,openalex
A5024575129,https://openalex.org/A5024575129,Guangchen Ruan,https://orcid.org/0000-0001-8316-5027,openalex
A5109896026,https://openalex.org/A5109896026,Ankur Kapoor,,openalex
A5048580797,https://openalex.org/A5048580797,Zan Armstrong,https://orcid.org/0000-0001-5231-7470,openalex
A5101952408,https://openalex.org/A5101952408,Tao Ju,https://orcid.org/0000-0002-1848-1012,openalex
A5070554434,https://openalex.org/A5070554434,Minxin Cheng,https://orcid.org/0009-0005-7662-3516,openalex
A5100407973,https://openalex.org/A5100407973,Xu Wang,https://orcid.org/0009-0007-8299-9469,openalex
A5101430356,https://openalex.org/A5101430356,Ye Duan,https://orcid.org/0000-0002-1166-7703,openalex
A5006411621,https://openalex.org/A5006411621,Miguel Nunes,https://orcid.org/0000-0003-4909-6341,openalex
A5039241159,https://openalex.org/A5039241159,Benjamin C. Rowland,https://orcid.org/0000-0002-5033-6261,openalex
A5005397679,https://openalex.org/A5005397679,Matthias Schlachter,https://orcid.org/0000-0003-0732-2785,openalex
A5029499960,https://openalex.org/A5029499960,S. Ken,https://orcid.org/0000-0001-7904-5882,openalex
A5072386149,https://openalex.org/A5072386149,Anne Laprie,https://orcid.org/0000-0002-0103-7935,openalex
A5085507158,https://openalex.org/A5085507158,Katja Bühler,https://orcid.org/0000-0002-0362-7998,openalex
A5083864266,https://openalex.org/A5083864266,Guangyu Zou,https://orcid.org/0000-0003-1890-6874,openalex
A5111832578,https://openalex.org/A5111832578,Chris Muelder,,openalex
A5030947682,https://openalex.org/A5030947682,Paul Van Der Corput,,openalex
A5053209325,https://openalex.org/A5053209325,Arthur Van Goethem,,openalex
A5061244643,https://openalex.org/A5061244643,Andreas Reimer,,openalex
A5082992995,https://openalex.org/A5082992995,Gustavo Mello Machado,https://orcid.org/0000-0002-6664-6838,openalex
A5088763686,https://openalex.org/A5088763686,Azalea A. Vo,,openalex
A5017456911,https://openalex.org/A5017456911,Phillip Isola,,openalex
A5056953351,https://openalex.org/A5056953351,Shashank Sunkavalli,,openalex
A5100696429,https://openalex.org/A5100696429,Junping Zhang,https://orcid.org/0000-0002-5924-3360,openalex
A5114860010,https://openalex.org/A5114860010,Chen Jian,https://orcid.org/0000-0002-1805-5275,openalex
A5070424474,https://openalex.org/A5070424474,Megan Monroe,,openalex
A5060805711,https://openalex.org/A5060805711,Rongjian Lan,,openalex
A5010193332,https://openalex.org/A5010193332,Han‐seung Lee,https://orcid.org/0000-0001-9776-5859,openalex
A5100698914,https://openalex.org/A5100698914,Changhyun Lee,https://orcid.org/0000-0002-3367-6045,openalex
A5101985412,https://openalex.org/A5101985412,Chandan K. Reddy,,openalex
A5110696883,https://openalex.org/A5110696883,Lauro Lins,,openalex
A5066231441,https://openalex.org/A5066231441,James T. Klosowski,,openalex
A5003606398,https://openalex.org/A5003606398,Thomas Nocke,https://orcid.org/0000-0001-9811-197X,openalex
A5064855107,https://openalex.org/A5064855107,Enxun Wei,,openalex
A5107941559,https://openalex.org/A5107941559,Mengchen Liu,https://orcid.org/0000-0002-4160-8608,openalex
A5063685742,https://openalex.org/A5063685742,Yang Liu,https://orcid.org/0000-0002-3768-6654,openalex
A5038096249,https://openalex.org/A5038096249,Robert E. Roth,https://orcid.org/0000-0003-1241-318X,openalex
A5080348698,https://openalex.org/A5080348698,Rubaiat Habib Kazi,https://orcid.org/0009-0007-9781-0032,openalex
A5103329632,https://openalex.org/A5103329632,Greg Smith,,openalex
A5066881473,https://openalex.org/A5066881473,Li Yu,https://orcid.org/0000-0001-8503-2535,openalex
A5101406258,https://openalex.org/A5101406258,Xiaoyu Wang,https://orcid.org/0000-0003-2085-2924,openalex
A5055644473,https://openalex.org/A5055644473,Zhiqiang Ma,,openalex
A5108439015,https://openalex.org/A5108439015,Harald Bosch,,openalex
A5003455159,https://openalex.org/A5003455159,Edwin Puttmann,,openalex
A5063443025,https://openalex.org/A5063443025,Ravin Balakrishnan,https://orcid.org/0000-0002-3379-7680,openalex
A5010524733,https://openalex.org/A5010524733,Xin Zhao,https://orcid.org/0000-0002-3604-1643,openalex
A5102139936,https://openalex.org/A5102139936,Zhengyu Su,,openalex
A5100701131,https://openalex.org/A5100701131,Jian Sun,https://orcid.org/0000-0001-9898-3129,openalex
A5037226596,https://openalex.org/A5037226596,Jie Gao,https://orcid.org/0000-0001-5083-6082,openalex
A5100683461,https://openalex.org/A5100683461,Feng Luo,https://orcid.org/0000-0001-5551-7128,openalex
A5019872104,https://openalex.org/A5019872104,Nils Wilhelm,,openalex
A5069713271,https://openalex.org/A5069713271,Björn Krüger,https://orcid.org/0000-0002-1596-6487,openalex
A5032433963,https://openalex.org/A5032433963,Jörn Kohlhammer,,openalex
A5081520352,https://openalex.org/A5081520352,Sébastien Rufiange,https://orcid.org/0000-0002-0981-628X,openalex
A5013216735,https://openalex.org/A5013216735,Amir H. Meghdadi,https://orcid.org/0000-0001-7863-6488,openalex
A5101663815,https://openalex.org/A5101663815,Sohaib Ghani,https://orcid.org/0000-0002-9100-7691,openalex
A5045148405,https://openalex.org/A5045148405,Seungyoon Lee,https://orcid.org/0000-0002-4293-9089,openalex
A5105692598,https://openalex.org/A5105692598,Jeff W. Lichtman,,openalex
A5108643002,https://openalex.org/A5108643002,Mathias Hummel,,openalex
A5111981175,https://openalex.org/A5111981175,Harald Obermaier,,openalex
A5114031893,https://openalex.org/A5114031893,Kenneth I. Joy,,openalex
A5023096291,https://openalex.org/A5023096291,Moritz Ehlke,https://orcid.org/0000-0002-2042-6979,openalex
A5049739035,https://openalex.org/A5049739035,Heiko Ramm,https://orcid.org/0000-0002-1079-6618,openalex
A5078148971,https://openalex.org/A5078148971,Hans Lamecker,https://orcid.org/0000-0001-6320-2564,openalex
A5087268805,https://openalex.org/A5087268805,Stefan Zachow,https://orcid.org/0000-0001-7964-3049,openalex
A5042096795,https://openalex.org/A5042096795,Benjamin Köhler,https://orcid.org/0000-0003-2305-2316,openalex
A5082209080,https://openalex.org/A5082209080,Rocco Gasteiger,,openalex
A5074995621,https://openalex.org/A5074995621,Uta Preim,,openalex
A5079547103,https://openalex.org/A5079547103,Matthias Gutberlet,https://orcid.org/0000-0003-4879-0438,openalex
A5056703770,https://openalex.org/A5056703770,I. Dillingham,,openalex
A5011864657,https://openalex.org/A5011864657,Graham Dove,https://orcid.org/0000-0002-3551-0209,openalex
A5090388199,https://openalex.org/A5090388199,Alison Duffy,,openalex
A5034283634,https://openalex.org/A5034283634,Bret Jackson,,openalex
A5110041119,https://openalex.org/A5110041119,Tung Yuen Lau,,openalex
A5025010152,https://openalex.org/A5025010152,Kimani C. Toussaint,https://orcid.org/0000-0002-6701-4541,openalex
A5053579952,https://openalex.org/A5053579952,Louise Barrett,https://orcid.org/0000-0003-1841-2997,openalex
A5068739413,https://openalex.org/A5068739413,Marcus J. Dostie,https://orcid.org/0000-0003-4011-2288,openalex
A5059546193,https://openalex.org/A5059546193,S. Peter Henzi,https://orcid.org/0000-0001-6175-1674,openalex
A5113989819,https://openalex.org/A5113989819,Dane Coffey,,openalex
A5102858982,https://openalex.org/A5102858982,Chi Lun Lin,https://orcid.org/0000-0003-1873-6078,openalex
A5011441880,https://openalex.org/A5011441880,Arthur G. Erdman,https://orcid.org/0000-0002-0385-4023,openalex
A5015832535,https://openalex.org/A5015832535,Mikkel R. Jakobsen,https://orcid.org/0000-0001-6494-9037,openalex
A5000056900,https://openalex.org/A5000056900,Yonas Sahlemariam Haile,,openalex
A5083575573,https://openalex.org/A5083575573,Trustin Clear,,openalex
A5004071301,https://openalex.org/A5004071301,Harshit Mehrotra,https://orcid.org/0000-0002-4963-4763,openalex
A5090876108,https://openalex.org/A5090876108,Corinna Vehlow,,openalex
A5032674263,https://openalex.org/A5032674263,Thomas Reinhardt,,openalex
A5075562509,https://openalex.org/A5075562509,Tim Lammarsch,,openalex
A5013104516,https://openalex.org/A5013104516,Madelaine Boyd,,openalex
A5069671253,https://openalex.org/A5069671253,Peter Macko,https://orcid.org/0000-0002-8320-4329,openalex
A5010436269,https://openalex.org/A5010436269,Krzysztof Z. Gajos,https://orcid.org/0000-0002-1897-9048,openalex
A5054751297,https://openalex.org/A5054751297,Margo Seltzer,https://orcid.org/0000-0002-2165-4658,openalex
A5057190776,https://openalex.org/A5057190776,Xiaomin Zhu,https://orcid.org/0000-0003-1850-8585,openalex
A5000212755,https://openalex.org/A5000212755,Jean François Im,https://orcid.org/0000-0002-5979-7929,openalex
A5109278581,https://openalex.org/A5109278581,Rock Leung,,openalex
A5031236945,https://openalex.org/A5031236945,Denis Kalkofen,https://orcid.org/0000-0002-0359-206X,openalex
A5068562407,https://openalex.org/A5068562407,John A. Guerra‐gomez,https://orcid.org/0000-0001-7943-0000,openalex
A5091157999,https://openalex.org/A5091157999,Michael L. Pack,https://orcid.org/0000-0003-4830-1438,openalex
A5028237720,https://openalex.org/A5028237720,Teng‐yok Lee,https://orcid.org/0000-0003-1001-381X,openalex
A5102490631,https://openalex.org/A5102490631,Xinran Hu,https://orcid.org/0000-0002-0282-7365,openalex
A5076430518,https://openalex.org/A5076430518,Dipayan Maiti,,openalex
A5006482254,https://openalex.org/A5006482254,Ravi S. Nanjundiah,https://orcid.org/0000-0002-3559-2654,openalex
A5089358991,https://openalex.org/A5089358991,Steffen Hadlak,,openalex
A5058848657,https://openalex.org/A5058848657,H. Clemens,https://orcid.org/0000-0003-3958-6136,openalex
A5090380211,https://openalex.org/A5090380211,Till Wollenberg,,openalex
A5063358260,https://openalex.org/A5063358260,Yubo Zhang,https://orcid.org/0000-0002-3531-9498,openalex
A5001490449,https://openalex.org/A5001490449,Christian Godenschwager,https://orcid.org/0000-0002-2794-9510,openalex
A5031005751,https://openalex.org/A5031005751,Guia Gali,,openalex
A5043913136,https://openalex.org/A5043913136,Walter Berger,https://orcid.org/0000-0003-0014-1658,openalex
A5029084614,https://openalex.org/A5029084614,Rick Walker,,openalex
A5017511409,https://openalex.org/A5017511409,Derek Stephens,,openalex
A5100717642,https://openalex.org/A5100717642,Yongjun Zheng,https://orcid.org/0000-0003-0824-2365,openalex
A5053235466,https://openalex.org/A5053235466,Phil Legg,https://orcid.org/0000-0003-3460-5609,openalex
A5109478560,https://openalex.org/A5109478560,David Chung,https://orcid.org/0000-0002-3869-8577,openalex
A5062795084,https://openalex.org/A5062795084,Matthew L. Parry,,openalex
A5065039357,https://openalex.org/A5065039357,Rhodri Bown,,openalex
A5024135995,https://openalex.org/A5024135995,I.w. Griffiths,https://orcid.org/0000-0001-6452-7723,openalex
A5043433191,https://openalex.org/A5043433191,Min Chen,https://orcid.org/0000-0002-3852-7938,openalex
A5108589516,https://openalex.org/A5108589516,Martin Fink,,openalex
A5052812610,https://openalex.org/A5052812610,Joachim Spoerhase,https://orcid.org/0000-0002-2601-6452,openalex
A5014138072,https://openalex.org/A5014138072,Alexander Wolff,https://orcid.org/0000-0001-5872-718X,openalex
A5009491631,https://openalex.org/A5009491631,Shiry Ginosar,https://orcid.org/0000-0002-7362-1401,openalex
A5057186073,https://openalex.org/A5057186073,Avital Steinitz,,openalex
A5084965768,https://openalex.org/A5084965768,Björn Hartmann,,openalex
A5068634259,https://openalex.org/A5068634259,Joel A. Ferstay,,openalex
A5010769398,https://openalex.org/A5010769398,Cydney Nielsen,https://orcid.org/0009-0002-8279-4010,openalex
A5067457861,https://openalex.org/A5067457861,Eli Packer,,openalex
A5008276662,https://openalex.org/A5008276662,Mikko Nikkilä,,openalex
A5104000427,https://openalex.org/A5104000427,Valentin Polishchuk,,openalex
A5091682332,https://openalex.org/A5091682332,Harold Ship,,openalex
A5045131748,https://openalex.org/A5045131748,Andreas Reh,,openalex
A5064479602,https://openalex.org/A5064479602,Christian Gusenbauer,https://orcid.org/0000-0002-3094-506X,openalex
A5070324349,https://openalex.org/A5070324349,Adrian Maries,,openalex
A5023019850,https://openalex.org/A5023019850,Nathan Mays,,openalex
A5052342374,https://openalex.org/A5052342374,Megan Olson Hunt,,openalex
A5103535994,https://openalex.org/A5103535994,Kim F. Wong,,openalex
A5064202954,https://openalex.org/A5064202954,William Layton,https://orcid.org/0000-0002-2539-4478,openalex
A5078009095,https://openalex.org/A5078009095,Robert M. Boudreau,https://orcid.org/0000-0003-0162-5187,openalex
A5087201620,https://openalex.org/A5087201620,Caterina Rosano,https://orcid.org/0000-0002-0909-1506,openalex
A5075052652,https://openalex.org/A5075052652,Eamonn Maguire,https://orcid.org/0000-0002-7277-7834,openalex
A5018395535,https://openalex.org/A5018395535,Philippe Rocca‐serra,https://orcid.org/0000-0001-9853-5668,openalex
A5008806860,https://openalex.org/A5008806860,Susanna‐assunta Sansone,https://orcid.org/0000-0001-5306-5690,openalex
A5030187840,https://openalex.org/A5030187840,Jim Davies,https://orcid.org/0000-0003-4664-6862,openalex
A5020890610,https://openalex.org/A5020890610,Chén Mĭn,https://orcid.org/0000-0002-3582-6991,openalex
A5050326979,https://openalex.org/A5050326979,Luke Gosink,,openalex
A5079420045,https://openalex.org/A5079420045,Kevin Bensema,,openalex
A5070297369,https://openalex.org/A5070297369,Trenton C. Pulsipher,,openalex
A5111722902,https://openalex.org/A5111722902,Michael J. Henry,,openalex
A5015951381,https://openalex.org/A5015951381,Hank Childs,https://orcid.org/0000-0001-5816-1892,openalex
A5078424052,https://openalex.org/A5078424052,Samer S. Barakat,,openalex
A5073093566,https://openalex.org/A5073093566,Amir Hossein Hajizadeh,,openalex
A5088154886,https://openalex.org/A5088154886,Marie Vendettuoli,,openalex
A5102880817,https://openalex.org/A5102880817,Kai Kang,https://orcid.org/0000-0002-3335-7079,openalex
A5044550362,https://openalex.org/A5044550362,Liu Da Jian,,openalex
A5101635167,https://openalex.org/A5101635167,Ye Yuan,https://orcid.org/0000-0001-8106-2921,openalex
A5028111343,https://openalex.org/A5028111343,Krishna Chaitanya Gurijala,,openalex
A5101404387,https://openalex.org/A5101404387,Rui Shi,https://orcid.org/0000-0002-7569-9894,openalex
A5039829249,https://openalex.org/A5039829249,Rachel Shadoan,,openalex
A5084471891,https://openalex.org/A5084471891,Chris Weaver,https://orcid.org/0000-0002-6713-093X,openalex
A5013740450,https://openalex.org/A5013740450,Wei Hsien Hsu,,openalex
A5069364285,https://openalex.org/A5069364285,Gabriel Mistelbauer,https://orcid.org/0000-0003-2333-5404,openalex
A5081205856,https://openalex.org/A5081205856,Ivan Baclija,,openalex
A5109847267,https://openalex.org/A5109847267,Rüdiger Schernthaner,,openalex
A5047134476,https://openalex.org/A5047134476,A. Köchl,,openalex
A5100382493,https://openalex.org/A5100382493,Bing Wang,https://orcid.org/0000-0002-2293-5857,openalex
A5008514949,https://openalex.org/A5008514949,Puripant Ruchikachorn,https://orcid.org/0000-0002-2721-6915,openalex
A5049066620,https://openalex.org/A5049066620,Raja R. Sambasivan,https://orcid.org/0000-0001-7940-403X,openalex
A5036222351,https://openalex.org/A5036222351,Ilari Shafer,,openalex
A5105206771,https://openalex.org/A5105206771,Michelle L. Mazurek,https://orcid.org/0000-0003-4151-6428,openalex
A5037557529,https://openalex.org/A5037557529,Gregory R. Ganger,https://orcid.org/0000-0002-3065-7316,openalex
A5030681323,https://openalex.org/A5030681323,Rostislav Khlebnikov,,openalex
A5078127596,https://openalex.org/A5078127596,Bernhard Kainz,https://orcid.org/0000-0002-7813-5023,openalex
A5014594342,https://openalex.org/A5014594342,Markus Steinberger,https://orcid.org/0000-0001-5977-8536,openalex
A5043848426,https://openalex.org/A5043848426,Neesha Kodagoda,,openalex
A5072277937,https://openalex.org/A5072277937,Chris Rooney,,openalex
A5061182946,https://openalex.org/A5061182946,Sharmin Choudhury,,openalex
A5025345988,https://openalex.org/A5025345988,Július Parulek,,openalex
A5058659840,https://openalex.org/A5058659840,A. Brambilla,https://orcid.org/0000-0002-2400-1759,openalex
A5039539396,https://openalex.org/A5039539396,Bertjan Broeksema,https://orcid.org/0000-0001-7272-2684,openalex
A5024222438,https://openalex.org/A5024222438,Thomas Baudel,https://orcid.org/0000-0002-7505-2505,openalex
A5110103090,https://openalex.org/A5110103090,Alex Telea,,openalex
A5053084661,https://openalex.org/A5053084661,Paolo Crisafulli,,openalex
A5009129713,https://openalex.org/A5009129713,Maria Elena Froese,,openalex
A5029090764,https://openalex.org/A5029090764,Guy Warwick Evans,,openalex
A5026009557,https://openalex.org/A5026009557,Kedar Shrikhande,,openalex
A5035069592,https://openalex.org/A5035069592,Eirik Bakke,,openalex
A5028448267,https://openalex.org/A5028448267,David R. Karger,https://orcid.org/0000-0002-0024-5847,openalex
A5091023123,https://openalex.org/A5091023123,Robert C. Miller,https://orcid.org/0000-0001-8932-2732,openalex
A5055748729,https://openalex.org/A5055748729,Vahid Taimouri,,openalex
A5111314141,https://openalex.org/A5111314141,Jing Hua,,openalex
A5078735794,https://openalex.org/A5078735794,Atul Rungta,,openalex
A5026933325,https://openalex.org/A5026933325,Dogan Demir,,openalex
A5111760033,https://openalex.org/A5111760033,Andrzej Szymczak,,openalex
A5058093304,https://openalex.org/A5058093304,Levente Sipeki,,openalex
A5065341054,https://openalex.org/A5065341054,Sean Kandel,https://orcid.org/0000-0003-1377-6513,openalex
A5071755113,https://openalex.org/A5071755113,Andreas Paepcke,,openalex
A5043626252,https://openalex.org/A5043626252,Joseph M. Hellerstein,https://orcid.org/0000-0002-7712-4306,openalex
A5019756314,https://openalex.org/A5019756314,Alan M. Maceachren,https://orcid.org/0000-0002-0356-7323,openalex
A5034249691,https://openalex.org/A5034249691,Jamie O’brien,https://orcid.org/0000-0002-5933-1424,openalex
A5040334148,https://openalex.org/A5040334148,B. Li,,openalex
A5036569970,https://openalex.org/A5036569970,Daniel Swingley,https://orcid.org/0000-0002-2891-0175,openalex
A5069438601,https://openalex.org/A5069438601,Mark Gahegan,https://orcid.org/0000-0001-7209-8156,openalex
A5100442542,https://openalex.org/A5100442542,Jingjing Liu,https://orcid.org/0009-0002-6277-5816,openalex
A5045379675,https://openalex.org/A5045379675,Carla E. Brodley,https://orcid.org/0009-0008-2134-6285,openalex
A5002329355,https://openalex.org/A5002329355,Xiaohua Sun,https://orcid.org/0000-0002-9206-628X,openalex
A5013670125,https://openalex.org/A5013670125,David Lazer,https://orcid.org/0000-0002-7991-9110,openalex
A5090345450,https://openalex.org/A5090345450,Gonzalo Ramos,https://orcid.org/0000-0003-4198-5021,openalex
A5111638399,https://openalex.org/A5111638399,Susan Dumais,,openalex
A5062987526,https://openalex.org/A5062987526,Yuzuru Tanahashi,,openalex
A5076239296,https://openalex.org/A5076239296,Luana Micallef,,openalex
A5108618167,https://openalex.org/A5108618167,H. Bosch,,openalex
A5000815980,https://openalex.org/A5000815980,Drew Skau,,openalex
A5081290775,https://openalex.org/A5081290775,Sebastian Mittelstädt,,openalex
A5058345780,https://openalex.org/A5058345780,R. Pompl,,openalex
A5063002460,https://openalex.org/A5063002460,H. Wéber,https://orcid.org/0000-0002-7584-8044,openalex
A5114935774,https://openalex.org/A5114935774,Holger Last,,openalex
A5096530578,https://openalex.org/A5096530578,Daniel Keim,,openalex
A5071275461,https://openalex.org/A5071275461,Patrick Fiaux,,openalex
A5045125867,https://openalex.org/A5045125867,Farhan Mohamed,https://orcid.org/0000-0002-5298-8642,openalex
A5113522553,https://openalex.org/A5113522553,P.w. Grant,https://orcid.org/0009-0003-9750-4423,openalex
A5072624020,https://openalex.org/A5072624020,Irene Reppa,https://orcid.org/0000-0002-2853-2311,openalex
A5046574356,https://openalex.org/A5046574356,Luciano Floridi,https://orcid.org/0000-0002-5444-2280,openalex
A5021363520,https://openalex.org/A5021363520,Hannah Pileggi,,openalex
A5056869820,https://openalex.org/A5056869820,J. Michael Boyle,,openalex
A5090333096,https://openalex.org/A5090333096,Michael Zinsmaier,,openalex
A5047920772,https://openalex.org/A5047920772,Steve Haroz,https://orcid.org/0000-0002-2725-9173,openalex
A5047462600,https://openalex.org/A5047462600,David Whitney,https://orcid.org/0000-0002-4531-5570,openalex
A5111899847,https://openalex.org/A5111899847,Jishang Wei,,openalex
A5055537694,https://openalex.org/A5055537694,Zeqian Shen,,openalex
A5085284883,https://openalex.org/A5085284883,Neel Sundaresan,https://orcid.org/0000-0002-0394-7588,openalex
A5080987337,https://openalex.org/A5080987337,Andrada Tatu,,openalex
A5077551675,https://openalex.org/A5077551675,Fabian Maas,,openalex
A5059010508,https://openalex.org/A5059010508,Ines Färber,,openalex
A5003335849,https://openalex.org/A5003335849,Thomas Seidl,https://orcid.org/0000-0002-4861-1412,openalex
A5023076293,https://openalex.org/A5023076293,Martin Tomitsch,https://orcid.org/0000-0003-1998-2975,openalex
A5029002380,https://openalex.org/A5029002380,Christoph Wimmer,https://orcid.org/0009-0001-8938-6143,openalex
A5098113210,https://openalex.org/A5098113210,Boesch Christoph,,openalex
A5068352067,https://openalex.org/A5068352067,Thomas Grechenig,https://orcid.org/0009-0000-5622-8598,openalex
A5004310068,https://openalex.org/A5004310068,Paul Johns,,openalex
A5091720743,https://openalex.org/A5091720743,Nicholas Kong,,openalex
A5058572359,https://openalex.org/A5058572359,Peter Passmore,https://orcid.org/0000-0003-2858-5509,openalex
A5026497646,https://openalex.org/A5026497646,Dong Han Ham,https://orcid.org/0000-0003-2908-057X,openalex
A5012111319,https://openalex.org/A5012111319,Eser Kandogan,https://orcid.org/0009-0004-3509-5502,openalex
A5060325633,https://openalex.org/A5060325633,Arvid Lundervold,https://orcid.org/0000-0002-0032-4182,openalex
A5056629578,https://openalex.org/A5056629578,Astri J. Lundervold,https://orcid.org/0000-0002-6819-6164,openalex
A5040558744,https://openalex.org/A5040558744,Cheuk Yiu Ip,,openalex
A5085648933,https://openalex.org/A5085648933,Joseph F. Jájá,https://orcid.org/0000-0002-8620-5650,openalex
A5108089001,https://openalex.org/A5108089001,Philippe Rocca Serra,,openalex
A5059565977,https://openalex.org/A5059565977,Benjamin Höferlin,,openalex
A5038588052,https://openalex.org/A5038588052,Markus Höferlin,,openalex
A5036545001,https://openalex.org/A5036545001,Gunther Heidemann,,openalex
A5049952020,https://openalex.org/A5049952020,Florian Block,https://orcid.org/0000-0003-0348-6731,openalex
A5078687182,https://openalex.org/A5078687182,Michael Horn,,openalex
A5056557824,https://openalex.org/A5056557824,Brenda Phillips,https://orcid.org/0000-0003-3680-7343,openalex
A5018629002,https://openalex.org/A5018629002,Judy Diamond,https://orcid.org/0000-0002-1366-6325,openalex
A5058190042,https://openalex.org/A5058190042,E. Margaret Evans,,openalex
A5109811954,https://openalex.org/A5109811954,Chia Shen,,openalex
A5036915550,https://openalex.org/A5036915550,Benjavan Upatising,,openalex
A5002806641,https://openalex.org/A5002806641,Aaditya G. Landge,,openalex
A5056517746,https://openalex.org/A5056517746,S. H. Langer,,openalex
A5039489539,https://openalex.org/A5039489539,Michel A. Westenberg,https://orcid.org/0000-0003-4355-7805,openalex
A5077522919,https://openalex.org/A5077522919,Maria Tekusova,,openalex
A5108525217,https://openalex.org/A5108525217,Guo Xun Yuan,,openalex
A5023104640,https://openalex.org/A5023104640,Steven Schlegel,,openalex
A5106979225,https://openalex.org/A5106979225,Nico Korn,,openalex
A5006604913,https://openalex.org/A5006604913,Helen C. Purchase,https://orcid.org/0000-0001-6994-4446,openalex
A5002474982,https://openalex.org/A5002474982,Cagatay Goncu,https://orcid.org/0000-0001-7846-8795,openalex
A5032431005,https://openalex.org/A5032431005,Jiaojiao Ma,https://orcid.org/0000-0001-8683-7861,openalex
A5001673922,https://openalex.org/A5001673922,Isabel Jiah Yih Liao,,openalex
A5088150992,https://openalex.org/A5088150992,Nathaniel Fout,,openalex
A5068182445,https://openalex.org/A5068182445,Whitney K. Huang,https://orcid.org/0000-0001-6036-8550,openalex
A5050276927,https://openalex.org/A5050276927,Daniela Ushizima,https://orcid.org/0000-0002-7363-9468,openalex
A5060468015,https://openalex.org/A5060468015,Dmitriy Morozov,https://orcid.org/0000-0002-4330-6670,openalex
A5040077481,https://openalex.org/A5040077481,Andrea Bianchi,https://orcid.org/0000-0001-7949-1188,openalex
A5038419345,https://openalex.org/A5038419345,James A. Sethian,https://orcid.org/0000-0002-7250-7789,openalex
A5055279742,https://openalex.org/A5055279742,E. Wes Bethel,https://orcid.org/0000-0003-0790-7716,openalex
A5039378866,https://openalex.org/A5039378866,John Gerth,,openalex
A5018111215,https://openalex.org/A5018111215,Pat Hanrahan,https://orcid.org/0000-0002-3474-9752,openalex
A5040363499,https://openalex.org/A5040363499,Hubert Mara,https://orcid.org/0000-0002-2004-4153,openalex
A5055531990,https://openalex.org/A5055531990,André Schulz,https://orcid.org/0000-0002-2134-4852,openalex
A5055671238,https://openalex.org/A5055671238,N. Schunck,https://orcid.org/0000-0002-9203-6849,openalex
A5082507303,https://openalex.org/A5082507303,Hai Ah Nam,https://orcid.org/0000-0003-4892-6286,openalex
A5081436027,https://openalex.org/A5081436027,A. Staszczak,https://orcid.org/0000-0001-6875-7104,openalex
A5000228959,https://openalex.org/A5000228959,Lendie Follett,https://orcid.org/0000-0002-4110-0601,openalex
A5044962213,https://openalex.org/A5044962213,Mahbubul Majumder,https://orcid.org/0000-0002-9627-7703,openalex
A5060227214,https://openalex.org/A5060227214,Dianne Cook,https://orcid.org/0000-0002-3813-7155,openalex
A5024349334,https://openalex.org/A5024349334,Alexander Wiebel,https://orcid.org/0000-0002-6583-3092,openalex
A5029613832,https://openalex.org/A5029613832,Frans M. Vos,https://orcid.org/0000-0002-8688-9546,openalex
A5032984381,https://openalex.org/A5032984381,D. Foerster,,openalex
A5056931882,https://openalex.org/A5056931882,Michael Smuc,,openalex
A5084024959,https://openalex.org/A5084024959,Eva Mayr,https://orcid.org/0000-0001-8402-5990,openalex
A5080855632,https://openalex.org/A5080855632,Limei Che,https://orcid.org/0000-0003-1344-0649,openalex
A5100763365,https://openalex.org/A5100763365,Xin Zhang,https://orcid.org/0000-0002-5673-309X,openalex
A5041442214,https://openalex.org/A5041442214,Joel Kronander,,openalex
A5052937079,https://openalex.org/A5052937079,Sven Schulte,,openalex
A5069708834,https://openalex.org/A5069708834,Volker Klemann,https://orcid.org/0000-0002-8342-8947,openalex
A5100326436,https://openalex.org/A5100326436,Jian Chen,https://orcid.org/0000-0002-1599-0831,openalex
A5076081056,https://openalex.org/A5076081056,Haipeng Cai,https://orcid.org/0000-0002-5224-9970,openalex
A5017463743,https://openalex.org/A5017463743,Alexander P. Auchus,https://orcid.org/0000-0001-8246-7525,openalex
A5017590724,https://openalex.org/A5017590724,Marc Treib,,openalex
A5081572822,https://openalex.org/A5081572822,Florian Reichl,,openalex
A5037572274,https://openalex.org/A5037572274,Charles Meneveau,https://orcid.org/0000-0001-6947-3605,openalex
A5019891335,https://openalex.org/A5019891335,Alexander S. Szalay,https://orcid.org/0000-0002-4108-3282,openalex
A5044973138,https://openalex.org/A5044973138,Elisa Portes Dos Santos Amorim,,openalex
A5077314929,https://openalex.org/A5077314929,Emílio Vital Brazil,https://orcid.org/0000-0003-4982-3836,openalex
A5024259010,https://openalex.org/A5024259010,Joel Daniels,,openalex
A5005986566,https://openalex.org/A5005986566,Paulo Joia,,openalex
A5024274005,https://openalex.org/A5024274005,A. Frank,,openalex
A5109956730,https://openalex.org/A5109956730,Blake Nelson,,openalex
A5102774532,https://openalex.org/A5102774532,Eric Liu,https://orcid.org/0000-0003-4161-9179,openalex
A5083523340,https://openalex.org/A5083523340,Robert M. Kirby,https://orcid.org/0000-0001-5712-4141,openalex
A5108990430,https://openalex.org/A5108990430,R. Van Pelt,,openalex
A5089950885,https://openalex.org/A5089950885,Ralf Kaehler,,openalex
A5010597978,https://openalex.org/A5010597978,Oliver Hahn,https://orcid.org/0000-0001-9440-1152,openalex
A5007670828,https://openalex.org/A5007670828,Tom Abel,https://orcid.org/0000-0002-5969-1251,openalex
A5061966723,https://openalex.org/A5061966723,P. J. Butler,https://orcid.org/0000-0003-0468-6794,openalex
A5103154375,https://openalex.org/A5103154375,Prithwish Chakraborty,https://orcid.org/0000-0003-1407-7677,openalex
A5026052680,https://openalex.org/A5026052680,Naren Ramakrishan,,openalex
A5102234375,https://openalex.org/A5102234375,M. Shahriar Hossain,,openalex
A5028853183,https://openalex.org/A5028853183,Praveen Kumar Reddy Ojili,,openalex
A5054189045,https://openalex.org/A5054189045,Cindy Grimm,https://orcid.org/0000-0002-1711-7112,openalex
A5089500765,https://openalex.org/A5089500765,Rolf Müller,https://orcid.org/0000-0001-8358-4053,openalex
A5068161656,https://openalex.org/A5068161656,Layne T. Watson,https://orcid.org/0000-0003-2009-107X,openalex
A5040897069,https://openalex.org/A5040897069,Alexander Pilhöfer,,openalex
A5041757977,https://openalex.org/A5041757977,Alexander Gribov,,openalex
A5041029596,https://openalex.org/A5041029596,Antony Unwin,https://orcid.org/0000-0002-5841-5757,openalex
A5019393500,https://openalex.org/A5019393500,Matthias Buchetics,,openalex
A5066432601,https://openalex.org/A5066432601,Rudolf Benedik,,openalex
A5010090402,https://openalex.org/A5010090402,David Trimm,,openalex
A5009611685,https://openalex.org/A5009611685,Penny Rheingans,https://orcid.org/0009-0002-6056-8741,openalex
A5027045308,https://openalex.org/A5027045308,Marie Desjardins,,openalex
A5091360778,https://openalex.org/A5091360778,Sebastian Grottel,,openalex
A5109214905,https://openalex.org/A5109214905,Philipp Beck,,openalex
A5104534360,https://openalex.org/A5104534360,Christoph Müller,https://orcid.org/0000-0002-9979-3682,openalex
A5064684360,https://openalex.org/A5064684360,Johannes Roth,https://orcid.org/0000-0002-6080-388X,openalex
A5109926697,https://openalex.org/A5109926697,H R Trebin,,openalex
A5079984513,https://openalex.org/A5079984513,Gunnar Läthén,https://orcid.org/0000-0002-6457-4914,openalex
A5005222066,https://openalex.org/A5005222066,Reiner Lenz,https://orcid.org/0000-0001-7557-4904,openalex
A5000813954,https://openalex.org/A5000813954,Anders Persson,https://orcid.org/0000-0002-9446-6981,openalex
A5075195058,https://openalex.org/A5075195058,Magnus Borga,https://orcid.org/0000-0002-9267-2191,openalex
A5055587193,https://openalex.org/A5055587193,Lars Kühne,,openalex
A5002674092,https://openalex.org/A5002674092,Zhiyuan Zhang,https://orcid.org/0000-0002-2605-1549,openalex
A5039316020,https://openalex.org/A5039316020,Sungsoo Ha,https://orcid.org/0000-0002-5768-0188,openalex
A5030975812,https://openalex.org/A5030975812,Mueller Klaus,,openalex
A5017439447,https://openalex.org/A5017439447,Joseph A. Cottam,,openalex
A5074260102,https://openalex.org/A5074260102,Andrew Lumsdaine,https://orcid.org/0000-0002-9153-6622,openalex
A5022585634,https://openalex.org/A5022585634,H. Ribičić,,openalex
A5041515579,https://openalex.org/A5041515579,R. Gurbat,,openalex
A5109257375,https://openalex.org/A5109257375,Nafees Ahmed,,openalex
A5102535013,https://openalex.org/A5102535013,Ziyi Zheng,,openalex
A5023685974,https://openalex.org/A5023685974,W. Freiler,,openalex
A5086722983,https://openalex.org/A5086722983,Fritz Gschwantner,,openalex
A5029818256,https://openalex.org/A5029818256,Helmut Doleisch,,openalex
A5062867814,https://openalex.org/A5062867814,Gabor Heinemann,,openalex
A5101116565,https://openalex.org/A5101116565,Magdalena Jankowska,,openalex
A5035485219,https://openalex.org/A5035485219,Vlado Kešelj,https://orcid.org/0000-0001-8760-3223,openalex
A5013989913,https://openalex.org/A5013989913,Evangelos Milios,https://orcid.org/0000-0001-5549-4675,openalex
A5091723096,https://openalex.org/A5091723096,Stephan Wenger,,openalex
A5010779666,https://openalex.org/A5010779666,Stefan Guthe,https://orcid.org/0000-0001-5539-9096,openalex
A5069699303,https://openalex.org/A5069699303,Dirk A. Lorenz,https://orcid.org/0000-0002-7419-769X,openalex
A5054911291,https://openalex.org/A5054911291,Andreas M. Tillmann,https://orcid.org/0000-0002-7744-836X,openalex
A5065154799,https://openalex.org/A5065154799,Daniel Engel,https://orcid.org/0000-0002-8446-7702,openalex
A5082808731,https://openalex.org/A5082808731,Klaus Greff,https://orcid.org/0000-0001-6982-0937,openalex
A5090836057,https://openalex.org/A5090836057,Keith J. Bein,https://orcid.org/0000-0002-4865-2951,openalex
A5024811084,https://openalex.org/A5024811084,Anthony S. Wexler,https://orcid.org/0000-0003-1565-814X,openalex
A5033107604,https://openalex.org/A5033107604,Benjamin Schindler,,openalex
A5086341216,https://openalex.org/A5086341216,Raphael Fuchs,,openalex
A5091324880,https://openalex.org/A5091324880,Stefan Barp,,openalex
A5018302316,https://openalex.org/A5018302316,Armin Pobitzer,https://orcid.org/0000-0003-2344-5232,openalex
A5085517250,https://openalex.org/A5085517250,Robert Carnecky,,openalex
A5030439152,https://openalex.org/A5030439152,Ronald Peikert,,openalex
A5100323371,https://openalex.org/A5100323371,Hui Zhang,https://orcid.org/0000-0001-8497-5689,openalex
A5106710451,https://openalex.org/A5106710451,Jing Lin,https://orcid.org/0009-0007-3522-5110,openalex
A5031490906,https://openalex.org/A5031490906,Yiwen Zhong,https://orcid.org/0000-0002-9132-913X,openalex
A5101795131,https://openalex.org/A5101795131,Yubo Tao,https://orcid.org/0000-0002-2283-6437,openalex
A5032760251,https://openalex.org/A5032760251,Hai Lin,https://orcid.org/0000-0002-1682-8465,openalex
A5025279788,https://openalex.org/A5025279788,Feng Dong,https://orcid.org/0000-0002-8478-8928,openalex
A5115076700,https://openalex.org/A5115076700,Chao Wang,https://orcid.org/0000-0003-4887-923X,openalex
A5107856777,https://openalex.org/A5107856777,Gordon Clapworthy,,openalex
A5039268438,https://openalex.org/A5039268438,Mark Livingston,https://orcid.org/0000-0001-6878-0769,openalex
A5059772181,https://openalex.org/A5059772181,Jonathan W. Decker,,openalex
A5112255178,https://openalex.org/A5112255178,Zhuming Ai,,openalex
A5049649342,https://openalex.org/A5049649342,Veronika Šoltészová,,openalex
A5103498607,https://openalex.org/A5103498607,Mark C. Price,,openalex
A5076734836,https://openalex.org/A5076734836,Zafar Ahmed,,openalex
A5078255818,https://openalex.org/A5078255818,Radu Jianu,https://orcid.org/0000-0002-5834-2658,openalex
A5111647528,https://openalex.org/A5111647528,Joerg Meyer,,openalex
A5051043883,https://openalex.org/A5051043883,Hamed Bouzari,,openalex
A5045105070,https://openalex.org/A5045105070,Miloš Šrámek,,openalex
A5103494560,https://openalex.org/A5103494560,Meister Eduard Gröller,,openalex
A5102013833,https://openalex.org/A5102013833,Erik Sundén,https://orcid.org/0000-0001-7566-5574,openalex
A5090601084,https://openalex.org/A5090601084,Bingchen Liu,https://orcid.org/0000-0003-4136-5375,openalex
A5108818069,https://openalex.org/A5108818069,Burkhard C. Wünsche,,openalex
A5101854577,https://openalex.org/A5101854577,Simon Schröder,https://orcid.org/0000-0003-3557-244X,openalex
A5112241404,https://openalex.org/A5112241404,John A. Peterson,,openalex
A5061191410,https://openalex.org/A5061191410,L. H. Kellogg,https://orcid.org/0000-0001-5874-0472,openalex
A5071220385,https://openalex.org/A5071220385,Hans Hagen,,openalex
A5100436103,https://openalex.org/A5100436103,Lei Wang,https://orcid.org/0000-0003-1887-6222,openalex
A5016294821,https://openalex.org/A5016294821,Wieland Reich,,openalex
A5013842628,https://openalex.org/A5013842628,Rolf Westerteiger,,openalex
A5006194618,https://openalex.org/A5006194618,T. Compton,,openalex
A5073864158,https://openalex.org/A5073864158,T. Bernadin,,openalex
A5077676989,https://openalex.org/A5077676989,Eric Cowgill,https://orcid.org/0000-0001-6017-4748,openalex
A5108720368,https://openalex.org/A5108720368,K. Gwinner,,openalex
A5006361808,https://openalex.org/A5006361808,Andreas Gerndt,https://orcid.org/0000-0002-0409-8573,openalex
A5005530908,https://openalex.org/A5005530908,Hans Hagen,https://orcid.org/0000-0001-5626-963X,openalex
A5108228257,https://openalex.org/A5108228257,Airong Luo,,openalex
A5012360690,https://openalex.org/A5012360690,Patricia F Anderson,https://orcid.org/0000-0001-6348-2324,openalex
A5044031615,https://openalex.org/A5044031615,Markus Rütten,https://orcid.org/0000-0002-7991-5064,openalex
A5005322254,https://openalex.org/A5005322254,M. G. Bostock,https://orcid.org/0000-0003-1172-7240,openalex
A5091278432,https://openalex.org/A5091278432,V. Ogievetsky,,openalex
A5065822896,https://openalex.org/A5065822896,Li Tan,https://orcid.org/0000-0002-2786-5958,openalex
A5058252467,https://openalex.org/A5058252467,Zekai J. Gao,https://orcid.org/0000-0002-1886-1912,openalex
A5027014298,https://openalex.org/A5027014298,Anuj Jaiswal,,openalex
A5052151056,https://openalex.org/A5052151056,Anthony C. Robinson,https://orcid.org/0000-0002-5249-8010,openalex
A5061103977,https://openalex.org/A5061103977,Scott Pezanowski,https://orcid.org/0000-0001-5470-4925,openalex
A5067447713,https://openalex.org/A5067447713,Alexander Savelyev,https://orcid.org/0000-0001-7849-7035,openalex
A5009542542,https://openalex.org/A5009542542,Prasenjit Mitra,https://orcid.org/0000-0002-7530-9497,openalex
A5100320944,https://openalex.org/A5100320944,Xiao Zhang,https://orcid.org/0000-0003-3802-8300,openalex
A5026659841,https://openalex.org/A5026659841,Justine I. Blanford,https://orcid.org/0000-0003-0844-9390,openalex
A5076741848,https://openalex.org/A5076741848,Danilo Barbosa Coimbra,https://orcid.org/0000-0003-2218-1351,openalex
A5027973658,https://openalex.org/A5027973658,José Alberto Cuminato,https://orcid.org/0000-0002-5461-6463,openalex
A5008702561,https://openalex.org/A5008702561,Stephan Diehl,https://orcid.org/0000-0002-4287-7447,openalex
A5091174785,https://openalex.org/A5091174785,Miloš Krstajić,,openalex
A5112710952,https://openalex.org/A5112710952,Amanda Peters,,openalex
A5028793315,https://openalex.org/A5028793315,Dimitris Mitsouras,,openalex
A5019106665,https://openalex.org/A5019106665,Simone Melchionna,https://orcid.org/0000-0002-9532-554X,openalex
A5086868908,https://openalex.org/A5086868908,Frank J. Rybicki,https://orcid.org/0000-0002-3005-315X,openalex
A5047169723,https://openalex.org/A5047169723,Charles L. Feldman,,openalex
A5079897672,https://openalex.org/A5079897672,Başak Alper,,openalex
A5028009047,https://openalex.org/A5028009047,Nicolas Riche,,openalex
A5020340631,https://openalex.org/A5020340631,Mary Czerwinski,https://orcid.org/0000-0003-0881-401X,openalex
A5110386745,https://openalex.org/A5110386745,Ozan Ersoy,,openalex
A5026391994,https://openalex.org/A5026391994,G. Cantareiro,,openalex
A5003654893,https://openalex.org/A5003654893,Niels Willems,,openalex
A5049609802,https://openalex.org/A5049609802,J. H. T. Claessen,,openalex
A5026986610,https://openalex.org/A5026986610,Priti Shah,https://orcid.org/0000-0001-5908-0453,openalex
A5038794027,https://openalex.org/A5038794027,Natalia Konevtsova,,openalex
A5067224066,https://openalex.org/A5067224066,Joachim Heinrich,https://orcid.org/0000-0002-9620-1629,openalex
A5060939522,https://openalex.org/A5060939522,M. Hoeferlin,,openalex
A5036723560,https://openalex.org/A5036723560,Chao Han,https://orcid.org/0000-0003-3923-8537,openalex
A5077490455,https://openalex.org/A5077490455,Kevin Buchin,https://orcid.org/0000-0002-3022-7877,openalex
A5033912951,https://openalex.org/A5033912951,Ahmed Saad,,openalex
A5023373846,https://openalex.org/A5023373846,Britta Weber,https://orcid.org/0000-0002-7099-1204,openalex
A5078786321,https://openalex.org/A5078786321,Jean‐marc Verbavatz,https://orcid.org/0000-0002-4654-1174,openalex
A5110631057,https://openalex.org/A5110631057,Steven Bergner,,openalex
A5028355998,https://openalex.org/A5028355998,D. Selassie,,openalex
A5068085968,https://openalex.org/A5068085968,Brandon Heller,,openalex
A5019551372,https://openalex.org/A5019551372,David Lloyd,https://orcid.org/0000-0002-5656-0571,openalex
A5100317841,https://openalex.org/A5100317841,He Liu,https://orcid.org/0000-0001-9715-2606,openalex
A5020927169,https://openalex.org/A5020927169,Yuan Gao,https://orcid.org/0000-0002-3931-4272,openalex
A5100366001,https://openalex.org/A5100366001,Lu Lu,https://orcid.org/0000-0001-6372-7088,openalex
A5100406620,https://openalex.org/A5100406620,Siyuan Liu,https://orcid.org/0000-0002-0946-4683,openalex
A5108676162,https://openalex.org/A5108676162,J. Christie Rodgers,,openalex
A5024898168,https://openalex.org/A5024898168,Salvatore Rinzivillo,https://orcid.org/0000-0003-4404-4147,openalex
A5108279292,https://openalex.org/A5108279292,Stefan Wrobel,,openalex
A5100895649,https://openalex.org/A5100895649,Ningyu Mao,,openalex
A5083345538,https://openalex.org/A5083345538,Ming Te Chi,https://orcid.org/0000-0002-9014-7561,openalex
A5103250875,https://openalex.org/A5103250875,Sean Williams,https://orcid.org/0000-0002-3221-3102,openalex
A5018130478,https://openalex.org/A5018130478,Matthew Hecht,https://orcid.org/0000-0003-0946-4007,openalex
A5005188509,https://openalex.org/A5005188509,Mark W. Hlawitschka,https://orcid.org/0000-0003-2580-1886,openalex
A5072393155,https://openalex.org/A5072393155,Florian Lindemann,,openalex
A5046620680,https://openalex.org/A5046620680,Joann Kuchera Morin,,openalex
A5062129811,https://openalex.org/A5062129811,Gina Venolia,,openalex
A5090970785,https://openalex.org/A5090970785,Phil Fawcett,,openalex
A5043102053,https://openalex.org/A5043102053,Christian Rieder,https://orcid.org/0000-0002-7872-2666,openalex
A5111915664,https://openalex.org/A5111915664,Tim Kroeger,,openalex
A5050762735,https://openalex.org/A5050762735,Christian Schumann,https://orcid.org/0000-0003-4282-9362,openalex
A5047104707,https://openalex.org/A5047104707,Horst K. Hahn,https://orcid.org/0000-0001-7512-5762,openalex
A5016031646,https://openalex.org/A5016031646,Bobo Nick,,openalex
A5022825349,https://openalex.org/A5022825349,Thomas Rydell,,openalex
A5101498642,https://openalex.org/A5101498642,Martin Heß,https://orcid.org/0000-0001-5827-2736,openalex
A5006873695,https://openalex.org/A5006873695,Philipp Weil,,openalex
A5017310929,https://openalex.org/A5017310929,Kay Hamacherk,,openalex
A5040371404,https://openalex.org/A5040371404,Jens Kasten,,openalex
A5040236693,https://openalex.org/A5040236693,Ingrid Hotz,https://orcid.org/0000-0001-7285-0483,openalex
A5087836838,https://openalex.org/A5087836838,Martin J. Neugebauer,https://orcid.org/0000-0003-4941-3335,openalex
A5023511994,https://openalex.org/A5023511994,A. Johannes Pretorius,,openalex
A5059045145,https://openalex.org/A5059045145,Mark‐anthony Bray,https://orcid.org/0000-0002-9748-3592,openalex
A5052473265,https://openalex.org/A5052473265,Anne E. Carpenter,https://orcid.org/0000-0003-1555-8261,openalex
A5090713275,https://openalex.org/A5090713275,Andreas Bannach,,openalex
A5108206290,https://openalex.org/A5108206290,James Davey,,openalex
A5063602485,https://openalex.org/A5063602485,Tobias Ruppert,https://orcid.org/0000-0002-5658-9112,openalex
A5081285219,https://openalex.org/A5081285219,P. Leube,,openalex
A5091354130,https://openalex.org/A5091354130,Wolfgang Nowak,https://orcid.org/0000-0003-2583-8865,openalex
A5069370648,https://openalex.org/A5069370648,Daniel Fink,https://orcid.org/0000-0002-8368-1248,openalex
A5090261891,https://openalex.org/A5090261891,Steve Kelling,,openalex
A5033419561,https://openalex.org/A5033419561,Chris M. Wood,https://orcid.org/0000-0002-9542-2219,openalex
A5111922380,https://openalex.org/A5111922380,C. Silva,,openalex
A5017735217,https://openalex.org/A5017735217,Leon Sering,https://orcid.org/0000-0003-2953-1115,openalex
A5019559208,https://openalex.org/A5019559208,Boonthanome Nouanesengsy,,openalex
A5086334362,https://openalex.org/A5086334362,Marc Ruiz,https://orcid.org/0000-0001-6490-4170,openalex
A5082300315,https://openalex.org/A5082300315,Anton Bardera,https://orcid.org/0000-0001-9648-0624,openalex
A5075596050,https://openalex.org/A5075596050,Imma Boada,https://orcid.org/0000-0002-0001-8193,openalex
A5034698887,https://openalex.org/A5034698887,Miquel Feixas,https://orcid.org/0000-0001-6512-7588,openalex
A5045086893,https://openalex.org/A5045086893,Mateu Sbert,https://orcid.org/0000-0003-2164-6858,openalex
A5016175339,https://openalex.org/A5016175339,Hadley Wickham,https://orcid.org/0000-0003-4757-117X,openalex
A5024409647,https://openalex.org/A5024409647,Ashley Rye Yauilla,,openalex
A5109222584,https://openalex.org/A5109222584,Sara L. Su,,openalex
A5011059989,https://openalex.org/A5011059989,Martin Eisemann,https://orcid.org/0000-0002-8673-4405,openalex
A5018178386,https://openalex.org/A5018178386,C. Correa,https://orcid.org/0000-0002-7253-5587,openalex
A5037585630,https://openalex.org/A5037585630,Danielle Albers,,openalex
A5032698492,https://openalex.org/A5032698492,Colin N. Dewey,https://orcid.org/0000-0003-1498-9254,openalex
A5070786820,https://openalex.org/A5070786820,Susanne K. Suter,https://orcid.org/0000-0002-7998-7930,openalex
A5007041759,https://openalex.org/A5007041759,José A. Iglesias Guitián,https://orcid.org/0000-0002-0817-1010,openalex
A5064723143,https://openalex.org/A5064723143,Fabio Marton,https://orcid.org/0000-0001-8611-1921,openalex
A5086856121,https://openalex.org/A5086856121,Andreas Elsener,https://orcid.org/0000-0003-1440-0489,openalex
A5023230783,https://openalex.org/A5023230783,Christoph P. E. Zollikofer,https://orcid.org/0000-0003-2523-3700,openalex
A5042196702,https://openalex.org/A5042196702,M. Gopi,,openalex
A5009229122,https://openalex.org/A5009229122,Enrico Gobbetti,https://orcid.org/0000-0003-0831-2458,openalex
A5000147776,https://openalex.org/A5000147776,Renato Pajarola,https://orcid.org/0000-0002-6724-526X,openalex
A5028868240,https://openalex.org/A5028868240,Philipp Schlegel,https://orcid.org/0000-0002-5633-1314,openalex
A5028786756,https://openalex.org/A5028786756,Maxim Makhinya,,openalex
A5053360336,https://openalex.org/A5053360336,Carl Hirsch,,openalex
A5015678021,https://openalex.org/A5015678021,Günter Blöschl,https://orcid.org/0000-0003-2227-8225,openalex
A5052995018,https://openalex.org/A5052995018,José Gustavo S. Paiva,https://orcid.org/0000-0003-3228-6974,openalex
A5073099181,https://openalex.org/A5073099181,L. Florian,,openalex
A5065725754,https://openalex.org/A5065725754,Hélio Pedrini,https://orcid.org/0000-0003-0125-630X,openalex
A5009378018,https://openalex.org/A5009378018,G. D. Telles,https://orcid.org/0000-0002-7026-316X,openalex
A5066927815,https://openalex.org/A5066927815,Rosane Minghim,https://orcid.org/0000-0002-4799-8774,openalex
A5111985276,https://openalex.org/A5111985276,Javier Oliván Bescós,,openalex
A5006761415,https://openalex.org/A5006761415,Rachel E. Clough,https://orcid.org/0000-0002-4243-6836,openalex
A5081456690,https://openalex.org/A5081456690,Bart M. Ter Haar Romeny,https://orcid.org/0000-0003-3442-3207,openalex
A5100867302,https://openalex.org/A5100867302,Geng Zhao,https://orcid.org/0009-0003-7037-805X,openalex
A5034961780,https://openalex.org/A5034961780,Zhenmin Peng,,openalex
A5010833582,https://openalex.org/A5010833582,Paolo Angelelli,,openalex
A5035473399,https://openalex.org/A5035473399,Janine Camille Bennett,,openalex
A5063030920,https://openalex.org/A5063030920,Vaidyanathan Krishnamoorthy,,openalex
A5013952808,https://openalex.org/A5013952808,Shusen Liu,,openalex
A5044669967,https://openalex.org/A5044669967,Ray Grout,https://orcid.org/0000-0002-1760-8747,openalex
A5068312712,https://openalex.org/A5068312712,Evatt R. Hawkes,https://orcid.org/0000-0003-0539-7951,openalex
A5030586741,https://openalex.org/A5030586741,Jason F. Shepherd,https://orcid.org/0000-0002-6959-2628,openalex
A5049695343,https://openalex.org/A5049695343,Mikael Vejdemo‐johansson,https://orcid.org/0000-0001-6322-7542,openalex
A5062412211,https://openalex.org/A5062412211,Christopher Koehler,https://orcid.org/0000-0001-8863-964X,openalex
A5036615525,https://openalex.org/A5036615525,Thomas Wischgoll,https://orcid.org/0000-0003-0000-3909,openalex
A5067836089,https://openalex.org/A5067836089,Haibo Dong,https://orcid.org/0000-0001-7823-7014,openalex
A5037414175,https://openalex.org/A5037414175,Zachary Gaston,,openalex
A5044181405,https://openalex.org/A5044181405,Dr Ashraf Badawood,,openalex
A5067734926,https://openalex.org/A5067734926,Natallia Kotava,,openalex
A5072249624,https://openalex.org/A5072249624,Lei Shi,https://orcid.org/0000-0002-1170-3911,openalex
A5101645589,https://openalex.org/A5101645589,Qi Liao,https://orcid.org/0000-0001-5520-157X,openalex
A5060129988,https://openalex.org/A5060129988,Yuan He,https://orcid.org/0000-0002-6676-4009,openalex
A5101768831,https://openalex.org/A5101768831,Rui Li,https://orcid.org/0000-0002-5453-4660,openalex
A5048928683,https://openalex.org/A5048928683,Aaron Striegel,https://orcid.org/0000-0002-3157-2859,openalex
A5010426520,https://openalex.org/A5010426520,Zhong Su,https://orcid.org/0000-0003-2303-9787,openalex
A5060085720,https://openalex.org/A5060085720,Martin Haidacher,,openalex
A5053500555,https://openalex.org/A5053500555,Ben Maule,,openalex
A5113683690,https://openalex.org/A5113683690,P. Muigg,,openalex
A5052699089,https://openalex.org/A5052699089,Michael Reiter,https://orcid.org/0000-0003-0368-9758,openalex
A5080679300,https://openalex.org/A5080679300,Darrel Palke,,openalex
A5057952459,https://openalex.org/A5057952459,Zhongzang Lin,,openalex
A5050598711,https://openalex.org/A5050598711,P. Vincent,https://orcid.org/0000-0003-0993-8196,openalex
A5072243347,https://openalex.org/A5072243347,Brian Fisher,https://orcid.org/0000-0001-5665-5709,openalex
A5064357435,https://openalex.org/A5064357435,Carolina Vicente Moraes,https://orcid.org/0000-0002-2423-7569,openalex
A5072566909,https://openalex.org/A5072566909,Rainer Burgkart,https://orcid.org/0000-0002-9107-4229,openalex
A5021654098,https://openalex.org/A5021654098,Judith Muehl,,openalex
A5035284207,https://openalex.org/A5035284207,Ido Guy,https://orcid.org/0000-0002-5525-1064,openalex
A5006730291,https://openalex.org/A5006730291,Erel Uziel,,openalex
A5067251509,https://openalex.org/A5067251509,Inbal Ronen,,openalex
A5055744764,https://openalex.org/A5055744764,Michal Jacovi,,openalex
A5012288548,https://openalex.org/A5012288548,Allen R. Sanderson,,openalex
A5087430192,https://openalex.org/A5087430192,Brent Nelson,https://orcid.org/0000-0002-7523-3269,openalex
A5108666434,https://openalex.org/A5108666434,Zhenyu Guo,https://orcid.org/0000-0003-2034-4890,openalex
A5102773082,https://openalex.org/A5102773082,Matthew O. Ward,https://orcid.org/0000-0002-3080-2579,openalex
A5008269094,https://openalex.org/A5008269094,Elke A. Rundensteiner,https://orcid.org/0000-0001-5375-9254,openalex
A5041714557,https://openalex.org/A5041714557,Carolina Ruiz,https://orcid.org/0000-0001-9997-2536,openalex
A5086508640,https://openalex.org/A5086508640,Yang Chen,https://orcid.org/0000-0002-7593-5316,openalex
A5010219139,https://openalex.org/A5010219139,Jamal Alsakran,https://orcid.org/0000-0001-6968-5616,openalex
A5041506287,https://openalex.org/A5041506287,Patrick Moran,https://orcid.org/0000-0002-7110-5075,openalex
A5030823954,https://openalex.org/A5030823954,David Ellsworth,https://orcid.org/0009-0000-0428-8302,openalex
A5091009938,https://openalex.org/A5091009938,Nico Pietroni,https://orcid.org/0000-0002-8271-2102,openalex
A5111457898,https://openalex.org/A5111457898,C. Massimiliano,,openalex
A5049441601,https://openalex.org/A5049441601,Paolo Cignoni,https://orcid.org/0000-0002-2686-8567,openalex
A5111376244,https://openalex.org/A5111376244,Riccardo Scopigno,,openalex
A5076956337,https://openalex.org/A5076956337,Malgorzata Migut,,openalex
A5045449467,https://openalex.org/A5045449467,Hossam Sharara,https://orcid.org/0000-0003-0042-9790,openalex
A5104050325,https://openalex.org/A5104050325,Awalin Sopan,,openalex
A5016455363,https://openalex.org/A5016455363,Galileo Namata,,openalex
A5086169451,https://openalex.org/A5086169451,Lise Getoor,,openalex
A5005384315,https://openalex.org/A5005384315,Lisa Singh,https://orcid.org/0000-0002-8300-2970,openalex
A5080086653,https://openalex.org/A5080086653,Chi Fai Cheung,https://orcid.org/0000-0002-6066-7419,openalex
A5111920393,https://openalex.org/A5111920393,Donald J. Lehmann,,openalex
A5069593762,https://openalex.org/A5069593762,Eric A. Bier,https://orcid.org/0009-0004-2265-386X,openalex
A5063093511,https://openalex.org/A5063093511,Steffen Oeltze,,openalex
A5091133814,https://openalex.org/A5091133814,Reyk Hillert,,openalex
A5066103350,https://openalex.org/A5066103350,Walter Schubert,https://orcid.org/0000-0002-3395-7154,openalex
A5101883722,https://openalex.org/A5101883722,Weijia Xu,https://orcid.org/0000-0002-5134-6381,openalex
A5078797277,https://openalex.org/A5078797277,María Esteva,https://orcid.org/0000-0001-6204-4517,openalex
A5102831353,https://openalex.org/A5102831353,Suyog Dutt Jain,https://orcid.org/0000-0001-6718-0067,openalex
A5018052736,https://openalex.org/A5018052736,Varun Jain,https://orcid.org/0000-0003-2957-6890,openalex
A5001882662,https://openalex.org/A5001882662,Pierre Luc Hémery,,openalex
A5007613347,https://openalex.org/A5007613347,Dan Lipsa,,openalex
A5051448088,https://openalex.org/A5051448088,S. J. Cox,https://orcid.org/0000-0001-6129-3394,openalex
A5005440530,https://openalex.org/A5005440530,I. T. Davies,https://orcid.org/0000-0002-8157-0114,openalex
A5052119291,https://openalex.org/A5052119291,Alessandro Giusti,https://orcid.org/0000-0003-1240-0768,openalex
A5090138830,https://openalex.org/A5090138830,Pierluigi Taddei,,openalex
A5047125862,https://openalex.org/A5047125862,Giorgio Corani,https://orcid.org/0000-0002-1541-8384,openalex
A5109533956,https://openalex.org/A5109533956,Luca Maria Gambardella,,openalex
A5072418452,https://openalex.org/A5072418452,M. Cristina Magli,https://orcid.org/0000-0002-2889-8479,openalex
A5021359903,https://openalex.org/A5021359903,Luca Gianaroli,https://orcid.org/0000-0002-6077-9840,openalex
A5021101177,https://openalex.org/A5021101177,Ishwar Kulkarni,,openalex
A5036115482,https://openalex.org/A5036115482,Shanaz Y. Mistry,,openalex
A5041840951,https://openalex.org/A5041840951,B. Cummings,https://orcid.org/0000-0003-3628-5290,openalex
A5037053327,https://openalex.org/A5037053327,Edward Segel,,openalex
A5100366549,https://openalex.org/A5100366549,Song Zhang,https://orcid.org/0000-0002-8636-3018,openalex
A5021430711,https://openalex.org/A5021430711,Jamie Dyer,https://orcid.org/0000-0002-2480-9117,openalex
A5066767949,https://openalex.org/A5066767949,Alison R. Mercer,https://orcid.org/0000-0001-8110-4247,openalex
A5110871918,https://openalex.org/A5110871918,P. Amburn,,openalex
A5056355204,https://openalex.org/A5056355204,Robert Moorhead,https://orcid.org/0000-0002-4642-7873,openalex
A5070664464,https://openalex.org/A5070664464,Waqas Javed,,openalex
A5077297224,https://openalex.org/A5077297224,B. Mcdonnel,,openalex
A5066055220,https://openalex.org/A5066055220,Lars Grammel,,openalex
A5038905934,https://openalex.org/A5038905934,Margaret‐anne Storey,https://orcid.org/0000-0003-2278-2536,openalex
A5100745763,https://openalex.org/A5100745763,Zhicheng Liu,https://orcid.org/0000-0001-6539-511X,openalex
A5101569034,https://openalex.org/A5101569034,Daniel M. Gruen,https://orcid.org/0000-0003-0155-3777,openalex
A5083779826,https://openalex.org/A5083779826,Carey Williamson,https://orcid.org/0000-0001-9922-7237,openalex
A5054248372,https://openalex.org/A5054248372,Mor Naaman,https://orcid.org/0000-0002-6436-3877,openalex
A5038688177,https://openalex.org/A5038688177,Funda Kivran Swaine,,openalex
A5034989458,https://openalex.org/A5034989458,Amy Karlson,https://orcid.org/0000-0001-8934-7761,openalex
A5052724297,https://openalex.org/A5052724297,Sheelash Carpendale,,openalex
A5000323557,https://openalex.org/A5000323557,Norman Au,https://orcid.org/0000-0003-0467-5155,openalex
A5110211093,https://openalex.org/A5110211093,H. Jaenicke,,openalex
A5100815366,https://openalex.org/A5100815366,Lijie Xu,,openalex
A5100800645,https://openalex.org/A5100800645,Yu Ru Lin,,openalex
A5110230418,https://openalex.org/A5110230418,Huamin Qu,,openalex
A5090283742,https://openalex.org/A5090283742,Jaeyeon Kihm,,openalex
A5001227061,https://openalex.org/A5001227061,Andreas Buja,,openalex
A5008165586,https://openalex.org/A5008165586,Jérôme Waser,https://orcid.org/0000-0002-4570-914X,openalex
A5038204892,https://openalex.org/A5038204892,Ralph F. Fuchs,https://orcid.org/0009-0008-9546-5498,openalex
A5041384164,https://openalex.org/A5041384164,Birgit Schindler,,openalex
A5058111856,https://openalex.org/A5058111856,Kyle Koh,,openalex
A5037132971,https://openalex.org/A5037132971,Karl Kashofer,https://orcid.org/0000-0002-5803-4014,openalex
A5049992511,https://openalex.org/A5049992511,Nan Kong,https://orcid.org/0000-0002-4047-3414,openalex
A5062285844,https://openalex.org/A5062285844,Meredith Ringel Morris,https://orcid.org/0000-0003-1436-9223,openalex
A5069122334,https://openalex.org/A5069122334,Kori Inkpen,https://orcid.org/0000-0001-5661-4659,openalex
A5007045835,https://openalex.org/A5007045835,Paul Bendich,https://orcid.org/0000-0002-4862-0730,openalex
A5069999967,https://openalex.org/A5069999967,Herbert Edelsbrunner,https://orcid.org/0000-0002-9823-6833,openalex
A5047215403,https://openalex.org/A5047215403,Michael Kerber,https://orcid.org/0000-0002-8030-9299,openalex
A5101460914,https://openalex.org/A5101460914,Zicheng Liao,https://orcid.org/0000-0002-2008-9239,openalex
A5108557359,https://openalex.org/A5108557359,Yizhou Yu,,openalex
A5047345230,https://openalex.org/A5047345230,Christian Viau,https://orcid.org/0000-0002-2449-627X,openalex
A5037140526,https://openalex.org/A5037140526,Yves Chiricota,,openalex
A5055656807,https://openalex.org/A5055656807,Igor Jurišica,https://orcid.org/0000-0002-2507-946X,openalex
A5060672357,https://openalex.org/A5060672357,Samuel Gerber,https://orcid.org/0000-0002-7561-538X,openalex
A5054111486,https://openalex.org/A5054111486,Stéphane Marchesin,,openalex
A5032597626,https://openalex.org/A5032597626,Cheng‐kai Chen,,openalex
A5109030283,https://openalex.org/A5109030283,Chris Ho,,openalex
A5041925521,https://openalex.org/A5041925521,Kwan Liu Ma,,openalex
A5003395477,https://openalex.org/A5003395477,Pjotr Svetachov,,openalex
A5090771774,https://openalex.org/A5090771774,Maarten H. Everts,,openalex
A5107486717,https://openalex.org/A5107486717,Hoi Ying Tsang,,openalex
A5052540148,https://openalex.org/A5052540148,Charles Swindells,https://orcid.org/0000-0002-9572-5930,openalex
A5001140149,https://openalex.org/A5001140149,Veronika Irvine,https://orcid.org/0000-0002-9455-8712,openalex
A5032804052,https://openalex.org/A5032804052,Jörg Stefan Praßni,,openalex
A5047713855,https://openalex.org/A5047713855,Klaus Hinrichs,,openalex
A5109224153,https://openalex.org/A5109224153,Michael Burch,,openalex
A5001706587,https://openalex.org/A5001706587,David Feng,https://orcid.org/0000-0002-4920-8123,openalex
A5065024394,https://openalex.org/A5065024394,Lester Kwock,,openalex
A5091466574,https://openalex.org/A5091466574,Yueh Z. Lee,https://orcid.org/0000-0003-1846-7680,openalex
A5109967838,https://openalex.org/A5109967838,Russell M. Taylor,,openalex
A5051666919,https://openalex.org/A5051666919,Roland Fraedrich,,openalex
A5040830361,https://openalex.org/A5040830361,Stefan Auer,https://orcid.org/0000-0001-9310-2337,openalex
A5113509600,https://openalex.org/A5113509600,Hartmut Ziegler,,openalex
A5023658866,https://openalex.org/A5023658866,Marco Jenny,,openalex
A5018186930,https://openalex.org/A5018186930,Tino Gruse,,openalex
A5090728511,https://openalex.org/A5090728511,Yu‐hsuan Chan,https://orcid.org/0000-0003-0375-2497,openalex
A5108737739,https://openalex.org/A5108737739,Carlos D. Correa,,openalex
A5109230686,https://openalex.org/A5109230686,Anna Tikhonova,,openalex
A5109229937,https://openalex.org/A5109229937,Kwan‐liu Ma,https://orcid.org/0000-0001-8086-0366,openalex
A5030626594,https://openalex.org/A5030626594,Angela H. Depace,https://orcid.org/0000-0001-5723-0438,openalex
A5108537978,https://openalex.org/A5108537978,Roy Van Pelt,,openalex
A5071706843,https://openalex.org/A5071706843,Tear Marie Green,,openalex
A5088209296,https://openalex.org/A5088209296,Xiaoxiao Lian,,openalex
A5027385475,https://openalex.org/A5027385475,Frederik Seiffert,,openalex
A5080378073,https://openalex.org/A5080378073,Sebastian Boring,https://orcid.org/0000-0002-2289-7512,openalex
A5101842842,https://openalex.org/A5101842842,Jan Friedrich,https://orcid.org/0000-0002-6961-8998,openalex
A5037765669,https://openalex.org/A5037765669,Dirk Bartz,,openalex
A5045486160,https://openalex.org/A5045486160,Laura Tateosian,https://orcid.org/0000-0002-3578-3696,openalex
A5072584079,https://openalex.org/A5072584079,Helena Mitášová,https://orcid.org/0000-0002-6906-3398,openalex
A5036143215,https://openalex.org/A5036143215,B. A. Harmon,https://orcid.org/0000-0002-6218-9318,openalex
A5043734486,https://openalex.org/A5043734486,Brent D. Fogleman,,openalex
A5102077545,https://openalex.org/A5102077545,Katherine J. Weaver,,openalex
A5030963153,https://openalex.org/A5030963153,Russell S. Harmon,https://orcid.org/0000-0003-1967-3611,openalex
A5005510639,https://openalex.org/A5005510639,Erik Anderson,https://orcid.org/0000-0002-0334-8497,openalex
A5113867696,https://openalex.org/A5113867696,Marc Khoury,,openalex
A5021101532,https://openalex.org/A5021101532,Rephael Wenger,https://orcid.org/0009-0000-3623-0295,openalex
A5087450533,https://openalex.org/A5087450533,Andreas Ammer,,openalex
A5103514631,https://openalex.org/A5103514631,Alan Lež,,openalex
A5047298428,https://openalex.org/A5047298428,Pablo Román,https://orcid.org/0000-0002-2791-385X,openalex
A5011023724,https://openalex.org/A5011023724,Maxim Lazarov,,openalex
A5017854609,https://openalex.org/A5017854609,Aditi Majumder,https://orcid.org/0000-0001-7436-856X,openalex
A5101416492,https://openalex.org/A5101416492,Seungwon Yang,https://orcid.org/0000-0003-4175-2316,openalex
A5019416645,https://openalex.org/A5019416645,Naveed Massjouni,,openalex
A5052042062,https://openalex.org/A5052042062,R. P. Sujit Kanna,,openalex
A5000056504,https://openalex.org/A5000056504,Paolo Brivio,,openalex
A5088977284,https://openalex.org/A5088977284,Marco Tarini,https://orcid.org/0000-0003-2301-3173,openalex
A5054275509,https://openalex.org/A5054275509,Scott Kruger,https://orcid.org/0000-0001-9174-6227,openalex
A5019708277,https://openalex.org/A5019708277,J. Breslau,https://orcid.org/0000-0002-0649-4836,openalex
A5051400237,https://openalex.org/A5051400237,Jian Cui,https://orcid.org/0000-0003-0056-2276,openalex
A5051307646,https://openalex.org/A5051307646,Voicu Popescu,https://orcid.org/0000-0002-8767-8724,openalex
A5101695356,https://openalex.org/A5101695356,Christoph M. Hoffmann,https://orcid.org/0000-0002-7317-8489,openalex
A5019527252,https://openalex.org/A5019527252,Heather Richter Lipford,https://orcid.org/0000-0002-5261-0148,openalex
A5088379177,https://openalex.org/A5088379177,Felesia Stukes,,openalex
A5006364168,https://openalex.org/A5006364168,Matthew E. Hawkins,,openalex
A5045775773,https://openalex.org/A5045775773,Martin Mladenov,https://orcid.org/0009-0007-5565-5126,openalex
A5062749833,https://openalex.org/A5062749833,Michael Möck,https://orcid.org/0009-0009-9864-8924,openalex
A5000254667,https://openalex.org/A5000254667,Christian Pölitz,,openalex
A5009627681,https://openalex.org/A5009627681,Stephen G. Turney,,openalex
A5054189757,https://openalex.org/A5054189757,Beverly E. Faulkner Jones,,openalex
A5026610704,https://openalex.org/A5026610704,Dominik Meyer,https://orcid.org/0000-0002-6948-9858,openalex
A5005494448,https://openalex.org/A5005494448,R. Clay Reid,https://orcid.org/0000-0002-8697-6797,openalex
A5068372464,https://openalex.org/A5068372464,Claurissa J. Tuttle,,openalex
A5103036411,https://openalex.org/A5103036411,Seon Joo Kim,https://orcid.org/0000-0001-8512-216X,openalex
A5087472834,https://openalex.org/A5087472834,Shaojie Zhuo,https://orcid.org/0009-0000-8545-5829,openalex
A5045739580,https://openalex.org/A5045739580,Fanbo Deng,,openalex
A5075135613,https://openalex.org/A5075135613,Michael S. Brown,https://orcid.org/0000-0002-6357-2562,openalex
A5072684302,https://openalex.org/A5072684302,Ghassan Hamarneh,https://orcid.org/0000-0001-5040-7448,openalex
A5049897427,https://openalex.org/A5049897427,Bilkis Jamal Ferdosi,https://orcid.org/0000-0001-7391-803X,openalex
A5009607521,https://openalex.org/A5009607521,Hugo Buddelmeijer,https://orcid.org/0000-0001-8001-0089,openalex
A5014887248,https://openalex.org/A5014887248,S. C. Trager,https://orcid.org/0000-0001-6994-3566,openalex
A5015726919,https://openalex.org/A5015726919,Michael H. F. Wilkinson,https://orcid.org/0000-0001-6258-1128,openalex
A5073784823,https://openalex.org/A5073784823,Jos B. T. M. Roerdink,https://orcid.org/0000-0003-1092-9633,openalex
A5004642834,https://openalex.org/A5004642834,Tuan Pham,https://orcid.org/0000-0001-6911-7002,openalex
A5074196720,https://openalex.org/A5074196720,Rob Hess,https://orcid.org/0000-0001-6242-0404,openalex
A5024296783,https://openalex.org/A5024296783,Crystal Ju,,openalex
A5018871532,https://openalex.org/A5018871532,Ronald Metoyer,https://orcid.org/0000-0003-2206-1720,openalex
A5031431096,https://openalex.org/A5031431096,Trevor M. O'brien,,openalex
A5087718701,https://openalex.org/A5087718701,Anna Ritz,https://orcid.org/0000-0002-7925-5369,openalex
A5025899028,https://openalex.org/A5025899028,Benjamin J. Raphael,https://orcid.org/0000-0003-1274-048X,openalex
A5058720963,https://openalex.org/A5058720963,George Legrady,https://orcid.org/0000-0002-9177-257X,openalex
A5080477172,https://openalex.org/A5080477172,Patrick Oesterling,,openalex
A5113648828,https://openalex.org/A5113648828,P. Kok,,openalex
A5012099276,https://openalex.org/A5012099276,Martin Baiker,https://orcid.org/0000-0002-3774-6821,openalex
A5103395894,https://openalex.org/A5103395894,Ella Hendriks,,openalex
A5023711681,https://openalex.org/A5023711681,Frits H. Post,,openalex
A5003711050,https://openalex.org/A5003711050,Jouke Dijkstra,https://orcid.org/0000-0002-8666-3731,openalex
A5000644268,https://openalex.org/A5000644268,Clemens W.g.m. Löwik,https://orcid.org/0000-0002-1381-9360,openalex
A5110467360,https://openalex.org/A5110467360,Charl P. Botha,,openalex
A5103201287,https://openalex.org/A5103201287,Sharon Lin,https://orcid.org/0000-0002-7923-3979,openalex
A5040573722,https://openalex.org/A5040573722,Karl Proctor,,openalex
A5047898395,https://openalex.org/A5047898395,Min Chen,https://orcid.org/0000-0002-6970-7317,openalex
A5008493965,https://openalex.org/A5008493965,H. Jänicke,,openalex
A5070927396,https://openalex.org/A5070927396,Tavi Murray,https://orcid.org/0000-0001-6714-6512,openalex
A5078538935,https://openalex.org/A5078538935,Ian M. Thornton,https://orcid.org/0000-0001-6328-3536,openalex
A5022402131,https://openalex.org/A5022402131,Jing Jin,https://orcid.org/0000-0002-8638-7837,openalex
A5068184256,https://openalex.org/A5068184256,Pedro Szekely,https://orcid.org/0000-0002-4621-2266,openalex
A5068076769,https://openalex.org/A5068076769,Ruediger Westermann,,openalex
A5108478426,https://openalex.org/A5108478426,He Xiao,https://orcid.org/0009-0001-3814-5235,openalex
A5029399661,https://openalex.org/A5029399661,Peihong Guo,https://orcid.org/0000-0002-7235-8816,openalex
A5002806054,https://openalex.org/A5002806054,Wilfrid S. Kendall,https://orcid.org/0000-0001-9799-3480,openalex
A5101839749,https://openalex.org/A5101839749,Yongxian Zhang,https://orcid.org/0000-0002-8706-8619,openalex
A5109158457,https://openalex.org/A5109158457,Ольга Александровна Карпенко,,openalex
A5007056424,https://openalex.org/A5007056424,W Li,,openalex
A5058170430,https://openalex.org/A5058170430,Niloy J. Mitra,https://orcid.org/0000-0002-2597-0914,openalex
A5103024385,https://openalex.org/A5103024385,Raquel Fernández,https://orcid.org/0000-0002-3889-6194,openalex
A5054505042,https://openalex.org/A5054505042,S Ruble,,openalex
A5077811422,https://openalex.org/A5077811422,Byeonghun Lee,,openalex
A5048833289,https://openalex.org/A5048833289,Jihye Yun,https://orcid.org/0000-0001-5709-8254,openalex
A5076075267,https://openalex.org/A5076075267,Byonghyo Shim,https://orcid.org/0000-0001-5051-1763,openalex
A5101418877,https://openalex.org/A5101418877,Yeong Gil Shin,https://orcid.org/0000-0001-5602-9695,openalex
A5058831244,https://openalex.org/A5058831244,Z Hosssain,,openalex
A5023881736,https://openalex.org/A5023881736,Srikanth Kandula,https://orcid.org/0000-0001-9494-6435,openalex
A5013518229,https://openalex.org/A5013518229,Ratul Mahajan,https://orcid.org/0009-0005-8005-6948,openalex
A5033144420,https://openalex.org/A5033144420,Alvin Law,,openalex
A5090414723,https://openalex.org/A5090414723,Daniel G. Aliaga,https://orcid.org/0000-0001-9794-462X,openalex
A5000497037,https://openalex.org/A5000497037,Supriya Garg,,openalex
A5005648942,https://openalex.org/A5005648942,I. V. Ramakrishnan,https://orcid.org/0000-0002-1768-7043,openalex
A5005968265,https://openalex.org/A5005968265,Brian Tomaszewski,https://orcid.org/0000-0002-3922-9860,openalex
A5019719296,https://openalex.org/A5019719296,Marc Hellmuth,https://orcid.org/0000-0002-1620-5508,openalex
A5016104736,https://openalex.org/A5016104736,Peter F. Stadler,https://orcid.org/0000-0002-5016-5191,openalex
A5011783203,https://openalex.org/A5011783203,Amel Guetat,,openalex
A5081467444,https://openalex.org/A5081467444,André Ancel,https://orcid.org/0000-0002-3497-2591,openalex
A5109247506,https://openalex.org/A5109247506,Jean‐michel Dischler,https://orcid.org/0000-0003-4444-2719,openalex
A5024254029,https://openalex.org/A5024254029,Laurent Condat,https://orcid.org/0000-0001-7087-1002,openalex
A5018714925,https://openalex.org/A5018714925,Craig Jones,https://orcid.org/0000-0002-0629-3006,openalex
A5075876111,https://openalex.org/A5075876111,Dong Hyun Jeong,https://orcid.org/0000-0001-5271-293X,openalex
A5103517898,https://openalex.org/A5103517898,Roxanne Ryan,,openalex
A5100357616,https://openalex.org/A5100357616,Xiaoyu Wang,https://orcid.org/0000-0002-7030-4291,openalex
A5010986405,https://openalex.org/A5010986405,David Spretke,,openalex
A5101970468,https://openalex.org/A5101970468,Wei Xu,https://orcid.org/0000-0003-4356-6832,openalex
A5100331329,https://openalex.org/A5100331329,Nan Zhang,https://orcid.org/0000-0003-1673-4837,openalex
A5024298278,https://openalex.org/A5024298278,Xiangmin Zhou,https://orcid.org/0000-0002-1302-818X,openalex
A5006502390,https://openalex.org/A5006502390,Yunhe Shen,,openalex
A5000426391,https://openalex.org/A5000426391,Robert Sweet,https://orcid.org/0000-0002-2275-6795,openalex
A5054633336,https://openalex.org/A5054633336,J. Feinberg,,openalex
A5052428595,https://openalex.org/A5052428595,Gerald Penn,https://orcid.org/0000-0003-3553-8305,openalex
A5076532363,https://openalex.org/A5076532363,Frank Van Ham,,openalex
A5009248582,https://openalex.org/A5009248582,Mirco Nanni,https://orcid.org/0000-0003-3534-4332,openalex
A5044898565,https://openalex.org/A5044898565,Dino Pedreschi,https://orcid.org/0000-0003-4801-3225,openalex
A5024505700,https://openalex.org/A5024505700,Fosca Giannotti,https://orcid.org/0000-0003-3099-3835,openalex
A5065873350,https://openalex.org/A5065873350,Manuel M. Oliveira,https://orcid.org/0000-0003-4957-9984,openalex
A5000885442,https://openalex.org/A5000885442,Leandro A. F. Fernandes,https://orcid.org/0000-0001-8491-793X,openalex
A5024270237,https://openalex.org/A5024270237,T.d. Wang,,openalex
A5111820297,https://openalex.org/A5111820297,D. Roseman,,openalex
A5050391966,https://openalex.org/A5050391966,G. Marchand,,openalex
A5002534636,https://openalex.org/A5002534636,V. Mukherjee,https://orcid.org/0000-0002-9275-8761,openalex
A5014886957,https://openalex.org/A5014886957,M. F. Smith,https://orcid.org/0000-0002-9890-0888,openalex
A5071545016,https://openalex.org/A5071545016,Benjamin Tissoires,,openalex
A5081738752,https://openalex.org/A5081738752,Stéphane Conversy,https://orcid.org/0000-0002-5145-6476,openalex
A5109232728,https://openalex.org/A5109232728,Jörn Schneidewind,,openalex
A5063468572,https://openalex.org/A5063468572,Yong Wan,https://orcid.org/0000-0002-2519-0758,openalex
A5075262449,https://openalex.org/A5075262449,Hideo Otsuna,https://orcid.org/0000-0002-2107-8881,openalex
A5013054287,https://openalex.org/A5013054287,Chi Bin Chien,,openalex
A5005908452,https://openalex.org/A5005908452,Song Zhang,https://orcid.org/0000-0001-8452-4837,openalex
A5063619308,https://openalex.org/A5063619308,Gargi Bhattacharya,https://orcid.org/0000-0002-6387-5133,openalex
A5006958527,https://openalex.org/A5006958527,Henk Bekker,,openalex
A5050854022,https://openalex.org/A5050854022,Matthew Tobiasz,,openalex
A5027744612,https://openalex.org/A5027744612,Insoo Woo,,openalex
A5083684003,https://openalex.org/A5083684003,Krystle Quinn,https://orcid.org/0009-0000-3825-0513,openalex
A5110121255,https://openalex.org/A5110121255,George Robertson,,openalex
A5106085270,https://openalex.org/A5106085270,Ben Shneiderman,,openalex
A5110470142,https://openalex.org/A5110470142,Ely S. Simon,https://orcid.org/0009-0008-6562-5956,openalex
A5024706967,https://openalex.org/A5024706967,Christian Rohrdantz,,openalex
A5001647607,https://openalex.org/A5001647607,Katrin Bidmon,,openalex
A5027360874,https://openalex.org/A5027360874,Çağatay Demiralp,https://orcid.org/0009-0003-2080-0443,openalex
A5109447623,https://openalex.org/A5109447623,Carlos Correa,,openalex
A5101997668,https://openalex.org/A5101997668,Ming Hao,https://orcid.org/0000-0001-7618-1934,openalex
A5045738980,https://openalex.org/A5045738980,Umeshwar Dayal,,openalex
A5079006352,https://openalex.org/A5079006352,Lars Erik Haug,,openalex
A5002685368,https://openalex.org/A5002685368,Raúl San Jośe Estépar,https://orcid.org/0000-0002-3677-1996,openalex
A5066553010,https://openalex.org/A5066553010,Stephen M. Smith,https://orcid.org/0000-0001-8166-069X,openalex
A5110183530,https://openalex.org/A5110183530,C. F. Westin,,openalex
A5007892541,https://openalex.org/A5007892541,Mikhail Smelyanskiy,https://orcid.org/0000-0002-2433-6110,openalex
A5045671998,https://openalex.org/A5045671998,David W. Holmes,https://orcid.org/0000-0002-2970-9158,openalex
A5059686266,https://openalex.org/A5059686266,Jatin Chhugani,,openalex
A5039898691,https://openalex.org/A5039898691,Alan G Larson,,openalex
A5086562058,https://openalex.org/A5086562058,Doug Carmean,https://orcid.org/0009-0001-8189-3917,openalex
A5048335856,https://openalex.org/A5048335856,Dennis P. Hanson,https://orcid.org/0000-0002-6495-5477,openalex
A5102908621,https://openalex.org/A5102908621,P.k. Dubey,https://orcid.org/0000-0002-1344-5522,openalex
A5073981209,https://openalex.org/A5073981209,Kurt E. Augustine,,openalex
A5068726823,https://openalex.org/A5068726823,Dohyung Kim,https://orcid.org/0009-0002-8415-851X,openalex
A5070235827,https://openalex.org/A5070235827,A. Kyker,,openalex
A5028020405,https://openalex.org/A5028020405,V.w. Lee,,openalex
A5047809126,https://openalex.org/A5047809126,Anthony D. Nguyen,,openalex
A5040191411,https://openalex.org/A5040191411,Larry Seiler,https://orcid.org/0000-0002-1642-1016,openalex
A5110532835,https://openalex.org/A5110532835,R. A. Robb,,openalex
A5064020522,https://openalex.org/A5064020522,Carsten Görg,https://orcid.org/0000-0001-5088-4201,openalex
A5052802019,https://openalex.org/A5052802019,Edward Clarkson,,openalex
A5064073065,https://openalex.org/A5064073065,Kena Desai,,openalex
A5077494833,https://openalex.org/A5077494833,James D. Foley,https://orcid.org/0000-0002-9372-8329,openalex
A5028264773,https://openalex.org/A5028264773,Shaun D. Jackman,https://orcid.org/0000-0002-9275-5966,openalex
A5017539699,https://openalex.org/A5017539699,İnanç Birol,https://orcid.org/0000-0003-0950-7839,openalex
A5100728059,https://openalex.org/A5100728059,Steven J.m. Jones,https://orcid.org/0000-0003-3394-2208,openalex
A5054001020,https://openalex.org/A5054001020,Joachim Georgii,https://orcid.org/0009-0000-3874-461X,openalex
A5016227452,https://openalex.org/A5016227452,Michael Ogawa,,openalex
A5060766689,https://openalex.org/A5060766689,Alberto L. Vazquez,https://orcid.org/0000-0002-5105-9825,openalex
A5047165067,https://openalex.org/A5047165067,Jianlong Zhou,https://orcid.org/0000-0001-6034-644X,openalex
A5021529553,https://openalex.org/A5021529553,Masahiro Takatsuka,https://orcid.org/0000-0002-1769-9642,openalex
A5070656779,https://openalex.org/A5070656779,M. Ewert,,openalex
A5100615975,https://openalex.org/A5100615975,Yanhua Chen,https://orcid.org/0000-0002-4950-2090,openalex
A5100318892,https://openalex.org/A5100318892,Lijun Wang,https://orcid.org/0000-0003-2538-8358,openalex
A5101897241,https://openalex.org/A5101897241,Ming Dong,https://orcid.org/0000-0001-8133-7809,openalex
A5069800147,https://openalex.org/A5069800147,Jiřı́ Hladůvka,https://orcid.org/0000-0002-5947-8813,openalex
A5022034999,https://openalex.org/A5022034999,Jai Y. Yu,https://orcid.org/0000-0003-0628-2531,openalex
A5039360877,https://openalex.org/A5039360877,Barry J. Dickson,https://orcid.org/0000-0003-0715-892X,openalex
A5078112255,https://openalex.org/A5078112255,Nazanin Kadivar,,openalex
A5078297482,https://openalex.org/A5078297482,Victor Chen,https://orcid.org/0000-0002-5247-3139,openalex
A5080181424,https://openalex.org/A5080181424,Dustin Dunsmuir,https://orcid.org/0000-0001-9717-3685,openalex
A5087425453,https://openalex.org/A5087425453,Eric Lee,,openalex
A5109996927,https://openalex.org/A5109996927,John C. Dill,,openalex
A5040961656,https://openalex.org/A5040961656,Chris Shaw,https://orcid.org/0000-0002-6940-7971,openalex
A5042215239,https://openalex.org/A5042215239,Robert Woodbury,https://orcid.org/0000-0002-4543-6647,openalex
A5069276789,https://openalex.org/A5069276789,Harinarayan Krishnan,https://orcid.org/0000-0001-8018-0547,openalex
A5055273892,https://openalex.org/A5055273892,K. Joy,https://orcid.org/0009-0005-5831-703X,openalex
A5069909357,https://openalex.org/A5069909357,Sabrina Bresciani,https://orcid.org/0000-0003-1815-9071,openalex
A5037020023,https://openalex.org/A5037020023,Martin J. Eppler,https://orcid.org/0000-0001-8788-1629,openalex
A5053417612,https://openalex.org/A5053417612,Behzad Sajadi,,openalex
A5076733321,https://openalex.org/A5076733321,Florian Mansmann,,openalex
A5100344515,https://openalex.org/A5100344515,Wei Chen,https://orcid.org/0000-0002-9608-1444,openalex
A5015703834,https://openalex.org/A5015703834,Zi’ang Ding,,openalex
A5102742264,https://openalex.org/A5102742264,Zhang Song,https://orcid.org/0000-0001-5160-8321,openalex
A5034265732,https://openalex.org/A5034265732,A. Mackay Brandt,,openalex
A5063841582,https://openalex.org/A5063841582,Stephen Correia,https://orcid.org/0000-0003-3416-3660,openalex
A5027219758,https://openalex.org/A5027219758,J. Allen Crow,https://orcid.org/0000-0002-2365-7852,openalex
A5041813529,https://openalex.org/A5041813529,David F. Tate,https://orcid.org/0000-0003-0213-1920,openalex
A5002869474,https://openalex.org/A5002869474,Zhicheng Yan,https://orcid.org/0000-0002-6290-9848,openalex
A5108580059,https://openalex.org/A5108580059,Qunsheng Peng,,openalex
A5024698239,https://openalex.org/A5024698239,Ming Yuen Chan,,openalex
A5087453656,https://openalex.org/A5087453656,Wai Ho Mak,https://orcid.org/0009-0002-6363-2817,openalex
A5058010834,https://openalex.org/A5058010834,Colin Swindells,,openalex
A5024280655,https://openalex.org/A5024280655,Rebecca Dreezer,,openalex
A5009031900,https://openalex.org/A5009031900,Andrew Forsberg,,openalex
A5100756751,https://openalex.org/A5100756751,Jian Chen,https://orcid.org/0000-0003-0799-2455,openalex
A5013779026,https://openalex.org/A5013779026,Stephen Rudolph,,openalex
A5001421168,https://openalex.org/A5001421168,Anya Savikhin,,openalex
A5067273223,https://openalex.org/A5067273223,Uwe Mikolajewicz,,openalex
A5077645218,https://openalex.org/A5077645218,Ralph Brecheisen,https://orcid.org/0000-0001-9937-2602,openalex
A5023541811,https://openalex.org/A5023541811,Bram Platel,https://orcid.org/0000-0002-1936-6825,openalex
A5000816378,https://openalex.org/A5000816378,G. Cipriano,,openalex
A5070293533,https://openalex.org/A5070293533,G.n. Phillips,https://orcid.org/0000-0002-4171-4603,openalex
A5020944482,https://openalex.org/A5020944482,Borislav Klarin,,openalex
A5086520196,https://openalex.org/A5086520196,Johnson Chuang,,openalex
A5110192503,https://openalex.org/A5110192503,Shawn Bohn,,openalex
A5059913680,https://openalex.org/A5059913680,Younis Hijazi,,openalex
A5109659800,https://openalex.org/A5109659800,M. Schott,,openalex
A5075684986,https://openalex.org/A5075684986,C. Hansen,https://orcid.org/0000-0002-8012-2483,openalex
A5019932595,https://openalex.org/A5019932595,Emanuele Santos,https://orcid.org/0000-0002-2806-4589,openalex
A5047154919,https://openalex.org/A5047154919,Haomian Wang,,openalex
A5006270864,https://openalex.org/A5006270864,Thomas Hildebrandt,https://orcid.org/0000-0003-1412-8104,openalex
A5025524753,https://openalex.org/A5025524753,C.j. Botha,https://orcid.org/0000-0003-1535-9270,openalex
A5109232507,https://openalex.org/A5109232507,E. Grundy,,openalex
A5082751676,https://openalex.org/A5082751676,Ove Daae Lampe,,openalex
A5087287236,https://openalex.org/A5087287236,Tanya Clement,,openalex
A5103851787,https://openalex.org/A5103851787,Amit Kumar,,openalex
A5016480053,https://openalex.org/A5016480053,Issei Fujishiro,https://orcid.org/0000-0002-8898-730X,openalex
A5103124754,https://openalex.org/A5103124754,Masato Okada,https://orcid.org/0000-0002-9040-8784,openalex
A5019355403,https://openalex.org/A5019355403,Melanie Görner,,openalex
A5050639579,https://openalex.org/A5050639579,J. Edward Swan,https://orcid.org/0000-0002-5290-1228,openalex
A5032025029,https://openalex.org/A5032025029,T. J. Jankun Kelly,,openalex
A5008316351,https://openalex.org/A5008316351,Patrick J. Fitzpatrick,https://orcid.org/0000-0002-2729-3267,openalex
A5100409994,https://openalex.org/A5100409994,Jian Zhang,https://orcid.org/0000-0002-7240-3541,openalex
A5018100309,https://openalex.org/A5018100309,Chaomei Chen,https://orcid.org/0000-0001-8584-1041,openalex
A5103200303,https://openalex.org/A5103200303,Jiexun Li,https://orcid.org/0000-0002-1526-280X,openalex
A5018104127,https://openalex.org/A5018104127,Zhaoqiang Lai,,openalex
A5112047383,https://openalex.org/A5112047383,Ming Dong,https://orcid.org/0000-0003-4197-7267,openalex
A5053686599,https://openalex.org/A5053686599,Sven Hermann,https://orcid.org/0000-0001-9680-5556,openalex
A5111965365,https://openalex.org/A5111965365,R. Reich,,openalex
A5028012490,https://openalex.org/A5028012490,Michael Schäfers,https://orcid.org/0000-0002-4008-2755,openalex
A5015247862,https://openalex.org/A5015247862,Yedendra Shrinivasan,,openalex
A5014012890,https://openalex.org/A5014012890,Tiago Etiene,,openalex
A5103479651,https://openalex.org/A5103479651,D M Hughes,,openalex
A5007427468,https://openalex.org/A5007427468,Ik Soo Lim,https://orcid.org/0000-0002-9499-8515,openalex
A5001041797,https://openalex.org/A5001041797,Alan Chu,https://orcid.org/0000-0002-4581-7319,openalex
A5030703335,https://openalex.org/A5030703335,Andrew J. Hanson,https://orcid.org/0000-0001-6527-6559,openalex
A5032708386,https://openalex.org/A5032708386,Pheng‐ann Heng,https://orcid.org/0000-0003-3055-5034,openalex
A5062159291,https://openalex.org/A5062159291,Mark Giereth,,openalex
A5103711055,https://openalex.org/A5103711055,Matt Mckeon,,openalex
A5108554343,https://openalex.org/A5108554343,Stuart Rose,,openalex
A5038304753,https://openalex.org/A5038304753,Scott Butner,,openalex
A5007208627,https://openalex.org/A5007208627,Wendy Cowley,,openalex
A5063799775,https://openalex.org/A5063799775,Michelle Gregory,https://orcid.org/0000-0002-1748-3315,openalex
A5039303056,https://openalex.org/A5039303056,Julia K. L. Walker,,openalex
A5007319413,https://openalex.org/A5007319413,Michel Crampes,,openalex
A5084017761,https://openalex.org/A5084017761,Jeremy De Oliveira Kumar,,openalex
A5072128914,https://openalex.org/A5072128914,Sylvie Ranwez,https://orcid.org/0000-0002-8707-0313,openalex
A5020875060,https://openalex.org/A5020875060,Jean Villerd,https://orcid.org/0000-0001-7156-7512,openalex
A5059555128,https://openalex.org/A5059555128,François Gygi,https://orcid.org/0000-0002-2287-6017,openalex
A5055055699,https://openalex.org/A5055055699,Timothy Sullivan,https://orcid.org/0000-0002-1093-0602,openalex
A5103642464,https://openalex.org/A5103642464,John F. Hughes,,openalex
A5025200450,https://openalex.org/A5025200450,Guillaume Colin De Verdière,,openalex
A5058715670,https://openalex.org/A5058715670,Jin Chen,https://orcid.org/0000-0002-9913-1400,openalex
A5038844202,https://openalex.org/A5038844202,Donna J. Peuquet,,openalex
A5108453065,https://openalex.org/A5108453065,L. Fritz,,openalex
A5071520445,https://openalex.org/A5071520445,M. Hadwiger,,openalex
A5012139872,https://openalex.org/A5012139872,G. Geier,,openalex
A5073040942,https://openalex.org/A5073040942,Gerhard Pittino,,openalex
A5091018063,https://openalex.org/A5091018063,Patricia J. Crossno,,openalex
A5048468459,https://openalex.org/A5048468459,Daniel Dunlavy,https://orcid.org/0009-0003-2299-4798,openalex
A5063003315,https://openalex.org/A5063003315,Timothy M. Shead,https://orcid.org/0009-0009-5789-9524,openalex
A5011153238,https://openalex.org/A5011153238,Janko Dietzsch,,openalex
A5102872139,https://openalex.org/A5102872139,Julian Heinrich,https://orcid.org/0000-0002-5353-3914,openalex
A5061586847,https://openalex.org/A5061586847,Kay Nieselt,https://orcid.org/0000-0002-1283-7065,openalex
A5040707952,https://openalex.org/A5040707952,Susan M. Knoblach,https://orcid.org/0000-0001-9730-2264,openalex
A5086088688,https://openalex.org/A5086088688,Eric P. Hoffman,https://orcid.org/0000-0001-6470-5139,openalex
A5018924195,https://openalex.org/A5018924195,Leila De Floriani,https://orcid.org/0000-0002-1361-2888,openalex
A5100390479,https://openalex.org/A5100390479,Cong Wang,https://orcid.org/0000-0002-4106-6108,openalex
A5070100758,https://openalex.org/A5070100758,Yi‐jen Chiang,https://orcid.org/0000-0001-7822-6200,openalex
A5021864808,https://openalex.org/A5021864808,Kurt Dejgaard,https://orcid.org/0000-0002-4327-0057,openalex
A5034806125,https://openalex.org/A5034806125,Mark Whiting,https://orcid.org/0000-0002-4056-6784,openalex
A5059655101,https://openalex.org/A5059655101,Jean Scholtz,,openalex
A5109966143,https://openalex.org/A5109966143,Jereme Haack,,openalex
A5085707483,https://openalex.org/A5085707483,Carrie Varley,,openalex
A5110041711,https://openalex.org/A5110041711,Jim Thomas,,openalex
A5076808965,https://openalex.org/A5076808965,Ugo Varetto,,openalex
A5030384394,https://openalex.org/A5030384394,Pak Chung Wong,https://orcid.org/0000-0001-8338-1790,openalex
A5111539577,https://openalex.org/A5111539577,Patrick Mackey,,openalex
A5023762861,https://openalex.org/A5023762861,R.m. Rohrer,,openalex
A5113478834,https://openalex.org/A5113478834,H.p. Foote,,openalex
A5100344294,https://openalex.org/A5100344294,Wei Chen,https://orcid.org/0000-0001-5090-9915,openalex
A5109166599,https://openalex.org/A5109166599,R.m. Mclaughlin,,openalex
A5014750090,https://openalex.org/A5014750090,Katie B. Mullins,,openalex
A5102720655,https://openalex.org/A5102720655,Robert C. Cooper,https://orcid.org/0009-0002-8936-6596,openalex
A5082726401,https://openalex.org/A5082726401,Jun Liao,https://orcid.org/0000-0003-1049-5783,openalex
A5016701444,https://openalex.org/A5016701444,John Biddiscombe,https://orcid.org/0000-0002-6552-2833,openalex
A5053332086,https://openalex.org/A5053332086,Ka Kei Chung,,openalex
A5034057959,https://openalex.org/A5034057959,Shing Chi Cheung,https://orcid.org/0000-0002-3508-7172,openalex
A5112628805,https://openalex.org/A5112628805,D. Banks,,openalex
A5022325828,https://openalex.org/A5022325828,Kevin M. Beason,,openalex
A5040550254,https://openalex.org/A5040550254,Yi Han,https://orcid.org/0000-0002-0389-1369,openalex
A5050932001,https://openalex.org/A5050932001,Erich P. Stuntebeck,,openalex
A5017564609,https://openalex.org/A5017564609,Gregory D. Abowd,https://orcid.org/0000-0002-3408-587X,openalex
A5102801523,https://openalex.org/A5102801523,Michael J. Douma,https://orcid.org/0000-0002-6745-3085,openalex
A5034972336,https://openalex.org/A5034972336,G. Ligierko,,openalex
A5065217532,https://openalex.org/A5065217532,O. Ancuta,,openalex
A5076411627,https://openalex.org/A5076411627,P. Gritsai,,openalex
A5054628250,https://openalex.org/A5054628250,Siyu Liu,https://orcid.org/0009-0002-5400-3592,openalex
A5028035164,https://openalex.org/A5028035164,Sang Cheol Seok,https://orcid.org/0000-0003-3955-9891,openalex
A5007970056,https://openalex.org/A5007970056,Veronica J. Vieland,https://orcid.org/0000-0002-3004-3840,openalex
A5081539340,https://openalex.org/A5081539340,Van Quan Ho,,openalex
A5043346436,https://openalex.org/A5043346436,Tobias Åström,,openalex
A5074720071,https://openalex.org/A5074720071,Mikael Jern,,openalex
A5101940061,https://openalex.org/A5101940061,G. Robertson,https://orcid.org/0000-0002-7026-1383,openalex
A5036987560,https://openalex.org/A5036987560,Roland Fernandez,https://orcid.org/0000-0001-5038-9761,openalex
A5106653022,https://openalex.org/A5106653022,L. Byron,,openalex
A5006225456,https://openalex.org/A5006225456,Christian Stolte,https://orcid.org/0000-0002-8228-4195,openalex
A5100452126,https://openalex.org/A5100452126,Xiaoming Li,https://orcid.org/0000-0002-3059-9793,openalex
A5077344773,https://openalex.org/A5077344773,Sven Bachthaler,,openalex
A5006720439,https://openalex.org/A5006720439,Hongfeng Yu,https://orcid.org/0000-0002-8138-1372,openalex
A5003774245,https://openalex.org/A5003774245,Giovane R. Kuhn,,openalex
A5114155370,https://openalex.org/A5114155370,Holly Schmidt,,openalex
A5110190720,https://openalex.org/A5110190720,H. Lam,,openalex
A5031659894,https://openalex.org/A5031659894,Lujin Wang,,openalex
A5109966989,https://openalex.org/A5109966989,Kevin T. Mcdonnell,,openalex
A5077331168,https://openalex.org/A5077331168,Peter Zolliker,https://orcid.org/0000-0003-0935-0253,openalex
A5073390127,https://openalex.org/A5073390127,Nancy J. Nersessian,https://orcid.org/0000-0001-7164-5234,openalex
A5047344510,https://openalex.org/A5047344510,Aaron Barsky,,openalex
A5078873032,https://openalex.org/A5078873032,Jennifer L. Gardy,https://orcid.org/0000-0001-7255-7631,openalex
A5045306550,https://openalex.org/A5045306550,Bernice E. Rogowitz,https://orcid.org/0000-0002-8660-8652,openalex
A5109832145,https://openalex.org/A5109832145,David Koop,,openalex
A5108600965,https://openalex.org/A5108600965,Steven P. Callahan,,openalex
A5022491430,https://openalex.org/A5022491430,C.t. Silva,,openalex
A5089933160,https://openalex.org/A5089933160,John Sharko,,openalex
A5021770726,https://openalex.org/A5021770726,Georges Grinstein,https://orcid.org/0000-0003-2388-6601,openalex
A5113740075,https://openalex.org/A5113740075,Kenneth A. Marx,,openalex
A5003702717,https://openalex.org/A5003702717,Tera Marie Green,,openalex
A5081672617,https://openalex.org/A5081672617,Yuntao Jia,,openalex
A5038061388,https://openalex.org/A5038061388,Jared Hoberock,,openalex
A5024606205,https://openalex.org/A5024606205,Michael Garland,https://orcid.org/0000-0001-6093-7602,openalex
A5111373264,https://openalex.org/A5111373264,John C. Hart,https://orcid.org/0000-0002-7102-0055,openalex
A5005095282,https://openalex.org/A5005095282,Anish Chandak,,openalex
A5008017371,https://openalex.org/A5008017371,Christian Lauterbach,,openalex
A5006661899,https://openalex.org/A5006661899,Micah Taylor,,openalex
A5014894873,https://openalex.org/A5014894873,Zhile Ren,https://orcid.org/0000-0002-0302-795X,openalex
A5004194238,https://openalex.org/A5004194238,Dinesh Manocha,https://orcid.org/0000-0001-7047-9801,openalex
A5056806073,https://openalex.org/A5056806073,Dominic Schneider,,openalex
A5102737743,https://openalex.org/A5102737743,Mario Hlawitschka,https://orcid.org/0000-0003-2364-0986,openalex
A5034961352,https://openalex.org/A5034961352,Wolfram Von Funck,,openalex
A5070427400,https://openalex.org/A5070427400,Tom Bobach,,openalex
A5032952309,https://openalex.org/A5032952309,Hilko Cords,https://orcid.org/0000-0002-4498-3403,openalex
A5014935641,https://openalex.org/A5014935641,Laura Fernández Robles,https://orcid.org/0000-0001-6573-8477,openalex
A5088051797,https://openalex.org/A5088051797,Christof Rezk‐salama,https://orcid.org/0009-0004-7819-7250,openalex
A5088929822,https://openalex.org/A5088929822,Thomas Pabel,,openalex
A5107542425,https://openalex.org/A5107542425,N. Henr,,openalex
A5109343398,https://openalex.org/A5109343398,Falk Schreiber,,openalex
A5064839018,https://openalex.org/A5064839018,Peter J. Stuckey,https://orcid.org/0000-0003-2186-0459,openalex
A5037890696,https://openalex.org/A5037890696,Mark Woodward,https://orcid.org/0000-0001-9800-5296,openalex
A5016367054,https://openalex.org/A5016367054,C. Ledergerber,,openalex
A5002413127,https://openalex.org/A5002413127,Florian Ladstädter,https://orcid.org/0000-0001-8369-0868,openalex
A5113922818,https://openalex.org/A5113922818,Philipp Muigg,,openalex
A5004779356,https://openalex.org/A5004779356,Andrea K. Steiner,https://orcid.org/0000-0003-1201-3303,openalex
A5046845415,https://openalex.org/A5046845415,Peggy Aldrich Kidwell,https://orcid.org/0000-0002-1115-4182,openalex
A5022006934,https://openalex.org/A5022006934,Guy Lebanon,,openalex
A5085384388,https://openalex.org/A5085384388,William S. Cleveland,https://orcid.org/0000-0002-9688-6728,openalex
A5103598016,https://openalex.org/A5103598016,John Michael Schreiner,,openalex
A5024547678,https://openalex.org/A5024547678,B. R. Duffy,https://orcid.org/0000-0003-2687-7938,openalex
A5028792406,https://openalex.org/A5028792406,Tatiana Tekušová,,openalex
A5059858286,https://openalex.org/A5059858286,Christopher Giertsen,,openalex
A5014054165,https://openalex.org/A5014054165,John B. Thurmond,,openalex
A5038470265,https://openalex.org/A5038470265,J. Gjelberg,,openalex
A5087360152,https://openalex.org/A5087360152,Eduard Gr�ller,,openalex
A5109035905,https://openalex.org/A5109035905,Stuart K. Card,,openalex
A5005113581,https://openalex.org/A5005113581,John W. Bodnar,,openalex
A5103541115,https://openalex.org/A5103541115,Arno Kruger,,openalex
A5076567941,https://openalex.org/A5076567941,Christoph Kubisch,https://orcid.org/0009-0001-4379-9364,openalex
A5110028950,https://openalex.org/A5110028950,Gero Strauß,,openalex
A5109763676,https://openalex.org/A5109763676,W. Dou,,openalex
A5062771767,https://openalex.org/A5062771767,Zachary Wartell,https://orcid.org/0000-0002-8808-5250,openalex
A5050657606,https://openalex.org/A5050657606,Tong‐yee Lee,https://orcid.org/0000-0001-6699-2944,openalex
A5018275477,https://openalex.org/A5018275477,Chiew‐lan Tai,https://orcid.org/0000-0002-1486-1974,openalex
A5009763506,https://openalex.org/A5009763506,Markus Glatter,,openalex
A5110760354,https://openalex.org/A5110760354,Sean Ahern,,openalex
A5108541705,https://openalex.org/A5108541705,Jamison Daniel,,openalex
A5015271163,https://openalex.org/A5015271163,Aidong Lu,https://orcid.org/0000-0002-7684-4512,openalex
A5108523119,https://openalex.org/A5108523119,Ming Dong,,openalex
A5091408797,https://openalex.org/A5091408797,Hong Qin,https://orcid.org/0000-0001-7699-1355,openalex
A5028646122,https://openalex.org/A5028646122,Bryan Chan,,openalex
A5067567951,https://openalex.org/A5067567951,Leslie Wu,,openalex
A5000602540,https://openalex.org/A5000602540,Mike Cammarano,,openalex
A5082781108,https://openalex.org/A5082781108,Bernd Hentschel,https://orcid.org/0000-0002-2642-9134,openalex
A5090908824,https://openalex.org/A5090908824,I. Tedjo,,openalex
A5068887375,https://openalex.org/A5068887375,M. Probst,https://orcid.org/0009-0006-4616-9436,openalex
A5058565457,https://openalex.org/A5058565457,Marc Wolter,,openalex
A5066854463,https://openalex.org/A5066854463,Marek Behr,https://orcid.org/0000-0003-4257-8276,openalex
A5020597086,https://openalex.org/A5020597086,Christian Bischof,https://orcid.org/0000-0003-2711-3032,openalex
A5084069506,https://openalex.org/A5084069506,Torsten Kuhlen,https://orcid.org/0000-0003-2144-4367,openalex
A5088700947,https://openalex.org/A5088700947,Tran Van Long,https://orcid.org/0000-0002-0481-8876,openalex
A5086403404,https://openalex.org/A5086403404,Paul Rosenthal,https://orcid.org/0000-0001-9409-8931,openalex
A5036775360,https://openalex.org/A5036775360,Stephan Rosswog,https://orcid.org/0000-0002-3833-8520,openalex
A5067212091,https://openalex.org/A5067212091,Alark Joshi,https://orcid.org/0000-0002-3180-8075,openalex
A5073946580,https://openalex.org/A5073946580,Xiaoning Qian,https://orcid.org/0000-0002-4347-2476,openalex
A5109074176,https://openalex.org/A5109074176,Donald P. Dione,,openalex
A5112862528,https://openalex.org/A5112862528,Ketan R. Bulsara,,openalex
A5033491632,https://openalex.org/A5033491632,Christopher K. Breuer,https://orcid.org/0000-0003-0987-3898,openalex
A5041557267,https://openalex.org/A5041557267,Albert J. Sinusas,https://orcid.org/0000-0003-0972-9589,openalex
A5026211955,https://openalex.org/A5026211955,Xenophon Papademetris,https://orcid.org/0000-0001-7711-3335,openalex
A5024793839,https://openalex.org/A5024793839,Jens Krüger,https://orcid.org/0000-0002-2636-3163,openalex
A5112224258,https://openalex.org/A5112224258,Aaron Hoff,,openalex
A5007901564,https://openalex.org/A5007901564,Matthew Hurst,,openalex
A5111569276,https://openalex.org/A5111569276,Gaël Guennebaud,,openalex
A5005916572,https://openalex.org/A5005916572,Moritz Bächer,https://orcid.org/0000-0002-1952-1266,openalex
A5100386958,https://openalex.org/A5100386958,Minho Kim,https://orcid.org/0000-0002-3750-0776,openalex
A5027686327,https://openalex.org/A5027686327,Jörg Peters,https://orcid.org/0000-0002-2499-1529,openalex
A5002531689,https://openalex.org/A5002531689,Julia Eunju Nam,,openalex
A5044438375,https://openalex.org/A5044438375,Mario Romero,https://orcid.org/0000-0003-4616-189X,openalex
A5031873697,https://openalex.org/A5031873697,Jay Summet,,openalex
A5032271246,https://openalex.org/A5032271246,Dustin Scheinost,https://orcid.org/0000-0002-6301-1167,openalex
A5089729939,https://openalex.org/A5089729939,Kenneth P. Vives,,openalex
A5103151594,https://openalex.org/A5103151594,Dennis D. Spencer,https://orcid.org/0000-0002-1716-9887,openalex
A5078494006,https://openalex.org/A5078494006,Lawrence H. Staib,https://orcid.org/0000-0002-9516-5136,openalex
A5102027050,https://openalex.org/A5102027050,John C. Anderson,https://orcid.org/0009-0000-5341-8919,openalex
A5080591014,https://openalex.org/A5080591014,Ken Joy,,openalex
A5110115424,https://openalex.org/A5110115424,Sye Min Chan,,openalex
A5011629374,https://openalex.org/A5011629374,Xiao Ling,https://orcid.org/0000-0001-5890-0691,openalex
A5021021454,https://openalex.org/A5021021454,Ying Tu,https://orcid.org/0000-0002-2240-5389,openalex
A5044922438,https://openalex.org/A5044922438,Bharat K. Soni,https://orcid.org/0000-0002-8253-6663,openalex
A5035785066,https://openalex.org/A5035785066,D. S. Thompson,https://orcid.org/0000-0003-0773-3023,openalex
A5002832419,https://openalex.org/A5002832419,Raghu Machiraju,https://orcid.org/0000-0002-8101-8119,openalex
A5111410481,https://openalex.org/A5111410481,C. Weigle,,openalex
A5005687069,https://openalex.org/A5005687069,Geoffrey M. Draper,,openalex
A5042411471,https://openalex.org/A5042411471,Richard F. Riesenfeld,https://orcid.org/0000-0003-2433-2619,openalex
A5027999909,https://openalex.org/A5027999909,Jennis Meyer‐spradow,,openalex
A5000854921,https://openalex.org/A5000854921,Lars Stegger,https://orcid.org/0000-0002-8333-6030,openalex
A5108140284,https://openalex.org/A5108140284,Christian Döring,,openalex
A5019075225,https://openalex.org/A5019075225,Maurice Termeer,,openalex
A5113723673,https://openalex.org/A5113723673,Frans Gerritsen,,openalex
A5078720904,https://openalex.org/A5078720904,Eike Nagel,https://orcid.org/0000-0002-6044-950X,openalex
A5100437457,https://openalex.org/A5100437457,Tianyi Zhang,https://orcid.org/0000-0002-8998-3837,openalex
A5107941027,https://openalex.org/A5107941027,Yujie Liu,https://orcid.org/0000-0003-4559-460X,openalex
A5073630563,https://openalex.org/A5073630563,Donald J. Jacobs,https://orcid.org/0000-0001-7711-1639,openalex
A5013179348,https://openalex.org/A5013179348,C. Aragon,https://orcid.org/0000-0002-9502-0965,openalex
A5111533246,https://openalex.org/A5111533246,Sarah Poon,,openalex
A5007432004,https://openalex.org/A5007432004,G. Aldering,,openalex
A5103878806,https://openalex.org/A5103878806,Rollin Thomas,,openalex
A5056247138,https://openalex.org/A5056247138,R. Quimby,https://orcid.org/0000-0001-9171-5236,openalex
A5035201965,https://openalex.org/A5035201965,David Mayerich,https://orcid.org/0000-0002-3949-6133,openalex
A5062000568,https://openalex.org/A5062000568,Louise C. Abbott,https://orcid.org/0000-0002-1523-1130,openalex
A5035096541,https://openalex.org/A5035096541,John Keyser,https://orcid.org/0000-0002-4829-9975,openalex
A5101448737,https://openalex.org/A5101448737,Yi Wang,https://orcid.org/0000-0001-9312-4915,openalex
A5070551319,https://openalex.org/A5070551319,David M. Krum,https://orcid.org/0000-0003-1051-5385,openalex
A5064493803,https://openalex.org/A5064493803,E. Coalho,,openalex
A5017460095,https://openalex.org/A5017460095,Tonya L. Smith‐jackson,,openalex
A5025645412,https://openalex.org/A5025645412,Don Bailey,,openalex
A5008965688,https://openalex.org/A5008965688,Sarah M. Peck,,openalex
A5113787580,https://openalex.org/A5113787580,S. Anand,,openalex
A5103112555,https://openalex.org/A5103112555,Thomas J. Kennedy,https://orcid.org/0000-0003-2622-9850,openalex
A5037361121,https://openalex.org/A5037361121,Y. Abdrazakov,,openalex
A5004210323,https://openalex.org/A5004210323,Ryan Hafen,https://orcid.org/0000-0002-5516-8367,openalex
A5024808709,https://openalex.org/A5024808709,Ahmad Abusalah,,openalex
A5103524335,https://openalex.org/A5103524335,Mohamed Yakout,,openalex
A5026923999,https://openalex.org/A5026923999,Mourad Ouzzani,https://orcid.org/0000-0002-4035-3025,openalex
A5053301712,https://openalex.org/A5053301712,Shaun J. Grannis,https://orcid.org/0000-0002-8093-6639,openalex
A5008575290,https://openalex.org/A5008575290,Michael Wade,https://orcid.org/0000-0002-0829-7422,openalex
A5100325337,https://openalex.org/A5100325337,Hongwei Li,https://orcid.org/0000-0002-5328-6407,openalex
A5066910344,https://openalex.org/A5066910344,Mark Last,https://orcid.org/0000-0003-0748-7918,openalex
A5110539266,https://openalex.org/A5110539266,Guy Danon,,openalex
A5068233377,https://openalex.org/A5068233377,Patrick Degener,,openalex
A5014239595,https://openalex.org/A5014239595,Ruwen Schnabel,,openalex
A5111379899,https://openalex.org/A5111379899,C. Schwartz,,openalex
A5080263515,https://openalex.org/A5080263515,Frank Grave,,openalex
A5057447590,https://openalex.org/A5057447590,M. Buser,,openalex
A5024876563,https://openalex.org/A5024876563,Victor M. Calo,https://orcid.org/0000-0002-1805-4045,openalex
A5012244017,https://openalex.org/A5012244017,Ryan Eccles,,openalex
A5103205115,https://openalex.org/A5103205115,Robert A. Harper,https://orcid.org/0000-0001-5437-2553,openalex
A5055472986,https://openalex.org/A5055472986,William Wright,https://orcid.org/0000-0002-5685-3999,openalex
A5079291115,https://openalex.org/A5079291115,William Pike,,openalex
A5030043185,https://openalex.org/A5030043185,Bob Baddeley,,openalex
A5054038232,https://openalex.org/A5054038232,Daniel M. Best,,openalex
A5042348675,https://openalex.org/A5042348675,Richard May,https://orcid.org/0000-0001-7186-404X,openalex
A5056651101,https://openalex.org/A5056651101,Douglas M. Rice,,openalex
A5109011007,https://openalex.org/A5109011007,Rick Riensche,,openalex
A5090440421,https://openalex.org/A5090440421,Katarina Younkin,,openalex
A5011903650,https://openalex.org/A5011903650,Mario Valle,https://orcid.org/0000-0002-6644-1533,openalex
A5027557042,https://openalex.org/A5027557042,Artem R. Oganov,https://orcid.org/0000-0001-7082-9728,openalex
A5038282791,https://openalex.org/A5038282791,E. Zhang,,openalex
A5014451969,https://openalex.org/A5014451969,Jiřı́ Bittner,https://orcid.org/0000-0002-5818-934X,openalex
A5001022750,https://openalex.org/A5001022750,Chandan K. Reddy,https://orcid.org/0000-0003-2839-3662,openalex
A5110111555,https://openalex.org/A5110111555,Snehal Pokharkar,,openalex
A5101435406,https://openalex.org/A5101435406,Tin Kam Ho,https://orcid.org/0000-0001-9635-1769,openalex
A5101723114,https://openalex.org/A5101723114,Chen Yu,https://orcid.org/0000-0002-4310-1923,openalex
A5101724217,https://openalex.org/A5101724217,Thomas G. Smith,https://orcid.org/0000-0003-1164-7259,openalex
A5077578999,https://openalex.org/A5077578999,Ikhyun Park,,openalex
A5083587340,https://openalex.org/A5083587340,Weixia Huang,,openalex
A5114256927,https://openalex.org/A5114256927,Julie A. Jacko,,openalex
A5076584054,https://openalex.org/A5076584054,Jesse Kriss,,openalex
A5110827633,https://openalex.org/A5110827633,Nathalie Henry,,openalex
A5103333640,https://openalex.org/A5103333640,Chris Stolte,,openalex
A5106236427,https://openalex.org/A5106236427,G. Ellis,,openalex
A5026971062,https://openalex.org/A5026971062,Alan Dix,https://orcid.org/0000-0002-5242-7693,openalex
A5043332743,https://openalex.org/A5043332743,Zachary Pousman,,openalex
A5040631193,https://openalex.org/A5040631193,Michael Mateas,https://orcid.org/0000-0002-1897-6293,openalex
A5108823863,https://openalex.org/A5108823863,Florian Gerhardt,,openalex
A5037329012,https://openalex.org/A5037329012,Keith Clarke,https://orcid.org/0000-0001-5805-6056,openalex
A5113673423,https://openalex.org/A5113673423,Huamin Qu,,openalex
A5108515145,https://openalex.org/A5108515145,Wing Yi Chan,,openalex
A5108095510,https://openalex.org/A5108095510,Wing Yi Chan,,openalex
A5038620625,https://openalex.org/A5038620625,Kai Lun Chung,,openalex
A5056499019,https://openalex.org/A5056499019,Alexis K.h. Lau,https://orcid.org/0000-0003-3802-828X,openalex
A5020083340,https://openalex.org/A5020083340,Ping Guo,https://orcid.org/0000-0002-7122-1084,openalex
A5113532305,https://openalex.org/A5113532305,Evan A. Suma,,openalex
A5085716366,https://openalex.org/A5085716366,Daniel Kern,,openalex
A5001331464,https://openalex.org/A5001331464,Agus Sudjianto,https://orcid.org/0000-0003-0846-9746,openalex
A5051696341,https://openalex.org/A5051696341,Kanupriya Singhal,,openalex
A5109345368,https://openalex.org/A5109345368,Mark A. Duchaineau,,openalex
A5039289245,https://openalex.org/A5039289245,Eduardo M. Bringa,https://orcid.org/0000-0002-1403-1954,openalex
A5041875872,https://openalex.org/A5041875872,Andrew Higginbotham,https://orcid.org/0000-0003-2607-2363,openalex
A5039489003,https://openalex.org/A5039489003,Stefan Wolfsberger,,openalex
A5080555595,https://openalex.org/A5080555595,Y. Frishman,,openalex
A5109259472,https://openalex.org/A5109259472,Ayellet Tal,https://orcid.org/0000-0002-4967-7309,openalex
A5100400896,https://openalex.org/A5100400896,Yuan Chen,https://orcid.org/0000-0002-2278-6716,openalex
A5102002124,https://openalex.org/A5102002124,Jonathan Cohen,https://orcid.org/0000-0001-9686-0045,openalex
A5002407766,https://openalex.org/A5002407766,Julian H. Krolik,https://orcid.org/0000-0002-2995-7717,openalex
A5041351483,https://openalex.org/A5041351483,Alfred R. Fuller,,openalex
A5044266730,https://openalex.org/A5044266730,Robert J. Zawadzki,https://orcid.org/0000-0002-9574-156X,openalex
A5103060523,https://openalex.org/A5103060523,S. S. Choi,https://orcid.org/0000-0003-1644-3407,openalex
A5028906205,https://openalex.org/A5028906205,David F. Wiley,https://orcid.org/0000-0002-4769-7445,openalex
A5044557847,https://openalex.org/A5044557847,John S. Werner,https://orcid.org/0000-0001-9622-7493,openalex
A5075208956,https://openalex.org/A5075208956,Jan Sahner,,openalex
A5110532339,https://openalex.org/A5110532339,Michael Schlemmer,,openalex
A5098292069,https://openalex.org/A5098292069,Manuel Heringer,,openalex
A5012785854,https://openalex.org/A5012785854,Florian Morr,,openalex
A5032113086,https://openalex.org/A5032113086,Martin Hering‐bertram,,openalex
A5000006583,https://openalex.org/A5000006583,Wolfgang Kollmann,https://orcid.org/0000-0002-5954-6695,openalex
A5067811410,https://openalex.org/A5067811410,Haleh Hagh Shenas,,openalex
A5086764360,https://openalex.org/A5086764360,Victoria Interrante,https://orcid.org/0000-0002-3313-6663,openalex
A5010665785,https://openalex.org/A5010665785,P. Thomas Fletcher,https://orcid.org/0000-0002-3111-2553,openalex
A5101862600,https://openalex.org/A5101862600,Ran Tao,https://orcid.org/0000-0002-3234-6028,openalex
A5028740118,https://openalex.org/A5028740118,David Sprague,,openalex
A5034313249,https://openalex.org/A5034313249,Fuqu Wu,,openalex
A5102150262,https://openalex.org/A5102150262,Wing Yan So,,openalex
A5082892178,https://openalex.org/A5082892178,Chris Brunsdon,https://orcid.org/0000-0003-4254-1780,openalex
A5073325011,https://openalex.org/A5073325011,Eun Ju Nam,,openalex
A5077379829,https://openalex.org/A5077379829,Yiping W. Han,https://orcid.org/0000-0002-8444-499X,openalex
A5047588154,https://openalex.org/A5047588154,Alla Zelenyuk,https://orcid.org/0000-0002-0674-0910,openalex
A5109177988,https://openalex.org/A5109177988,Dan Imre,,openalex
A5101793577,https://openalex.org/A5101793577,Yuri Ivanov,https://orcid.org/0009-0004-3105-4789,openalex
A5109182814,https://openalex.org/A5109182814,Christopher Wren,,openalex
A5108654136,https://openalex.org/A5108654136,Alexander Sorokin,,openalex
A5042136139,https://openalex.org/A5042136139,Ishwinder Kaur,,openalex
A5079133757,https://openalex.org/A5079133757,Brian Rexroad,,openalex
A5020115484,https://openalex.org/A5020115484,Daniel Sheleheda,,openalex
A5027548665,https://openalex.org/A5027548665,Bongwon Suh,https://orcid.org/0000-0001-5610-9265,openalex
A5028125399,https://openalex.org/A5028125399,Ed H.,https://orcid.org/0000-0003-3230-5338,openalex
A5000630402,https://openalex.org/A5000630402,Bryan A. Pendleton,,openalex
A5050656871,https://openalex.org/A5050656871,Aniket Kittur,https://orcid.org/0000-0003-4192-9302,openalex
A5109145756,https://openalex.org/A5109145756,Xuexiang Xie,,openalex
A5100389169,https://openalex.org/A5100389169,Ying He,https://orcid.org/0000-0002-6749-4485,openalex
A5018040823,https://openalex.org/A5018040823,Tian Feng,https://orcid.org/0000-0001-9691-3266,openalex
A5046543877,https://openalex.org/A5046543877,Hock Soon Seah,https://orcid.org/0000-0003-2699-7147,openalex
A5061898871,https://openalex.org/A5061898871,Wes Bethel,,openalex
A5039027489,https://openalex.org/A5039027489,G. Scheuermann,,openalex
A5000266021,https://openalex.org/A5000266021,Ginette Wessel,,openalex
A5061692602,https://openalex.org/A5061692602,Renaud Blanch,https://orcid.org/0000-0001-5506-734X,openalex
A5016528107,https://openalex.org/A5016528107,Daniel M. Russell,https://orcid.org/0000-0002-7243-9317,openalex
A5102185920,https://openalex.org/A5102185920,Diane Tang,,openalex
A5103543715,https://openalex.org/A5103543715,Enylton M. Coelho,,openalex
A5062317598,https://openalex.org/A5062317598,Vid Petrovic,,openalex
A5109129845,https://openalex.org/A5109129845,James Fallon,,openalex
A5049231168,https://openalex.org/A5049231168,Falko Kuester,,openalex
A5101406351,https://openalex.org/A5101406351,Dong Xin,https://orcid.org/0000-0002-1414-9354,openalex
A5029864677,https://openalex.org/A5029864677,Jeff Klingner,,openalex
A5067621853,https://openalex.org/A5067621853,Alon Halevy,https://orcid.org/0000-0002-8717-7356,openalex
A5109201974,https://openalex.org/A5109201974,Sung Ye Kim,,openalex
A5070420968,https://openalex.org/A5070420968,Angela Mellema,,openalex
A5098292583,https://openalex.org/A5098292583,Timothy Collinss,,openalex
A5111905497,https://openalex.org/A5111905497,Debora Silver,,openalex
A5101716674,https://openalex.org/A5101716674,Mi Chen,https://orcid.org/0009-0006-4205-6450,openalex
A5090346230,https://openalex.org/A5090346230,Tim Mcgraw,https://orcid.org/0000-0001-6704-6351,openalex
A5112334498,https://openalex.org/A5112334498,Mariappan S. Nadar,,openalex
A5078173428,https://openalex.org/A5078173428,Sung‐eui Yoon,https://orcid.org/0000-0002-7123-1119,openalex
A5084701162,https://openalex.org/A5084701162,Yinggang Li,,openalex
A5108060511,https://openalex.org/A5108060511,Ana M. Cuadros,https://orcid.org/0000-0001-6757-2634,openalex
A5034874196,https://openalex.org/A5034874196,Guilherme P. Telles,https://orcid.org/0000-0003-2608-4807,openalex
A5014146578,https://openalex.org/A5014146578,Patrick Hertzog,,openalex
A5038635168,https://openalex.org/A5038635168,Denis Lalanne,https://orcid.org/0000-0001-7834-0417,openalex
A5078268469,https://openalex.org/A5078268469,John Plate,,openalex
A5098504607,https://openalex.org/A5098504607,Thorsten Holtkaemper,,openalex
A5090274388,https://openalex.org/A5090274388,Nathalie Reuter,https://orcid.org/0000-0002-3649-7675,openalex
A5054572713,https://openalex.org/A5054572713,Ezekiel S. Bhasker,,openalex
A5038443740,https://openalex.org/A5038443740,Ray Juang,,openalex
A5054804686,https://openalex.org/A5054804686,Nivedita R. Kadaba,,openalex
A5049881687,https://openalex.org/A5049881687,Jason P. Leboe,,openalex
A5096868770,https://openalex.org/A5096868770,Dominik Morent,,openalex
A5109251464,https://openalex.org/A5109251464,Joern Schneidewind,,openalex
A5082093150,https://openalex.org/A5082093150,Jadran Vrabec,https://orcid.org/0000-0002-7947-4051,openalex
A5067150602,https://openalex.org/A5067150602,Feng Qiu,https://orcid.org/0000-0003-4255-7299,openalex
A5100755370,https://openalex.org/A5100755370,Fang Xu,https://orcid.org/0000-0003-1735-2654,openalex
A5081073195,https://openalex.org/A5081073195,Zhe Fan,https://orcid.org/0000-0001-8125-8254,openalex
A5098416906,https://openalex.org/A5098416906,Neophytou Neophytos,,openalex
A5107868159,https://openalex.org/A5107868159,Arie Kaufman,,openalex
A5058353646,https://openalex.org/A5058353646,Randall K. Smith,https://orcid.org/0000-0003-4284-4167,openalex
A5042989375,https://openalex.org/A5042989375,Richard Pawlicki,,openalex
A5013422789,https://openalex.org/A5013422789,István Kókai,,openalex
A5029076777,https://openalex.org/A5029076777,Jörg Finger,https://orcid.org/0000-0003-4228-4323,openalex
A5060935547,https://openalex.org/A5060935547,Thomas Vetter,https://orcid.org/0000-0002-4755-337X,openalex
A5069428198,https://openalex.org/A5069428198,Peter Kohlmann,,openalex
A5062703856,https://openalex.org/A5062703856,Armin Kanitsar,,openalex
A5059452338,https://openalex.org/A5059452338,Alethea Bair,,openalex
A5078340650,https://openalex.org/A5078340650,Jarrett L. Johnson,https://orcid.org/0000-0001-8002-2661,openalex
A5086780511,https://openalex.org/A5086780511,Volker Bromm,https://orcid.org/0000-0003-0212-2979,openalex
A5003177344,https://openalex.org/A5003177344,Philippas Tsigas,https://orcid.org/0000-0001-9635-9154,openalex
A5065378241,https://openalex.org/A5065378241,Yi Mao,https://orcid.org/0000-0002-8624-772X,openalex
A5021577029,https://openalex.org/A5021577029,Joshua V. Dillon,,openalex
A5088565793,https://openalex.org/A5088565793,Martin Graham,https://orcid.org/0000-0002-7882-4881,openalex
A5076694922,https://openalex.org/A5076694922,Jessie Kennedy,https://orcid.org/0000-0002-0023-2595,openalex
A5079289629,https://openalex.org/A5079289629,Berk Geveci,https://orcid.org/0000-0003-2477-4855,openalex
A5004805989,https://openalex.org/A5004805989,Ken Martin,,openalex
A5000430651,https://openalex.org/A5000430651,David Thompson,https://orcid.org/0000-0002-8575-6469,openalex
A5111935550,https://openalex.org/A5111935550,Scott Dillard,,openalex
A5031259393,https://openalex.org/A5031259393,J. F. Bingert,,openalex
A5066821697,https://openalex.org/A5066821697,Dan J. Thoma,https://orcid.org/0000-0001-5807-3219,openalex
A5032911677,https://openalex.org/A5032911677,Eva Schuberth,,openalex
A5012980226,https://openalex.org/A5012980226,Niranjan Damera Venkata,,openalex
A5110142234,https://openalex.org/A5110142234,Nelson Chang,,openalex
A5113463067,https://openalex.org/A5113463067,Jeffrey M. Dicarlo,,openalex
A5005201143,https://openalex.org/A5005201143,Dongning Luo,,openalex
A5100323364,https://openalex.org/A5100323364,Hui Zhang,https://orcid.org/0000-0001-8030-0676,openalex
A5064828426,https://openalex.org/A5064828426,Ingo Wald,,openalex
A5088234443,https://openalex.org/A5088234443,Heiko Friedrich,,openalex
A5040526518,https://openalex.org/A5040526518,Desney Tan,https://orcid.org/0000-0003-2176-159X,openalex
A5101147725,https://openalex.org/A5101147725,Graham Smith,,openalex
A5110474366,https://openalex.org/A5110474366,George G. Robertson,,openalex
A5002221227,https://openalex.org/A5002221227,Stephen G. Eick,,openalex
A5079639116,https://openalex.org/A5079639116,M. Andrew Eick,,openalex
A5002755059,https://openalex.org/A5002755059,Jesse Fugitt,,openalex
A5078554761,https://openalex.org/A5078554761,B. B. Van Der Horst,,openalex
A5097510174,https://openalex.org/A5097510174,Maxim Khailo,,openalex
A5027158215,https://openalex.org/A5027158215,Russell A. Lankenau,,openalex
A5087450905,https://openalex.org/A5087450905,Benjamin Tyner,https://orcid.org/0000-0001-5687-7125,openalex
A5102869650,https://openalex.org/A5102869650,Cheng Zheng,https://orcid.org/0000-0002-5873-888X,openalex
A5031430479,https://openalex.org/A5031430479,Rimma V. Nehme,,openalex
A5017673553,https://openalex.org/A5017673553,Lawrence T. Glickman,,openalex
A5013719632,https://openalex.org/A5013719632,Di Yang,https://orcid.org/0000-0002-7964-7872,openalex
A5025726915,https://openalex.org/A5025726915,Elke A. Rundensteiner,,openalex
A5040717536,https://openalex.org/A5040717536,Andrei C. Jalba,https://orcid.org/0000-0001-9821-0767,openalex
A5043852046,https://openalex.org/A5043852046,Hangzai Luo,https://orcid.org/0000-0003-3354-5739,openalex
A5100728564,https://openalex.org/A5100728564,Jianping Fan,https://orcid.org/0000-0002-4923-0910,openalex
A5102743927,https://openalex.org/A5102743927,Shin’ichi Satoh,https://orcid.org/0000-0001-6995-6447,openalex
A5074955847,https://openalex.org/A5074955847,Chi Chun Pan,,openalex
A5038025289,https://openalex.org/A5038025289,Prasenjit Mitra,,openalex
A5112135278,https://openalex.org/A5112135278,Jürgen Lerner,,openalex
A5050098410,https://openalex.org/A5050098410,Daniel R. Tesone,,openalex
A5045352499,https://openalex.org/A5045352499,Firdaus Janoos,,openalex
A5071122261,https://openalex.org/A5071122261,Shantanu Singh,https://orcid.org/0000-0003-3150-3025,openalex
A5024759728,https://openalex.org/A5024759728,Okan Irfanoglu,,openalex
A5072801804,https://openalex.org/A5072801804,Richard E. Parent,,openalex
A5049355010,https://openalex.org/A5049355010,William L. Barth,https://orcid.org/0000-0003-3333-2952,openalex
A5073303697,https://openalex.org/A5073303697,Christopher Burns,,openalex
A5048413277,https://openalex.org/A5048413277,Krzysztof Niski,,openalex
A5088141761,https://openalex.org/A5088141761,Jonathan D. Cohen,https://orcid.org/0000-0003-2316-0763,openalex
A5060758333,https://openalex.org/A5060758333,Gregory A. Dasch,https://orcid.org/0000-0001-6090-1810,openalex
A5105986048,https://openalex.org/A5105986048,Marina E. Eremeeva,https://orcid.org/0000-0001-9458-8172,openalex
A5083743875,https://openalex.org/A5083743875,Ulrich Bartling,,openalex
A5013569934,https://openalex.org/A5013569934,Frank Michel,,openalex
A5054301725,https://openalex.org/A5054301725,Eduard Deines,,openalex
A5009343095,https://openalex.org/A5009343095,Joe Kniss,,openalex
A5084447019,https://openalex.org/A5084447019,Warren A. Hunt,https://orcid.org/0009-0004-1444-2544,openalex
A5003684910,https://openalex.org/A5003684910,Kristin Potter,https://orcid.org/0000-0003-1959-1691,openalex
A5087948617,https://openalex.org/A5087948617,Pradeep Sen,https://orcid.org/0000-0002-8042-924X,openalex
A5043312264,https://openalex.org/A5043312264,Martin Isenburg,,openalex
A5031490866,https://openalex.org/A5031490866,C. Montani,,openalex
A5025659588,https://openalex.org/A5025659588,Aleks Aris,,openalex
A5085053856,https://openalex.org/A5085053856,James Abello,https://orcid.org/0000-0002-9614-0467,openalex
A5002244507,https://openalex.org/A5002244507,Neeraj Krishnan,,openalex
A5111834154,https://openalex.org/A5111834154,Matěj Novotný,,openalex
A5081796122,https://openalex.org/A5081796122,Daniel Laney,https://orcid.org/0000-0002-7694-2198,openalex
A5062494091,https://openalex.org/A5062494091,Ajith Mascarenhas,,openalex
A5044442336,https://openalex.org/A5044442336,Paul L. Miller,https://orcid.org/0000-0002-2778-9596,openalex
A5054509473,https://openalex.org/A5054509473,Natascha Sauber,,openalex
A5105697746,https://openalex.org/A5105697746,Hans‐peter Seidel,,openalex
A5086248166,https://openalex.org/A5086248166,Alex Pang,,openalex
A5100337295,https://openalex.org/A5100337295,Youngmin Kim,https://orcid.org/0000-0002-1295-1837,openalex
A5024572030,https://openalex.org/A5024572030,Jerry Alan Fails,https://orcid.org/0000-0001-6139-1162,openalex
A5036077882,https://openalex.org/A5036077882,Layla Shahamat,,openalex
A5006696540,https://openalex.org/A5006696540,Zhanping Liu,,openalex
A5097965785,https://openalex.org/A5097965785,Joe Groner,,openalex
A5034377613,https://openalex.org/A5034377613,Carl‐fredrik Westin,https://orcid.org/0000-0002-1911-9728,openalex
A5113974966,https://openalex.org/A5113974966,Yehuda Koren,,openalex
A5021034497,https://openalex.org/A5021034497,Ken Been,,openalex
A5097232042,https://openalex.org/A5097232042,Eli Daiches,,openalex
A5078989577,https://openalex.org/A5078989577,Chee Yap,https://orcid.org/0000-0003-2952-3545,openalex
A5091108255,https://openalex.org/A5091108255,Christof Rezk Salama,,openalex
A5066743992,https://openalex.org/A5066743992,Maik Keller,,openalex
A5019719607,https://openalex.org/A5019719607,Roel Vliegen,,openalex
A5059702452,https://openalex.org/A5059702452,Erik‐jan Van Der Linden,,openalex
A5064561288,https://openalex.org/A5064561288,Brian Meyers,,openalex
A5035158211,https://openalex.org/A5035158211,Daniel Robbins,https://orcid.org/0009-0006-7953-5447,openalex
A5013198735,https://openalex.org/A5013198735,Qingguang Cui,,openalex
A5010754981,https://openalex.org/A5010754981,Matthew Ward,https://orcid.org/0000-0002-0239-6884,openalex
A5112237540,https://openalex.org/A5112237540,Calle Winskog,,openalex
A5104102818,https://openalex.org/A5104102818,Gautam Kumar,https://orcid.org/0000-0002-5158-1728,openalex
A5034329650,https://openalex.org/A5034329650,Danny Dorling,https://orcid.org/0000-0001-9519-0537,openalex
A5068640078,https://openalex.org/A5068640078,Anna Barford,https://orcid.org/0000-0002-4250-7171,openalex
A5017917433,https://openalex.org/A5017917433,Mark Newman,https://orcid.org/0000-0001-7186-1383,openalex
A5064119940,https://openalex.org/A5064119940,Beth Yost,,openalex
A5111575546,https://openalex.org/A5111575546,Deborah Silver,,openalex
A5091827588,https://openalex.org/A5091827588,Guangfeng Ji,,openalex
A5086497666,https://openalex.org/A5086497666,L J Schreiner,https://orcid.org/0000-0003-4912-2204,openalex
A5033493878,https://openalex.org/A5033493878,Fidelia Ibekwe Sanjuan,https://orcid.org/0000-0001-8862-7729,openalex
A5078798965,https://openalex.org/A5078798965,Éric Sanjuan,https://orcid.org/0000-0002-4057-6691,openalex
A5040162497,https://openalex.org/A5040162497,Daniel Hubball,,openalex
A5102148168,https://openalex.org/A5102148168,Yuli Gao,,openalex
A5097484928,https://openalex.org/A5097484928,Thorsten Buering,,openalex
A5003447205,https://openalex.org/A5003447205,Jens Gerken,https://orcid.org/0000-0002-0634-3931,openalex
A5089000736,https://openalex.org/A5089000736,Tien N. Nguyen,https://orcid.org/0009-0006-7962-6090,openalex
A5100406022,https://openalex.org/A5100406022,Jin Zhang,https://orcid.org/0000-0003-4871-6318,openalex
A5112775128,https://openalex.org/A5112775128,Brian Duffy,,openalex
A5110205365,https://openalex.org/A5110205365,Denby Brian,,openalex
A5068819751,https://openalex.org/A5068819751,Marta Kersten‐oertel,https://orcid.org/0000-0002-9492-8402,openalex
A5109927089,https://openalex.org/A5109927089,James Stewart,,openalex
A5054328918,https://openalex.org/A5054328918,Nikolaus F. Troje,https://orcid.org/0000-0002-1533-2847,openalex
A5109539324,https://openalex.org/A5109539324,Randy E. Ellis,,openalex
A5042796366,https://openalex.org/A5042796366,Pinaki Sinha,,openalex
A5003934314,https://openalex.org/A5003934314,Wei Hong,https://orcid.org/0000-0002-3174-215X,openalex
A5100376110,https://openalex.org/A5100376110,Feng Qiu,https://orcid.org/0000-0003-0611-1687,openalex
A5110236358,https://openalex.org/A5110236358,Arie Kaufman,,openalex
A5100337209,https://openalex.org/A5100337209,Min Chen,https://orcid.org/0000-0002-0960-4447,openalex
A5009516408,https://openalex.org/A5009516408,Ralf P. Botchen,,openalex
A5054737927,https://openalex.org/A5054737927,Rathiah Hashim,https://orcid.org/0000-0003-4661-0819,openalex
A5065394114,https://openalex.org/A5065394114,Wan Chiu Li,,openalex
A5038083385,https://openalex.org/A5038083385,Bruno Vallet,https://orcid.org/0000-0002-9492-5180,openalex
A5025609991,https://openalex.org/A5025609991,Nicolas Ray,https://orcid.org/0000-0002-1805-8310,openalex
A5108598229,https://openalex.org/A5108598229,Bruno Levy,,openalex
A5008340710,https://openalex.org/A5008340710,Alexander Mehler,https://orcid.org/0000-0003-2567-7539,openalex
A5053770691,https://openalex.org/A5053770691,Yan Bao,https://orcid.org/0000-0002-5907-3955,openalex
A5100353783,https://openalex.org/A5100353783,Xin Li,https://orcid.org/0000-0002-0144-9489,openalex
A5100393137,https://openalex.org/A5100393137,Yuxi Wang,https://orcid.org/0009-0008-6138-1026,openalex
A5007593199,https://openalex.org/A5007593199,Steve Skiena,,openalex
A5038378351,https://openalex.org/A5038378351,Mustafa Bilgic,https://orcid.org/0000-0001-5123-9992,openalex
A5050928586,https://openalex.org/A5050928586,Louis Licamele,,openalex
A5043872451,https://openalex.org/A5043872451,Lingxiao Zhao,https://orcid.org/0000-0002-1952-3026,openalex
A5102082175,https://openalex.org/A5102082175,Charl Botha,,openalex
A5111420760,https://openalex.org/A5111420760,Roel Truyen,,openalex
A5064747056,https://openalex.org/A5064747056,Dorit Merhof,https://orcid.org/0000-0002-1672-2185,openalex
A5038105931,https://openalex.org/A5038105931,Markus Sonntag,,openalex
A5037488031,https://openalex.org/A5037488031,Frank Enders,,openalex
A5090717297,https://openalex.org/A5090717297,Christopher Nimsky,https://orcid.org/0000-0002-8216-9410,openalex
A5031309490,https://openalex.org/A5031309490,Peter Hastreiter,https://orcid.org/0000-0001-7913-8368,openalex
A5111942655,https://openalex.org/A5111942655,Guenther Greiner,,openalex
A5025416155,https://openalex.org/A5025416155,Vikram Aggarwal,,openalex
A5112392675,https://openalex.org/A5112392675,Susan E. Brennan,,openalex
A5110690377,https://openalex.org/A5110690377,Greg Zelinsky,,openalex
A5055338447,https://openalex.org/A5055338447,David S. Warren,https://orcid.org/0000-0001-7567-8156,openalex
A5006806369,https://openalex.org/A5006806369,David J. Muraki,,openalex
A5002704927,https://openalex.org/A5002704927,Jean Sreng,,openalex
A5090150936,https://openalex.org/A5090150936,Anatole Lécuyer,https://orcid.org/0000-0002-1409-244X,openalex
A5063337503,https://openalex.org/A5063337503,Christine Mégard,,openalex
A5052105828,https://openalex.org/A5052105828,Claude Andriot,,openalex
A5013629437,https://openalex.org/A5013629437,B. Green,,openalex
A5066087528,https://openalex.org/A5066087528,Christopher E. Henze,,openalex
A5081281752,https://openalex.org/A5081281752,Timothy Sandstrom,https://orcid.org/0000-0002-0490-5494,openalex
A5112781199,https://openalex.org/A5112781199,Wei Qiao,https://orcid.org/0000-0002-9739-4434,openalex
A5006707199,https://openalex.org/A5006707199,Michael Mclennan,https://orcid.org/0000-0003-3456-6275,openalex
A5109913235,https://openalex.org/A5109913235,Rick Kennell,,openalex
A5002176646,https://openalex.org/A5002176646,Gerhard Klimeck,https://orcid.org/0000-0001-7128-773X,openalex
A5108227925,https://openalex.org/A5108227925,Monika Jankun Kelly,,openalex
A5056308697,https://openalex.org/A5056308697,Ming Jiang,https://orcid.org/0000-0002-1661-0538,openalex
A5031014013,https://openalex.org/A5031014013,Kenichi Yoshida,https://orcid.org/0000-0003-4612-2778,openalex
A5101724128,https://openalex.org/A5101724128,Kenji Shimada,https://orcid.org/0000-0001-8827-672X,openalex
A5066309452,https://openalex.org/A5066309452,Tomoyuki Nishita,,openalex
A5020097039,https://openalex.org/A5020097039,Paul Keel,,openalex
A5111752646,https://openalex.org/A5111752646,Zaixian Xie,,openalex
A5057841191,https://openalex.org/A5057841191,Shiping Huang,https://orcid.org/0000-0002-0092-1753,openalex
A5107442042,https://openalex.org/A5107442042,Matthew Ward,https://orcid.org/0000-0003-4565-2339,openalex
A5002516811,https://openalex.org/A5002516811,Christian Panse,https://orcid.org/0000-0003-1975-3064,openalex
A5113461040,https://openalex.org/A5113461040,E. Wes Bethel,,openalex
A5102823484,https://openalex.org/A5102823484,Scott Campbell,https://orcid.org/0000-0002-6542-7473,openalex
A5060289662,https://openalex.org/A5060289662,Eli Dart,https://orcid.org/0000-0002-8229-5433,openalex
A5074825049,https://openalex.org/A5074825049,Kurt Stockinger,https://orcid.org/0000-0003-4034-4812,openalex
A5043129695,https://openalex.org/A5043129695,Kesheng Wu,https://orcid.org/0000-0002-6907-3393,openalex
A5016774281,https://openalex.org/A5016774281,Pier Francesco Cortese,,openalex
A5038655759,https://openalex.org/A5038655759,Giuseppe Di Battista,https://orcid.org/0000-0003-4224-1550,openalex
A5111966205,https://openalex.org/A5111966205,Antonello Moneta,,openalex
A5050938227,https://openalex.org/A5050938227,Maurizio Patrignani,https://orcid.org/0000-0001-9806-7411,openalex
A5078465566,https://openalex.org/A5078465566,Maurizio Pizzonia,https://orcid.org/0000-0001-8758-3437,openalex
A5045927034,https://openalex.org/A5045927034,Yuan Zhou,https://orcid.org/0009-0008-1706-6539,openalex
A5005978734,https://openalex.org/A5005978734,Mirjam Sick,,openalex
A5109551977,https://openalex.org/A5109551977,Stuart Card,,openalex
A5052627555,https://openalex.org/A5052627555,John Bodnar,,openalex
A5103538662,https://openalex.org/A5103538662,Lewis W.f. Li,,openalex
A5079905341,https://openalex.org/A5079905341,Frederick W. B. Li,https://orcid.org/0000-0002-4283-4228,openalex
A5006197413,https://openalex.org/A5006197413,Rynson W. H. Lau,https://orcid.org/0000-0002-8957-8129,openalex
A5111973396,https://openalex.org/A5111973396,Martin Bertram,,openalex
A5033880198,https://openalex.org/A5033880198,Jan Möhring,https://orcid.org/0000-0002-2473-5947,openalex
A5033394104,https://openalex.org/A5033394104,J. Jegorovs,,openalex
A5110010093,https://openalex.org/A5110010093,Gregory M. Nielson,,openalex
A5102152465,https://openalex.org/A5102152465,Hyunmo Kang,,openalex
A5016157345,https://openalex.org/A5016157345,Zeki Melek,,openalex
A5004638951,https://openalex.org/A5004638951,Cem Yuksel,https://orcid.org/0000-0002-0122-4159,openalex
A5102306926,https://openalex.org/A5102306926,Jinzhu Gao,,openalex
A5051009099,https://openalex.org/A5051009099,Colin Mollenhour,,openalex
A5102875460,https://openalex.org/A5102875460,Yuyan Song,https://orcid.org/0000-0003-3086-1525,openalex
A5061782578,https://openalex.org/A5061782578,Jing Ye,https://orcid.org/0000-0002-3971-2780,openalex
A5003904417,https://openalex.org/A5003904417,N.a. Svakhine,,openalex
A5003612099,https://openalex.org/A5003612099,Sonia Lasher‐trapp,https://orcid.org/0000-0002-5816-1363,openalex
A5108510297,https://openalex.org/A5108510297,Mike Baldwin,,openalex
A5037482596,https://openalex.org/A5037482596,Daniel Acevedo,https://orcid.org/0000-0002-2170-2533,openalex
A5075206197,https://openalex.org/A5075206197,Minsu Ahn,,openalex
A5027128729,https://openalex.org/A5027128729,Igor Guskov,,openalex
A5101408509,https://openalex.org/A5101408509,Seungyong Lee,https://orcid.org/0000-0002-8159-4271,openalex
A5038821837,https://openalex.org/A5038821837,Vadim Slavin,,openalex
A5055879921,https://openalex.org/A5055879921,Robert A. Pelcovits,https://orcid.org/0000-0002-0520-7516,openalex
A5046293742,https://openalex.org/A5046293742,G. B. Loriot,,openalex
A5046840747,https://openalex.org/A5046840747,Andrew Callan Jones,https://orcid.org/0000-0001-8769-687X,openalex
A5034473228,https://openalex.org/A5034473228,Avin Pattath,,openalex
A5061307853,https://openalex.org/A5061307853,Brian Bue,https://orcid.org/0000-0002-7856-3570,openalex
A5055477300,https://openalex.org/A5055477300,Xuan Zhong,,openalex
A5044426577,https://openalex.org/A5044426577,Aaron Ault,https://orcid.org/0000-0001-7060-6559,openalex
A5023736119,https://openalex.org/A5023736119,Edward J. Coyle,https://orcid.org/0000-0002-7244-0828,openalex
A5005564950,https://openalex.org/A5005564950,Christoph Flamm,https://orcid.org/0000-0001-5500-2415,openalex
A5011771355,https://openalex.org/A5011771355,Ivo L. Hofacker,https://orcid.org/0000-0001-7132-0800,openalex
A5112867598,https://openalex.org/A5112867598,George Chin,,openalex
A5049093433,https://openalex.org/A5049093433,Pascale Proulx,,openalex
A5034592842,https://openalex.org/A5034592842,Sumeet Tandon,,openalex
A5023702983,https://openalex.org/A5023702983,Adam Bodnar,,openalex
A5032576857,https://openalex.org/A5032576857,David Schroh,,openalex
A5053996253,https://openalex.org/A5053996253,Qingmin Shi,,openalex
A5068955789,https://openalex.org/A5068955789,Laurent Castanié,,openalex
A5036254311,https://openalex.org/A5036254311,Christophe Mion,,openalex
A5073919810,https://openalex.org/A5073919810,Xavier Cavin,,openalex
A5074352820,https://openalex.org/A5074352820,Bruno Lévy,https://orcid.org/0000-0002-7007-3219,openalex
A5026558668,https://openalex.org/A5026558668,Mark Sifer,,openalex
A5005310068,https://openalex.org/A5005310068,Jameson Miller,,openalex
A5073654463,https://openalex.org/A5073654463,Cory Quammen,,openalex
A5062288375,https://openalex.org/A5062288375,Matthew C. Fleenor,https://orcid.org/0000-0002-5092-9243,openalex
A5085301885,https://openalex.org/A5085301885,Malcolm Wallace,,openalex
A5018902600,https://openalex.org/A5018902600,Colin Runciman,https://orcid.org/0000-0002-0151-3233,openalex
A5079085366,https://openalex.org/A5079085366,Lichan Hong,https://orcid.org/0009-0004-9563-554X,openalex
A5017634387,https://openalex.org/A5017634387,Julie Heiser,,openalex
A5110239218,https://openalex.org/A5110239218,Wim De Leeuw,,openalex
A5035230084,https://openalex.org/A5035230084,Pernette J. Verschure,https://orcid.org/0000-0003-2922-4836,openalex
A5060853040,https://openalex.org/A5060853040,Robert Van Liere,https://orcid.org/0000-0001-6535-094X,openalex
A5030624924,https://openalex.org/A5030624924,David Fyfe,,openalex
A5103457231,https://openalex.org/A5103457231,Deryck W. Holdsworth,,openalex
A5081681790,https://openalex.org/A5081681790,Roberto Therón,https://orcid.org/0000-0001-6739-8875,openalex
A5110551419,https://openalex.org/A5110551419,Weichao Wang,,openalex
A5015376703,https://openalex.org/A5015376703,Ketan Mehta,https://orcid.org/0000-0003-2360-7764,openalex
A5044908366,https://openalex.org/A5044908366,Joachim Böttger,,openalex
A5039968113,https://openalex.org/A5039968113,Michael Balzer,https://orcid.org/0009-0003-1896-3251,openalex
A5100454595,https://openalex.org/A5100454595,Hai‐tao Zhang,https://orcid.org/0009-0001-3305-5767,openalex
A5026778543,https://openalex.org/A5026778543,Wojciech Burakiewicz,,openalex
A5046646390,https://openalex.org/A5046646390,Sameep Mehta,https://orcid.org/0000-0002-9599-1526,openalex
A5100755351,https://openalex.org/A5100755351,Srinivasan Parthasarathy,https://orcid.org/0000-0002-6062-6449,openalex
A5042445410,https://openalex.org/A5042445410,Kenneth W. Waters,,openalex
A5108647063,https://openalex.org/A5108647063,Christopher S. Co,,openalex
A5083231405,https://openalex.org/A5083231405,M. S. Chong,https://orcid.org/0000-0002-7324-1660,openalex
A5086900754,https://openalex.org/A5086900754,Justin Mauger,https://orcid.org/0000-0001-7295-2818,openalex
A5053396841,https://openalex.org/A5053396841,Alan M. Ratner,,openalex
A5085517240,https://openalex.org/A5085517240,James Slack,,openalex
A5013950108,https://openalex.org/A5013950108,Felix Ritter,,openalex
A5032675715,https://openalex.org/A5032675715,Christian Hansen,https://orcid.org/0000-0002-5734-7529,openalex
A5033840361,https://openalex.org/A5033840361,Volker Dicken,https://orcid.org/0000-0003-1629-5811,openalex
A5000951270,https://openalex.org/A5000951270,Olaf Konrad,,openalex
A5108568278,https://openalex.org/A5108568278,Heinz‐otto Peitgen,,openalex
A5020453160,https://openalex.org/A5020453160,Louis Bavoil,,openalex
A5050022060,https://openalex.org/A5050022060,R. Amar,,openalex
A5057720379,https://openalex.org/A5057720379,M. Hanfler,,openalex
A5050853661,https://openalex.org/A5050853661,Robert L. Grossman,https://orcid.org/0000-0003-3741-5739,openalex
A5009029178,https://openalex.org/A5009029178,Danah Boyd,https://orcid.org/0000-0002-7722-7778,openalex
A5031972964,https://openalex.org/A5031972964,Nina Amenta,,openalex
A5053588403,https://openalex.org/A5053588403,Dan A. Alcantara,,openalex
A5041468072,https://openalex.org/A5041468072,Deboshmita Ghosh,,openalex
A5004764155,https://openalex.org/A5004764155,Yong J. Kil,https://orcid.org/0000-0002-3241-385X,openalex
A5047978398,https://openalex.org/A5047978398,Eric Delson,https://orcid.org/0000-0002-4062-7567,openalex
A5108267469,https://openalex.org/A5108267469,William E. H. Harcourt‐smith,,openalex
A5062254329,https://openalex.org/A5062254329,F. James Rohlf,https://orcid.org/0000-0003-0522-3679,openalex
A5033202378,https://openalex.org/A5033202378,Kieran John,,openalex
A5076924738,https://openalex.org/A5076924738,C.t. Silva,,openalex
A5022614274,https://openalex.org/A5022614274,B. Moberts,,openalex
A5005110324,https://openalex.org/A5005110324,U.d. Bordoloi,,openalex
A5102848944,https://openalex.org/A5102848944,Takafumi Saito,https://orcid.org/0000-0001-5831-596X,openalex
A5067032784,https://openalex.org/A5067032784,Hiroko Nakamura Miyamura,https://orcid.org/0000-0003-3592-4206,openalex
A5080740692,https://openalex.org/A5080740692,M. Yamamoto,https://orcid.org/0000-0002-7035-2672,openalex
A5053100765,https://openalex.org/A5053100765,Hirotaka Saito,https://orcid.org/0000-0002-9458-008X,openalex
A5075797943,https://openalex.org/A5075797943,Y. Hoshiya,,openalex
A5024942883,https://openalex.org/A5024942883,T. Kaseda,,openalex
A5112004963,https://openalex.org/A5112004963,Doantam Phan,,openalex
A5110639918,https://openalex.org/A5110639918,Ronald Yeh,,openalex
A5005685978,https://openalex.org/A5005685978,Terry Winograd,https://orcid.org/0000-0003-4435-7215,openalex
A5058941354,https://openalex.org/A5058941354,R. Van Uitert,,openalex
A5063059765,https://openalex.org/A5063059765,A. Stephens,,openalex
A5011539959,https://openalex.org/A5011539959,Guo‐shi Li,,openalex
A5089849867,https://openalex.org/A5089849867,T. Tasdizen,,openalex
A5050789731,https://openalex.org/A5050789731,O. Mallo,,openalex
A5062039514,https://openalex.org/A5062039514,Christian Sigg,https://orcid.org/0000-0003-1067-9224,openalex
A5023329722,https://openalex.org/A5023329722,F. Bendix,,openalex
A5067791733,https://openalex.org/A5067791733,Yasuhiro Takeshima,https://orcid.org/0000-0002-7777-2952,openalex
A5045299635,https://openalex.org/A5045299635,Abdelkrim Mebarki,,openalex
A5068097374,https://openalex.org/A5068097374,P. Alliezy,,openalex
A5043040182,https://openalex.org/A5043040182,Olivier Devillers,https://orcid.org/0000-0003-4275-5068,openalex
A5100357981,https://openalex.org/A5100357981,Ye Zhao,https://orcid.org/0000-0002-0710-2873,openalex
A5039974444,https://openalex.org/A5039974444,Carsten Stoll,https://orcid.org/0000-0002-0119-4340,openalex
A5090903423,https://openalex.org/A5090903423,J. Schneider,,openalex
A5057265169,https://openalex.org/A5057265169,J. Agutter,,openalex
A5061693039,https://openalex.org/A5061693039,Sheikh Sohel Moon,https://orcid.org/0009-0004-2527-2202,openalex
A5057693492,https://openalex.org/A5057693492,S. Foresti,,openalex
A5017629509,https://openalex.org/A5017629509,Fan Yin Tzeng,,openalex
A5017860345,https://openalex.org/A5017860345,Carmen Corujo Vélez,https://orcid.org/0000-0002-9710-7765,openalex
A5112795492,https://openalex.org/A5112795492,D. Silver,,openalex
A5112716743,https://openalex.org/A5112716743,Marilyn Tremaine,,openalex
A5089670374,https://openalex.org/A5089670374,K. Stockinger,,openalex
A5054073344,https://openalex.org/A5054073344,J. Shalf,,openalex
A5043619803,https://openalex.org/A5043619803,N.d. Cornea,,openalex
A5108471520,https://openalex.org/A5108471520,P. Min,,openalex
A5060314525,https://openalex.org/A5060314525,Shengdong Zhao,https://orcid.org/0000-0001-7971-3107,openalex
A5039024869,https://openalex.org/A5039024869,Mark Chignell,https://orcid.org/0000-0001-8120-6905,openalex
A5070561741,https://openalex.org/A5070561741,E. Fanea,,openalex
A5083651238,https://openalex.org/A5083651238,Kuangyu Shi,https://orcid.org/0000-0002-8714-3084,openalex
A5111879543,https://openalex.org/A5111879543,H. P. Seidel,,openalex
A5070355275,https://openalex.org/A5070355275,S. Stegmaier,,openalex
A5001919573,https://openalex.org/A5001919573,U. Rist,,openalex
A5080839799,https://openalex.org/A5080839799,T. Ertl,,openalex
A5071837282,https://openalex.org/A5071837282,Davood Rafiei,https://orcid.org/0000-0003-2403-0266,openalex
A5064789947,https://openalex.org/A5064789947,Stephen Curial,,openalex
A5022956652,https://openalex.org/A5022956652,D.e. Huber,,openalex
A5051480012,https://openalex.org/A5051480012,A. Filbois,,openalex
A5088281102,https://openalex.org/A5088281102,P. Saraiya,,openalex
A5050792352,https://openalex.org/A5050792352,P. Lee,,openalex
A5039074661,https://openalex.org/A5039074661,C. North,,openalex
A5102988664,https://openalex.org/A5102988664,Xiaoqiang Zheng,https://orcid.org/0000-0001-5151-8561,openalex
A5071106803,https://openalex.org/A5071106803,Beresford Ν. Parlett,,openalex
A5016076717,https://openalex.org/A5016076717,Alex Pang,https://orcid.org/0000-0003-0720-7162,openalex
A5090930477,https://openalex.org/A5090930477,Kristian Hildebrand,https://orcid.org/0000-0002-2733-5586,openalex
A5043635119,https://openalex.org/A5043635119,Andrei Linţu,,openalex
A5070054672,https://openalex.org/A5070054672,Bart D. Peters,,openalex
A5046771643,https://openalex.org/A5046771643,P. Kondratieva,,openalex
A5008892267,https://openalex.org/A5008892267,J. Kruger,,openalex
A5003380141,https://openalex.org/A5003380141,G. Lommerse,,openalex
A5046935702,https://openalex.org/A5046935702,F. Nossin,,openalex
A5059201602,https://openalex.org/A5059201602,Lucian Voinea,https://orcid.org/0000-0002-7576-3497,openalex
A5110206816,https://openalex.org/A5110206816,A. Telea,,openalex
A5076001214,https://openalex.org/A5076001214,Minh X. Nguyen,https://orcid.org/0000-0002-9487-5654,openalex
A5063784301,https://openalex.org/A5063784301,B. Chen,,openalex
A5044897470,https://openalex.org/A5044897470,David H. Porter,,openalex
A5081597480,https://openalex.org/A5081597480,Fabio Ganovelli,https://orcid.org/0000-0002-0378-9188,openalex
A5077297626,https://openalex.org/A5077297626,Federico Ponchio,https://orcid.org/0000-0002-2974-0577,openalex
A5013546425,https://openalex.org/A5013546425,Roberto Scopigno,https://orcid.org/0000-0002-7457-7473,openalex
A5048503528,https://openalex.org/A5048503528,D. Silver,,openalex
A5058051881,https://openalex.org/A5058051881,Balázs Csébfalvi,https://orcid.org/0000-0003-4843-226X,openalex
A5089782077,https://openalex.org/A5089782077,D. Bekins,,openalex
A5024107841,https://openalex.org/A5024107841,F. Schramm,,openalex
A5085616869,https://openalex.org/A5085616869,G. Erlebacher,,openalex
A5062738795,https://openalex.org/A5062738795,Jennifer Konieczny,,openalex
A5058894015,https://openalex.org/A5058894015,Clement Shimizu,,openalex
A5027037970,https://openalex.org/A5027037970,Georg Meyer,https://orcid.org/0000-0002-3739-1653,openalex
A5062063748,https://openalex.org/A5062063748,D. Colucci,,openalex
A5086472608,https://openalex.org/A5086472608,M. Stella Atkins,https://orcid.org/0000-0003-1507-4953,openalex
A5083083039,https://openalex.org/A5083083039,Arthur E. Kirkpatrick,,openalex
A5019130668,https://openalex.org/A5019130668,Marios Nicolaou,https://orcid.org/0000-0003-3874-8244,openalex
A5085036036,https://openalex.org/A5085036036,Guang‐zhong Yang,https://orcid.org/0000-0003-4060-4020,openalex
A5101659527,https://openalex.org/A5101659527,Adam Huang,https://orcid.org/0000-0001-5478-2763,openalex
A5088612835,https://openalex.org/A5088612835,D. Roy,,openalex
A5004916248,https://openalex.org/A5004916248,M. Franaszek,,openalex
A5016047550,https://openalex.org/A5016047550,Ronald M. Summers,https://orcid.org/0000-0001-8081-7376,openalex
A5011933741,https://openalex.org/A5011933741,Elizabeth Hetzler,,openalex
A5069793576,https://openalex.org/A5069793576,V.l. Crow,,openalex
A5065522093,https://openalex.org/A5065522093,Debbie Payne,,openalex
A5084779835,https://openalex.org/A5084779835,Alan Turner,,openalex
A5015512418,https://openalex.org/A5015512418,C. Carner,,openalex
A5100711793,https://openalex.org/A5100711793,Miao Jin,https://orcid.org/0000-0001-9974-6256,openalex
A5075030851,https://openalex.org/A5075030851,Xiaohong Ye,,openalex
A5009853527,https://openalex.org/A5009853527,D. Kao,,openalex
A5007268824,https://openalex.org/A5007268824,A. Pang,,openalex
A5044904222,https://openalex.org/A5044904222,Xiaoqiang Zheng,https://orcid.org/0000-0001-7150-2575,openalex
A5065727903,https://openalex.org/A5065727903,Stefan Seipel,https://orcid.org/0000-0003-0085-5829,openalex
A5056963592,https://openalex.org/A5056963592,Morten Lind,https://orcid.org/0000-0003-3843-4552,openalex
A5078618116,https://openalex.org/A5078618116,J. Fischer,,openalex
A5050744810,https://openalex.org/A5050744810,W. Strasser,,openalex
A5051425334,https://openalex.org/A5051425334,O. Nilsson,,openalex
A5073317592,https://openalex.org/A5073317592,D. Breeny,,openalex
A5037678012,https://openalex.org/A5037678012,K. Museth,,openalex
A5090860305,https://openalex.org/A5090860305,A. Entezari,,openalex
A5025926953,https://openalex.org/A5025926953,M. Korkusinski,,openalex
A5026988709,https://openalex.org/A5026988709,O. Sadowsky,,openalex
A5043781543,https://openalex.org/A5043781543,J.d. Cohen,,openalex
A5052147846,https://openalex.org/A5052147846,R.h. Taylor,,openalex
A5042848593,https://openalex.org/A5042848593,Hui Zhang,https://orcid.org/0000-0002-6669-0839,openalex
A5061969149,https://openalex.org/A5061969149,Henrik Buchholz,,openalex
A5052352851,https://openalex.org/A5052352851,S.p. Callahan,,openalex
A5014697729,https://openalex.org/A5014697729,J.l.d. Comba,,openalex
A5077206384,https://openalex.org/A5077206384,P. Shirley,,openalex
A5027006702,https://openalex.org/A5027006702,C.t. Silva,,openalex
A5110243598,https://openalex.org/A5110243598,Jérémie Allard,,openalex
A5074769385,https://openalex.org/A5074769385,Bruno Raffin,https://orcid.org/0000-0002-7980-4946,openalex
A5005835706,https://openalex.org/A5005835706,P. Shanbhag,,openalex
A5075203791,https://openalex.org/A5075203791,P. Rheingans,,openalex
A5084244911,https://openalex.org/A5084244911,Kenneth Allendoerfer,https://orcid.org/0000-0002-1680-4463,openalex
A5075164471,https://openalex.org/A5075164471,Serge Aluker,,openalex
A5082282639,https://openalex.org/A5082282639,Gulshan Panjwani,,openalex
A5005447951,https://openalex.org/A5005447951,Jamie Proctor,https://orcid.org/0009-0004-0571-6646,openalex
A5082287400,https://openalex.org/A5082287400,David Sturtz,,openalex
A5045015032,https://openalex.org/A5045015032,Mirjana Vukovic,,openalex
A5067409391,https://openalex.org/A5067409391,M. Mlejnek,,openalex
A5041333766,https://openalex.org/A5041333766,P. Ermes,,openalex
A5042541430,https://openalex.org/A5042541430,R. Van Der Rijt,,openalex
A5017798547,https://openalex.org/A5017798547,H. Van Den Bosch,,openalex
A5023318848,https://openalex.org/A5023318848,F. Gerritsen,,openalex
A5008969033,https://openalex.org/A5008969033,L. Linsen,,openalex
A5033204089,https://openalex.org/A5033204089,J. Locherbach,,openalex
A5072391184,https://openalex.org/A5072391184,M. Bert,,openalex
A5079421746,https://openalex.org/A5079421746,J. Bernhardt,,openalex
A5036918540,https://openalex.org/A5036918540,D. Becher,,openalex
A5000172836,https://openalex.org/A5000172836,J. Juric,,openalex
A5034785989,https://openalex.org/A5034785989,Z. Konyha,,openalex
A5046927775,https://openalex.org/A5046927775,T. Klein,,openalex
A5080474398,https://openalex.org/A5080474398,M. Strengert,,openalex
A5089292730,https://openalex.org/A5089292730,P. Bhaniramka,,openalex
A5103616614,https://openalex.org/A5103616614,P. Chen Robert,,openalex
A5068088058,https://openalex.org/A5068088058,Stefan Eilemann,https://orcid.org/0000-0002-1510-1109,openalex
A5081432563,https://openalex.org/A5081432563,Jason Cantarella,https://orcid.org/0000-0002-0613-6131,openalex
A5021139063,https://openalex.org/A5021139063,Michael Piatek,,openalex
A5075733920,https://openalex.org/A5075733920,Eric J. Rawdon,https://orcid.org/0000-0002-7190-8193,openalex
A5040153657,https://openalex.org/A5040153657,J.j. Van Wijk,,openalex
A5084882214,https://openalex.org/A5084882214,A.m. Cohen,,openalex
A5019023365,https://openalex.org/A5019023365,Nelson Max,https://orcid.org/0000-0003-0346-839X,openalex
A5030139366,https://openalex.org/A5030139366,W. J. Schroeder,,openalex
A5080137012,https://openalex.org/A5080137012,F. Bertel,,openalex
A5007431711,https://openalex.org/A5007431711,Mathieu Malaterre,,openalex
A5090559121,https://openalex.org/A5090559121,Philippe Pébaÿ,https://orcid.org/0000-0002-2311-3775,openalex
A5021338280,https://openalex.org/A5021338280,E.b. Chlan,,openalex
A5045274655,https://openalex.org/A5045274655,Kang Shi,https://orcid.org/0000-0002-6915-269X,openalex
A5111926316,https://openalex.org/A5111926316,P. Irani,,openalex
A5067436265,https://openalex.org/A5067436265,Bangxin Li,,openalex
A5074356338,https://openalex.org/A5074356338,Kyla J. Hildebrand,https://orcid.org/0000-0003-3825-8202,openalex
A5012753546,https://openalex.org/A5012753546,T. Munzner,,openalex
A5019527013,https://openalex.org/A5019527013,D.s. Ebert,,openalex
A5076939820,https://openalex.org/A5076939820,J. De Corral,,openalex
A5017540283,https://openalex.org/A5017540283,H. Pfister,,openalex
A5018659197,https://openalex.org/A5018659197,J.c. Anderson,,openalex
A5059975572,https://openalex.org/A5059975572,J.c. Bennett,,openalex
A5028354772,https://openalex.org/A5028354772,K.i. Joy,,openalex
A5058722948,https://openalex.org/A5058722948,O. Staubli,,openalex
A5013387781,https://openalex.org/A5013387781,D. Gubler,,openalex
A5001619806,https://openalex.org/A5001619806,F. Bosquet,,openalex
A5102776250,https://openalex.org/A5102776250,Christopher R. Johnson,https://orcid.org/0000-0003-4265-0899,openalex
A5077554409,https://openalex.org/A5077554409,Scott Atchley,https://orcid.org/0000-0003-3657-7031,openalex
A5107858068,https://openalex.org/A5107858068,J.a. Kohl,,openalex
A5036028449,https://openalex.org/A5036028449,Jorge Luis Williams,,openalex
A5040441308,https://openalex.org/A5040441308,Robert E. Hiromoto,,openalex
A5013860502,https://openalex.org/A5013860502,Alisa Neeman,,openalex
A5071052343,https://openalex.org/A5071052343,Boris Jeremić,https://orcid.org/0000-0003-4290-8749,openalex
A5044715706,https://openalex.org/A5044715706,A. Wilson,,openalex
A5044019424,https://openalex.org/A5044019424,R. Brannon,,openalex
A5056347240,https://openalex.org/A5056347240,Daniel Fleischer,https://orcid.org/0000-0002-5026-9185,openalex
A5072366651,https://openalex.org/A5072366651,Juergen Lerner,https://orcid.org/0000-0001-6565-1873,openalex
A5022302719,https://openalex.org/A5022302719,Kenneth A. Perrine,https://orcid.org/0000-0003-2272-0642,openalex
A5085748011,https://openalex.org/A5085748011,J. Joshua Thomas,https://orcid.org/0000-0002-9992-6094,openalex
A5032806988,https://openalex.org/A5032806988,D. Weiskopf,,openalex
A5082930100,https://openalex.org/A5082930100,M. Borchers,,openalex
A5021736279,https://openalex.org/A5021736279,T. Ertl,,openalex
A5054476528,https://openalex.org/A5054476528,M. Falk,,openalex
A5073072534,https://openalex.org/A5073072534,O. Fechtig,,openalex
A5035925808,https://openalex.org/A5035925808,Regine Frank,https://orcid.org/0000-0003-0120-6230,openalex
A5031195074,https://openalex.org/A5031195074,F. Grave,,openalex
A5081850948,https://openalex.org/A5081850948,A. King,,openalex
A5064044080,https://openalex.org/A5064044080,U. Kraus,,openalex
A5090633067,https://openalex.org/A5090633067,H. P. Nollert,,openalex
A5041957391,https://openalex.org/A5041957391,I.r. Mendez,,openalex
A5080342876,https://openalex.org/A5080342876,H. Ruder,,openalex
A5069796262,https://openalex.org/A5069796262,T. Schafhitzel,,openalex
A5008232797,https://openalex.org/A5008232797,S. Schar,,openalex
A5032454429,https://openalex.org/A5032454429,C. Zahn,,openalex
A5050232533,https://openalex.org/A5050232533,M. Zatloukal,,openalex
A5101515385,https://openalex.org/A5101515385,Jianning Wang,https://orcid.org/0000-0001-9679-4308,openalex
A5025932358,https://openalex.org/A5025932358,M.m. Oliveira,,openalex
A5071098748,https://openalex.org/A5071098748,A.e. Kaufman,,openalex
A5111476242,https://openalex.org/A5111476242,Ho Lun Cheng,,openalex
A5102949974,https://openalex.org/A5102949974,Xinwei Shi,https://orcid.org/0009-0001-1150-6686,openalex
A5061442851,https://openalex.org/A5061442851,F. Vega Higuera,,openalex
A5008618551,https://openalex.org/A5008618551,R. Fahlbusch,,openalex
A5056165486,https://openalex.org/A5056165486,G. Greiner,,openalex
A5041587599,https://openalex.org/A5041587599,R. Kaehler,,openalex
A5072140184,https://openalex.org/A5072140184,S. Prohaska,,openalex
A5002472395,https://openalex.org/A5002472395,A. Hutanu,,openalex
A5023967912,https://openalex.org/A5023967912,H. C. Hege,,openalex
A5077448787,https://openalex.org/A5077448787,M. Hall,,openalex
A5088222500,https://openalex.org/A5088222500,A. Betts,,openalex
A5014124844,https://openalex.org/A5014124844,D. Cox,,openalex
A5089058921,https://openalex.org/A5089058921,D. Pointer,,openalex
A5068628473,https://openalex.org/A5068628473,V. Kindratenko,,openalex
A5054942062,https://openalex.org/A5054942062,Georg Zotti,https://orcid.org/0000-0002-8152-0408,openalex
A5035404506,https://openalex.org/A5035404506,Shyh‐kuang Ueng,https://orcid.org/0000-0002-9683-4987,openalex
A5056368954,https://openalex.org/A5056368954,Sheng Chuan Wang,,openalex
A5062758812,https://openalex.org/A5062758812,D. Marshburn,,openalex
A5075163834,https://openalex.org/A5075163834,C. Weigle,,openalex
A5027987466,https://openalex.org/A5027987466,B.g. Wilde,,openalex
A5044948170,https://openalex.org/A5044948170,R.m. Taylor,,openalex
A5088325807,https://openalex.org/A5088325807,K. Desai,,openalex
A5066042572,https://openalex.org/A5066042572,J.k. Fisher,,openalex
A5011950091,https://openalex.org/A5011950091,J. Cribb,,openalex
A5062534271,https://openalex.org/A5062534271,E.t. O'brien,,openalex
A5075186536,https://openalex.org/A5075186536,R. Superfine,,openalex
A5039638884,https://openalex.org/A5039638884,Gregor Schlosser,,openalex
A5083522280,https://openalex.org/A5083522280,Jürgen Hesser,https://orcid.org/0000-0002-4001-1164,openalex
A5069124257,https://openalex.org/A5069124257,Frank Zeilfelder,,openalex
A5109312690,https://openalex.org/A5109312690,Reinhard Männer,,openalex
A5025425554,https://openalex.org/A5025425554,Günther Nürnberger,,openalex
A5075259746,https://openalex.org/A5075259746,Hans Seidel,https://orcid.org/0000-0001-8795-0209,openalex
A5109253083,https://openalex.org/A5109253083,Philippe Castagliola,,openalex
A5019479187,https://openalex.org/A5019479187,Wei Peng,https://orcid.org/0000-0002-2892-5764,openalex
A5074061303,https://openalex.org/A5074061303,Jack Snoeyink,https://orcid.org/0000-0002-3887-4008,openalex
A5052748246,https://openalex.org/A5052748246,Michiel Van De Panne,https://orcid.org/0000-0002-9123-3672,openalex
A5054621440,https://openalex.org/A5054621440,Almir Olivette Artero,https://orcid.org/0000-0001-6824-7251,openalex
A5042377165,https://openalex.org/A5042377165,Maria Cristina Ferreira De Oliveira,https://orcid.org/0000-0002-4729-5104,openalex
A5029374376,https://openalex.org/A5029374376,Haim Levkowitz,,openalex
A5097511412,https://openalex.org/A5097511412,N. Hoobler,,openalex
A5007913345,https://openalex.org/A5007913345,Gareth Humphreys,https://orcid.org/0000-0002-1666-5993,openalex
A5044271949,https://openalex.org/A5044271949,Matt Williams,https://orcid.org/0000-0003-2198-1058,openalex
A5016567178,https://openalex.org/A5016567178,Alfred Kobsa,https://orcid.org/0000-0002-7691-4955,openalex
A5100675221,https://openalex.org/A5100675221,Miao Jin,https://orcid.org/0000-0002-0054-4281,openalex
A5100740828,https://openalex.org/A5100740828,Yalin Wang,https://orcid.org/0000-0002-6241-735X,openalex
A5108688291,https://openalex.org/A5108688291,Shing Tung Yau,,openalex
A5080887618,https://openalex.org/A5080887618,Purvi Saraiya,,openalex
A5003876945,https://openalex.org/A5003876945,Karen Duca,,openalex
A5084369189,https://openalex.org/A5084369189,Alexandre Gillet,,openalex
A5010562544,https://openalex.org/A5010562544,Michel F. Sanner,https://orcid.org/0000-0001-9342-327X,openalex
A5085086912,https://openalex.org/A5085086912,Daniel Stoffler,,openalex
A5066884090,https://openalex.org/A5066884090,A. Roman,https://orcid.org/0000-0002-8406-7979,openalex
A5014747010,https://openalex.org/A5014747010,Gaurav Garg,https://orcid.org/0000-0001-8489-1266,openalex
A5108804931,https://openalex.org/A5108804931,Marc Levoy,,openalex
A5100643523,https://openalex.org/A5100643523,Huimin Xie,https://orcid.org/0000-0002-5717-5034,openalex
A5111217403,https://openalex.org/A5111217403,K.t. Mcdonnell,,openalex
A5068697849,https://openalex.org/A5068697849,D. Weiskopf,,openalex
A5062288739,https://openalex.org/A5062288739,Ken Brodlie,https://orcid.org/0009-0000-5502-6898,openalex
A5098373176,https://openalex.org/A5098373176,J. Duce,,openalex
A5109193118,https://openalex.org/A5109193118,Julian Gallop,,openalex
A5109223725,https://openalex.org/A5109223725,M. Sagar,,openalex
A5032501372,https://openalex.org/A5032501372,Jeremy Walton,https://orcid.org/0000-0001-7372-178X,openalex
A5020547967,https://openalex.org/A5020547967,John Carter Wood,https://orcid.org/0000-0003-0592-9049,openalex
A5039256169,https://openalex.org/A5039256169,Eric B. Lum,,openalex
A5000594918,https://openalex.org/A5000594918,Matthias Kreuseler,,openalex
A5101529436,https://openalex.org/A5101529436,Liu Feng,https://orcid.org/0000-0002-4598-845X,openalex
A5089885105,https://openalex.org/A5089885105,Roland Heilmann,,openalex
A5016072766,https://openalex.org/A5016072766,Brian Salomon,,openalex
A5059599640,https://openalex.org/A5059599640,Russell Gayle,,openalex
A5109932888,https://openalex.org/A5109932888,Markus Ruetten,,openalex
A5067973188,https://openalex.org/A5067973188,Ramsay Dyer,https://orcid.org/0000-0001-5083-7181,openalex
A5071183334,https://openalex.org/A5071183334,Miguel Á. Otaduy,https://orcid.org/0000-0002-3880-7622,openalex
A5056530126,https://openalex.org/A5056530126,Nitin Jain,https://orcid.org/0000-0003-3986-9697,openalex
A5113149232,https://openalex.org/A5113149232,A. Sud,,openalex
A5102878981,https://openalex.org/A5102878981,Ming C. Lin,https://orcid.org/0000-0003-3736-6949,openalex
A5064638062,https://openalex.org/A5064638062,Holly Rushmeier,https://orcid.org/0000-0001-5241-0886,openalex
A5067456877,https://openalex.org/A5067456877,Greg Turk,https://orcid.org/0000-0002-3419-6369,openalex
A5047692348,https://openalex.org/A5047692348,Jack Van Wijk,,openalex
A5047006398,https://openalex.org/A5047006398,Robert Strzodka,https://orcid.org/0000-0003-0468-0472,openalex
A5041837234,https://openalex.org/A5041837234,Christoph S. Garbe,,openalex
A5058618544,https://openalex.org/A5058618544,Steven Schkolne,,openalex
A5005861585,https://openalex.org/A5005861585,H. Ishii,,openalex
A5051948556,https://openalex.org/A5051948556,Peter Schröder,https://orcid.org/0000-0001-9084-7106,openalex
A5046061686,https://openalex.org/A5046061686,John Harer,,openalex
A5075567046,https://openalex.org/A5075567046,C.h. Lee,,openalex
A5066527489,https://openalex.org/A5066527489,Xuejun Hao,,openalex
A5012255877,https://openalex.org/A5012255877,Patrick Mccormick,https://orcid.org/0000-0002-8305-6709,openalex
A5043405378,https://openalex.org/A5043405378,Jeff Inman,,openalex
A5111556221,https://openalex.org/A5111556221,Gerhard Roth,,openalex
A5072259452,https://openalex.org/A5072259452,Matús Straka,,openalex
A5003490445,https://openalex.org/A5003490445,Michal Červeňanský,,openalex
A5026801564,https://openalex.org/A5026801564,Alexandra La Cruz,https://orcid.org/0000-0001-6052-2933,openalex
A5008914452,https://openalex.org/A5008914452,Dominik Fleischmann,https://orcid.org/0000-0003-0715-0952,openalex
A5018503965,https://openalex.org/A5018503965,Martin Kraus,https://orcid.org/0000-0002-0331-051X,openalex
A5031027560,https://openalex.org/A5031027560,Nathan Gossett,,openalex
A5030896164,https://openalex.org/A5030896164,Chandrajit Bajaj,https://orcid.org/0000-0002-9619-3278,openalex
A5031984771,https://openalex.org/A5031984771,Peter Djeu,,openalex
A5015603155,https://openalex.org/A5015603155,Vinay Siddavanahalli,,openalex
A5097749307,https://openalex.org/A5097749307,A. Thane,,openalex
A5110429168,https://openalex.org/A5110429168,N. Duric,,openalex
A5009996040,https://openalex.org/A5009996040,Greg Turk,,openalex
A5006866152,https://openalex.org/A5006866152,Michael Granitzer,https://orcid.org/0000-0003-3566-5507,openalex
A5031166875,https://openalex.org/A5031166875,Wolfgang Kienreich,,openalex
A5012164072,https://openalex.org/A5012164072,Vedran Sabol,https://orcid.org/0000-0002-0599-445X,openalex
A5072207781,https://openalex.org/A5072207781,Keith Andrews,,openalex
A5033474694,https://openalex.org/A5033474694,Werner Klieber,,openalex
A5029812935,https://openalex.org/A5029812935,Ethan Perry,,openalex
A5088769444,https://openalex.org/A5088769444,E. Howe,,openalex
A5022982409,https://openalex.org/A5022982409,Judith Donath,,openalex
A5100459985,https://openalex.org/A5100459985,Jing Yang,https://orcid.org/0000-0002-5973-248X,openalex
A5088697168,https://openalex.org/A5088697168,Arpita Patro,,openalex
A5044070229,https://openalex.org/A5044070229,Shiping Huang,https://orcid.org/0000-0001-8115-8368,openalex
A5017965188,https://openalex.org/A5017965188,N. Mehta,,openalex
A5100331327,https://openalex.org/A5100331327,Nan Zhang,https://orcid.org/0000-0003-1517-2545,openalex
A5086735275,https://openalex.org/A5086735275,Étienne Parkinson,,openalex
A5012919545,https://openalex.org/A5012919545,G. Schussman,,openalex
A5110308970,https://openalex.org/A5110308970,K. L. Ma,,openalex
A5028074195,https://openalex.org/A5028074195,Michael Griebel,https://orcid.org/0000-0002-3147-6680,openalex
A5102789360,https://openalex.org/A5102789360,Tobias Preußer,https://orcid.org/0000-0002-4339-8675,openalex
A5063603168,https://openalex.org/A5063603168,Martin Rumpf,https://orcid.org/0000-0001-6049-9390,openalex
A5079350674,https://openalex.org/A5079350674,Marc Alexander Schweitzer,https://orcid.org/0009-0007-7773-5186,openalex
A5014773555,https://openalex.org/A5014773555,Emden R. Gansner,,openalex
A5109700467,https://openalex.org/A5109700467,S. Prohaska,,openalex
A5068397167,https://openalex.org/A5068397167,Andrei Hutanu,,openalex
A5060939423,https://openalex.org/A5060939423,Ralf Kähler,,openalex
A5036242744,https://openalex.org/A5036242744,Kaden R. A. Hazzard,https://orcid.org/0000-0003-2894-7274,openalex
A5011513930,https://openalex.org/A5011513930,John Wilkins,https://orcid.org/0000-0001-7596-2966,openalex
A5055548595,https://openalex.org/A5055548595,André Neubauer,,openalex
A5025312015,https://openalex.org/A5025312015,Lukas Mroz,,openalex
A5080438656,https://openalex.org/A5080438656,R. Wegenkittl,,openalex
A5083994967,https://openalex.org/A5083994967,M. T. Forster,,openalex
A5085283552,https://openalex.org/A5085283552,L.m. Hwa,,openalex
A5000102893,https://openalex.org/A5000102893,David Akers,,openalex
A5029463759,https://openalex.org/A5029463759,Anthony J. Sherbondy,,openalex
A5054301814,https://openalex.org/A5054301814,R. Mackenzie,,openalex
A5049315614,https://openalex.org/A5049315614,Robert F. Dougherty,https://orcid.org/0000-0002-1254-5943,openalex
A5074011246,https://openalex.org/A5074011246,Brian A. Wandell,https://orcid.org/0000-0002-2974-1836,openalex
A5107914650,https://openalex.org/A5107914650,A. Li,https://orcid.org/0000-0002-4547-116X,openalex
A5101940168,https://openalex.org/A5101940168,Thomas Ernst,https://orcid.org/0000-0003-1211-7655,openalex
A5042990540,https://openalex.org/A5042990540,Simon Stegmaier,,openalex
A5105806010,https://openalex.org/A5105806010,M. Brasher,,openalex
A5102762247,https://openalex.org/A5102762247,Wei Chen,https://orcid.org/0000-0002-0382-5273,openalex
A5014079156,https://openalex.org/A5014079156,Matthias Zwicker,https://orcid.org/0000-0001-8630-5515,openalex
A5076085101,https://openalex.org/A5076085101,K. Santilli,,openalex
A5081082727,https://openalex.org/A5081082727,K. G. Bemis,https://orcid.org/0000-0002-0982-7034,openalex
A5013890093,https://openalex.org/A5013890093,J. Dastur,,openalex
A5018921434,https://openalex.org/A5018921434,Peter A. Rona,,openalex
A5091282740,https://openalex.org/A5091282740,M.j. Mcguffin,,openalex
A5089341123,https://openalex.org/A5089341123,G. Davison,,openalex
A5079287966,https://openalex.org/A5079287966,R. Balakrishnan,,openalex
A5024608725,https://openalex.org/A5024608725,Sarang Lakare,,openalex
A5008100854,https://openalex.org/A5008100854,Fabien Jourdan,https://orcid.org/0000-0001-9401-2894,openalex
A5070966718,https://openalex.org/A5070966718,Guy Mélançon,https://orcid.org/0000-0003-3193-7261,openalex
A5042739321,https://openalex.org/A5042739321,Dong Xue,https://orcid.org/0000-0001-6364-6499,openalex
A5109625534,https://openalex.org/A5109625534,C. Zhang,,openalex
A5006952014,https://openalex.org/A5006952014,Roger Crawfis,https://orcid.org/0000-0002-5667-2741,openalex
A5029660064,https://openalex.org/A5029660064,Dennis Jen,,openalex
A5024027818,https://openalex.org/A5024027818,Paola Parente,https://orcid.org/0000-0003-0591-6723,openalex
A5108851816,https://openalex.org/A5108851816,J. Albert Robbins,,openalex
A5004431926,https://openalex.org/A5004431926,R.m. Taylor,,openalex
A5001856150,https://openalex.org/A5001856150,A Burette,https://orcid.org/0000-0002-8926-8606,openalex
A5012557712,https://openalex.org/A5012557712,Robert A. Weinberg,https://orcid.org/0000-0002-0895-3557,openalex
A5090435854,https://openalex.org/A5090435854,Bartosz Von Rymon Lipinski,https://orcid.org/0000-0002-0056-5058,openalex
A5049166417,https://openalex.org/A5049166417,N. Hanssen,,openalex
A5041704511,https://openalex.org/A5041704511,Thomas Jansen,,openalex
A5061319610,https://openalex.org/A5061319610,Lutz Ritter,,openalex
A5089933973,https://openalex.org/A5089933973,Erwin Keeve,,openalex
A5056115552,https://openalex.org/A5056115552,Qiang Du,https://orcid.org/0000-0002-1067-8937,openalex
A5060588353,https://openalex.org/A5060588353,X. Wang,,openalex
A5034723250,https://openalex.org/A5034723250,Ken Museth,https://orcid.org/0000-0002-9926-780X,openalex
A5048296805,https://openalex.org/A5048296805,Santiago Lombeyda,https://orcid.org/0000-0003-0684-7889,openalex
A5086446492,https://openalex.org/A5086446492,K. Mueller,,openalex
A5069204507,https://openalex.org/A5069204507,Xiaoming Wei,,openalex
A5029293755,https://openalex.org/A5029293755,Heike Lorenz,https://orcid.org/0000-0001-7608-0092,openalex
A5101515386,https://openalex.org/A5101515386,Jianning Wang,https://orcid.org/0000-0003-2278-7660,openalex
A5088132685,https://openalex.org/A5088132685,S. Yoakum Stover,,openalex
A5108794610,https://openalex.org/A5108794610,David Crawford,,openalex
A5104092128,https://openalex.org/A5104092128,Min Yu Huang,,openalex
A5108110335,https://openalex.org/A5108110335,Scott Klasky,,openalex
A5078217605,https://openalex.org/A5078217605,S. Ethier,https://orcid.org/0000-0002-2666-8733,openalex
A5101702273,https://openalex.org/A5101702273,Liying Sun,,openalex
A5017215443,https://openalex.org/A5017215443,R.k. Batra,https://orcid.org/0000-0002-4476-5107,openalex
A5101555623,https://openalex.org/A5101555623,Xiaolei Shi,https://orcid.org/0000-0002-2085-8464,openalex
A5110998886,https://openalex.org/A5110998886,L. Hesselink,,openalex
A5075564747,https://openalex.org/A5075564747,Kevin Wampler,https://orcid.org/0009-0005-1780-6814,openalex
A5077270817,https://openalex.org/A5077270817,L. Voinea,,openalex
A5029305643,https://openalex.org/A5029305643,J.j. Van Wijk,,openalex
A5021634649,https://openalex.org/A5021634649,S. Havre,,openalex
A5033627353,https://openalex.org/A5033627353,Manish Singhal,https://orcid.org/0009-0004-5487-2936,openalex
A5002421200,https://openalex.org/A5002421200,Deborah Payne,https://orcid.org/0000-0001-6499-4225,openalex
A5020443342,https://openalex.org/A5020443342,Bobbie‐jo Webb‐robertson,https://orcid.org/0000-0002-4744-2397,openalex
A5091537826,https://openalex.org/A5091537826,Robert B. Haber,https://orcid.org/0000-0001-8471-8180,openalex
A5035221985,https://openalex.org/A5035221985,Dirc Rose,,openalex
A5007498387,https://openalex.org/A5007498387,Rebecca M. Brannon,https://orcid.org/0000-0002-9432-4107,openalex
A5084869623,https://openalex.org/A5084869623,David Coblentz,https://orcid.org/0000-0003-2889-2218,openalex
A5078691743,https://openalex.org/A5078691743,Yan Jen Su,,openalex
A5039676788,https://openalex.org/A5039676788,Carl K. Chang,https://orcid.org/0000-0001-6734-7082,openalex
A5069607494,https://openalex.org/A5069607494,Kay A. Robbins,https://orcid.org/0000-0002-7147-5797,openalex
A5004363700,https://openalex.org/A5004363700,Mark Robinson,https://orcid.org/0000-0002-4115-1193,openalex
A5111699781,https://openalex.org/A5111699781,David M. Senseman,,openalex
A5107848298,https://openalex.org/A5107848298,Y. Kim,,openalex
A5059125158,https://openalex.org/A5059125158,Tolga Taşdizen,https://orcid.org/0000-0001-6574-0366,openalex
A5025089950,https://openalex.org/A5025089950,L. Tancau,,openalex
A5073690794,https://openalex.org/A5073690794,Christoph Berger,https://orcid.org/0000-0002-0832-5526,openalex
A5046484658,https://openalex.org/A5046484658,Gareth Daniel,,openalex
A5090732180,https://openalex.org/A5090732180,Nelson Wong,,openalex
A5103114181,https://openalex.org/A5103114181,Saul Greenberg,https://orcid.org/0000-0003-0174-9665,openalex
A5000079053,https://openalex.org/A5000079053,Manfred Weiler,,openalex
A5040132381,https://openalex.org/A5040132381,Markus Merz,https://orcid.org/0000-0001-8778-1134,openalex
A5091867930,https://openalex.org/A5091867930,Bruno Jobard,,openalex
A5077973472,https://openalex.org/A5077973472,Frank Losasso,,openalex
A5045900083,https://openalex.org/A5045900083,John W. Rick,https://orcid.org/0000-0002-6896-5525,openalex
A5088912607,https://openalex.org/A5088912607,Michael Houston,https://orcid.org/0000-0002-1951-084X,openalex
A5056555647,https://openalex.org/A5056555647,Sandy Napel,https://orcid.org/0000-0002-6876-5507,openalex
A5028841214,https://openalex.org/A5028841214,Simon Premože,,openalex
A5020652905,https://openalex.org/A5020652905,M. Ikits,,openalex
A5087647732,https://openalex.org/A5087647732,Aaron Lefohn,https://orcid.org/0009-0002-6526-0922,openalex
A5060920196,https://openalex.org/A5060920196,Emil Praun,,openalex
A5072370411,https://openalex.org/A5072370411,Bernard J Kerr,https://orcid.org/0000-0002-3114-7510,openalex
A5032861992,https://openalex.org/A5032861992,Sidney A. Morris,https://orcid.org/0000-0002-0361-576X,openalex
A5038872222,https://openalex.org/A5038872222,Tobias Skog,,openalex
A5006374657,https://openalex.org/A5006374657,Sara Ljungblad,https://orcid.org/0000-0002-2751-9801,openalex
A5054762743,https://openalex.org/A5054762743,Lars Erik Holmquist,https://orcid.org/0000-0003-0229-2345,openalex
A5059711728,https://openalex.org/A5059711728,J. Ebling,,openalex
A5025997249,https://openalex.org/A5025997249,Liran Carmel,https://orcid.org/0000-0003-0225-8550,openalex
A5114182549,https://openalex.org/A5114182549,A. James Stewart,,openalex
A5112130372,https://openalex.org/A5112130372,Timothy Urness,,openalex
A5068628707,https://openalex.org/A5068628707,Ivan Maruŝiĉ,https://orcid.org/0000-0003-2700-8435,openalex
A5032508993,https://openalex.org/A5032508993,Ellen K. Longmire,https://orcid.org/0000-0002-3479-3358,openalex
A5040013655,https://openalex.org/A5040013655,Bharathram Ganapathisubramani,https://orcid.org/0000-0001-9817-0486,openalex
A5043708533,https://openalex.org/A5043708533,D. Xiping,,openalex
A5113668181,https://openalex.org/A5113668181,Franklin A. Hardisty,,openalex
A5067163020,https://openalex.org/A5067163020,Eugene J. Lengerich,https://orcid.org/0000-0001-9872-1647,openalex
A5075780861,https://openalex.org/A5075780861,Gordon Erlebacher,https://orcid.org/0000-0001-9793-0439,openalex
A5006553379,https://openalex.org/A5006553379,W.a.a. Nuij,,openalex
A5084754494,https://openalex.org/A5084754494,Roger Tam,https://orcid.org/0000-0002-4593-2587,openalex
A5073712698,https://openalex.org/A5073712698,Wolfgang Heidrich,https://orcid.org/0000-0002-4227-8508,openalex
A5084895364,https://openalex.org/A5084895364,J. Dean Brederson,,openalex
A5112103083,https://openalex.org/A5112103083,C. Richard Johnson,,openalex
A5004770347,https://openalex.org/A5004770347,Leonid Zhukov,https://orcid.org/0000-0003-2604-1057,openalex
A5029476039,https://openalex.org/A5029476039,Alan H. Barr,,openalex
A5065022341,https://openalex.org/A5065022341,Dirk Mayer,https://orcid.org/0000-0001-7557-9019,openalex
A5112573944,https://openalex.org/A5112573944,J. Fischer,,openalex
A5015858944,https://openalex.org/A5015858944,Sebastian Ley,https://orcid.org/0000-0001-9269-2670,openalex
A5044180020,https://openalex.org/A5044180020,Ángel Del Rı́o,https://orcid.org/0000-0003-1272-173X,openalex
A5001240653,https://openalex.org/A5001240653,Stefanie Thust,https://orcid.org/0000-0001-5136-6000,openalex
A5064807273,https://openalex.org/A5064807273,Claus Peter Heußel,https://orcid.org/0000-0001-5809-5733,openalex
A5021850789,https://openalex.org/A5021850789,Hans‐ulrich Kauczor,https://orcid.org/0000-0002-6730-9462,openalex
A5109163772,https://openalex.org/A5109163772,Wolfgang Straßer,,openalex
A5100318366,https://openalex.org/A5100318366,Wei Li,https://orcid.org/0000-0003-1130-4336,openalex
A5062554035,https://openalex.org/A5062554035,Matthias Hopf,,openalex
A5071523897,https://openalex.org/A5071523897,László Szirmay‐kalos,https://orcid.org/0000-0002-8523-2315,openalex
A5031222275,https://openalex.org/A5031222275,Gokul Varadhan,,openalex
A5017504840,https://openalex.org/A5017504840,Shankar Krishnan,https://orcid.org/0000-0002-0374-1352,openalex
A5100387388,https://openalex.org/A5100387388,Young J. Kim,https://orcid.org/0000-0003-2159-4832,openalex
A5041321734,https://openalex.org/A5041321734,Marjan Trutschl,https://orcid.org/0000-0002-4789-9039,openalex
A5036516049,https://openalex.org/A5036516049,Urška Cvek,https://orcid.org/0000-0003-2042-6415,openalex
A5070145952,https://openalex.org/A5070145952,James Vanderhyde,,openalex
A5112862357,https://openalex.org/A5112862357,Runzhen Huang,,openalex
A5085126765,https://openalex.org/A5085126765,William C. Ward,https://orcid.org/0009-0002-0139-6935,openalex
A5003908398,https://openalex.org/A5003908398,Michael Halle,https://orcid.org/0000-0002-0768-3233,openalex
A5113115069,https://openalex.org/A5113115069,Jiawei Meng,https://orcid.org/0009-0000-7815-1333,openalex
A5038199169,https://openalex.org/A5038199169,K. Riley,,openalex
A5077256212,https://openalex.org/A5077256212,Jason J. Levit,,openalex
A5109181732,https://openalex.org/A5109181732,Soon Tee Teoh,,openalex
A5088633029,https://openalex.org/A5088633029,S. Felix Wu,https://orcid.org/0000-0003-4644-569X,openalex
A5079825775,https://openalex.org/A5079825775,Christoph Csallner,https://orcid.org/0000-0003-0896-6902,openalex
A5007170803,https://openalex.org/A5007170803,Marcus Handte,https://orcid.org/0000-0003-4054-1306,openalex
A5057272815,https://openalex.org/A5057272815,Oliver Lehmann,https://orcid.org/0000-0002-2676-4741,openalex
A5108376919,https://openalex.org/A5108376919,Ming Wan,,openalex
A5008318051,https://openalex.org/A5008318051,William A. Mcneely,,openalex
A5110921557,https://openalex.org/A5110921557,Stephen Linton,,openalex
A5004344524,https://openalex.org/A5004344524,Dominique Brodbeck,https://orcid.org/0000-0001-8068-5828,openalex
A5086454426,https://openalex.org/A5086454426,Luc Girardin,https://orcid.org/0000-0002-8979-8228,openalex
A5108797534,https://openalex.org/A5108797534,Chace Co,,openalex
A5030334093,https://openalex.org/A5030334093,B. Heckel,,openalex
A5008880046,https://openalex.org/A5008880046,Mark Derthick,,openalex
A5086047097,https://openalex.org/A5086047097,Michael G. Christel,https://orcid.org/0000-0002-2660-2515,openalex
A5107836252,https://openalex.org/A5107836252,Alexander G. Hauptmann,,openalex
A5024680936,https://openalex.org/A5024680936,Howard D. Wactlar,,openalex
A5016509863,https://openalex.org/A5016509863,G.e. Rosario,,openalex
A5005689123,https://openalex.org/A5005689123,David C. Brown,https://orcid.org/0000-0002-2493-636X,openalex
A5068342498,https://openalex.org/A5068342498,Dan Adams,,openalex
A5110798952,https://openalex.org/A5110798952,Laurent Saroul,,openalex
A5114203898,https://openalex.org/A5114203898,S. Gerlach,,openalex
A5000145300,https://openalex.org/A5000145300,R.d. Herch,,openalex
A5103082414,https://openalex.org/A5103082414,Paul Craig,https://orcid.org/0000-0002-9991-8238,openalex
A5026838436,https://openalex.org/A5026838436,Oliver Kreylos,https://orcid.org/0000-0003-0017-525X,openalex
A5009354743,https://openalex.org/A5009354743,Silvia Crivelli,https://orcid.org/0000-0003-1919-1890,openalex
A5073468085,https://openalex.org/A5073468085,M.p. Persoon,,openalex
A5050715942,https://openalex.org/A5050715942,Iwo W. O. Serlie,,openalex
A5022467818,https://openalex.org/A5022467818,Ariel Shamir,https://orcid.org/0000-0001-7082-7845,openalex
A5091393556,https://openalex.org/A5091393556,Donna L. Gresh,,openalex
A5006399107,https://openalex.org/A5006399107,E.i. Kelton,,openalex
A5038561492,https://openalex.org/A5038561492,Alistair Morrison,https://orcid.org/0000-0001-7766-8373,openalex
A5089129937,https://openalex.org/A5089129937,Matthew Chalmers,https://orcid.org/0000-0001-9816-668X,openalex
A5030208731,https://openalex.org/A5030208731,Dieter Hönigmann,,openalex
A5006058406,https://openalex.org/A5006058406,Johannes Ruisz,,openalex
A5051278816,https://openalex.org/A5051278816,Clifton R. Haider,https://orcid.org/0000-0002-5869-432X,openalex
A5078505477,https://openalex.org/A5078505477,R. Spell,,openalex
A5113455173,https://openalex.org/A5113455173,R. Brady,,openalex
A5027277768,https://openalex.org/A5027277768,F. Dierich,,openalex
A5008632512,https://openalex.org/A5008632512,Ye Zhao,https://orcid.org/0000-0002-8180-4697,openalex
A5011415375,https://openalex.org/A5011415375,Daniel Glaser,,openalex
A5080272618,https://openalex.org/A5080272618,Rebecca K Tan,,openalex
A5089723214,https://openalex.org/A5089723214,John Canny,https://orcid.org/0000-0002-7161-7927,openalex
A5057984570,https://openalex.org/A5057984570,Sami A. Kilic,https://orcid.org/0000-0002-0334-340X,openalex
A5007488557,https://openalex.org/A5007488557,Mete A. Sözen,,openalex
A5111607390,https://openalex.org/A5111607390,Stephen P. Meador,,openalex
A5027783320,https://openalex.org/A5027783320,Junbong Jang,https://orcid.org/0000-0001-5500-7558,openalex
A5088124321,https://openalex.org/A5088124321,Ran Shao,,openalex
A5101963152,https://openalex.org/A5101963152,Ayush Kumar,https://orcid.org/0000-0002-5174-9906,openalex
A5073883269,https://openalex.org/A5073883269,Tom Welsh,,openalex
A5057257940,https://openalex.org/A5057257940,Greg Ross,,openalex
A5041898226,https://openalex.org/A5041898226,Vasily Volkov,,openalex
A5037788925,https://openalex.org/A5037788925,Ling Li,https://orcid.org/0000-0001-9722-9503,openalex
A5052922425,https://openalex.org/A5052922425,Danhang Tang,https://orcid.org/0000-0001-6164-8263,openalex
A5065913646,https://openalex.org/A5065913646,R. Bosche,,openalex
A5082437427,https://openalex.org/A5082437427,Wendy J. Plesniak,,openalex
A5023208947,https://openalex.org/A5023208947,Steve Pieper,https://orcid.org/0000-0003-4193-9578,openalex
A5021319515,https://openalex.org/A5021319515,William Wells,https://orcid.org/0000-0002-9172-1043,openalex
A5031976982,https://openalex.org/A5031976982,M. Jakab,https://orcid.org/0009-0004-8687-4311,openalex
A5071170000,https://openalex.org/A5071170000,Dominik Meier,https://orcid.org/0000-0003-3680-8426,openalex
A5112225283,https://openalex.org/A5112225283,S. Benton,,openalex
A5005090248,https://openalex.org/A5005090248,R.g. Guttmann,,openalex
A5012263767,https://openalex.org/A5012263767,Ron Kikinis,https://orcid.org/0000-0001-7227-7058,openalex
A5005424586,https://openalex.org/A5005424586,W.h. Jimenez,,openalex
A5108445695,https://openalex.org/A5108445695,W. Correa,,openalex
A5064075576,https://openalex.org/A5064075576,C.t. Silva,,openalex
A5013644294,https://openalex.org/A5013644294,António M. Baptista,https://orcid.org/0000-0002-7641-5937,openalex
A5053494397,https://openalex.org/A5053494397,Paul Adams,,openalex
A5060113946,https://openalex.org/A5060113946,Douglas G. Dommermuth,,openalex
A5109089684,https://openalex.org/A5109089684,Robert Albert,,openalex
A5034277129,https://openalex.org/A5034277129,Noah Syroid,https://orcid.org/0000-0002-8165-4078,openalex
A5069422375,https://openalex.org/A5069422375,Y. Zhang,,openalex
A5016698200,https://openalex.org/A5016698200,Frank A. Drews,https://orcid.org/0000-0003-4263-4602,openalex
A5053686308,https://openalex.org/A5053686308,David L. Strayer,https://orcid.org/0000-0002-1653-730X,openalex
A5041991793,https://openalex.org/A5041991793,George K. Hutchinson,,openalex
A5068728742,https://openalex.org/A5068728742,Dwayne R. Westenskow,,openalex
A5100654446,https://openalex.org/A5100654446,Sung Hee Kim,https://orcid.org/0000-0001-9204-4868,openalex
A5043951647,https://openalex.org/A5043951647,Kenneth L. Summers,,openalex
A5033502364,https://openalex.org/A5033502364,Timothy E. Goldsmith,,openalex
A5017174269,https://openalex.org/A5017174269,Steven Kubica,,openalex
A5112896879,https://openalex.org/A5112896879,Thomas P. Caudell,,openalex
A5100420423,https://openalex.org/A5100420423,Hong Chen,https://orcid.org/0000-0002-2035-6851,openalex
A5100438883,https://openalex.org/A5100438883,Qin Li,https://orcid.org/0000-0001-6393-3236,openalex
A5072048687,https://openalex.org/A5072048687,Mark V. Pauly,https://orcid.org/0000-0003-4957-4825,openalex
A5036300670,https://openalex.org/A5036300670,Leif Kobbelt,https://orcid.org/0000-0002-7880-9470,openalex
A5082103604,https://openalex.org/A5082103604,Florian Ledermann,https://orcid.org/0000-0001-7559-3531,openalex
A5023120167,https://openalex.org/A5023120167,Paul Burchard,,openalex
A5002037883,https://openalex.org/A5002037883,Stanley Osher,https://orcid.org/0000-0002-7900-4658,openalex
A5020719193,https://openalex.org/A5020719193,Michael Wand,https://orcid.org/0000-0003-0966-7824,openalex
A5002810034,https://openalex.org/A5002810034,J. Gonser,,openalex
A5086910660,https://openalex.org/A5086910660,Jesse Grosjean,,openalex
A5041421653,https://openalex.org/A5041421653,P. Felkel,https://orcid.org/0000-0002-0782-7137,openalex
A5100325128,https://openalex.org/A5100325128,Han Chen,https://orcid.org/0000-0002-8602-0779,openalex
A5066107323,https://openalex.org/A5066107323,Rahul Sukthankar,,openalex
A5085041872,https://openalex.org/A5085041872,G. Wallace,https://orcid.org/0000-0003-0691-6944,openalex
A5100399944,https://openalex.org/A5100399944,Kai Li,https://orcid.org/0000-0002-8336-9684,openalex
A5004224909,https://openalex.org/A5004224909,Olga Sorkine,,openalex
A5010224263,https://openalex.org/A5010224263,Rony Goldenthal,,openalex
A5016988098,https://openalex.org/A5016988098,Joshua Levenberg,,openalex
A5086753450,https://openalex.org/A5086753450,Pierre Alliez,https://orcid.org/0000-0002-6214-4005,openalex
A5009902744,https://openalex.org/A5009902744,Erik Reinhard,https://orcid.org/0000-0001-9079-6572,openalex
A5059426161,https://openalex.org/A5059426161,Sarah H. Creem,,openalex
A5049317554,https://openalex.org/A5049317554,Carsten Colditz,,openalex
A5036108100,https://openalex.org/A5036108100,George Drettakis,https://orcid.org/0000-0002-9254-4819,openalex
A5062007756,https://openalex.org/A5062007756,Kree Cole Mclaughlin,,openalex
A5033303585,https://openalex.org/A5033303585,Marc Antonijuan,,openalex
A5087581749,https://openalex.org/A5087581749,Roberto Lario,,openalex
A5061021795,https://openalex.org/A5061021795,Michael Gertz,https://orcid.org/0000-0003-4530-6110,openalex
A5003138495,https://openalex.org/A5003138495,Eric J. Luke,,openalex
A5025147185,https://openalex.org/A5025147185,Christopher Morris,https://orcid.org/0000-0002-0465-1068,openalex
A5053259123,https://openalex.org/A5053259123,Alla Sheffer,https://orcid.org/0000-0001-9251-3716,openalex
A5109881550,https://openalex.org/A5109881550,Christopher Olston,,openalex
A5061470055,https://openalex.org/A5061470055,Benjamin F. Gregorski,,openalex
A5069058817,https://openalex.org/A5069058817,Xiaoliang Zhao,https://orcid.org/0000-0002-5930-6675,openalex
A5082193236,https://openalex.org/A5082193236,Eric Shaffer,https://orcid.org/0009-0007-8656-7225,openalex
A5025940312,https://openalex.org/A5025940312,Reinhard Sainitzer,,openalex
A5085693728,https://openalex.org/A5085693728,Z. Karni,https://orcid.org/0000-0003-3155-6776,openalex
A5002197352,https://openalex.org/A5002197352,A. Bogomjakov,,openalex
A5075360338,https://openalex.org/A5075360338,Craig Gotsman,https://orcid.org/0000-0001-8579-3588,openalex
A5016894020,https://openalex.org/A5016894020,Christopher Decoro,,openalex
A5063572090,https://openalex.org/A5063572090,Stephen Mann,https://orcid.org/0000-0001-8528-2921,openalex
A5110160613,https://openalex.org/A5110160613,Alyn Rockwood,,openalex
A5028768474,https://openalex.org/A5028768474,Benjamin Mora,https://orcid.org/0000-0002-2945-3519,openalex
A5082522967,https://openalex.org/A5082522967,Jean‐pierre Jessel,https://orcid.org/0000-0001-7197-2235,openalex
A5059697947,https://openalex.org/A5059697947,René Caubet,,openalex
A5110702946,https://openalex.org/A5110702946,P. Chopra,,openalex
A5035169954,https://openalex.org/A5035169954,Klaus Engel,https://orcid.org/0009-0001-1423-898X,openalex
A5069045598,https://openalex.org/A5069045598,Wolf Spindler,,openalex
A5113939002,https://openalex.org/A5113939002,H. O. Peitgen,,openalex
A5108385048,https://openalex.org/A5108385048,Steve Corman,,openalex
A5058628582,https://openalex.org/A5058628582,G. Grigoryan,,openalex
A5025354167,https://openalex.org/A5025354167,Tamal K. Dey,https://orcid.org/0000-0001-5160-9738,openalex
A5081780591,https://openalex.org/A5081780591,James F. Hudson,,openalex
A5088778612,https://openalex.org/A5088778612,David Harel,https://orcid.org/0000-0001-7240-3931,openalex
A5084411100,https://openalex.org/A5084411100,Andreas Sigfridsson,https://orcid.org/0000-0001-6385-4458,openalex
A5062805121,https://openalex.org/A5062805121,Tino Ebbers,https://orcid.org/0000-0003-1395-8296,openalex
A5033612572,https://openalex.org/A5033612572,Einar Heiberg,https://orcid.org/0000-0003-2848-3326,openalex
A5111998692,https://openalex.org/A5111998692,Lars Wigström,,openalex
A5079619886,https://openalex.org/A5079619886,Thomas Funkhouser,,openalex
A5090465368,https://openalex.org/A5090465368,Dimah Yanovsky,,openalex
A5065813500,https://openalex.org/A5065813500,Ingrid Carlbom,,openalex
A5005641632,https://openalex.org/A5005641632,E. Zhang,,openalex
A5111907242,https://openalex.org/A5111907242,Patrick Hanrahan,,openalex
A5045751338,https://openalex.org/A5045751338,Stanislav L. Stoev,,openalex
A5072338549,https://openalex.org/A5072338549,Steve Sylvester,,openalex
A5112716716,https://openalex.org/A5112716716,Donna Cox,,openalex
A5113450727,https://openalex.org/A5113450727,Robert Patterson,,openalex
A5064569774,https://openalex.org/A5064569774,Stuart Levy,https://orcid.org/0000-0002-5117-3724,openalex
A5070654925,https://openalex.org/A5070654925,E.b. Lum,,openalex
A5036187752,https://openalex.org/A5036187752,A. Stompel,,openalex
A5041666965,https://openalex.org/A5041666965,Lucy Nowell,,openalex
A5065909000,https://openalex.org/A5065909000,Robert S. Schulman,,openalex
A5111526853,https://openalex.org/A5111526853,Deborah Hix,,openalex
A5054266030,https://openalex.org/A5054266030,Dirk Bauer,,openalex
A5054229279,https://openalex.org/A5054229279,Masahiro Sato,https://orcid.org/0000-0001-9606-1104,openalex
A5050588038,https://openalex.org/A5050588038,Johannes Schmidt Ehrenberg,,openalex
A5052630735,https://openalex.org/A5052630735,Quang Vinh Nguyễn,https://orcid.org/0000-0002-0815-6224,openalex
A5077824437,https://openalex.org/A5077824437,Mao Lin Huang,https://orcid.org/0000-0002-6896-6480,openalex
A5060225217,https://openalex.org/A5060225217,Nathan Conklin,,openalex
A5100863703,https://openalex.org/A5100863703,Varun Saini,,openalex
A5102325661,https://openalex.org/A5102325661,Hua‐lin Zhou,,openalex
A5069151044,https://openalex.org/A5069151044,M.f. Webster,,openalex
A5038998698,https://openalex.org/A5038998698,Jihad El‐sana,https://orcid.org/0000-0002-1164-7040,openalex
A5083255118,https://openalex.org/A5083255118,Eitan Bachmat,https://orcid.org/0000-0001-7153-100X,openalex
A5073501210,https://openalex.org/A5073501210,Saikumar Jayaraman,,openalex
A5022172511,https://openalex.org/A5022172511,Bill Lloyd,,openalex
A5011328209,https://openalex.org/A5011328209,Parris K. Egbert,https://orcid.org/0000-0002-9699-936X,openalex
A5110218178,https://openalex.org/A5110218178,Charles A. Baker,,openalex
A5018647103,https://openalex.org/A5018647103,M. Sheelagh T. Carpendale,,openalex
A5086990150,https://openalex.org/A5086990150,Przemysław Prusinkiewicz,https://orcid.org/0000-0002-1338-7086,openalex
A5033893131,https://openalex.org/A5033893131,Michael G. Surette,https://orcid.org/0000-0003-0086-4995,openalex
A5102862658,https://openalex.org/A5102862658,Xiaoming Wei,https://orcid.org/0000-0002-6788-4790,openalex
A5100318215,https://openalex.org/A5100318215,Wei Li,https://orcid.org/0000-0002-5286-0067,openalex
A5024030009,https://openalex.org/A5024030009,K. Mueller,,openalex
A5003410053,https://openalex.org/A5003410053,A. Kaufman,,openalex
A5061644705,https://openalex.org/A5061644705,David E. Breen,https://orcid.org/0000-0002-1376-5008,openalex
A5014057564,https://openalex.org/A5014057564,Antonio Fernández Anta,https://orcid.org/0000-0001-6501-2377,openalex
A5026249491,https://openalex.org/A5026249491,A. Vilanova Bartrolí,,openalex
A5046000210,https://openalex.org/A5046000210,Mary Knapp,,openalex
A5024857997,https://openalex.org/A5024857997,Stefan Röttger,https://orcid.org/0000-0002-3036-7546,openalex
A5112174631,https://openalex.org/A5112174631,Y Suzuki,,openalex
A5009288945,https://openalex.org/A5009288945,L. Chen,,openalex
A5082289640,https://openalex.org/A5082289640,Hiroko Nakamura,https://orcid.org/0000-0003-3036-7877,openalex
A5082928240,https://openalex.org/A5082928240,Sandeep Prabhakar,,openalex
A5080267853,https://openalex.org/A5080267853,Bruce Lowekamp,,openalex
A5052011548,https://openalex.org/A5052011548,T.s. Yoo,https://orcid.org/0009-0004-4315-2626,openalex
A5078869477,https://openalex.org/A5078869477,John R. Grant,https://orcid.org/0000-0001-6592-8051,openalex
A5027927334,https://openalex.org/A5027927334,James J. O’brien,https://orcid.org/0000-0002-7665-7127,openalex
A5108192133,https://openalex.org/A5108192133,Christopher J. Garasi,,openalex
A5042749880,https://openalex.org/A5042749880,Laurent Balmelli,,openalex
A5084203791,https://openalex.org/A5084203791,Gabriel Taubin,https://orcid.org/0000-0002-1983-7607,openalex
A5111474310,https://openalex.org/A5111474310,Fausto Bernardini,,openalex
A5020796693,https://openalex.org/A5020796693,Olugbenga Omoteso,,openalex
A5045801671,https://openalex.org/A5045801671,Thad﻿ Starner﻿﻿,https://orcid.org/0000-0001-8442-7842,openalex
A5090693390,https://openalex.org/A5090693390,Larry F. Hodges,https://orcid.org/0000-0002-6193-7775,openalex
A5111105324,https://openalex.org/A5111105324,S. Bergner,,openalex
A5052058643,https://openalex.org/A5052058643,Mark S. Drew,,openalex
A5080437616,https://openalex.org/A5080437616,Graham D. Finlayson,https://orcid.org/0000-0003-4040-0554,openalex
A5100716322,https://openalex.org/A5100716322,Youwei Zhang,https://orcid.org/0000-0002-7159-9140,openalex
A5088844445,https://openalex.org/A5088844445,Robert Rohling,https://orcid.org/0000-0001-9026-8147,openalex
A5057504177,https://openalex.org/A5057504177,Dinesh K. Pai,https://orcid.org/0000-0002-5115-7230,openalex
A5109247542,https://openalex.org/A5109247542,J. Schneidewind,,openalex
A5100706751,https://openalex.org/A5100706751,Min Chen,https://orcid.org/0000-0002-0676-3143,openalex
A5110225948,https://openalex.org/A5110225948,Ying Feng,,openalex
A5109505961,https://openalex.org/A5109505961,Thomas Gerstner,,openalex
A5027121558,https://openalex.org/A5027121558,Dirk Meetschen,,openalex
A5004101791,https://openalex.org/A5004101791,S. Crewel,,openalex
A5050804797,https://openalex.org/A5050804797,Clemens Simmer,https://orcid.org/0000-0003-3001-8642,openalex
A5028650489,https://openalex.org/A5028650489,Rumi Hiraga,,openalex
A5083599546,https://openalex.org/A5083599546,W. De Leeuw,,openalex
A5047880072,https://openalex.org/A5047880072,R. Van Liere,,openalex
A5052673316,https://openalex.org/A5052673316,Lloyd A. Treinish,https://orcid.org/0000-0002-9912-8885,openalex
A5066379340,https://openalex.org/A5066379340,C.l. Bajaj,,openalex
A5073361458,https://openalex.org/A5073361458,V. Siddavanahalli,,openalex
A5044778534,https://openalex.org/A5044778534,David A. Rabenhorst,,openalex
A5081668763,https://openalex.org/A5081668763,Amnon Shabo,,openalex
A5112072278,https://openalex.org/A5112072278,S Slavin,,openalex
A5074948196,https://openalex.org/A5074948196,B.m. Dennis,,openalex
A5068425605,https://openalex.org/A5068425605,T.a. Keahey,,openalex
A5110077901,https://openalex.org/A5110077901,David A. Yuen,,openalex
A5015413510,https://openalex.org/A5015413510,F. Dubuffet,https://orcid.org/0000-0002-7008-5658,openalex
A5100716788,https://openalex.org/A5100716788,Caixia Zhang,https://orcid.org/0000-0003-0564-0923,openalex
A5040659878,https://openalex.org/A5040659878,R.m. Adams,,openalex
A5086260296,https://openalex.org/A5086260296,B. Stancampiano,,openalex
A5030083928,https://openalex.org/A5030083928,M. Mckenna,,openalex
A5073883651,https://openalex.org/A5073883651,D. Small,,openalex
A5067716657,https://openalex.org/A5067716657,Geoffrey P. Bingham,https://orcid.org/0000-0002-7125-5735,openalex
A5001544591,https://openalex.org/A5001544591,C. Forser,,openalex
A5110091560,https://openalex.org/A5110091560,Samuel P. Uselton,,openalex
A5046010727,https://openalex.org/A5046010727,Gregory W. Shirah,https://orcid.org/0000-0002-7955-9573,openalex
A5035456721,https://openalex.org/A5035456721,H. G. Mitchell,https://orcid.org/0009-0006-6686-3492,openalex
A5110917883,https://openalex.org/A5110917883,Ming Wan,,openalex
A5091361515,https://openalex.org/A5091361515,A. Sadiq,,openalex
A5063020962,https://openalex.org/A5063020962,A. Kaufman,,openalex
A5109918057,https://openalex.org/A5109918057,Mei C. Chuah,,openalex
A5004344374,https://openalex.org/A5004344374,Praveen Thiagarajan,,openalex
A5046024163,https://openalex.org/A5046024163,Guang R. Gao,https://orcid.org/0000-0002-5265-7528,openalex
A5072827199,https://openalex.org/A5072827199,Marc Alexa,https://orcid.org/0000-0002-9854-8466,openalex
A5014770241,https://openalex.org/A5014770241,Johannes Behr,https://orcid.org/0000-0002-1569-7870,openalex
A5041744005,https://openalex.org/A5041744005,Shachar Fleishman,,openalex
A5101994805,https://openalex.org/A5101994805,David Levin,https://orcid.org/0000-0002-4145-8240,openalex
A5076832321,https://openalex.org/A5076832321,Monica Tavanti,,openalex
A5103507544,https://openalex.org/A5103507544,Jeroen Van Baar,,openalex
A5085525770,https://openalex.org/A5085525770,Nathan Litke,,openalex
A5024629459,https://openalex.org/A5024629459,A. L. Levin,,openalex
A5113607394,https://openalex.org/A5113607394,Dirk Selle,,openalex
A5110754903,https://openalex.org/A5110754903,S. Zhang,https://orcid.org/0009-0004-4808-8133,openalex
A5101598415,https://openalex.org/A5101598415,Xosé Manuel Dasilva,https://orcid.org/0000-0003-1492-4549,openalex
A5103805703,https://openalex.org/A5103805703,B. D. Greenberg,,openalex
A5038994213,https://openalex.org/A5038994213,Peter J. Basser,https://orcid.org/0000-0003-4795-6088,openalex
A5078324359,https://openalex.org/A5078324359,Carlo Pierpaoli,https://orcid.org/0000-0001-8558-4428,openalex
A5059033742,https://openalex.org/A5059033742,E. Antonio Chiocca,,openalex
A5076798669,https://openalex.org/A5076798669,Thomas S. Deisboeck,https://orcid.org/0000-0003-2850-3614,openalex
A5056768201,https://openalex.org/A5056768201,John Clyne,https://orcid.org/0000-0003-2788-9017,openalex
A5025506737,https://openalex.org/A5025506737,Gopal Pingali,,openalex
A5034939720,https://openalex.org/A5034939720,Agata Opalach,,openalex
A5068995314,https://openalex.org/A5068995314,Yves D. Jean,,openalex
A5012116917,https://openalex.org/A5012116917,Andreas Hubeli,,openalex
A5081767590,https://openalex.org/A5081767590,Alan D. Kalvin,,openalex
A5076524203,https://openalex.org/A5076524203,Ruigang Yang,https://orcid.org/0000-0001-5296-6307,openalex
A5056213747,https://openalex.org/A5056213747,D. Gotz,,openalex
A5086147721,https://openalex.org/A5086147721,J. Hensley,,openalex
A5111881847,https://openalex.org/A5111881847,H. Towles,,openalex
A5106406020,https://openalex.org/A5106406020,Michael S. Brown,https://orcid.org/0000-0002-9840-0795,openalex
A5029891014,https://openalex.org/A5029891014,Eileen Vote,,openalex
A5074546601,https://openalex.org/A5074546601,Martha Sharp Joukowsky,,openalex
A5100692898,https://openalex.org/A5100692898,Weiqiang Zhang,https://orcid.org/0000-0001-8820-7812,openalex
A5109244259,https://openalex.org/A5109244259,C. Jaynes,,openalex
A5051755944,https://openalex.org/A5051755944,Stephen Webb,,openalex
A5010136069,https://openalex.org/A5010136069,R. Matt Steele,,openalex
A5028529600,https://openalex.org/A5028529600,W. Brent Seales,https://orcid.org/0000-0002-5729-6047,openalex
A5057674322,https://openalex.org/A5057674322,Jason Bryan,,openalex
A5110255766,https://openalex.org/A5110255766,D Stredney,,openalex
A5016672931,https://openalex.org/A5016672931,Gregory J. Wiet,https://orcid.org/0000-0001-6990-3206,openalex
A5003053961,https://openalex.org/A5003053961,D Sessanna,,openalex
A5032186518,https://openalex.org/A5032186518,Vladimír Pekar,,openalex
A5018302615,https://openalex.org/A5018302615,Rafael Wiemker,https://orcid.org/0000-0003-3953-5291,openalex
A5059628846,https://openalex.org/A5059628846,D. Hempel,,openalex
A5111374231,https://openalex.org/A5111374231,M. Yousuff Hussaini,,openalex
A5079808637,https://openalex.org/A5079808637,Shivaraj Tenginakai,,openalex
A5100447633,https://openalex.org/A5100447633,Jinho Lee,https://orcid.org/0000-0003-4010-6611,openalex
A5087834951,https://openalex.org/A5087834951,Karim Magdi Mahrous,,openalex
A5028982390,https://openalex.org/A5028982390,David Kao,https://orcid.org/0000-0002-2832-9348,openalex
A5108525733,https://openalex.org/A5108525733,Jennifer Dungan,,openalex
A5073851063,https://openalex.org/A5073851063,Jörg Haber,,openalex
A5064667546,https://openalex.org/A5064667546,Oleg Davydov,https://orcid.org/0000-0001-8813-9485,openalex
A5067074940,https://openalex.org/A5067074940,Bernd Sevenich,,openalex
A5023018411,https://openalex.org/A5023018411,A.v. Vilanova Bartroli,,openalex
A5108800050,https://openalex.org/A5108800050,A. König,,openalex
A5051741164,https://openalex.org/A5051741164,James S. Davidson,,openalex
A5044146574,https://openalex.org/A5044146574,Timothy S. Miller,https://orcid.org/0009-0004-2662-1515,openalex
A5082204611,https://openalex.org/A5082204611,M. Da Silva,,openalex
A5109508738,https://openalex.org/A5109508738,W. H. Warren,,openalex
A5111602424,https://openalex.org/A5111602424,M. J. Tarr,,openalex
A5003986384,https://openalex.org/A5003986384,Neta Sokolovsky,,openalex
A5013448896,https://openalex.org/A5013448896,Jeffrey Ho,https://orcid.org/0000-0001-8038-1605,openalex
A5062270059,https://openalex.org/A5062270059,Kuang Chih Lee,https://orcid.org/0009-0007-5198-9866,openalex
A5108353230,https://openalex.org/A5108353230,David Kriegman,,openalex
A5049319779,https://openalex.org/A5049319779,Eitan Grinspun,https://orcid.org/0000-0003-4460-7747,openalex
A5003884612,https://openalex.org/A5003884612,Dominique Sandner,,openalex
A5032260069,https://openalex.org/A5032260069,Niklas Röber,,openalex
A5048546438,https://openalex.org/A5048546438,A. Ćeller,,openalex
A5102237129,https://openalex.org/A5102237129,Jianbo Peng,,openalex
A5045259592,https://openalex.org/A5045259592,V. Strela,,openalex
A5031667471,https://openalex.org/A5031667471,D. Zorin,,openalex
A5010124882,https://openalex.org/A5010124882,Marcel Gavriliu,,openalex
A5083995476,https://openalex.org/A5083995476,José Martínez Carranza,https://orcid.org/0000-0002-8914-1904,openalex
A5050743821,https://openalex.org/A5050743821,Robert Schulze,https://orcid.org/0000-0003-0041-9701,openalex
A5103039195,https://openalex.org/A5103039195,Richard Niemeier,https://orcid.org/0000-0003-3661-4111,openalex
A5108743532,https://openalex.org/A5108743532,Kevin Montgomery,,openalex
A5112629519,https://openalex.org/A5112629519,Leroy Heinrichs,,openalex
A5040252651,https://openalex.org/A5040252651,Cynthia Bruyns,,openalex
A5067409217,https://openalex.org/A5067409217,Simon Wildermuth,https://orcid.org/0000-0002-3278-4335,openalex
A5080761699,https://openalex.org/A5080761699,C. Hasser,,openalex
A5040258424,https://openalex.org/A5040258424,S. Ozenne,,openalex
A5010258270,https://openalex.org/A5010258270,David N. Bailey,,openalex
A5104270513,https://openalex.org/A5104270513,Jian Huang,https://orcid.org/0009-0002-4854-7614,openalex
A5100380453,https://openalex.org/A5100380453,Yan Li,https://orcid.org/0009-0000-9658-0545,openalex
A5088246039,https://openalex.org/A5088246039,R. Crawfis,,openalex
A5112813769,https://openalex.org/A5112813769,Shao Chiung Lu,,openalex
A5045303454,https://openalex.org/A5045303454,Shuh Yuan Liou,,openalex
A5089153801,https://openalex.org/A5089153801,F. Dachille,,openalex
A5084162655,https://openalex.org/A5084162655,A. Kaufman,,openalex
A5032889367,https://openalex.org/A5032889367,Guillaume Caumon,https://orcid.org/0000-0002-7828-4600,openalex
A5090675791,https://openalex.org/A5090675791,Stéphane Conreaux,,openalex
A5004156285,https://openalex.org/A5004156285,T.k. Dey,,openalex
A5073380270,https://openalex.org/A5073380270,J. Giesen,,openalex
A5040177392,https://openalex.org/A5040177392,S. Goswami,,openalex
A5079994866,https://openalex.org/A5079994866,J. Hudson,,openalex
A5009356193,https://openalex.org/A5009356193,R. Wenger,,openalex
A5009855429,https://openalex.org/A5009855429,Wulue Zhao,,openalex
A5044937250,https://openalex.org/A5044937250,Sean Ziegeler,,openalex
A5053996578,https://openalex.org/A5053996578,Paul Croft,,openalex
A5113652920,https://openalex.org/A5113652920,Duanjun Lu,,openalex
A5011973325,https://openalex.org/A5011973325,Wendy S. Koegler,,openalex
A5027381129,https://openalex.org/A5027381129,Dong Feng,https://orcid.org/0000-0002-7612-8823,openalex
A5016549965,https://openalex.org/A5016549965,Mel Krokos,https://orcid.org/0000-0001-5149-6091,openalex
A5015466527,https://openalex.org/A5015466527,D. Bürkle,,openalex
A5089466528,https://openalex.org/A5089466528,Kurt Severance,,openalex
A5073997373,https://openalex.org/A5073997373,P. Brewster,,openalex
A5019552387,https://openalex.org/A5019552387,Barry S. Lazos,,openalex
A5016079677,https://openalex.org/A5016079677,Raanan Fattal,,openalex
A5086736624,https://openalex.org/A5086736624,T. Ertl,,openalex
A5112013174,https://openalex.org/A5112013174,M. W. Lo,,openalex
A5012766796,https://openalex.org/A5012766796,R. Haynes,,openalex
A5036222891,https://openalex.org/A5036222891,A. Gubin,,openalex
A5058426115,https://openalex.org/A5058426115,William Yurcik,,openalex
A5109879434,https://openalex.org/A5109879434,Larry Brumbaugh,,openalex
A5011918131,https://openalex.org/A5011918131,Lexing Ying,https://orcid.org/0000-0003-1547-1457,openalex
A5011229394,https://openalex.org/A5011229394,D. Zorin,,openalex
A5057187054,https://openalex.org/A5057187054,John Walter,https://orcid.org/0000-0003-1822-788X,openalex
A5040037815,https://openalex.org/A5040037815,Monica K. Hurdal,https://orcid.org/0000-0002-2457-5365,openalex
A5082491006,https://openalex.org/A5082491006,Kevin W. Kurtz,,openalex
A5075870288,https://openalex.org/A5075870288,Zhaohua Ding,https://orcid.org/0000-0002-1805-2955,openalex
A5004678256,https://openalex.org/A5004678256,J.c. Gore,,openalex
A5001682523,https://openalex.org/A5001682523,A.w. Anderson,,openalex
A5084711039,https://openalex.org/A5084711039,Sabine Iserhardt Bauer,,openalex
A5112063129,https://openalex.org/A5112063129,K. Eberhardt,,openalex
A5112159044,https://openalex.org/A5112159044,Bernd Tomandl,,openalex
A5112468325,https://openalex.org/A5112468325,Stan Stoev,,openalex
A5080483655,https://openalex.org/A5080483655,W. Strasser,,openalex
A5081155583,https://openalex.org/A5081155583,D. Gresh,,openalex
A5053839499,https://openalex.org/A5053839499,F. Suits,,openalex
A5019449054,https://openalex.org/A5019449054,Yuk Y. Sham,https://orcid.org/0000-0003-2601-8930,openalex
A5091077068,https://openalex.org/A5091077068,Randy K. Scoggins,,openalex
A5045873117,https://openalex.org/A5045873117,T. Welsh,,openalex
A5058143784,https://openalex.org/A5058143784,K. Mueller,,openalex
A5100339289,https://openalex.org/A5100339289,Wei Zhu,https://orcid.org/0000-0002-6389-6866,openalex
A5081375557,https://openalex.org/A5081375557,N. Volkow,,openalex
A5074232458,https://openalex.org/A5074232458,J. Meade,,openalex
A5007843760,https://openalex.org/A5007843760,A.e. Kaufman,,openalex
A5024723024,https://openalex.org/A5024723024,T.j. Hallman,,openalex
A5017152441,https://openalex.org/A5017152441,Markus Meißner,https://orcid.org/0000-0002-5630-587X,openalex
A5048638435,https://openalex.org/A5048638435,Jasmina Orman,,openalex
A5108217088,https://openalex.org/A5108217088,S.j. Braun,,openalex
A5000374095,https://openalex.org/A5000374095,Beth Hetzler,,openalex
A5051177962,https://openalex.org/A5051177962,E. Zhang,,openalex
A5067038712,https://openalex.org/A5067038712,Ulrich Clarenz,,openalex
A5009121571,https://openalex.org/A5009121571,U. Diewald,,openalex
A5041678511,https://openalex.org/A5041678511,Pierre Marie Gandoin,,openalex
A5013009875,https://openalex.org/A5013009875,Vivek Kumar Verma,https://orcid.org/0000-0003-1998-8736,openalex
A5100702380,https://openalex.org/A5100702380,He Zhu,https://orcid.org/0009-0003-9254-1452,openalex
A5066590358,https://openalex.org/A5066590358,H. Towles,,openalex
A5000643470,https://openalex.org/A5000643470,Greg Welch,https://orcid.org/0000-0002-8243-646X,openalex
A5038584803,https://openalex.org/A5038584803,Zoë J. Wood,https://orcid.org/0000-0002-4731-239X,openalex
A5022153785,https://openalex.org/A5022153785,Mathieu Desbrun,https://orcid.org/0000-0003-3424-6079,openalex
A5009984879,https://openalex.org/A5009984879,A. Gregory,,openalex
A5045260862,https://openalex.org/A5045260862,Alden Morris Mascarenhas,,openalex
A5089309220,https://openalex.org/A5089309220,S. Ehmann,,openalex
A5040813877,https://openalex.org/A5040813877,Ming–chieh Lin,https://orcid.org/0000-0003-1653-6590,openalex
A5073601420,https://openalex.org/A5073601420,D. Manocha,,openalex
A5085871644,https://openalex.org/A5085871644,Raimond L. Winslow,https://orcid.org/0000-0003-1719-1651,openalex
A5072913146,https://openalex.org/A5072913146,D. F. Scollan,,openalex
A5013103130,https://openalex.org/A5013103130,Christina K. Yung,https://orcid.org/0000-0003-2958-150X,openalex
A5031186288,https://openalex.org/A5031186288,Thomas J. Overbye,https://orcid.org/0000-0002-2382-2811,openalex
A5030102646,https://openalex.org/A5030102646,James D. Weber,https://orcid.org/0009-0001-1104-8961,openalex
A5041380271,https://openalex.org/A5041380271,Dario Costanza,https://orcid.org/0000-0001-7310-0246,openalex
A5022108314,https://openalex.org/A5022108314,C. Rocchini,,openalex
A5101976576,https://openalex.org/A5101976576,Han Hu,https://orcid.org/0000-0001-5104-6146,openalex
A5035326241,https://openalex.org/A5035326241,Amy A. Gooch,https://orcid.org/0000-0002-1612-6674,openalex
A5055008961,https://openalex.org/A5055008961,William B. Thompson,,openalex
A5039357905,https://openalex.org/A5039357905,Brian Smits,,openalex
A5082171014,https://openalex.org/A5082171014,John J. Rieser,,openalex
A5010940488,https://openalex.org/A5010940488,Peter Shirley,https://orcid.org/0000-0003-2943-6206,openalex
A5017170930,https://openalex.org/A5017170930,Andrej Cedilnik,,openalex
A5033870450,https://openalex.org/A5033870450,Isaac Brewer,,openalex
A5035324384,https://openalex.org/A5035324384,Heba A. Abdo,,openalex
A5056700514,https://openalex.org/A5056700514,Jack Gundrum,,openalex
A5000242649,https://openalex.org/A5000242649,George Otto,,openalex
A5083001015,https://openalex.org/A5083001015,Konstantin Baumann,,openalex
A5068373092,https://openalex.org/A5068373092,Thomas Sprenger,,openalex
A5006605050,https://openalex.org/A5006605050,R. Brunella,,openalex
A5109877953,https://openalex.org/A5109877953,Suresh K. Lodha,,openalex
A5046880557,https://openalex.org/A5046880557,Jose C. Renteria,,openalex
A5031288407,https://openalex.org/A5031288407,Krishna M. Roskin,https://orcid.org/0000-0002-5864-5093,openalex
A5029615266,https://openalex.org/A5029615266,S.m.f. Treavett,,openalex
A5066502063,https://openalex.org/A5066502063,André Skupin,https://orcid.org/0000-0002-8398-8119,openalex
A5045855094,https://openalex.org/A5045855094,Natalia Lopez,,openalex
A5001670475,https://openalex.org/A5001670475,Dale Lawrence,https://orcid.org/0000-0003-3355-5056,openalex
A5082407088,https://openalex.org/A5082407088,C.d. Lee,,openalex
A5062050694,https://openalex.org/A5062050694,Lucy Y. Pao,https://orcid.org/0000-0001-9450-8902,openalex
A5057852152,https://openalex.org/A5057852152,R.y. Novoselov,,openalex
A5054328654,https://openalex.org/A5054328654,Anton Leuski,https://orcid.org/0000-0001-5987-5686,openalex
A5034070218,https://openalex.org/A5034070218,James Allan,https://orcid.org/0000-0003-0132-5694,openalex
A5053022580,https://openalex.org/A5053022580,Ingmar Bitter,,openalex
A5004874377,https://openalex.org/A5004874377,Mie Sato,,openalex
A5068761590,https://openalex.org/A5068761590,Michael A. Bender,https://orcid.org/0000-0001-7639-530X,openalex
A5016584097,https://openalex.org/A5016584097,P. Rheingans,,openalex
A5111990167,https://openalex.org/A5111990167,Marie Desjardins,,openalex
A5036061766,https://openalex.org/A5036061766,Udo Adamy,,openalex
A5114253361,https://openalex.org/A5114253361,Mason John,,openalex
A5071758656,https://openalex.org/A5071758656,Harald Garcke,https://orcid.org/0000-0001-5235-2073,openalex
A5090775534,https://openalex.org/A5090775534,Ulrich Weikard,,openalex
A5023480113,https://openalex.org/A5023480113,J. Van Wijk,,openalex
A5051107402,https://openalex.org/A5051107402,Gian Italo Bischi,https://orcid.org/0000-0003-0633-4485,openalex
A5043007477,https://openalex.org/A5043007477,Andries Van Dam,https://orcid.org/0009-0001-1342-3075,openalex
A5086539903,https://openalex.org/A5086539903,G.e. Kafniadakis,,openalex
A5030897241,https://openalex.org/A5030897241,Jacques Élion,https://orcid.org/0000-0002-8407-1783,openalex
A5057461751,https://openalex.org/A5057461751,M. Sato,,openalex
A5041418280,https://openalex.org/A5041418280,A. Kaufmann,,openalex
A5027284423,https://openalex.org/A5027284423,E. Jurrus,,openalex
A5085208857,https://openalex.org/A5085208857,I. Hotz,,openalex
A5046667486,https://openalex.org/A5046667486,H. Hagen,,openalex
A5011999265,https://openalex.org/A5011999265,Yuqun Chen,https://orcid.org/0000-0002-3698-6380,openalex
A5064425512,https://openalex.org/A5064425512,D.w. Clark,,openalex
A5059219821,https://openalex.org/A5059219821,A. Finkelstein,,openalex
A5073826947,https://openalex.org/A5073826947,T.c. Housel,,openalex
A5045269847,https://openalex.org/A5045269847,Cristina Russo Dos Santos,,openalex
A5077897234,https://openalex.org/A5077897234,Pascal Gros,,openalex
A5112741249,https://openalex.org/A5112741249,P. Abel,,openalex
A5054027927,https://openalex.org/A5054027927,D. Loisel,,openalex
A5009192910,https://openalex.org/A5009192910,N. Trichaud,,openalex
A5067957455,https://openalex.org/A5067957455,Jean Pierre Paris,,openalex
A5091459619,https://openalex.org/A5091459619,Iván Herman,https://orcid.org/0000-0003-0782-2704,openalex
A5075308601,https://openalex.org/A5075308601,Michael S. Marshall,https://orcid.org/0000-0002-5742-2031,openalex
A3067083929,https://openalex.org/A3067083929,K.s. Bonnell,,openalex
A4260165458,https://openalex.org/A4260165458,D.r. Schikore,,openalex
A2442368469,https://openalex.org/A2442368469,K. I. Joy,,openalex
A3074211044,https://openalex.org/A3074211044,M Duchaineau,,openalex
A2189384394,https://openalex.org/A2189384394,B Hamann,,openalex
A5035953953,https://openalex.org/A5035953953,Staffan Björk,https://orcid.org/0000-0002-1693-6490,openalex
A5023287214,https://openalex.org/A5023287214,Johan Redström,https://orcid.org/0000-0003-0976-670X,openalex
A5064073240,https://openalex.org/A5064073240,Hester Huitema,https://orcid.org/0009-0005-3727-2143,openalex
A5052801042,https://openalex.org/A5052801042,R. Van Liere,,openalex
A5045004921,https://openalex.org/A5045004921,Yoshihiko Ichikawa,,openalex
A5013207939,https://openalex.org/A5013207939,Rika Furuhata,,openalex
A5084388481,https://openalex.org/A5084388481,B. Hegedust,,openalex
A5101519023,https://openalex.org/A5101519023,Daniel Wägner,https://orcid.org/0009-0007-8666-9539,openalex
A5109555554,https://openalex.org/A5109555554,Martin C. Freund,,openalex
A5069169190,https://openalex.org/A5069169190,F. S. Nooruddin,,openalex
A5000858152,https://openalex.org/A5000858152,H. J. Wright,https://orcid.org/0000-0002-6384-3625,openalex
A5061160324,https://openalex.org/A5061160324,D. G. Toll,https://orcid.org/0000-0002-9440-9960,openalex
A5041318398,https://openalex.org/A5041318398,T. Roxborough,,openalex
A5043954263,https://openalex.org/A5043954263,Daniel Kobras,,openalex
A5034015949,https://openalex.org/A5034015949,H. Ruder,,openalex
A5038259784,https://openalex.org/A5038259784,G. Schussman,,openalex
A5017206270,https://openalex.org/A5017206270,D. Schissel,,openalex
A5055150195,https://openalex.org/A5055150195,T. Evans,,openalex
A5013857042,https://openalex.org/A5013857042,David M. Weinstein,https://orcid.org/0009-0001-8376-9442,openalex
A5110217180,https://openalex.org/A5110217180,J. Korn,,openalex
A5045188560,https://openalex.org/A5045188560,Allison Woodruff,https://orcid.org/0000-0002-5745-7103,openalex
A5042381427,https://openalex.org/A5042381427,Chengwei Feng,,openalex
A5023243503,https://openalex.org/A5023243503,M. E. Dieckmann,https://orcid.org/0000-0003-4055-0552,openalex
A5109495591,https://openalex.org/A5109495591,N. Andersson,,openalex
A5111027772,https://openalex.org/A5111027772,R. R. Johnson,,openalex
A5007614889,https://openalex.org/A5007614889,Adam Hunter,,openalex
A5070173161,https://openalex.org/A5070173161,Matthew C. Humphrey,,openalex
A5091779580,https://openalex.org/A5091779580,Rami Hietala,,openalex
A5113597448,https://openalex.org/A5113597448,Jarkko Oikarinen,,openalex
A5048864545,https://openalex.org/A5048864545,Pearl Pu,https://orcid.org/0000-0001-8841-4416,openalex
A5039737488,https://openalex.org/A5039737488,Robert Stein,https://orcid.org/0000-0003-2434-0387,openalex
A5023834862,https://openalex.org/A5023834862,Alan M. Shih,https://orcid.org/0000-0003-2331-884X,openalex
A5012448546,https://openalex.org/A5012448546,Manisa Baker,https://orcid.org/0000-0002-4711-6081,openalex
A5111653605,https://openalex.org/A5111653605,C. F. Cerco,,openalex
A5113734902,https://openalex.org/A5113734902,Mark R. Noel,,openalex
A5039842844,https://openalex.org/A5039842844,J.e. Swan,,openalex
A5088584992,https://openalex.org/A5088584992,Marco Lanzagorta,https://orcid.org/0000-0002-7064-6136,openalex
A5027968724,https://openalex.org/A5027968724,Dr Stephen Maxwell,,openalex
A5084803112,https://openalex.org/A5084803112,E. Kuo,,openalex
A5074812706,https://openalex.org/A5074812706,Jeffrey Uhlmann,https://orcid.org/0000-0001-9163-521X,openalex
A5025433401,https://openalex.org/A5025433401,W. Anderson,,openalex
A5111430017,https://openalex.org/A5111430017,Haw Jye Shyu,,openalex
A5083475713,https://openalex.org/A5083475713,W. Smith,,openalex
A5042570828,https://openalex.org/A5042570828,K. Mueller,,openalex
A5007182829,https://openalex.org/A5007182829,N. Shareef,,openalex
A5058495937,https://openalex.org/A5058495937,Julie Anshun Yang Pelaez,,openalex
A5057979018,https://openalex.org/A5057979018,Woodie C. Flowers,,openalex
A5087614760,https://openalex.org/A5087614760,R. Wegenkittl,,openalex
A5022167754,https://openalex.org/A5022167754,Shigeru Muraki,,openalex
A5056895547,https://openalex.org/A5056895547,Toshiharu Nakai,https://orcid.org/0000-0003-3960-8585,openalex
A5049659355,https://openalex.org/A5049659355,Yasuyo Kita,https://orcid.org/0000-0001-8139-7406,openalex
A5057661347,https://openalex.org/A5057661347,Monika Büscher,https://orcid.org/0000-0002-5581-1033,openalex
A5063561782,https://openalex.org/A5063561782,Devora Shapiro,https://orcid.org/0000-0003-4848-6639,openalex
A5019899330,https://openalex.org/A5019899330,Michael Christensen,https://orcid.org/0000-0003-1636-5883,openalex
A5111902609,https://openalex.org/A5111902609,Preben Mogensen,,openalex
A5113476228,https://openalex.org/A5113476228,Peter Ørbæk,,openalex
A5068367960,https://openalex.org/A5068367960,Paul Chapman,https://orcid.org/0000-0002-6390-5558,openalex
A5111244981,https://openalex.org/A5111244981,D. Wills,,openalex
A5062463120,https://openalex.org/A5062463120,P. Stevens,,openalex
A5087573299,https://openalex.org/A5087573299,G. Brookes,,openalex
A5002453409,https://openalex.org/A5002453409,David R. Nadeau,,openalex
A5009735497,https://openalex.org/A5009735497,Michael Bailey,https://orcid.org/0000-0002-5551-1401,openalex
A5029956777,https://openalex.org/A5029956777,Wim C. De Leeuw,https://orcid.org/0000-0001-6707-3894,openalex
A5030588495,https://openalex.org/A5030588495,A.e. Visser,https://orcid.org/0000-0003-0145-5616,openalex
A5070949080,https://openalex.org/A5070949080,E.m.m. Manders,,openalex
A5046834781,https://openalex.org/A5046834781,R. Van Drielf,,openalex
A5089915762,https://openalex.org/A5089915762,Wei Chao Wen,,openalex
A5074768455,https://openalex.org/A5074768455,L. Nyland,,openalex
A5012950750,https://openalex.org/A5012950750,G. Welch,,openalex
A5015538446,https://openalex.org/A5015538446,H. Fuchs,,openalex
A5016192055,https://openalex.org/A5016192055,Chuan‐kai Yang,,openalex
A5049237676,https://openalex.org/A5049237676,Tulika Mitra,https://orcid.org/0000-0003-4136-4188,openalex
A5111960386,https://openalex.org/A5111960386,Tzi‐cker Chiueh,,openalex
A5044424052,https://openalex.org/A5044424052,H. Foote,,openalex
A5087402778,https://openalex.org/A5087402778,L. Ruby Leung,https://orcid.org/0000-0002-3221-9467,openalex
A5066351376,https://openalex.org/A5066351376,E. Jurrus,,openalex
A5049903568,https://openalex.org/A5049903568,D. Adams,,openalex
A5044275844,https://openalex.org/A5044275844,J. Thomas,,openalex
A5005019090,https://openalex.org/A5005019090,A. J. Fenlon,,openalex
A5103506691,https://openalex.org/A5103506691,T. David,,openalex
A5108833512,https://openalex.org/A5108833512,M. Gorman,,openalex
A5089912211,https://openalex.org/A5089912211,Georges‐pierre Bonneau,https://orcid.org/0000-0002-2872-3580,openalex
A5078137076,https://openalex.org/A5078137076,Stéfanie Hahmann,https://orcid.org/0000-0001-8623-7225,openalex
A5030234652,https://openalex.org/A5030234652,Jiafa Qin,,openalex
A5028115021,https://openalex.org/A5028115021,A. Kaufman,,openalex
A5047493562,https://openalex.org/A5047493562,Frank Suits,https://orcid.org/0000-0001-6427-9299,openalex
A5037696368,https://openalex.org/A5037696368,William Horn,,openalex
A5000586573,https://openalex.org/A5000586573,Gérard Lecina,,openalex
A5056912277,https://openalex.org/A5056912277,Hugues Hoppe,https://orcid.org/0000-0002-9699-2539,openalex
A5023495279,https://openalex.org/A5023495279,Ramesh Raskar,https://orcid.org/0000-0002-3254-3224,openalex
A5100726331,https://openalex.org/A5100726331,Wei Chao Chen,https://orcid.org/0000-0002-6165-7706,openalex
A5031309249,https://openalex.org/A5031309249,Ben Scales,https://orcid.org/0000-0001-6638-6696,openalex
A5014889758,https://openalex.org/A5014889758,Henry Fuchs,https://orcid.org/0000-0002-8834-4638,openalex
A5043129522,https://openalex.org/A5043129522,E.r. Van Selow,,openalex
A5018319080,https://openalex.org/A5018319080,Martin Roth,https://orcid.org/0000-0001-8166-202X,openalex
A5052101351,https://openalex.org/A5052101351,Emma Lundberg,https://orcid.org/0000-0001-7034-0850,openalex
A5003458777,https://openalex.org/A5003458777,Eric Lamar,,openalex
A5083947664,https://openalex.org/A5083947664,Ling Jen Chiang,,openalex
A5080411826,https://openalex.org/A5080411826,Taeko Azuma,,openalex
A5071857918,https://openalex.org/A5071857918,W. De Leeuw,,openalex
A5014650495,https://openalex.org/A5014650495,Haralambos Marmanis,https://orcid.org/0000-0002-5617-3344,openalex
A5016394531,https://openalex.org/A5016394531,Angela Boltman,,openalex
A5005316185,https://openalex.org/A5005316185,Christian Teitzel,,openalex
A5024970295,https://openalex.org/A5024970295,Guozhong Zhuang,,openalex
A5004741568,https://openalex.org/A5004741568,Ying Huey Fua,,openalex
A5028032741,https://openalex.org/A5028032741,Sunil Hadap,,openalex
A5097923558,https://openalex.org/A5097923558,E. Bongarter,,openalex
A5046778702,https://openalex.org/A5046778702,Pascal Volino,,openalex
A5015798012,https://openalex.org/A5015798012,Nadia Magnenat‐thalmann,https://orcid.org/0000-0002-1459-5960,openalex
A5097524419,https://openalex.org/A5097524419,R. Crawlis,,openalex
A5113648718,https://openalex.org/A5113648718,P. Sutton,,openalex
A5073133012,https://openalex.org/A5073133012,Paul Whitney,,openalex
A5023487102,https://openalex.org/A5023487102,Kerry Rodden,,openalex
A5057142727,https://openalex.org/A5057142727,Wojciech Basalaj,,openalex
A5026169371,https://openalex.org/A5026169371,D. Sinclair,https://orcid.org/0000-0002-6125-8430,openalex
A5086487407,https://openalex.org/A5086487407,Kenneth R. Wood,https://orcid.org/0000-0001-6446-1154,openalex
A5049372719,https://openalex.org/A5049372719,Qian Tang,https://orcid.org/0000-0003-3122-8668,openalex
A5100425176,https://openalex.org/A5100425176,Zhen Liang,https://orcid.org/0000-0002-1171-7061,openalex
A5035834003,https://openalex.org/A5035834003,Mark R. Wax,,openalex
A5109885375,https://openalex.org/A5109885375,Bernd Fröhlich,,openalex
A5034349335,https://openalex.org/A5034349335,Stephen Barrass,https://orcid.org/0000-0002-1472-0522,openalex
A5059426440,https://openalex.org/A5059426440,Björn Zehner,https://orcid.org/0000-0001-9726-1108,openalex
A5005981646,https://openalex.org/A5005981646,Martin Göbel,,openalex
A5083145026,https://openalex.org/A5083145026,Elvir Azanli,,openalex
A5030219659,https://openalex.org/A5030219659,Steve Bryson,https://orcid.org/0000-0003-0081-1797,openalex
A5111991604,https://openalex.org/A5111991604,C.c. Law,,openalex
A5106486061,https://openalex.org/A5106486061,Kenneth Martin,,openalex
A5087319127,https://openalex.org/A5087319127,J. Temkin,,openalex
A5068010140,https://openalex.org/A5068010140,Offir Remez,,openalex
A5108189263,https://openalex.org/A5108189263,E. Koutsofios,,openalex
A5017132521,https://openalex.org/A5017132521,R. B. Truscott,,openalex
A5008307990,https://openalex.org/A5008307990,Eric Wernert,https://orcid.org/0000-0002-0922-2553,openalex
A5060873298,https://openalex.org/A5060873298,Ulrike Hoffmann,https://orcid.org/0000-0001-5660-2789,openalex
A5045484599,https://openalex.org/A5045484599,Kevin Kreeger,,openalex
A5113498324,https://openalex.org/A5113498324,Jaroslaw R. Rossignac,,openalex
A5112630184,https://openalex.org/A5112630184,E. L. Bouvier,,openalex
A5081043223,https://openalex.org/A5081043223,Nivedita Sahasrabudhe,,openalex
A5030169430,https://openalex.org/A5030169430,John E. West,https://orcid.org/0000-0002-5521-2110,openalex
A5043110166,https://openalex.org/A5043110166,M. Janus,,openalex
A5035560254,https://openalex.org/A5035560254,André Guéziec,,openalex
A5037174849,https://openalex.org/A5037174849,Frank Bossen,https://orcid.org/0000-0002-4410-0842,openalex
A5037702709,https://openalex.org/A5037702709,François Guimbretière,https://orcid.org/0000-0002-5510-6799,openalex
A5009110174,https://openalex.org/A5009110174,Dorothea Welte,,openalex
A5002586775,https://openalex.org/A5002586775,Royce Wilson,,openalex
A5043713217,https://openalex.org/A5043713217,R. Daniel Bergeron,,openalex
A5057364804,https://openalex.org/A5057364804,Frank Reck,,openalex
A5088613243,https://openalex.org/A5088613243,W. Bertelheimer,,openalex
A5051526909,https://openalex.org/A5051526909,Rajeev Batra,https://orcid.org/0000-0003-3696-0364,openalex
A5054742697,https://openalex.org/A5054742697,Suzana Djurcilov,,openalex
A5061762301,https://openalex.org/A5061762301,Robert Bosch,,openalex
A5111830942,https://openalex.org/A5111830942,Mendel Rosenblum,,openalex
A5067426492,https://openalex.org/A5067426492,Leslie Carr,https://orcid.org/0000-0002-2113-9680,openalex
A5100427270,https://openalex.org/A5100427270,Bo Chen,https://orcid.org/0000-0001-7495-8885,openalex
A5053402290,https://openalex.org/A5053402290,Eddy Kuo,,openalex
A5069863105,https://openalex.org/A5069863105,C. Henze,,openalex
A5079183364,https://openalex.org/A5079183364,Alfred Inselberg,,openalex
A5019521984,https://openalex.org/A5019521984,Tova Avidan,,openalex
A5036650002,https://openalex.org/A5036650002,Douglas D. Davis,https://orcid.org/0000-0003-3324-6245,openalex
A5020708681,https://openalex.org/A5020708681,T.y. Jiang,https://orcid.org/0009-0008-2059-3890,openalex
A5051599395,https://openalex.org/A5051599395,N. Fanst,,openalex
A5035290663,https://openalex.org/A5035290663,Sean Ho,,openalex
A5068638895,https://openalex.org/A5068638895,H.‐g. Pagendarm,,openalex
A5088230024,https://openalex.org/A5088230024,B. Henne,,openalex
A5103175735,https://openalex.org/A5103175735,Edward Angel,https://orcid.org/0009-0007-1397-5965,openalex
A5027362873,https://openalex.org/A5027362873,C.t. Silva,,openalex
A5045317869,https://openalex.org/A5045317869,John V. Harrison,https://orcid.org/0009-0006-7481-0702,openalex
A5077257816,https://openalex.org/A5077257816,Andrew W. Moore,https://orcid.org/0000-0002-5494-9305,openalex
A5109216322,https://openalex.org/A5109216322,Steven F. Roth,,openalex
A5054445163,https://openalex.org/A5054445163,Ronald Azuma,https://orcid.org/0000-0001-6918-7203,openalex
A5049042655,https://openalex.org/A5049042655,H. Neely,https://orcid.org/0000-0001-6561-5565,openalex
A5113967834,https://openalex.org/A5113967834,Mike Daily,,openalex
A5035945344,https://openalex.org/A5035945344,Márcio Roberto Silva Corrêa,https://orcid.org/0000-0003-3224-5945,openalex
A5110068428,https://openalex.org/A5110068428,E. Angel,,openalex
A5111374621,https://openalex.org/A5111374621,James A. Hall,,openalex
A5103351381,https://openalex.org/A5103351381,D.a. Roberts,,openalex
A5049302273,https://openalex.org/A5049302273,Frank Dachille,https://orcid.org/0000-0002-0219-6284,openalex
A5073517181,https://openalex.org/A5073517181,J.k. Rayson,,openalex
A5111503347,https://openalex.org/A5111503347,Hidekazu Shiozawa,,openalex
A5064086312,https://openalex.org/A5064086312,Kenichi Okada,https://orcid.org/0000-0002-1082-7672,openalex
A5033951918,https://openalex.org/A5033951918,Yutaka Matsushita,https://orcid.org/0000-0002-0117-5465,openalex
A5028810096,https://openalex.org/A5028810096,H. Barbach,,openalex
A5002030068,https://openalex.org/A5002030068,Mei Hua Kerry Hsu,https://orcid.org/0000-0003-3420-3140,openalex
A5018138503,https://openalex.org/A5018138503,John Baker,https://orcid.org/0000-0002-5580-2073,openalex
A5050501251,https://openalex.org/A5050501251,R. D'eletto,,openalex
A5042069415,https://openalex.org/A5042069415,Mia Tignor,https://orcid.org/0000-0002-4384-7944,openalex
A5058829886,https://openalex.org/A5058829886,E. J. Mayland,,openalex
A5078275988,https://openalex.org/A5078275988,Christophe Winkler,,openalex
A5108607908,https://openalex.org/A5108607908,J. Paul,,openalex
A5101179807,https://openalex.org/A5101179807,A. Goel,,openalex
A5111543429,https://openalex.org/A5111543429,Chuck Baker,,openalex
A5012542741,https://openalex.org/A5012542741,Clifford A. Shaffer,https://orcid.org/0000-0003-0001-0295,openalex
A5114184933,https://openalex.org/A5114184933,B. Grossman,,openalex
A5113953679,https://openalex.org/A5113953679,R. T. Haftka,,openalex
A5103585576,https://openalex.org/A5103585576,William H. Mason,,openalex
A5028145840,https://openalex.org/A5028145840,Sepideh Chakaveh,,openalex
A5037010935,https://openalex.org/A5037010935,Udo Zlender,,openalex
A5083349475,https://openalex.org/A5083349475,D. Skaley,,openalex
A5113602591,https://openalex.org/A5113602591,K. Fostiropoulos,,openalex
A5086339713,https://openalex.org/A5086339713,D. Breitschwerdt,,openalex
A5110533822,https://openalex.org/A5110533822,D. V. Holliday,,openalex
A5091823247,https://openalex.org/A5091823247,J. Govindarajan,,openalex
A5056560522,https://openalex.org/A5056560522,Melissa Ward,https://orcid.org/0000-0002-1054-6475,openalex
A5021174692,https://openalex.org/A5021174692,Jonathan R. Barnett,,openalex
A5006143467,https://openalex.org/A5006143467,Michael Higgins,https://orcid.org/0000-0003-4969-2733,openalex
A5007761892,https://openalex.org/A5007761892,Peter Lucas,https://orcid.org/0000-0001-5454-2428,openalex
A5017707755,https://openalex.org/A5017707755,Jungbluth Sean,,openalex
A5024055519,https://openalex.org/A5024055519,O.j. Espinosa,,openalex
A5041617337,https://openalex.org/A5041617337,Chris Hendrickson,https://orcid.org/0000-0002-9812-3580,openalex
A5010595292,https://openalex.org/A5010595292,James H. Garrett,https://orcid.org/0000-0002-8408-2407,openalex
A5112799389,https://openalex.org/A5112799389,Graham Brookes,,openalex
A5042797107,https://openalex.org/A5042797107,Zoya Maslak,,openalex
A5052585693,https://openalex.org/A5052585693,Douglas J. Steel,,openalex
A5008350531,https://openalex.org/A5008350531,Robert J. Mcdermott,,openalex
A5008453389,https://openalex.org/A5008453389,Carl Manaster,,openalex
A5034781038,https://openalex.org/A5034781038,Elizabeth Nanthakumar,,openalex
A5016367490,https://openalex.org/A5016367490,Phillip A. Morin,https://orcid.org/0000-0002-3279-1519,openalex
A5002108227,https://openalex.org/A5002108227,Eliot Feibush,https://orcid.org/0000-0003-1438-5952,openalex
A5005963720,https://openalex.org/A5005963720,Nikhil Gagvani,,openalex
A5108473644,https://openalex.org/A5108473644,D. Williams,,openalex
A5007037399,https://openalex.org/A5007037399,C. Gasparakis,,openalex
A5045693423,https://openalex.org/A5045693423,Paul S. Heckbert,,openalex
A5012329609,https://openalex.org/A5012329609,Mihael Ankerst,,openalex
A5036678816,https://openalex.org/A5036678816,Stefan Berchtold,,openalex
A5111046341,https://openalex.org/A5111046341,S. Parker,,openalex
A5042859241,https://openalex.org/A5042859241,Peter‐pike Sloan,https://orcid.org/0009-0001-5679-5530,openalex
A5025533535,https://openalex.org/A5025533535,Eric T. Ahrens,https://orcid.org/0000-0001-6131-9304,openalex
A5034216581,https://openalex.org/A5034216581,David Kremers,,openalex
A5011416152,https://openalex.org/A5011416152,Matthew J. Avalos,,openalex
A5027132236,https://openalex.org/A5027132236,Russell E. Jacobs,https://orcid.org/0000-0002-1382-8486,openalex
A5003062993,https://openalex.org/A5003062993,Carol Readhead,,openalex
A5040827349,https://openalex.org/A5040827349,C.t. Silva,,openalex
A5074943736,https://openalex.org/A5074943736,David Kenwright,,openalex
A5089069817,https://openalex.org/A5089069817,U. Tiede,,openalex
A5111683172,https://openalex.org/A5111683172,Th. Schiemann,,openalex
A5109182210,https://openalex.org/A5109182210,Κ. H. Höhne,,openalex
A5032301842,https://openalex.org/A5032301842,Oliver Staadt,https://orcid.org/0000-0002-3074-943X,openalex
A5043880698,https://openalex.org/A5043880698,Marek Teichmann,https://orcid.org/0000-0002-4380-4477,openalex
A5042550106,https://openalex.org/A5042550106,Michael Capps,,openalex
A5027120705,https://openalex.org/A5027120705,Paola Magillo,https://orcid.org/0000-0001-5088-034X,openalex
A5018876607,https://openalex.org/A5018876607,Enrico Puppo,https://orcid.org/0000-0001-9780-5283,openalex
A5109857294,https://openalex.org/A5109857294,Nancy E. Miller,,openalex
A5109081047,https://openalex.org/A5109081047,Marcus E. Brewster,,openalex
A5082779100,https://openalex.org/A5082779100,Annemarie Herrmann,,openalex
A5035109799,https://openalex.org/A5035109799,Francis P. Boscoe,https://orcid.org/0000-0003-4277-2941,openalex
A5017588199,https://openalex.org/A5017588199,D. Haug,,openalex
A5113496002,https://openalex.org/A5113496002,Linda W. Pickle,,openalex
A5045504703,https://openalex.org/A5045504703,I. Ari Sadarjoen,,openalex
A5112758895,https://openalex.org/A5112758895,Bing Ma,,openalex
A5004575115,https://openalex.org/A5004575115,Shiaofen Fang,https://orcid.org/0000-0001-8277-5202,openalex
A5008472566,https://openalex.org/A5008472566,T. Biddlecome,,openalex
A5010917418,https://openalex.org/A5010917418,M. Tuceryan,,openalex
A5058007277,https://openalex.org/A5058007277,Arnulph Fuhrmann,https://orcid.org/0000-0001-5118-5461,openalex
A5085521539,https://openalex.org/A5085521539,I.j. Trotts,,openalex
A5081133008,https://openalex.org/A5081133008,Yingmei Lavin,,openalex
A5110914530,https://openalex.org/A5110914530,Raj Batra,,openalex
A5038405087,https://openalex.org/A5038405087,X. Wang,,openalex
A5081083896,https://openalex.org/A5081083896,Leonardo A. Martucci,https://orcid.org/0000-0002-9980-3473,openalex
A5043255121,https://openalex.org/A5043255121,Xiaoyang Mao,https://orcid.org/0000-0001-9531-3197,openalex
A5111962621,https://openalex.org/A5111962621,Y. Hatanaka,,openalex
A5023421968,https://openalex.org/A5023421968,Hidenori Higashida,,openalex
A5032999390,https://openalex.org/A5032999390,Atsumi Imamiya,,openalex
A5065631636,https://openalex.org/A5065631636,John L. Sibert,,openalex
A5061183466,https://openalex.org/A5061183466,Daniel R. Schikore,,openalex
A5065450674,https://openalex.org/A5065450674,Christopher J. Kocmoud,,openalex
A5012750622,https://openalex.org/A5012750622,Jim Durbin,,openalex
A5061160663,https://openalex.org/A5061160663,Brad Colbert,,openalex
A5029096599,https://openalex.org/A5029096599,John Crowe,https://orcid.org/0000-0002-5438-2169,openalex
A5071070416,https://openalex.org/A5071070416,Ronnel B. King,https://orcid.org/0000-0003-1723-1748,openalex
A5111988164,https://openalex.org/A5111988164,T. King,,openalex
A5047521612,https://openalex.org/A5047521612,Christopher Scannell,,openalex
A5109455937,https://openalex.org/A5109455937,Terry Welsh,,openalex
A5009133136,https://openalex.org/A5009133136,Piero Pili,,openalex
A5047985305,https://openalex.org/A5047985305,Antonio Zorcolo,https://orcid.org/0000-0001-7318-6377,openalex
A5058034886,https://openalex.org/A5058034886,Massimiliano Tuveri,https://orcid.org/0000-0002-0402-3993,openalex
A5066452819,https://openalex.org/A5066452819,Emmanuel Frécon,,openalex
A5033922620,https://openalex.org/A5033922620,Gareth Dylan Smith,https://orcid.org/0000-0003-0483-3395,openalex
A5008522968,https://openalex.org/A5008522968,David Cline,https://orcid.org/0000-0002-2144-9371,openalex
A5112223393,https://openalex.org/A5112223393,Anselmo Lastra,,openalex
A5113554717,https://openalex.org/A5113554717,M. De Oliveira Neto,,openalex
A5063273054,https://openalex.org/A5063273054,Chris Henze,,openalex
A5039944209,https://openalex.org/A5039944209,Chang‐sung Jeong,https://orcid.org/0000-0001-9654-8406,openalex
A5044057604,https://openalex.org/A5044057604,Francis Lazarus,,openalex
A5089328357,https://openalex.org/A5089328357,W. Horn,,openalex
A5111504608,https://openalex.org/A5111504608,Barry Becker,,openalex
A5079135329,https://openalex.org/A5079135329,Toshiyuki Masui,,openalex
A5113979435,https://openalex.org/A5113979435,G.j. Wills,,openalex
A5056785820,https://openalex.org/A5056785820,Q. Shen,,openalex
A5055407434,https://openalex.org/A5055407434,Ed Boring,,openalex
A5016650559,https://openalex.org/A5016650559,Ed Huai Hsin,,openalex
A5028357447,https://openalex.org/A5028357447,John Riedl,,openalex
A5019266989,https://openalex.org/A5019266989,Philip D. Heermann,,openalex
A5110497903,https://openalex.org/A5110497903,W.c. Deleeuw,,openalex
A5076564852,https://openalex.org/A5076564852,R. Vanliere,,openalex
A5070010340,https://openalex.org/A5070010340,James T. Enns,https://orcid.org/0000-0002-3676-8316,openalex
A5030604423,https://openalex.org/A5030604423,Jin Chai,https://orcid.org/0000-0002-6031-9166,openalex
A5076199482,https://openalex.org/A5076199482,Takaharu Miyoshi,,openalex
A5017178896,https://openalex.org/A5017178896,Eihachiro Nakamae,,openalex
A5005055897,https://openalex.org/A5005055897,Yoram Moses,https://orcid.org/0000-0001-5549-1781,openalex
A5031718735,https://openalex.org/A5031718735,Zvi Polunsky,,openalex
A5052702092,https://openalex.org/A5052702092,Leonid Ulitsky,,openalex
A5084897593,https://openalex.org/A5084897593,Duane Knill,,openalex
A5040011600,https://openalex.org/A5040011600,D. Kenchammana Hosekote,,openalex
A5108373086,https://openalex.org/A5108373086,Nickolas L. Faust,,openalex
A5111480813,https://openalex.org/A5111480813,C. K. Tang,,openalex
A5006918685,https://openalex.org/A5006918685,Gérard Medioni,,openalex
A5026701677,https://openalex.org/A5026701677,D. Bielser,,openalex
A5021431373,https://openalex.org/A5021431373,Torsten Straßer,https://orcid.org/0000-0001-7725-7961,openalex
A5015622039,https://openalex.org/A5015622039,Christoph Lürig,https://orcid.org/0009-0003-5538-9084,openalex
A5056124181,https://openalex.org/A5056124181,Thomas Ertl,https://orcid.org/0000-0001-8099-1403,openalex
A5070668582,https://openalex.org/A5070668582,Milo V. Kral,https://orcid.org/0000-0003-1052-7781,openalex
A5062104077,https://openalex.org/A5062104077,Γ. Σπανός,,openalex
A5047029982,https://openalex.org/A5047029982,R. Rosenberg,,openalex
A5068712059,https://openalex.org/A5068712059,Allen Mcpherson,https://orcid.org/0000-0003-0195-6234,openalex
A5021857730,https://openalex.org/A5021857730,M. E. Maltrud,,openalex
A5082712854,https://openalex.org/A5082712854,Yair Kurzion,,openalex
A5088016700,https://openalex.org/A5088016700,Roni Yagel,,openalex
A5111478001,https://openalex.org/A5111478001,Jurriaan D. Mulder,,openalex
A5111748591,https://openalex.org/A5111748591,F.c.a. Groen,,openalex
A5025974897,https://openalex.org/A5025974897,J.j. Van Wijk,,openalex
A5054681723,https://openalex.org/A5054681723,Jan Harkes,https://orcid.org/0000-0002-3387-8050,openalex
A5078466092,https://openalex.org/A5078466092,Kurt Kremer,https://orcid.org/0000-0003-1842-9369,openalex
A5110506074,https://openalex.org/A5110506074,Stephan Kerpedjiev,,openalex
A5049259877,https://openalex.org/A5049259877,Giuseppe Carenini,https://orcid.org/0000-0003-4310-0119,openalex
A5016181027,https://openalex.org/A5016181027,N. Green,,openalex
A5031400973,https://openalex.org/A5031400973,Johanna D. Moore,https://orcid.org/0000-0001-7247-6823,openalex
A5004766305,https://openalex.org/A5004766305,Andrew W. Appel,https://orcid.org/0000-0001-6009-0325,openalex
A5005221682,https://openalex.org/A5005221682,Sami Khoury,,openalex
A5066572455,https://openalex.org/A5066572455,Adrian Freed,,openalex
A5062478612,https://openalex.org/A5062478612,David Wessel,,openalex
A5009538779,https://openalex.org/A5009538779,J.e. Van Der Heyden,,openalex
A5057491936,https://openalex.org/A5057491936,M.s.t. Carpendale,,openalex
A5014744525,https://openalex.org/A5014744525,K. Inkpen,,openalex
A5066760437,https://openalex.org/A5066760437,M.s. Atkins,,openalex
A5025418746,https://openalex.org/A5025418746,Alexandra Friedrich,https://orcid.org/0000-0002-1411-7336,openalex
A5027138169,https://openalex.org/A5027138169,Konrad Polthier,https://orcid.org/0000-0001-9663-3037,openalex
A5008980835,https://openalex.org/A5008980835,Markus Schmies,,openalex
A5067708245,https://openalex.org/A5067708245,G.m. Nielson,,openalex
A5067871964,https://openalex.org/A5067871964,Il Hyo Jung,https://orcid.org/0000-0002-6086-5124,openalex
A5069933095,https://openalex.org/A5069933095,Ji‐hee Sung,https://orcid.org/0000-0002-9658-2898,openalex
A5060791463,https://openalex.org/A5060791463,Marc D.h. Hansen,https://orcid.org/0000-0001-6588-2030,openalex
A5022008321,https://openalex.org/A5022008321,Doanna Meads,,openalex
A5073076477,https://openalex.org/A5073076477,Michael Stephanides,https://orcid.org/0000-0001-9202-0591,openalex
A5110149984,https://openalex.org/A5110149984,Stephen A. Schendel,,openalex
A5049695068,https://openalex.org/A5049695068,Mary Ross,https://orcid.org/0000-0002-1625-9549,openalex
A5112719763,https://openalex.org/A5112719763,Leslie Keely,,openalex
A5048552378,https://openalex.org/A5048552378,Henrik Weimer,,openalex
A5113597103,https://openalex.org/A5113597103,Joe Warren,,openalex
A5017813001,https://openalex.org/A5017813001,Jane Troutner,,openalex
A5012160486,https://openalex.org/A5012160486,Wendell Wiggins,,openalex
A5051836187,https://openalex.org/A5051836187,Joshua D. Shrout,https://orcid.org/0000-0001-9509-2187,openalex
A5053528251,https://openalex.org/A5053528251,Min Song,,openalex
A5035745117,https://openalex.org/A5035745117,Elisha Sacks,https://orcid.org/0009-0002-6955-2754,openalex
A5016547705,https://openalex.org/A5016547705,Leo Joskowicz,https://orcid.org/0000-0002-3010-4770,openalex
A5088875263,https://openalex.org/A5088875263,Haili Ma,,openalex
A5001709267,https://openalex.org/A5001709267,Keith Jones,https://orcid.org/0000-0003-3677-8802,openalex
A5113721232,https://openalex.org/A5113721232,E. A. Stern,,openalex
A5035548763,https://openalex.org/A5035548763,Dru Clark,https://orcid.org/0000-0003-0539-8161,openalex
A5040009333,https://openalex.org/A5040009333,Richard Marciano,https://orcid.org/0000-0002-6813-5046,openalex
A5058068009,https://openalex.org/A5058068009,Rosemarie Mckeon,,openalex
A5113526945,https://openalex.org/A5113526945,H.j.w. Spoelder,,openalex
A5064858427,https://openalex.org/A5064858427,Alexandre Gerussi,,openalex
A5000366779,https://openalex.org/A5000366779,Maria Lantin,,openalex
A5032170599,https://openalex.org/A5032170599,Murray Wolinsky,https://orcid.org/0000-0002-4670-7592,openalex
A5005163328,https://openalex.org/A5005163328,David Sigeti,,openalex
A5031355567,https://openalex.org/A5031355567,Mark Miller,https://orcid.org/0000-0003-2422-2866,openalex
A5081686907,https://openalex.org/A5081686907,Charles G. Aldrich,https://orcid.org/0000-0002-8983-3652,openalex
A5081553336,https://openalex.org/A5081553336,Mark Mineev Weinstein,,openalex
A5111545544,https://openalex.org/A5111545544,Michael Cox,,openalex
A5078971011,https://openalex.org/A5078971011,Paul Hoffman,https://orcid.org/0000-0002-7693-8957,openalex
A5017744726,https://openalex.org/A5017744726,Ivo Große,https://orcid.org/0000-0001-5318-4825,openalex
A5110200187,https://openalex.org/A5110200187,Eugene Stanley,,openalex
A5061064862,https://openalex.org/A5061064862,D.r. Schikore,,openalex
A5005829154,https://openalex.org/A5005829154,Mike M. Chow,,openalex
A5113952665,https://openalex.org/A5113952665,C. E. Grosch,,openalex
A5033571530,https://openalex.org/A5033571530,Peter Rander,https://orcid.org/0000-0003-0551-2286,openalex
A5062797994,https://openalex.org/A5062797994,P. J. Narayanan,https://orcid.org/0000-0002-7164-4917,openalex
A5057924291,https://openalex.org/A5057924291,Takeo Kanade,https://orcid.org/0000-0002-6267-6853,openalex
A5035433555,https://openalex.org/A5035433555,R. Grosso,https://orcid.org/0000-0001-5965-5325,openalex
A5052877871,https://openalex.org/A5052877871,Marc Olano,https://orcid.org/0000-0003-4209-6103,openalex
A5059958789,https://openalex.org/A5059958789,Gill Barequet,https://orcid.org/0000-0001-7501-6240,openalex
A5103024860,https://openalex.org/A5103024860,Subodh Kumar,https://orcid.org/0000-0003-3698-9212,openalex
A5041423078,https://openalex.org/A5041423078,Junwon Sung,,openalex
A5112781721,https://openalex.org/A5112781721,Ken Brodie,,openalex
A5027478975,https://openalex.org/A5027478975,T.s. Gieng,,openalex
A5080513075,https://openalex.org/A5080513075,G.l. Schussman,,openalex
A5090354265,https://openalex.org/A5090354265,Il Hong Jung,,openalex
A5081152152,https://openalex.org/A5081152152,L. De Fioriani,,openalex
A5080103945,https://openalex.org/A5080103945,Richard Franke,https://orcid.org/0009-0007-1583-3311,openalex
A5060029992,https://openalex.org/A5060029992,Helwig Löffelmann,,openalex
A5109522032,https://openalex.org/A5109522032,H. Krüger,,openalex
A5044906443,https://openalex.org/A5044906443,Martin Menzel,,openalex
A5103450068,https://openalex.org/A5103450068,David L. Kao,https://orcid.org/0000-0001-9980-0566,openalex
A5018952559,https://openalex.org/A5018952559,Anton Fuhrmann,,openalex
A5005633036,https://openalex.org/A5005633036,D. Schmalstieg,,openalex
A5097051717,https://openalex.org/A5097051717,N. Shareel,,openalex
A5064771528,https://openalex.org/A5064771528,Aran Lunzer,,openalex
A5070362915,https://openalex.org/A5070362915,P. Cotture,,openalex
A5112418767,https://openalex.org/A5112418767,Phillip J. Barry,,openalex
A5037387341,https://openalex.org/A5037387341,Joseph A. Konstan,https://orcid.org/0000-0002-7788-2748,openalex
A5085017488,https://openalex.org/A5085017488,S. M. Smith,https://orcid.org/0000-0002-1942-8344,openalex
A5061046887,https://openalex.org/A5061046887,Glen N. Williams,,openalex
A5100450141,https://openalex.org/A5100450141,Jun Chen,https://orcid.org/0000-0001-7397-2714,openalex
A5081676434,https://openalex.org/A5081676434,S. Okimoto,,openalex
A5008170232,https://openalex.org/A5008170232,N. Llopis Artime,,openalex
A5045835701,https://openalex.org/A5045835701,V.l. Chi,,openalex
A5078247403,https://openalex.org/A5078247403,Frederick P. Brooks,https://orcid.org/0000-0003-2114-6204,openalex
A5035239209,https://openalex.org/A5035239209,M. R. Falvo,,openalex
A5067200501,https://openalex.org/A5067200501,Scott Paulson,,openalex
A5079762310,https://openalex.org/A5079762310,P. Thiansathaporn,,openalex
A5085028960,https://openalex.org/A5085028960,D. Glick,,openalex
A5111372776,https://openalex.org/A5111372776,S. Washburn,,openalex
A5001277224,https://openalex.org/A5001277224,Richard Superfine,https://orcid.org/0000-0002-2569-071X,openalex
A5013417550,https://openalex.org/A5013417550,Wilfrid Lefer,,openalex
A5014495113,https://openalex.org/A5014495113,Richard Brath,https://orcid.org/0000-0001-6006-2092,openalex
A5103551037,https://openalex.org/A5103551037,M. A. Storey,,openalex
A5008530963,https://openalex.org/A5008530963,Kevin Wong,https://orcid.org/0000-0001-5503-9007,openalex
A5007720902,https://openalex.org/A5007720902,F. David Fracchia,https://orcid.org/0000-0002-7049-7097,openalex
A5069238142,https://openalex.org/A5069238142,Hausi Müller,https://orcid.org/0000-0002-1004-5830,openalex
A5070997520,https://openalex.org/A5070997520,Edward L. Robertson,,openalex
A5108734944,https://openalex.org/A5108734944,Claire F. Michaels,,openalex
A5017066840,https://openalex.org/A5017066840,Anna Puig,https://orcid.org/0000-0002-2184-2800,openalex
A5052713932,https://openalex.org/A5052713932,Dani Tost,https://orcid.org/0000-0001-9619-605X,openalex
A5003196740,https://openalex.org/A5003196740,Isabel Navazo,,openalex
A5030815730,https://openalex.org/A5030815730,Martin Brady,https://orcid.org/0000-0002-1484-5683,openalex
A5113903528,https://openalex.org/A5113903528,K. Jung,,openalex
A5042553752,https://openalex.org/A5042553752,Hien Thi Nguyen,https://orcid.org/0000-0003-1444-3120,openalex
A5058684461,https://openalex.org/A5058684461,Nguyễn Thị Thanh Thủy,https://orcid.org/0000-0002-9358-6201,openalex
A5005360401,https://openalex.org/A5005360401,Jackie Assa,,openalex
A5111253938,https://openalex.org/A5111253938,T. Milo,,openalex
A5026657166,https://openalex.org/A5026657166,R. Westermann,,openalex
A5068438408,https://openalex.org/A5068438408,G. Albertelli,,openalex
A5037106751,https://openalex.org/A5037106751,Yong Zhou,https://orcid.org/0000-0002-5141-1083,openalex
A5045827183,https://openalex.org/A5045827183,A. Kaufman,,openalex
A5011976234,https://openalex.org/A5011976234,Kyoko Nakamura,https://orcid.org/0000-0003-3225-1384,openalex
A5055566265,https://openalex.org/A5055566265,Jürgen Freund,,openalex
A5042475787,https://openalex.org/A5042475787,Kenneth R. Sloan,https://orcid.org/0000-0002-8747-4449,openalex
A5080030247,https://openalex.org/A5080030247,Yuval Levy,https://orcid.org/0000-0002-0525-3395,openalex
A5031580177,https://openalex.org/A5031580177,R.d. Bergeron,,openalex
A5046751441,https://openalex.org/A5046751441,B. I. Rabinovich,,openalex
A5089320763,https://openalex.org/A5089320763,J.e. Bossert,,openalex
A5039222119,https://openalex.org/A5039222119,Jon Reisner,https://orcid.org/0000-0001-9688-7176,openalex
A5024566083,https://openalex.org/A5024566083,J. Winterkamp,https://orcid.org/0000-0001-9986-4578,openalex
A5076455568,https://openalex.org/A5076455568,Jean M. Favre,https://orcid.org/0000-0001-8038-593X,openalex
A5026944579,https://openalex.org/A5026944579,C. Mandal,,openalex
A5016378470,https://openalex.org/A5016378470,Baba C. Vemuri,https://orcid.org/0000-0002-1400-5844,openalex
A5035347745,https://openalex.org/A5035347745,Egemen Tanin,https://orcid.org/0000-0001-5014-1969,openalex
A5078715930,https://openalex.org/A5078715930,Richard Beigel,,openalex
A5076895332,https://openalex.org/A5076895332,Steven P. Reiss,https://orcid.org/0000-0003-0942-1883,openalex
A5105838696,https://openalex.org/A5105838696,S.g. Eick,,openalex
A5060608833,https://openalex.org/A5060608833,Tingshu He,https://orcid.org/0000-0003-4648-201X,openalex
A5019756329,https://openalex.org/A5019756329,H. Pfister,,openalex
A5024656281,https://openalex.org/A5024656281,A. Kaufman,,openalex
A5028391969,https://openalex.org/A5028391969,John Kolojejchick,,openalex
A5072369536,https://openalex.org/A5072369536,T. Tenev,,openalex
A5061851752,https://openalex.org/A5061851752,Ramana Rao,,openalex
A5038280012,https://openalex.org/A5038280012,S. Kuschfeldt,,openalex
A5051283175,https://openalex.org/A5051283175,Michael Holzner,,openalex
A5111487759,https://openalex.org/A5111487759,Richard D. Lawrence,,openalex
A5084240918,https://openalex.org/A5084240918,George Almási,,openalex
A5012330510,https://openalex.org/A5012330510,D.c. Banks,,openalex
A5089540620,https://openalex.org/A5089540620,J.t. Foley,,openalex
A5035034341,https://openalex.org/A5035034341,K.n. Vidimce,,openalex
A5023595353,https://openalex.org/A5023595353,Ming Hoe Kiu,,openalex
A5098652324,https://openalex.org/A5098652324,V. Jaswa,,openalex
A5050757518,https://openalex.org/A5050757518,A. Kaufman,,openalex
A5111866759,https://openalex.org/A5111866759,T. Teraoka,,openalex
A5050979241,https://openalex.org/A5050979241,Minoru Maruyama,https://orcid.org/0000-0002-6406-0649,openalex
A5024974144,https://openalex.org/A5024974144,Dereth Drake,,openalex
A5015732156,https://openalex.org/A5015732156,Timothy W. Simpson,https://orcid.org/0000-0002-6287-0461,openalex
A5077903750,https://openalex.org/A5077903750,Larry Smithmier,,openalex
A5011769177,https://openalex.org/A5011769177,J.j. Loomis,,openalex
A5102867647,https://openalex.org/A5102867647,Xiuwen Liu,https://orcid.org/0000-0002-9320-3872,openalex
A5009646771,https://openalex.org/A5009646771,K. Fujimura,,openalex
A5054544594,https://openalex.org/A5054544594,M.l. Evans,,openalex
A5014429725,https://openalex.org/A5014429725,H. Ishikawa,,openalex
A5059776687,https://openalex.org/A5059776687,Jed Marti,,openalex
A5070664467,https://openalex.org/A5070664467,М. Б. Шнеерсон,,openalex
A5054141042,https://openalex.org/A5054141042,C.r. Volpe,,openalex
A5052272013,https://openalex.org/A5052272013,Ephraim P. Glinert,,openalex
A5089427732,https://openalex.org/A5089427732,Borys Flak,,openalex
A5069345038,https://openalex.org/A5069345038,Peter Cahoon,,openalex
A5029403462,https://openalex.org/A5029403462,Lisa M. Sobierajski,,openalex
A5045542854,https://openalex.org/A5045542854,Will Schroeder,https://orcid.org/0000-0003-3815-9386,openalex
A5101137673,https://openalex.org/A5101137673,Suya You,,openalex
A5062659292,https://openalex.org/A5062659292,K. Junyaprasert,,openalex
A5001615692,https://openalex.org/A5001615692,S. Muraki,,openalex
A5016943819,https://openalex.org/A5016943819,Yong Zhou,https://orcid.org/0000-0002-4099-8077,openalex
A5054405778,https://openalex.org/A5054405778,M. Wax,,openalex
A5110322946,https://openalex.org/A5110322946,Zhengrong Liang,,openalex
A5013067496,https://openalex.org/A5013067496,V. Interrante,,openalex
A5100428456,https://openalex.org/A5100428456,Qian Chen,https://orcid.org/0000-0002-1909-302X,openalex
A5034588872,https://openalex.org/A5034588872,G. Medioni,,openalex
A5038683560,https://openalex.org/A5038683560,Zhifan Zhu,https://orcid.org/0000-0002-0508-128X,openalex
A5053487546,https://openalex.org/A5053487546,R. Machiraju,,openalex
A5019380016,https://openalex.org/A5019380016,B. Fry,,openalex
A5003226930,https://openalex.org/A5003226930,R. Moorhead,,openalex
A5102099828,https://openalex.org/A5102099828,Wenli Cai,,openalex
A5103446832,https://openalex.org/A5103446832,Jun Chao Xia,,openalex
A5110466417,https://openalex.org/A5110466417,Ricardo S. Avila,,openalex
A5048716011,https://openalex.org/A5048716011,L.m. Sobierajski,,openalex
A5077439244,https://openalex.org/A5077439244,W.e. Lorensen,,openalex
A5015444670,https://openalex.org/A5015444670,Raj Shekhar,https://orcid.org/0000-0002-2047-3214,openalex
A5084040979,https://openalex.org/A5084040979,Elias A. Fayyad,,openalex
A5110478999,https://openalex.org/A5110478999,J. Fredrick Cornhill,,openalex
A5064090120,https://openalex.org/A5064090120,Francine Evans,,openalex
A5060741187,https://openalex.org/A5060741187,Steven Skiena,https://orcid.org/0000-0003-0397-7514,openalex
A5019100343,https://openalex.org/A5019100343,Malte Zöckler,,openalex
A5109264459,https://openalex.org/A5109264459,D. Stalling,,openalex
A5028974723,https://openalex.org/A5028974723,Reinhard Klein,,openalex
A5005619937,https://openalex.org/A5005619937,G. Liebich,,openalex
A5069812590,https://openalex.org/A5069812590,Jeff Senn,,openalex
A5020823835,https://openalex.org/A5020823835,Cristina C. Gomberg,,openalex
A5009809523,https://openalex.org/A5009809523,M.b. Burks,,openalex
A5029865870,https://openalex.org/A5029865870,P.j. Stroffolino,,openalex
A5015496910,https://openalex.org/A5015496910,A.j. Kolojechick,,openalex
A5035843473,https://openalex.org/A5035843473,C. Dunmire,https://orcid.org/0009-0008-3193-7118,openalex
A5007035811,https://openalex.org/A5007035811,R. Sheehan,,openalex
A5086751914,https://openalex.org/A5086751914,Craig M. Wittenbrink,,openalex
A5068407611,https://openalex.org/A5068407611,Eric Hoffman,https://orcid.org/0000-0002-8896-1484,openalex
A5072282499,https://openalex.org/A5072282499,Kc Claffy,https://orcid.org/0000-0003-4824-3493,openalex
A5030467884,https://openalex.org/A5030467884,Bill Fenner,,openalex
A5073985902,https://openalex.org/A5073985902,Sabine Girod,https://orcid.org/0000-0002-6974-6076,openalex
A5069465197,https://openalex.org/A5069465197,Paula Pfeifle,,openalex
A5004042863,https://openalex.org/A5004042863,Bernd Girod,https://orcid.org/0000-0001-6950-1020,openalex
A5047447282,https://openalex.org/A5047447282,J. Wilhelms,,openalex
A5075380505,https://openalex.org/A5075380505,A. Van Gelder,,openalex
A5058542108,https://openalex.org/A5058542108,P. Tarantino,,openalex
A5089720959,https://openalex.org/A5089720959,J. Gibbs,,openalex
A5042011044,https://openalex.org/A5042011044,Dani Or,https://orcid.org/0000-0002-3236-2933,openalex
A5044775427,https://openalex.org/A5044775427,Yishay Levanoni,,openalex
A5056585168,https://openalex.org/A5056585168,Stephen M. Pizer,https://orcid.org/0000-0002-4250-6531,openalex
A5112628493,https://openalex.org/A5112628493,Takayuki Itoh,,openalex
A5003609388,https://openalex.org/A5003609388,Yasushi Yamaguchi,https://orcid.org/0000-0003-0790-4144,openalex
A5001733506,https://openalex.org/A5001733506,Catherine Wilson,https://orcid.org/0009-0007-6222-7760,openalex
A5012651524,https://openalex.org/A5012651524,Luc P. Beaudoin,https://orcid.org/0000-0002-2927-3649,openalex
A5036719171,https://openalex.org/A5036719171,Marc Antoine Parent,https://orcid.org/0000-0003-4159-7678,openalex
A5021217542,https://openalex.org/A5021217542,Louis C. Vroomen,,openalex
A5055405318,https://openalex.org/A5055405318,A. Trott,,openalex
A5047355672,https://openalex.org/A5047355672,John A. Mcginley,,openalex
A5002877712,https://openalex.org/A5002877712,Upul Obeysekare,,openalex
A5064070779,https://openalex.org/A5064070779,C. Williams,,openalex
A5035145111,https://openalex.org/A5035145111,J. Durbin,,openalex
A5112805597,https://openalex.org/A5112805597,L. Rosenblum,,openalex
A5113422468,https://openalex.org/A5113422468,R. Rosenberg,,openalex
A5022269237,https://openalex.org/A5022269237,Fernando F. Grinstein,https://orcid.org/0000-0003-0442-7936,openalex
A5043132001,https://openalex.org/A5043132001,Ravi Ramamurti,https://orcid.org/0000-0003-3713-9017,openalex
A5015449928,https://openalex.org/A5015449928,Alexandra Landsberg,,openalex
A5114252285,https://openalex.org/A5114252285,William Sandberg,,openalex
A5003464394,https://openalex.org/A5003464394,Amira Solomovici,,openalex
A5017036530,https://openalex.org/A5017036530,S. T. Bryson,,openalex
A5066129879,https://openalex.org/A5066129879,Johan N Siebert,https://orcid.org/0000-0002-2871-3382,openalex
A5021400464,https://openalex.org/A5021400464,Michael Gerald Yamasaki,,openalex
A5042420721,https://openalex.org/A5042420721,Georgios Sakas,https://orcid.org/0000-0003-3066-306X,openalex
A5051212175,https://openalex.org/A5051212175,Michael G. Vicker,,openalex
A5024958858,https://openalex.org/A5024958858,P Plath,,openalex
A5040141831,https://openalex.org/A5040141831,William F. Garrett,,openalex
A5053155534,https://openalex.org/A5053155534,Mary C. Whitton,https://orcid.org/0000-0003-2880-2550,openalex
A5109222951,https://openalex.org/A5109222951,Andrei State,,openalex
A5017797808,https://openalex.org/A5017797808,Amen Zwa,,openalex
A5039819029,https://openalex.org/A5039819029,Christopher W. Starr,,openalex
A5044182284,https://openalex.org/A5044182284,Elizabeth Shoop,https://orcid.org/0009-0003-2871-8049,openalex
A5008198574,https://openalex.org/A5008198574,J.v. Carlis,,openalex
A5091622251,https://openalex.org/A5091622251,Ernest F. Retzel,,openalex
A5112184619,https://openalex.org/A5112184619,Su Huang,,openalex
A5024616528,https://openalex.org/A5024616528,Rajagopalan Srinivasan,https://orcid.org/0000-0002-8790-4349,openalex
A5003352663,https://openalex.org/A5003352663,Raghu Raghavan,https://orcid.org/0000-0002-4576-1132,openalex
A5072621491,https://openalex.org/A5072621491,T. He,https://orcid.org/0009-0005-5568-2373,openalex
A5008570029,https://openalex.org/A5008570029,David A. Rushall,,openalex
A5075129418,https://openalex.org/A5075129418,Marc R. Ilgen,,openalex
A5011020333,https://openalex.org/A5011020333,Steven Feiner,https://orcid.org/0000-0001-9978-7090,openalex
A5027008015,https://openalex.org/A5027008015,Daniel Shapiro,https://orcid.org/0009-0003-9930-8653,openalex
A5109701993,https://openalex.org/A5109701993,V. Pandit,,openalex
A5070786833,https://openalex.org/A5070786833,R. Mcdermott,https://orcid.org/0000-0001-5677-8637,openalex
A5044898858,https://openalex.org/A5044898858,Gianluca Lazzi,https://orcid.org/0000-0002-6365-7283,openalex
A5054629198,https://openalex.org/A5054629198,Cynthia Furse,https://orcid.org/0000-0002-7139-7231,openalex
A5073824469,https://openalex.org/A5073824469,O.p. Gandhi,https://orcid.org/0000-0003-3773-246X,openalex
A5038464567,https://openalex.org/A5038464567,H. Pfister,,openalex
A5033907382,https://openalex.org/A5033907382,S. Nations,,openalex
A5018362418,https://openalex.org/A5018362418,S. Aukstakalnis,,openalex
A5073023637,https://openalex.org/A5073023637,R. Vickery,,openalex
A5054634532,https://openalex.org/A5054634532,W.c. Couvillion,,openalex
A5108568057,https://openalex.org/A5108568057,Daniel N. Fox,,openalex
A5036044415,https://openalex.org/A5036044415,P. Flynn,,openalex
A5035793070,https://openalex.org/A5035793070,A. Wallcraft,,openalex
A5021459249,https://openalex.org/A5021459249,P. Hogan,,openalex
A5017012925,https://openalex.org/A5017012925,O.m. Smedstad,,openalex
A5013064867,https://openalex.org/A5013064867,Riley Hughes,,openalex
A5088157983,https://openalex.org/A5088157983,A. R. Forrest,,openalex
A5091868032,https://openalex.org/A5091868032,Mingyang Gray,https://orcid.org/0000-0002-1146-9942,openalex
A5109221960,https://openalex.org/A5109221960,Albert Badre,,openalex
A5055660368,https://openalex.org/A5055660368,Mark Guzdial,https://orcid.org/0000-0003-4427-9763,openalex
A5008826811,https://openalex.org/A5008826811,M. Sheelagh,,openalex
A5018669508,https://openalex.org/A5018669508,T. Carpendale,,openalex
A5026657654,https://openalex.org/A5026657654,David J. Cowperthwaite,,openalex
A5003276476,https://openalex.org/A5003276476,Colin R. F. Monks,,openalex
A5064472477,https://openalex.org/A5064472477,Greg Davidson,,openalex
A5066582909,https://openalex.org/A5066582909,Constantine Pavlakos,,openalex
A5067935131,https://openalex.org/A5067935131,Abraham Kupfer,,openalex
A5006254467,https://openalex.org/A5006254467,Brian Wylie,,openalex
A5076545746,https://openalex.org/A5076545746,Rick Kazman,https://orcid.org/0000-0003-0392-2783,openalex
A5037207779,https://openalex.org/A5037207779,Jeromy Carrière,,openalex
A5112846539,https://openalex.org/A5112846539,A. Fall,,openalex
A5008821441,https://openalex.org/A5008821441,Joseph Fall,,openalex
A5019885462,https://openalex.org/A5019885462,K.j. Zuiderveld,,openalex
A5024082845,https://openalex.org/A5024082845,Peter M. A. Van Ooijen,https://orcid.org/0000-0002-8995-1210,openalex
A5019842871,https://openalex.org/A5019842871,J.w.c. Chin A Woeng,,openalex
A5029127355,https://openalex.org/A5029127355,P.c. Buijs,,openalex
A5065590971,https://openalex.org/A5065590971,M. Olree,,openalex
A5085014218,https://openalex.org/A5085014218,F.h. Posti,,openalex
A5112777216,https://openalex.org/A5112777216,Milana Huang,,openalex
A5113660863,https://openalex.org/A5113660863,Radek Grzeszczuk,,openalex
A5057018104,https://openalex.org/A5057018104,Louis H. Kauffman,https://orcid.org/0000-0003-4135-8685,openalex
A5026932575,https://openalex.org/A5026932575,Naim Alper,,openalex
A5005016167,https://openalex.org/A5005016167,Christian Stein,https://orcid.org/0000-0002-6161-2559,openalex
A5113776101,https://openalex.org/A5113776101,Yingcai Xiao,,openalex
A5033233979,https://openalex.org/A5033233979,J.p. Ziebarth,,openalex
A5058983568,https://openalex.org/A5058983568,C. Woodbury,,openalex
A5072003057,https://openalex.org/A5072003057,E. Bayer,,openalex
A5061025905,https://openalex.org/A5061025905,B. Rundell,,openalex
A5078697519,https://openalex.org/A5078697519,Jeroen Van Der Zijp,,openalex
A5019729265,https://openalex.org/A5019729265,James Painter,,openalex
A5074842294,https://openalex.org/A5074842294,Hans‐peter Bunge,https://orcid.org/0000-0002-1447-2389,openalex
A5108370529,https://openalex.org/A5108370529,J.a. Trapp,,openalex
A5111996249,https://openalex.org/A5111996249,Arnaud Rémy,,openalex
A5112315004,https://openalex.org/A5112315004,Luis Jaime Castillo,https://orcid.org/0009-0009-6848-376X,openalex
A5069325685,https://openalex.org/A5069325685,K. Morla,,openalex
A5075016588,https://openalex.org/A5075016588,E. Nolazco,,openalex
A5089538913,https://openalex.org/A5089538913,José Manuel Blanco Prado,,openalex
A5036990371,https://openalex.org/A5036990371,Vanessa Portero Fernández,,openalex
A5101648116,https://openalex.org/A5101648116,R. Franco,https://orcid.org/0000-0002-3031-6562,openalex
A5036574896,https://openalex.org/A5036574896,G. Wiese,,openalex
A5058347132,https://openalex.org/A5058347132,D. Rossiter,,openalex
A5110248799,https://openalex.org/A5110248799,Wai Yin Ng,,openalex
A5074689835,https://openalex.org/A5074689835,Thomas Frühauf,,openalex
A5087781818,https://openalex.org/A5087781818,Adam B. Forgang,,openalex
A5022434539,https://openalex.org/A5022434539,B. Hamann,,openalex
A5002625448,https://openalex.org/A5002625448,Siyi Lu,https://orcid.org/0000-0003-4637-844X,openalex
A5110094928,https://openalex.org/A5110094928,A. B. Rebello,,openalex
A5040196689,https://openalex.org/A5040196689,Donghong Cui,https://orcid.org/0000-0001-6941-0997,openalex
A5103602555,https://openalex.org/A5103602555,R. A. Miller,,openalex
A5111552264,https://openalex.org/A5111552264,G. L. Kinzel,,openalex
A5112274560,https://openalex.org/A5112274560,J.j. Van Wijk,,openalex
A5022563775,https://openalex.org/A5022563775,Willem Jan Knibbe,https://orcid.org/0000-0002-7177-9352,openalex
A5014134530,https://openalex.org/A5014134530,Kamran Eftekhari Shahroudi,https://orcid.org/0000-0003-4781-4418,openalex
A5100359760,https://openalex.org/A5100359760,Song Han,https://orcid.org/0000-0002-4584-6136,openalex
A5047904851,https://openalex.org/A5047904851,G. Medioni,,openalex
A5073048518,https://openalex.org/A5073048518,Po Yu Tsai,,openalex
A5113171808,https://openalex.org/A5113171808,J. Barlow,,openalex
A5103125479,https://openalex.org/A5103125479,Richard A. Miller,https://orcid.org/0000-0003-2757-0188,openalex
A5109197974,https://openalex.org/A5109197974,John G. Hagedorn,https://orcid.org/0009-0002-3601-6744,openalex
A5050795073,https://openalex.org/A5050795073,John E. Blendell,https://orcid.org/0000-0003-3912-7204,openalex
A5110156434,https://openalex.org/A5110156434,Mark D. Vaudin,,openalex
A5065890293,https://openalex.org/A5065890293,Liqun Jin,,openalex
A5103889000,https://openalex.org/A5103889000,James A. Wise,,openalex
A5083194565,https://openalex.org/A5083194565,K.a. Pennock,,openalex
A5020379846,https://openalex.org/A5020379846,David B. Lantrip,,openalex
A5016462932,https://openalex.org/A5016462932,M. Pottier,,openalex
A5053144226,https://openalex.org/A5053144226,Anne Schur,,openalex
A5111782929,https://openalex.org/A5111782929,Lawrence D. Bergman,,openalex
A5110215305,https://openalex.org/A5110215305,H. P. Kriegel,,openalex
A5079015255,https://openalex.org/A5079015255,F.j. Post,,openalex
A5012856150,https://openalex.org/A5012856150,Theo Van Walsum,https://orcid.org/0000-0001-8257-7759,openalex
A5111715935,https://openalex.org/A5111715935,C. Ahlberg,,openalex
A5072130557,https://openalex.org/A5072130557,Erik Wistrand,,openalex
A5112800319,https://openalex.org/A5112800319,Greg Abram,,openalex
A5052823224,https://openalex.org/A5052823224,Roger Gatti,,openalex
A5055932717,https://openalex.org/A5055932717,David Koller,,openalex
A5111322014,https://openalex.org/A5111322014,Gregory A. Turner,,openalex
A5047566304,https://openalex.org/A5047566304,Robert Hendley,https://orcid.org/0000-0001-7079-3358,openalex
A5028447826,https://openalex.org/A5028447826,Nick Drew,,openalex
A5009963118,https://openalex.org/A5009963118,Andrew Wood,https://orcid.org/0000-0003-2105-5804,openalex
A5059447967,https://openalex.org/A5059447967,Russell Beale,https://orcid.org/0000-0002-9395-1715,openalex
A5040718082,https://openalex.org/A5040718082,M.h. Ghavamnia,,openalex
A5019883765,https://openalex.org/A5019883765,Xiaochen Yang,https://orcid.org/0009-0001-9605-1894,openalex
A5016056652,https://openalex.org/A5016056652,I. Fujishiro,,openalex
A5011332155,https://openalex.org/A5011332155,Y. Maeda,https://orcid.org/0000-0001-6919-637X,openalex
A5086910442,https://openalex.org/A5086910442,Hiroshi Sato,https://orcid.org/0000-0003-1132-9795,openalex
A5028105754,https://openalex.org/A5028105754,W.e. Lorensen,,openalex
A5038006548,https://openalex.org/A5038006548,Saijun Wang,https://orcid.org/0009-0009-2528-1914,openalex
A5069354316,https://openalex.org/A5069354316,W. Heidrich,,openalex
A5067203735,https://openalex.org/A5067203735,M. Mccool,,openalex
A5077190153,https://openalex.org/A5077190153,Jeffrey A. Stevens,,openalex
A5073223235,https://openalex.org/A5073223235,Jianyi Lee,,openalex
A5056690945,https://openalex.org/A5056690945,R.s. Avila,,openalex
A5081589066,https://openalex.org/A5081589066,Dean Frederick Jerding,,openalex
A5036806136,https://openalex.org/A5036806136,David A. Lane,https://orcid.org/0009-0005-0999-398X,openalex
A5081755176,https://openalex.org/A5081755176,Rob Ingram,,openalex
A5086725824,https://openalex.org/A5086725824,Steve Benford,https://orcid.org/0000-0001-8041-2520,openalex
A5058687503,https://openalex.org/A5058687503,Kenneth C. Cox,,openalex
A5073766158,https://openalex.org/A5073766158,D. Dovey,,openalex
A5057788754,https://openalex.org/A5057788754,B.g. Becker,,openalex
A5023194796,https://openalex.org/A5023194796,D.a. Lane,,openalex
A5017345680,https://openalex.org/A5017345680,N.l. Max,,openalex
A5112415793,https://openalex.org/A5112415793,Bob Spence,,openalex
A5073294201,https://openalex.org/A5073294201,Lisa Tweedie,,openalex
A5008309281,https://openalex.org/A5008309281,Huw Dawkes,,openalex
A5109624713,https://openalex.org/A5109624713,Hua Su,,openalex
A5051587196,https://openalex.org/A5051587196,G. Knittel,,openalex
A5077119810,https://openalex.org/A5077119810,C.t. Silva,,openalex
A5015247956,https://openalex.org/A5015247956,Joseph S. B. Mitchell,https://orcid.org/0000-0002-0152-2279,openalex
A5032960364,https://openalex.org/A5032960364,Thomas Kindler,,openalex
A5109839360,https://openalex.org/A5109839360,Weiming Gu,,openalex
A5064465394,https://openalex.org/A5064465394,Greg Eisenhauer,https://orcid.org/0000-0002-2070-043X,openalex
A5111483107,https://openalex.org/A5111483107,Karsten Schwan,,openalex
A5027064195,https://openalex.org/A5027064195,F. N. Alyea,,openalex
A5031047896,https://openalex.org/A5031047896,Vinod Anupam,,openalex
A5054102790,https://openalex.org/A5054102790,Shahid Shafi Dar,https://orcid.org/0000-0001-7468-3404,openalex
A5075091403,https://openalex.org/A5075091403,T. Leibfried,,openalex
A5006862887,https://openalex.org/A5006862887,E. Petajan,,openalex
A5047718241,https://openalex.org/A5047718241,M. Suter,,openalex
A5043929479,https://openalex.org/A5043929479,D. Nuesch,,openalex
A5085528889,https://openalex.org/A5085528889,F.p. Brooks,,openalex
A5045276198,https://openalex.org/A5045276198,D.c. Richardson,,openalex
A5042776849,https://openalex.org/A5042776849,W.v. Wright,,openalex
A5057360982,https://openalex.org/A5057360982,D. Manocha,,openalex
A5081299245,https://openalex.org/A5081299245,Nahum Gershon,,openalex
A5109341575,https://openalex.org/A5109341575,Joshua Levasseur,,openalex
A5082419776,https://openalex.org/A5082419776,Joel Winstead,,openalex
A5004405532,https://openalex.org/A5004405532,J. Croall,,openalex
A5030265440,https://openalex.org/A5030265440,A. Pernicks,,openalex
A5110972863,https://openalex.org/A5110972863,Woon Jae Ruh,,openalex
A5026457914,https://openalex.org/A5026457914,E. Shoop,,openalex
A5057085103,https://openalex.org/A5057085103,E. Retzel,,openalex
A5075266751,https://openalex.org/A5075266751,R. Yagel,,openalex
A5080488883,https://openalex.org/A5080488883,Siming Lu,,openalex
A5075039720,https://openalex.org/A5075039720,A.b. Rebello,,openalex
A5018515695,https://openalex.org/A5018515695,R.a. Miller,,openalex
A5017533592,https://openalex.org/A5017533592,M. Hannemann,,openalex
A5108369464,https://openalex.org/A5108369464,H. Sobieczky,,openalex
A5088827158,https://openalex.org/A5088827158,J.k. Johnstone,,openalex
A5052152060,https://openalex.org/A5052152060,K.r. Sloan,,openalex
A5102912445,https://openalex.org/A5102912445,Hui Ma,https://orcid.org/0000-0003-2012-7693,openalex
A5008151140,https://openalex.org/A5008151140,Joe Mattis,,openalex
A5077397211,https://openalex.org/A5077397211,Klaus Reichenberger,,openalex
A5068399763,https://openalex.org/A5068399763,Thomas Kamps,,openalex
A5075918903,https://openalex.org/A5075918903,Gene Golovchinsky,https://orcid.org/0000-0002-9649-2753,openalex
A5053489771,https://openalex.org/A5053489771,G.w. Oliver,,openalex
A5058910937,https://openalex.org/A5058910937,Neil W. Ashton,https://orcid.org/0000-0001-5302-7467,openalex
A5069593831,https://openalex.org/A5069593831,Craig Burton,https://orcid.org/0000-0002-6273-0071,openalex
A5055692138,https://openalex.org/A5055692138,Lorraine Johnston,https://orcid.org/0000-0002-3328-9651,openalex
A5109188615,https://openalex.org/A5109188615,Ea Sonenberg,,openalex
A5031011577,https://openalex.org/A5031011577,Richard B. Mitchell,,openalex
A5075642225,https://openalex.org/A5075642225,David Day,,openalex
A5068115280,https://openalex.org/A5068115280,Lynette Hirschman,https://orcid.org/0000-0001-8442-0720,openalex
A5069050676,https://openalex.org/A5069050676,A.e. Mynett,,openalex
A5020662442,https://openalex.org/A5020662442,A.j.s. Hin,,openalex
A5063919540,https://openalex.org/A5063919540,R.e. Gooch,,openalex
A5001722956,https://openalex.org/A5001722956,Daryl H. Hepting,https://orcid.org/0000-0002-3138-3521,openalex
A5016743303,https://openalex.org/A5016743303,Gianne Derks,https://orcid.org/0000-0002-2437-1813,openalex
A5001759991,https://openalex.org/A5001759991,Kossi Edoh,https://orcid.org/0000-0003-1621-9165,openalex
A5043312249,https://openalex.org/A5043312249,Robert D. Russell,https://orcid.org/0000-0001-6580-0111,openalex
A5033016473,https://openalex.org/A5033016473,Insung Ihm,https://orcid.org/0000-0002-5611-925X,openalex
A5011715822,https://openalex.org/A5011715822,Rae Kyoung Lee,,openalex
A5002880037,https://openalex.org/A5002880037,R.a. Cross,,openalex
A5073612551,https://openalex.org/A5073612551,M. Marietta,,openalex
A5027918086,https://openalex.org/A5027918086,Jack Nichols,,openalex
A5050124335,https://openalex.org/A5050124335,H. G. Pagendarm,,openalex
A5091111194,https://openalex.org/A5091111194,T. Gerhold,,openalex
A5013005123,https://openalex.org/A5013005123,A. Kaufman,,openalex
A5050995848,https://openalex.org/A5050995848,G. Golovchinsky,,openalex
A5001959280,https://openalex.org/A5001959280,T. Kamps,,openalex
A5034840018,https://openalex.org/A5034840018,K. Reichenberger,,openalex
A5019945348,https://openalex.org/A5019945348,Ian G. Angus,,openalex
A5005900179,https://openalex.org/A5005900179,Henry A. Sowizral,,openalex
A5075817746,https://openalex.org/A5075817746,Peter Lüders,,openalex
A5075507551,https://openalex.org/A5075507551,Rolf Ernst,https://orcid.org/0000-0003-2414-9566,openalex
A5001091537,https://openalex.org/A5001091537,G.d. Kerlick,,openalex
A5103964376,https://openalex.org/A5103964376,Byeong Seok Shin,,openalex
A5114186339,https://openalex.org/A5114186339,Yeong Gil Shin,,openalex
A5080754201,https://openalex.org/A5080754201,Theresa Marie Rhyne,https://orcid.org/0000-0002-2642-1757,openalex
A5040201579,https://openalex.org/A5040201579,C. Falkenberg,,openalex
A5028908532,https://openalex.org/A5028908532,R. Kulkarni,,openalex
A5050162114,https://openalex.org/A5050162114,A.a. Muller,,openalex
A5044148984,https://openalex.org/A5044148984,N. Prevost,,openalex
A5025493812,https://openalex.org/A5025493812,R.e. Jennings,,openalex
A5048341979,https://openalex.org/A5048341979,L. Jorgenson,,openalex
A5016568940,https://openalex.org/A5016568940,F.d. Fracchia,,openalex
A5033260752,https://openalex.org/A5033260752,T.a. Wagner,,openalex
A5064921467,https://openalex.org/A5064921467,R.d. Bergeron,,openalex
A5031672248,https://openalex.org/A5031672248,Steve Marschner,https://orcid.org/0000-0001-9810-0306,openalex
A5075684728,https://openalex.org/A5075684728,Richard J. Lobb,https://orcid.org/0000-0001-9548-8843,openalex
A5005117873,https://openalex.org/A5005117873,Thierry Delmarcelle,,openalex
A5003406070,https://openalex.org/A5003406070,Riccardo Scateni,https://orcid.org/0000-0002-0950-7372,openalex
A5053875220,https://openalex.org/A5053875220,Bart A. Singer,,openalex
A5100675683,https://openalex.org/A5100675683,David Chen,https://orcid.org/0009-0002-8386-7840,openalex
A5045696076,https://openalex.org/A5045696076,Chris Tector,,openalex
A5057777900,https://openalex.org/A5057777900,A. Brandt,https://orcid.org/0000-0002-6290-4940,openalex
A5064155521,https://openalex.org/A5064155521,Ryutarou Ohbuchi,https://orcid.org/0000-0002-7605-9135,openalex
A5006944801,https://openalex.org/A5006944801,Michael Bajura,,openalex
A5036885344,https://openalex.org/A5036885344,L.k. Forssell,,openalex
A5076776861,https://openalex.org/A5076776861,Charles W. Grant,,openalex
A5047916823,https://openalex.org/A5047916823,Raphael Ferreira De Ávila,,openalex
A5028521832,https://openalex.org/A5028521832,C. Silva,,openalex
A5085552629,https://openalex.org/A5085552629,L. Sobierajski,,openalex
A5076925843,https://openalex.org/A5076925843,Shuxin Wang,https://orcid.org/0000-0002-8320-7685,openalex
A5068438875,https://openalex.org/A5068438875,William E. Lorensen,,openalex
A5086610229,https://openalex.org/A5086610229,Steve Linthicum,,openalex
A5021401483,https://openalex.org/A5021401483,S. Wang,,openalex
A5046739843,https://openalex.org/A5046739843,A. Kaufman,,openalex
A5064018186,https://openalex.org/A5064018186,William L. Hibbard,,openalex
A5080615708,https://openalex.org/A5080615708,Charles R. Dyer,,openalex
A5113922759,https://openalex.org/A5113922759,B. Paul,,openalex
A5112611254,https://openalex.org/A5112611254,Birgit Walter,,openalex
A5061917686,https://openalex.org/A5061917686,Sergey V. Matveyev,,openalex
A5107388446,https://openalex.org/A5107388446,Tao Hai,https://orcid.org/0000-0002-6156-1974,openalex
A5030947996,https://openalex.org/A5030947996,R.j. Moorhead,,openalex
A5015520753,https://openalex.org/A5015520753,M. Brill,,openalex
A5086100491,https://openalex.org/A5086100491,H. C. Rodrian,,openalex
A5091509457,https://openalex.org/A5091509457,W. Djatschin,,openalex
A5056000267,https://openalex.org/A5056000267,S.v. Klimenko,,openalex
A5061536888,https://openalex.org/A5061536888,T. Itoh,,openalex
A5050934788,https://openalex.org/A5050934788,K. Koyamada,,openalex
A5030674376,https://openalex.org/A5030674376,Doug Kimelman,,openalex
A5026981652,https://openalex.org/A5026981652,B. Rosenburg,,openalex
A5086396255,https://openalex.org/A5086396255,Tobias Roth,https://orcid.org/0000-0001-6561-0430,openalex
A5054427024,https://openalex.org/A5054427024,K.l. Duffin,,openalex
A5018044277,https://openalex.org/A5018044277,W.a. Barrett,,openalex
A5032840693,https://openalex.org/A5032840693,Hui Ma,https://orcid.org/0000-0002-5272-8226,openalex
A5050571638,https://openalex.org/A5050571638,R. L. Twiddy,,openalex
A5007335034,https://openalex.org/A5007335034,John Cavallo,,openalex
A5002938065,https://openalex.org/A5002938065,Shahram Shiri,,openalex
A5052169874,https://openalex.org/A5052169874,Gitta Domik,,openalex
A5008676144,https://openalex.org/A5008676144,B. Gutkauf,,openalex
A5049745718,https://openalex.org/A5049745718,C.s. Ang,,openalex
A5056706946,https://openalex.org/A5056706946,D.c. Martin,,openalex
A5043220723,https://openalex.org/A5043220723,M.d. Doyle,,openalex
A5028885392,https://openalex.org/A5028885392,J.s. Rowlan,,openalex
A5003148265,https://openalex.org/A5003148265,G.e. Lent,,openalex
A5089373476,https://openalex.org/A5089373476,N. Gokhale,,openalex
A5024587973,https://openalex.org/A5024587973,S. Bradshaw,,openalex
A5048743316,https://openalex.org/A5048743316,R.a. Cross,,openalex
A5074870798,https://openalex.org/A5074870798,C.t. Silva,,openalex
A5026701284,https://openalex.org/A5026701284,Jonathan M. Scott,https://orcid.org/0000-0002-1542-5875,openalex
A5075970233,https://openalex.org/A5075970233,Andrew V. Royappa,,openalex
A5076580436,https://openalex.org/A5076580436,Maria M. Loughlin,,openalex
A5112947230,https://openalex.org/A5112947230,A. Johannsen,,openalex
A5084781916,https://openalex.org/A5084781916,L. A. Schreyer,,openalex
A5068987191,https://openalex.org/A5068987191,Marcus O.w. Grimm,https://orcid.org/0000-0002-4160-6506,openalex
A5002914811,https://openalex.org/A5002914811,Zhehui Zheng,,openalex
A5054475206,https://openalex.org/A5054475206,P.m. Mahadev,,openalex
A5110045561,https://openalex.org/A5110045561,R.d. Christie,,openalex
A5010015110,https://openalex.org/A5010015110,B. Yamrom,,openalex
A5079373108,https://openalex.org/A5079373108,J.a. Sutliff,,openalex
A5052156616,https://openalex.org/A5052156616,A.p. Woodfield,,openalex
A5077003401,https://openalex.org/A5077003401,M. Margaliot,,openalex
A5060306552,https://openalex.org/A5060306552,C. Gotsman,,openalex
A5014858614,https://openalex.org/A5014858614,David Dobkin,,openalex
A5037200145,https://openalex.org/A5037200145,Marc Najork,https://orcid.org/0000-0003-1423-0854,openalex
A5067299224,https://openalex.org/A5067299224,M.h. Brown,,openalex
A5046772423,https://openalex.org/A5046772423,P.j. Moran,,openalex
A5000160353,https://openalex.org/A5000160353,M. Wagner,,openalex
A5009057332,https://openalex.org/A5009057332,Devleena Banerjee,,openalex
A5112799706,https://openalex.org/A5112799706,C. Morley,,openalex
A5069735203,https://openalex.org/A5069735203,W. Smith,,openalex
A5033319838,https://openalex.org/A5033319838,J.w. Durkin,,openalex
A5045547142,https://openalex.org/A5045547142,J.f. Hughes,,openalex
A5065773703,https://openalex.org/A5065773703,Tarek K. Alameldin,,openalex
A5062586683,https://openalex.org/A5062586683,Mardelle Mccuskey Shepley,https://orcid.org/0000-0002-5674-1321,openalex
A5014571315,https://openalex.org/A5014571315,J.m. Favre,,openalex
A5031512976,https://openalex.org/A5031512976,J. Hahn,,openalex
A5084378679,https://openalex.org/A5084378679,Scott Parker,https://orcid.org/0000-0003-0364-4314,openalex
A5059535412,https://openalex.org/A5059535412,Ravi Samtaney,https://orcid.org/0000-0002-4702-6473,openalex
A5081397237,https://openalex.org/A5081397237,A. Mankofsky,,openalex
A5009969946,https://openalex.org/A5009969946,E. P. Szuszczewicz,,openalex
A5037546466,https://openalex.org/A5037546466,Philippe Blanchard,https://orcid.org/0000-0003-0829-7737,openalex
A5108411357,https://openalex.org/A5108411357,C. C. Goodrich,,openalex
A5088299135,https://openalex.org/A5088299135,D. Mcnabb,,openalex
A5025111807,https://openalex.org/A5025111807,R. Kulkarni,https://orcid.org/0000-0002-1950-4714,openalex
A5059940816,https://openalex.org/A5059940816,D. Kamins,,openalex
A5072037690,https://openalex.org/A5072037690,G. Domokos,,openalex
A5020361086,https://openalex.org/A5020361086,R. Paffenroth,,openalex
A5073411496,https://openalex.org/A5073411496,Philip Peterson,,openalex
A5102859075,https://openalex.org/A5102859075,Brian Hayden,https://orcid.org/0000-0001-5643-2521,openalex
A5012397920,https://openalex.org/A5012397920,Anthony Hamins,https://orcid.org/0000-0001-7531-4256,openalex
A5101561288,https://openalex.org/A5101561288,Minkyu Choi,https://orcid.org/0000-0002-6070-2667,openalex
A5075158351,https://openalex.org/A5075158351,M. Roth,,openalex
A5112053788,https://openalex.org/A5112053788,R. Guritz,,openalex
A5086272851,https://openalex.org/A5086272851,N. Max,,openalex
A5080427073,https://openalex.org/A5080427073,W.c. De Leeuw,,openalex
A5088861439,https://openalex.org/A5088861439,Zhongchen Shi,https://orcid.org/0000-0003-1296-8564,openalex
A5101687497,https://openalex.org/A5101687497,A. Ravishankar Rao,https://orcid.org/0000-0002-4810-0241,openalex
A5088520658,https://openalex.org/A5088520658,Gerald L. Lohse,,openalex
A5016449842,https://openalex.org/A5016449842,Andrew Poon,,openalex
A5027113883,https://openalex.org/A5027113883,Lesley Brankin,,openalex
A5029205068,https://openalex.org/A5029205068,Greg Banecki,,openalex
A5071409576,https://openalex.org/A5071409576,A. Gay,,openalex
A5057472200,https://openalex.org/A5057472200,Paul Hinker,,openalex
A5042737237,https://openalex.org/A5042737237,S.w. Wang,,openalex
A5016232764,https://openalex.org/A5016232764,B. Becker,,openalex
A5109058443,https://openalex.org/A5109058443,H. E. Cline,,openalex
A5003318959,https://openalex.org/A5003318959,Chris Nafis,,openalex
A5109147481,https://openalex.org/A5109147481,R. Kikinis,,openalex
A5042661171,https://openalex.org/A5042661171,David E. Altobelli,,openalex
A5111651034,https://openalex.org/A5111651034,Lisa Gleason,,openalex
A5028626524,https://openalex.org/A5028626524,Paul Ning,https://orcid.org/0000-0002-8830-7466,openalex
A5078083248,https://openalex.org/A5078083248,Robert A. Cross,,openalex
A5059880235,https://openalex.org/A5059880235,Anselm Spoerri,,openalex
A5108076543,https://openalex.org/A5108076543,Andrea J. S. Hin,,openalex
A5031432252,https://openalex.org/A5031432252,Allen Van Gelder,,openalex
A5108666122,https://openalex.org/A5108666122,D.m. Ranken,,openalex
A5048860923,https://openalex.org/A5048860923,John George,https://orcid.org/0000-0001-9953-6267,openalex
A5019963223,https://openalex.org/A5019963223,K. Smith,,openalex
A5015727314,https://openalex.org/A5015727314,H. P. Kriegel,,openalex
A5010544735,https://openalex.org/A5010544735,Dachywan Wu,,openalex
A5112238808,https://openalex.org/A5112238808,James Robergé,,openalex
A5021345249,https://openalex.org/A5021345249,Douglas J. Cork,,openalex
A5111427389,https://openalex.org/A5111427389,Bobbie Nguyen,,openalex
A5112191809,https://openalex.org/A5112191809,Thorn Grace,,openalex
A5057408334,https://openalex.org/A5057408334,A.e. Kaufman,,openalex
A5088384298,https://openalex.org/A5088384298,Dingjie Song,,openalex
A5072242598,https://openalex.org/A5072242598,E. Golin,,openalex
A5022569906,https://openalex.org/A5022569906,J. Chen,,openalex
A5084942405,https://openalex.org/A5084942405,Nobuko Nathan,,openalex
A5063254269,https://openalex.org/A5063254269,Caroline Paxson,,openalex
A5110081972,https://openalex.org/A5110081972,Alan Su,,openalex
A5101637750,https://openalex.org/A5101637750,Jiang Wu,https://orcid.org/0000-0002-0960-9803,openalex
A5073518798,https://openalex.org/A5073518798,R.j. Moorehead,,openalex
A5021369571,https://openalex.org/A5021369571,G.d. Kerlick,,openalex
A5081298505,https://openalex.org/A5081298505,E. Kirby,,openalex
A5084536188,https://openalex.org/A5084536188,Philip J. Smith,https://orcid.org/0000-0003-0886-8587,openalex
A5103442618,https://openalex.org/A5103442618,J. D. Boissonnat,,openalex
A5079108174,https://openalex.org/A5079108174,Bernhard Geiger,https://orcid.org/0000-0002-3508-4182,openalex
A5070809474,https://openalex.org/A5070809474,H. G. Pagendarm,,openalex
A5021246811,https://openalex.org/A5021246811,Bowen Alpern,,openalex
A5057479477,https://openalex.org/A5057479477,L. Carter,,openalex
A5020860355,https://openalex.org/A5020860355,Matt Grayson,,openalex
A5012627445,https://openalex.org/A5012627445,Chris Pelkie,,openalex
A5007549940,https://openalex.org/A5007549940,B. Corrie,,openalex
A5070138738,https://openalex.org/A5070138738,P. Mackerras,,openalex
A5070470137,https://openalex.org/A5070470137,Peter Kochevar,,openalex
A5072137303,https://openalex.org/A5072137303,Z. Ahmed,,openalex
A5016709443,https://openalex.org/A5016709443,J. Shade,,openalex
A5042291530,https://openalex.org/A5042291530,C. Sharp,,openalex
A5064478231,https://openalex.org/A5064478231,P. Palamidese,,openalex
A5025651670,https://openalex.org/A5025651670,Marilina Betrò,,openalex
A5047993611,https://openalex.org/A5047993611,G. Muccioli,,openalex
A5090522837,https://openalex.org/A5090522837,H. H. Ehricke,,openalex
A5058352860,https://openalex.org/A5058352860,G. Daiber,,openalex
A5086432913,https://openalex.org/A5086432913,Abdul Waheed,https://orcid.org/0000-0002-3324-4605,openalex
A5046542218,https://openalex.org/A5046542218,Diane T. Rover,,openalex
A5011131671,https://openalex.org/A5011131671,P.c. Chen,,openalex
A5039180000,https://openalex.org/A5039180000,Stephen Tyson,https://orcid.org/0000-0001-7221-1876,openalex
A5110877700,https://openalex.org/A5110877700,Brennan Williams,,openalex
A5026123984,https://openalex.org/A5026123984,C. Thornborrow,,openalex
A5110146825,https://openalex.org/A5110146825,A. J. S. Wilson,,openalex
A5032912229,https://openalex.org/A5032912229,C. Faigle,,openalex
A5018034703,https://openalex.org/A5018034703,Gudrun Klinker,https://orcid.org/0000-0003-0971-5726,openalex
A5079119405,https://openalex.org/A5079119405,George Celniker,,openalex
A5025664174,https://openalex.org/A5025664174,Indranil Chakravarty,,openalex
A5065678560,https://openalex.org/A5065678560,Jan Moorman,,openalex
A5041857191,https://openalex.org/A5041857191,P.a. Fletcher,,openalex
A5053740039,https://openalex.org/A5053740039,P.k. Robertson,,openalex
A5021334006,https://openalex.org/A5021334006,D.i. Abramov,,openalex
A5090528474,https://openalex.org/A5090528474,V.v. Gusev,,openalex
A5084942434,https://openalex.org/A5084942434,S.v. Klimenko,,openalex
A5008910895,https://openalex.org/A5008910895,L.i. Ponomarev,,openalex
A5073416704,https://openalex.org/A5073416704,W. Krueger,,openalex
A5064144223,https://openalex.org/A5064144223,W. Renz,,openalex
A5004414408,https://openalex.org/A5004414408,H. Drevermann,,openalex
A5082645764,https://openalex.org/A5082645764,D. Kuhn,,openalex
A5082797803,https://openalex.org/A5082797803,B.s. Nilsson,,openalex
A5000621096,https://openalex.org/A5000621096,H. Videau,,openalex
A5017980758,https://openalex.org/A5017980758,P. Mora De Freitas,,openalex
A5110390560,https://openalex.org/A5110390560,Harald Mayer,,openalex
A5059017367,https://openalex.org/A5059017367,Behnam Tabatabai,,openalex
A5024208170,https://openalex.org/A5024208170,A.j. Bladek,,openalex
A5020130672,https://openalex.org/A5020130672,R. Springmeyer,,openalex
A5050280036,https://openalex.org/A5050280036,M.s. Peercy,,openalex
A5018510875,https://openalex.org/A5018510875,Luuk Willem Hesselink,https://orcid.org/0009-0003-0735-9913,openalex
A5027883388,https://openalex.org/A5027883388,T.m. Morrow,,openalex
A5058703729,https://openalex.org/A5058703729,S. Ghosh,,openalex
A5028521082,https://openalex.org/A5028521082,J.p.m. Hultquist,,openalex
A5011218802,https://openalex.org/A5011218802,B. Lucas,,openalex
A5038334907,https://openalex.org/A5038334907,Nancy Collins,https://orcid.org/0000-0002-5347-1987,openalex
A5110737673,https://openalex.org/A5110737673,David Epstein,,openalex
A5040227533,https://openalex.org/A5040227533,Kevin P. Mcauliffe,,openalex
A5020117665,https://openalex.org/A5020117665,Meera Blattner,,openalex
A5113501332,https://openalex.org/A5113501332,Chuck Hansen,,openalex
A5013259507,https://openalex.org/A5013259507,David Williams,https://orcid.org/0000-0001-9472-6168,openalex
A5069432916,https://openalex.org/A5069432916,David Turo,,openalex
A5109559450,https://openalex.org/A5109559450,B. Johnson,,openalex
A5086163328,https://openalex.org/A5086163328,D.n. Kenwright,,openalex
A5113933519,https://openalex.org/A5113933519,Gordon D. Mallinson,,openalex
A5103547883,https://openalex.org/A5103547883,Peter L. Williams,,openalex
A5052562269,https://openalex.org/A5052562269,J.j. Van Wijk,,openalex
A5067970551,https://openalex.org/A5067970551,N.d. Gershon,,openalex
A5085823262,https://openalex.org/A5085823262,Xiaodan Lin,https://orcid.org/0009-0005-2812-7227,openalex
A5055786452,https://openalex.org/A5055786452,P.a. Heng,,openalex
A5029161249,https://openalex.org/A5029161249,C. Williams,,openalex
A5038954689,https://openalex.org/A5038954689,John Rasure,,openalex
A5078468440,https://openalex.org/A5078468440,J.r. Wright,,openalex
A5091252762,https://openalex.org/A5091252762,Jhen Hsieh,,openalex
A5018427397,https://openalex.org/A5018427397,Julian Hartig,,openalex
A5005518096,https://openalex.org/A5005518096,W.j. Schroeder,,openalex
A5047160794,https://openalex.org/A5047160794,G.d. Montanaro,,openalex
A5058615764,https://openalex.org/A5058615764,E.l. Raible,,openalex
A5023536951,https://openalex.org/A5023536951,Rob Macleod,https://orcid.org/0000-0002-0000-0356,openalex
A5004662722,https://openalex.org/A5004662722,Mike A. Matheson,,openalex
A5085297899,https://openalex.org/A5085297899,T.t. Elvins,,openalex
A5004436161,https://openalex.org/A5004436161,J. Kaba,,openalex
A5033982024,https://openalex.org/A5033982024,James R. Matey,https://orcid.org/0000-0002-0508-785X,openalex
A5076238397,https://openalex.org/A5076238397,G. Stoll,,openalex
A5019713312,https://openalex.org/A5019713312,H. Taylor,,openalex
A5040576750,https://openalex.org/A5040576750,P. Hanrahan,,openalex
A5033824612,https://openalex.org/A5033824612,C. Beshers,,openalex
A5035258949,https://openalex.org/A5035258949,S. Feiner,,openalex
A5022272584,https://openalex.org/A5022272584,L.l. Scarlatos,,openalex
A5045407993,https://openalex.org/A5045407993,T. Pavlidis,,openalex
A5081108403,https://openalex.org/A5081108403,H. Hagen,,openalex
A5028461567,https://openalex.org/A5028461567,K. Koyamada,,openalex
A5001305620,https://openalex.org/A5001305620,J.l. Steffen,,openalex
A5024378087,https://openalex.org/A5024378087,S. Bryson,,openalex
A5076477022,https://openalex.org/A5076477022,P.j. Smith,,openalex
A5113822678,https://openalex.org/A5113822678,Gopal Patnaik,,openalex
A5052834375,https://openalex.org/A5052834375,Janice E. Cuny,,openalex
A5004273534,https://openalex.org/A5004273534,Alfred Hough,,openalex
A5111887901,https://openalex.org/A5111887901,Jayashree Kundu,,openalex
A5054441753,https://openalex.org/A5054441753,David Dean,https://orcid.org/0000-0002-1217-3764,openalex
A5037700111,https://openalex.org/A5037700111,Jean‐jacques Hublin,https://orcid.org/0000-0001-6283-8114,openalex
A5073413849,https://openalex.org/A5073413849,M. Braun,,openalex
A5045497184,https://openalex.org/A5045497184,R.d. Williams,,openalex
A5047932211,https://openalex.org/A5047932211,F.l. Wefer,,openalex
A5019437484,https://openalex.org/A5019437484,T.e. Clifton,,openalex
A5011911621,https://openalex.org/A5011911621,L.r. Seidenberg,,openalex
A5017027670,https://openalex.org/A5017027670,R.b. Jerard,,openalex
A5020424172,https://openalex.org/A5020424172,J. Magewick,,openalex
A5075105267,https://openalex.org/A5075105267,Thomas J. True,,openalex
A5021808369,https://openalex.org/A5021808369,N. Zabusky,,openalex
A5037170665,https://openalex.org/A5037170665,D. Silver,,openalex
A5025192930,https://openalex.org/A5025192930,A. Pommert,https://orcid.org/0000-0002-7557-8013,openalex
A5073867643,https://openalex.org/A5073867643,Martin Riemer,https://orcid.org/0000-0001-6043-4204,openalex
A5109938967,https://openalex.org/A5109938967,Rainer Schubert,https://orcid.org/0000-0002-8026-7500,openalex
A5080605005,https://openalex.org/A5080605005,W. Lierse,,openalex
A5113338491,https://openalex.org/A5113338491,B. Naylor,,openalex
A5081781046,https://openalex.org/A5081781046,S.m. Ervin,,openalex
A5070417318,https://openalex.org/A5070417318,X. Wu,,openalex
A5035190699,https://openalex.org/A5035190699,Y. Fang,,openalex
A5019455791,https://openalex.org/A5019455791,D.a. Keim,,openalex
A5005188371,https://openalex.org/A5005188371,V. Lum,,openalex
A5060479755,https://openalex.org/A5060479755,M Christon,,openalex
A5082115677,https://openalex.org/A5082115677,Thomas E. Spelce,,openalex
A5084633844,https://openalex.org/A5084633844,M.j. Geller,,openalex
A5036617553,https://openalex.org/A5036617553,E.e. Falco,,openalex
A5083152658,https://openalex.org/A5083152658,D.g. Fabricant,,openalex
A5018427801,https://openalex.org/A5018427801,B. Estus,,openalex
A5014622702,https://openalex.org/A5014622702,D.r. Nadeau,,openalex
A5028515568,https://openalex.org/A5028515568,M.j. Bailey,,openalex
A5002371393,https://openalex.org/A5002371393,R. Popovic,,openalex
A5076558585,https://openalex.org/A5076558585,P.j. Mercurio,,openalex
A5072182270,https://openalex.org/A5072182270,T.t. Elvins,,openalex
A5071682938,https://openalex.org/A5071682938,S.j. Young,,openalex
A5005957538,https://openalex.org/A5005957538,J. Mcleod,,openalex
A5031038591,https://openalex.org/A5031038591,C. Small,,openalex
A5040079787,https://openalex.org/A5040079787,Mark Bolstad,https://orcid.org/0009-0004-4557-0207,openalex
A5060526863,https://openalex.org/A5060526863,L. Petterson,,openalex
A5036072031,https://openalex.org/A5036072031,W.m. Shackelford,,openalex
A5111387237,https://openalex.org/A5111387237,M. Botts,,openalex
A5044289462,https://openalex.org/A5044289462,E. Pepke,,openalex
A5013491656,https://openalex.org/A5013491656,K.w. Johnson,,openalex
A5044817078,https://openalex.org/A5044817078,C.s. Jones,,openalex
A5046814575,https://openalex.org/A5046814575,J.a. Baca,,openalex
A5073465792,https://openalex.org/A5073465792,Al Globus,,openalex
A5013352966,https://openalex.org/A5013352966,Creon Levit,,openalex
A5025447593,https://openalex.org/A5025447593,T. A. Lasinski,,openalex
A5002554286,https://openalex.org/A5002554286,J.a. Mcdonald,https://orcid.org/0000-0001-8761-458X,openalex
A5053252177,https://openalex.org/A5053252177,Jan J. Michalak,https://orcid.org/0009-0005-0852-7178,openalex
A5027273230,https://openalex.org/A5027273230,Werner Stuetzle,,openalex
A5046081006,https://openalex.org/A5046081006,R.b. Haber,,openalex
A5062508174,https://openalex.org/A5062508174,B. Alpern,,openalex
A5065275615,https://openalex.org/A5065275615,L. Carter,,openalex
A5043313196,https://openalex.org/A5043313196,R.s. Gallagher,,openalex
A5015864290,https://openalex.org/A5015864290,P. Schroder,,openalex
A5038377581,https://openalex.org/A5038377581,Jerome Salem,,openalex
A5030062789,https://openalex.org/A5030062789,R.v. Klassen,,openalex
A5056923138,https://openalex.org/A5056923138,S.j. Harrington,,openalex
A5033881178,https://openalex.org/A5033881178,Pei Heng,,openalex
A5008751772,https://openalex.org/A5008751772,David Darmofal,https://orcid.org/0000-0001-5287-789X,openalex
A5037582388,https://openalex.org/A5037582388,Q. Zhang,,openalex
A5003209643,https://openalex.org/A5003209643,T. Mihalisin,,openalex
A5035785661,https://openalex.org/A5035785661,J. Timlin,,openalex
A5081393180,https://openalex.org/A5081393180,J. Schwegler,,openalex
A5113490427,https://openalex.org/A5113490427,Will Hill,,openalex
A5109218884,https://openalex.org/A5109218884,James D. Hollan,https://orcid.org/0000-0001-9568-2646,openalex
A5086335700,https://openalex.org/A5086335700,R.a. Crawfis,,openalex
A5006927336,https://openalex.org/A5006927336,M.j. Allison,,openalex
A5044733153,https://openalex.org/A5044733153,T.t. Elvins,,openalex
A5041762807,https://openalex.org/A5041762807,D.r. Nadeau,,openalex
A5082235583,https://openalex.org/A5082235583,Ulrich Neumann,https://orcid.org/0000-0001-8977-7112,openalex
A5109972884,https://openalex.org/A5109972884,T Cullip,,openalex
A5015919547,https://openalex.org/A5015919547,John Rhoades,,openalex
A5010642469,https://openalex.org/A5010642469,S.m. Legensky,,openalex
A5083555203,https://openalex.org/A5083555203,A. Tuchman,,openalex
A5000811068,https://openalex.org/A5000811068,D. Jablonowski,,openalex
A5016317828,https://openalex.org/A5016317828,G. Cybenko,,openalex
A5020208288,https://openalex.org/A5020208288,S. Smith,,openalex
A5047285781,https://openalex.org/A5047285781,G. Grinstein,,openalex
A5023510398,https://openalex.org/A5023510398,R.d. Bergeron,,openalex
A5006326568,https://openalex.org/A5006326568,Riyang Shu,https://orcid.org/0000-0002-2904-5048,openalex
A5077298065,https://openalex.org/A5077298065,Aoxue Liu,,openalex
A5100436460,https://openalex.org/A5100436460,Guang Yang,https://orcid.org/0000-0001-7344-7733,openalex
A5042741006,https://openalex.org/A5042741006,P. Burger,,openalex
A5026341297,https://openalex.org/A5026341297,Philip J. Kilner,,openalex
A5062702770,https://openalex.org/A5062702770,Raad Mohiaddin,https://orcid.org/0000-0002-1768-7457,openalex
A5040889301,https://openalex.org/A5040889301,S. Kochhar,,openalex
A5028576402,https://openalex.org/A5028576402,M. Friedell,,openalex
A5051476847,https://openalex.org/A5051476847,M. Lapolla,,openalex
A5063654457,https://openalex.org/A5063654457,U. Lang,,openalex
A5039367552,https://openalex.org/A5039367552,R. Lang,,openalex
A5001665107,https://openalex.org/A5001665107,R. Ruhle,,openalex
A5029654352,https://openalex.org/A5029654352,Behrooz Kamgar Parsi,,openalex
A5012213317,https://openalex.org/A5012213317,E.o. Belcher,,openalex
A5057213694,https://openalex.org/A5057213694,O. Engelsen,,openalex
A5048579079,https://openalex.org/A5048579079,M. Gao,,openalex
A5047120412,https://openalex.org/A5047120412,T.a. Foley,,openalex
A5029385029,https://openalex.org/A5029385029,D.a. Lane,,openalex
A5022029570,https://openalex.org/A5022029570,P.g. Swann,,openalex
A5020802697,https://openalex.org/A5020802697,Sudhanshu Kumar Semwal,,openalex
A5031152171,https://openalex.org/A5031152171,D.w. Robertson,,openalex
A5068901197,https://openalex.org/A5068901197,V.l. Jacobson,,openalex
A5026225197,https://openalex.org/A5026225197,W.e. Johnston,,openalex
A5003537992,https://openalex.org/A5003537992,S.c. Loken,,openalex
A5055480874,https://openalex.org/A5055480874,Elias Theil,,openalex
A5067465930,https://openalex.org/A5067465930,B.l. Tierney,,openalex
A5071074745,https://openalex.org/A5071074745,S.k. Law,,openalex
A5069832903,https://openalex.org/A5069832903,P.l. Nunez,,openalex
A5084963622,https://openalex.org/A5084963622,A.f. Westdorp,,openalex
A5069231162,https://openalex.org/A5069231162,A.v. Nelson,,openalex
A5002899948,https://openalex.org/A5002899948,K.l. Pilgreen,,openalex
A5004697069,https://openalex.org/A5004697069,K.p. Hinckley,,openalex
A5066844464,https://openalex.org/A5066844464,M.o. Ward,,openalex
A5010284870,https://openalex.org/A5010284870,R. H. Wolfe,,openalex
A5047313892,https://openalex.org/A5047313892,M. Needels,,openalex
A5065526744,https://openalex.org/A5065526744,J. D. Joannopoulos,,openalex
A5088809053,https://openalex.org/A5088809053,N.c. Schaller,,openalex
A5000242175,https://openalex.org/A5000242175,D. Stevenson,,openalex
A5060924462,https://openalex.org/A5060924462,N. Thune,,openalex
A5069091804,https://openalex.org/A5069091804,B. Olstad,,openalex
A5017550751,https://openalex.org/A5017550751,N.d. Gershon,,openalex
A5055167808,https://openalex.org/A5055167808,W.r. Feeney,,openalex
A5079624151,https://openalex.org/A5079624151,W.e. Lorensen,,openalex
A5037213900,https://openalex.org/A5037213900,B. Yamron,,openalex
A5081435013,https://openalex.org/A5081435013,D. Watson,,openalex
A5037565801,https://openalex.org/A5037565801,J. Wejchert,,openalex
A5056376778,https://openalex.org/A5056376778,D.w. Williams,,openalex
A5073025632,https://openalex.org/A5073025632,B.m. Collins,,openalex
A5079260713,https://openalex.org/A5079260713,J. Burnetti,,openalex
A5058076540,https://openalex.org/A5058076540,R. Manley,,openalex
A5082991852,https://openalex.org/A5082991852,W. Mitchell,,openalex
A5068325176,https://openalex.org/A5068325176,D. Varnadore,,openalex
A5082399272,https://openalex.org/A5082399272,L.v. Sluis,,openalex
A5086053967,https://openalex.org/A5086053967,Q.e. Dolecek,,openalex
A5056537418,https://openalex.org/A5056537418,N.e. Hurlburt,,openalex
A5016598778,https://openalex.org/A5016598778,L.w. Anacker,,openalex
A5064234075,https://openalex.org/A5064234075,R. Kopelman,,openalex
A5023504536,https://openalex.org/A5023504536,E. Grosse,,openalex
A5085298151,https://openalex.org/A5085298151,N. Max,,openalex
A5104956003,https://openalex.org/A5104956003,Haon Park,,openalex
A5056082747,https://openalex.org/A5056082747,K.s. Eo,,openalex
A5024038761,https://openalex.org/A5024038761,Daham Kim,https://orcid.org/0009-0008-7143-1824,openalex
A5024988092,https://openalex.org/A5024988092,B.k. Choi,,openalex
A5056359403,https://openalex.org/A5056359403,Y. Kim,,openalex
A5039282270,https://openalex.org/A5039282270,T. Alexander,,openalex
A5083885019,https://openalex.org/A5083885019,Bernard Dimsdale,,openalex
A5025282221,https://openalex.org/A5025282221,Stephen C. Wehrend,,openalex
A5113194535,https://openalex.org/A5113194535,C. Lewis,,openalex
A5063547875,https://openalex.org/A5063547875,Jeffrey Leblanc,,openalex
A5040984382,https://openalex.org/A5040984382,Norman Wittels,,openalex
A5004449168,https://openalex.org/A5004449168,Jeff Beddow,,openalex
A5006450303,https://openalex.org/A5006450303,Gordon Bancroft,,openalex
A5083931343,https://openalex.org/A5083931343,F. Merritt,,openalex
A5030050956,https://openalex.org/A5030050956,Todd Plessel,,openalex
A5089904045,https://openalex.org/A5089904045,Paul G. Kelaita,,openalex
A5067876179,https://openalex.org/A5067876179,R. Kevin Mccabe,,openalex
A5071520966,https://openalex.org/A5071520966,James L. Helman,https://orcid.org/0000-0002-9566-9334,openalex
A5046609142,https://openalex.org/A5046609142,B. Hibbard,,openalex
A5070589478,https://openalex.org/A5070589478,David Santek,https://orcid.org/0000-0003-4020-7156,openalex
A5109054554,https://openalex.org/A5109054554,Elizabeth M. Wenzel,,openalex
A5047141984,https://openalex.org/A5047141984,P.k. Stone,,openalex
A5050686380,https://openalex.org/A5050686380,S.s. Fisher,,openalex
A5087292248,https://openalex.org/A5087292248,S.h. Foster,,openalex
A5031783624,https://openalex.org/A5031783624,D.s. Fussell,,openalex
A5088385566,https://openalex.org/A5088385566,Del Lamb,,openalex
A5088589430,https://openalex.org/A5088589430,Amit Bandopadhay,,openalex
A5078150331,https://openalex.org/A5078150331,D.g. Kerlick,,openalex
A5077564236,https://openalex.org/A5077564236,J. Lohse,,openalex
A5043378888,https://openalex.org/A5043378888,H. Rueter,,openalex
A5006927908,https://openalex.org/A5006927908,K. Biolsi,,openalex
A5037903144,https://openalex.org/A5037903144,N. Walker,,openalex
A5022037273,https://openalex.org/A5022037273,Philip K. Robertson,,openalex
A5111035260,https://openalex.org/A5111035260,B. Pham,,openalex
A5041563611,https://openalex.org/A5041563611,T. Mihalisin,,openalex
A5078024533,https://openalex.org/A5078024533,E. Gawlinski,,openalex
A5045048041,https://openalex.org/A5045048041,J. Timlin,,openalex
A5082195784,https://openalex.org/A5082195784,J. Schwegler,,openalex
A5080997507,https://openalex.org/A5080997507,Reuven Bakalash,,openalex
A5060767743,https://openalex.org/A5060767743,I. E. Spektor,https://orcid.org/0000-0001-6129-6560,openalex
A5012497033,https://openalex.org/A5012497033,L. Carter,,openalex
A5088113508,https://openalex.org/A5088113508,Ted Selker,https://orcid.org/0000-0002-1060-7135,openalex
A5070490534,https://openalex.org/A5070490534,W. Krueger,,openalex
A5037585757,https://openalex.org/A5037585757,D. Dooley,,openalex
A5013062610,https://openalex.org/A5013062610,M.f. Cohen,,openalex
A5057286132,https://openalex.org/A5057286132,Thomas A. Foley,https://orcid.org/0000-0003-0347-7931,openalex
A5042399932,https://openalex.org/A5042399932,L. Scarlatos,,openalex
A5044197443,https://openalex.org/A5044197443,S.m. Legensky,,openalex
A5008852854,https://openalex.org/A5008852854,D.j. Sandim,,openalex
A5072631742,https://openalex.org/A5072631742,Thomas Schreiber,https://orcid.org/0000-0001-9489-8752,openalex
A5044324185,https://openalex.org/A5044324185,E. Gschwind,,openalex
A5089383499,https://openalex.org/A5089383499,J.v. Miller,,openalex
A5037057446,https://openalex.org/A5037057446,D.e. Breen,,openalex
A5063512797,https://openalex.org/A5063512797,M.j. Wozny,,openalex
A5084071586,https://openalex.org/A5084071586,A. Rockwood,,openalex
A5024853912,https://openalex.org/A5024853912,D.l. Brittain,,openalex
A5011547603,https://openalex.org/A5011547603,J. Aller,,openalex
A5091708147,https://openalex.org/A5091708147,M. Wilson,,openalex
A5054437060,https://openalex.org/A5054437060,S. L.c. Wang,,openalex
A5074614288,https://openalex.org/A5074614288,C. C.j. Yen,,openalex
A5066723434,https://openalex.org/A5066723434,K.w. Bedford,,openalex
A5044419224,https://openalex.org/A5044419224,J.l. Kempf,,openalex
A5082910814,https://openalex.org/A5082910814,R.e. Marshall,,openalex
A5081482791,https://openalex.org/A5081482791,F. Gyorgy,,openalex
A5042242296,https://openalex.org/A5042242296,S.l. Senft,,openalex
A5000611152,https://openalex.org/A5000611152,V.j. Argiro,,openalex
A5020445816,https://openalex.org/A5020445816,W.l. Vanzandt,,openalex
A5034830550,https://openalex.org/A5034830550,R.a. Becker,,openalex
A5051079407,https://openalex.org/A5051079407,E.o. Miller,,openalex
A5029283960,https://openalex.org/A5029283960,Allan R. Wilks,,openalex
A5062809062,https://openalex.org/A5062809062,P. K. Hsiung,,openalex
A5072030504,https://openalex.org/A5072030504,R.h. Thibadeau,,openalex
A5012133571,https://openalex.org/A5012133571,C.b. Cox,,openalex
A5005727785,https://openalex.org/A5005727785,R.h.p. Dunn,,openalex
A5043176253,https://openalex.org/A5043176253,M. Wu,,openalex
A5082788381,https://openalex.org/A5082788381,P.a. Olbrich,,openalex
A5026372666,https://openalex.org/A5026372666,J.l. Montine,,openalex
A5032497881,https://openalex.org/A5032497881,B.k. Christensen,,openalex
A5001353590,https://openalex.org/A5001353590,L.m. Desjarlais,,openalex
A5091316601,https://openalex.org/A5091316601,Rachel Meyers,,openalex
A5032423369,https://openalex.org/A5032423369,Monroe Stephenson,,openalex
A5029171090,https://openalex.org/A5029171090,B. C. Kaplan,,openalex
A5061098540,https://openalex.org/A5061098540,W.e. Fordyce,,openalex
A5050688852,https://openalex.org/A5050688852,J.j. Ventrella,,openalex
A5031223627,https://openalex.org/A5031223627,P. Hsu,,openalex
A5043171974,https://openalex.org/A5043171974,J. Staudhammer,,openalex
A5008626085,https://openalex.org/A5008626085,Yan Ke,,openalex
A5039354466,https://openalex.org/A5039354466,E. S. Panduranga,,openalex
A5048654383,https://openalex.org/A5048654383,Q.e. Dolecek,,openalex
A5086180500,https://openalex.org/A5086180500,K. Moorjani,,openalex
A5029960085,https://openalex.org/A5029960085,B.f. Kim,,openalex
A5027086575,https://openalex.org/A5027086575,D.g. Tilley,,openalex
A5007906010,https://openalex.org/A5007906010,T.s. Denney,,openalex
A5024713647,https://openalex.org/A5024713647,D.a. Prawel,,openalex
A5074505450,https://openalex.org/A5074505450,Laurin Herr,,openalex
A5021133981,https://openalex.org/A5021133981,G.w. Edgar,,openalex
A5052535884,https://openalex.org/A5052535884,D. Lasser,,openalex
A5054881346,https://openalex.org/A5054881346,M.j. Laszlo,,openalex
A5069520656,https://openalex.org/A5069520656,R.l. Phillips,,openalex
A5067921828,https://openalex.org/A5067921828,K. Voegele,,openalex
A5110453288,https://openalex.org/A5110453288,M. Zhu,,openalex
A5048752833,https://openalex.org/A5048752833,J.l. Pajon,,openalex
A5039174850,https://openalex.org/A5039174850,V.b. Tran,,openalex
A5057328396,https://openalex.org/A5057328396,A.j. Maeder,,openalex
A5064234695,https://openalex.org/A5064234695,Y. Yacoob,,openalex
