institution_id_1,institution_id_2,weight,doi_list
I200769079,I889458895,98,"[""10.1109/tvcg.2007.70523"", ""10.1109/tvcg.2007.70530"", ""10.1109/tvcg.2008.132"", ""10.1109/tvcg.2008.135"", ""10.1109/tvcg.2008.159"", ""10.1109/tvcg.2008.182"", ""10.1109/tvcg.2009.112"", ""10.1109/tvcg.2009.156"", ""10.1109/tvcg.2009.172"", ""10.1109/tvcg.2010.154"", ""10.1109/tvcg.2011.188"", ""10.1109/tvcg.2011.239"", ""10.1109/tvcg.2012.253"", ""10.1109/tvcg.2014.2346746"", ""10.1109/tvcg.2014.2346893"", ""10.1109/tvcg.2014.2346912"", ""10.1109/tvcg.2015.2467194"", ""10.1109/tvcg.2015.2467691"", ""10.1109/tvcg.2015.2467851"", ""10.1109/tvcg.2015.2468151"", ""10.1109/tvcg.2016.2598415"", ""10.1109/tvcg.2016.2598432"", ""10.1109/tvcg.2016.2598444"", ""10.1109/tvcg.2016.2598465"", ""10.1109/tvcg.2016.2598867"", ""10.1109/tvcg.2016.2599378"", ""10.1109/tvcg.2017.2744080"", ""10.1109/tvcg.2017.2744159"", ""10.1109/tvcg.2017.2744738"", ""10.1109/tvcg.2017.2745083"", ""10.1109/tvcg.2017.2745320"", ""10.1109/tvcg.2018.2864475"", ""10.1109/tvcg.2018.2864812"", ""10.1109/tvcg.2018.2864814"", ""10.1109/tvcg.2018.2864825"", ""10.1109/tvcg.2018.2864887"", ""10.1109/tvcg.2018.2865018"", ""10.1109/tvcg.2018.2865232"", ""10.1109/tvcg.2019.2934267"", ""10.1109/tvcg.2019.2934332"", ""10.1109/tvcg.2019.2934398"", ""10.1109/tvcg.2019.2934613"", ""10.1109/tvcg.2019.2934656"", ""10.1109/tvcg.2019.2934660"", ""10.1109/tvcg.2019.2934798"", ""10.1109/tvcg.2019.2934810"", ""10.1109/tvcg.2020.3030337"", ""10.1109/tvcg.2020.3030342"", ""10.1109/tvcg.2020.3030370"", ""10.1109/tvcg.2020.3030392"", ""10.1109/tvcg.2020.3030396"", ""10.1109/tvcg.2020.3030449"", ""10.1109/tvcg.2020.3030469"", ""10.1109/tvcg.2020.3030471"", ""10.1109/tvcg.2021.3114774"", ""10.1109/tvcg.2021.3114790"", ""10.1109/tvcg.2021.3114794"", ""10.1109/tvcg.2021.3114806"", ""10.1109/tvcg.2021.3114822"", ""10.1109/tvcg.2021.3114826"", ""10.1109/tvcg.2021.3114836"", ""10.1109/tvcg.2021.3114863"", ""10.1109/tvcg.2022.3209360"", ""10.1109/tvcg.2022.3209385"", ""10.1109/tvcg.2022.3209386"", ""10.1109/tvcg.2022.3209391"", ""10.1109/tvcg.2022.3209408"", ""10.1109/tvcg.2022.3209434"", ""10.1109/tvcg.2022.3209440"", ""10.1109/tvcg.2022.3209447"", ""10.1109/tvcg.2022.3209463"", ""10.1109/tvcg.2022.3209468"", ""10.1109/tvcg.2022.3209475"", ""10.1109/tvcg.2022.3209483"", ""10.1109/tvcg.2023.3326522"", ""10.1109/tvcg.2023.3326586"", ""10.1109/tvcg.2023.3326908"", ""10.1109/tvcg.2023.3326913"", ""10.1109/tvcg.2023.3327153"", ""10.1109/tvcg.2023.3327155"", ""10.1109/tvcg.2023.3327168"", ""10.1109/tvcg.2023.3327170"", ""10.1109/tvcg.2023.3327197"", ""10.1109/tvcg.2023.3327389"", ""10.1109/tvcg.2024.3456159"", ""10.1109/tvcg.2024.3456210"", ""10.1109/tvcg.2024.3456330"", ""10.1109/tvcg.2024.3456333"", ""10.1109/tvcg.2024.3456363"", ""10.1109/tvcg.2024.3456368"", ""10.1109/tvcg.2024.3456387"", ""10.1109/vast.2011.6102455"", ""10.1109/vast.2011.6102458"", ""10.1109/vast.2014.7042490"", ""10.1109/vast.2015.7347633"", ""10.1109/vast.2016.7883517"", ""10.1109/vast.2017.8585721"", ""10.1109/vast.2018.8802454""]"
I1343190059,I145847075,33,"[""10.1109/tvcg.2009.110"", ""10.1109/tvcg.2009.115"", ""10.1109/tvcg.2009.121"", ""10.1109/tvcg.2009.198"", ""10.1109/tvcg.2009.199"", ""10.1109/tvcg.2011.216"", ""10.1109/tvcg.2011.225"", ""10.1109/tvcg.2012.261"", ""10.1109/tvcg.2013.122"", ""10.1109/tvcg.2014.2346352"", ""10.1109/tvcg.2014.2346744"", ""10.1109/tvcg.2014.2346754"", ""10.1109/tvcg.2014.2346930"", ""10.1109/tvcg.2015.2467331"", ""10.1109/tvcg.2015.2468011"", ""10.1109/tvcg.2017.2743981"", ""10.1109/tvcg.2017.2744258"", ""10.1109/tvcg.2017.2744518"", ""10.1109/tvcg.2019.2934334"", ""10.1109/tvcg.2019.2934612"", ""10.1109/tvcg.2019.2934658"", ""10.1109/tvcg.2019.2934784"", ""10.1109/tvcg.2020.3030409"", ""10.1109/tvcg.2022.3209432"", ""10.1109/tvcg.2023.3326912"", ""10.1109/tvcg.2023.3327203"", ""10.1109/tvcg.2024.3456315"", ""10.1109/tvcg.2024.3456347"", ""10.1109/vast.2016.7883516"", ""10.1109/visual.2000.885697"", ""10.1109/visual.2001.964555"", ""10.1109/visual.2002.1183754"", ""10.1109/visual.2002.1183812""]"
I1327163397,I59553526,32,"[""10.1109/visual.1990.146365"", ""10.1109/visual.1990.146378"", ""10.1109/visual.1990.146379"", ""10.1109/visual.1991.175805"", ""10.1109/visual.1992.235191"", ""10.1109/visual.1992.235231"", ""10.1109/visual.1993.398854"", ""10.1109/visual.1993.398862"", ""10.1109/visual.1994.346319"", ""10.1109/visual.1994.346333"", ""10.1109/visual.1994.346340"", ""10.1109/visual.1995.480793"", ""10.1109/visual.1995.480796"", ""10.1109/visual.1995.480813"", ""10.1109/visual.1995.480818"", ""10.1109/visual.1995.485142"", ""10.1109/visual.1996.567603"", ""10.1109/visual.1996.568113"", ""10.1109/visual.1996.568125"", ""10.1109/visual.1996.568126"", ""10.1109/visual.1997.663900"", ""10.1109/visual.1997.663909"", ""10.1109/visual.1998.745310"", ""10.1109/visual.1999.809900"", ""10.1109/visual.1999.809914"", ""10.1109/visual.2000.885674"", ""10.1109/visual.2000.885682"", ""10.1109/visual.2001.964517"", ""10.1109/visual.2001.964552"", ""10.1109/visual.2002.1183775"", ""10.1109/visual.2004.101"", ""10.1109/visual.2004.27""]"
I1282311441,I223532165,19,"[""10.1109/tvcg.2006.171"", ""10.1109/tvcg.2008.110"", ""10.1109/tvcg.2010.213"", ""10.1109/tvcg.2011.162"", ""10.1109/tvcg.2011.199"", ""10.1109/tvcg.2012.209"", ""10.1109/tvcg.2012.286"", ""10.1109/tvcg.2013.174"", ""10.1109/tvcg.2017.2744079"", ""10.1109/tvcg.2017.2745141"", ""10.1109/tvcg.2018.2864848"", ""10.1109/tvcg.2018.2864853"", ""10.1109/tvcg.2018.2865230"", ""10.1109/tvcg.2019.2934257"", ""10.1109/tvcg.2019.2934594"", ""10.1109/tvcg.2020.3030381"", ""10.1109/tvcg.2021.3114819"", ""10.1109/visual.2001.964525"", ""10.1109/visual.2005.1532815""]"
I200769079,I76130692,18,"[""10.1109/tvcg.2009.112"", ""10.1109/tvcg.2011.239"", ""10.1109/tvcg.2012.253"", ""10.1109/tvcg.2016.2598432"", ""10.1109/tvcg.2019.2934798"", ""10.1109/tvcg.2020.3030392"", ""10.1109/tvcg.2020.3030396"", ""10.1109/tvcg.2021.3114790"", ""10.1109/tvcg.2021.3114806"", ""10.1109/tvcg.2022.3209360"", ""10.1109/tvcg.2022.3209385"", ""10.1109/tvcg.2022.3209391"", ""10.1109/tvcg.2022.3209447"", ""10.1109/tvcg.2022.3209468"", ""10.1109/tvcg.2022.3209475"", ""10.1109/tvcg.2022.3209483"", ""10.1109/tvcg.2023.3327168"", ""10.1109/vast.2014.7042490""]"
I76130692,I889458895,18,"[""10.1109/tvcg.2009.112"", ""10.1109/tvcg.2011.239"", ""10.1109/tvcg.2012.253"", ""10.1109/tvcg.2016.2598432"", ""10.1109/tvcg.2019.2934798"", ""10.1109/tvcg.2020.3030392"", ""10.1109/tvcg.2020.3030396"", ""10.1109/tvcg.2021.3114790"", ""10.1109/tvcg.2021.3114806"", ""10.1109/tvcg.2022.3209360"", ""10.1109/tvcg.2022.3209385"", ""10.1109/tvcg.2022.3209391"", ""10.1109/tvcg.2022.3209447"", ""10.1109/tvcg.2022.3209468"", ""10.1109/tvcg.2022.3209475"", ""10.1109/tvcg.2022.3209483"", ""10.1109/tvcg.2023.3327168"", ""10.1109/vast.2014.7042490""]"
I153267046,I84218800,15,"[""10.1109/tvcg.2007.70551"", ""10.1109/tvcg.2007.70575"", ""10.1109/tvcg.2007.70579"", ""10.1109/tvcg.2008.133"", ""10.1109/tvcg.2010.173"", ""10.1109/tvcg.2012.239"", ""10.1109/tvcg.2012.280"", ""10.1109/tvcg.2012.283"", ""10.1109/tvcg.2013.141"", ""10.1109/tvcg.2019.2934368"", ""10.1109/visual.1999.809863"", ""10.1109/visual.2001.964506"", ""10.1109/visual.2001.964525"", ""10.1109/visual.2002.1183772"", ""10.1109/visual.2004.80""]"
I200769079,I4210113369,15,"[""10.1109/tvcg.2011.239"", ""10.1109/tvcg.2012.253"", ""10.1109/tvcg.2013.221"", ""10.1109/tvcg.2014.2346912"", ""10.1109/tvcg.2016.2598432"", ""10.1109/tvcg.2016.2598867"", ""10.1109/tvcg.2017.2744738"", ""10.1109/tvcg.2018.2864475"", ""10.1109/tvcg.2018.2865232"", ""10.1109/tvcg.2019.2934398"", ""10.1109/tvcg.2019.2934798"", ""10.1109/tvcg.2019.2934810"", ""10.1109/tvcg.2022.3209385"", ""10.1109/tvcg.2023.3326522"", ""10.1109/tvcg.2023.3327197""]"
I139660479,I76130692,14,"[""10.1109/tvcg.2017.2744098"", ""10.1109/tvcg.2018.2864503"", ""10.1109/tvcg.2018.2865020"", ""10.1109/tvcg.2018.2865139"", ""10.1109/tvcg.2019.2934208"", ""10.1109/tvcg.2019.2934655"", ""10.1109/tvcg.2019.2934800"", ""10.1109/tvcg.2020.3030410"", ""10.1109/tvcg.2020.3030440"", ""10.1109/tvcg.2022.3209347"", ""10.1109/tvcg.2022.3209423"", ""10.1109/vast50239.2020.00006"", ""10.1109/vast50239.2020.00011"", ""10.1109/vast50239.2020.00015""]"
I4210113369,I889458895,14,"[""10.1109/tvcg.2011.239"", ""10.1109/tvcg.2012.253"", ""10.1109/tvcg.2014.2346912"", ""10.1109/tvcg.2016.2598432"", ""10.1109/tvcg.2016.2598867"", ""10.1109/tvcg.2017.2744738"", ""10.1109/tvcg.2018.2864475"", ""10.1109/tvcg.2018.2865232"", ""10.1109/tvcg.2019.2934398"", ""10.1109/tvcg.2019.2934798"", ""10.1109/tvcg.2019.2934810"", ""10.1109/tvcg.2022.3209385"", ""10.1109/tvcg.2023.3326522"", ""10.1109/tvcg.2023.3327197""]"
I1343190059,I4432739,13,"[""10.1109/tvcg.2007.70569"", ""10.1109/tvcg.2008.139"", ""10.1109/tvcg.2008.144"", ""10.1109/tvcg.2008.145"", ""10.1109/tvcg.2009.155"", ""10.1109/tvcg.2010.171"", ""10.1109/tvcg.2012.243"", ""10.1109/tvcg.2014.2346321"", ""10.1109/tvcg.2014.2346744"", ""10.1109/tvcg.2015.2467331"", ""10.1109/tvcg.2022.3209478"", ""10.1109/tvcg.2024.3456356"", ""10.1109/vast.2015.7347635""]"
I154099455,I189712700,12,"[""10.1109/tvcg.2018.2864911"", ""10.1109/tvcg.2018.2864912"", ""10.1109/tvcg.2018.2865266"", ""10.1109/tvcg.2019.2934541"", ""10.1109/tvcg.2019.2934783"", ""10.1109/tvcg.2019.2934796"", ""10.1109/tvcg.2020.3030404"", ""10.1109/tvcg.2020.3030406"", ""10.1109/tvcg.2021.3114761"", ""10.1109/tvcg.2022.3209371"", ""10.1109/tvcg.2022.3209450"", ""10.1109/tvcg.2023.3327149""]"
I1282311441,I84218800,11,"[""10.1109/tvcg.2007.70603"", ""10.1109/tvcg.2008.110"", ""10.1109/tvcg.2011.162"", ""10.1109/tvcg.2012.286"", ""10.1109/tvcg.2014.2346456"", ""10.1109/visual.1991.175785"", ""10.1109/visual.2000.885717"", ""10.1109/visual.2001.964525"", ""10.1109/visual.2003.1250365"", ""10.1109/visual.2004.4"", ""10.1109/visual.2005.1532795""]"
I145847075,I4432739,11,"[""10.1109/tvcg.2013.184"", ""10.1109/tvcg.2013.213"", ""10.1109/tvcg.2013.215"", ""10.1109/tvcg.2014.2346318"", ""10.1109/tvcg.2014.2346660"", ""10.1109/tvcg.2014.2346744"", ""10.1109/tvcg.2015.2467331"", ""10.1109/tvcg.2015.2467434"", ""10.1109/tvcg.2016.2598870"", ""10.1109/tvcg.2022.3209411"", ""10.1109/vast.2014.7042491""]"
I149899117,I4210109712,10,"[""10.1109/tvcg.2006.165"", ""10.1109/tvcg.2007.70602"", ""10.1109/tvcg.2014.2346311"", ""10.1109/tvcg.2014.2346432"", ""10.1109/visual.2003.1250376"", ""10.1109/visual.2003.1250399"", ""10.1109/visual.2004.99"", ""10.1109/visual.2005.1532816"", ""10.1109/visual.2005.1532842"", ""10.1109/visual.2005.1532859""]"
I100066346,I189712700,9,"[""10.1109/tvcg.2016.2598495"", ""10.1109/tvcg.2016.2598919"", ""10.1109/tvcg.2017.2743959"", ""10.1109/tvcg.2018.2864911"", ""10.1109/tvcg.2018.2864912"", ""10.1109/tvcg.2019.2934796"", ""10.1109/tvcg.2019.2934812"", ""10.1109/tvcg.2020.3030404"", ""10.1109/tvcg.2020.3030406""]"
I1343190059,I859038795,9,"[""10.1109/tvcg.2008.145"", ""10.1109/tvcg.2009.155"", ""10.1109/tvcg.2010.171"", ""10.1109/tvcg.2014.2346744"", ""10.1109/tvcg.2019.2934784"", ""10.1109/tvcg.2022.3209478"", ""10.1109/tvcg.2024.3456356"", ""10.1109/vast.2015.7347635"", ""10.1109/visual.2005.1532821""]"
I188538660,I2802236040,9,"[""10.1109/tvcg.2019.2934264"", ""10.1109/tvcg.2019.2934266"", ""10.1109/tvcg.2019.2934282"", ""10.1109/tvcg.2019.2934284"", ""10.1109/tvcg.2019.2934614"", ""10.1109/tvcg.2020.3029413"", ""10.1109/tvcg.2020.3030439"", ""10.1109/tvcg.2022.3209442"", ""10.1109/vast50239.2020.00012""]"
I2801239119,I56590836,9,"[""10.1109/tvcg.2015.2467199"", ""10.1109/tvcg.2015.2467451"", ""10.1109/tvcg.2016.2598885"", ""10.1109/tvcg.2016.2599107"", ""10.1109/tvcg.2017.2744418"", ""10.1109/tvcg.2017.2745941"", ""10.1109/tvcg.2020.3030334"", ""10.1109/tvcg.2020.3030364"", ""10.1109/tvcg.2020.3030450""]"
I38877650,I76130692,9,"[""10.1109/tvcg.2019.2934671"", ""10.1109/tvcg.2020.3030458"", ""10.1109/tvcg.2021.3114875"", ""10.1109/tvcg.2022.3209470"", ""10.1109/tvcg.2022.3209475"", ""10.1109/tvcg.2023.3326524"", ""10.1109/tvcg.2023.3327148"", ""10.1109/tvcg.2023.3327162"", ""10.1109/vast50239.2020.00006""]"
I130701444,I2800444561,8,"[""10.1109/tvcg.2008.185"", ""10.1109/tvcg.2009.176"", ""10.1109/tvcg.2014.2346249"", ""10.1109/tvcg.2015.2467551"", ""10.1109/tvcg.2021.3114820"", ""10.1109/tvcg.2023.3326512"", ""10.1109/tvcg.2024.3456144"", ""10.1109/tvcg.2024.3456405""]"
I4210123185,I76130692,8,"[""10.1109/tvcg.2020.3030392"", ""10.1109/tvcg.2020.3030393"", ""10.1109/tvcg.2020.3030458"", ""10.1109/tvcg.2020.3030467"", ""10.1109/tvcg.2021.3114781"", ""10.1109/tvcg.2021.3114875"", ""10.1109/tvcg.2022.3209391"", ""10.1109/tvcg.2022.3209470""]"
I45928872,I76130692,8,"[""10.1109/tvcg.2018.2865126"", ""10.1109/tvcg.2021.3114781"", ""10.1109/tvcg.2021.3114878"", ""10.1109/tvcg.2022.3209352"", ""10.1109/tvcg.2022.3209373"", ""10.1109/tvcg.2022.3209385"", ""10.1109/tvcg.2022.3209447"", ""10.1109/tvcg.2022.3209468""]"
I102197404,I4210144804,7,"[""10.1109/infvis.2004.1"", ""10.1109/infvis.2004.64"", ""10.1109/tvcg.2013.163"", ""10.1109/tvcg.2014.2346426"", ""10.1109/tvcg.2017.2745138"", ""10.1109/tvcg.2018.2865077"", ""10.1109/vast.2007.4389013""]"
I136199984,I2801851002,7,"[""10.1109/tvcg.2010.137"", ""10.1109/tvcg.2010.168"", ""10.1109/tvcg.2013.173"", ""10.1109/tvcg.2014.2346260"", ""10.1109/tvcg.2017.2745978"", ""10.1109/tvcg.2023.3326579"", ""10.1109/tvcg.2024.3456406""]"
I154099455,I177725633,7,"[""10.1109/tvcg.2017.2745919"", ""10.1109/tvcg.2018.2864911"", ""10.1109/tvcg.2018.2864912"", ""10.1109/tvcg.2019.2934541"", ""10.1109/tvcg.2019.2934783"", ""10.1109/tvcg.2019.2934805"", ""10.1109/tvcg.2021.3114865""]"
I2800006345,I98358874,7,"[""10.1109/tvcg.2010.134"", ""10.1109/tvcg.2016.2598826"", ""10.1109/tvcg.2017.2744318"", ""10.1109/tvcg.2017.2744358"", ""10.1109/tvcg.2019.2934307"", ""10.1109/tvcg.2020.3030336"", ""10.1109/tvcg.2023.3326582""]"
I4210113369,I76130692,7,"[""10.1109/tvcg.2011.239"", ""10.1109/tvcg.2012.253"", ""10.1109/tvcg.2016.2598432"", ""10.1109/tvcg.2019.2934798"", ""10.1109/tvcg.2022.3209385"", ""10.1109/tvcg.2022.3209430"", ""10.1109/tvcg.2023.3327376""]"
I4432739,I859038795,7,"[""10.1109/tvcg.2008.145"", ""10.1109/tvcg.2009.155"", ""10.1109/tvcg.2010.171"", ""10.1109/tvcg.2014.2346744"", ""10.1109/tvcg.2022.3209478"", ""10.1109/tvcg.2024.3456356"", ""10.1109/vast.2015.7347635""]"
I100066346,I154099455,6,"[""10.1109/tvcg.2018.2864911"", ""10.1109/tvcg.2018.2864912"", ""10.1109/tvcg.2019.2934796"", ""10.1109/tvcg.2020.3030368"", ""10.1109/tvcg.2020.3030404"", ""10.1109/tvcg.2020.3030406""]"
I102197404,I4210115485,6,"[""10.1109/tvcg.2012.217"", ""10.1109/tvcg.2012.220"", ""10.1109/tvcg.2012.262"", ""10.1109/tvcg.2013.192"", ""10.1109/tvcg.2016.2599217"", ""10.1109/tvcg.2018.2865141""]"
I114027177,I69048370,6,"[""10.1109/tvcg.2019.2934209"", ""10.1109/tvcg.2019.2934661"", ""10.1109/tvcg.2020.3030455"", ""10.1109/tvcg.2021.3114779"", ""10.1109/tvcg.2024.3456369"", ""10.1109/tvcg.2024.3456381""]"
I1282105669,I223532165,6,"[""10.1109/scivis.2015.7429492"", ""10.1109/tvcg.2016.2599040"", ""10.1109/tvcg.2016.2599041"", ""10.1109/tvcg.2023.3326905"", ""10.1109/tvcg.2023.3326920"", ""10.1109/tvcg.2023.3327366""]"
I1282105669,I52357470,6,"[""10.1109/tvcg.2015.2468031"", ""10.1109/tvcg.2018.2864808"", ""10.1109/tvcg.2019.2934312"", ""10.1109/tvcg.2022.3209413"", ""10.1109/tvcg.2023.3326905"", ""10.1109/tvcg.2023.3326920""]"
I1294671590,I1326498283,6,"[""10.1109/tvcg.2011.160"", ""10.1109/tvcg.2021.3114844"", ""10.1109/tvcg.2023.3326596"", ""10.1109/tvcg.2023.3327361"", ""10.1109/tvcg.2024.3456335"", ""10.1109/visual.2005.1532787""]"
I129774422,I1343190059,6,"[""10.1109/infvis.2002.1173149"", ""10.1109/tvcg.2014.2346321"", ""10.1109/tvcg.2014.2346578"", ""10.1109/tvcg.2016.2598589"", ""10.1109/tvcg.2017.2745158"", ""10.1109/visual.2002.1183812""]"
I145847075,I4210136249,6,"[""10.1109/tvcg.2007.70598"", ""10.1109/tvcg.2010.214"", ""10.1109/tvcg.2011.228"", ""10.1109/tvcg.2013.177"", ""10.1109/tvcg.2018.2864510"", ""10.1109/vast.2016.7883516""]"
I145847075,I71920554,6,"[""10.1109/tvcg.2011.216"", ""10.1109/tvcg.2019.2934334"", ""10.1109/tvcg.2019.2934612"", ""10.1109/tvcg.2020.3030415"", ""10.1109/tvcg.2020.3030436"", ""10.1109/tvcg.2023.3327193""]"
I154099455,I20231570,6,"[""10.1109/tvcg.2018.2864911"", ""10.1109/tvcg.2018.2864912"", ""10.1109/tvcg.2019.2934541"", ""10.1109/tvcg.2019.2934805"", ""10.1109/tvcg.2020.3030368"", ""10.1109/tvcg.2021.3114761""]"
I189712700,I4092182,6,"[""10.1109/tvcg.2015.2467553"", ""10.1109/tvcg.2015.2467759"", ""10.1109/tvcg.2016.2598467"", ""10.1109/tvcg.2017.2744805"", ""10.1109/tvcg.2017.2745181"", ""10.1109/vast47406.2019.8986940""]"
I223532165,I84218800,6,"[""10.1109/tvcg.2007.70551"", ""10.1109/tvcg.2008.110"", ""10.1109/tvcg.2011.162"", ""10.1109/tvcg.2011.254"", ""10.1109/tvcg.2012.286"", ""10.1109/visual.2001.964525""]"
I100066346,I20231570,5,"[""10.1109/tvcg.2018.2864911"", ""10.1109/tvcg.2018.2864912"", ""10.1109/tvcg.2020.3030368"", ""10.1109/tvcg.2020.3030473"", ""10.1109/tvcg.2024.3456346""]"
I102149020,I121934306,5,"[""10.1109/tvcg.2014.2346575"", ""10.1109/vast.2010.5653598"", ""10.1109/vast.2010.5653599"", ""10.1109/vast.2011.6102445"", ""10.1109/vast.2011.6102461""]"
I102197404,I1326498283,5,"[""10.1109/infvis.2004.1"", ""10.1109/infvis.2004.64"", ""10.1109/tvcg.2015.2467851"", ""10.1109/tvcg.2016.2598467"", ""10.1109/vast.2007.4389013""]"
I116953780,I200769079,5,"[""10.1109/tvcg.2012.291"", ""10.1109/tvcg.2017.2744159"", ""10.1109/tvcg.2017.2745320"", ""10.1109/tvcg.2018.2864825"", ""10.1109/tvcg.2021.3114774""]"
I12356871,I4210165912,5,"[""10.1109/tvcg.2015.2467035"", ""10.1109/tvcg.2015.2467201"", ""10.1109/tvcg.2017.2745958"", ""10.1109/tvcg.2019.2934593"", ""10.1109/tvcg.2019.2934790""]"
I1290206253,I168635309,5,"[""10.1109/tvcg.2009.109"", ""10.1109/tvcg.2010.194"", ""10.1109/tvcg.2011.251"", ""10.1109/tvcg.2012.204"", ""10.1109/tvcg.2012.275""]"
I1294671590,I39804081,5,"[""10.1109/tvcg.2018.2864432"", ""10.1109/tvcg.2019.2934256"", ""10.1109/tvcg.2020.3030353"", ""10.1109/tvcg.2021.3114844"", ""10.1109/tvcg.2023.3326601""]"
I1343190059,I35440088,5,"[""10.1109/tvcg.2009.199"", ""10.1109/tvcg.2010.223"", ""10.1109/tvcg.2011.225"", ""10.1109/tvcg.2012.243"", ""10.1109/tvcg.2017.2745158""]"
I1343871089,I223532165,5,"[""10.1109/tvcg.2009.195"", ""10.1109/tvcg.2011.162"", ""10.1109/visual.1996.568121"", ""10.1109/visual.1996.568144"", ""10.1109/visual.2004.95""]"
I134560555,I4210119061,5,"[""10.1109/tvcg.2009.145"", ""10.1109/tvcg.2011.223"", ""10.1109/tvcg.2011.233"", ""10.1109/vast.2011.6102454"", ""10.1109/visual.2002.1183776""]"
I136199984,I71920554,5,"[""10.1109/tvcg.2013.142"", ""10.1109/tvcg.2014.2346312"", ""10.1109/tvcg.2017.2744238"", ""10.1109/tvcg.2017.2744278"", ""10.1109/tvcg.2023.3327193""]"
I139660479,I90727586,5,"[""10.1109/tvcg.2017.2744098"", ""10.1109/tvcg.2018.2864503"", ""10.1109/tvcg.2020.3030428"", ""10.1109/tvcg.2020.3030440"", ""10.1109/vast50239.2020.00011""]"
I145847075,I83019370,5,"[""10.1109/tvcg.2007.70550"", ""10.1109/tvcg.2008.180"", ""10.1109/tvcg.2011.215"", ""10.1109/visual.2004.56"", ""10.1109/visual.2005.1532847""]"
I153267046,I223532165,5,"[""10.1109/tvcg.2007.70551"", ""10.1109/tvcg.2009.204"", ""10.1109/visual.2001.964525"", ""10.1109/visual.2004.107"", ""10.1109/visual.2004.113""]"
I153267046,I3019415892,5,"[""10.1109/tvcg.2006.125"", ""10.1109/tvcg.2007.70575"", ""10.1109/tvcg.2007.70579"", ""10.1109/tvcg.2012.283"", ""10.1109/visual.2005.1532790""]"
I157725225,I39422238,5,"[""10.1109/tvcg.2017.2744459"", ""10.1109/tvcg.2023.3326514"", ""10.1109/tvcg.2024.3456182"", ""10.1109/tvcg.2024.3456353"", ""10.1109/visual.1990.146384""]"
I200769079,I20231570,5,"[""10.1109/tvcg.2008.135"", ""10.1109/tvcg.2009.156"", ""10.1109/tvcg.2009.179"", ""10.1109/tvcg.2014.2346746"", ""10.1109/tvcg.2023.3326908""]"
I21449261,I4432739,5,"[""10.1109/tvcg.2015.2467434"", ""10.1109/tvcg.2019.2934258"", ""10.1109/tvcg.2019.2934333"", ""10.1109/tvcg.2022.3209411"", ""10.1109/tvcg.2024.3456327""]"
I219193219,I223532165,5,"[""10.1109/tvcg.2010.127"", ""10.1109/tvcg.2010.133"", ""10.1109/tvcg.2011.254"", ""10.1109/visual.2002.1183777"", ""10.1109/visual.2003.1250383""]"
I219193219,I2802236040,5,"[""10.1109/tvcg.2019.2934264"", ""10.1109/tvcg.2019.2934266"", ""10.1109/tvcg.2019.2934603"", ""10.1109/tvcg.2019.2934614"", ""10.1109/vast50239.2020.00012""]"
I223532165,I52357470,5,"[""10.1109/tvcg.2019.2934242"", ""10.1109/tvcg.2019.2934802"", ""10.1109/tvcg.2023.3326905"", ""10.1109/tvcg.2023.3326920"", ""10.1109/tvcg.2024.3456337""]"
I2802076133,I4387153937,5,"[""10.1109/tvcg.2016.2598603"", ""10.1109/tvcg.2016.2598795"", ""10.1109/tvcg.2016.2598826"", ""10.1109/tvcg.2019.2934337"", ""10.1109/tvcg.2020.3030388""]"
I4210113369,I99065089,5,"[""10.1109/tvcg.2013.196"", ""10.1109/tvcg.2022.3209357"", ""10.1109/tvcg.2022.3209404"", ""10.1109/tvcg.2022.3209430"", ""10.1109/vast.2014.7042494""]"
I4210164937,I889458895,5,"[""10.1109/tvcg.2016.2598444"", ""10.1109/tvcg.2016.2598465"", ""10.1109/tvcg.2017.2744080"", ""10.1109/tvcg.2019.2934613"", ""10.1109/tvcg.2020.3030423""]"
I69356397,I76130692,5,"[""10.1109/tvcg.2020.3030467"", ""10.1109/tvcg.2021.3114781"", ""10.1109/tvcg.2021.3114877"", ""10.1109/tvcg.2021.3114878"", ""10.1109/tvcg.2022.3209447""]"
I76130692,I90727586,5,"[""10.1109/tvcg.2017.2744098"", ""10.1109/tvcg.2018.2864503"", ""10.1109/tvcg.2020.3030440"", ""10.1109/tvcg.2023.3327371"", ""10.1109/vast50239.2020.00011""]"
I79510175,I99065089,5,"[""10.1109/tvcg.2017.2744378"", ""10.1109/tvcg.2021.3114789"", ""10.1109/tvcg.2023.3326588"", ""10.1109/tvcg.2023.3326932"", ""10.1109/vast47406.2019.8986943""]"
I100066346,I18014758,4,"[""10.1109/tvcg.2009.150"", ""10.1109/visual.2005.1532845"", ""10.1109/visual.2005.1532852"", ""10.1109/visual.2005.1532853""]"
I100066346,I223532165,4,"[""10.1109/tvcg.2020.3030368"", ""10.1109/tvcg.2020.3030473"", ""10.1109/visual.1999.809878"", ""10.1109/visual.2000.885688""]"
I100296615,I134560555,4,"[""10.1109/tvcg.2009.145"", ""10.1109/tvcg.2011.223"", ""10.1109/tvcg.2011.233"", ""10.1109/vast.2011.6102454""]"
I100296615,I169381384,4,"[""10.1109/tvcg.2011.223"", ""10.1109/tvcg.2011.233"", ""10.1109/tvcg.2017.2744338"", ""10.1109/tvcg.2018.2864690""]"
I100296615,I3131550300,4,"[""10.1109/tvcg.2009.145"", ""10.1109/tvcg.2011.223"", ""10.1109/tvcg.2011.233"", ""10.1109/vast.2011.6102454""]"
I100296615,I4210119061,4,"[""10.1109/tvcg.2009.145"", ""10.1109/tvcg.2011.223"", ""10.1109/tvcg.2011.233"", ""10.1109/vast.2011.6102454""]"
I100296615,I4210152422,4,"[""10.1109/tvcg.2009.145"", ""10.1109/tvcg.2011.223"", ""10.1109/tvcg.2011.233"", ""10.1109/vast.2011.6102454""]"
I100296615,I4210160189,4,"[""10.1109/tvcg.2009.145"", ""10.1109/tvcg.2011.223"", ""10.1109/tvcg.2011.233"", ""10.1109/vast.2011.6102454""]"
I102134673,I4210113652,4,"[""10.1109/tvcg.2006.146"", ""10.1109/tvcg.2007.70518"", ""10.1109/tvcg.2010.195"", ""10.1109/tvcg.2018.2864816""]"
I102149020,I149910238,4,"[""10.1109/tvcg.2014.2346445"", ""10.1109/tvcg.2015.2467771"", ""10.1109/tvcg.2016.2598416"", ""10.1109/vast.2011.6102447""]"
I102197404,I204730241,4,"[""10.1109/tvcg.2006.160"", ""10.1109/tvcg.2012.220"", ""10.1109/tvcg.2014.2346426"", ""10.1109/tvcg.2018.2865077""]"
I111979921,I1306409833,4,"[""10.1109/tvcg.2021.3114782"", ""10.1109/tvcg.2021.3114823"", ""10.1109/tvcg.2022.3209348"", ""10.1109/tvcg.2023.3326583""]"
I111979921,I66946132,4,"[""10.1109/tvcg.2017.2744478"", ""10.1109/tvcg.2018.2864884"", ""10.1109/tvcg.2019.2934786"", ""10.1109/tvcg.2020.3030429""]"
I114027177,I116953780,4,"[""10.1109/tvcg.2017.2745320"", ""10.1109/tvcg.2018.2864885"", ""10.1109/tvcg.2020.3030465"", ""10.1109/tvcg.2021.3114779""]"
I116953780,I889458895,4,"[""10.1109/tvcg.2017.2744159"", ""10.1109/tvcg.2017.2745320"", ""10.1109/tvcg.2018.2864825"", ""10.1109/tvcg.2021.3114774""]"
I121883995,I2801851002,4,"[""10.1109/tvcg.2013.154"", ""10.1109/tvcg.2013.173"", ""10.1109/tvcg.2014.2346260"", ""10.1109/tvcg.2014.2346752""]"
I1280536761,I185103710,4,"[""10.1109/visual.1999.809906"", ""10.1109/visual.2000.885690"", ""10.1109/visual.2001.964550"", ""10.1109/visual.2005.1532831""]"
I1283280774,I136199984,4,"[""10.1109/tvcg.2006.134"", ""10.1109/tvcg.2008.148"", ""10.1109/tvcg.2011.192"", ""10.1109/tvcg.2021.3114786""]"
I1289243028,I223532165,4,"[""10.1109/tvcg.2010.133"", ""10.1109/tvcg.2022.3209424"", ""10.1109/tvcg.2023.3326592"", ""10.1109/tvcg.2024.3456393""]"
I1289243028,I75027704,4,"[""10.1109/tvcg.2006.175"", ""10.1109/tvcg.2008.184"", ""10.1109/visual.2003.1250391"", ""10.1109/visual.2004.110""]"
I1299022934,I1299303238,4,"[""10.1109/visual.1999.809913"", ""10.1109/visual.2001.964545"", ""10.1109/visual.2005.1532806"", ""10.1109/visual.2005.1532807""]"
I1306409833,I130701444,4,"[""10.1109/tvcg.2018.2864886"", ""10.1109/tvcg.2019.2934281"", ""10.1109/tvcg.2024.3456210"", ""10.1109/tvcg.2024.3456378""]"
I1306409833,I201448701,4,"[""10.1109/tvcg.2014.2346452"", ""10.1109/tvcg.2019.2934281"", ""10.1109/tvcg.2021.3114814"", ""10.1109/tvcg.2024.3456378""]"
I130701444,I142606810,4,"[""10.1109/infvis.2005.1532131"", ""10.1109/vast.2009.5332629"", ""10.1109/vast.2015.7347625"", ""10.1109/vast.2017.8585669""]"
I1326498283,I185261750,4,"[""10.1109/tvcg.2011.195"", ""10.1109/tvcg.2013.210"", ""10.1109/tvcg.2017.2745118"", ""10.1109/tvcg.2019.2934288""]"
I1326498283,I4210144804,4,"[""10.1109/infvis.2004.1"", ""10.1109/infvis.2004.64"", ""10.1109/tvcg.2011.160"", ""10.1109/vast.2007.4389013""]"
I134446601,I95457486,4,"[""10.1109/tvcg.2012.219"", ""10.1109/tvcg.2013.164"", ""10.1109/tvcg.2022.3209383"", ""10.1109/tvcg.2022.3209405""]"
I134560555,I3131550300,4,"[""10.1109/tvcg.2009.145"", ""10.1109/tvcg.2011.223"", ""10.1109/tvcg.2011.233"", ""10.1109/vast.2011.6102454""]"
I134560555,I4210152422,4,"[""10.1109/tvcg.2009.145"", ""10.1109/tvcg.2011.223"", ""10.1109/tvcg.2011.233"", ""10.1109/vast.2011.6102454""]"
I134560555,I4210160189,4,"[""10.1109/tvcg.2009.145"", ""10.1109/tvcg.2011.223"", ""10.1109/tvcg.2011.233"", ""10.1109/vast.2011.6102454""]"
I138211613,I145847075,4,"[""10.1109/vast.2012.6400555"", ""10.1109/visual.2002.1183812"", ""10.1109/visual.2004.104"", ""10.1109/visual.2004.72""]"
I139660479,I99065089,4,"[""10.1109/tvcg.2020.3030428"", ""10.1109/tvcg.2020.3030432"", ""10.1109/tvcg.2021.3114694"", ""10.1109/vast47406.2019.8986943""]"
I145847075,I21449261,4,"[""10.1109/tvcg.2015.2467434"", ""10.1109/tvcg.2017.2744258"", ""10.1109/tvcg.2018.2864491"", ""10.1109/tvcg.2022.3209411""]"
I145847075,I4665924,4,"[""10.1109/tvcg.2009.110"", ""10.1109/tvcg.2016.2598468"", ""10.1109/tvcg.2023.3327152"", ""10.1109/vast.2015.7347629""]"
I153267046,I55732556,4,"[""10.1109/tvcg.2006.125"", ""10.1109/tvcg.2019.2934368"", ""10.1109/tvcg.2020.3030353"", ""10.1109/visual.1997.663858""]"
I154570441,I4210164937,4,"[""10.1109/tvcg.2011.186"", ""10.1109/tvcg.2016.2598828"", ""10.1109/tvcg.2018.2865158"", ""10.1109/tvcg.2019.2934281""]"
I157725225,I4210135837,4,"[""10.1109/visual.1991.175810"", ""10.1109/visual.1992.235228"", ""10.1109/visual.1994.346337"", ""10.1109/visual.2005.1532791""]"
I161127581,I39422238,4,"[""10.1109/tvcg.2022.3209474"", ""10.1109/tvcg.2023.3326514"", ""10.1109/tvcg.2023.3326598"", ""10.1109/tvcg.2024.3456353""]"
I168635309,I180825142,4,"[""10.1109/tvcg.2017.2743859"", ""10.1109/tvcg.2017.2743918"", ""10.1109/tvcg.2017.2745958"", ""10.1109/tvcg.2019.2934790""]"
I172675005,I200769079,4,"[""10.1109/tvcg.2008.182"", ""10.1109/tvcg.2013.221"", ""10.1109/tvcg.2014.2346893"", ""10.1109/tvcg.2022.3209434""]"
I177725633,I189712700,4,"[""10.1109/tvcg.2018.2864911"", ""10.1109/tvcg.2018.2864912"", ""10.1109/tvcg.2019.2934541"", ""10.1109/tvcg.2019.2934783""]"
I177725633,I20231570,4,"[""10.1109/tvcg.2018.2864911"", ""10.1109/tvcg.2018.2864912"", ""10.1109/tvcg.2019.2934541"", ""10.1109/tvcg.2019.2934805""]"
I180825142,I4210144576,4,"[""10.1109/tvcg.2017.2744322"", ""10.1109/tvcg.2017.2745181"", ""10.1109/tvcg.2019.2934609"", ""10.1109/tvcg.2020.3030411""]"
I181653535,I36258959,4,"[""10.1109/visual.1992.235177"", ""10.1109/visual.1997.663891"", ""10.1109/visual.1998.745341"", ""10.1109/visual.2000.885741""]"
I188538660,I219193219,4,"[""10.1109/tvcg.2019.2934264"", ""10.1109/tvcg.2019.2934266"", ""10.1109/tvcg.2019.2934614"", ""10.1109/vast50239.2020.00012""]"
I189712700,I20231570,4,"[""10.1109/tvcg.2018.2864911"", ""10.1109/tvcg.2018.2864912"", ""10.1109/tvcg.2019.2934541"", ""10.1109/tvcg.2021.3114761""]"
I200769079,I4210164937,4,"[""10.1109/tvcg.2016.2598444"", ""10.1109/tvcg.2016.2598465"", ""10.1109/tvcg.2017.2744080"", ""10.1109/tvcg.2019.2934613""]"
I201448701,I27837315,4,"[""10.1109/tvcg.2017.2743898"", ""10.1109/tvcg.2018.2864889"", ""10.1109/tvcg.2018.2864909"", ""10.1109/tvcg.2020.3030335""]"
I201448701,I66946132,4,"[""10.1109/tvcg.2021.3114814"", ""10.1109/tvcg.2022.3209490"", ""10.1109/tvcg.2023.3326527"", ""10.1109/tvcg.2024.3456407""]"
I201448701,I97018004,4,"[""10.1109/tvcg.2007.70617"", ""10.1109/tvcg.2014.2346978"", ""10.1109/tvcg.2015.2467091"", ""10.1109/tvcg.2016.2599030""]"
I20231570,I889458895,4,"[""10.1109/tvcg.2008.135"", ""10.1109/tvcg.2009.156"", ""10.1109/tvcg.2014.2346746"", ""10.1109/tvcg.2023.3326908""]"
I205237279,I76130692,4,"[""10.1109/tvcg.2014.2346433"", ""10.1109/tvcg.2022.3209347"", ""10.1109/tvcg.2022.3209391"", ""10.1109/tvcg.2022.3209483""]"
I219193219,I28777354,4,"[""10.1109/tvcg.2012.264"", ""10.1109/vast.2012.6400491"", ""10.1109/vast.2012.6400557"", ""10.1109/vast.2014.7042484""]"
I219193219,I55732556,4,"[""10.1109/tvcg.2012.264"", ""10.1109/tvcg.2014.2346926"", ""10.1109/vast.2012.6400491"", ""10.1109/vast.2012.6400557""]"
I223532165,I926574661,4,"[""10.1109/tvcg.2007.70557"", ""10.1109/tvcg.2011.162"", ""10.1109/visual.2004.107"", ""10.1109/visual.2004.113""]"
I2799323385,I35440088,4,"[""10.1109/tvcg.2018.2864509"", ""10.1109/tvcg.2018.2865049"", ""10.1109/tvcg.2022.3209458"", ""10.1109/visual.2000.885722""]"
I2801851002,I4092182,4,"[""10.1109/tvcg.2013.154"", ""10.1109/tvcg.2014.2346752"", ""10.1109/tvcg.2015.2467759"", ""10.1109/vast47406.2019.8986940""]"
I3131550300,I4210119061,4,"[""10.1109/tvcg.2009.145"", ""10.1109/tvcg.2011.223"", ""10.1109/tvcg.2011.233"", ""10.1109/vast.2011.6102454""]"
I3131550300,I4210152422,4,"[""10.1109/tvcg.2009.145"", ""10.1109/tvcg.2011.223"", ""10.1109/tvcg.2011.233"", ""10.1109/vast.2011.6102454""]"
I3131550300,I4210160189,4,"[""10.1109/tvcg.2009.145"", ""10.1109/tvcg.2011.223"", ""10.1109/tvcg.2011.233"", ""10.1109/vast.2011.6102454""]"
I39586589,I40120149,4,"[""10.1109/tvcg.2011.208"", ""10.1109/tvcg.2012.197"", ""10.1109/tvcg.2013.207"", ""10.1109/tvcg.2016.2598829""]"
I39804081,I4210150358,4,"[""10.1109/tvcg.2017.2744298"", ""10.1109/tvcg.2018.2865233"", ""10.1109/tvcg.2019.2934283"", ""10.1109/tvcg.2021.3114844""]"
I4092182,I76130692,4,"[""10.1109/tvcg.2022.3209347"", ""10.1109/tvcg.2023.3327162"", ""10.1109/vast50239.2020.00006"", ""10.1109/vast50239.2020.00015""]"
I4210103986,I76130692,4,"[""10.1109/tvcg.2019.2934670"", ""10.1109/tvcg.2020.3030458"", ""10.1109/tvcg.2021.3114875"", ""10.1109/tvcg.2022.3209430""]"
I4210119061,I4210152422,4,"[""10.1109/tvcg.2009.145"", ""10.1109/tvcg.2011.223"", ""10.1109/tvcg.2011.233"", ""10.1109/vast.2011.6102454""]"
I4210119061,I4210160189,4,"[""10.1109/tvcg.2009.145"", ""10.1109/tvcg.2011.223"", ""10.1109/tvcg.2011.233"", ""10.1109/vast.2011.6102454""]"
I4210122849,I83019370,4,"[""10.1109/tvcg.2007.70550"", ""10.1109/tvcg.2010.153"", ""10.1109/tvcg.2011.215"", ""10.1109/visual.2005.1532847""]"
I4210152422,I4210160189,4,"[""10.1109/tvcg.2009.145"", ""10.1109/tvcg.2011.223"", ""10.1109/tvcg.2011.233"", ""10.1109/vast.2011.6102454""]"
I4210164937,I99065089,4,"[""10.1109/tvcg.2015.2467554"", ""10.1109/tvcg.2017.2744378"", ""10.1109/vast.2016.7883511"", ""10.1109/vast50239.2020.00007""]"
I76130692,I99065089,4,"[""10.1109/scivis.2015.7429488"", ""10.1109/tvcg.2021.3114800"", ""10.1109/tvcg.2022.3209360"", ""10.1109/tvcg.2022.3209430""]"
I100066346,I181369854,3,"[""10.1109/visual.1999.809918"", ""10.1109/visual.2000.885729"", ""10.1109/visual.2001.964542""]"
I100066346,I8087733,3,"[""10.1109/vast.2009.5333911"", ""10.1109/visual.2002.1183812"", ""10.1109/visual.2005.1532845""]"
I100066346,I89864525,3,"[""10.1109/tvcg.2010.209"", ""10.1109/tvcg.2011.226"", ""10.1109/vast.2016.7883520""]"
I100296615,I4210164937,3,"[""10.1109/tvcg.2018.2865191"", ""10.1109/tvcg.2019.2934783"", ""10.1109/tvcg.2020.3030435""]"
I100296615,I56590836,3,"[""10.1109/tvcg.2016.2598958"", ""10.1109/tvcg.2018.2865191"", ""10.1109/tvcg.2020.3030435""]"
I102134673,I223532165,3,"[""10.1109/tvcg.2014.2346351"", ""10.1109/tvcg.2019.2934259"", ""10.1109/tvcg.2022.3209451""]"
I102134673,I56590836,3,"[""10.1109/tvcg.2022.3209433"", ""10.1109/tvcg.2023.3327402"", ""10.1109/tvcg.2024.3456399""]"
I102149020,I76130692,3,"[""10.1109/tvcg.2014.2346911"", ""10.1109/tvcg.2014.2346913"", ""10.1109/tvcg.2016.2598416""]"
I102197404,I169381384,3,"[""10.1109/tvcg.2012.217"", ""10.1109/tvcg.2012.220"", ""10.1109/tvcg.2012.262""]"
I111979921,I1299303238,3,"[""10.1109/tvcg.2018.2864884"", ""10.1109/tvcg.2019.2934786"", ""10.1109/tvcg.2020.3030429""]"
I111979921,I27837315,3,"[""10.1109/tvcg.2012.272"", ""10.1109/tvcg.2020.3030429"", ""10.1109/tvcg.2021.3114679""]"
I114017466,I20231570,3,"[""10.1109/tvcg.2019.2934535"", ""10.1109/vast.2016.7883510"", ""10.1109/vast.2017.8585638""]"
I121883995,I1343190059,3,"[""10.1109/tvcg.2014.2346578"", ""10.1109/tvcg.2018.2865024"", ""10.1109/tvcg.2024.3456347""]"
I121883995,I145847075,3,"[""10.1109/tvcg.2016.2598468"", ""10.1109/tvcg.2017.2745298"", ""10.1109/tvcg.2024.3456347""]"
I123431417,I145847075,3,"[""10.1109/tvcg.2017.2744258"", ""10.1109/tvcg.2018.2864491"", ""10.1109/tvcg.2020.3030415""]"
I124357947,I4210160447,3,"[""10.1109/tvcg.2016.2598789"", ""10.1109/tvcg.2018.2864836"", ""10.1109/tvcg.2018.2865241""]"
I126307644,I39422238,3,"[""10.1109/tvcg.2019.2934546"", ""10.1109/tvcg.2023.3326939"", ""10.1109/tvcg.2024.3456160""]"
I1290206253,I130701444,3,"[""10.1109/tvcg.2008.125"", ""10.1109/tvcg.2018.2865145"", ""10.1109/vast.2010.5652910""]"
I1290206253,I66946132,3,"[""10.1109/tvcg.2018.2865234"", ""10.1109/tvcg.2019.2934397"", ""10.1109/tvcg.2023.3327354""]"
I1294297726,I84218800,3,"[""10.1109/tvcg.2012.244"", ""10.1109/tvcg.2019.2934401"", ""10.1109/tvcg.2020.3030412""]"
I1294671590,I277688954,3,"[""10.1109/tvcg.2022.3209390"", ""10.1109/tvcg.2022.3209480"", ""10.1109/tvcg.2023.3326941""]"
I1294671590,I69356397,3,"[""10.1109/tvcg.2023.3326517"", ""10.1109/tvcg.2024.3456319"", ""10.1109/tvcg.2024.3456368""]"
I129774422,I145847075,3,"[""10.1109/tvcg.2017.2744758"", ""10.1109/visual.2002.1183812"", ""10.1109/visual.2004.72""]"
I1299303238,I66946132,3,"[""10.1109/tvcg.2018.2864884"", ""10.1109/tvcg.2019.2934786"", ""10.1109/tvcg.2020.3030429""]"
I130238516,I4210101327,3,"[""10.1109/tvcg.2019.2934260"", ""10.1109/tvcg.2024.3456364"", ""10.1109/visual.2001.964492""]"
I1306409833,I200769079,3,"[""10.1109/tvcg.2021.3114774"", ""10.1109/tvcg.2021.3114836"", ""10.1109/tvcg.2024.3456210""]"
I1306409833,I24603500,3,"[""10.1109/tvcg.2021.3114823"", ""10.1109/tvcg.2022.3209456"", ""10.1109/tvcg.2024.3456378""]"
I1306409833,I889458895,3,"[""10.1109/tvcg.2021.3114774"", ""10.1109/tvcg.2021.3114836"", ""10.1109/tvcg.2024.3456210""]"
I130769515,I20231570,3,"[""10.1109/tvcg.2015.2467619"", ""10.1109/tvcg.2022.3209482"", ""10.1109/vast.2017.8585638""]"
I130828816,I86122600,3,"[""10.1109/visual.1993.398857"", ""10.1109/visual.2000.885730"", ""10.1109/visual.2004.112""]"
I1324840837,I189712700,3,"[""10.1109/infvis.2005.1532148"", ""10.1109/vast.2007.4389001"", ""10.1109/vast.2009.5333919""]"
I1325886976,I189712700,3,"[""10.1109/tvcg.2015.2467759"", ""10.1109/tvcg.2019.2934395"", ""10.1109/vast.2012.6400554""]"
I1326498283,I4210150884,3,"[""10.1109/visual.1993.398903"", ""10.1109/visual.2002.1183768"", ""10.1109/visual.2005.1532832""]"
I1327163397,I200870766,3,"[""10.1109/visual.2001.964552"", ""10.1109/visual.2001.964556"", ""10.1109/visual.2004.70""]"
I1329325741,I83019370,3,"[""10.1109/tvcg.2007.70550"", ""10.1109/tvcg.2008.180"", ""10.1109/tvcg.2015.2467872""]"
I1338124936,I57206974,3,"[""10.1109/tvcg.2017.2743958"", ""10.1109/tvcg.2019.2934259"", ""10.1109/tvcg.2020.3030333""]"
I1343190059,I56858762,3,"[""10.1109/tvcg.2014.2346754"", ""10.1109/tvcg.2019.2934784"", ""10.1109/tvcg.2022.3209432""]"
I1343190059,I71920554,3,"[""10.1109/tvcg.2011.216"", ""10.1109/tvcg.2019.2934334"", ""10.1109/tvcg.2019.2934612""]"
I1343871089,I84218800,3,"[""10.1109/tvcg.2007.70543"", ""10.1109/tvcg.2011.162"", ""10.1109/tvcg.2016.2598876""]"
I135310074,I2802999273,3,"[""10.1109/tvcg.2019.2934536"", ""10.1109/tvcg.2020.3030434"", ""10.1109/tvcg.2021.3114780""]"
I136199984,I76130692,3,"[""10.1109/tvcg.2020.3028948"", ""10.1109/tvcg.2022.3209388"", ""10.1109/tvcg.2022.3209497""]"
I138006243,I223532165,3,"[""10.1109/tvcg.2019.2934338"", ""10.1109/tvcg.2019.2934802"", ""10.1109/tvcg.2022.3209375""]"
I138006243,I39804081,3,"[""10.1109/tvcg.2017.2743938"", ""10.1109/tvcg.2024.3456345"", ""10.1109/tvcg.2024.3456355""]"
I13805885,I97018004,3,"[""10.1109/visual.1990.146359"", ""10.1109/visual.1993.398871"", ""10.1109/visual.1998.745291""]"
I139264467,I83436808,3,"[""10.1109/tvcg.2016.2598796"", ""10.1109/tvcg.2020.3030414"", ""10.1109/tvcg.2024.3456215""]"
I139660479,I4092182,3,"[""10.1109/tvcg.2022.3209347"", ""10.1109/vast50239.2020.00006"", ""10.1109/vast50239.2020.00015""]"
I141945490,I212119943,3,"[""10.1109/tvcg.2013.153"", ""10.1109/tvcg.2016.2598466"", ""10.1109/vast.2010.5652392""]"
I141945490,I4210163771,3,"[""10.1109/tvcg.2016.2598466"", ""10.1109/tvcg.2017.2744319"", ""10.1109/tvcg.2020.3030387""]"
I143288331,I176453806,3,"[""10.1109/tvcg.2023.3326569"", ""10.1109/tvcg.2024.3456308"", ""10.1109/visual.2005.1532798""]"
I145847075,I35440088,3,"[""10.1109/tvcg.2009.199"", ""10.1109/tvcg.2011.225"", ""10.1109/tvcg.2023.3327152""]"
I145847075,I4210099236,3,"[""10.1109/tvcg.2014.2346318"", ""10.1109/tvcg.2015.2467331"", ""10.1109/tvcg.2019.2934612""]"
I145847075,I4210122849,3,"[""10.1109/tvcg.2007.70550"", ""10.1109/tvcg.2011.215"", ""10.1109/visual.2005.1532847""]"
I145847075,I56858762,3,"[""10.1109/tvcg.2014.2346754"", ""10.1109/tvcg.2019.2934784"", ""10.1109/tvcg.2022.3209432""]"
I145847075,I76134821,3,"[""10.1109/tvcg.2013.215"", ""10.1109/vast.2012.6400555"", ""10.1109/visual.2004.104""]"
I148283060,I84218800,3,"[""10.1109/tvcg.2008.157"", ""10.1109/tvcg.2012.200"", ""10.1109/tvcg.2019.2934368""]"
I148283060,I95457486,3,"[""10.1109/tvcg.2012.200"", ""10.1109/vast.2008.4677353"", ""10.1109/visual.1991.175834""]"
I149910238,I76130692,3,"[""10.1109/tvcg.2016.2598416"", ""10.1109/tvcg.2019.2934671"", ""10.1109/vast.2014.7042486""]"
I153267046,I4387152675,3,"[""10.1109/tvcg.2014.2346447"", ""10.1109/tvcg.2017.2744321"", ""10.1109/tvcg.2020.3030376""]"
I157725225,I55732556,3,"[""10.1109/tvcg.2020.3028888"", ""10.1109/tvcg.2020.3028958"", ""10.1109/tvcg.2021.3114850""]"
I161057412,I179093154,3,"[""10.1109/tvcg.2006.183"", ""10.1109/visual.1995.480816"", ""10.1109/visual.2005.1532782""]"
I161127581,I25112270,3,"[""10.1109/tvcg.2022.3209474"", ""10.1109/tvcg.2023.3326598"", ""10.1109/tvcg.2024.3456353""]"
I161127581,I57206974,3,"[""10.1109/tvcg.2016.2598585"", ""10.1109/tvcg.2022.3209474"", ""10.1109/vast.2015.7347636""]"
I164956901,I52357470,3,"[""10.1109/tvcg.2018.2864504"", ""10.1109/tvcg.2020.3030461"", ""10.1109/vast.2016.7883513""]"
I168635309,I18014758,3,"[""10.1109/tvcg.2019.2934790"", ""10.1109/tvcg.2021.3114844"", ""10.1109/tvcg.2023.3326917""]"
I168635309,I185261750,3,"[""10.1109/tvcg.2007.70521"", ""10.1109/tvcg.2008.175"", ""10.1109/tvcg.2009.122""]"
I169381384,I4210115485,3,"[""10.1109/tvcg.2012.217"", ""10.1109/tvcg.2012.220"", ""10.1109/tvcg.2012.262""]"
I172675005,I889458895,3,"[""10.1109/tvcg.2008.182"", ""10.1109/tvcg.2014.2346893"", ""10.1109/tvcg.2022.3209434""]"
I173498003,I97018004,3,"[""10.1109/infvis.1996.559226"", ""10.1109/infvis.2000.885087"", ""10.1109/infvis.2002.1173145""]"
I18014758,I212119943,3,"[""10.1109/infvis.1997.636784"", ""10.1109/tvcg.2022.3209365"", ""10.1109/vast.2010.5652392""]"
I181369854,I95793202,3,"[""10.1109/tvcg.2013.169"", ""10.1109/tvcg.2014.2346405"", ""10.1109/tvcg.2022.3209374""]"
I185261750,I2801317318,3,"[""10.1109/tvcg.2016.2598469"", ""10.1109/tvcg.2017.2745118"", ""10.1109/tvcg.2018.2864905""]"
I185261750,I4210141030,3,"[""10.1109/tvcg.2015.2467733"", ""10.1109/tvcg.2017.2745118"", ""10.1109/tvcg.2018.2864905""]"
I185261750,I98677209,3,"[""10.1109/tvcg.2020.3030433"", ""10.1109/tvcg.2021.3114849"", ""10.1109/tvcg.2024.3456192""]"
I185443292,I59553526,3,"[""10.1109/tvcg.2008.134"", ""10.1109/tvcg.2009.159"", ""10.1109/tvcg.2011.171""]"
I189712700,I2801851002,3,"[""10.1109/tvcg.2015.2467759"", ""10.1109/vast.2018.8802486"", ""10.1109/vast47406.2019.8986940""]"
I195893171,I4210109712,3,"[""10.1109/tvcg.2008.163"", ""10.1109/visual.2005.1532842"", ""10.1109/visual.2005.1532851""]"
I19820366,I4210128818,3,"[""10.1109/tvcg.2016.2598472"", ""10.1109/tvcg.2021.3114789"", ""10.1109/tvcg.2023.3326932""]"
I19820366,I99065089,3,"[""10.1109/tvcg.2021.3114789"", ""10.1109/tvcg.2023.3326932"", ""10.1109/vast.2015.7347632""]"
I200769079,I2801851002,3,"[""10.1109/tvcg.2022.3209386"", ""10.1109/tvcg.2022.3209408"", ""10.1109/tvcg.2023.3327170""]"
I200769079,I4210120115,3,"[""10.1109/tvcg.2017.2745083"", ""10.1109/tvcg.2018.2865018"", ""10.1109/tvcg.2019.2934267""]"
I200769079,I45928872,3,"[""10.1109/tvcg.2022.3209385"", ""10.1109/tvcg.2022.3209447"", ""10.1109/tvcg.2022.3209468""]"
I200769079,I99065089,3,"[""10.1109/tvcg.2020.3030471"", ""10.1109/tvcg.2022.3209360"", ""10.1109/tvcg.2023.3326586""]"
I200870766,I59553526,3,"[""10.1109/tvcg.2018.2865026"", ""10.1109/tvcg.2020.3030384"", ""10.1109/visual.2001.964552""]"
I20231570,I24943067,3,"[""10.1109/tvcg.2013.228"", ""10.1109/tvcg.2020.3030411"", ""10.1109/tvcg.2023.3326908""]"
I204337017,I66946132,3,"[""10.1109/tvcg.2018.2865144"", ""10.1109/tvcg.2023.3326594"", ""10.1109/tvcg.2023.3326937""]"
I219193219,I76130692,3,"[""10.1109/tvcg.2009.203"", ""10.1109/tvcg.2014.2346911"", ""10.1109/vast.2016.7883514""]"
I223532165,I2613432,3,"[""10.1109/tvcg.2019.2934802"", ""10.1109/tvcg.2023.3326592"", ""10.1109/tvcg.2024.3456359""]"
I223532165,I4210158342,3,"[""10.1109/scivis.2015.7429492"", ""10.1109/tvcg.2016.2599041"", ""10.1109/tvcg.2018.2864850""]"
I223822909,I39586589,3,"[""10.1109/tvcg.2010.132"", ""10.1109/tvcg.2010.150"", ""10.1109/tvcg.2020.3030437""]"
I2250653659,I889458895,3,"[""10.1109/tvcg.2022.3209463"", ""10.1109/tvcg.2023.3326943"", ""10.1109/vast.2018.8802454""]"
I25112270,I39422238,3,"[""10.1109/tvcg.2022.3209474"", ""10.1109/tvcg.2023.3326598"", ""10.1109/tvcg.2024.3456353""]"
I277688954,I4210144804,3,"[""10.1109/tvcg.2019.2934807"", ""10.1109/tvcg.2020.3030476"", ""10.1109/tvcg.2021.3114805""]"
I2800289517,I926574661,3,"[""10.1109/tvcg.2008.116"", ""10.1109/tvcg.2009.197"", ""10.1109/tvcg.2020.3028955""]"
I2801851002,I48566637,3,"[""10.1109/tvcg.2012.240"", ""10.1109/tvcg.2014.2346322"", ""10.1109/tvcg.2018.2865152""]"
I2801851002,I71920554,3,"[""10.1109/tvcg.2012.240"", ""10.1109/tvcg.2018.2864847"", ""10.1109/tvcg.2020.3030454""]"
I2801851002,I889458895,3,"[""10.1109/tvcg.2022.3209386"", ""10.1109/tvcg.2022.3209408"", ""10.1109/tvcg.2023.3327170""]"
I2802928900,I98358874,3,"[""10.1109/tvcg.2006.158"", ""10.1109/visual.2003.1250397"", ""10.1109/visual.2005.1532778""]"
I28777354,I55732556,3,"[""10.1109/tvcg.2012.264"", ""10.1109/vast.2012.6400491"", ""10.1109/vast.2012.6400557""]"
I3019415892,I84218800,3,"[""10.1109/tvcg.2007.70575"", ""10.1109/tvcg.2007.70579"", ""10.1109/tvcg.2012.283""]"
I3132238960,I84218800,3,"[""10.1109/tvcg.2007.70519"", ""10.1109/tvcg.2007.70543"", ""10.1109/tvcg.2007.70603""]"
I35440088,I859038795,3,"[""10.1109/tvcg.2022.3209353"", ""10.1109/tvcg.2023.3326568"", ""10.1109/visual.2004.128""]"
I38877650,I4210123185,3,"[""10.1109/tvcg.2020.3030458"", ""10.1109/tvcg.2021.3114875"", ""10.1109/tvcg.2022.3209470""]"
I39555362,I40120149,3,"[""10.1109/tvcg.2021.3114828"", ""10.1109/tvcg.2022.3209448"", ""10.1109/tvcg.2022.3209464""]"
I39555362,I7882870,3,"[""10.1109/tvcg.2021.3114828"", ""10.1109/tvcg.2022.3209448"", ""10.1109/tvcg.2022.3209464""]"
I40120149,I7882870,3,"[""10.1109/tvcg.2021.3114828"", ""10.1109/tvcg.2022.3209448"", ""10.1109/tvcg.2022.3209464""]"
I4210120115,I889458895,3,"[""10.1109/tvcg.2017.2745083"", ""10.1109/tvcg.2018.2865018"", ""10.1109/tvcg.2019.2934267""]"
I4210120115,I889804353,3,"[""10.1109/tvcg.2020.3030350"", ""10.1109/tvcg.2021.3114855"", ""10.1109/tvcg.2022.3209466""]"
I4210135837,I4210151352,3,"[""10.1109/visual.1998.745336"", ""10.1109/visual.2001.964548"", ""10.1109/visual.2001.964564""]"
I4210145761,I76130692,3,"[""10.1109/scivis.2015.7429488"", ""10.1109/tvcg.2020.3030393"", ""10.1109/tvcg.2020.3030410""]"
I4210163771,I97018004,3,"[""10.1109/tvcg.2007.70594"", ""10.1109/tvcg.2017.2744684"", ""10.1109/tvcg.2023.3327150""]"
I4210164937,I56590836,3,"[""10.1109/tvcg.2018.2865191"", ""10.1109/tvcg.2020.3030423"", ""10.1109/tvcg.2020.3030435""]"
I4391767926,I59105498,3,"[""10.1109/tvcg.2007.70600"", ""10.1109/tvcg.2009.158"", ""10.1109/tvcg.2009.173""]"
I45928872,I69356397,3,"[""10.1109/tvcg.2021.3114781"", ""10.1109/tvcg.2021.3114878"", ""10.1109/tvcg.2022.3209447""]"
I45928872,I889458895,3,"[""10.1109/tvcg.2022.3209385"", ""10.1109/tvcg.2022.3209447"", ""10.1109/tvcg.2022.3209468""]"
I52357470,I99041443,3,"[""10.1109/tvcg.2008.183"", ""10.1109/visual.2000.885691"", ""10.1109/visual.2004.94""]"
I55712492,I76130692,3,"[""10.1109/tvcg.2022.3209385"", ""10.1109/tvcg.2022.3209470"", ""10.1109/vast.2014.7042486""]"
I76130692,I98677209,3,"[""10.1109/tvcg.2020.3028948"", ""10.1109/tvcg.2020.3030396"", ""10.1109/tvcg.2024.3456192""]"
I83019370,I887064364,3,"[""10.1109/tvcg.2019.2934289"", ""10.1109/tvcg.2020.3030383"", ""10.1109/visual.1998.745323""]"
I889458895,I99065089,3,"[""10.1109/tvcg.2020.3030471"", ""10.1109/tvcg.2022.3209360"", ""10.1109/tvcg.2023.3326586""]"
I95793202,I98358874,3,"[""10.1109/tvcg.2015.2467435"", ""10.1109/tvcg.2015.2467961"", ""10.1109/tvcg.2015.2468291""]"
I100066346,I103163165,2,"[""10.1109/visual.2003.1250361"", ""10.1109/visual.2005.1532852""]"
I100066346,I116953780,2,"[""10.1109/tvcg.2020.3030465"", ""10.1109/tvcg.2024.3456346""]"
I100066346,I1283220839,2,"[""10.1109/tvcg.2016.2598695"", ""10.1109/tvcg.2022.3209437""]"
I100066346,I129774422,2,"[""10.1109/tvcg.2016.2598495"", ""10.1109/visual.2002.1183812""]"
I100066346,I1343190059,2,"[""10.1109/visual.2002.1183812"", ""10.1109/visual.2004.59""]"
I100066346,I170658231,2,"[""10.1109/tvcg.2012.222"", ""10.1109/vast.2012.6400492""]"
I100066346,I177725633,2,"[""10.1109/tvcg.2018.2864911"", ""10.1109/tvcg.2018.2864912""]"
I100066346,I4092182,2,"[""10.1109/tvcg.2021.3114797"", ""10.1109/tvcg.2023.3327398""]"
I100066346,I4210112998,2,"[""10.1109/tvcg.2010.196"", ""10.1109/tvcg.2020.3030467""]"
I100066346,I55732556,2,"[""10.1109/vast.2012.6400557"", ""10.1109/vast.2014.7042495""]"
I100066346,I71920554,2,"[""10.1109/tvcg.2017.2743979"", ""10.1109/tvcg.2021.3114788""]"
I100066346,I76130692,2,"[""10.1109/tvcg.2020.3030467"", ""10.1109/tvcg.2021.3114800""]"
I100296615,I154099455,2,"[""10.1109/tvcg.2019.2934783"", ""10.1109/tvcg.2019.2934805""]"
I100296615,I177725633,2,"[""10.1109/tvcg.2019.2934783"", ""10.1109/tvcg.2019.2934805""]"
I102134673,I1338124936,2,"[""10.1109/tvcg.2017.2743958"", ""10.1109/tvcg.2019.2934259""]"
I102134673,I4210104972,2,"[""10.1109/infvis.2005.1532138"", ""10.1109/tvcg.2015.2466992""]"
I102134673,I57206974,2,"[""10.1109/tvcg.2017.2743958"", ""10.1109/tvcg.2019.2934259""]"
I102149020,I107077323,2,"[""10.1109/tvcg.2006.161"", ""10.1109/vast.2006.261425""]"
I102149020,I142606810,2,"[""10.1109/tvcg.2014.2346575"", ""10.1109/vast.2017.8585658""]"
I102149020,I184597095,2,"[""10.1109/vast.2006.261433"", ""10.1109/vast.2007.4389003""]"
I102149020,I219193219,2,"[""10.1109/tvcg.2014.2346575"", ""10.1109/tvcg.2014.2346911""]"
I102197404,I12356871,2,"[""10.1109/tvcg.2014.2346984"", ""10.1109/tvcg.2015.2467201""]"
I102197404,I1290206253,2,"[""10.1109/tvcg.2018.2865142"", ""10.1109/tvcg.2018.2865234""]"
I102197404,I189712700,2,"[""10.1109/tvcg.2014.2346426"", ""10.1109/tvcg.2016.2598467""]"
I102197404,I277688954,2,"[""10.1109/tvcg.2013.134"", ""10.1109/tvcg.2016.2599217""]"
I102197404,I39804081,2,"[""10.1109/tvcg.2017.2744298"", ""10.1109/tvcg.2018.2865233""]"
I102197404,I4210150358,2,"[""10.1109/tvcg.2017.2744298"", ""10.1109/tvcg.2018.2865233""]"
I102197404,I4210161634,2,"[""10.1109/tvcg.2015.2467851"", ""10.1109/tvcg.2016.2598467""]"
I102197404,I4210166784,2,"[""10.1109/tvcg.2014.2346984"", ""10.1109/tvcg.2015.2467201""]"
I102502594,I1282105669,2,"[""10.1109/scivis.2015.7429492"", ""10.1109/vast.2017.8585646""]"
I103531236,I136199984,2,"[""10.1109/tvcg.2021.3114802"", ""10.1109/tvcg.2023.3327388""]"
I104914703,I4210101743,2,"[""10.1109/infvis.2003.1249011"", ""10.1109/infvis.2004.47""]"
I107077323,I111979921,2,"[""10.1109/tvcg.2023.3327165"", ""10.1109/tvcg.2024.3456309""]"
I107077323,I131221577,2,"[""10.1109/tvcg.2016.2599058"", ""10.1109/tvcg.2018.2865117""]"
I107639228,I1282105669,2,"[""10.1109/tvcg.2015.2468031"", ""10.1109/tvcg.2018.2864808""]"
I107639228,I52357470,2,"[""10.1109/tvcg.2015.2468031"", ""10.1109/tvcg.2018.2864808""]"
I111979921,I130701444,2,"[""10.1109/tvcg.2021.3114820"", ""10.1109/tvcg.2024.3456405""]"
I111979921,I135310074,2,"[""10.1109/tvcg.2013.183"", ""10.1109/tvcg.2022.3209405""]"
I111979921,I24603500,2,"[""10.1109/tvcg.2021.3114823"", ""10.1109/tvcg.2022.3209405""]"
I111979921,I2800444561,2,"[""10.1109/tvcg.2021.3114820"", ""10.1109/tvcg.2024.3456405""]"
I111979921,I39422238,2,"[""10.1109/infvis.2005.1532142"", ""10.1109/tvcg.2010.197""]"
I111979921,I40347166,2,"[""10.1109/tvcg.2023.3326516"", ""10.1109/tvcg.2024.3456402""]"
I114027177,I1341412227,2,"[""10.1109/tvcg.2014.2346574"", ""10.1109/tvcg.2014.2346682""]"
I114027177,I137902535,2,"[""10.1109/visual.2002.1183759"", ""10.1109/visual.2005.1532829""]"
I114027177,I141945490,2,"[""10.1109/visual.2001.964499"", ""10.1109/visual.2004.96""]"
I114027177,I188538660,2,"[""10.1109/tvcg.2022.3209442"", ""10.1109/tvcg.2023.3327198""]"
I114027177,I223532165,2,"[""10.1109/tvcg.2023.3327201"", ""10.1109/tvcg.2024.3456359""]"
I114027177,I66867065,2,"[""10.1109/tvcg.2017.2745320"", ""10.1109/tvcg.2018.2864885""]"
I114027177,I8087733,2,"[""10.1109/visual.2001.964504"", ""10.1109/visual.2003.1250408""]"
I114027177,I8692664,2,"[""10.1109/tvcg.2024.3456359"", ""10.1109/tvcg.2024.3456385""]"
I114832834,I23732399,2,"[""10.1109/tvcg.2021.3114872"", ""10.1109/tvcg.2024.3456395""]"
I116953780,I1343180700,2,"[""10.1109/tvcg.2020.3030403"", ""10.1109/tvcg.2021.3114779""]"
I116953780,I24943067,2,"[""10.1109/tvcg.2022.3209461"", ""10.1109/tvcg.2023.3327385""]"
I116953780,I66867065,2,"[""10.1109/tvcg.2017.2745320"", ""10.1109/tvcg.2018.2864885""]"
I118353179,I130701444,2,"[""10.1109/tvcg.2016.2598839"", ""10.1109/tvcg.2017.2745078""]"
I121883995,I1283582996,2,"[""10.1109/tvcg.2013.154"", ""10.1109/tvcg.2014.2346752""]"
I121883995,I136199984,2,"[""10.1109/tvcg.2013.173"", ""10.1109/tvcg.2014.2346260""]"
I121883995,I223532165,2,"[""10.1109/tvcg.2018.2865149"", ""10.1109/tvcg.2024.3456186""]"
I121883995,I4092182,2,"[""10.1109/tvcg.2013.154"", ""10.1109/tvcg.2014.2346752""]"
I121883995,I4400600974,2,"[""10.1109/tvcg.2013.154"", ""10.1109/tvcg.2014.2346752""]"
I121934306,I135310074,2,"[""10.1109/tvcg.2020.3030443"", ""10.1109/tvcg.2024.3456305""]"
I121934306,I66946132,2,"[""10.1109/tvcg.2019.2934556"", ""10.1109/tvcg.2020.3030372""]"
I121934306,I78577930,2,"[""10.1109/tvcg.2018.2865264"", ""10.1109/tvcg.2021.3114796""]"
I122991210,I2800759272,2,"[""10.1109/visual.2003.1250366"", ""10.1109/visual.2005.1532797""]"
I123431417,I21449261,2,"[""10.1109/tvcg.2017.2744258"", ""10.1109/tvcg.2018.2864491""]"
I12356871,I168635309,2,"[""10.1109/tvcg.2017.2745958"", ""10.1109/tvcg.2019.2934790""]"
I12356871,I180825142,2,"[""10.1109/tvcg.2017.2745958"", ""10.1109/tvcg.2019.2934790""]"
I12356871,I4210166784,2,"[""10.1109/tvcg.2014.2346984"", ""10.1109/tvcg.2015.2467201""]"
I126307644,I1343551460,2,"[""10.1109/tvcg.2019.2934546"", ""10.1109/tvcg.2023.3326939""]"
I1280536761,I4210135837,2,"[""10.1109/visual.1998.745336"", ""10.1109/visual.2001.964564""]"
I1280536761,I4210151352,2,"[""10.1109/visual.1998.745336"", ""10.1109/visual.2001.964564""]"
I1282105669,I1282311441,2,"[""10.1109/tvcg.2012.287"", ""10.1109/tvcg.2015.2467432""]"
I1282105669,I130828816,2,"[""10.1109/tvcg.2012.287"", ""10.1109/tvcg.2016.2599040""]"
I1282105669,I4210158342,2,"[""10.1109/scivis.2015.7429492"", ""10.1109/tvcg.2016.2599041""]"
I1282105669,I55769427,2,"[""10.1109/tvcg.2024.3456182"", ""10.1109/vast.2017.8585646""]"
I1282311441,I1343871089,2,"[""10.1109/tvcg.2011.162"", ""10.1109/visual.1997.663860""]"
I1282311441,I145311948,2,"[""10.1109/tvcg.2007.70587"", ""10.1109/tvcg.2007.70595""]"
I1282311441,I170897317,2,"[""10.1109/visual.2003.1250365"", ""10.1109/visual.2004.68""]"
I1283103587,I138006243,2,"[""10.1109/tvcg.2014.2346325"", ""10.1109/vast.2015.7347627""]"
I1283103587,I4210114115,2,"[""10.1109/visual.1991.175786"", ""10.1109/visual.1999.809870""]"
I1283382300,I181369854,2,"[""10.1109/visual.1997.663928"", ""10.1109/visual.1999.809918""]"
I1283582996,I2801851002,2,"[""10.1109/tvcg.2013.154"", ""10.1109/tvcg.2014.2346752""]"
I1283582996,I4092182,2,"[""10.1109/tvcg.2013.154"", ""10.1109/tvcg.2014.2346752""]"
I1283582996,I4400600974,2,"[""10.1109/tvcg.2013.154"", ""10.1109/tvcg.2014.2346752""]"
I1286353243,I1326498283,2,"[""10.1109/tvcg.2017.2745118"", ""10.1109/tvcg.2021.3114844""]"
I1286353243,I185261750,2,"[""10.1109/tvcg.2016.2598469"", ""10.1109/tvcg.2017.2745118""]"
I1286353243,I200769079,2,"[""10.1109/tvcg.2015.2468151"", ""10.1109/tvcg.2016.2598444""]"
I1286353243,I2801317318,2,"[""10.1109/tvcg.2016.2598469"", ""10.1109/tvcg.2017.2745118""]"
I1286353243,I889458895,2,"[""10.1109/tvcg.2015.2468151"", ""10.1109/tvcg.2016.2598444""]"
I1289243028,I33213144,2,"[""10.1109/tvcg.2018.2865029"", ""10.1109/tvcg.2022.3209495""]"
I1290206253,I139264467,2,"[""10.1109/tvcg.2009.146"", ""10.1109/tvcg.2010.175""]"
I1290206253,I154099455,2,"[""10.1109/tvcg.2022.3209450"", ""10.1109/tvcg.2023.3327354""]"
I1290206253,I200769079,2,"[""10.1109/tvcg.2012.291"", ""10.1109/tvcg.2021.3114826""]"
I1290206253,I2801239119,2,"[""10.1109/tvcg.2008.130"", ""10.1109/tvcg.2013.151""]"
I1290206253,I4210164937,2,"[""10.1109/tvcg.2010.222"", ""10.1109/tvcg.2011.186""]"
I12912129,I156087764,2,"[""10.1109/tvcg.2022.3209443"", ""10.1109/tvcg.2022.3209457""]"
I12912129,I2802999273,2,"[""10.1109/tvcg.2020.3030434"", ""10.1109/tvcg.2022.3209443""]"
I12912129,I55732556,2,"[""10.1109/tvcg.2023.3326919"", ""10.1109/tvcg.2024.3456344""]"
I1291425158,I130701444,2,"[""10.1109/tvcg.2012.224"", ""10.1109/tvcg.2018.2864500""]"
I1291425158,I141945490,2,"[""10.1109/tvcg.2015.2467195"", ""10.1109/vast.2007.4389008""]"
I1291425158,I201448701,2,"[""10.1109/tvcg.2007.70617"", ""10.1109/tvcg.2017.2744878""]"
I1291425158,I97018004,2,"[""10.1109/infvis.2003.1249007"", ""10.1109/tvcg.2007.70617""]"
I1292875679,I56590836,2,"[""10.1109/tvcg.2016.2598885"", ""10.1109/tvcg.2018.2865192""]"
I1294671590,I15057530,2,"[""10.1109/tvcg.2023.3326596"", ""10.1109/tvcg.2023.3327402""]"
I1294671590,I153267046,2,"[""10.1109/tvcg.2020.3030353"", ""10.1109/tvcg.2023.3326601""]"
I1294671590,I223532165,2,"[""10.1109/tvcg.2012.228"", ""10.1109/tvcg.2014.2346434""]"
I1294671590,I4210126360,2,"[""10.1109/tvcg.2024.3456319"", ""10.1109/tvcg.2024.3456335""]"
I1294671590,I4210142254,2,"[""10.1109/tvcg.2023.3326596"", ""10.1109/tvcg.2023.3327402""]"
I1294671590,I4210159731,2,"[""10.1109/tvcg.2018.2864432"", ""10.1109/tvcg.2019.2934256""]"
I1294671590,I4210160189,2,"[""10.1109/tvcg.2023.3326596"", ""10.1109/tvcg.2023.3327402""]"
I1294671590,I66946132,2,"[""10.1109/tvcg.2022.3209487"", ""10.1109/tvcg.2023.3327369""]"
I1295339012,I1327163397,2,"[""10.1109/visual.2001.964517"", ""10.1109/visual.2002.1183775""]"
I1295339012,I4210108985,2,"[""10.1109/visual.1993.398895"", ""10.1109/visual.1995.485150""]"
I1295339012,I59553526,2,"[""10.1109/visual.2001.964517"", ""10.1109/visual.2002.1183775""]"
I129604602,I42894916,2,"[""10.1109/tvcg.2009.120"", ""10.1109/tvcg.2017.2744418""]"
I129774422,I138211613,2,"[""10.1109/visual.2002.1183812"", ""10.1109/visual.2004.72""]"
I129774422,I154099455,2,"[""10.1109/tvcg.2017.2745859"", ""10.1109/tvcg.2017.2745919""]"
I129774422,I79272384,2,"[""10.1109/tvcg.2013.126"", ""10.1109/tvcg.2016.2598827""]"
I130238516,I1343871089,2,"[""10.1109/tvcg.2018.2865051"", ""10.1109/tvcg.2019.2934260""]"
I130238516,I2800403580,2,"[""10.1109/tvcg.2015.2467153"", ""10.1109/tvcg.2019.2934260""]"
I130238516,I4210135252,2,"[""10.1109/visual.1995.480794"", ""10.1109/visual.1996.567796""]"
I1306266525,I194028371,2,"[""10.1109/visual.1996.568109"", ""10.1109/visual.1999.809882""]"
I1306409833,I136199984,2,"[""10.1109/tvcg.2016.2598620"", ""10.1109/tvcg.2023.3327161""]"
I1306409833,I4210163771,2,"[""10.1109/tvcg.2021.3114823"", ""10.1109/tvcg.2022.3209456""]"
I1306409833,I63966007,2,"[""10.1109/tvcg.2019.2934281"", ""10.1109/tvcg.2021.3114836""]"
I1306409833,I66946132,2,"[""10.1109/tvcg.2018.2865119"", ""10.1109/tvcg.2021.3114814""]"
I130701444,I150468666,2,"[""10.1109/tvcg.2021.3114820"", ""10.1109/tvcg.2021.3114862""]"
I130701444,I164956901,2,"[""10.1109/tvcg.2018.2864526"", ""10.1109/vast.2018.8802415""]"
I130701444,I197347611,2,"[""10.1109/tvcg.2016.2598446"", ""10.1109/tvcg.2018.2865027""]"
I130701444,I200769079,2,"[""10.1109/tvcg.2019.2934656"", ""10.1109/tvcg.2024.3456210""]"
I130701444,I201448701,2,"[""10.1109/tvcg.2019.2934281"", ""10.1109/tvcg.2024.3456378""]"
I130701444,I87182695,2,"[""10.1109/tvcg.2020.3030366"", ""10.1109/tvcg.2020.3030442""]"
I130701444,I889458895,2,"[""10.1109/tvcg.2019.2934656"", ""10.1109/tvcg.2024.3456210""]"
I130769515,I139660479,2,"[""10.1109/tvcg.2018.2865139"", ""10.1109/vast50239.2020.00015""]"
I130769515,I76130692,2,"[""10.1109/tvcg.2018.2865139"", ""10.1109/vast50239.2020.00015""]"
I130828816,I223532165,2,"[""10.1109/tvcg.2016.2599040"", ""10.1109/tvcg.2024.3456322""]"
I131249849,I39586589,2,"[""10.1109/tvcg.2011.170"", ""10.1109/tvcg.2019.2934314""]"
I132118926,I145847075,2,"[""10.1109/tvcg.2014.2346626"", ""10.1109/tvcg.2017.2743981""]"
I1326498283,I137902535,2,"[""10.1109/tvcg.2010.159"", ""10.1109/visual.2002.1183768""]"
I1326498283,I169381384,2,"[""10.1109/tvcg.2012.205"", ""10.1109/tvcg.2015.2467202""]"
I1326498283,I216852786,2,"[""10.1109/tvcg.2010.159"", ""10.1109/tvcg.2011.160""]"
I1326498283,I4210161634,2,"[""10.1109/tvcg.2015.2467851"", ""10.1109/tvcg.2016.2598467""]"
I1327163397,I2948394018,2,"[""10.1109/visual.1990.146379"", ""10.1109/visual.1992.235191""]"
I1329219376,I66946132,2,"[""10.1109/tvcg.2021.3114829"", ""10.1109/tvcg.2023.3326937""]"
I1329325741,I145847075,2,"[""10.1109/tvcg.2007.70550"", ""10.1109/tvcg.2008.180""]"
I1338124936,I223532165,2,"[""10.1109/tvcg.2019.2934259"", ""10.1109/tvcg.2020.3030333""]"
I1341412227,I200769079,2,"[""10.1109/tvcg.2010.154"", ""10.1109/vast.2011.6102458""]"
I1341412227,I889458895,2,"[""10.1109/tvcg.2010.154"", ""10.1109/vast.2011.6102458""]"
I1341640284,I2802259095,2,"[""10.1109/visual.1993.398859"", ""10.1109/visual.1995.485143""]"
I1343190059,I4210098606,2,"[""10.1109/tvcg.2008.147"", ""10.1109/tvcg.2009.115""]"
I1343190059,I4210099236,2,"[""10.1109/tvcg.2015.2467331"", ""10.1109/tvcg.2019.2934612""]"
I1343190059,I4210136249,2,"[""10.1109/tvcg.2014.2346321"", ""10.1109/vast.2016.7883516""]"
I1343190059,I4210138551,2,"[""10.1109/tvcg.2007.70569"", ""10.1109/tvcg.2011.217""]"
I1343190059,I98358874,2,"[""10.1109/tvcg.2019.2934658"", ""10.1109/tvcg.2020.3030409""]"
I1343551460,I39422238,2,"[""10.1109/tvcg.2019.2934546"", ""10.1109/tvcg.2023.3326939""]"
I1343871089,I52357470,2,"[""10.1109/tvcg.2017.2744099"", ""10.1109/tvcg.2022.3209413""]"
I1343871089,I86519309,2,"[""10.1109/tvcg.2017.2743978"", ""10.1109/tvcg.2019.2934260""]"
I1343871089,I926574661,2,"[""10.1109/tvcg.2011.162"", ""10.1109/tvcg.2020.3028955""]"
I134560555,I169381384,2,"[""10.1109/tvcg.2011.223"", ""10.1109/tvcg.2011.233""]"
I135191193,I55769427,2,"[""10.1109/tvcg.2020.3030439"", ""10.1109/visual.1996.567609""]"
I135310074,I95457486,2,"[""10.1109/tvcg.2021.3114780"", ""10.1109/tvcg.2022.3209405""]"
I136199984,I141945490,2,"[""10.1109/tvcg.2010.137"", ""10.1109/tvcg.2015.2467732""]"
I136199984,I205783295,2,"[""10.1109/tvcg.2016.2598620"", ""10.1109/tvcg.2021.3114845""]"
I136199984,I4210155419,2,"[""10.1109/tvcg.2019.2934547"", ""10.1109/tvcg.2021.3114786""]"
I136199984,I56590836,2,"[""10.1109/tvcg.2020.3030427"", ""10.1109/tvcg.2020.3030459""]"
I136199984,I59553526,2,"[""10.1109/tvcg.2018.2864852"", ""10.1109/visual.2004.75""]"
I136199984,I63966007,2,"[""10.1109/tvcg.2013.234"", ""10.1109/tvcg.2015.2467732""]"
I136199984,I83019370,2,"[""10.1109/tvcg.2024.3456298"", ""10.1109/tvcg.2024.3456598""]"
I136199984,I98677209,2,"[""10.1109/tvcg.2019.2934555"", ""10.1109/tvcg.2020.3028948""]"
I138006243,I3017942884,2,"[""10.1109/tvcg.2024.3456345"", ""10.1109/tvcg.2024.3456355""]"
I138006243,I40347166,2,"[""10.1109/tvcg.2014.2346325"", ""10.1109/tvcg.2018.2864907""]"
I138006243,I4389425457,2,"[""10.1109/tvcg.2024.3456345"", ""10.1109/tvcg.2024.3456355""]"
I138211613,I4210137306,2,"[""10.1109/visual.2004.104"", ""10.1109/visual.2004.72""]"
I138211613,I76134821,2,"[""10.1109/vast.2012.6400555"", ""10.1109/visual.2004.104""]"
I138285227,I141945490,2,"[""10.1109/tvcg.2007.70583"", ""10.1109/tvcg.2008.117""]"
I139264467,I141371507,2,"[""10.1109/tvcg.2016.2598796"", ""10.1109/tvcg.2020.3030414""]"
I139264467,I2803058125,2,"[""10.1109/tvcg.2014.2346454"", ""10.1109/tvcg.2024.3456215""]"
I139264467,I848706,2,"[""10.1109/tvcg.2020.3030419"", ""10.1109/tvcg.2021.3114833""]"
I139660479,I179026463,2,"[""10.1109/tvcg.2018.2865020"", ""10.1109/tvcg.2019.2934655""]"
I139660479,I79510175,2,"[""10.1109/tvcg.2022.3209423"", ""10.1109/vast47406.2019.8986943""]"
I141371507,I83436808,2,"[""10.1109/tvcg.2016.2598796"", ""10.1109/tvcg.2020.3030414""]"
I141945490,I18014758,2,"[""10.1109/vast.2010.5652392"", ""10.1109/visual.2001.964499""]"
I141945490,I219193219,2,"[""10.1109/tvcg.2015.2467195"", ""10.1109/tvcg.2015.2467555""]"
I141945490,I2801851002,2,"[""10.1109/tvcg.2009.167"", ""10.1109/tvcg.2010.137""]"
I141945490,I8204097,2,"[""10.1109/tvcg.2012.255"", ""10.1109/tvcg.2015.2467531""]"
I143288331,I4092182,2,"[""10.1109/tvcg.2023.3326569"", ""10.1109/tvcg.2024.3456308""]"
I143302722,I223532165,2,"[""10.1109/tvcg.2023.3326920"", ""10.1109/tvcg.2024.3456337""]"
I143302722,I52357470,2,"[""10.1109/tvcg.2023.3326920"", ""10.1109/tvcg.2024.3456337""]"
I145847075,I183935753,2,"[""10.1109/tvcg.2008.180"", ""10.1109/tvcg.2011.215""]"
I145847075,I25485817,2,"[""10.1109/tvcg.2017.2745298"", ""10.1109/vast.2017.8585498""]"
I145847075,I4210122765,2,"[""10.1109/tvcg.2013.215"", ""10.1109/vast.2012.6400555""]"
I145847075,I4210137306,2,"[""10.1109/visual.2004.104"", ""10.1109/visual.2004.72""]"
I145847075,I4210164942,2,"[""10.1109/tvcg.2017.2744518"", ""10.1109/tvcg.2018.2864491""]"
I145847075,I859038795,2,"[""10.1109/tvcg.2014.2346744"", ""10.1109/tvcg.2019.2934784""]"
I145847075,I98358874,2,"[""10.1109/tvcg.2019.2934658"", ""10.1109/tvcg.2020.3030409""]"
I145872427,I2801238018,2,"[""10.1109/tvcg.2018.2865043"", ""10.1109/visual.2005.1532847""]"
I145872427,I83019370,2,"[""10.1109/tvcg.2018.2865043"", ""10.1109/visual.2005.1532847""]"
I149899117,I926574661,2,"[""10.1109/tvcg.2009.197"", ""10.1109/tvcg.2010.166""]"
I15057530,I4210142254,2,"[""10.1109/tvcg.2023.3326596"", ""10.1109/tvcg.2023.3327402""]"
I15057530,I4210160189,2,"[""10.1109/tvcg.2023.3326596"", ""10.1109/tvcg.2023.3327402""]"
I151746483,I155173764,2,"[""10.1109/tvcg.2019.2934797"", ""10.1109/tvcg.2021.3114822""]"
I151746483,I84218800,2,"[""10.1109/tvcg.2021.3114807"", ""10.1109/vast50239.2020.00010""]"
I153267046,I195893171,2,"[""10.1109/tvcg.2007.70579"", ""10.1109/tvcg.2011.159""]"
I153267046,I39804081,2,"[""10.1109/tvcg.2020.3030353"", ""10.1109/tvcg.2023.3326601""]"
I153267046,I926574661,2,"[""10.1109/visual.2004.107"", ""10.1109/visual.2004.113""]"
I154099455,I38877650,2,"[""10.1109/tvcg.2021.3114865"", ""10.1109/tvcg.2022.3209371""]"
I154099455,I4210108629,2,"[""10.1109/tvcg.2021.3114761"", ""10.1109/tvcg.2021.3114880""]"
I154099455,I848706,2,"[""10.1109/tvcg.2021.3114765"", ""10.1109/tvcg.2022.3209450""]"
I156087764,I223532165,2,"[""10.1109/tvcg.2019.2934286"", ""10.1109/tvcg.2021.3114803""]"
I157485424,I60922564,2,"[""10.1109/tvcg.2020.3030380"", ""10.1109/tvcg.2022.3209462""]"
I157725225,I161127581,2,"[""10.1109/tvcg.2023.3326514"", ""10.1109/tvcg.2024.3456353""]"
I157725225,I95457486,2,"[""10.1109/tvcg.2019.2934666"", ""10.1109/tvcg.2024.3456353""]"
I157773358,I4210106122,2,"[""10.1109/tvcg.2022.3209453"", ""10.1109/tvcg.2023.3326575""]"
I159176309,I4210108711,2,"[""10.1109/visual.1992.235218"", ""10.1109/visual.1998.745311""]"
I161127581,I63966007,2,"[""10.1109/tvcg.2023.3326598"", ""10.1109/tvcg.2024.3456353""]"
I162868743,I20231570,2,"[""10.1109/tvcg.2015.2467619"", ""10.1109/tvcg.2020.3030411""]"
I162868743,I2800287464,2,"[""10.1109/tvcg.2019.2934667"", ""10.1109/tvcg.2021.3114793""]"
I165779595,I2801239119,2,"[""10.1109/tvcg.2008.130"", ""10.1109/tvcg.2015.2467251""]"
I165932596,I76130692,2,"[""10.1109/tvcg.2017.2744098"", ""10.1109/tvcg.2019.2934657""]"
I168635309,I39470171,2,"[""10.1109/tvcg.2016.2598586"", ""10.1109/tvcg.2019.2934790""]"
I168635309,I4210165912,2,"[""10.1109/tvcg.2017.2745958"", ""10.1109/tvcg.2019.2934790""]"
I168719708,I172675005,2,"[""10.1109/tvcg.2013.221"", ""10.1109/tvcg.2014.2346919""]"
I169381384,I3131550300,2,"[""10.1109/tvcg.2011.223"", ""10.1109/tvcg.2011.233""]"
I169381384,I4210119061,2,"[""10.1109/tvcg.2011.223"", ""10.1109/tvcg.2011.233""]"
I169381384,I4210152422,2,"[""10.1109/tvcg.2011.223"", ""10.1109/tvcg.2011.233""]"
I169381384,I4210160189,2,"[""10.1109/tvcg.2011.223"", ""10.1109/tvcg.2011.233""]"
I169521973,I4210104735,2,"[""10.1109/visual.1990.146419"", ""10.1109/visual.1999.809919""]"
I170201317,I74973139,2,"[""10.1109/infvis.1998.729564"", ""10.1109/tvcg.2022.3209403""]"
I170239107,I56590836,2,"[""10.1109/tvcg.2016.2599107"", ""10.1109/tvcg.2019.2934803""]"
I172675005,I4210119109,2,"[""10.1109/tvcg.2008.182"", ""10.1109/tvcg.2009.147""]"
I173911158,I74775410,2,"[""10.1109/tvcg.2010.161"", ""10.1109/tvcg.2011.227""]"
I174306211,I53964585,2,"[""10.1109/infvis.1998.729561"", ""10.1109/visual.1997.663920""]"
I175594653,I27804330,2,"[""10.1109/tvcg.2014.2346983"", ""10.1109/visual.2001.964560""]"
I175594653,I4210118379,2,"[""10.1109/tvcg.2015.2467613"", ""10.1109/vast.2014.7042482""]"
I176453806,I4092182,2,"[""10.1109/tvcg.2023.3326569"", ""10.1109/tvcg.2024.3456308""]"
I179026463,I76130692,2,"[""10.1109/tvcg.2018.2865020"", ""10.1109/tvcg.2019.2934655""]"
I17974374,I223532165,2,"[""10.1109/tvcg.2009.194"", ""10.1109/tvcg.2010.170""]"
I18014758,I219193219,2,"[""10.1109/vast.2011.6102435"", ""10.1109/visual.2005.1532811""]"
I180726961,I189712700,2,"[""10.1109/tvcg.2019.2934799"", ""10.1109/tvcg.2021.3114874""]"
I180726961,I200769079,2,"[""10.1109/tvcg.2010.183"", ""10.1109/tvcg.2014.2346912""]"
I180726961,I4210113369,2,"[""10.1109/tvcg.2014.2346912"", ""10.1109/tvcg.2023.3327376""]"
I180726961,I67031392,2,"[""10.1109/tvcg.2019.2934799"", ""10.1109/tvcg.2022.3209481""]"
I180726961,I91203450,2,"[""10.1109/tvcg.2019.2934811"", ""10.1109/tvcg.2021.3114874""]"
I180825142,I4210110975,2,"[""10.1109/tvcg.2017.2744322"", ""10.1109/tvcg.2018.2864811""]"
I180825142,I4210165912,2,"[""10.1109/tvcg.2017.2745958"", ""10.1109/tvcg.2019.2934790""]"
I180825142,I4432739,2,"[""10.1109/tvcg.2014.2346265"", ""10.1109/tvcg.2016.2598470""]"
I180825142,I83019370,2,"[""10.1109/tvcg.2014.2346274"", ""10.1109/tvcg.2016.2598619""]"
I180923762,I223532165,2,"[""10.1109/tvcg.2021.3114869"", ""10.1109/tvcg.2023.3327366""]"
I183067930,I4210113369,2,"[""10.1109/tvcg.2013.196"", ""10.1109/tvcg.2013.221""]"
I183935753,I39555362,2,"[""10.1109/tvcg.2021.3114828"", ""10.1109/tvcg.2022.3209464""]"
I183935753,I40120149,2,"[""10.1109/tvcg.2021.3114828"", ""10.1109/tvcg.2022.3209464""]"
I183935753,I7882870,2,"[""10.1109/tvcg.2021.3114828"", ""10.1109/tvcg.2022.3209464""]"
I183935753,I83019370,2,"[""10.1109/tvcg.2008.180"", ""10.1109/tvcg.2011.215""]"
I185261750,I277688954,2,"[""10.1109/tvcg.2023.3326520"", ""10.1109/tvcg.2024.3456336""]"
I185261750,I2800129641,2,"[""10.1109/tvcg.2017.2745118"", ""10.1109/tvcg.2018.2864905""]"
I185261750,I2801862477,2,"[""10.1109/tvcg.2015.2467733"", ""10.1109/tvcg.2024.3456192""]"
I185261750,I39470171,2,"[""10.1109/tvcg.2012.226"", ""10.1109/tvcg.2013.167""]"
I185261750,I4210135397,2,"[""10.1109/infvis.1995.528681"", ""10.1109/visual.1995.480815""]"
I185261750,I45129253,2,"[""10.1109/tvcg.2017.2745118"", ""10.1109/tvcg.2018.2864905""]"
I189712700,I193662353,2,"[""10.1109/tvcg.2021.3114813"", ""10.1109/tvcg.2023.3327402""]"
I189712700,I2799323385,2,"[""10.1109/tvcg.2018.2865049"", ""10.1109/tvcg.2022.3209458""]"
I189712700,I31512782,2,"[""10.1109/tvcg.2017.2744805"", ""10.1109/vast.2011.6102439""]"
I189712700,I35440088,2,"[""10.1109/tvcg.2018.2865049"", ""10.1109/tvcg.2022.3209458""]"
I189712700,I39470171,2,"[""10.1109/tvcg.2017.2745080"", ""10.1109/tvcg.2019.2934654""]"
I189712700,I887968799,2,"[""10.1109/tvcg.2016.2598467"", ""10.1109/vast.2012.6400488""]"
I196349391,I2799803557,2,"[""10.1109/tvcg.2015.2467293"", ""10.1109/tvcg.2016.2598825""]"
I196349391,I9617848,2,"[""10.1109/tvcg.2015.2467293"", ""10.1109/tvcg.2016.2598825""]"
I19820366,I4210165038,2,"[""10.1109/tvcg.2021.3114789"", ""10.1109/tvcg.2023.3326932""]"
I19820366,I79510175,2,"[""10.1109/tvcg.2021.3114789"", ""10.1109/tvcg.2023.3326932""]"
I200166805,I4210122849,2,"[""10.1109/tvcg.2010.153"", ""10.1109/tvcg.2011.215""]"
I200166805,I83019370,2,"[""10.1109/tvcg.2010.153"", ""10.1109/tvcg.2011.215""]"
I200769079,I204512498,2,"[""10.1109/tvcg.2015.2467194"", ""10.1109/tvcg.2016.2598432""]"
I200769079,I205237279,2,"[""10.1109/tvcg.2022.3209391"", ""10.1109/tvcg.2022.3209483""]"
I200769079,I205783295,2,"[""10.1109/tvcg.2023.3327153"", ""10.1109/tvcg.2023.3327197""]"
I200769079,I2250653659,2,"[""10.1109/tvcg.2022.3209463"", ""10.1109/vast.2018.8802454""]"
I200769079,I24943067,2,"[""10.1109/tvcg.2022.3209483"", ""10.1109/tvcg.2023.3326908""]"
I200769079,I26274970,2,"[""10.1109/tvcg.2017.2744080"", ""10.1109/tvcg.2018.2864887""]"
I200769079,I2972652528,2,"[""10.1109/tvcg.2014.2346893"", ""10.1109/tvcg.2017.2744159""]"
I200769079,I30809798,2,"[""10.1109/tvcg.2022.3209440"", ""10.1109/tvcg.2022.3209463""]"
I200769079,I3132238960,2,"[""10.1109/tvcg.2007.70523"", ""10.1109/tvcg.2007.70530""]"
I200769079,I35440088,2,"[""10.1109/tvcg.2014.2346893"", ""10.1109/tvcg.2017.2744159""]"
I200769079,I39586589,2,"[""10.1109/tvcg.2015.2467691"", ""10.1109/tvcg.2016.2598867""]"
I200769079,I40120149,2,"[""10.1109/tvcg.2020.3030449"", ""10.1109/tvcg.2023.3326908""]"
I200769079,I4210091137,2,"[""10.1109/tvcg.2016.2598415"", ""10.1109/vast.2015.7347633""]"
I200769079,I4210123185,2,"[""10.1109/tvcg.2020.3030392"", ""10.1109/tvcg.2022.3209391""]"
I200769079,I4210126794,2,"[""10.1109/tvcg.2010.154"", ""10.1109/tvcg.2010.183""]"
I200769079,I4210145761,2,"[""10.1109/tvcg.2019.2934332"", ""10.1109/tvcg.2020.3030469""]"
I200769079,I57206974,2,"[""10.1109/tvcg.2016.2598867"", ""10.1109/tvcg.2018.2864812""]"
I200769079,I63966007,2,"[""10.1109/tvcg.2021.3114836"", ""10.1109/vast.2016.7883517""]"
I200769079,I69356397,2,"[""10.1109/tvcg.2022.3209447"", ""10.1109/tvcg.2024.3456368""]"
I200769079,I74973139,2,"[""10.1109/tvcg.2021.3114794"", ""10.1109/tvcg.2022.3209386""]"
I200769079,I87445476,2,"[""10.1109/tvcg.2020.3030370"", ""10.1109/vast.2011.6102458""]"
I200769079,I98677209,2,"[""10.1109/tvcg.2020.3030396"", ""10.1109/tvcg.2022.3209386""]"
I201448701,I40347166,2,"[""10.1109/tvcg.2023.3326516"", ""10.1109/tvcg.2024.3456343""]"
I201448701,I4210163771,2,"[""10.1109/tvcg.2015.2467191"", ""10.1109/tvcg.2018.2864889""]"
I201448701,I4210164937,2,"[""10.1109/tvcg.2019.2934281"", ""10.1109/vast.2015.7347637""]"
I201448701,I74973139,2,"[""10.1109/tvcg.2023.3326527"", ""10.1109/tvcg.2023.3327189""]"
I201448701,I95457486,2,"[""10.1109/infvis.2003.1249032"", ""10.1109/tvcg.2021.3114824""]"
I20231570,I223532165,2,"[""10.1109/tvcg.2020.3030368"", ""10.1109/tvcg.2020.3030473""]"
I20231570,I40120149,2,"[""10.1109/tvcg.2019.2934535"", ""10.1109/tvcg.2023.3326908""]"
I20231570,I75027704,2,"[""10.1109/tvcg.2010.192"", ""10.1109/tvcg.2013.144""]"
I202697423,I4092182,2,"[""10.1109/tvcg.2017.2745181"", ""10.1109/tvcg.2021.3114797""]"
I203951103,I74801974,2,"[""10.1109/tvcg.2009.119"", ""10.1109/tvcg.2015.2467433""]"
I204337017,I83019370,2,"[""10.1109/tvcg.2016.2598619"", ""10.1109/tvcg.2021.3114835""]"
I204512498,I889458895,2,"[""10.1109/tvcg.2015.2467194"", ""10.1109/tvcg.2016.2598432""]"
I204730241,I4210144804,2,"[""10.1109/tvcg.2014.2346426"", ""10.1109/tvcg.2018.2865077""]"
I205237279,I889458895,2,"[""10.1109/tvcg.2022.3209391"", ""10.1109/tvcg.2022.3209483""]"
I205783295,I57206974,2,"[""10.1109/tvcg.2011.176"", ""10.1109/tvcg.2014.2346753""]"
I205783295,I889458895,2,"[""10.1109/tvcg.2023.3327153"", ""10.1109/tvcg.2023.3327197""]"
I21449261,I4210102302,2,"[""10.1109/tvcg.2022.3209411"", ""10.1109/tvcg.2024.3456401""]"
I219193219,I4210114115,2,"[""10.1109/tvcg.2016.2598920"", ""10.1109/visual.2002.1183777""]"
I219193219,I592451,2,"[""10.1109/vast.2007.4388993"", ""10.1109/vast.2008.4677354""]"
I219193219,I66946132,2,"[""10.1109/tvcg.2015.2468292"", ""10.1109/tvcg.2019.2934288""]"
I219193219,I84218800,2,"[""10.1109/tvcg.2008.133"", ""10.1109/tvcg.2011.254""]"
I219193219,I86519309,2,"[""10.1109/visual.1997.663875"", ""10.1109/visual.2005.1532858""]"
I223532165,I3132238960,2,"[""10.1109/tvcg.2007.70566"", ""10.1109/tvcg.2007.70572""]"
I223532165,I4210127875,2,"[""10.1109/tvcg.2021.3114869"", ""10.1109/tvcg.2022.3209418""]"
I223532165,I4210145671,2,"[""10.1109/tvcg.2008.120"", ""10.1109/tvcg.2014.2346351""]"
I223532165,I4210151938,2,"[""10.1109/tvcg.2017.2744079"", ""10.1109/tvcg.2020.3030363""]"
I223532165,I57206974,2,"[""10.1109/tvcg.2019.2934259"", ""10.1109/tvcg.2020.3030333""]"
I223532165,I8078737,2,"[""10.1109/tvcg.2014.2346434"", ""10.1109/tvcg.2018.2865193""]"
I223822909,I2802164966,2,"[""10.1109/tvcg.2019.2934337"", ""10.1109/tvcg.2020.3030437""]"
I24603500,I4210163771,2,"[""10.1109/tvcg.2021.3114823"", ""10.1109/tvcg.2022.3209456""]"
I24943067,I889458895,2,"[""10.1109/tvcg.2022.3209483"", ""10.1109/tvcg.2023.3326908""]"
I25112270,I63966007,2,"[""10.1109/tvcg.2023.3326598"", ""10.1109/tvcg.2024.3456353""]"
I26274970,I889458895,2,"[""10.1109/tvcg.2017.2744080"", ""10.1109/tvcg.2018.2864887""]"
I27837315,I4210111179,2,"[""10.1109/tvcg.2021.3114679"", ""10.1109/tvcg.2022.3209467""]"
I2799803557,I9617848,2,"[""10.1109/tvcg.2015.2467293"", ""10.1109/tvcg.2016.2598825""]"
I2800129641,I2801317318,2,"[""10.1109/tvcg.2017.2745118"", ""10.1109/tvcg.2018.2864905""]"
I2800129641,I4210141030,2,"[""10.1109/tvcg.2017.2745118"", ""10.1109/tvcg.2018.2864905""]"
I2800129641,I45129253,2,"[""10.1109/tvcg.2017.2745118"", ""10.1109/tvcg.2018.2864905""]"
I2801238018,I83019370,2,"[""10.1109/tvcg.2018.2865043"", ""10.1109/visual.2005.1532847""]"
I2801239119,I42894916,2,"[""10.1109/tvcg.2008.130"", ""10.1109/tvcg.2017.2744418""]"
I2801317318,I4210141030,2,"[""10.1109/tvcg.2017.2745118"", ""10.1109/tvcg.2018.2864905""]"
I2801317318,I45129253,2,"[""10.1109/tvcg.2017.2745118"", ""10.1109/tvcg.2018.2864905""]"
I2801851002,I4400600974,2,"[""10.1109/tvcg.2013.154"", ""10.1109/tvcg.2014.2346752""]"
I2801851002,I56590836,2,"[""10.1109/tvcg.2017.2745941"", ""10.1109/tvcg.2018.2865152""]"
I2801851002,I98677209,2,"[""10.1109/tvcg.2018.2865152"", ""10.1109/tvcg.2022.3209386""]"
I2802076133,I4210138551,2,"[""10.1109/tvcg.2016.2598603"", ""10.1109/tvcg.2016.2598795""]"
I2802076133,I98358874,2,"[""10.1109/tvcg.2016.2598603"", ""10.1109/tvcg.2016.2598826""]"
I2802259095,I98358874,2,"[""10.1109/visual.1993.398849"", ""10.1109/visual.1995.480817""]"
I2802619606,I62916508,2,"[""10.1109/tvcg.2009.184"", ""10.1109/tvcg.2011.189""]"
I2948394018,I59553526,2,"[""10.1109/visual.1990.146379"", ""10.1109/visual.1992.235191""]"
I2972652528,I35440088,2,"[""10.1109/tvcg.2014.2346893"", ""10.1109/tvcg.2017.2744159""]"
I2972652528,I889458895,2,"[""10.1109/tvcg.2014.2346893"", ""10.1109/tvcg.2017.2744159""]"
I3017942884,I39804081,2,"[""10.1109/tvcg.2024.3456345"", ""10.1109/tvcg.2024.3456355""]"
I3017942884,I4389425457,2,"[""10.1109/tvcg.2024.3456345"", ""10.1109/tvcg.2024.3456355""]"
I3019423309,I31512782,2,"[""10.1109/tvcg.2017.2744818"", ""10.1109/vast.2009.5333893""]"
I3045169105,I55732556,2,"[""10.1109/tvcg.2021.3114850"", ""10.1109/tvcg.2023.3327359""]"
I30809798,I889458895,2,"[""10.1109/tvcg.2022.3209440"", ""10.1109/tvcg.2022.3209463""]"
I3132238960,I36253440,2,"[""10.1109/tvcg.2006.169"", ""10.1109/tvcg.2007.70623""]"
I3132238960,I889458895,2,"[""10.1109/tvcg.2007.70523"", ""10.1109/tvcg.2007.70530""]"
I3132238960,I91712215,2,"[""10.1109/tvcg.2007.70542"", ""10.1109/tvcg.2007.70566""]"
I3132238960,I99041443,2,"[""10.1109/tvcg.2006.133"", ""10.1109/tvcg.2006.201""]"
I34077533,I52357470,2,"[""10.1109/visual.1990.146382"", ""10.1109/visual.2001.964561""]"
I35440088,I59105498,2,"[""10.1109/tvcg.2009.158"", ""10.1109/vast.2008.4677351""]"
I35440088,I889458895,2,"[""10.1109/tvcg.2014.2346893"", ""10.1109/tvcg.2017.2744159""]"
I36258959,I76130692,2,"[""10.1109/tvcg.2021.3114806"", ""10.1109/tvcg.2021.3114861""]"
I36522303,I95793202,2,"[""10.1109/tvcg.2014.2346591"", ""10.1109/tvcg.2015.2468291""]"
I38877650,I4092182,2,"[""10.1109/tvcg.2023.3327162"", ""10.1109/vast50239.2020.00006""]"
I38877650,I4210103986,2,"[""10.1109/tvcg.2020.3030458"", ""10.1109/tvcg.2021.3114875""]"
I39422238,I63966007,2,"[""10.1109/tvcg.2023.3326598"", ""10.1109/tvcg.2024.3456353""]"
I39470171,I4210161785,2,"[""10.1109/tvcg.2019.2934432"", ""10.1109/tvcg.2019.2934654""]"
I39555362,I98677209,2,"[""10.1109/tvcg.2021.3114828"", ""10.1109/tvcg.2022.3209448""]"
I39586589,I889458895,2,"[""10.1109/tvcg.2015.2467691"", ""10.1109/tvcg.2016.2598867""]"
I39804081,I4210159731,2,"[""10.1109/tvcg.2018.2864432"", ""10.1109/tvcg.2019.2934256""]"
I39804081,I4389425457,2,"[""10.1109/tvcg.2024.3456345"", ""10.1109/tvcg.2024.3456355""]"
I40120149,I889458895,2,"[""10.1109/tvcg.2020.3030449"", ""10.1109/tvcg.2023.3326908""]"
I40120149,I98677209,2,"[""10.1109/tvcg.2021.3114828"", ""10.1109/tvcg.2022.3209448""]"
I4092182,I4400600974,2,"[""10.1109/tvcg.2013.154"", ""10.1109/tvcg.2014.2346752""]"
I4210091137,I889458895,2,"[""10.1109/tvcg.2016.2598415"", ""10.1109/vast.2015.7347633""]"
I4210095624,I76130692,2,"[""10.1109/tvcg.2018.2865021"", ""10.1109/tvcg.2020.3030467""]"
I4210099236,I4432739,2,"[""10.1109/tvcg.2014.2346318"", ""10.1109/tvcg.2015.2467331""]"
I4210103986,I4210123185,2,"[""10.1109/tvcg.2020.3030458"", ""10.1109/tvcg.2021.3114875""]"
I4210119109,I592451,2,"[""10.1109/infvis.1996.559214"", ""10.1109/infvis.1997.636786""]"
I4210120115,I84218800,2,"[""10.1109/tvcg.2019.2934433"", ""10.1109/tvcg.2022.3209465""]"
I4210122765,I76134821,2,"[""10.1109/tvcg.2013.215"", ""10.1109/vast.2012.6400555""]"
I4210123185,I69356397,2,"[""10.1109/tvcg.2020.3030467"", ""10.1109/tvcg.2021.3114781""]"
I4210123185,I889458895,2,"[""10.1109/tvcg.2020.3030392"", ""10.1109/tvcg.2022.3209391""]"
I4210126298,I4210153043,2,"[""10.1109/infvis.2003.1249029"", ""10.1109/visual.1995.480793""]"
I4210128818,I4210165038,2,"[""10.1109/tvcg.2021.3114789"", ""10.1109/tvcg.2023.3326932""]"
I4210128818,I79510175,2,"[""10.1109/tvcg.2021.3114789"", ""10.1109/tvcg.2023.3326932""]"
I4210128818,I99065089,2,"[""10.1109/tvcg.2021.3114789"", ""10.1109/tvcg.2023.3326932""]"
I4210133934,I8087733,2,"[""10.1109/visual.2003.1250370"", ""10.1109/visual.2005.1532855""]"
I4210137033,I83816512,2,"[""10.1109/visual.1997.663865"", ""10.1109/visual.1998.745283""]"
I4210138378,I81365321,2,"[""10.1109/tvcg.2024.3456348"", ""10.1109/visual.1997.663912""]"
I4210138551,I4387153937,2,"[""10.1109/tvcg.2016.2598603"", ""10.1109/tvcg.2016.2598795""]"
I4210138551,I94509681,2,"[""10.1109/vast.2009.5332628"", ""10.1109/vast.2010.5652433""]"
I4210141030,I45129253,2,"[""10.1109/tvcg.2017.2745118"", ""10.1109/tvcg.2018.2864905""]"
I4210142254,I4210160189,2,"[""10.1109/tvcg.2023.3326596"", ""10.1109/tvcg.2023.3327402""]"
I4210145761,I889458895,2,"[""10.1109/tvcg.2019.2934332"", ""10.1109/tvcg.2020.3030469""]"
I4210146756,I51783024,2,"[""10.1109/tvcg.2023.3326523"", ""10.1109/tvcg.2023.3326574""]"
I4210146756,I76198965,2,"[""10.1109/tvcg.2023.3326523"", ""10.1109/tvcg.2023.3326574""]"
I4210163771,I95457486,2,"[""10.1109/tvcg.2008.137"", ""10.1109/tvcg.2022.3209383""]"
I4210165038,I79510175,2,"[""10.1109/tvcg.2021.3114789"", ""10.1109/tvcg.2023.3326932""]"
I4210165038,I99065089,2,"[""10.1109/tvcg.2021.3114789"", ""10.1109/tvcg.2023.3326932""]"
I4387153937,I98358874,2,"[""10.1109/tvcg.2016.2598603"", ""10.1109/tvcg.2016.2598826""]"
I4665924,I78650965,2,"[""10.1109/tvcg.2020.3030371"", ""10.1109/tvcg.2020.3030437""]"
I51783024,I76198965,2,"[""10.1109/tvcg.2023.3326523"", ""10.1109/tvcg.2023.3326574""]"
I55732556,I99065089,2,"[""10.1109/tvcg.2018.2864843"", ""10.1109/vast50239.2020.00007""]"
I56590836,I98677209,2,"[""10.1109/tvcg.2018.2865152"", ""10.1109/tvcg.2021.3114693""]"
I57206974,I889458895,2,"[""10.1109/tvcg.2016.2598867"", ""10.1109/tvcg.2018.2864812""]"
I59270414,I84218800,2,"[""10.1109/tvcg.2007.70552"", ""10.1109/tvcg.2007.70603""]"
I59553526,I76198965,2,"[""10.1109/tvcg.2008.118"", ""10.1109/tvcg.2012.186""]"
I63966007,I76130692,2,"[""10.1109/tvcg.2020.3030372"", ""10.1109/tvcg.2021.3114832""]"
I63966007,I889458895,2,"[""10.1109/tvcg.2021.3114836"", ""10.1109/vast.2016.7883517""]"
I69356397,I889458895,2,"[""10.1109/tvcg.2022.3209447"", ""10.1109/tvcg.2024.3456368""]"
I69356397,I99065089,2,"[""10.1109/tvcg.2020.3030432"", ""10.1109/tvcg.2023.3326934""]"
I74973139,I889458895,2,"[""10.1109/tvcg.2021.3114794"", ""10.1109/tvcg.2022.3209386""]"
I76130692,I84218800,2,"[""10.1109/tvcg.2017.2745139"", ""10.1109/tvcg.2018.2865021""]"
I76130692,I84884186,2,"[""10.1109/tvcg.2024.3456192"", ""10.1109/tvcg.2024.3456328""]"
I76130692,I87216513,2,"[""10.1109/tvcg.2021.3114790"", ""10.1109/tvcg.2024.3456181""]"
I76130692,I99041443,2,"[""10.1109/tvcg.2009.112"", ""10.1109/tvcg.2009.203""]"
I7882870,I98677209,2,"[""10.1109/tvcg.2021.3114828"", ""10.1109/tvcg.2022.3209448""]"
I83019370,I98358874,2,"[""10.1109/tvcg.2015.2467872"", ""10.1109/tvcg.2023.3326582""]"
I84218800,I926574661,2,"[""10.1109/tvcg.2007.70615"", ""10.1109/tvcg.2011.162""]"
I84218800,I95457486,2,"[""10.1109/tvcg.2012.200"", ""10.1109/tvcg.2012.233""]"
I84218800,I99041443,2,"[""10.1109/infvis.2003.1249009"", ""10.1109/visual.1996.568147""]"
I84884186,I98677209,2,"[""10.1109/tvcg.2024.3456192"", ""10.1109/tvcg.2024.3456311""]"
I87445476,I889458895,2,"[""10.1109/tvcg.2020.3030370"", ""10.1109/vast.2011.6102458""]"
I889458895,I98677209,2,"[""10.1109/tvcg.2020.3030396"", ""10.1109/tvcg.2022.3209386""]"
I95457486,I97018004,2,"[""10.1109/tvcg.2010.186"", ""10.1109/tvcg.2012.219""]"
I-1,I4210120115,1,"[""10.1109/tvcg.2021.3114857""]"
I100005738,I4210104735,1,"[""10.1109/visual.1990.146390""]"
I100066346,I102335020,1,"[""10.1109/tvcg.2014.2346333""]"
I100066346,I113979032,1,"[""10.1109/tvcg.2020.3030406""]"
I100066346,I114027177,1,"[""10.1109/tvcg.2020.3030465""]"
I100066346,I121797337,1,"[""10.1109/tvcg.2022.3209427""]"
I100066346,I1283382300,1,"[""10.1109/visual.1999.809918""]"
I100066346,I130828816,1,"[""10.1109/tvcg.2010.145""]"
I100066346,I138211613,1,"[""10.1109/visual.2002.1183812""]"
I100066346,I145847075,1,"[""10.1109/visual.2002.1183812""]"
I100066346,I149768937,1,"[""10.1109/tvcg.2022.3209449""]"
I100066346,I166825849,1,"[""10.1109/tvcg.2016.2598495""]"
I100066346,I169381384,1,"[""10.1109/tvcg.2023.3326931""]"
I100066346,I17653759,1,"[""10.1109/tvcg.2016.2598495""]"
I100066346,I17747738,1,"[""10.1109/tvcg.2024.3456346""]"
I100066346,I197251160,1,"[""10.1109/tvcg.2020.3030406""]"
I100066346,I200769079,1,"[""10.1109/tvcg.2020.3030404""]"
I100066346,I202697423,1,"[""10.1109/tvcg.2021.3114797""]"
I100066346,I219193219,1,"[""10.1109/vast.2012.6400557""]"
I100066346,I28777354,1,"[""10.1109/vast.2012.6400557""]"
I100066346,I31512782,1,"[""10.1109/tvcg.2012.281""]"
I100066346,I32943570,1,"[""10.1109/tvcg.2016.2598495""]"
I100066346,I36253440,1,"[""10.1109/tvcg.2007.70614""]"
I100066346,I4210089608,1,"[""10.1109/visual.2005.1532845""]"
I100066346,I4210095624,1,"[""10.1109/tvcg.2020.3030467""]"
I100066346,I4210123185,1,"[""10.1109/tvcg.2020.3030467""]"
I100066346,I4210124503,1,"[""10.1109/tvcg.2021.3114797""]"
I100066346,I4210135397,1,"[""10.1109/visual.1999.809918""]"
I100066346,I4210144839,1,"[""10.1109/tvcg.2021.3114788""]"
I100066346,I4210156768,1,"[""10.1109/tvcg.2021.3114797""]"
I100066346,I4210163771,1,"[""10.1109/tvcg.2019.2934796""]"
I100066346,I4923324,1,"[""10.1109/tvcg.2012.276""]"
I100066346,I60488453,1,"[""10.1109/tvcg.2016.2598495""]"
I100066346,I62318514,1,"[""10.1109/tvcg.2019.2934669""]"
I100066346,I69356397,1,"[""10.1109/tvcg.2020.3030467""]"
I100066346,I74973139,1,"[""10.1109/tvcg.2020.3030400""]"
I100066346,I78650965,1,"[""10.1109/tvcg.2012.282""]"
I100066346,I84218800,1,"[""10.1109/tvcg.2014.2346319""]"
I100066346,I887968799,1,"[""10.1109/visual.2000.885688""]"
I100066346,I92528248,1,"[""10.1109/tvcg.2021.3114788""]"
I100066346,I926574661,1,"[""10.1109/vast.2009.5333911""]"
I100066346,I94509681,1,"[""10.1109/tvcg.2012.281""]"
I100066346,I94626330,1,"[""10.1109/tvcg.2021.3114797""]"
I100066346,I95674353,1,"[""10.1109/tvcg.2022.3209449""]"
I100066346,I99065089,1,"[""10.1109/tvcg.2021.3114800""]"
I100296615,I1290206253,1,"[""10.1109/tvcg.2016.2598958""]"
I100296615,I189712700,1,"[""10.1109/tvcg.2019.2934783""]"
I100296615,I20231570,1,"[""10.1109/tvcg.2019.2934805""]"
I100296615,I4210092357,1,"[""10.1109/tvcg.2011.233""]"
I100296615,I4210098034,1,"[""10.1109/tvcg.2019.2934805""]"
I100296615,I4210144576,1,"[""10.1109/vast.2011.6102454""]"
I100296615,I83019370,1,"[""10.1109/tvcg.2015.2467112""]"
I100532134,I130769515,1,"[""10.1109/vast.2006.261431""]"
I100532134,I157725225,1,"[""10.1109/vast.2009.5333248""]"
I100532134,I198415970,1,"[""10.1109/vast.2006.261431""]"
I100532134,I66946132,1,"[""10.1109/vast.2009.5333248""]"
I100532134,I72816309,1,"[""10.1109/vast.2006.261431""]"
I100621029,I102149020,1,"[""10.1109/vast.2007.4389009""]"
I100633361,I26274970,1,"[""10.1109/tvcg.2017.2744458""]"
I100930933,I223532165,1,"[""10.1109/tvcg.2008.160""]"
I100930933,I926574661,1,"[""10.1109/tvcg.2008.143""]"
I102134673,I114027177,1,"[""10.1109/tvcg.2023.3327198""]"
I102134673,I121883995,1,"[""10.1109/tvcg.2023.3326525""]"
I102134673,I122411786,1,"[""10.1109/visual.2004.102""]"
I102134673,I1294671590,1,"[""10.1109/tvcg.2023.3327402""]"
I102134673,I1306266525,1,"[""10.1109/scivis.2015.7429487""]"
I102134673,I138006243,1,"[""10.1109/tvcg.2023.3327402""]"
I102134673,I141945490,1,"[""10.1109/tvcg.2024.3456399""]"
I102134673,I143910747,1,"[""10.1109/tvcg.2023.3327402""]"
I102134673,I150468666,1,"[""10.1109/tvcg.2024.3456171""]"
I102134673,I15057530,1,"[""10.1109/tvcg.2023.3327402""]"
I102134673,I154130895,1,"[""10.1109/tvcg.2012.206""]"
I102134673,I188538660,1,"[""10.1109/tvcg.2023.3327198""]"
I102134673,I189712700,1,"[""10.1109/tvcg.2023.3327402""]"
I102134673,I193662353,1,"[""10.1109/tvcg.2023.3327402""]"
I102134673,I22465464,1,"[""10.1109/tvcg.2011.161""]"
I102134673,I2799390153,1,"[""10.1109/tvcg.2018.2864816""]"
I102134673,I2800607224,1,"[""10.1109/tvcg.2006.146""]"
I102134673,I2800638415,1,"[""10.1109/tvcg.2024.3456334""]"
I102134673,I4210127322,1,"[""10.1109/tvcg.2023.3326525""]"
I102134673,I4210137693,1,"[""10.1109/tvcg.2010.195""]"
I102134673,I4210142254,1,"[""10.1109/tvcg.2023.3327402""]"
I102134673,I4210145671,1,"[""10.1109/tvcg.2014.2346351""]"
I102134673,I4210160189,1,"[""10.1109/tvcg.2023.3327402""]"
I102134673,I4665924,1,"[""10.1109/tvcg.2012.237""]"
I102134673,I72816309,1,"[""10.1109/visual.2005.1532823""]"
I102134673,I98677209,1,"[""10.1109/tvcg.2024.3456334""]"
I102149020,I103406327,1,"[""10.1109/tvcg.2014.2346913""]"
I102149020,I111979921,1,"[""10.1109/tvcg.2021.3114820""]"
I102149020,I1289243028,1,"[""10.1109/tvcg.2008.184""]"
I102149020,I130238516,1,"[""10.1109/tvcg.2014.2346911""]"
I102149020,I130701444,1,"[""10.1109/tvcg.2021.3114820""]"
I102149020,I1341412227,1,"[""10.1109/vast.2012.6400485""]"
I102149020,I150468666,1,"[""10.1109/tvcg.2021.3114820""]"
I102149020,I161057412,1,"[""10.1109/vast.2011.6102463""]"
I102149020,I169086405,1,"[""10.1109/vast.2011.6102445""]"
I102149020,I173498003,1,"[""10.1109/vast.2011.6102463""]"
I102149020,I18014758,1,"[""10.1109/vast.2008.4677361""]"
I102149020,I204553293,1,"[""10.1109/tvcg.2016.2598416""]"
I102149020,I27804330,1,"[""10.1109/vast.2011.6102445""]"
I102149020,I2800444561,1,"[""10.1109/tvcg.2021.3114820""]"
I102149020,I4210142429,1,"[""10.1109/tvcg.2014.2346911""]"
I102149020,I4388891828,1,"[""10.1109/tvcg.2014.2346911""]"
I102149020,I66867065,1,"[""10.1109/vast.2007.4389003""]"
I102149020,I71966907,1,"[""10.1109/vast.2015.7347631""]"
I102149020,I75027704,1,"[""10.1109/tvcg.2008.184""]"
I102197404,I111979921,1,"[""10.1109/tvcg.2018.2865233""]"
I102197404,I112260969,1,"[""10.1109/tvcg.2007.70582""]"
I102197404,I124055696,1,"[""10.1109/tvcg.2016.2598608""]"
I102197404,I127558574,1,"[""10.1109/tvcg.2012.217""]"
I102197404,I1294671590,1,"[""10.1109/tvcg.2018.2865142""]"
I102197404,I129774422,1,"[""10.1109/tvcg.2016.2598827""]"
I102197404,I130701444,1,"[""10.1109/vast.2007.4389013""]"
I102197404,I139264467,1,"[""10.1109/tvcg.2018.2865141""]"
I102197404,I168635309,1,"[""10.1109/tvcg.2016.2598608""]"
I102197404,I180825142,1,"[""10.1109/tvcg.2018.2865159""]"
I102197404,I200769079,1,"[""10.1109/tvcg.2015.2467851""]"
I102197404,I201448701,1,"[""10.1109/tvcg.2015.2467851""]"
I102197404,I212119943,1,"[""10.1109/tvcg.2018.2865159""]"
I102197404,I3018083178,1,"[""10.1109/tvcg.2015.2467851""]"
I102197404,I4092182,1,"[""10.1109/tvcg.2016.2598467""]"
I102197404,I4210154378,1,"[""10.1109/tvcg.2012.262""]"
I102197404,I4210159731,1,"[""10.1109/tvcg.2018.2865077""]"
I102197404,I4210165912,1,"[""10.1109/tvcg.2015.2467201""]"
I102197404,I66862912,1,"[""10.1109/vast.2007.4389013""]"
I102197404,I66946132,1,"[""10.1109/tvcg.2018.2865234""]"
I102197404,I70768539,1,"[""10.1109/infvis.2004.1""]"
I102197404,I79272384,1,"[""10.1109/tvcg.2016.2598827""]"
I102197404,I887968799,1,"[""10.1109/tvcg.2016.2598467""]"
I102197404,I889458895,1,"[""10.1109/tvcg.2015.2467851""]"
I102197404,I95793202,1,"[""10.1109/tvcg.2015.2467961""]"
I102197404,I97018004,1,"[""10.1109/tvcg.2018.2865159""]"
I102197404,I98358874,1,"[""10.1109/tvcg.2015.2467961""]"
I102322142,I1341412227,1,"[""10.1109/tvcg.2006.120""]"
I102322142,I20089843,1,"[""10.1109/visual.1994.346301""]"
I102322142,I27837315,1,"[""10.1109/tvcg.2011.255""]"
I102322142,I2799411422,1,"[""10.1109/infvis.2004.46""]"
I102322142,I2799567181,1,"[""10.1109/visual.1994.346301""]"
I102322142,I3132238960,1,"[""10.1109/tvcg.2007.70565""]"
I102322142,I39586589,1,"[""10.1109/tvcg.2006.144""]"
I102322142,I59553526,1,"[""10.1109/tvcg.2013.135""]"
I102322142,I59857034,1,"[""10.1109/visual.2005.1532783""]"
I102322142,I83019370,1,"[""10.1109/infvis.2004.46""]"
I102322142,I98358874,1,"[""10.1109/visual.1995.485141""]"
I102322142,I99065089,1,"[""10.1109/tvcg.2013.135""]"
I102502594,I151746483,1,"[""10.1109/tvcg.2021.3114801""]"
I102502594,I223532165,1,"[""10.1109/scivis.2015.7429492""]"
I102502594,I4210158342,1,"[""10.1109/scivis.2015.7429492""]"
I102502594,I55769427,1,"[""10.1109/vast.2017.8585646""]"
I102502594,I84218800,1,"[""10.1109/vast.2017.8585646""]"
I102520234,I1329325741,1,"[""10.1109/tvcg.2015.2467872""]"
I102520234,I83019370,1,"[""10.1109/tvcg.2015.2467872""]"
I102520234,I98358874,1,"[""10.1109/tvcg.2015.2467872""]"
I103163165,I130238516,1,"[""10.1109/visual.2002.1183813""]"
I103163165,I16835326,1,"[""10.1109/visual.2003.1250354""]"
I103163165,I18014758,1,"[""10.1109/visual.2005.1532852""]"
I103163165,I3045169105,1,"[""10.1109/tvcg.2023.3327359""]"
I103163165,I4210140408,1,"[""10.1109/visual.2001.964553""]"
I103163165,I55732556,1,"[""10.1109/tvcg.2023.3327359""]"
I103163165,I87216513,1,"[""10.1109/tvcg.2023.3327359""]"
I103406327,I76130692,1,"[""10.1109/tvcg.2014.2346913""]"
I103531236,I2802946424,1,"[""10.1109/tvcg.2023.3327388""]"
I103531236,I62318514,1,"[""10.1109/tvcg.2021.3114802""]"
I103531236,I79576946,1,"[""10.1109/tvcg.2023.3327388""]"
I104914703,I112260969,1,"[""10.1109/tvcg.2010.205""]"
I104914703,I1294671590,1,"[""10.1109/infvis.2004.47""]"
I104914703,I29607241,1,"[""10.1109/tvcg.2010.205""]"
I104914703,I4210142254,1,"[""10.1109/infvis.2003.1249011""]"
I106118109,I4210161853,1,"[""10.1109/visual.1994.346299""]"
I106118109,I66946132,1,"[""10.1109/visual.1994.346299""]"
I106165777,I223532165,1,"[""10.1109/visual.2002.1183788""]"
I107077323,I121934306,1,"[""10.1109/tvcg.2016.2598588""]"
I107371206,I129902397,1,"[""10.1109/tvcg.2020.3030354""]"
I107371206,I17974374,1,"[""10.1109/tvcg.2020.3030354""]"
I107371206,I4210142721,1,"[""10.1109/tvcg.2020.3030354""]"
I107606265,I130828816,1,"[""10.1109/tvcg.2011.253""]"
I107639228,I1341412227,1,"[""10.1109/vast.2011.6102458""]"
I107639228,I200769079,1,"[""10.1109/vast.2011.6102458""]"
I107639228,I24185976,1,"[""10.1109/tvcg.2020.3030346""]"
I107639228,I87445476,1,"[""10.1109/vast.2011.6102458""]"
I107639228,I889458895,1,"[""10.1109/vast.2011.6102458""]"
I107766831,I84218800,1,"[""10.1109/visual.2001.964520""]"
I10824318,I148283060,1,"[""10.1109/tvcg.2012.200""]"
I10824318,I84218800,1,"[""10.1109/tvcg.2012.200""]"
I10824318,I95457486,1,"[""10.1109/tvcg.2012.200""]"
I108290504,I122991210,1,"[""10.1109/vast.2009.5332584""]"
I108290504,I4210144576,1,"[""10.1109/vast.2009.5332584""]"
I108464949,I4391767840,1,"[""10.1109/visual.1998.745303""]"
I108464949,I91045830,1,"[""10.1109/visual.1998.745303""]"
I109935558,I76130692,1,"[""10.1109/tvcg.2024.3456328""]"
I109935558,I84884186,1,"[""10.1109/tvcg.2024.3456328""]"
I110152177,I1302368450,1,"[""10.1109/visual.1996.568145""]"
I110152177,I4210135837,1,"[""10.1109/visual.1996.568145""]"
I110152177,I4210153148,1,"[""10.1109/visual.1996.568145""]"
I110378019,I99041443,1,"[""10.1109/tvcg.2009.114""]"
I111088046,I133738476,1,"[""10.1109/visual.1997.663916""]"
I111088046,I71920554,1,"[""10.1109/tvcg.2015.2467441""]"
I111277659,I60488453,1,"[""10.1109/tvcg.2012.189""]"
I111483173,I154570441,1,"[""10.1109/tvcg.2014.2346291""]"
I111483173,I20231570,1,"[""10.1109/tvcg.2014.2346291""]"
I1118541,I13805885,1,"[""10.1109/tvcg.2017.2744058""]"
I1118541,I18014758,1,"[""10.1109/visual.2002.1183763""]"
I1118541,I223532165,1,"[""10.1109/tvcg.2017.2744058""]"
I1118541,I4210138551,1,"[""10.1109/visual.2002.1183763""]"
I111979921,I121934306,1,"[""10.1109/tvcg.2014.2346979""]"
I111979921,I1291425158,1,"[""10.1109/tvcg.2017.2744478""]"
I111979921,I134446601,1,"[""10.1109/tvcg.2022.3209405""]"
I111979921,I150468666,1,"[""10.1109/tvcg.2021.3114820""]"
I111979921,I197347611,1,"[""10.1109/tvcg.2017.2744478""]"
I111979921,I201448701,1,"[""10.1109/tvcg.2023.3326516""]"
I111979921,I223532165,1,"[""10.1109/tvcg.2018.2865193""]"
I111979921,I2250653659,1,"[""10.1109/tvcg.2023.3326943""]"
I111979921,I27804330,1,"[""10.1109/tvcg.2020.3030429""]"
I111979921,I2801851002,1,"[""10.1109/tvcg.2012.272""]"
I111979921,I39804081,1,"[""10.1109/tvcg.2018.2865233""]"
I111979921,I4210093996,1,"[""10.1109/tvcg.2024.3456405""]"
I111979921,I4210111179,1,"[""10.1109/tvcg.2021.3114679""]"
I111979921,I4210150358,1,"[""10.1109/tvcg.2018.2865233""]"
I111979921,I4210163771,1,"[""10.1109/tvcg.2021.3114823""]"
I111979921,I4210167018,1,"[""10.1109/tvcg.2014.2346424""]"
I111979921,I74973139,1,"[""10.1109/tvcg.2021.3114782""]"
I111979921,I8078737,1,"[""10.1109/tvcg.2018.2865193""]"
I111979921,I889458895,1,"[""10.1109/tvcg.2023.3326943""]"
I111979921,I95457486,1,"[""10.1109/tvcg.2022.3209405""]"
I111979921,I97018004,1,"[""10.1109/tvcg.2023.3326591""]"
I111979921,I98677209,1,"[""10.1109/tvcg.2021.3114823""]"
I112260969,I29607241,1,"[""10.1109/tvcg.2010.205""]"
I112260969,I9736820,1,"[""10.1109/tvcg.2009.151""]"
I112756935,I223822909,1,"[""10.1109/tvcg.2019.2934337""]"
I112756935,I2802076133,1,"[""10.1109/tvcg.2019.2934337""]"
I112756935,I2802164966,1,"[""10.1109/tvcg.2019.2934337""]"
I112756935,I4387153937,1,"[""10.1109/tvcg.2019.2934337""]"
I113508548,I1327163397,1,"[""10.1109/visual.1997.663915""]"
I113508548,I392282,1,"[""10.1109/visual.1997.663915""]"
I113979032,I130701444,1,"[""10.1109/tvcg.2016.2598590""]"
I113979032,I154099455,1,"[""10.1109/tvcg.2020.3030406""]"
I113979032,I189712700,1,"[""10.1109/tvcg.2020.3030406""]"
I113979032,I197251160,1,"[""10.1109/tvcg.2020.3030406""]"
I114017466,I1297991670,1,"[""10.1109/vast.2016.7883510""]"
I114017466,I130769515,1,"[""10.1109/vast.2017.8585638""]"
I114017466,I258800397,1,"[""10.1109/vast.2016.7883510""]"
I114017466,I40120149,1,"[""10.1109/tvcg.2019.2934535""]"
I114017466,I9736820,1,"[""10.1109/tvcg.2019.2934535""]"
I114027177,I1282311441,1,"[""10.1109/visual.2003.1250408""]"
I114027177,I1283103587,1,"[""10.1109/visual.2003.1250360""]"
I114027177,I130701444,1,"[""10.1109/tvcg.2014.2346574""]"
I114027177,I1327163397,1,"[""10.1109/visual.1995.480793""]"
I114027177,I1333535994,1,"[""10.1109/tvcg.2022.3209442""]"
I114027177,I1343180700,1,"[""10.1109/tvcg.2021.3114779""]"
I114027177,I139264467,1,"[""10.1109/tvcg.2023.3327201""]"
I114027177,I141720752,1,"[""10.1109/tvcg.2024.3456381""]"
I114027177,I143302722,1,"[""10.1109/visual.2001.964508""]"
I114027177,I174306211,1,"[""10.1109/visual.2001.964504""]"
I114027177,I18014758,1,"[""10.1109/visual.2001.964499""]"
I114027177,I200769079,1,"[""10.1109/tvcg.2017.2745320""]"
I114027177,I2613432,1,"[""10.1109/tvcg.2024.3456359""]"
I114027177,I2802236040,1,"[""10.1109/tvcg.2022.3209442""]"
I114027177,I4210126298,1,"[""10.1109/visual.1995.480793""]"
I114027177,I4210153043,1,"[""10.1109/visual.1995.480793""]"
I114027177,I48566637,1,"[""10.1109/tvcg.2023.3327201""]"
I114027177,I59553526,1,"[""10.1109/visual.1995.480793""]"
I114027177,I66946132,1,"[""10.1109/tvcg.2018.2864885""]"
I114027177,I87097829,1,"[""10.1109/visual.2000.885712""]"
I114027177,I889458895,1,"[""10.1109/tvcg.2017.2745320""]"
I114073160,I63966007,1,"[""10.1109/tvcg.2017.2745085""]"
I114395901,I84218800,1,"[""10.1109/tvcg.2014.2346423""]"
I114832834,I1294671590,1,"[""10.1109/tvcg.2018.2864432""]"
I114832834,I2799909505,1,"[""10.1109/tvcg.2024.3456143""]"
I114832834,I39804081,1,"[""10.1109/tvcg.2018.2864432""]"
I114832834,I4210159731,1,"[""10.1109/tvcg.2018.2864432""]"
I114832834,I859038795,1,"[""10.1109/tvcg.2024.3456143""]"
I115752224,I122991210,1,"[""10.1109/tvcg.2010.136""]"
I115752224,I4210131308,1,"[""10.1109/tvcg.2006.115""]"
I11662577,I1283103587,1,"[""10.1109/infvis.2005.1532130""]"
I116953780,I1290206253,1,"[""10.1109/tvcg.2012.291""]"
I116953780,I12912129,1,"[""10.1109/tvcg.2012.291""]"
I116953780,I1306409833,1,"[""10.1109/tvcg.2021.3114774""]"
I116953780,I154570441,1,"[""10.1109/tvcg.2022.3209461""]"
I116953780,I157725225,1,"[""10.1109/tvcg.2023.3326925""]"
I116953780,I170201317,1,"[""10.1109/tvcg.2017.2744419""]"
I116953780,I17747738,1,"[""10.1109/tvcg.2024.3456346""]"
I116953780,I20231570,1,"[""10.1109/tvcg.2024.3456346""]"
I116953780,I2250955327,1,"[""10.1109/tvcg.2023.3327200""]"
I116953780,I2972652528,1,"[""10.1109/tvcg.2017.2744159""]"
I116953780,I35440088,1,"[""10.1109/tvcg.2017.2744159""]"
I116953780,I4210113369,1,"[""10.1109/tvcg.2022.3209428""]"
I116953780,I57206974,1,"[""10.1109/tvcg.2023.3326925""]"
I116953780,I66946132,1,"[""10.1109/tvcg.2018.2864885""]"
I116953780,I69048370,1,"[""10.1109/tvcg.2021.3114779""]"
I1174212,I19820366,1,"[""10.1109/tvcg.2016.2598472""]"
I1174212,I4210087032,1,"[""10.1109/visual.1990.146402""]"
I1174212,I4210128818,1,"[""10.1109/tvcg.2016.2598472""]"
I1174212,I55732556,1,"[""10.1109/tvcg.2016.2598472""]"
I118019719,I202697423,1,"[""10.1109/tvcg.2024.3456329""]"
I118118575,I142606810,1,"[""10.1109/tvcg.2019.2934540""]"
I118118575,I55732556,1,"[""10.1109/tvcg.2019.2934540""]"
I118501908,I157485424,1,"[""10.1109/tvcg.2022.3209462""]"
I118501908,I48566637,1,"[""10.1109/tvcg.2022.3209462""]"
I118501908,I60922564,1,"[""10.1109/tvcg.2022.3209462""]"
I118564535,I202697423,1,"[""10.1109/visual.2005.1532786""]"
I118564535,I93085520,1,"[""10.1109/visual.2005.1532786""]"
I118692353,I136199984,1,"[""10.1109/tvcg.2010.168""]"
I118692353,I2801851002,1,"[""10.1109/tvcg.2010.168""]"
I118692353,I62916508,1,"[""10.1109/tvcg.2010.168""]"
I119003972,I861853513,1,"[""10.1109/tvcg.2006.185""]"
I119888943,I130238516,1,"[""10.1109/tvcg.2015.2467153""]"
I119888943,I2800403580,1,"[""10.1109/tvcg.2015.2467153""]"
I120250893,I926574661,1,"[""10.1109/vast.2017.8585505""]"
I12097938,I3132238960,1,"[""10.1109/tvcg.2007.70597""]"
I121748325,I204250578,1,"[""10.1109/visual.2002.1183800""]"
I121820613,I138006243,1,"[""10.1109/tvcg.2022.3209375""]"
I121820613,I195893171,1,"[""10.1109/visual.2005.1532793""]"
I121820613,I223532165,1,"[""10.1109/tvcg.2022.3209375""]"
I121883995,I129774422,1,"[""10.1109/tvcg.2014.2346578""]"
I121883995,I204337017,1,"[""10.1109/tvcg.2024.3456347""]"
I121883995,I25485817,1,"[""10.1109/tvcg.2017.2745298""]"
I121883995,I3019423309,1,"[""10.1109/tvcg.2016.2598468""]"
I121883995,I4210119669,1,"[""10.1109/tvcg.2018.2865024""]"
I121883995,I4210127322,1,"[""10.1109/tvcg.2023.3326525""]"
I121883995,I4665924,1,"[""10.1109/tvcg.2016.2598468""]"
I121934306,I126633494,1,"[""10.1109/tvcg.2020.3030338""]"
I121934306,I126820664,1,"[""10.1109/tvcg.2021.3114796""]"
I121934306,I130701444,1,"[""10.1109/tvcg.2020.3030443""]"
I121934306,I131221577,1,"[""10.1109/tvcg.2015.2467758""]"
I121934306,I138006243,1,"[""10.1109/tvcg.2019.2934802""]"
I121934306,I142606810,1,"[""10.1109/tvcg.2014.2346575""]"
I121934306,I161548249,1,"[""10.1109/tvcg.2020.3030338""]"
I121934306,I169086405,1,"[""10.1109/vast.2011.6102445""]"
I121934306,I180923762,1,"[""10.1109/tvcg.2024.3456305""]"
I121934306,I202524275,1,"[""10.1109/tvcg.2019.2934556""]"
I121934306,I219193219,1,"[""10.1109/tvcg.2014.2346575""]"
I121934306,I223532165,1,"[""10.1109/tvcg.2019.2934802""]"
I121934306,I2613432,1,"[""10.1109/tvcg.2019.2934802""]"
I121934306,I27804330,1,"[""10.1109/vast.2011.6102445""]"
I121934306,I4210118379,1,"[""10.1109/tvcg.2015.2467758""]"
I121934306,I4210122954,1,"[""10.1109/tvcg.2023.3326904""]"
I121934306,I4210145761,1,"[""10.1109/tvcg.2020.3030338""]"
I121934306,I4210156583,1,"[""10.1109/tvcg.2019.2934556""]"
I121934306,I4210165038,1,"[""10.1109/tvcg.2020.3030338""]"
I121934306,I52357470,1,"[""10.1109/tvcg.2019.2934802""]"
I121934306,I63966007,1,"[""10.1109/tvcg.2020.3030372""]"
I121934306,I71838634,1,"[""10.1109/tvcg.2020.3030443""]"
I121934306,I74973139,1,"[""10.1109/tvcg.2019.2934261""]"
I121934306,I76130692,1,"[""10.1109/tvcg.2020.3030372""]"
I121934306,I95457486,1,"[""10.1109/tvcg.2021.3114796""]"
I121980950,I223532165,1,"[""10.1109/tvcg.2020.3030363""]"
I121980950,I4210151938,1,"[""10.1109/tvcg.2020.3030363""]"
I122140584,I157725225,1,"[""10.1109/tvcg.2023.3326514""]"
I122140584,I161127581,1,"[""10.1109/tvcg.2023.3326514""]"
I122140584,I39422238,1,"[""10.1109/tvcg.2023.3326514""]"
I122411786,I1282927834,1,"[""10.1109/visual.1998.745294""]"
I122411786,I1334627681,1,"[""10.1109/visual.2001.964562""]"
I122411786,I135310074,1,"[""10.1109/tvcg.2018.2865147""]"
I122411786,I148283060,1,"[""10.1109/vast.2008.4677353""]"
I122411786,I16391192,1,"[""10.1109/visual.2001.964527""]"
I122411786,I223532165,1,"[""10.1109/visual.2002.1183773""]"
I122411786,I27804330,1,"[""10.1109/tvcg.2018.2865147""]"
I122411786,I63966007,1,"[""10.1109/visual.2004.47""]"
I122411786,I95457486,1,"[""10.1109/vast.2008.4677353""]"
I122991210,I136199984,1,"[""10.1109/tvcg.2008.186""]"
I122991210,I4210104311,1,"[""10.1109/visual.2005.1532797""]"
I122991210,I4210144576,1,"[""10.1109/vast.2009.5332584""]"
I12315562,I223532165,1,"[""10.1109/tvcg.2018.2864913""]"
I123387679,I4210112527,1,"[""10.1109/tvcg.2024.3456167""]"
I123387679,I4210119109,1,"[""10.1109/infvis.2002.1173147""]"
I123387679,I4210141702,1,"[""10.1109/infvis.2005.1532137""]"
I123431417,I1343190059,1,"[""10.1109/tvcg.2017.2744258""]"
I123431417,I4210164942,1,"[""10.1109/tvcg.2018.2864491""]"
I123431417,I4210167330,1,"[""10.1109/tvcg.2020.3030415""]"
I123431417,I44504214,1,"[""10.1109/tvcg.2018.2864491""]"
I123431417,I71920554,1,"[""10.1109/tvcg.2020.3030415""]"
I12356871,I1294671590,1,"[""10.1109/tvcg.2012.228""]"
I12356871,I130701444,1,"[""10.1109/tvcg.2019.2934534""]"
I12356871,I142606810,1,"[""10.1109/tvcg.2012.228""]"
I12356871,I149899117,1,"[""10.1109/tvcg.2014.2346432""]"
I12356871,I157556583,1,"[""10.1109/tvcg.2014.2346432""]"
I12356871,I18014758,1,"[""10.1109/tvcg.2019.2934790""]"
I12356871,I205703379,1,"[""10.1109/tvcg.2014.2346432""]"
I12356871,I212119943,1,"[""10.1109/tvcg.2019.2934534""]"
I12356871,I223532165,1,"[""10.1109/tvcg.2012.228""]"
I12356871,I35440088,1,"[""10.1109/tvcg.2014.2346432""]"
I12356871,I39470171,1,"[""10.1109/tvcg.2019.2934790""]"
I12356871,I4210088322,1,"[""10.1109/tvcg.2017.2745958""]"
I12356871,I4210098902,1,"[""10.1109/tvcg.2014.2346403""]"
I12356871,I4210102957,1,"[""10.1109/tvcg.2019.2934593""]"
I12356871,I4210109712,1,"[""10.1109/tvcg.2014.2346432""]"
I12356871,I4210118524,1,"[""10.1109/tvcg.2019.2934790""]"
I12356871,I4387153087,1,"[""10.1109/tvcg.2019.2934593""]"
I12356871,I78577930,1,"[""10.1109/tvcg.2014.2346432""]"
I123900574,I139264467,1,"[""10.1109/tvcg.2020.3030414""]"
I123900574,I141371507,1,"[""10.1109/tvcg.2020.3030414""]"
I123900574,I2250650973,1,"[""10.1109/tvcg.2020.3030414""]"
I123900574,I2799891827,1,"[""10.1109/tvcg.2020.3030414""]"
I123900574,I3132238960,1,"[""10.1109/tvcg.2006.169""]"
I123900574,I36253440,1,"[""10.1109/tvcg.2006.169""]"
I123900574,I66946132,1,"[""10.1109/tvcg.2020.3030414""]"
I123900574,I83436808,1,"[""10.1109/tvcg.2020.3030414""]"
I124055696,I168635309,1,"[""10.1109/tvcg.2016.2598608""]"
I124055696,I202697423,1,"[""10.1109/tvcg.2020.3028894""]"
I124055696,I277688954,1,"[""10.1109/tvcg.2020.3028894""]"
I124055696,I4210147894,1,"[""10.1109/tvcg.2014.2346292""]"
I124055696,I67415387,1,"[""10.1109/tvcg.2016.2598498""]"
I124227911,I1283103587,1,"[""10.1109/visual.2001.964534""]"
I124227911,I189712700,1,"[""10.1109/vast.2008.4677359""]"
I124227911,I59553526,1,"[""10.1109/visual.1999.809877""]"
I124261462,I1286704778,1,"[""10.1109/visual.2004.112""]"
I124261462,I130828816,1,"[""10.1109/visual.2004.112""]"
I124261462,I86122600,1,"[""10.1109/visual.2004.112""]"
I124357947,I133836048,1,"[""10.1109/tvcg.2016.2598789""]"
I124357947,I138801177,1,"[""10.1109/visual.1991.175801""]"
I124357947,I223532165,1,"[""10.1109/tvcg.2018.2865241""]"
I124357947,I4210091929,1,"[""10.1109/tvcg.2016.2598789""]"
I124357947,I4210130048,1,"[""10.1109/visual.1991.175801""]"
I124357947,I45129253,1,"[""10.1109/visual.1991.175801""]"
I124357947,I47508984,1,"[""10.1109/visual.1991.175801""]"
I124357947,I56590836,1,"[""10.1109/tvcg.2018.2865241""]"
I124357947,I74973139,1,"[""10.1109/tvcg.2016.2598789""]"
I124357947,I84218800,1,"[""10.1109/tvcg.2016.2598789""]"
I125749732,I99065089,1,"[""10.1109/visual.1992.235216""]"
I125839683,I180726961,1,"[""10.1109/tvcg.2022.3209354""]"
I125839683,I26120043,1,"[""10.1109/tvcg.2024.3456389""]"
I126307644,I130238516,1,"[""10.1109/tvcg.2019.2934546""]"
I126633494,I161548249,1,"[""10.1109/tvcg.2020.3030338""]"
I126633494,I4210145761,1,"[""10.1109/tvcg.2020.3030338""]"
I126633494,I4210165038,1,"[""10.1109/tvcg.2020.3030338""]"
I126744593,I1299022934,1,"[""10.1109/visual.1999.809913""]"
I126744593,I1299303238,1,"[""10.1109/visual.1999.809913""]"
I126744593,I1306266525,1,"[""10.1109/visual.1999.809882""]"
I126744593,I145311948,1,"[""10.1109/infvis.2005.1532140""]"
I126744593,I194028371,1,"[""10.1109/visual.1999.809882""]"
I126744593,I219193219,1,"[""10.1109/visual.2002.1183777""]"
I126744593,I223532165,1,"[""10.1109/visual.2002.1183777""]"
I126744593,I2800548410,1,"[""10.1109/visual.2002.1183828""]"
I126744593,I4210114115,1,"[""10.1109/visual.2002.1183777""]"
I126744593,I66946132,1,"[""10.1109/tvcg.2014.2346411""]"
I126820664,I201448701,1,"[""10.1109/tvcg.2017.2743898""]"
I126820664,I27837315,1,"[""10.1109/tvcg.2017.2743898""]"
I126820664,I78577930,1,"[""10.1109/tvcg.2021.3114796""]"
I126820664,I95457486,1,"[""10.1109/tvcg.2021.3114796""]"
I127558574,I169381384,1,"[""10.1109/tvcg.2012.217""]"
I127558574,I4210115485,1,"[""10.1109/tvcg.2012.217""]"
I1280414376,I87182695,1,"[""10.1109/tvcg.2016.2598667""]"
I1280536761,I1282311441,1,"[""10.1109/visual.1995.485146""]"
I1280536761,I1327163397,1,"[""10.1109/visual.1999.809911""]"
I1280536761,I1343180700,1,"[""10.1109/visual.1997.663888""]"
I1280536761,I27837315,1,"[""10.1109/visual.1991.175831""]"
I1280536761,I36253440,1,"[""10.1109/tvcg.2006.128""]"
I1280536761,I4210090485,1,"[""10.1109/visual.1990.146398""]"
I1280536761,I4210090737,1,"[""10.1109/visual.2004.55""]"
I1280536761,I4210159476,1,"[""10.1109/visual.1992.235196""]"
I1280536761,I52357470,1,"[""10.1109/visual.1999.809910""]"
I1280536761,I63966007,1,"[""10.1109/visual.1997.663910""]"
I1280536761,I84218800,1,"[""10.1109/visual.1999.809910""]"
I1282105669,I1289243028,1,"[""10.1109/tvcg.2012.287""]"
I1282105669,I1343871089,1,"[""10.1109/tvcg.2022.3209413""]"
I1282105669,I143302722,1,"[""10.1109/tvcg.2023.3326920""]"
I1282105669,I157725225,1,"[""10.1109/tvcg.2024.3456182""]"
I1282105669,I174183983,1,"[""10.1109/tvcg.2012.287""]"
I1282105669,I180923762,1,"[""10.1109/tvcg.2023.3327366""]"
I1282105669,I20231570,1,"[""10.1109/tvcg.2017.2744059""]"
I1282105669,I39422238,1,"[""10.1109/tvcg.2024.3456182""]"
I1282105669,I4388446366,1,"[""10.1109/tvcg.2024.3456182""]"
I1282105669,I4388891828,1,"[""10.1109/tvcg.2016.2599041""]"
I1282105669,I84218800,1,"[""10.1109/vast.2017.8585646""]"
I1282113950,I219193219,1,"[""10.1109/vast.2007.4388994""]"
I1282311441,I1289243028,1,"[""10.1109/tvcg.2012.287""]"
I1282311441,I1297288678,1,"[""10.1109/tvcg.2011.199""]"
I1282311441,I130828816,1,"[""10.1109/tvcg.2012.287""]"
I1282311441,I137902535,1,"[""10.1109/visual.2005.1532800""]"
I1282311441,I138006243,1,"[""10.1109/tvcg.2020.3030357""]"
I1282311441,I153267046,1,"[""10.1109/visual.2001.964525""]"
I1282311441,I174183983,1,"[""10.1109/tvcg.2012.287""]"
I1282311441,I192454743,1,"[""10.1109/tvcg.2011.199""]"
I1282311441,I3132238960,1,"[""10.1109/tvcg.2007.70603""]"
I1282311441,I31746571,1,"[""10.1109/tvcg.2011.199""]"
I1282311441,I40120149,1,"[""10.1109/tvcg.2007.70603""]"
I1282311441,I4210127875,1,"[""10.1109/tvcg.2007.70587""]"
I1282311441,I4210138311,1,"[""10.1109/tvcg.2021.3114819""]"
I1282311441,I4210151938,1,"[""10.1109/tvcg.2017.2744079""]"
I1282311441,I52357470,1,"[""10.1109/visual.1996.568119""]"
I1282311441,I59270414,1,"[""10.1109/tvcg.2007.70603""]"
I1282311441,I8087733,1,"[""10.1109/visual.2003.1250408""]"
I1282311441,I86519309,1,"[""10.1109/visual.2000.885724""]"
I1282311441,I926574661,1,"[""10.1109/tvcg.2011.162""]"
I1282311441,I95457486,1,"[""10.1109/tvcg.2006.143""]"
I1283103587,I16391192,1,"[""10.1109/visual.2001.964489""]"
I1283103587,I20231570,1,"[""10.1109/tvcg.2012.236""]"
I1283103587,I31512782,1,"[""10.1109/visual.2001.964489""]"
I1283103587,I40347166,1,"[""10.1109/tvcg.2014.2346325""]"
I1283103587,I4210110987,1,"[""10.1109/visual.1991.175786""]"
I1283103587,I4210113003,1,"[""10.1109/visual.1991.175786""]"
I1283103587,I4210135397,1,"[""10.1109/visual.2001.964489""]"
I1283103587,I5124864,1,"[""10.1109/visual.1999.809870""]"
I1283103587,I56590836,1,"[""10.1109/tvcg.2006.156""]"
I1283103587,I68956291,1,"[""10.1109/infvis.1998.729559""]"
I1283103587,I8204097,1,"[""10.1109/infvis.1998.729559""]"
I1283280774,I200769079,1,"[""10.1109/tvcg.2009.112""]"
I1283280774,I219193219,1,"[""10.1109/tvcg.2008.148""]"
I1283280774,I27804330,1,"[""10.1109/tvcg.2009.112""]"
I1283280774,I4210117453,1,"[""10.1109/tvcg.2019.2934402""]"
I1283280774,I4210142372,1,"[""10.1109/visual.2003.1250424""]"
I1283280774,I4210144062,1,"[""10.1109/tvcg.2011.192""]"
I1283280774,I4210155419,1,"[""10.1109/tvcg.2021.3114786""]"
I1283280774,I76130692,1,"[""10.1109/tvcg.2009.112""]"
I1283280774,I87182695,1,"[""10.1109/tvcg.2019.2934402""]"
I1283280774,I889458895,1,"[""10.1109/tvcg.2009.112""]"
I1283280774,I99041443,1,"[""10.1109/tvcg.2009.112""]"
I1283382300,I4210135397,1,"[""10.1109/visual.1999.809918""]"
I1283595831,I83019370,1,"[""10.1109/tvcg.2015.2468078""]"
I1286329397,I57206974,1,"[""10.1109/scivis.2015.7429486""]"
I1286353243,I1294671590,1,"[""10.1109/tvcg.2021.3114844""]"
I1286353243,I168635309,1,"[""10.1109/tvcg.2021.3114844""]"
I1286353243,I18014758,1,"[""10.1109/tvcg.2021.3114844""]"
I1286353243,I26274970,1,"[""10.1109/tvcg.2017.2745279""]"
I1286353243,I2800129641,1,"[""10.1109/tvcg.2017.2745118""]"
I1286353243,I2801851002,1,"[""10.1109/tvcg.2017.2745118""]"
I1286353243,I39804081,1,"[""10.1109/tvcg.2021.3114844""]"
I1286353243,I4210141030,1,"[""10.1109/tvcg.2017.2745118""]"
I1286353243,I4210150358,1,"[""10.1109/tvcg.2021.3114844""]"
I1286353243,I4210160618,1,"[""10.1109/tvcg.2015.2468151""]"
I1286353243,I4210164937,1,"[""10.1109/tvcg.2016.2598444""]"
I1286353243,I45129253,1,"[""10.1109/tvcg.2017.2745118""]"
I1286704778,I130828816,1,"[""10.1109/visual.2004.112""]"
I1286704778,I86122600,1,"[""10.1109/visual.2004.112""]"
I1287378978,I12912129,1,"[""10.1109/tvcg.2023.3326589""]"
I1287378978,I74973139,1,"[""10.1109/tvcg.2023.3326589""]"
I1288214837,I130701444,1,"[""10.1109/visual.1998.745344""]"
I1288214837,I1327163397,1,"[""10.1109/visual.1999.809900""]"
I1288214837,I173911158,1,"[""10.1109/visual.1998.745344""]"
I1288214837,I4210138199,1,"[""10.1109/visual.1991.175784""]"
I1288214837,I4210138427,1,"[""10.1109/visual.1992.235212""]"
I1288214837,I4388482754,1,"[""10.1109/visual.1992.235212""]"
I1288214837,I52357470,1,"[""10.1109/visual.1997.663882""]"
I1288214837,I59553526,1,"[""10.1109/visual.1999.809900""]"
I1288214837,I99041443,1,"[""10.1109/vast.2009.5332586""]"
I1288783943,I161548249,1,"[""10.1109/tvcg.2023.3326580""]"
I1288783943,I66946132,1,"[""10.1109/tvcg.2023.3326580""]"
I1288882113,I202697423,1,"[""10.1109/tvcg.2014.2346459""]"
I1288882113,I2800628709,1,"[""10.1109/tvcg.2014.2346459""]"
I1288882113,I35440088,1,"[""10.1109/tvcg.2014.2346459""]"
I1289243028,I130701444,1,"[""10.1109/tvcg.2015.2467551""]"
I1289243028,I130828816,1,"[""10.1109/tvcg.2012.287""]"
I1289243028,I1313416372,1,"[""10.1109/tvcg.2014.2346755""]"
I1289243028,I174183983,1,"[""10.1109/tvcg.2012.287""]"
I1289243028,I203172682,1,"[""10.1109/tvcg.2014.2346755""]"
I1289243028,I219193219,1,"[""10.1109/tvcg.2010.133""]"
I1289243028,I2613432,1,"[""10.1109/tvcg.2023.3326592""]"
I1289243028,I2799567181,1,"[""10.1109/tvcg.2010.133""]"
I1289243028,I2800444561,1,"[""10.1109/tvcg.2015.2467551""]"
I1289243028,I2801613365,1,"[""10.1109/tvcg.2015.2467551""]"
I1289243028,I4210156081,1,"[""10.1109/tvcg.2010.133""]"
I1289243028,I57206974,1,"[""10.1109/tvcg.2014.2346755""]"
I1289243028,I79272384,1,"[""10.1109/tvcg.2015.2467551""]"
I1289243028,I91045830,1,"[""10.1109/tvcg.2015.2467551""]"
I1289490764,I18014758,1,"[""10.1109/vast.2007.4388997""]"
I1290206253,I12912129,1,"[""10.1109/tvcg.2012.291""]"
I1290206253,I1294671590,1,"[""10.1109/tvcg.2018.2865142""]"
I1290206253,I1326498283,1,"[""10.1109/vast.2010.5652880""]"
I1290206253,I154570441,1,"[""10.1109/tvcg.2011.186""]"
I1290206253,I162714631,1,"[""10.1109/tvcg.2014.2346747""]"
I1290206253,I165779595,1,"[""10.1109/tvcg.2008.130""]"
I1290206253,I165932596,1,"[""10.1109/tvcg.2013.191""]"
I1290206253,I168719708,1,"[""10.1109/tvcg.2014.2346919""]"
I1290206253,I172675005,1,"[""10.1109/tvcg.2014.2346919""]"
I1290206253,I175594653,1,"[""10.1109/tvcg.2014.2346293""]"
I1290206253,I185261750,1,"[""10.1109/tvcg.2021.3114849""]"
I1290206253,I189712700,1,"[""10.1109/tvcg.2022.3209450""]"
I1290206253,I201448701,1,"[""10.1109/tvcg.2011.251""]"
I1290206253,I204983213,1,"[""10.1109/tvcg.2014.2346920""]"
I1290206253,I205237279,1,"[""10.1109/tvcg.2014.2346433""]"
I1290206253,I219193219,1,"[""10.1109/tvcg.2014.2346747""]"
I1290206253,I277688954,1,"[""10.1109/tvcg.2019.2934397""]"
I1290206253,I27837315,1,"[""10.1109/tvcg.2013.119""]"
I1290206253,I30809798,1,"[""10.1109/tvcg.2024.3456320""]"
I1290206253,I35440088,1,"[""10.1109/tvcg.2021.3114849""]"
I1290206253,I4210127902,1,"[""10.1109/tvcg.2008.130""]"
I1290206253,I4210163771,1,"[""10.1109/tvcg.2018.2864903""]"
I1290206253,I42894916,1,"[""10.1109/tvcg.2008.130""]"
I1290206253,I55712492,1,"[""10.1109/tvcg.2014.2346919""]"
I1290206253,I56590836,1,"[""10.1109/tvcg.2016.2598958""]"
I1290206253,I76130692,1,"[""10.1109/tvcg.2014.2346433""]"
I1290206253,I82514191,1,"[""10.1109/tvcg.2018.2864903""]"
I1290206253,I848706,1,"[""10.1109/tvcg.2022.3209450""]"
I1290206253,I859038795,1,"[""10.1109/tvcg.2009.109""]"
I1290206253,I889458895,1,"[""10.1109/tvcg.2021.3114826""]"
I1290206253,I97018004,1,"[""10.1109/visual.2003.1250392""]"
I1290206253,I98358874,1,"[""10.1109/tvcg.2021.3114849""]"
I1290206253,I98677209,1,"[""10.1109/tvcg.2021.3114849""]"
I1290206253,I99065089,1,"[""10.1109/tvcg.2014.2346920""]"
I12912129,I1305429384,1,"[""10.1109/tvcg.2023.3327368""]"
I12912129,I135310074,1,"[""10.1109/tvcg.2020.3030434""]"
I12912129,I136199984,1,"[""10.1109/tvcg.2022.3209407""]"
I12912129,I200769079,1,"[""10.1109/tvcg.2012.291""]"
I12912129,I4210163771,1,"[""10.1109/tvcg.2023.3327158""]"
I12912129,I57206974,1,"[""10.1109/tvcg.2022.3209457""]"
I12912129,I74973139,1,"[""10.1109/tvcg.2023.3326589""]"
I1291425158,I197347611,1,"[""10.1109/tvcg.2017.2744478""]"
I1291425158,I219193219,1,"[""10.1109/tvcg.2015.2467195""]"
I1291425158,I66946132,1,"[""10.1109/tvcg.2017.2744478""]"
I1292875679,I2800497579,1,"[""10.1109/visual.1990.146372""]"
I1292875679,I2801239119,1,"[""10.1109/tvcg.2016.2598885""]"
I1292974536,I161057412,1,"[""10.1109/visual.1992.235200""]"
I1292974536,I4210095732,1,"[""10.1109/visual.2001.964518""]"
I1292974536,I52357470,1,"[""10.1109/visual.2001.964518""]"
I1294671590,I138006243,1,"[""10.1109/tvcg.2023.3327402""]"
I1294671590,I142476485,1,"[""10.1109/visual.1993.398897""]"
I1294671590,I142606810,1,"[""10.1109/tvcg.2012.228""]"
I1294671590,I143910747,1,"[""10.1109/tvcg.2023.3327402""]"
I1294671590,I165368041,1,"[""10.1109/tvcg.2023.3327369""]"
I1294671590,I168635309,1,"[""10.1109/tvcg.2021.3114844""]"
I1294671590,I177483745,1,"[""10.1109/visual.2005.1532787""]"
I1294671590,I18014758,1,"[""10.1109/tvcg.2021.3114844""]"
I1294671590,I180437899,1,"[""10.1109/tvcg.2024.3456335""]"
I1294671590,I189712700,1,"[""10.1109/tvcg.2023.3327402""]"
I1294671590,I193662353,1,"[""10.1109/tvcg.2023.3327402""]"
I1294671590,I200769079,1,"[""10.1109/tvcg.2024.3456368""]"
I1294671590,I205703379,1,"[""10.1109/tvcg.2014.2346434""]"
I1294671590,I21449261,1,"[""10.1109/tvcg.2024.3456327""]"
I1294671590,I216852786,1,"[""10.1109/tvcg.2011.160""]"
I1294671590,I2250653659,1,"[""10.1109/tvcg.2023.3326941""]"
I1294671590,I2800740805,1,"[""10.1109/tvcg.2024.3456327""]"
I1294671590,I2802076133,1,"[""10.1109/tvcg.2023.3326601""]"
I1294671590,I4210101743,1,"[""10.1109/infvis.2004.47""]"
I1294671590,I4210106889,1,"[""10.1109/tvcg.2014.2346434""]"
I1294671590,I4210114115,1,"[""10.1109/visual.1998.745327""]"
I1294671590,I4210133362,1,"[""10.1109/visual.1993.398897""]"
I1294671590,I4210144804,1,"[""10.1109/tvcg.2011.160""]"
I1294671590,I4210150358,1,"[""10.1109/tvcg.2021.3114844""]"
I1294671590,I4210165912,1,"[""10.1109/tvcg.2014.2346434""]"
I1294671590,I4432739,1,"[""10.1109/tvcg.2024.3456327""]"
I1294671590,I4665924,1,"[""10.1109/tvcg.2024.3456327""]"
I1294671590,I52357470,1,"[""10.1109/tvcg.2023.3327369""]"
I1294671590,I55732556,1,"[""10.1109/tvcg.2020.3030353""]"
I1294671590,I5593406,1,"[""10.1109/tvcg.2022.3209487""]"
I1294671590,I56590836,1,"[""10.1109/tvcg.2023.3327402""]"
I1294671590,I67031392,1,"[""10.1109/tvcg.2024.3456319""]"
I1294671590,I71920554,1,"[""10.1109/tvcg.2024.3456404""]"
I1294671590,I76571253,1,"[""10.1109/tvcg.2022.3209487""]"
I1294671590,I78650965,1,"[""10.1109/tvcg.2022.3209390""]"
I1294671590,I8078737,1,"[""10.1109/tvcg.2014.2346434""]"
I1294671590,I889458895,1,"[""10.1109/tvcg.2024.3456368""]"
I1294671590,I98677209,1,"[""10.1109/tvcg.2022.3209487""]"
I1295339012,I4210115859,1,"[""10.1109/infvis.1995.528687""]"
I1295801184,I4210099593,1,"[""10.1109/tvcg.2006.195""]"
I129604602,I145847075,1,"[""10.1109/tvcg.2012.221""]"
I129604602,I2801239119,1,"[""10.1109/tvcg.2017.2744418""]"
I129604602,I4210163178,1,"[""10.1109/tvcg.2017.2744418""]"
I129604602,I56590836,1,"[""10.1109/tvcg.2017.2744418""]"
I129604602,I99464096,1,"[""10.1109/tvcg.2012.221""]"
I1297288678,I192454743,1,"[""10.1109/tvcg.2011.199""]"
I1297288678,I223532165,1,"[""10.1109/tvcg.2011.199""]"
I1297288678,I31746571,1,"[""10.1109/tvcg.2011.199""]"
I129774422,I1326498283,1,"[""10.1109/tvcg.2013.126""]"
I129774422,I135140700,1,"[""10.1109/tvcg.2022.3209485""]"
I129774422,I136199984,1,"[""10.1109/tvcg.2024.3456406""]"
I129774422,I141945490,1,"[""10.1109/tvcg.2013.153""]"
I129774422,I166825849,1,"[""10.1109/tvcg.2016.2598495""]"
I129774422,I17653759,1,"[""10.1109/tvcg.2016.2598495""]"
I129774422,I177725633,1,"[""10.1109/tvcg.2017.2745919""]"
I129774422,I18014758,1,"[""10.1109/tvcg.2010.160""]"
I129774422,I189712700,1,"[""10.1109/tvcg.2016.2598495""]"
I129774422,I212119943,1,"[""10.1109/tvcg.2013.153""]"
I129774422,I24943067,1,"[""10.1109/tvcg.2024.3456145""]"
I129774422,I25485817,1,"[""10.1109/tvcg.2017.2744818""]"
I129774422,I2801851002,1,"[""10.1109/tvcg.2024.3456406""]"
I129774422,I3019423309,1,"[""10.1109/tvcg.2017.2744818""]"
I129774422,I31512782,1,"[""10.1109/tvcg.2017.2744818""]"
I129774422,I32943570,1,"[""10.1109/tvcg.2016.2598495""]"
I129774422,I35440088,1,"[""10.1109/tvcg.2017.2745158""]"
I129774422,I4210088715,1,"[""10.1109/visual.1998.745317""]"
I129774422,I4210115111,1,"[""10.1109/tvcg.2016.2598589""]"
I129774422,I4210133271,1,"[""10.1109/infvis.2002.1173149""]"
I129774422,I4210136249,1,"[""10.1109/tvcg.2014.2346321""]"
I129774422,I4210137306,1,"[""10.1109/visual.2004.72""]"
I129774422,I4210139483,1,"[""10.1109/tvcg.2010.160""]"
I129774422,I4210159895,1,"[""10.1109/infvis.2002.1173149""]"
I129774422,I4432739,1,"[""10.1109/tvcg.2014.2346321""]"
I129774422,I57206974,1,"[""10.1109/tvcg.2024.3456406""]"
I129774422,I60488453,1,"[""10.1109/tvcg.2016.2598495""]"
I129774422,I62318514,1,"[""10.1109/tvcg.2014.2346324""]"
I129774422,I71920554,1,"[""10.1109/tvcg.2014.2346324""]"
I129774422,I8087733,1,"[""10.1109/visual.2002.1183812""]"
I129774422,I887968799,1,"[""10.1109/tvcg.2017.2744138""]"
I1297991670,I20231570,1,"[""10.1109/vast.2016.7883510""]"
I1297991670,I258800397,1,"[""10.1109/vast.2016.7883510""]"
I1298353152,I130701444,1,"[""10.1109/vast.2015.7347625""]"
I1298353152,I142606810,1,"[""10.1109/vast.2015.7347625""]"
I1298353152,I79272384,1,"[""10.1109/visual.2000.885740""]"
I1299022934,I175594653,1,"[""10.1109/visual.2001.964545""]"
I1299022934,I223532165,1,"[""10.1109/visual.2005.1532807""]"
I1299022934,I4210087915,1,"[""10.1109/visual.2001.964545""]"
I129902397,I17974374,1,"[""10.1109/tvcg.2020.3030354""]"
I129902397,I4210142721,1,"[""10.1109/tvcg.2020.3030354""]"
I1299303238,I175594653,1,"[""10.1109/visual.2001.964545""]"
I1299303238,I223532165,1,"[""10.1109/visual.2005.1532807""]"
I1299303238,I27804330,1,"[""10.1109/tvcg.2020.3030429""]"
I1299303238,I27837315,1,"[""10.1109/tvcg.2020.3030429""]"
I1299303238,I4210087915,1,"[""10.1109/visual.2001.964545""]"
I1299907687,I200769079,1,"[""10.1109/tvcg.2020.3030342""]"
I1299907687,I4210164937,1,"[""10.1109/vast50239.2020.00007""]"
I1299907687,I55732556,1,"[""10.1109/vast50239.2020.00007""]"
I1299907687,I889458895,1,"[""10.1109/tvcg.2020.3030342""]"
I1299907687,I99065089,1,"[""10.1109/vast50239.2020.00007""]"
I1302368450,I200870766,1,"[""10.1109/visual.1998.745345""]"
I1302368450,I368840534,1,"[""10.1109/visual.1995.485169""]"
I1302368450,I4210135837,1,"[""10.1109/visual.1996.568145""]"
I1302368450,I4210153148,1,"[""10.1109/visual.1996.568145""]"
I130238516,I1316535847,1,"[""10.1109/tvcg.2024.3456377""]"
I130238516,I1343551460,1,"[""10.1109/tvcg.2019.2934546""]"
I130238516,I136199984,1,"[""10.1109/tvcg.2024.3456332""]"
I130238516,I157725225,1,"[""10.1109/tvcg.2013.121""]"
I130238516,I219193219,1,"[""10.1109/tvcg.2014.2346911""]"
I130238516,I39422238,1,"[""10.1109/tvcg.2019.2934546""]"
I130238516,I4210115791,1,"[""10.1109/tvcg.2009.152""]"
I130238516,I4210142429,1,"[""10.1109/tvcg.2014.2346911""]"
I130238516,I4388891828,1,"[""10.1109/tvcg.2014.2346911""]"
I130238516,I76130692,1,"[""10.1109/tvcg.2014.2346911""]"
I130238516,I86519309,1,"[""10.1109/tvcg.2019.2934260""]"
I1303153112,I223822909,1,"[""10.1109/tvcg.2015.2467291""]"
I1303153112,I85384741,1,"[""10.1109/tvcg.2015.2467291""]"
I1304256225,I135310074,1,"[""10.1109/visual.1992.235215""]"
I130440993,I4210145387,1,"[""10.1109/vast.2006.261417""]"
I130442723,I138006243,1,"[""10.1109/tvcg.2016.2598624""]"
I130442723,I18014758,1,"[""10.1109/tvcg.2019.2934415""]"
I130442723,I223532165,1,"[""10.1109/visual.2005.1532796""]"
I130442723,I59553526,1,"[""10.1109/visual.2005.1532824""]"
I130442723,I94328231,1,"[""10.1109/tvcg.2019.2934415""]"
I1305444813,I57206974,1,"[""10.1109/tvcg.2022.3209489""]"
I1306266525,I79272384,1,"[""10.1109/visual.1996.568109""]"
I1306409833,I134446601,1,"[""10.1109/tvcg.2010.151""]"
I1306409833,I154570441,1,"[""10.1109/tvcg.2019.2934281""]"
I1306409833,I157485424,1,"[""10.1109/tvcg.2021.3114814""]"
I1306409833,I177605424,1,"[""10.1109/tvcg.2022.3209456""]"
I1306409833,I205783295,1,"[""10.1109/tvcg.2016.2598620""]"
I1306409833,I4210113495,1,"[""10.1109/tvcg.2021.3114836""]"
I1306409833,I4210156583,1,"[""10.1109/tvcg.2016.2598620""]"
I1306409833,I4210164937,1,"[""10.1109/tvcg.2019.2934281""]"
I1306409833,I57206974,1,"[""10.1109/tvcg.2023.3327363""]"
I1306409833,I68891433,1,"[""10.1109/tvcg.2010.151""]"
I1306409833,I74973139,1,"[""10.1109/tvcg.2021.3114782""]"
I1306409833,I76130692,1,"[""10.1109/tvcg.2020.3028957""]"
I1306409833,I84218800,1,"[""10.1109/tvcg.2016.2598797""]"
I1306409833,I98677209,1,"[""10.1109/tvcg.2021.3114823""]"
I1306430637,I1327163397,1,"[""10.1109/visual.1998.745310""]"
I1306430637,I4210091615,1,"[""10.1109/visual.1998.745310""]"
I1306430637,I59553526,1,"[""10.1109/visual.1998.745310""]"
I1306490931,I4389425429,1,"[""10.1109/visual.1992.235173""]"
I1306490931,I84218800,1,"[""10.1109/visual.1996.568146""]"
I130701444,I1308906816,1,"[""10.1109/tvcg.2017.2744898""]"
I130701444,I131249849,1,"[""10.1109/tvcg.2020.3030418""]"
I130701444,I1326498283,1,"[""10.1109/vast.2007.4389013""]"
I130701444,I1341412227,1,"[""10.1109/tvcg.2014.2346574""]"
I130701444,I135310074,1,"[""10.1109/tvcg.2020.3030443""]"
I130701444,I154570441,1,"[""10.1109/tvcg.2019.2934281""]"
I130701444,I16285277,1,"[""10.1109/tvcg.2022.3209493""]"
I130701444,I166416128,1,"[""10.1109/visual.1995.480800""]"
I130701444,I170201317,1,"[""10.1109/tvcg.2022.3209403""]"
I130701444,I173911158,1,"[""10.1109/visual.1998.745344""]"
I130701444,I175594653,1,"[""10.1109/tvcg.2020.3030366""]"
I130701444,I185103710,1,"[""10.1109/tvcg.2007.70541""]"
I130701444,I185443292,1,"[""10.1109/tvcg.2013.212""]"
I130701444,I189712700,1,"[""10.1109/tvcg.2021.3114813""]"
I130701444,I193662353,1,"[""10.1109/tvcg.2021.3114813""]"
I130701444,I212119943,1,"[""10.1109/tvcg.2019.2934534""]"
I130701444,I219193219,1,"[""10.1109/tvcg.2008.181""]"
I130701444,I2252078561,1,"[""10.1109/tvcg.2017.2744718""]"
I130701444,I24603500,1,"[""10.1109/tvcg.2024.3456378""]"
I130701444,I2801613365,1,"[""10.1109/tvcg.2015.2467551""]"
I130701444,I2802536742,1,"[""10.1109/tvcg.2014.2346249""]"
I130701444,I2802612298,1,"[""10.1109/tvcg.2007.70515""]"
I130701444,I36258959,1,"[""10.1109/tvcg.2018.2865075""]"
I130701444,I39705031,1,"[""10.1109/tvcg.2018.2865027""]"
I130701444,I4210093996,1,"[""10.1109/tvcg.2024.3456405""]"
I130701444,I4210102939,1,"[""10.1109/tvcg.2023.3326512""]"
I130701444,I4210104735,1,"[""10.1109/tvcg.2018.2865146""]"
I130701444,I4210114115,1,"[""10.1109/tvcg.2016.2598446""]"
I130701444,I4210144804,1,"[""10.1109/vast.2007.4389013""]"
I130701444,I4210158876,1,"[""10.1109/tvcg.2022.3209403""]"
I130701444,I4210164937,1,"[""10.1109/tvcg.2019.2934281""]"
I130701444,I4388482740,1,"[""10.1109/vast47406.2019.8986922""]"
I130701444,I52357470,1,"[""10.1109/tvcg.2017.2744843""]"
I130701444,I63966007,1,"[""10.1109/tvcg.2019.2934281""]"
I130701444,I66862912,1,"[""10.1109/vast.2007.4389013""]"
I130701444,I67900169,1,"[""10.1109/tvcg.2018.2865027""]"
I130701444,I71838634,1,"[""10.1109/tvcg.2020.3030443""]"
I130701444,I74973139,1,"[""10.1109/tvcg.2022.3209403""]"
I130701444,I79272384,1,"[""10.1109/tvcg.2015.2467551""]"
I130701444,I91045830,1,"[""10.1109/tvcg.2015.2467551""]"
I1307098950,I150209017,1,"[""10.1109/tvcg.2020.3028956""]"
I1307098950,I22299242,1,"[""10.1109/tvcg.2020.3028956""]"
I1307098950,I36258959,1,"[""10.1109/tvcg.2020.3028956""]"
I130769515,I135310074,1,"[""10.1109/tvcg.2012.279""]"
I130769515,I154130895,1,"[""10.1109/tvcg.2012.279""]"
I130769515,I155173764,1,"[""10.1109/vast.2010.5652895""]"
I130769515,I162868743,1,"[""10.1109/tvcg.2015.2467619""]"
I130769515,I17145004,1,"[""10.1109/tvcg.2022.3209482""]"
I130769515,I195893171,1,"[""10.1109/visual.2002.1183824""]"
I130769515,I198415970,1,"[""10.1109/vast.2006.261431""]"
I130769515,I200769079,1,"[""10.1109/tvcg.2018.2864814""]"
I130769515,I2252078561,1,"[""10.1109/vast50239.2020.00015""]"
I130769515,I24943067,1,"[""10.1109/tvcg.2021.3114777""]"
I130769515,I27837315,1,"[""10.1109/vast.2012.6400558""]"
I130769515,I4092182,1,"[""10.1109/vast50239.2020.00015""]"
I130769515,I4210127646,1,"[""10.1109/visual.2002.1183824""]"
I130769515,I4210127843,1,"[""10.1109/tvcg.2021.3114777""]"
I130769515,I4210135837,1,"[""10.1109/visual.2002.1183824""]"
I130769515,I4210158283,1,"[""10.1109/infvis.1998.729563""]"
I130769515,I72816309,1,"[""10.1109/vast.2006.261431""]"
I130769515,I889458895,1,"[""10.1109/tvcg.2018.2864814""]"
I130769515,I99043593,1,"[""10.1109/tvcg.2012.279""]"
I130828816,I135598925,1,"[""10.1109/tvcg.2015.2467433""]"
I130828816,I139894009,1,"[""10.1109/tvcg.2020.3030424""]"
I130828816,I141591182,1,"[""10.1109/tvcg.2015.2467433""]"
I130828816,I148283060,1,"[""10.1109/tvcg.2024.3456322""]"
I130828816,I174183983,1,"[""10.1109/tvcg.2012.287""]"
I130828816,I191240316,1,"[""10.1109/visual.2000.885707""]"
I130828816,I199028557,1,"[""10.1109/tvcg.2015.2467433""]"
I130828816,I203951103,1,"[""10.1109/tvcg.2015.2467433""]"
I130828816,I39804081,1,"[""10.1109/tvcg.2016.2599017""]"
I130828816,I4210163771,1,"[""10.1109/tvcg.2020.3030424""]"
I130828816,I52099693,1,"[""10.1109/tvcg.2006.145""]"
I130828816,I74801974,1,"[""10.1109/tvcg.2015.2467433""]"
I130828816,I98358874,1,"[""10.1109/tvcg.2021.3114817""]"
I1311688040,I138006243,1,"[""10.1109/tvcg.2021.3114837""]"
I1311688040,I4210120115,1,"[""10.1109/tvcg.2021.3114837""]"
I131221577,I4210118379,1,"[""10.1109/tvcg.2015.2467758""]"
I131249849,I223532165,1,"[""10.1109/tvcg.2011.170""]"
I131249849,I4210114081,1,"[""10.1109/tvcg.2022.3209472""]"
I131249849,I44504214,1,"[""10.1109/tvcg.2008.176""]"
I131249849,I55732556,1,"[""10.1109/tvcg.2008.176""]"
I131249849,I66946132,1,"[""10.1109/tvcg.2022.3209472""]"
I1313416372,I203172682,1,"[""10.1109/tvcg.2014.2346755""]"
I1313416372,I57206974,1,"[""10.1109/tvcg.2014.2346755""]"
I1314135232,I1325736334,1,"[""10.1109/vast.2009.5333917""]"
I1314135232,I52357470,1,"[""10.1109/vast.2009.5333917""]"
I1316902750,I52357470,1,"[""10.1109/visual.1996.568127""]"
I1316958739,I44896327,1,"[""10.1109/visual.1991.175838""]"
I1319063186,I137902535,1,"[""10.1109/visual.1996.568110""]"
I1319063186,I175594653,1,"[""10.1109/visual.2001.964563""]"
I1319063186,I223532165,1,"[""10.1109/visual.1993.398876""]"
I1319063186,I81365321,1,"[""10.1109/visual.1994.346328""]"
I132118926,I1343190059,1,"[""10.1109/tvcg.2017.2743981""]"
I1321296531,I39422238,1,"[""10.1109/visual.1994.346291""]"
I1321826891,I84218800,1,"[""10.1109/vast.2012.6400494""]"
I1322731696,I40120149,1,"[""10.1109/tvcg.2023.3327178""]"
I1324840837,I153267046,1,"[""10.1109/visual.1990.146381""]"
I1325736334,I52357470,1,"[""10.1109/vast.2009.5333917""]"
I1325736334,I859038795,1,"[""10.1109/infvis.2002.1173146""]"
I1325784139,I19820366,1,"[""10.1109/vast.2015.7347632""]"
I1325784139,I99065089,1,"[""10.1109/vast.2015.7347632""]"
I1325886976,I2801851002,1,"[""10.1109/tvcg.2015.2467759""]"
I1325886976,I4092182,1,"[""10.1109/tvcg.2015.2467759""]"
I1326498283,I1343190059,1,"[""10.1109/tvcg.2019.2934334""]"
I1326498283,I134446601,1,"[""10.1109/tvcg.2013.164""]"
I1326498283,I145847075,1,"[""10.1109/tvcg.2019.2934334""]"
I1326498283,I15057530,1,"[""10.1109/tvcg.2023.3326596""]"
I1326498283,I168635309,1,"[""10.1109/tvcg.2021.3114844""]"
I1326498283,I174216632,1,"[""10.1109/vast.2011.6102446""]"
I1326498283,I177483745,1,"[""10.1109/visual.2005.1532787""]"
I1326498283,I18014758,1,"[""10.1109/tvcg.2021.3114844""]"
I1326498283,I180437899,1,"[""10.1109/tvcg.2024.3456335""]"
I1326498283,I189196454,1,"[""10.1109/tvcg.2019.2934288""]"
I1326498283,I189712700,1,"[""10.1109/tvcg.2016.2598467""]"
I1326498283,I200769079,1,"[""10.1109/tvcg.2015.2467851""]"
I1326498283,I201448701,1,"[""10.1109/tvcg.2015.2467851""]"
I1326498283,I219193219,1,"[""10.1109/tvcg.2019.2934288""]"
I1326498283,I2738703131,1,"[""10.1109/tvcg.2006.189""]"
I1326498283,I2800129641,1,"[""10.1109/tvcg.2017.2745118""]"
I1326498283,I2801317318,1,"[""10.1109/tvcg.2017.2745118""]"
I1326498283,I2801851002,1,"[""10.1109/tvcg.2017.2745118""]"
I1326498283,I2802519937,1,"[""10.1109/tvcg.2006.189""]"
I1326498283,I3018083178,1,"[""10.1109/tvcg.2015.2467851""]"
I1326498283,I31746571,1,"[""10.1109/tvcg.2009.201""]"
I1326498283,I39804081,1,"[""10.1109/tvcg.2021.3114844""]"
I1326498283,I4092182,1,"[""10.1109/tvcg.2016.2598467""]"
I1326498283,I4210097138,1,"[""10.1109/tvcg.2006.189""]"
I1326498283,I4210110792,1,"[""10.1109/visual.1999.809922""]"
I1326498283,I4210121838,1,"[""10.1109/tvcg.2009.201""]"
I1326498283,I4210126360,1,"[""10.1109/tvcg.2024.3456335""]"
I1326498283,I4210127166,1,"[""10.1109/visual.1999.809922""]"
I1326498283,I4210133369,1,"[""10.1109/visual.2005.1532802""]"
I1326498283,I4210136697,1,"[""10.1109/tvcg.2010.157""]"
I1326498283,I4210141030,1,"[""10.1109/tvcg.2017.2745118""]"
I1326498283,I4210142254,1,"[""10.1109/tvcg.2023.3326596""]"
I1326498283,I4210150049,1,"[""10.1109/tvcg.2006.189""]"
I1326498283,I4210150358,1,"[""10.1109/tvcg.2021.3114844""]"
I1326498283,I4210160189,1,"[""10.1109/tvcg.2023.3326596""]"
I1326498283,I45129253,1,"[""10.1109/tvcg.2017.2745118""]"
I1326498283,I50760025,1,"[""10.1109/tvcg.2015.2467202""]"
I1326498283,I51441396,1,"[""10.1109/visual.2002.1183778""]"
I1326498283,I66862912,1,"[""10.1109/vast.2007.4389013""]"
I1326498283,I66946132,1,"[""10.1109/tvcg.2019.2934288""]"
I1326498283,I70768539,1,"[""10.1109/infvis.2004.1""]"
I1326498283,I71920554,1,"[""10.1109/tvcg.2019.2934334""]"
I1326498283,I74753095,1,"[""10.1109/tvcg.2011.195""]"
I1326498283,I78650965,1,"[""10.1109/visual.2002.1183778""]"
I1326498283,I79272384,1,"[""10.1109/tvcg.2013.126""]"
I1326498283,I887968799,1,"[""10.1109/tvcg.2016.2598467""]"
I1326498283,I889458895,1,"[""10.1109/tvcg.2015.2467851""]"
I1326498283,I95457486,1,"[""10.1109/tvcg.2013.164""]"
I1327163397,I1344073410,1,"[""10.1109/visual.1994.346340""]"
I1327163397,I392282,1,"[""10.1109/visual.1997.663915""]"
I1327163397,I4210091615,1,"[""10.1109/visual.1998.745310""]"
I1327163397,I4210126298,1,"[""10.1109/visual.1995.480793""]"
I1327163397,I4210153043,1,"[""10.1109/visual.1995.480793""]"
I1327163397,I4210159266,1,"[""10.1109/visual.1997.663900""]"
I1327237609,I38877650,1,"[""10.1109/tvcg.2023.3327162""]"
I1327237609,I4092182,1,"[""10.1109/tvcg.2023.3327162""]"
I1327237609,I4210158984,1,"[""10.1109/tvcg.2023.3327162""]"
I1327237609,I76130692,1,"[""10.1109/tvcg.2023.3327162""]"
I1328775524,I139660479,1,"[""10.1109/tvcg.2018.2864503""]"
I1328775524,I76130692,1,"[""10.1109/tvcg.2018.2864503""]"
I1328775524,I90727586,1,"[""10.1109/tvcg.2018.2864503""]"
I1329219376,I204337017,1,"[""10.1109/tvcg.2023.3326937""]"
I1329325741,I183935753,1,"[""10.1109/tvcg.2008.180""]"
I1329325741,I4210122849,1,"[""10.1109/tvcg.2007.70550""]"
I1329325741,I98358874,1,"[""10.1109/tvcg.2015.2467872""]"
I132976966,I145847075,1,"[""10.1109/tvcg.2012.273""]"
I1330347796,I142606810,1,"[""10.1109/vast.2009.5333880""]"
I1332737386,I223532165,1,"[""10.1109/visual.2003.1250352""]"
I1333198813,I137230718,1,"[""10.1109/tvcg.2020.3030376""]"
I1333198813,I153267046,1,"[""10.1109/tvcg.2020.3030376""]"
I1333198813,I2799859273,1,"[""10.1109/tvcg.2020.3030376""]"
I1333198813,I4387152675,1,"[""10.1109/tvcg.2020.3030376""]"
I1333535994,I188538660,1,"[""10.1109/tvcg.2022.3209442""]"
I1333535994,I2802236040,1,"[""10.1109/tvcg.2022.3209442""]"
I1334627681,I84218800,1,"[""10.1109/vast50239.2020.00008""]"
I133543626,I59553526,1,"[""10.1109/tvcg.2022.3209392""]"
I133731052,I1341412227,1,"[""10.1109/tvcg.2013.224""]"
I133738476,I161057412,1,"[""10.1109/visual.1991.175809""]"
I133738476,I44896327,1,"[""10.1109/visual.1995.480801""]"
I133738476,I81020160,1,"[""10.1109/infvis.2003.1249018""]"
I1338135719,I185261750,1,"[""10.1109/tvcg.2022.3209444""]"
I133836048,I4210091929,1,"[""10.1109/tvcg.2016.2598789""]"
I133836048,I4210160447,1,"[""10.1109/tvcg.2016.2598789""]"
I133836048,I74973139,1,"[""10.1109/tvcg.2016.2598789""]"
I133836048,I84218800,1,"[""10.1109/tvcg.2016.2598789""]"
I134113660,I4210134512,1,"[""10.1109/tvcg.2018.2864844""]"
I134113660,I55732556,1,"[""10.1109/tvcg.2018.2864844""]"
I1341412227,I136199984,1,"[""10.1109/tvcg.2021.3114845""]"
I1341412227,I169381384,1,"[""10.1109/tvcg.2013.146""]"
I1341412227,I204250578,1,"[""10.1109/infvis.2003.1249005""]"
I1341412227,I205783295,1,"[""10.1109/tvcg.2021.3114845""]"
I1341412227,I4210085935,1,"[""10.1109/vast.2010.5652931""]"
I1341412227,I4210087032,1,"[""10.1109/tvcg.2008.155""]"
I1341412227,I4210112067,1,"[""10.1109/tvcg.2013.146""]"
I1341412227,I4210126794,1,"[""10.1109/tvcg.2010.154""]"
I1341412227,I55732556,1,"[""10.1109/tvcg.2010.154""]"
I1341412227,I57206974,1,"[""10.1109/tvcg.2014.2346482""]"
I1341412227,I592451,1,"[""10.1109/infvis.2002.1173143""]"
I1341412227,I66946132,1,"[""10.1109/tvcg.2012.225""]"
I1341412227,I87445476,1,"[""10.1109/vast.2011.6102458""]"
I1341412227,I91203450,1,"[""10.1109/tvcg.2015.2467322""]"
I134161618,I19820366,1,"[""10.1109/tvcg.2024.3456338""]"
I134161618,I31683504,1,"[""10.1109/tvcg.2024.3456338""]"
I134161618,I4210108629,1,"[""10.1109/tvcg.2024.3456338""]"
I134235054,I180825142,1,"[""10.1109/tvcg.2016.2598470""]"
I134235054,I4432739,1,"[""10.1109/tvcg.2016.2598470""]"
I1342911587,I27804330,1,"[""10.1109/visual.1993.398865""]"
I1343180700,I136199984,1,"[""10.1109/tvcg.2013.234""]"
I1343180700,I2802423016,1,"[""10.1109/tvcg.2009.164""]"
I1343180700,I4210146710,1,"[""10.1109/tvcg.2009.164""]"
I1343180700,I4210164234,1,"[""10.1109/visual.1997.663878""]"
I1343180700,I63966007,1,"[""10.1109/tvcg.2013.234""]"
I1343180700,I69048370,1,"[""10.1109/tvcg.2021.3114779""]"
I1343190059,I136199984,1,"[""10.1109/tvcg.2009.178""]"
I1343190059,I138211613,1,"[""10.1109/visual.2002.1183812""]"
I1343190059,I143804889,1,"[""10.1109/tvcg.2022.3209464""]"
I1343190059,I144889574,1,"[""10.1109/visual.2003.1250364""]"
I1343190059,I151201029,1,"[""10.1109/tvcg.2022.3209432""]"
I1343190059,I153267046,1,"[""10.1109/visual.2005.1532850""]"
I1343190059,I15766117,1,"[""10.1109/tvcg.2008.139""]"
I1343190059,I182712176,1,"[""10.1109/tvcg.2009.115""]"
I1343190059,I183935753,1,"[""10.1109/tvcg.2022.3209464""]"
I1343190059,I190397597,1,"[""10.1109/visual.2000.885697""]"
I1343190059,I195525897,1,"[""10.1109/tvcg.2009.121""]"
I1343190059,I195893171,1,"[""10.1109/tvcg.2009.198""]"
I1343190059,I202697423,1,"[""10.1109/tvcg.2019.2934784""]"
I1343190059,I204337017,1,"[""10.1109/tvcg.2024.3456347""]"
I1343190059,I206895457,1,"[""10.1109/tvcg.2008.147""]"
I1343190059,I21449261,1,"[""10.1109/tvcg.2017.2744258""]"
I1343190059,I223532165,1,"[""10.1109/tvcg.2009.178""]"
I1343190059,I36253440,1,"[""10.1109/tvcg.2007.70588""]"
I1343190059,I39555362,1,"[""10.1109/tvcg.2022.3209464""]"
I1343190059,I40120149,1,"[""10.1109/tvcg.2022.3209464""]"
I1343190059,I4210104684,1,"[""10.1109/tvcg.2022.3209464""]"
I1343190059,I4210115111,1,"[""10.1109/tvcg.2016.2598589""]"
I1343190059,I4210116233,1,"[""10.1109/vast.2012.6400556""]"
I1343190059,I4210119669,1,"[""10.1109/tvcg.2018.2865024""]"
I1343190059,I4210128666,1,"[""10.1109/vast.2014.7042481""]"
I1343190059,I4210133271,1,"[""10.1109/infvis.2002.1173149""]"
I1343190059,I4210135640,1,"[""10.1109/tvcg.2022.3209464""]"
I1343190059,I4210137046,1,"[""10.1109/infvis.2005.1532139""]"
I1343190059,I4210150252,1,"[""10.1109/tvcg.2009.198""]"
I1343190059,I4210159895,1,"[""10.1109/infvis.2002.1173149""]"
I1343190059,I4210160608,1,"[""10.1109/tvcg.2009.198""]"
I1343190059,I4210164942,1,"[""10.1109/tvcg.2017.2744518""]"
I1343190059,I4665924,1,"[""10.1109/tvcg.2009.110""]"
I1343190059,I47508984,1,"[""10.1109/tvcg.2020.3030409""]"
I1343190059,I48071105,1,"[""10.1109/visual.2005.1532850""]"
I1343190059,I76134821,1,"[""10.1109/visual.2004.98""]"
I1343190059,I7882870,1,"[""10.1109/tvcg.2022.3209464""]"
I1343190059,I8087733,1,"[""10.1109/visual.2002.1183812""]"
I1343190059,I94722563,1,"[""10.1109/tvcg.2023.3327203""]"
I1343871089,I142606810,1,"[""10.1109/visual.1998.745302""]"
I1343871089,I169521973,1,"[""10.1109/visual.1992.235207""]"
I1343871089,I179093154,1,"[""10.1109/tvcg.2017.2743978""]"
I1343871089,I2800289517,1,"[""10.1109/tvcg.2020.3028955""]"
I1343871089,I2800403580,1,"[""10.1109/tvcg.2019.2934260""]"
I1343871089,I3132238960,1,"[""10.1109/tvcg.2007.70543""]"
I1343871089,I40120149,1,"[""10.1109/tvcg.2020.3028955""]"
I1343871089,I4210101327,1,"[""10.1109/tvcg.2019.2934260""]"
I1343871089,I4210104735,1,"[""10.1109/visual.2004.115""]"
I1343871089,I55732556,1,"[""10.1109/tvcg.2023.3326584""]"
I1344073410,I59553526,1,"[""10.1109/visual.1994.346340""]"
I134446601,I135310074,1,"[""10.1109/tvcg.2022.3209405""]"
I134446601,I24603500,1,"[""10.1109/tvcg.2022.3209405""]"
I134446601,I4210163771,1,"[""10.1109/tvcg.2022.3209383""]"
I134446601,I68891433,1,"[""10.1109/tvcg.2010.151""]"
I134446601,I97018004,1,"[""10.1109/tvcg.2012.219""]"
I134560555,I4210092357,1,"[""10.1109/tvcg.2011.233""]"
I134560555,I4210144576,1,"[""10.1109/vast.2011.6102454""]"
I135140700,I180437899,1,"[""10.1109/visual.2004.32""]"
I135140700,I20231570,1,"[""10.1109/tvcg.2019.2934263""]"
I135140700,I40347166,1,"[""10.1109/tvcg.2013.181""]"
I135140700,I4210105990,1,"[""10.1109/tvcg.2020.3030399""]"
I135140700,I62318514,1,"[""10.1109/visual.2004.32""]"
I135140700,I83019370,1,"[""10.1109/visual.2004.32""]"
I135140700,I95793202,1,"[""10.1109/tvcg.2015.2467435""]"
I135140700,I98358874,1,"[""10.1109/tvcg.2015.2467435""]"
I135191193,I165932596,1,"[""10.1109/visual.1996.567609""]"
I135191193,I188538660,1,"[""10.1109/tvcg.2020.3030439""]"
I135191193,I2802236040,1,"[""10.1109/tvcg.2020.3030439""]"
I135310074,I154130895,1,"[""10.1109/tvcg.2012.279""]"
I135310074,I180923762,1,"[""10.1109/tvcg.2024.3456305""]"
I135310074,I201448701,1,"[""10.1109/vast.2016.7883519""]"
I135310074,I24603500,1,"[""10.1109/tvcg.2022.3209405""]"
I135310074,I27804330,1,"[""10.1109/tvcg.2018.2865147""]"
I135310074,I2801436432,1,"[""10.1109/vast.2014.7042493""]"
I135310074,I59553526,1,"[""10.1109/tvcg.2022.3209422""]"
I135310074,I71838634,1,"[""10.1109/tvcg.2020.3030443""]"
I135310074,I87182695,1,"[""10.1109/tvcg.2021.3114780""]"
I135310074,I99043593,1,"[""10.1109/tvcg.2012.279""]"
I135598925,I141591182,1,"[""10.1109/tvcg.2015.2467433""]"
I135598925,I199028557,1,"[""10.1109/tvcg.2015.2467433""]"
I135598925,I203951103,1,"[""10.1109/tvcg.2015.2467433""]"
I135598925,I74801974,1,"[""10.1109/tvcg.2015.2467433""]"
I136199984,I139264467,1,"[""10.1109/tvcg.2020.3030419""]"
I136199984,I145847075,1,"[""10.1109/tvcg.2023.3327193""]"
I136199984,I169173203,1,"[""10.1109/tvcg.2017.2745280""]"
I136199984,I185103710,1,"[""10.1109/tvcg.2017.2745280""]"
I136199984,I204730241,1,"[""10.1109/tvcg.2017.2745280""]"
I136199984,I219193219,1,"[""10.1109/tvcg.2008.148""]"
I136199984,I223532165,1,"[""10.1109/tvcg.2009.178""]"
I136199984,I24603500,1,"[""10.1109/tvcg.2023.3326579""]"
I136199984,I27837315,1,"[""10.1109/tvcg.2015.2467732""]"
I136199984,I2800935791,1,"[""10.1109/tvcg.2022.3209497""]"
I136199984,I2802946424,1,"[""10.1109/tvcg.2023.3327388""]"
I136199984,I35440088,1,"[""10.1109/tvcg.2022.3209353""]"
I136199984,I36819085,1,"[""10.1109/tvcg.2022.3209388""]"
I136199984,I39422238,1,"[""10.1109/tvcg.2017.2745280""]"
I136199984,I40120149,1,"[""10.1109/tvcg.2009.177""]"
I136199984,I40347166,1,"[""10.1109/tvcg.2009.177""]"
I136199984,I4092182,1,"[""10.1109/tvcg.2019.2934300""]"
I136199984,I4210121988,1,"[""10.1109/tvcg.2017.2744118""]"
I136199984,I4210142140,1,"[""10.1109/tvcg.2017.2744118""]"
I136199984,I4210144062,1,"[""10.1109/tvcg.2011.192""]"
I136199984,I4210156583,1,"[""10.1109/tvcg.2016.2598620""]"
I136199984,I57206974,1,"[""10.1109/tvcg.2024.3456406""]"
I136199984,I62318514,1,"[""10.1109/tvcg.2021.3114802""]"
I136199984,I62916508,1,"[""10.1109/tvcg.2010.168""]"
I136199984,I79576946,1,"[""10.1109/tvcg.2023.3327388""]"
I136199984,I848706,1,"[""10.1109/tvcg.2020.3030419""]"
I136199984,I859038795,1,"[""10.1109/tvcg.2022.3209353""]"
I136199984,I97018004,1,"[""10.1109/tvcg.2014.2346371""]"
I137230718,I153267046,1,"[""10.1109/tvcg.2020.3030376""]"
I137230718,I2799859273,1,"[""10.1109/tvcg.2020.3030376""]"
I137230718,I4387152675,1,"[""10.1109/tvcg.2020.3030376""]"
I137265193,I161548249,1,"[""10.1109/tvcg.2015.2467271""]"
I137265193,I40120149,1,"[""10.1109/tvcg.2018.2865025""]"
I137265193,I86519309,1,"[""10.1109/tvcg.2018.2865025""]"
I137479271,I200332995,1,"[""10.1109/tvcg.2018.2864846""]"
I137479271,I926574661,1,"[""10.1109/tvcg.2018.2864846""]"
I137902535,I146416000,1,"[""10.1109/vast.2006.261435""]"
I137902535,I170897317,1,"[""10.1109/tvcg.2015.2468093""]"
I137902535,I216852786,1,"[""10.1109/tvcg.2010.159""]"
I137902535,I2801313472,1,"[""10.1109/tvcg.2015.2468093""]"
I137902535,I2948394018,1,"[""10.1109/visual.2005.1532838""]"
I137902535,I40120149,1,"[""10.1109/tvcg.2010.202""]"
I137902535,I4210150884,1,"[""10.1109/visual.2002.1183768""]"
I137902535,I4210163870,1,"[""10.1109/tvcg.2010.202""]"
I137902535,I84218800,1,"[""10.1109/visual.2002.1183816""]"
I137902535,I87097829,1,"[""10.1109/visual.1999.809883""]"
I137975476,I4210133125,1,"[""10.1109/infvis.1997.636778""]"
I138006243,I143910747,1,"[""10.1109/tvcg.2023.3327402""]"
I138006243,I145847075,1,"[""10.1109/tvcg.2020.3030475""]"
I138006243,I15057530,1,"[""10.1109/tvcg.2023.3327402""]"
I138006243,I189712700,1,"[""10.1109/tvcg.2023.3327402""]"
I138006243,I193662353,1,"[""10.1109/tvcg.2023.3327402""]"
I138006243,I25112270,1,"[""10.1109/tvcg.2016.2598694""]"
I138006243,I2613432,1,"[""10.1109/tvcg.2019.2934802""]"
I138006243,I4210120115,1,"[""10.1109/tvcg.2021.3114837""]"
I138006243,I4210142254,1,"[""10.1109/tvcg.2023.3327402""]"
I138006243,I4210160189,1,"[""10.1109/tvcg.2023.3327402""]"
I138006243,I4210163771,1,"[""10.1109/tvcg.2018.2864907""]"
I138006243,I52357470,1,"[""10.1109/tvcg.2019.2934802""]"
I138006243,I56590836,1,"[""10.1109/tvcg.2023.3327402""]"
I138006243,I592451,1,"[""10.1109/tvcg.2014.2346422""]"
I138006243,I66946132,1,"[""10.1109/tvcg.2020.3028891""]"
I13805885,I223532165,1,"[""10.1109/tvcg.2017.2744058""]"
I138211613,I4210122765,1,"[""10.1109/vast.2012.6400555""]"
I138211613,I74788687,1,"[""10.1109/visual.2004.104""]"
I138211613,I8087733,1,"[""10.1109/visual.2002.1183812""]"
I138285227,I36253440,1,"[""10.1109/tvcg.2007.70583""]"
I138285227,I4210165024,1,"[""10.1109/tvcg.2008.117""]"
I138285227,I5023651,1,"[""10.1109/vast.2009.5333895""]"
I138801177,I4210130048,1,"[""10.1109/visual.1991.175801""]"
I138801177,I45129253,1,"[""10.1109/visual.1991.175801""]"
I138801177,I47508984,1,"[""10.1109/visual.1991.175801""]"
I139264467,I197347611,1,"[""10.1109/tvcg.2010.155""]"
I139264467,I223532165,1,"[""10.1109/tvcg.2023.3327201""]"
I139264467,I2250650973,1,"[""10.1109/tvcg.2020.3030414""]"
I139264467,I2799891827,1,"[""10.1109/tvcg.2020.3030414""]"
I139264467,I2799980853,1,"[""10.1109/tvcg.2024.3456215""]"
I139264467,I2802194831,1,"[""10.1109/tvcg.2016.2598796""]"
I139264467,I4210115485,1,"[""10.1109/tvcg.2018.2865141""]"
I139264467,I4210144839,1,"[""10.1109/tvcg.2023.3327187""]"
I139264467,I48566637,1,"[""10.1109/tvcg.2023.3327201""]"
I139264467,I66946132,1,"[""10.1109/tvcg.2020.3030414""]"
I139264467,I84218800,1,"[""10.1109/tvcg.2023.3327187""]"
I139506611,I141945490,1,"[""10.1109/tvcg.2006.177""]"
I139506611,I15057530,1,"[""10.1109/tvcg.2006.177""]"
I139506611,I4387154582,1,"[""10.1109/tvcg.2006.177""]"
I13955877,I189712700,1,"[""10.1109/tvcg.2022.3209458""]"
I13955877,I2799323385,1,"[""10.1109/tvcg.2022.3209458""]"
I13955877,I35440088,1,"[""10.1109/tvcg.2022.3209458""]"
I139660479,I145581781,1,"[""10.1109/vast50239.2020.00014""]"
I139660479,I151727225,1,"[""10.1109/tvcg.2022.3209469""]"
I139660479,I154099455,1,"[""10.1109/tvcg.2018.2865020""]"
I139660479,I165932596,1,"[""10.1109/tvcg.2017.2744098""]"
I139660479,I191208505,1,"[""10.1109/tvcg.2020.3030410""]"
I139660479,I205237279,1,"[""10.1109/tvcg.2022.3209347""]"
I139660479,I2252078561,1,"[""10.1109/vast50239.2020.00015""]"
I139660479,I38877650,1,"[""10.1109/vast50239.2020.00006""]"
I139660479,I39555362,1,"[""10.1109/tvcg.2020.3030410""]"
I139660479,I4210145761,1,"[""10.1109/tvcg.2020.3030410""]"
I139660479,I50760025,1,"[""10.1109/vast50239.2020.00006""]"
I139660479,I55538621,1,"[""10.1109/vast50239.2020.00006""]"
I139660479,I69356397,1,"[""10.1109/tvcg.2020.3030432""]"
I139660479,I80143920,1,"[""10.1109/tvcg.2021.3114694""]"
I139894009,I4210163771,1,"[""10.1109/tvcg.2020.3030424""]"
I141371507,I2250650973,1,"[""10.1109/tvcg.2020.3030414""]"
I141371507,I2799891827,1,"[""10.1109/tvcg.2020.3030414""]"
I141371507,I2802194831,1,"[""10.1109/tvcg.2016.2598796""]"
I141371507,I66946132,1,"[""10.1109/tvcg.2020.3030414""]"
I141591182,I199028557,1,"[""10.1109/tvcg.2015.2467433""]"
I141591182,I203951103,1,"[""10.1109/tvcg.2015.2467433""]"
I141591182,I74801974,1,"[""10.1109/tvcg.2015.2467433""]"
I141720752,I69048370,1,"[""10.1109/tvcg.2024.3456381""]"
I141945490,I15057530,1,"[""10.1109/tvcg.2006.177""]"
I141945490,I188538660,1,"[""10.1109/tvcg.2020.3029413""]"
I141945490,I189712700,1,"[""10.1109/tvcg.2015.2467555""]"
I141945490,I223532165,1,"[""10.1109/tvcg.2012.213""]"
I141945490,I24603500,1,"[""10.1109/tvcg.2020.3029413""]"
I141945490,I27837315,1,"[""10.1109/tvcg.2015.2467732""]"
I141945490,I2801607516,1,"[""10.1109/tvcg.2014.2346431""]"
I141945490,I2802236040,1,"[""10.1109/tvcg.2020.3029413""]"
I141945490,I36253440,1,"[""10.1109/tvcg.2007.70583""]"
I141945490,I4210165024,1,"[""10.1109/tvcg.2008.117""]"
I141945490,I4387154582,1,"[""10.1109/tvcg.2006.177""]"
I141945490,I51441396,1,"[""10.1109/infvis.2005.1532127""]"
I141945490,I56590836,1,"[""10.1109/tvcg.2024.3456399""]"
I141945490,I63966007,1,"[""10.1109/tvcg.2015.2467732""]"
I141945490,I87216513,1,"[""10.1109/tvcg.2015.2467555""]"
I141945490,I95457486,1,"[""10.1109/visual.1997.663855""]"
I142108993,I59553526,1,"[""10.1109/tvcg.2024.3456141""]"
I14243506,I308837,1,"[""10.1109/tvcg.2021.3114762""]"
I14243506,I66867065,1,"[""10.1109/tvcg.2021.3114762""]"
I142476485,I4210133362,1,"[""10.1109/visual.1993.398897""]"
I142606810,I200769079,1,"[""10.1109/tvcg.2008.135""]"
I142606810,I20231570,1,"[""10.1109/tvcg.2008.135""]"
I142606810,I219193219,1,"[""10.1109/tvcg.2014.2346575""]"
I142606810,I223532165,1,"[""10.1109/tvcg.2012.228""]"
I142606810,I4394709130,1,"[""10.1109/vast.2017.8585720""]"
I142606810,I52669646,1,"[""10.1109/tvcg.2022.3209454""]"
I142606810,I55732556,1,"[""10.1109/tvcg.2019.2934540""]"
I142606810,I59553526,1,"[""10.1109/vast.2007.4388999""]"
I142606810,I84218800,1,"[""10.1109/tvcg.2013.138""]"
I142606810,I859038795,1,"[""10.1109/vast.2009.5333245""]"
I142606810,I889458895,1,"[""10.1109/tvcg.2008.135""]"
I143288331,I193662353,1,"[""10.1109/tvcg.2024.3456308""]"
I143302722,I173911158,1,"[""10.1109/tvcg.2024.3456337""]"
I143804889,I180825142,1,"[""10.1109/tvcg.2013.132""]"
I143804889,I183935753,1,"[""10.1109/tvcg.2022.3209464""]"
I143804889,I39555362,1,"[""10.1109/tvcg.2022.3209464""]"
I143804889,I40120149,1,"[""10.1109/tvcg.2022.3209464""]"
I143804889,I4210104684,1,"[""10.1109/tvcg.2022.3209464""]"
I143804889,I4210135640,1,"[""10.1109/tvcg.2022.3209464""]"
I143804889,I60488453,1,"[""10.1109/tvcg.2013.132""]"
I143804889,I7882870,1,"[""10.1109/tvcg.2022.3209464""]"
I143910747,I15057530,1,"[""10.1109/tvcg.2023.3327402""]"
I143910747,I189712700,1,"[""10.1109/tvcg.2023.3327402""]"
I143910747,I193662353,1,"[""10.1109/tvcg.2023.3327402""]"
I143910747,I4210142254,1,"[""10.1109/tvcg.2023.3327402""]"
I143910747,I4210146756,1,"[""10.1109/tvcg.2023.3326523""]"
I143910747,I4210160189,1,"[""10.1109/tvcg.2023.3327402""]"
I143910747,I51783024,1,"[""10.1109/tvcg.2023.3326523""]"
I143910747,I56590836,1,"[""10.1109/tvcg.2023.3327402""]"
I143910747,I76198965,1,"[""10.1109/tvcg.2023.3326523""]"
I145311948,I20089843,1,"[""10.1109/visual.1990.146393""]"
I145311948,I2799853436,1,"[""10.1109/visual.2000.885739""]"
I145311948,I2802946424,1,"[""10.1109/visual.1991.175832""]"
I145311948,I32625721,1,"[""10.1109/visual.1990.146385""]"
I145311948,I4210114115,1,"[""10.1109/visual.2000.885739""]"
I145311948,I4210127875,1,"[""10.1109/tvcg.2007.70587""]"
I145847075,I145872427,1,"[""10.1109/visual.2005.1532847""]"
I145847075,I15057530,1,"[""10.1109/tvcg.2021.3114795""]"
I145847075,I151201029,1,"[""10.1109/tvcg.2022.3209432""]"
I145847075,I179863766,1,"[""10.1109/tvcg.2020.3030436""]"
I145847075,I18014758,1,"[""10.1109/visual.2001.964498""]"
I145847075,I182712176,1,"[""10.1109/tvcg.2009.115""]"
I145847075,I189712700,1,"[""10.1109/tvcg.2022.3209393""]"
I145847075,I190249584,1,"[""10.1109/visual.2000.885732""]"
I145847075,I190397597,1,"[""10.1109/visual.2000.885697""]"
I145847075,I195525897,1,"[""10.1109/tvcg.2009.121""]"
I145847075,I195893171,1,"[""10.1109/tvcg.2009.198""]"
I145847075,I200166805,1,"[""10.1109/tvcg.2011.215""]"
I145847075,I200769079,1,"[""10.1109/vast.2014.7042490""]"
I145847075,I202697423,1,"[""10.1109/tvcg.2019.2934784""]"
I145847075,I204337017,1,"[""10.1109/tvcg.2024.3456347""]"
I145847075,I206895457,1,"[""10.1109/tvcg.2006.148""]"
I145847075,I251424209,1,"[""10.1109/tvcg.2006.152""]"
I145847075,I2800297018,1,"[""10.1109/tvcg.2008.170""]"
I145847075,I2801238018,1,"[""10.1109/visual.2005.1532847""]"
I145847075,I2801851002,1,"[""10.1109/tvcg.2015.2467911""]"
I145847075,I3019423309,1,"[""10.1109/tvcg.2016.2598468""]"
I145847075,I39470171,1,"[""10.1109/tvcg.2023.3327152""]"
I145847075,I39586589,1,"[""10.1109/tvcg.2021.3114795""]"
I145847075,I4210098606,1,"[""10.1109/tvcg.2009.115""]"
I145847075,I4210100869,1,"[""10.1109/tvcg.2013.215""]"
I145847075,I4210102302,1,"[""10.1109/tvcg.2022.3209411""]"
I145847075,I4210136987,1,"[""10.1109/tvcg.2022.3209411""]"
I145847075,I4210150252,1,"[""10.1109/tvcg.2009.198""]"
I145847075,I4210153395,1,"[""10.1109/tvcg.2007.70576""]"
I145847075,I4210160384,1,"[""10.1109/tvcg.2015.2467911""]"
I145847075,I4210160608,1,"[""10.1109/tvcg.2009.198""]"
I145847075,I4210167330,1,"[""10.1109/tvcg.2020.3030415""]"
I145847075,I44504214,1,"[""10.1109/tvcg.2018.2864491""]"
I145847075,I47508984,1,"[""10.1109/tvcg.2020.3030409""]"
I145847075,I49324905,1,"[""10.1109/tvcg.2008.170""]"
I145847075,I74788687,1,"[""10.1109/visual.2004.104""]"
I145847075,I76130692,1,"[""10.1109/vast.2014.7042490""]"
I145847075,I8087733,1,"[""10.1109/visual.2002.1183812""]"
I145847075,I889458895,1,"[""10.1109/vast.2014.7042490""]"
I145847075,I94722563,1,"[""10.1109/tvcg.2023.3327203""]"
I145847075,I97018004,1,"[""10.1109/visual.2003.1250353""]"
I145847075,I99464096,1,"[""10.1109/tvcg.2012.221""]"
I145872427,I4210122849,1,"[""10.1109/visual.2005.1532847""]"
I145894827,I63966007,1,"[""10.1109/tvcg.2020.3030367""]"
I146399215,I26120043,1,"[""10.1109/visual.1995.480807""]"
I147554453,I76130692,1,"[""10.1109/tvcg.2012.267""]"
I148283060,I153267046,1,"[""10.1109/tvcg.2019.2934368""]"
I148283060,I223532165,1,"[""10.1109/tvcg.2024.3456322""]"
I148283060,I3132238960,1,"[""10.1109/tvcg.2007.70601""]"
I148283060,I4210127875,1,"[""10.1109/tvcg.2019.2934368""]"
I148283060,I4210151791,1,"[""10.1109/tvcg.2017.2744479""]"
I148283060,I4387152675,1,"[""10.1109/tvcg.2023.3326526""]"
I148283060,I55732556,1,"[""10.1109/tvcg.2019.2934368""]"
I148366613,I87354575,1,"[""10.1109/tvcg.2011.205""]"
I149768937,I95674353,1,"[""10.1109/tvcg.2022.3209449""]"
I149899117,I157556583,1,"[""10.1109/tvcg.2014.2346432""]"
I149899117,I177802217,1,"[""10.1109/visual.2005.1532816""]"
I149899117,I195893171,1,"[""10.1109/visual.2005.1532842""]"
I149899117,I205703379,1,"[""10.1109/tvcg.2014.2346432""]"
I149899117,I2800289517,1,"[""10.1109/tvcg.2009.197""]"
I149899117,I35440088,1,"[""10.1109/tvcg.2014.2346432""]"
I149899117,I78577930,1,"[""10.1109/tvcg.2014.2346432""]"
I149910238,I161171246,1,"[""10.1109/tvcg.2021.3114853""]"
I149910238,I162714631,1,"[""10.1109/tvcg.2022.3209455""]"
I149910238,I164389053,1,"[""10.1109/tvcg.2022.3209455""]"
I149910238,I173759888,1,"[""10.1109/vast.2014.7042486""]"
I149910238,I200870766,1,"[""10.1109/tvcg.2020.3030384""]"
I149910238,I204553293,1,"[""10.1109/tvcg.2016.2598416""]"
I149910238,I38877650,1,"[""10.1109/tvcg.2019.2934671""]"
I149910238,I55712492,1,"[""10.1109/vast.2014.7042486""]"
I149910238,I59553526,1,"[""10.1109/tvcg.2020.3030384""]"
I149910238,I79891267,1,"[""10.1109/tvcg.2022.3209455""]"
I150209017,I181653535,1,"[""10.1109/visual.1992.235176""]"
I150209017,I22299242,1,"[""10.1109/tvcg.2020.3028956""]"
I150209017,I36258959,1,"[""10.1109/tvcg.2020.3028956""]"
I150229711,I4210094970,1,"[""10.1109/tvcg.2021.3114812""]"
I150468666,I2800444561,1,"[""10.1109/tvcg.2021.3114820""]"
I150569930,I189712700,1,"[""10.1109/infvis.2004.57""]"
I15057530,I189712700,1,"[""10.1109/tvcg.2023.3327402""]"
I15057530,I193662353,1,"[""10.1109/tvcg.2023.3327402""]"
I15057530,I39586589,1,"[""10.1109/tvcg.2021.3114795""]"
I15057530,I4387154582,1,"[""10.1109/tvcg.2006.177""]"
I15057530,I56590836,1,"[""10.1109/tvcg.2023.3327402""]"
I150653062,I83019370,1,"[""10.1109/tvcg.2006.200""]"
I151201029,I56858762,1,"[""10.1109/tvcg.2022.3209432""]"
I151746483,I153908563,1,"[""10.1109/infvis.1996.559212""]"
I151746483,I167576493,1,"[""10.1109/visual.2002.1183786""]"
I151746483,I185261750,1,"[""10.1109/tvcg.2019.2934797""]"
I151746483,I200769079,1,"[""10.1109/tvcg.2021.3114822""]"
I151746483,I26274970,1,"[""10.1109/vast50239.2020.00010""]"
I151746483,I2799337515,1,"[""10.1109/visual.1995.480790""]"
I151746483,I4210150121,1,"[""10.1109/tvcg.2024.3456361""]"
I151746483,I889458895,1,"[""10.1109/tvcg.2021.3114822""]"
I151746483,I98358874,1,"[""10.1109/tvcg.2024.3456361""]"
I15196421,I2614128279,1,"[""10.1109/tvcg.2011.168""]"
I15196421,I4210118689,1,"[""10.1109/tvcg.2011.168""]"
I153267046,I219193219,1,"[""10.1109/tvcg.2008.133""]"
I153267046,I2799859273,1,"[""10.1109/tvcg.2020.3030376""]"
I153267046,I2802076133,1,"[""10.1109/tvcg.2023.3326601""]"
I153267046,I2898391981,1,"[""10.1109/tvcg.2012.239""]"
I153267046,I3129407955,1,"[""10.1109/visual.1994.346315""]"
I153267046,I33256026,1,"[""10.1109/tvcg.2006.125""]"
I153267046,I35440088,1,"[""10.1109/tvcg.2014.2346447""]"
I153267046,I4210127875,1,"[""10.1109/tvcg.2019.2934368""]"
I153267046,I4210160527,1,"[""10.1109/tvcg.2012.239""]"
I153267046,I48071105,1,"[""10.1109/visual.2005.1532850""]"
I153267046,I68947357,1,"[""10.1109/tvcg.2009.204""]"
I153648349,I180825142,1,"[""10.1109/tvcg.2007.70558""]"
I154099455,I179026463,1,"[""10.1109/tvcg.2018.2865020""]"
I154099455,I197251160,1,"[""10.1109/tvcg.2020.3030406""]"
I154099455,I19820366,1,"[""10.1109/tvcg.2018.2865266""]"
I154099455,I200769079,1,"[""10.1109/tvcg.2020.3030404""]"
I154099455,I223532165,1,"[""10.1109/tvcg.2020.3030368""]"
I154099455,I277688954,1,"[""10.1109/tvcg.2021.3114880""]"
I154099455,I4210098034,1,"[""10.1109/tvcg.2019.2934805""]"
I154099455,I4210145761,1,"[""10.1109/tvcg.2018.2865266""]"
I154099455,I4210163771,1,"[""10.1109/tvcg.2019.2934796""]"
I154099455,I4210164937,1,"[""10.1109/tvcg.2019.2934783""]"
I154099455,I43522216,1,"[""10.1109/tvcg.2023.3327149""]"
I154099455,I66867065,1,"[""10.1109/tvcg.2021.3114761""]"
I154099455,I66946132,1,"[""10.1109/tvcg.2023.3327354""]"
I154099455,I74973139,1,"[""10.1109/tvcg.2021.3114865""]"
I154099455,I76130692,1,"[""10.1109/tvcg.2018.2865020""]"
I154099455,I79891267,1,"[""10.1109/tvcg.2022.3209371""]"
I154130895,I205783295,1,"[""10.1109/visual.1994.346331""]"
I154130895,I99043593,1,"[""10.1109/tvcg.2012.279""]"
I154570441,I180825142,1,"[""10.1109/tvcg.2007.70570""]"
I154570441,I201448701,1,"[""10.1109/tvcg.2019.2934281""]"
I154570441,I20231570,1,"[""10.1109/tvcg.2014.2346291""]"
I154570441,I24943067,1,"[""10.1109/tvcg.2022.3209461""]"
I154570441,I63966007,1,"[""10.1109/tvcg.2019.2934281""]"
I154986956,I223822909,1,"[""10.1109/tvcg.2017.2743989""]"
I154986956,I2898391981,1,"[""10.1109/tvcg.2018.2864806""]"
I154986956,I62916508,1,"[""10.1109/tvcg.2017.2743989""]"
I155093810,I223532165,1,"[""10.1109/tvcg.2020.3030405""]"
I155093810,I72951846,1,"[""10.1109/tvcg.2020.3030405""]"
I155173764,I185261750,1,"[""10.1109/tvcg.2019.2934797""]"
I155173764,I200769079,1,"[""10.1109/tvcg.2021.3114822""]"
I155173764,I889458895,1,"[""10.1109/tvcg.2021.3114822""]"
I156087764,I2802999273,1,"[""10.1109/tvcg.2022.3209443""]"
I156087764,I57206974,1,"[""10.1109/tvcg.2022.3209457""]"
I157485424,I201448701,1,"[""10.1109/tvcg.2021.3114814""]"
I157485424,I3132238960,1,"[""10.1109/tvcg.2007.70585""]"
I157485424,I4210099236,1,"[""10.1109/tvcg.2020.3030380""]"
I157485424,I4210163771,1,"[""10.1109/tvcg.2023.3327150""]"
I157485424,I48566637,1,"[""10.1109/tvcg.2022.3209462""]"
I157485424,I66946132,1,"[""10.1109/tvcg.2021.3114814""]"
I157485424,I97018004,1,"[""10.1109/tvcg.2023.3327150""]"
I157556583,I170897317,1,"[""10.1109/tvcg.2010.139""]"
I157556583,I205703379,1,"[""10.1109/tvcg.2014.2346432""]"
I157556583,I35440088,1,"[""10.1109/tvcg.2014.2346432""]"
I157556583,I4210109712,1,"[""10.1109/tvcg.2014.2346432""]"
I157556583,I78577930,1,"[""10.1109/tvcg.2014.2346432""]"
I15766117,I4432739,1,"[""10.1109/tvcg.2008.139""]"
I157725225,I183874917,1,"[""10.1109/visual.2004.81""]"
I157725225,I24943067,1,"[""10.1109/tvcg.2023.3326929""]"
I157725225,I25112270,1,"[""10.1109/tvcg.2024.3456353""]"
I157725225,I3045169105,1,"[""10.1109/tvcg.2021.3114850""]"
I157725225,I30809798,1,"[""10.1109/tvcg.2023.3326929""]"
I157725225,I33213144,1,"[""10.1109/tvcg.2020.3028958""]"
I157725225,I35440088,1,"[""10.1109/tvcg.2023.3326929""]"
I157725225,I4210101778,1,"[""10.1109/tvcg.2020.3028888""]"
I157725225,I4210104735,1,"[""10.1109/tvcg.2017.2743939""]"
I157725225,I4210114115,1,"[""10.1109/visual.1991.175818""]"
I157725225,I4210127074,1,"[""10.1109/tvcg.2023.3326929""]"
I157725225,I4210127875,1,"[""10.1109/tvcg.2006.154""]"
I157725225,I4210133173,1,"[""10.1109/tvcg.2020.3028888""]"
I157725225,I4210138167,1,"[""10.1109/infvis.2000.885101""]"
I157725225,I4388446366,1,"[""10.1109/tvcg.2024.3456182""]"
I157725225,I55769427,1,"[""10.1109/tvcg.2024.3456182""]"
I157725225,I57206974,1,"[""10.1109/tvcg.2023.3326925""]"
I157725225,I63966007,1,"[""10.1109/tvcg.2024.3456353""]"
I157725225,I66946132,1,"[""10.1109/vast.2009.5333248""]"
I157725225,I91203450,1,"[""10.1109/visual.2002.1183787""]"
I157725225,I93860229,1,"[""10.1109/tvcg.2024.3456353""]"
I157773358,I200769079,1,"[""10.1109/tvcg.2022.3209440""]"
I157773358,I30809798,1,"[""10.1109/tvcg.2022.3209440""]"
I157773358,I889458895,1,"[""10.1109/tvcg.2022.3209440""]"
I158842170,I165932596,1,"[""10.1109/tvcg.2019.2934657""]"
I158842170,I24943067,1,"[""10.1109/tvcg.2023.3327353""]"
I158842170,I39555362,1,"[""10.1109/tvcg.2023.3327353""]"
I158842170,I68891433,1,"[""10.1109/tvcg.2019.2934657""]"
I158842170,I76130692,1,"[""10.1109/tvcg.2019.2934657""]"
I158842170,I76569877,1,"[""10.1109/tvcg.2019.2934657""]"
I159176309,I4210092357,1,"[""10.1109/visual.1992.235218""]"
I16038530,I39586589,1,"[""10.1109/tvcg.2011.204""]"
I161046081,I62318514,1,"[""10.1109/visual.2001.964494""]"
I161057412,I173498003,1,"[""10.1109/vast.2011.6102463""]"
I161057412,I219193219,1,"[""10.1109/visual.1994.346335""]"
I161057412,I24603500,1,"[""10.1109/visual.1995.480816""]"
I161127581,I168635309,1,"[""10.1109/tvcg.2022.3209474""]"
I161127581,I93860229,1,"[""10.1109/tvcg.2024.3456353""]"
I161127581,I95457486,1,"[""10.1109/tvcg.2024.3456353""]"
I161548249,I204337017,1,"[""10.1109/tvcg.2024.3456300""]"
I161548249,I39586589,1,"[""10.1109/tvcg.2011.166""]"
I161548249,I4210145761,1,"[""10.1109/tvcg.2020.3030338""]"
I161548249,I4210165038,1,"[""10.1109/tvcg.2020.3030338""]"
I161548249,I51532219,1,"[""10.1109/tvcg.2017.2745878""]"
I161548249,I66946132,1,"[""10.1109/tvcg.2023.3326580""]"
I162577319,I162868743,1,"[""10.1109/vast.2014.7042489""]"
I162646704,I59553526,1,"[""10.1109/tvcg.2008.118""]"
I162646704,I71824836,1,"[""10.1109/tvcg.2008.118""]"
I162646704,I76198965,1,"[""10.1109/tvcg.2008.118""]"
I162714631,I164389053,1,"[""10.1109/tvcg.2022.3209455""]"
I162714631,I219193219,1,"[""10.1109/tvcg.2014.2346747""]"
I162714631,I79891267,1,"[""10.1109/tvcg.2022.3209455""]"
I162714631,I95793202,1,"[""10.1109/tvcg.2015.2467203""]"
I162868743,I180825142,1,"[""10.1109/tvcg.2020.3030411""]"
I162868743,I183067930,1,"[""10.1109/vast50239.2020.00013""]"
I162868743,I185261750,1,"[""10.1109/tvcg.2020.3030433""]"
I162868743,I24943067,1,"[""10.1109/tvcg.2020.3030411""]"
I162868743,I4210144576,1,"[""10.1109/tvcg.2020.3030411""]"
I162868743,I4390039265,1,"[""10.1109/tvcg.2014.2346898""]"
I162868743,I97018004,1,"[""10.1109/tvcg.2020.3030433""]"
I162868743,I98677209,1,"[""10.1109/tvcg.2020.3030433""]"
I16391192,I180726961,1,"[""10.1109/tvcg.2019.2934811""]"
I16391192,I197251160,1,"[""10.1109/visual.2002.1183795""]"
I16391192,I20089843,1,"[""10.1109/visual.1996.567804""]"
I16391192,I31512782,1,"[""10.1109/visual.2001.964489""]"
I16391192,I4210135397,1,"[""10.1109/visual.2001.964489""]"
I16391192,I53964585,1,"[""10.1109/visual.1996.567804""]"
I16391192,I91203450,1,"[""10.1109/tvcg.2019.2934811""]"
I164389053,I79891267,1,"[""10.1109/tvcg.2022.3209455""]"
I164956901,I200769079,1,"[""10.1109/tvcg.2018.2864475""]"
I164956901,I4210108629,1,"[""10.1109/tvcg.2020.3030461""]"
I164956901,I4210113369,1,"[""10.1109/tvcg.2018.2864475""]"
I164956901,I889458895,1,"[""10.1109/tvcg.2018.2864475""]"
I165102784,I165733156,1,"[""10.1109/visual.2005.1532844""]"
I165102784,I201448701,1,"[""10.1109/visual.2005.1532844""]"
I165368041,I52357470,1,"[""10.1109/tvcg.2023.3327369""]"
I165368041,I66946132,1,"[""10.1109/tvcg.2023.3327369""]"
I165390105,I4923324,1,"[""10.1109/tvcg.2013.193""]"
I165525304,I40120149,1,"[""10.1109/tvcg.2016.2599214""]"
I165690674,I20089843,1,"[""10.1109/visual.2003.1250421""]"
I165690674,I223532165,1,"[""10.1109/visual.2003.1250421""]"
I165733156,I201448701,1,"[""10.1109/visual.2005.1532844""]"
I165779595,I4210127902,1,"[""10.1109/tvcg.2008.130""]"
I165779595,I42894916,1,"[""10.1109/tvcg.2008.130""]"
I165799507,I74786994,1,"[""10.1109/visual.1999.809891""]"
I165932596,I172675005,1,"[""10.1109/tvcg.2010.172""]"
I165932596,I55769427,1,"[""10.1109/visual.1996.567609""]"
I165932596,I68891433,1,"[""10.1109/tvcg.2019.2934657""]"
I165932596,I76569877,1,"[""10.1109/tvcg.2019.2934657""]"
I165932596,I90727586,1,"[""10.1109/tvcg.2017.2744098""]"
I166416128,I74973139,1,"[""10.1109/infvis.1996.559210""]"
I166825849,I17653759,1,"[""10.1109/tvcg.2016.2598495""]"
I166825849,I189712700,1,"[""10.1109/tvcg.2016.2598495""]"
I166825849,I32943570,1,"[""10.1109/tvcg.2016.2598495""]"
I166825849,I60488453,1,"[""10.1109/tvcg.2016.2598495""]"
I16835326,I168635309,1,"[""10.1109/tvcg.2015.2467452""]"
I16835326,I189712700,1,"[""10.1109/tvcg.2019.2934804""]"
I16835326,I2799802224,1,"[""10.1109/tvcg.2019.2934804""]"
I168635309,I179225836,1,"[""10.1109/tvcg.2017.2743859""]"
I168635309,I201448701,1,"[""10.1109/tvcg.2011.251""]"
I168635309,I25112270,1,"[""10.1109/tvcg.2022.3209474""]"
I168635309,I39422238,1,"[""10.1109/tvcg.2022.3209474""]"
I168635309,I39804081,1,"[""10.1109/tvcg.2021.3114844""]"
I168635309,I4210088322,1,"[""10.1109/tvcg.2017.2745958""]"
I168635309,I4210114115,1,"[""10.1109/tvcg.2010.129""]"
I168635309,I4210118524,1,"[""10.1109/tvcg.2019.2934790""]"
I168635309,I4210150358,1,"[""10.1109/tvcg.2021.3114844""]"
I168635309,I4210163771,1,"[""10.1109/tvcg.2021.3114792""]"
I168635309,I4210164339,1,"[""10.1109/tvcg.2015.2467831""]"
I168635309,I4210164937,1,"[""10.1109/tvcg.2012.252""]"
I168635309,I57206974,1,"[""10.1109/tvcg.2022.3209474""]"
I168635309,I859038795,1,"[""10.1109/tvcg.2009.109""]"
I168635309,I90965887,1,"[""10.1109/vast.2012.6400489""]"
I168719708,I183067930,1,"[""10.1109/tvcg.2013.221""]"
I168719708,I190082696,1,"[""10.1109/tvcg.2006.114""]"
I168719708,I200769079,1,"[""10.1109/tvcg.2013.221""]"
I168719708,I4210113369,1,"[""10.1109/tvcg.2013.221""]"
I168719708,I55712492,1,"[""10.1109/tvcg.2014.2346919""]"
I168864056,I223532165,1,"[""10.1109/tvcg.2022.3209418""]"
I168864056,I4210127875,1,"[""10.1109/tvcg.2022.3209418""]"
I169086405,I27804330,1,"[""10.1109/vast.2011.6102445""]"
I169173203,I185103710,1,"[""10.1109/tvcg.2017.2745280""]"
I169173203,I204730241,1,"[""10.1109/tvcg.2017.2745280""]"
I169173203,I39422238,1,"[""10.1109/tvcg.2017.2745280""]"
I169381384,I177725633,1,"[""10.1109/tvcg.2019.2934332""]"
I169381384,I181391015,1,"[""10.1109/tvcg.2016.2598838""]"
I169381384,I200769079,1,"[""10.1109/tvcg.2019.2934332""]"
I169381384,I204730241,1,"[""10.1109/tvcg.2012.220""]"
I169381384,I4210092357,1,"[""10.1109/tvcg.2011.233""]"
I169381384,I4210112067,1,"[""10.1109/tvcg.2013.146""]"
I169381384,I4210145761,1,"[""10.1109/tvcg.2019.2934332""]"
I169381384,I4210154378,1,"[""10.1109/tvcg.2012.262""]"
I169381384,I4210164937,1,"[""10.1109/tvcg.2018.2864899""]"
I169381384,I50760025,1,"[""10.1109/tvcg.2015.2467202""]"
I169381384,I76130692,1,"[""10.1109/tvcg.2018.2864899""]"
I169381384,I889458895,1,"[""10.1109/tvcg.2019.2934332""]"
I169381384,I98358874,1,"[""10.1109/visual.1995.485158""]"
I169521973,I223532165,1,"[""10.1109/tvcg.2007.70572""]"
I169521973,I3132238960,1,"[""10.1109/tvcg.2007.70572""]"
I169521973,I4210162323,1,"[""10.1109/infvis.2003.1249021""]"
I170201317,I18283598,1,"[""10.1109/tvcg.2013.161""]"
I170201317,I185261750,1,"[""10.1109/tvcg.2014.2346922""]"
I170201317,I4210109586,1,"[""10.1109/tvcg.2014.2346922""]"
I170201317,I4210114115,1,"[""10.1109/tvcg.2014.2346922""]"
I170201317,I4210119257,1,"[""10.1109/tvcg.2014.2346922""]"
I170201317,I4210158876,1,"[""10.1109/tvcg.2022.3209403""]"
I170239107,I2801239119,1,"[""10.1109/tvcg.2016.2599107""]"
I170239107,I66946132,1,"[""10.1109/tvcg.2019.2934803""]"
I170239107,I97018004,1,"[""10.1109/tvcg.2016.2599107""]"
I170897317,I2801313472,1,"[""10.1109/tvcg.2015.2468093""]"
I170897317,I4210126298,1,"[""10.1109/infvis.2003.1249029""]"
I170897317,I4210153043,1,"[""10.1109/infvis.2003.1249029""]"
I170897317,I84218800,1,"[""10.1109/visual.2003.1250365""]"
I17145004,I20231570,1,"[""10.1109/tvcg.2022.3209482""]"
I172675005,I177725633,1,"[""10.1109/tvcg.2009.147""]"
I172675005,I180726961,1,"[""10.1109/tvcg.2024.3456321""]"
I172675005,I183067930,1,"[""10.1109/tvcg.2013.221""]"
I172675005,I2972652528,1,"[""10.1109/tvcg.2014.2346893""]"
I172675005,I35440088,1,"[""10.1109/tvcg.2014.2346893""]"
I172675005,I4210113369,1,"[""10.1109/tvcg.2013.221""]"
I172675005,I55712492,1,"[""10.1109/tvcg.2014.2346919""]"
I172675005,I59553526,1,"[""10.1109/tvcg.2007.70538""]"
I172901346,I2800235667,1,"[""10.1109/visual.1993.398911""]"
I172901346,I3129407955,1,"[""10.1109/visual.1993.398911""]"
I17301866,I4210104735,1,"[""10.1109/tvcg.2022.3209473""]"
I17301866,I84218800,1,"[""10.1109/tvcg.2022.3209473""]"
I173498003,I181653535,1,"[""10.1109/infvis.1996.559226""]"
I173498003,I33976269,1,"[""10.1109/infvis.2000.885087""]"
I173498003,I880747138,1,"[""10.1109/vast.2006.261450""]"
I173498003,I95457486,1,"[""10.1109/vast.2006.261450""]"
I173759888,I55712492,1,"[""10.1109/vast.2014.7042486""]"
I173759888,I76130692,1,"[""10.1109/vast.2014.7042486""]"
I173911158,I223532165,1,"[""10.1109/tvcg.2024.3456337""]"
I173911158,I43579087,1,"[""10.1109/tvcg.2006.111""]"
I173911158,I52357470,1,"[""10.1109/tvcg.2024.3456337""]"
I173911158,I79576946,1,"[""10.1109/tvcg.2010.161""]"
I174216632,I2802849423,1,"[""10.1109/visual.1992.235179""]"
I174216632,I4210114115,1,"[""10.1109/visual.1992.235179""]"
I174216632,I4210127401,1,"[""10.1109/visual.1992.235179""]"
I174216632,I4210163586,1,"[""10.1109/visual.1992.235179""]"
I174216632,I57206974,1,"[""10.1109/visual.1992.235179""]"
I174306211,I8087733,1,"[""10.1109/visual.2001.964504""]"
I175594653,I205783295,1,"[""10.1109/tvcg.2022.3209479""]"
I175594653,I2801851002,1,"[""10.1109/tvcg.2018.2865138""]"
I175594653,I29606459,1,"[""10.1109/tvcg.2012.216""]"
I175594653,I4210087915,1,"[""10.1109/visual.2001.964545""]"
I175594653,I44854399,1,"[""10.1109/tvcg.2012.216""]"
I175594653,I79272384,1,"[""10.1109/tvcg.2012.216""]"
I175594653,I859038795,1,"[""10.1109/scivis.2015.7429485""]"
I175594653,I87182695,1,"[""10.1109/tvcg.2020.3030366""]"
I175594653,I97018004,1,"[""10.1109/scivis.2015.7429485""]"
I176453806,I193662353,1,"[""10.1109/tvcg.2024.3456308""]"
I17653759,I189712700,1,"[""10.1109/tvcg.2016.2598495""]"
I17653759,I32943570,1,"[""10.1109/tvcg.2016.2598495""]"
I17653759,I60488453,1,"[""10.1109/tvcg.2016.2598495""]"
I177328695,I223532165,1,"[""10.1109/tvcg.2019.2934242""]"
I177328695,I52357470,1,"[""10.1109/tvcg.2019.2934242""]"
I177328695,I87216513,1,"[""10.1109/tvcg.2019.2934242""]"
I17747738,I20231570,1,"[""10.1109/tvcg.2024.3456346""]"
I177605424,I24603500,1,"[""10.1109/tvcg.2022.3209456""]"
I177605424,I4210163771,1,"[""10.1109/tvcg.2022.3209456""]"
I177725633,I200769079,1,"[""10.1109/tvcg.2019.2934332""]"
I177725633,I38877650,1,"[""10.1109/tvcg.2021.3114865""]"
I177725633,I4210098034,1,"[""10.1109/tvcg.2019.2934805""]"
I177725633,I4210119109,1,"[""10.1109/tvcg.2009.147""]"
I177725633,I4210145761,1,"[""10.1109/tvcg.2019.2934332""]"
I177725633,I4210164937,1,"[""10.1109/tvcg.2019.2934783""]"
I177725633,I74973139,1,"[""10.1109/tvcg.2021.3114865""]"
I177725633,I889458895,1,"[""10.1109/tvcg.2019.2934332""]"
I177802217,I4210109712,1,"[""10.1109/visual.2005.1532816""]"
I177909021,I223532165,1,"[""10.1109/tvcg.2010.207""]"
I177969490,I926574661,1,"[""10.1109/tvcg.2020.3028975""]"
I179093154,I190082696,1,"[""10.1109/infvis.1999.801859""]"
I179093154,I24603500,1,"[""10.1109/visual.1995.480816""]"
I179093154,I86519309,1,"[""10.1109/tvcg.2017.2743978""]"
I179225836,I180825142,1,"[""10.1109/tvcg.2017.2743859""]"
I17974374,I223822909,1,"[""10.1109/tvcg.2016.2599018""]"
I17974374,I33434090,1,"[""10.1109/infvis.2004.68""]"
I17974374,I4210131883,1,"[""10.1109/tvcg.2010.170""]"
I17974374,I4210142721,1,"[""10.1109/tvcg.2020.3030354""]"
I179863766,I71920554,1,"[""10.1109/tvcg.2020.3030436""]"
I18014758,I180825142,1,"[""10.1109/tvcg.2019.2934790""]"
I18014758,I194028371,1,"[""10.1109/visual.1995.485153""]"
I18014758,I195893171,1,"[""10.1109/tvcg.2011.248""]"
I18014758,I223532165,1,"[""10.1109/visual.2003.1250414""]"
I18014758,I2799475292,1,"[""10.1109/visual.2001.964554""]"
I18014758,I39470171,1,"[""10.1109/tvcg.2019.2934790""]"
I18014758,I39804081,1,"[""10.1109/tvcg.2021.3114844""]"
I18014758,I4210089608,1,"[""10.1109/visual.2005.1532845""]"
I18014758,I4210118524,1,"[""10.1109/tvcg.2019.2934790""]"
I18014758,I4210138551,1,"[""10.1109/visual.2002.1183763""]"
I18014758,I4210139483,1,"[""10.1109/tvcg.2010.160""]"
I18014758,I4210150358,1,"[""10.1109/tvcg.2021.3114844""]"
I18014758,I4210159854,1,"[""10.1109/tvcg.2011.248""]"
I18014758,I4210165912,1,"[""10.1109/tvcg.2019.2934790""]"
I18014758,I47508984,1,"[""10.1109/visual.2005.1532837""]"
I18014758,I8087733,1,"[""10.1109/visual.2005.1532845""]"
I18014758,I94328231,1,"[""10.1109/tvcg.2019.2934415""]"
I18014758,I95793202,1,"[""10.1109/visual.2001.964554""]"
I180437899,I193619901,1,"[""10.1109/tvcg.2011.207""]"
I180437899,I3019423309,1,"[""10.1109/visual.1996.568136""]"
I180437899,I4210126360,1,"[""10.1109/tvcg.2024.3456335""]"
I180437899,I4210137873,1,"[""10.1109/tvcg.2011.207""]"
I180437899,I4210141311,1,"[""10.1109/visual.1996.568136""]"
I180437899,I62318514,1,"[""10.1109/visual.2004.32""]"
I180437899,I83019370,1,"[""10.1109/visual.2004.32""]"
I180726961,I2250955327,1,"[""10.1109/tvcg.2023.3326930""]"
I180726961,I3045169105,1,"[""10.1109/tvcg.2023.3326930""]"
I180726961,I4210126794,1,"[""10.1109/tvcg.2010.183""]"
I180726961,I76130692,1,"[""10.1109/tvcg.2023.3327376""]"
I180726961,I889458895,1,"[""10.1109/tvcg.2014.2346912""]"
I180825142,I189712700,1,"[""10.1109/tvcg.2017.2745181""]"
I180825142,I193662353,1,"[""10.1109/tvcg.2016.2598619""]"
I180825142,I20231570,1,"[""10.1109/tvcg.2020.3030411""]"
I180825142,I202697423,1,"[""10.1109/tvcg.2017.2745181""]"
I180825142,I204337017,1,"[""10.1109/tvcg.2016.2598619""]"
I180825142,I212119943,1,"[""10.1109/tvcg.2018.2865159""]"
I180825142,I223532165,1,"[""10.1109/tvcg.2019.2934539""]"
I180825142,I223822909,1,"[""10.1109/tvcg.2014.2346274""]"
I180825142,I24943067,1,"[""10.1109/tvcg.2020.3030411""]"
I180825142,I2801239119,1,"[""10.1109/tvcg.2015.2467199""]"
I180825142,I39470171,1,"[""10.1109/tvcg.2019.2934790""]"
I180825142,I4092182,1,"[""10.1109/tvcg.2017.2745181""]"
I180825142,I4210088322,1,"[""10.1109/tvcg.2017.2745958""]"
I180825142,I4210092639,1,"[""10.1109/tvcg.2018.2864811""]"
I180825142,I4210095128,1,"[""10.1109/tvcg.2016.2598619""]"
I180825142,I4210118524,1,"[""10.1109/tvcg.2019.2934790""]"
I180825142,I56590836,1,"[""10.1109/tvcg.2015.2467199""]"
I180825142,I60488453,1,"[""10.1109/tvcg.2013.132""]"
I180825142,I97018004,1,"[""10.1109/tvcg.2018.2865159""]"
I180923762,I4210127875,1,"[""10.1109/tvcg.2021.3114869""]"
I180980256,I4210159266,1,"[""10.1109/visual.2005.1532827""]"
I181369854,I3132238960,1,"[""10.1109/tvcg.2006.151""]"
I181369854,I4210135397,1,"[""10.1109/visual.1999.809918""]"
I181369854,I4210138551,1,"[""10.1109/tvcg.2024.3456384""]"
I181369854,I4210153902,1,"[""10.1109/tvcg.2014.2346405""]"
I181369854,I76198965,1,"[""10.1109/tvcg.2022.3209374""]"
I181653535,I4210122731,1,"[""10.1109/visual.1993.398856""]"
I181653535,I97018004,1,"[""10.1109/infvis.1996.559226""]"
I182083151,I4210123171,1,"[""10.1109/tvcg.2015.2467324""]"
I182083151,I4210131986,1,"[""10.1109/tvcg.2015.2467324""]"
I182712176,I4210098606,1,"[""10.1109/tvcg.2009.115""]"
I183067930,I200769079,1,"[""10.1109/tvcg.2013.221""]"
I183067930,I99065089,1,"[""10.1109/tvcg.2013.196""]"
I183935753,I200166805,1,"[""10.1109/tvcg.2011.215""]"
I183935753,I4210104684,1,"[""10.1109/tvcg.2022.3209464""]"
I183935753,I4210122849,1,"[""10.1109/tvcg.2011.215""]"
I183935753,I4210135640,1,"[""10.1109/tvcg.2022.3209464""]"
I183935753,I98677209,1,"[""10.1109/tvcg.2021.3114828""]"
I184565670,I66946132,1,"[""10.1109/vast.2011.6102442""]"
I184597095,I66867065,1,"[""10.1109/vast.2007.4389003""]"
I184842277,I204465549,1,"[""10.1109/visual.1990.146413""]"
I1850255,I2801120862,1,"[""10.1109/tvcg.2007.70581""]"
I1850255,I3132238960,1,"[""10.1109/tvcg.2007.70581""]"
I185103710,I201448701,1,"[""10.1109/tvcg.2018.2865240""]"
I185103710,I204730241,1,"[""10.1109/tvcg.2017.2745280""]"
I185103710,I2802966293,1,"[""10.1109/visual.2005.1532841""]"
I185103710,I2803209242,1,"[""10.1109/infvis.1998.729566""]"
I185103710,I39422238,1,"[""10.1109/tvcg.2017.2745280""]"
I185261750,I189196454,1,"[""10.1109/tvcg.2019.2934288""]"
I185261750,I219193219,1,"[""10.1109/tvcg.2019.2934288""]"
I185261750,I2801851002,1,"[""10.1109/tvcg.2017.2745118""]"
I185261750,I3130638677,1,"[""10.1109/tvcg.2024.3456192""]"
I185261750,I3143791293,1,"[""10.1109/tvcg.2020.3030464""]"
I185261750,I35440088,1,"[""10.1109/tvcg.2021.3114849""]"
I185261750,I4210085935,1,"[""10.1109/vast.2014.7042496""]"
I185261750,I4210103820,1,"[""10.1109/tvcg.2015.2467733""]"
I185261750,I4210109586,1,"[""10.1109/tvcg.2014.2346922""]"
I185261750,I4210113654,1,"[""10.1109/infvis.2004.21""]"
I185261750,I4210114115,1,"[""10.1109/tvcg.2014.2346922""]"
I185261750,I4210119257,1,"[""10.1109/tvcg.2014.2346922""]"
I185261750,I4210156936,1,"[""10.1109/vast.2009.5333443""]"
I185261750,I4210163771,1,"[""10.1109/tvcg.2023.3326520""]"
I185261750,I66946132,1,"[""10.1109/tvcg.2019.2934288""]"
I185261750,I74753095,1,"[""10.1109/tvcg.2011.195""]"
I185261750,I76130692,1,"[""10.1109/tvcg.2024.3456192""]"
I185261750,I84884186,1,"[""10.1109/tvcg.2024.3456192""]"
I185261750,I97018004,1,"[""10.1109/tvcg.2020.3030433""]"
I185261750,I98358874,1,"[""10.1109/tvcg.2021.3114849""]"
I185658715,I20089843,1,"[""10.1109/visual.2002.1183792""]"
I188538660,I199693650,1,"[""10.1109/vast50239.2020.00012""]"
I188538660,I206945453,1,"[""10.1109/visual.1994.346316""]"
I188538660,I243754102,1,"[""10.1109/vast50239.2020.00012""]"
I188538660,I24603500,1,"[""10.1109/tvcg.2020.3029413""]"
I188538660,I277688954,1,"[""10.1109/tvcg.2021.3114805""]"
I188538660,I39470171,1,"[""10.1109/tvcg.2021.3114805""]"
I188538660,I4210144804,1,"[""10.1109/tvcg.2021.3114805""]"
I188538660,I55769427,1,"[""10.1109/tvcg.2020.3030439""]"
I188538660,I84392919,1,"[""10.1109/tvcg.2021.3114805""]"
I188538660,I84653119,1,"[""10.1109/vast50239.2020.00012""]"
I188538660,I8692664,1,"[""10.1109/vast50239.2020.00012""]"
I188538660,I92446798,1,"[""10.1109/tvcg.2021.3114783""]"
I189158971,I204337017,1,"[""10.1109/tvcg.2023.3326521""]"
I189196454,I219193219,1,"[""10.1109/tvcg.2019.2934288""]"
I189196454,I66946132,1,"[""10.1109/tvcg.2019.2934288""]"
I189712700,I197251160,1,"[""10.1109/tvcg.2020.3030406""]"
I189712700,I19820366,1,"[""10.1109/tvcg.2018.2865266""]"
I189712700,I200769079,1,"[""10.1109/tvcg.2020.3030404""]"
I189712700,I202697423,1,"[""10.1109/tvcg.2017.2745181""]"
I189712700,I204730241,1,"[""10.1109/tvcg.2014.2346426""]"
I189712700,I219193219,1,"[""10.1109/tvcg.2015.2467555""]"
I189712700,I2799802224,1,"[""10.1109/tvcg.2019.2934804""]"
I189712700,I3019423309,1,"[""10.1109/tvcg.2013.178""]"
I189712700,I32943570,1,"[""10.1109/tvcg.2016.2598495""]"
I189712700,I38877650,1,"[""10.1109/tvcg.2022.3209371""]"
I189712700,I40120149,1,"[""10.1109/tvcg.2018.2864838""]"
I189712700,I4210099988,1,"[""10.1109/vast.2009.5332628""]"
I189712700,I4210108629,1,"[""10.1109/tvcg.2021.3114761""]"
I189712700,I4210114058,1,"[""10.1109/tvcg.2020.3030386""]"
I189712700,I4210138551,1,"[""10.1109/vast.2009.5332628""]"
I189712700,I4210142254,1,"[""10.1109/tvcg.2023.3327402""]"
I189712700,I4210144576,1,"[""10.1109/tvcg.2017.2745181""]"
I189712700,I4210144804,1,"[""10.1109/tvcg.2014.2346426""]"
I189712700,I4210145761,1,"[""10.1109/tvcg.2018.2865266""]"
I189712700,I4210155092,1,"[""10.1109/tvcg.2013.178""]"
I189712700,I4210160189,1,"[""10.1109/tvcg.2023.3327402""]"
I189712700,I4210161634,1,"[""10.1109/tvcg.2016.2598467""]"
I189712700,I4210161785,1,"[""10.1109/tvcg.2019.2934654""]"
I189712700,I4210163771,1,"[""10.1109/tvcg.2019.2934796""]"
I189712700,I4210164937,1,"[""10.1109/tvcg.2019.2934783""]"
I189712700,I43522216,1,"[""10.1109/tvcg.2023.3327149""]"
I189712700,I55732556,1,"[""10.1109/infvis.2002.1173160""]"
I189712700,I56590836,1,"[""10.1109/tvcg.2023.3327402""]"
I189712700,I60488453,1,"[""10.1109/tvcg.2016.2598495""]"
I189712700,I66867065,1,"[""10.1109/tvcg.2021.3114761""]"
I189712700,I67031392,1,"[""10.1109/tvcg.2019.2934799""]"
I189712700,I79891267,1,"[""10.1109/tvcg.2022.3209371""]"
I189712700,I8087733,1,"[""10.1109/tvcg.2017.2744805""]"
I189712700,I848706,1,"[""10.1109/tvcg.2022.3209450""]"
I189712700,I87216513,1,"[""10.1109/tvcg.2015.2467555""]"
I189712700,I887064364,1,"[""10.1109/tvcg.2020.3030408""]"
I189712700,I91203450,1,"[""10.1109/tvcg.2021.3114874""]"
I189712700,I94509681,1,"[""10.1109/vast.2009.5332628""]"
I189712700,I97018004,1,"[""10.1109/vast.2006.261423""]"
I191208505,I39555362,1,"[""10.1109/tvcg.2020.3030410""]"
I191208505,I4210145761,1,"[""10.1109/tvcg.2020.3030410""]"
I191208505,I76130692,1,"[""10.1109/tvcg.2020.3030410""]"
I192454743,I223532165,1,"[""10.1109/tvcg.2011.199""]"
I192454743,I31746571,1,"[""10.1109/tvcg.2011.199""]"
I192455969,I97018004,1,"[""10.1109/tvcg.2019.2934431""]"
I193531525,I79272384,1,"[""10.1109/infvis.1998.729568""]"
I193619901,I4210137873,1,"[""10.1109/tvcg.2011.207""]"
I193662353,I204337017,1,"[""10.1109/tvcg.2016.2598619""]"
I193662353,I4092182,1,"[""10.1109/tvcg.2024.3456308""]"
I193662353,I4210095128,1,"[""10.1109/tvcg.2016.2598619""]"
I193662353,I4210142254,1,"[""10.1109/tvcg.2023.3327402""]"
I193662353,I4210160189,1,"[""10.1109/tvcg.2023.3327402""]"
I193662353,I56590836,1,"[""10.1109/tvcg.2023.3327402""]"
I193662353,I83019370,1,"[""10.1109/tvcg.2016.2598619""]"
I193775966,I56590836,1,"[""10.1109/tvcg.2024.3456358""]"
I194028371,I79272384,1,"[""10.1109/visual.1996.568109""]"
I195575238,I82495205,1,"[""10.1109/vast.2017.8585484""]"
I195575238,I859038795,1,"[""10.1109/tvcg.2013.205""]"
I195893171,I3019415892,1,"[""10.1109/tvcg.2007.70579""]"
I195893171,I4210127646,1,"[""10.1109/visual.2002.1183824""]"
I195893171,I4210135837,1,"[""10.1109/visual.2002.1183824""]"
I195893171,I4210138551,1,"[""10.1109/tvcg.2008.163""]"
I195893171,I4210150252,1,"[""10.1109/tvcg.2009.198""]"
I195893171,I4210152878,1,"[""10.1109/tvcg.2012.191""]"
I195893171,I4210159854,1,"[""10.1109/tvcg.2011.248""]"
I195893171,I4210160608,1,"[""10.1109/tvcg.2009.198""]"
I195893171,I84218800,1,"[""10.1109/tvcg.2007.70579""]"
I195893171,I98358874,1,"[""10.1109/tvcg.2012.292""]"
I196349391,I4210136471,1,"[""10.1109/tvcg.2015.2467293""]"
I19700959,I59553526,1,"[""10.1109/tvcg.2013.139""]"
I197251160,I219193219,1,"[""10.1109/visual.1998.745349""]"
I197323543,I4210133934,1,"[""10.1109/visual.2003.1250370""]"
I197323543,I62916508,1,"[""10.1109/tvcg.2017.2745178""]"
I197323543,I8087733,1,"[""10.1109/visual.2003.1250370""]"
I197347611,I39705031,1,"[""10.1109/tvcg.2018.2865027""]"
I197347611,I4210114115,1,"[""10.1109/tvcg.2016.2598446""]"
I197347611,I66946132,1,"[""10.1109/tvcg.2017.2744478""]"
I197347611,I67900169,1,"[""10.1109/tvcg.2018.2865027""]"
I19772626,I3132238960,1,"[""10.1109/tvcg.2006.136""]"
I19820366,I31683504,1,"[""10.1109/tvcg.2024.3456338""]"
I19820366,I32394136,1,"[""10.1109/tvcg.2023.3326932""]"
I19820366,I4210108629,1,"[""10.1109/tvcg.2024.3456338""]"
I19820366,I4210145761,1,"[""10.1109/tvcg.2018.2865266""]"
I19820366,I45928872,1,"[""10.1109/tvcg.2021.3114789""]"
I19820366,I55732556,1,"[""10.1109/tvcg.2016.2598472""]"
I198415970,I5124864,1,"[""10.1109/infvis.2000.885103""]"
I198415970,I72816309,1,"[""10.1109/vast.2006.261431""]"
I19894307,I22248866,1,"[""10.1109/vast.2014.7042488""]"
I19894307,I4210100283,1,"[""10.1109/vast.2014.7042488""]"
I19894307,I4210101743,1,"[""10.1109/vast.2014.7042488""]"
I19894307,I4210120727,1,"[""10.1109/vast.2014.7042488""]"
I199028557,I203951103,1,"[""10.1109/tvcg.2015.2467433""]"
I199028557,I74801974,1,"[""10.1109/tvcg.2015.2467433""]"
I199693650,I219193219,1,"[""10.1109/vast50239.2020.00012""]"
I199693650,I243754102,1,"[""10.1109/vast50239.2020.00012""]"
I199693650,I2802236040,1,"[""10.1109/vast50239.2020.00012""]"
I199693650,I84653119,1,"[""10.1109/vast50239.2020.00012""]"
I199693650,I8692664,1,"[""10.1109/vast50239.2020.00012""]"
I200332995,I926574661,1,"[""10.1109/tvcg.2018.2864846""]"
I200763008,I4210109712,1,"[""10.1109/visual.2001.964530""]"
I200769079,I20089843,1,"[""10.1109/tvcg.2017.2744080""]"
I200769079,I201448701,1,"[""10.1109/tvcg.2015.2467851""]"
I200769079,I2250955327,1,"[""10.1109/tvcg.2023.3326908""]"
I200769079,I231293419,1,"[""10.1109/tvcg.2016.2598415""]"
I200769079,I24185976,1,"[""10.1109/tvcg.2015.2467691""]"
I200769079,I27804330,1,"[""10.1109/tvcg.2009.112""]"
I200769079,I3018083178,1,"[""10.1109/tvcg.2015.2467851""]"
I200769079,I3045169105,1,"[""10.1109/tvcg.2020.3030469""]"
I200769079,I3129593085,1,"[""10.1109/tvcg.2020.3030392""]"
I200769079,I36258959,1,"[""10.1109/tvcg.2021.3114806""]"
I200769079,I38877650,1,"[""10.1109/tvcg.2022.3209475""]"
I200769079,I4210113495,1,"[""10.1109/tvcg.2021.3114836""]"
I200769079,I4210114115,1,"[""10.1109/tvcg.2011.188""]"
I200769079,I4210119109,1,"[""10.1109/tvcg.2008.182""]"
I200769079,I4210134051,1,"[""10.1109/tvcg.2014.2346746""]"
I200769079,I4210153212,1,"[""10.1109/tvcg.2015.2467194""]"
I200769079,I4210160618,1,"[""10.1109/tvcg.2015.2468151""]"
I200769079,I4210161634,1,"[""10.1109/tvcg.2015.2467851""]"
I200769079,I55712492,1,"[""10.1109/tvcg.2022.3209385""]"
I200769079,I55732556,1,"[""10.1109/tvcg.2010.154""]"
I200769079,I66867065,1,"[""10.1109/tvcg.2017.2745320""]"
I200769079,I76569877,1,"[""10.1109/tvcg.2023.3326522""]"
I200769079,I79891267,1,"[""10.1109/tvcg.2021.3114863""]"
I200769079,I87216513,1,"[""10.1109/tvcg.2021.3114790""]"
I200769079,I90727586,1,"[""10.1109/tvcg.2015.2467691""]"
I200769079,I91045830,1,"[""10.1109/tvcg.2024.3456363""]"
I200769079,I91807558,1,"[""10.1109/tvcg.2008.132""]"
I200769079,I99041443,1,"[""10.1109/tvcg.2009.112""]"
I20089843,I223532165,1,"[""10.1109/visual.2003.1250421""]"
I20089843,I26274970,1,"[""10.1109/tvcg.2017.2744080""]"
I20089843,I2799567181,1,"[""10.1109/visual.1994.346301""]"
I20089843,I4210164937,1,"[""10.1109/tvcg.2017.2744080""]"
I20089843,I53964585,1,"[""10.1109/visual.1996.567804""]"
I20089843,I889458895,1,"[""10.1109/tvcg.2017.2744080""]"
I201448701,I2250650973,1,"[""10.1109/visual.1991.175776""]"
I201448701,I24603500,1,"[""10.1109/tvcg.2024.3456378""]"
I201448701,I3018083178,1,"[""10.1109/tvcg.2015.2467851""]"
I201448701,I36788626,1,"[""10.1109/tvcg.2020.3028984""]"
I201448701,I4210100400,1,"[""10.1109/tvcg.2021.3114824""]"
I201448701,I4210134504,1,"[""10.1109/tvcg.2017.2744320""]"
I201448701,I4210156221,1,"[""10.1109/vast.2017.8585733""]"
I201448701,I4210161634,1,"[""10.1109/tvcg.2015.2467851""]"
I201448701,I4399598381,1,"[""10.1109/visual.1991.175776""]"
I201448701,I46020346,1,"[""10.1109/visual.1998.745351""]"
I201448701,I57206974,1,"[""10.1109/tvcg.2017.2743980""]"
I201448701,I58610484,1,"[""10.1109/tvcg.2023.3326527""]"
I201448701,I63966007,1,"[""10.1109/tvcg.2019.2934281""]"
I201448701,I859038795,1,"[""10.1109/visual.1998.745351""]"
I201448701,I86519309,1,"[""10.1109/tvcg.2024.3456407""]"
I201448701,I889458895,1,"[""10.1109/tvcg.2015.2467851""]"
I201537933,I74801974,1,"[""10.1109/visual.2005.1532834""]"
I201726411,I45129253,1,"[""10.1109/tvcg.2023.3326914""]"
I202276237,I4092182,1,"[""10.1109/tvcg.2010.138""]"
I20231570,I2250955327,1,"[""10.1109/tvcg.2023.3326908""]"
I20231570,I258800397,1,"[""10.1109/vast.2016.7883510""]"
I20231570,I4210098034,1,"[""10.1109/tvcg.2019.2934805""]"
I20231570,I4210108629,1,"[""10.1109/tvcg.2021.3114761""]"
I20231570,I4210113369,1,"[""10.1109/tvcg.2020.3030448""]"
I20231570,I4210134051,1,"[""10.1109/tvcg.2014.2346746""]"
I20231570,I4210144576,1,"[""10.1109/tvcg.2020.3030411""]"
I20231570,I66867065,1,"[""10.1109/tvcg.2021.3114761""]"
I20231570,I83019370,1,"[""10.1109/tvcg.2013.228""]"
I20231570,I9736820,1,"[""10.1109/tvcg.2019.2934535""]"
I20231570,I99065089,1,"[""10.1109/tvcg.2020.3030377""]"
I202524275,I4210156583,1,"[""10.1109/tvcg.2019.2934556""]"
I202524275,I66946132,1,"[""10.1109/tvcg.2019.2934556""]"
I202697423,I204250578,1,"[""10.1109/tvcg.2011.214""]"
I202697423,I277688954,1,"[""10.1109/tvcg.2020.3028894""]"
I202697423,I2800628709,1,"[""10.1109/tvcg.2014.2346459""]"
I202697423,I2800759272,1,"[""10.1109/tvcg.2011.214""]"
I202697423,I35440088,1,"[""10.1109/tvcg.2014.2346459""]"
I202697423,I4210124503,1,"[""10.1109/tvcg.2021.3114797""]"
I202697423,I4210144576,1,"[""10.1109/tvcg.2017.2745181""]"
I202697423,I4210156768,1,"[""10.1109/tvcg.2021.3114797""]"
I202697423,I56858762,1,"[""10.1109/tvcg.2019.2934784""]"
I202697423,I859038795,1,"[""10.1109/tvcg.2019.2934784""]"
I202697423,I93085520,1,"[""10.1109/visual.2005.1532786""]"
I202697423,I94626330,1,"[""10.1109/tvcg.2021.3114797""]"
I202963720,I57201433,1,"[""10.1109/tvcg.2009.188""]"
I203172682,I57206974,1,"[""10.1109/tvcg.2014.2346755""]"
I204250578,I2800759272,1,"[""10.1109/tvcg.2011.214""]"
I204250578,I3132238960,1,"[""10.1109/tvcg.2007.70532""]"
I204337017,I4210095128,1,"[""10.1109/tvcg.2016.2598619""]"
I204337017,I4210103820,1,"[""10.1109/tvcg.2021.3114835""]"
I204337017,I48566637,1,"[""10.1109/tvcg.2024.3456340""]"
I204337017,I67415387,1,"[""10.1109/infvis.2000.885105""]"
I204465549,I76835614,1,"[""10.1109/tvcg.2014.2346412""]"
I204465549,I859038795,1,"[""10.1109/tvcg.2012.258""]"
I204512498,I4210113369,1,"[""10.1109/tvcg.2016.2598432""]"
I204512498,I4210153212,1,"[""10.1109/tvcg.2015.2467194""]"
I204512498,I76130692,1,"[""10.1109/tvcg.2016.2598432""]"
I204553293,I76130692,1,"[""10.1109/tvcg.2016.2598416""]"
I204730241,I39422238,1,"[""10.1109/tvcg.2017.2745280""]"
I204730241,I4210115485,1,"[""10.1109/tvcg.2012.220""]"
I204730241,I4210159731,1,"[""10.1109/tvcg.2018.2865077""]"
I204778367,I2800297018,1,"[""10.1109/visual.1991.175802""]"
I204983213,I99065089,1,"[""10.1109/tvcg.2014.2346920""]"
I205237279,I24943067,1,"[""10.1109/tvcg.2022.3209483""]"
I205237279,I4092182,1,"[""10.1109/tvcg.2022.3209347""]"
I205237279,I4210123185,1,"[""10.1109/tvcg.2022.3209391""]"
I205237279,I55732556,1,"[""10.1109/tvcg.2024.3456304""]"
I205703379,I223532165,1,"[""10.1109/tvcg.2014.2346434""]"
I205703379,I35440088,1,"[""10.1109/tvcg.2014.2346432""]"
I205703379,I4210106889,1,"[""10.1109/tvcg.2014.2346434""]"
I205703379,I4210109712,1,"[""10.1109/tvcg.2014.2346432""]"
I205703379,I4210165912,1,"[""10.1109/tvcg.2014.2346434""]"
I205703379,I78577930,1,"[""10.1109/tvcg.2014.2346432""]"
I205703379,I8078737,1,"[""10.1109/tvcg.2014.2346434""]"
I205783295,I27804330,1,"[""10.1109/visual.1994.346306""]"
I205783295,I30809798,1,"[""10.1109/tvcg.2023.3326911""]"
I205783295,I4210113369,1,"[""10.1109/tvcg.2023.3327197""]"
I205783295,I4210151791,1,"[""10.1109/tvcg.2014.2346753""]"
I205783295,I4210156583,1,"[""10.1109/tvcg.2016.2598620""]"
I205783295,I90965887,1,"[""10.1109/tvcg.2011.176""]"
I206895457,I4210098606,1,"[""10.1109/tvcg.2008.147""]"
I206945453,I4210152224,1,"[""10.1109/visual.1998.745304""]"
I206945453,I51441396,1,"[""10.1109/tvcg.2020.3030425""]"
I212119943,I39586589,1,"[""10.1109/tvcg.2020.3030446""]"
I212119943,I39804081,1,"[""10.1109/tvcg.2019.2934283""]"
I212119943,I4210091437,1,"[""10.1109/tvcg.2019.2934283""]"
I212119943,I4210117871,1,"[""10.1109/tvcg.2013.197""]"
I212119943,I4210150358,1,"[""10.1109/tvcg.2019.2934283""]"
I212119943,I4210163771,1,"[""10.1109/tvcg.2016.2598466""]"
I212119943,I97018004,1,"[""10.1109/tvcg.2018.2865159""]"
I212119943,I98251732,1,"[""10.1109/tvcg.2009.127""]"
I21449261,I2800740805,1,"[""10.1109/tvcg.2024.3456327""]"
I21449261,I4210093282,1,"[""10.1109/tvcg.2018.2864851""]"
I21449261,I4210136987,1,"[""10.1109/tvcg.2022.3209411""]"
I21449261,I4210164942,1,"[""10.1109/tvcg.2018.2864491""]"
I21449261,I44504214,1,"[""10.1109/tvcg.2018.2864491""]"
I21449261,I4665924,1,"[""10.1109/tvcg.2024.3456327""]"
I21449261,I56858762,1,"[""10.1109/tvcg.2020.3030438""]"
I216852786,I4210144804,1,"[""10.1109/tvcg.2011.160""]"
I219193219,I2250650973,1,"[""10.1109/tvcg.2016.2598920""]"
I219193219,I243754102,1,"[""10.1109/vast50239.2020.00012""]"
I219193219,I2799567181,1,"[""10.1109/tvcg.2010.133""]"
I219193219,I2802660506,1,"[""10.1109/vast.2011.6102460""]"
I219193219,I2946016260,1,"[""10.1109/tvcg.2018.2864499""]"
I219193219,I40120149,1,"[""10.1109/vast.2014.7042484""]"
I219193219,I4210091159,1,"[""10.1109/vast.2008.4677354""]"
I219193219,I4210142429,1,"[""10.1109/tvcg.2014.2346911""]"
I219193219,I4210156081,1,"[""10.1109/tvcg.2010.133""]"
I219193219,I4388891828,1,"[""10.1109/tvcg.2014.2346911""]"
I219193219,I4394709130,1,"[""10.1109/vast.2007.4388993""]"
I219193219,I52357470,1,"[""10.1109/tvcg.2016.2598869""]"
I219193219,I84653119,1,"[""10.1109/vast50239.2020.00012""]"
I219193219,I8692664,1,"[""10.1109/vast50239.2020.00012""]"
I219193219,I87216513,1,"[""10.1109/tvcg.2015.2467555""]"
I219193219,I99041443,1,"[""10.1109/tvcg.2009.203""]"
I22248866,I4210100283,1,"[""10.1109/vast.2014.7042488""]"
I22248866,I4210101743,1,"[""10.1109/vast.2014.7042488""]"
I22248866,I4210120727,1,"[""10.1109/vast.2014.7042488""]"
I22299242,I36258959,1,"[""10.1109/tvcg.2020.3028956""]"
I223532165,I2799567181,1,"[""10.1109/tvcg.2010.133""]"
I223532165,I2799798094,1,"[""10.1109/visual.2002.1183766""]"
I223532165,I31746571,1,"[""10.1109/tvcg.2011.199""]"
I223532165,I33213144,1,"[""10.1109/tvcg.2020.3030394""]"
I223532165,I39586589,1,"[""10.1109/tvcg.2011.170""]"
I223532165,I4210104735,1,"[""10.1109/visual.2005.1532788""]"
I223532165,I4210106889,1,"[""10.1109/tvcg.2014.2346434""]"
I223532165,I4210114115,1,"[""10.1109/visual.2002.1183777""]"
I223532165,I4210121626,1,"[""10.1109/tvcg.2007.70557""]"
I223532165,I4210131883,1,"[""10.1109/tvcg.2010.170""]"
I223532165,I4210138311,1,"[""10.1109/tvcg.2021.3114819""]"
I223532165,I4210156081,1,"[""10.1109/tvcg.2010.133""]"
I223532165,I4210160447,1,"[""10.1109/tvcg.2018.2865241""]"
I223532165,I4210164937,1,"[""10.1109/tvcg.2016.2598609""]"
I223532165,I4210165912,1,"[""10.1109/tvcg.2014.2346434""]"
I223532165,I4388891828,1,"[""10.1109/tvcg.2016.2599041""]"
I223532165,I46020346,1,"[""10.1109/tvcg.2011.206""]"
I223532165,I48566637,1,"[""10.1109/tvcg.2023.3327201""]"
I223532165,I56590836,1,"[""10.1109/tvcg.2018.2865241""]"
I223532165,I62916508,1,"[""10.1109/tvcg.2008.120""]"
I223532165,I63966007,1,"[""10.1109/tvcg.2012.218""]"
I223532165,I68947357,1,"[""10.1109/tvcg.2009.204""]"
I223532165,I72951846,1,"[""10.1109/tvcg.2020.3030405""]"
I223532165,I8692664,1,"[""10.1109/tvcg.2024.3456359""]"
I223532165,I87216513,1,"[""10.1109/tvcg.2019.2934242""]"
I223532165,I887968799,1,"[""10.1109/visual.2000.885688""]"
I223532165,I91712215,1,"[""10.1109/tvcg.2007.70566""]"
I223532165,I97018004,1,"[""10.1109/tvcg.2011.177""]"
I223822909,I2802076133,1,"[""10.1109/tvcg.2019.2934337""]"
I223822909,I29955533,1,"[""10.1109/visual.1999.809920""]"
I223822909,I31512782,1,"[""10.1109/tvcg.2020.3030437""]"
I223822909,I34809795,1,"[""10.1109/tvcg.2020.3030437""]"
I223822909,I4210091772,1,"[""10.1109/visual.1999.809920""]"
I223822909,I4210109156,1,"[""10.1109/tvcg.2018.2864508""]"
I223822909,I4210116730,1,"[""10.1109/tvcg.2020.3030437""]"
I223822909,I4387153937,1,"[""10.1109/tvcg.2019.2934337""]"
I223822909,I4665924,1,"[""10.1109/tvcg.2020.3030437""]"
I223822909,I62916508,1,"[""10.1109/tvcg.2017.2743989""]"
I223822909,I78650965,1,"[""10.1109/tvcg.2020.3030437""]"
I223822909,I83019370,1,"[""10.1109/tvcg.2014.2346274""]"
I223822909,I85384741,1,"[""10.1109/tvcg.2015.2467291""]"
I22465464,I25974101,1,"[""10.1109/tvcg.2012.193""]"
I2250650973,I2799891827,1,"[""10.1109/tvcg.2020.3030414""]"
I2250650973,I4210114115,1,"[""10.1109/tvcg.2016.2598920""]"
I2250650973,I4399598381,1,"[""10.1109/visual.1991.175776""]"
I2250650973,I66946132,1,"[""10.1109/tvcg.2020.3030414""]"
I2250650973,I83436808,1,"[""10.1109/tvcg.2020.3030414""]"
I2250653659,I277688954,1,"[""10.1109/tvcg.2023.3326941""]"
I2250653659,I30809798,1,"[""10.1109/tvcg.2022.3209463""]"
I2250955327,I24943067,1,"[""10.1109/tvcg.2023.3326908""]"
I2250955327,I3045169105,1,"[""10.1109/tvcg.2023.3326930""]"
I2250955327,I40120149,1,"[""10.1109/tvcg.2023.3326908""]"
I2250955327,I889458895,1,"[""10.1109/tvcg.2023.3326908""]"
I2252078561,I4092182,1,"[""10.1109/vast50239.2020.00015""]"
I2252078561,I76130692,1,"[""10.1109/vast50239.2020.00015""]"
I231293419,I4210091137,1,"[""10.1109/tvcg.2016.2598415""]"
I231293419,I889458895,1,"[""10.1109/tvcg.2016.2598415""]"
I24185976,I39586589,1,"[""10.1109/tvcg.2015.2467691""]"
I24185976,I889458895,1,"[""10.1109/tvcg.2015.2467691""]"
I24185976,I90727586,1,"[""10.1109/tvcg.2015.2467691""]"
I243754102,I2802236040,1,"[""10.1109/vast50239.2020.00012""]"
I243754102,I84653119,1,"[""10.1109/vast50239.2020.00012""]"
I243754102,I8692664,1,"[""10.1109/vast50239.2020.00012""]"
I24603500,I2613432,1,"[""10.1109/tvcg.2021.3114784""]"
I24603500,I27837315,1,"[""10.1109/tvcg.2022.3209467""]"
I24603500,I2800093571,1,"[""10.1109/tvcg.2023.3327192""]"
I24603500,I2801851002,1,"[""10.1109/tvcg.2023.3326579""]"
I24603500,I2802236040,1,"[""10.1109/tvcg.2020.3029413""]"
I24603500,I4210102939,1,"[""10.1109/tvcg.2022.3209377""]"
I24603500,I4210111179,1,"[""10.1109/tvcg.2022.3209467""]"
I24603500,I95457486,1,"[""10.1109/tvcg.2022.3209405""]"
I24603500,I97018004,1,"[""10.1109/tvcg.2022.3209467""]"
I24603500,I98677209,1,"[""10.1109/tvcg.2021.3114823""]"
I24943067,I30809798,1,"[""10.1109/tvcg.2023.3326929""]"
I24943067,I35440088,1,"[""10.1109/tvcg.2023.3326929""]"
I24943067,I39555362,1,"[""10.1109/tvcg.2023.3327353""]"
I24943067,I40120149,1,"[""10.1109/tvcg.2023.3326908""]"
I24943067,I4210127074,1,"[""10.1109/tvcg.2023.3326929""]"
I24943067,I4210127843,1,"[""10.1109/tvcg.2021.3114777""]"
I24943067,I4210144576,1,"[""10.1109/tvcg.2020.3030411""]"
I24943067,I76130692,1,"[""10.1109/tvcg.2022.3209483""]"
I24943067,I83019370,1,"[""10.1109/tvcg.2013.228""]"
I24943067,I98677209,1,"[""10.1109/tvcg.2024.3456341""]"
I25112270,I57206974,1,"[""10.1109/tvcg.2022.3209474""]"
I25112270,I93860229,1,"[""10.1109/tvcg.2024.3456353""]"
I25112270,I95457486,1,"[""10.1109/tvcg.2024.3456353""]"
I251424209,I4432739,1,"[""10.1109/tvcg.2011.173""]"
I2540865,I265217849,1,"[""10.1109/visual.1990.146392""]"
I25485817,I3019423309,1,"[""10.1109/tvcg.2017.2744818""]"
I25485817,I31512782,1,"[""10.1109/tvcg.2017.2744818""]"
I26120043,I4210089980,1,"[""10.1109/visual.2002.1183811""]"
I26120043,I4210122684,1,"[""10.1109/visual.1997.663889""]"
I26120043,I4210133125,1,"[""10.1109/visual.2002.1183811""]"
I2613432,I52357470,1,"[""10.1109/tvcg.2019.2934802""]"
I2613432,I8692664,1,"[""10.1109/tvcg.2024.3456359""]"
I2614128279,I4210118689,1,"[""10.1109/tvcg.2011.168""]"
I26274970,I4210164937,1,"[""10.1109/tvcg.2017.2744080""]"
I26274970,I84218800,1,"[""10.1109/vast50239.2020.00010""]"
I2738703131,I2802519937,1,"[""10.1109/tvcg.2006.189""]"
I2738703131,I4210097138,1,"[""10.1109/tvcg.2006.189""]"
I2738703131,I4210101455,1,"[""10.1109/tvcg.2009.149""]"
I2738703131,I4210150049,1,"[""10.1109/tvcg.2006.189""]"
I277688954,I3018083178,1,"[""10.1109/tvcg.2021.3114787""]"
I277688954,I39470171,1,"[""10.1109/tvcg.2021.3114805""]"
I277688954,I4210108629,1,"[""10.1109/tvcg.2021.3114880""]"
I277688954,I4210115485,1,"[""10.1109/tvcg.2016.2599217""]"
I277688954,I4210163771,1,"[""10.1109/tvcg.2023.3326520""]"
I277688954,I5561750,1,"[""10.1109/tvcg.2020.3030347""]"
I277688954,I66946132,1,"[""10.1109/tvcg.2019.2934397""]"
I277688954,I78650965,1,"[""10.1109/tvcg.2022.3209390""]"
I277688954,I84392919,1,"[""10.1109/tvcg.2021.3114805""]"
I27804330,I27837315,1,"[""10.1109/tvcg.2020.3030429""]"
I27804330,I4210122731,1,"[""10.1109/visual.1992.235194""]"
I27804330,I66946132,1,"[""10.1109/tvcg.2020.3030429""]"
I27804330,I76130692,1,"[""10.1109/tvcg.2009.112""]"
I27804330,I889458895,1,"[""10.1109/tvcg.2009.112""]"
I27804330,I897549280,1,"[""10.1109/tvcg.2016.2598918""]"
I27804330,I99041443,1,"[""10.1109/tvcg.2009.112""]"
I27837315,I2801851002,1,"[""10.1109/tvcg.2012.272""]"
I27837315,I4210163771,1,"[""10.1109/tvcg.2018.2864889""]"
I27837315,I56590836,1,"[""10.1109/tvcg.2019.2934557""]"
I27837315,I63966007,1,"[""10.1109/tvcg.2015.2467732""]"
I27837315,I66946132,1,"[""10.1109/tvcg.2020.3030429""]"
I27837315,I91136226,1,"[""10.1109/tvcg.2006.202""]"
I27837315,I97018004,1,"[""10.1109/tvcg.2022.3209467""]"
I2799272722,I98381234,1,"[""10.1109/visual.2000.885673""]"
I2799323385,I2802076133,1,"[""10.1109/tvcg.2018.2864509""]"
I2799323385,I36253440,1,"[""10.1109/tvcg.2006.198""]"
I2799390153,I4210113652,1,"[""10.1109/tvcg.2018.2864816""]"
I2799411422,I83019370,1,"[""10.1109/infvis.2004.46""]"
I2799475292,I95793202,1,"[""10.1109/visual.2001.964554""]"
I2799567181,I4210156081,1,"[""10.1109/tvcg.2010.133""]"
I2799567181,I84218800,1,"[""10.1109/visual.2004.122""]"
I2799803557,I4210136471,1,"[""10.1109/tvcg.2015.2467293""]"
I2799853436,I4210114115,1,"[""10.1109/visual.2000.885739""]"
I2799859273,I4387152675,1,"[""10.1109/tvcg.2020.3030376""]"
I2799891827,I66946132,1,"[""10.1109/tvcg.2020.3030414""]"
I2799891827,I83436808,1,"[""10.1109/tvcg.2020.3030414""]"
I2799909505,I859038795,1,"[""10.1109/tvcg.2024.3456143""]"
I2799980853,I2803058125,1,"[""10.1109/tvcg.2024.3456215""]"
I2799980853,I83436808,1,"[""10.1109/tvcg.2024.3456215""]"
I2800006345,I2802076133,1,"[""10.1109/tvcg.2016.2598826""]"
I2800006345,I4210100430,1,"[""10.1109/tvcg.2019.2934307""]"
I2800006345,I4387153937,1,"[""10.1109/tvcg.2016.2598826""]"
I2800006345,I4432739,1,"[""10.1109/tvcg.2016.2598826""]"
I2800006345,I83019370,1,"[""10.1109/tvcg.2023.3326582""]"
I2800129641,I2801851002,1,"[""10.1109/tvcg.2017.2745118""]"
I2800235667,I3129407955,1,"[""10.1109/visual.1993.398911""]"
I2800289517,I40120149,1,"[""10.1109/tvcg.2020.3028955""]"
I2800289517,I4210143490,1,"[""10.1109/tvcg.2008.116""]"
I2800297018,I3132238960,1,"[""10.1109/tvcg.2007.70517""]"
I2800297018,I4432739,1,"[""10.1109/tvcg.2007.70517""]"
I2800297018,I49324905,1,"[""10.1109/tvcg.2008.170""]"
I2800403580,I4210101327,1,"[""10.1109/tvcg.2019.2934260""]"
I2800403580,I4210125099,1,"[""10.1109/tvcg.2014.2346451""]"
I2800403580,I51342185,1,"[""10.1109/tvcg.2014.2346451""]"
I2800403580,I86519309,1,"[""10.1109/tvcg.2019.2934260""]"
I2800403580,I901242617,1,"[""10.1109/tvcg.2014.2346451""]"
I2800444561,I2801613365,1,"[""10.1109/tvcg.2015.2467551""]"
I2800444561,I2802536742,1,"[""10.1109/tvcg.2014.2346249""]"
I2800444561,I4210093996,1,"[""10.1109/tvcg.2024.3456405""]"
I2800444561,I4210102939,1,"[""10.1109/tvcg.2023.3326512""]"
I2800444561,I79272384,1,"[""10.1109/tvcg.2015.2467551""]"
I2800444561,I91045830,1,"[""10.1109/tvcg.2015.2467551""]"
I2800607224,I4210113652,1,"[""10.1109/tvcg.2006.146""]"
I2800628709,I35440088,1,"[""10.1109/tvcg.2014.2346459""]"
I2800638129,I2802964274,1,"[""10.1109/visual.1990.146414""]"
I2800638415,I4210135180,1,"[""10.1109/tvcg.2023.3327185""]"
I2800638415,I98677209,1,"[""10.1109/tvcg.2024.3456334""]"
I2800740805,I4432739,1,"[""10.1109/tvcg.2024.3456327""]"
I2800740805,I4665924,1,"[""10.1109/tvcg.2024.3456327""]"
I2800759272,I4210104311,1,"[""10.1109/visual.2005.1532797""]"
I2800759272,I4210107558,1,"[""10.1109/visual.1994.346308""]"
I2800780207,I67415387,1,"[""10.1109/infvis.1998.729553""]"
I2800935791,I76130692,1,"[""10.1109/tvcg.2022.3209497""]"
I2801120862,I3132238960,1,"[""10.1109/tvcg.2007.70581""]"
I2801238018,I4210122849,1,"[""10.1109/visual.2005.1532847""]"
I2801239119,I2801851002,1,"[""10.1109/tvcg.2017.2745941""]"
I2801239119,I4210127902,1,"[""10.1109/tvcg.2008.130""]"
I2801239119,I4210163178,1,"[""10.1109/tvcg.2017.2744418""]"
I2801239119,I97018004,1,"[""10.1109/tvcg.2016.2599107""]"
I2801240577,I3005327000,1,"[""10.1109/vast.2015.7347630""]"
I2801317318,I2801851002,1,"[""10.1109/tvcg.2017.2745118""]"
I2801333002,I52357470,1,"[""10.1109/tvcg.2016.2598830""]"
I2801410363,I59553526,1,"[""10.1109/tvcg.2021.3114851""]"
I2801613365,I79272384,1,"[""10.1109/tvcg.2015.2467551""]"
I2801613365,I91045830,1,"[""10.1109/tvcg.2015.2467551""]"
I2801798921,I926574661,1,"[""10.1109/tvcg.2012.249""]"
I2801851002,I4210091341,1,"[""10.1109/tvcg.2016.2598587""]"
I2801851002,I4210092658,1,"[""10.1109/tvcg.2022.3209435""]"
I2801851002,I4210117453,1,"[""10.1109/tvcg.2021.3114840""]"
I2801851002,I4210141030,1,"[""10.1109/tvcg.2017.2745118""]"
I2801851002,I4210160384,1,"[""10.1109/tvcg.2015.2467911""]"
I2801851002,I45129253,1,"[""10.1109/tvcg.2017.2745118""]"
I2801851002,I57206974,1,"[""10.1109/tvcg.2024.3456406""]"
I2801851002,I62916508,1,"[""10.1109/tvcg.2010.168""]"
I2801851002,I74973139,1,"[""10.1109/tvcg.2022.3209386""]"
I2801851002,I79510175,1,"[""10.1109/tvcg.2023.3326588""]"
I2801851002,I8087733,1,"[""10.1109/tvcg.2021.3114840""]"
I2801851002,I97018004,1,"[""10.1109/tvcg.2022.3209435""]"
I2801851002,I99065089,1,"[""10.1109/tvcg.2023.3326588""]"
I2801862477,I3130638677,1,"[""10.1109/tvcg.2024.3456192""]"
I2801862477,I4210103820,1,"[""10.1109/tvcg.2015.2467733""]"
I2801862477,I4210141030,1,"[""10.1109/tvcg.2015.2467733""]"
I2801862477,I76130692,1,"[""10.1109/tvcg.2024.3456192""]"
I2801862477,I84884186,1,"[""10.1109/tvcg.2024.3456192""]"
I2801862477,I98677209,1,"[""10.1109/tvcg.2024.3456192""]"
I2801919071,I4210127875,1,"[""10.1109/tvcg.2008.151""]"
I2801919071,I4210145761,1,"[""10.1109/vast.2010.5652467""]"
I2801935854,I4210120900,1,"[""10.1109/visual.2004.5""]"
I2801935854,I84218800,1,"[""10.1109/visual.2004.5""]"
I2802076133,I2802164966,1,"[""10.1109/tvcg.2019.2934337""]"
I2802076133,I35440088,1,"[""10.1109/tvcg.2018.2864509""]"
I2802076133,I39804081,1,"[""10.1109/tvcg.2023.3326601""]"
I2802076133,I4210139350,1,"[""10.1109/tvcg.2016.2598603""]"
I2802076133,I4432739,1,"[""10.1109/tvcg.2016.2598826""]"
I2802076133,I76198965,1,"[""10.1109/tvcg.2020.3030388""]"
I2802162544,I99041443,1,"[""10.1109/tvcg.2010.181""]"
I2802164966,I31512782,1,"[""10.1109/tvcg.2020.3030437""]"
I2802164966,I34809795,1,"[""10.1109/tvcg.2020.3030437""]"
I2802164966,I39586589,1,"[""10.1109/tvcg.2020.3030437""]"
I2802164966,I4210116730,1,"[""10.1109/tvcg.2020.3030437""]"
I2802164966,I4387153937,1,"[""10.1109/tvcg.2019.2934337""]"
I2802164966,I4665924,1,"[""10.1109/tvcg.2020.3030437""]"
I2802164966,I78650965,1,"[""10.1109/tvcg.2020.3030437""]"
I2802194831,I83436808,1,"[""10.1109/tvcg.2016.2598796""]"
I2802236040,I55769427,1,"[""10.1109/tvcg.2020.3030439""]"
I2802236040,I84653119,1,"[""10.1109/vast50239.2020.00012""]"
I2802236040,I8692664,1,"[""10.1109/vast50239.2020.00012""]"
I2802384920,I99041443,1,"[""10.1109/visual.1996.568149""]"
I2802423016,I4210146710,1,"[""10.1109/tvcg.2009.164""]"
I2802519937,I4210097138,1,"[""10.1109/tvcg.2006.189""]"
I2802519937,I4210150049,1,"[""10.1109/tvcg.2006.189""]"
I2802849423,I4210114115,1,"[""10.1109/visual.1992.235179""]"
I2802849423,I4210127401,1,"[""10.1109/visual.1992.235179""]"
I2802849423,I4210163586,1,"[""10.1109/visual.1992.235179""]"
I2802849423,I57206974,1,"[""10.1109/visual.1992.235179""]"
I2802928900,I4210122849,1,"[""10.1109/tvcg.2006.158""]"
I2802928900,I4210131230,1,"[""10.1109/visual.2003.1250397""]"
I2802946424,I79576946,1,"[""10.1109/tvcg.2023.3327388""]"
I2802999273,I87182695,1,"[""10.1109/tvcg.2021.3114780""]"
I2802999273,I95457486,1,"[""10.1109/tvcg.2021.3114780""]"
I2803058125,I83436808,1,"[""10.1109/tvcg.2024.3456215""]"
I28777354,I40120149,1,"[""10.1109/vast.2014.7042484""]"
I2898391981,I4210160527,1,"[""10.1109/tvcg.2012.239""]"
I2898391981,I84218800,1,"[""10.1109/tvcg.2012.239""]"
I2898391981,I98358874,1,"[""10.1109/visual.1998.745333""]"
I2898391981,I99041443,1,"[""10.1109/visual.1998.745333""]"
I2898391981,I99065089,1,"[""10.1109/visual.1998.745333""]"
I2948394018,I57206974,1,"[""10.1109/tvcg.2024.3456388""]"
I2948663404,I3132238960,1,"[""10.1109/tvcg.2007.70623""]"
I2948663404,I36253440,1,"[""10.1109/tvcg.2007.70623""]"
I29606459,I44854399,1,"[""10.1109/tvcg.2012.216""]"
I29606459,I79272384,1,"[""10.1109/tvcg.2012.216""]"
I29607241,I4210117871,1,"[""10.1109/tvcg.2013.160""]"
I29607241,I899635006,1,"[""10.1109/tvcg.2007.70540""]"
I29955533,I4210091772,1,"[""10.1109/visual.1999.809920""]"
I3018083178,I4210141421,1,"[""10.1109/tvcg.2021.3114821""]"
I3018083178,I4210161634,1,"[""10.1109/tvcg.2015.2467851""]"
I3018083178,I4387152369,1,"[""10.1109/tvcg.2021.3114821""]"
I3018083178,I889458895,1,"[""10.1109/tvcg.2015.2467851""]"
I3018483916,I98358874,1,"[""10.1109/visual.1996.568134""]"
I3019415892,I33256026,1,"[""10.1109/tvcg.2006.125""]"
I3019415892,I55732556,1,"[""10.1109/tvcg.2006.125""]"
I3019423309,I4210141311,1,"[""10.1109/visual.1996.568136""]"
I3019423309,I4210155092,1,"[""10.1109/tvcg.2013.178""]"
I3019423309,I4210166048,1,"[""10.1109/tvcg.2015.2467612""]"
I3019423309,I4665924,1,"[""10.1109/tvcg.2016.2598468""]"
I3019586173,I921990950,1,"[""10.1109/visual.1996.568133""]"
I3045169105,I4210145761,1,"[""10.1109/tvcg.2020.3030469""]"
I3045169105,I87216513,1,"[""10.1109/tvcg.2023.3327359""]"
I3045169105,I889458895,1,"[""10.1109/tvcg.2020.3030469""]"
I30809798,I35440088,1,"[""10.1109/tvcg.2023.3326929""]"
I30809798,I4210127074,1,"[""10.1109/tvcg.2023.3326929""]"
I30809798,I76130692,1,"[""10.1109/tvcg.2023.3327077""]"
I308837,I66867065,1,"[""10.1109/tvcg.2021.3114762""]"
I3129593085,I4210123185,1,"[""10.1109/tvcg.2020.3030392""]"
I3129593085,I76130692,1,"[""10.1109/tvcg.2020.3030392""]"
I3129593085,I889458895,1,"[""10.1109/tvcg.2020.3030392""]"
I3130638677,I76130692,1,"[""10.1109/tvcg.2024.3456192""]"
I3130638677,I84884186,1,"[""10.1109/tvcg.2024.3456192""]"
I3130638677,I98677209,1,"[""10.1109/tvcg.2024.3456192""]"
I3131550300,I4210092357,1,"[""10.1109/tvcg.2011.233""]"
I3131550300,I4210144576,1,"[""10.1109/vast.2011.6102454""]"
I3131873961,I4210114115,1,"[""10.1109/visual.2002.1183817""]"
I3131873961,I4210167297,1,"[""10.1109/visual.2002.1183817""]"
I3132238960,I40120149,1,"[""10.1109/tvcg.2007.70603""]"
I3132238960,I4432739,1,"[""10.1109/tvcg.2007.70517""]"
I3132238960,I592451,1,"[""10.1109/tvcg.2006.176""]"
I3132238960,I59270414,1,"[""10.1109/tvcg.2007.70603""]"
I3132238960,I59553526,1,"[""10.1109/tvcg.2007.70542""]"
I3132238960,I71270174,1,"[""10.1109/tvcg.2007.70596""]"
I3132238960,I74788687,1,"[""10.1109/tvcg.2006.170""]"
I3132238960,I859038795,1,"[""10.1109/tvcg.2007.70544""]"
I3132238960,I889804353,1,"[""10.1109/tvcg.2007.70544""]"
I3132238960,I95457486,1,"[""10.1109/tvcg.2007.70539""]"
I31512782,I34809795,1,"[""10.1109/tvcg.2020.3030437""]"
I31512782,I39586589,1,"[""10.1109/tvcg.2020.3030437""]"
I31512782,I4092182,1,"[""10.1109/tvcg.2017.2744805""]"
I31512782,I4210101598,1,"[""10.1109/vast.2012.6400553""]"
I31512782,I4210116730,1,"[""10.1109/tvcg.2020.3030437""]"
I31512782,I4210135397,1,"[""10.1109/visual.2001.964489""]"
I31512782,I4665924,1,"[""10.1109/tvcg.2020.3030437""]"
I31512782,I4923324,1,"[""10.1109/vast.2008.4677350""]"
I31512782,I78650965,1,"[""10.1109/tvcg.2020.3030437""]"
I31512782,I8087733,1,"[""10.1109/tvcg.2017.2744805""]"
I31512782,I94509681,1,"[""10.1109/tvcg.2012.281""]"
I31683504,I4210108629,1,"[""10.1109/tvcg.2024.3456338""]"
I31746571,I4210121838,1,"[""10.1109/tvcg.2009.201""]"
I32389192,I93085520,1,"[""10.1109/visual.1997.663880""]"
I32394136,I4210128818,1,"[""10.1109/tvcg.2023.3326932""]"
I32394136,I4210165038,1,"[""10.1109/tvcg.2023.3326932""]"
I32394136,I79510175,1,"[""10.1109/tvcg.2023.3326932""]"
I32394136,I99065089,1,"[""10.1109/tvcg.2023.3326932""]"
I32597200,I44202434,1,"[""10.1109/tvcg.2022.3209477""]"
I32943570,I60488453,1,"[""10.1109/tvcg.2016.2598495""]"
I33213144,I55732556,1,"[""10.1109/tvcg.2020.3028958""]"
I33213144,I859038795,1,"[""10.1109/visual.1999.809921""]"
I33256026,I55732556,1,"[""10.1109/tvcg.2006.125""]"
I33976269,I97018004,1,"[""10.1109/infvis.2000.885087""]"
I34809795,I39586589,1,"[""10.1109/tvcg.2020.3030437""]"
I34809795,I4210116730,1,"[""10.1109/tvcg.2020.3030437""]"
I34809795,I4665924,1,"[""10.1109/tvcg.2020.3030437""]"
I34809795,I78650965,1,"[""10.1109/tvcg.2020.3030437""]"
I35364215,I55732556,1,"[""10.1109/visual.1997.663887""]"
I35440088,I39470171,1,"[""10.1109/tvcg.2023.3327152""]"
I35440088,I4210096500,1,"[""10.1109/tvcg.2019.2934310""]"
I35440088,I4210109712,1,"[""10.1109/tvcg.2014.2346432""]"
I35440088,I4210127074,1,"[""10.1109/tvcg.2023.3326929""]"
I35440088,I4210156583,1,"[""10.1109/tvcg.2006.199""]"
I35440088,I4387152675,1,"[""10.1109/tvcg.2014.2346447""]"
I35440088,I4391767926,1,"[""10.1109/tvcg.2009.158""]"
I35440088,I4432739,1,"[""10.1109/tvcg.2012.243""]"
I35440088,I4665924,1,"[""10.1109/tvcg.2023.3327152""]"
I35440088,I56590836,1,"[""10.1109/tvcg.2020.3030456""]"
I35440088,I78577930,1,"[""10.1109/tvcg.2014.2346432""]"
I35440088,I887968799,1,"[""10.1109/visual.2002.1183771""]"
I35440088,I98358874,1,"[""10.1109/tvcg.2021.3114849""]"
I35440088,I98677209,1,"[""10.1109/tvcg.2021.3114849""]"
I36253440,I39586589,1,"[""10.1109/tvcg.2006.194""]"
I36258959,I889458895,1,"[""10.1109/tvcg.2021.3114806""]"
I36258959,I95457486,1,"[""10.1109/tvcg.2014.2346446""]"
I36522303,I98358874,1,"[""10.1109/tvcg.2015.2468291""]"
I36672615,I57206974,1,"[""10.1109/tvcg.2010.198""]"
I36672615,I95793202,1,"[""10.1109/tvcg.2010.198""]"
I36819085,I76130692,1,"[""10.1109/tvcg.2022.3209388""]"
I38877650,I4210158984,1,"[""10.1109/tvcg.2023.3327162""]"
I38877650,I50760025,1,"[""10.1109/vast50239.2020.00006""]"
I38877650,I55538621,1,"[""10.1109/vast50239.2020.00006""]"
I38877650,I55712492,1,"[""10.1109/tvcg.2022.3209470""]"
I38877650,I74973139,1,"[""10.1109/tvcg.2021.3114865""]"
I38877650,I79891267,1,"[""10.1109/tvcg.2022.3209371""]"
I38877650,I889458895,1,"[""10.1109/tvcg.2022.3209475""]"
I39343248,I4210152878,1,"[""10.1109/tvcg.2014.2346751""]"
I39422238,I4388446366,1,"[""10.1109/tvcg.2024.3456182""]"
I39422238,I55769427,1,"[""10.1109/tvcg.2024.3456182""]"
I39422238,I57206974,1,"[""10.1109/tvcg.2022.3209474""]"
I39422238,I93860229,1,"[""10.1109/tvcg.2024.3456353""]"
I39422238,I95457486,1,"[""10.1109/tvcg.2024.3456353""]"
I39422238,I97750245,1,"[""10.1109/tvcg.2014.2346572""]"
I39470171,I4210118524,1,"[""10.1109/tvcg.2019.2934790""]"
I39470171,I4210144804,1,"[""10.1109/tvcg.2021.3114805""]"
I39470171,I4210165912,1,"[""10.1109/tvcg.2019.2934790""]"
I39470171,I4665924,1,"[""10.1109/tvcg.2023.3327152""]"
I39470171,I84392919,1,"[""10.1109/tvcg.2021.3114805""]"
I39555362,I4210104684,1,"[""10.1109/tvcg.2022.3209464""]"
I39555362,I4210135640,1,"[""10.1109/tvcg.2022.3209464""]"
I39555362,I4210145761,1,"[""10.1109/tvcg.2020.3030410""]"
I39555362,I76130692,1,"[""10.1109/tvcg.2020.3030410""]"
I39586589,I4210113369,1,"[""10.1109/tvcg.2016.2598867""]"
I39586589,I4210116730,1,"[""10.1109/tvcg.2020.3030437""]"
I39586589,I44461941,1,"[""10.1109/tvcg.2018.2864817""]"
I39586589,I4576418,1,"[""10.1109/tvcg.2012.197""]"
I39586589,I4665924,1,"[""10.1109/tvcg.2020.3030437""]"
I39586589,I57206974,1,"[""10.1109/tvcg.2016.2598867""]"
I39586589,I78650965,1,"[""10.1109/tvcg.2020.3030437""]"
I39586589,I79510175,1,"[""10.1109/tvcg.2013.207""]"
I39586589,I90727586,1,"[""10.1109/tvcg.2015.2467691""]"
I39586589,I98358874,1,"[""10.1109/tvcg.2009.181""]"
I39705031,I67900169,1,"[""10.1109/tvcg.2018.2865027""]"
I39804081,I4210091437,1,"[""10.1109/tvcg.2019.2934283""]"
I39804081,I55732556,1,"[""10.1109/tvcg.2020.3030353""]"
I39854758,I4210109586,1,"[""10.1109/tvcg.2021.3114864""]"
I40120149,I40347166,1,"[""10.1109/tvcg.2009.177""]"
I40120149,I4210104684,1,"[""10.1109/tvcg.2022.3209464""]"
I40120149,I4210113369,1,"[""10.1109/tvcg.2022.3209357""]"
I40120149,I4210135640,1,"[""10.1109/tvcg.2022.3209464""]"
I40120149,I4210163870,1,"[""10.1109/tvcg.2010.202""]"
I40120149,I4576418,1,"[""10.1109/tvcg.2012.197""]"
I40120149,I59270414,1,"[""10.1109/tvcg.2007.70603""]"
I40120149,I74973139,1,"[""10.1109/tvcg.2022.3209357""]"
I40120149,I79510175,1,"[""10.1109/tvcg.2013.207""]"
I40120149,I84218800,1,"[""10.1109/tvcg.2007.70603""]"
I40120149,I86519309,1,"[""10.1109/tvcg.2018.2865025""]"
I40120149,I926574661,1,"[""10.1109/tvcg.2020.3028955""]"
I40120149,I9736820,1,"[""10.1109/tvcg.2019.2934535""]"
I40120149,I99065089,1,"[""10.1109/tvcg.2022.3209357""]"
I40347166,I4210163771,1,"[""10.1109/tvcg.2018.2864907""]"
I40347166,I9736820,1,"[""10.1109/tvcg.2023.3326907""]"
I4092182,I4210088621,1,"[""10.1109/infvis.2004.19""]"
I4092182,I4210124503,1,"[""10.1109/tvcg.2021.3114797""]"
I4092182,I4210144576,1,"[""10.1109/tvcg.2017.2745181""]"
I4092182,I4210156768,1,"[""10.1109/tvcg.2021.3114797""]"
I4092182,I4210158984,1,"[""10.1109/tvcg.2023.3327162""]"
I4092182,I4210161634,1,"[""10.1109/tvcg.2016.2598467""]"
I4092182,I4665924,1,"[""10.1109/tvcg.2011.213""]"
I4092182,I47508984,1,"[""10.1109/tvcg.2013.180""]"
I4092182,I50760025,1,"[""10.1109/vast50239.2020.00006""]"
I4092182,I55538621,1,"[""10.1109/vast50239.2020.00006""]"
I4092182,I8087733,1,"[""10.1109/tvcg.2017.2744805""]"
I4092182,I887968799,1,"[""10.1109/tvcg.2016.2598467""]"
I4092182,I94626330,1,"[""10.1109/tvcg.2021.3114797""]"
I4179309,I66946132,1,"[""10.1109/tvcg.2017.2743990""]"
I4210086933,I4210096112,1,"[""10.1109/tvcg.2019.2934280""]"
I4210086933,I57206974,1,"[""10.1109/tvcg.2019.2934280""]"
I4210088322,I4210165912,1,"[""10.1109/tvcg.2017.2745958""]"
I4210088341,I57206974,1,"[""10.1109/vast.2015.7347624""]"
I4210088792,I87303767,1,"[""10.1109/visual.2001.964535""]"
I4210088792,I99041443,1,"[""10.1109/visual.2001.964535""]"
I4210089608,I8087733,1,"[""10.1109/visual.2005.1532845""]"
I4210089612,I44896327,1,"[""10.1109/visual.1992.235220""]"
I4210089612,I74760111,1,"[""10.1109/visual.1992.235220""]"
I4210089980,I4210133125,1,"[""10.1109/visual.2002.1183811""]"
I4210091159,I592451,1,"[""10.1109/vast.2008.4677354""]"
I4210091327,I4210119712,1,"[""10.1109/tvcg.2010.217""]"
I4210091327,I926574661,1,"[""10.1109/tvcg.2010.217""]"
I4210091437,I4210150358,1,"[""10.1109/tvcg.2019.2934283""]"
I4210091615,I59553526,1,"[""10.1109/visual.1998.745310""]"
I4210091929,I4210160447,1,"[""10.1109/tvcg.2016.2598789""]"
I4210091929,I74973139,1,"[""10.1109/tvcg.2016.2598789""]"
I4210091929,I84218800,1,"[""10.1109/tvcg.2016.2598789""]"
I4210092357,I4210108711,1,"[""10.1109/visual.1992.235218""]"
I4210092357,I4210119061,1,"[""10.1109/tvcg.2011.233""]"
I4210092357,I4210152422,1,"[""10.1109/tvcg.2011.233""]"
I4210092357,I4210160189,1,"[""10.1109/tvcg.2011.233""]"
I4210092639,I4210110975,1,"[""10.1109/tvcg.2018.2864811""]"
I4210092658,I97018004,1,"[""10.1109/tvcg.2022.3209435""]"
I4210095128,I83019370,1,"[""10.1109/tvcg.2016.2598619""]"
I4210095624,I4210112998,1,"[""10.1109/tvcg.2020.3030467""]"
I4210095624,I4210123185,1,"[""10.1109/tvcg.2020.3030467""]"
I4210095624,I69356397,1,"[""10.1109/tvcg.2020.3030467""]"
I4210095624,I84218800,1,"[""10.1109/tvcg.2018.2865021""]"
I4210095732,I52357470,1,"[""10.1109/visual.2001.964518""]"
I4210096112,I57206974,1,"[""10.1109/tvcg.2019.2934280""]"
I4210097138,I4210150049,1,"[""10.1109/tvcg.2006.189""]"
I4210097295,I99041443,1,"[""10.1109/tvcg.2006.181""]"
I4210098141,I63966007,1,"[""10.1109/tvcg.2020.3030391""]"
I4210099236,I60922564,1,"[""10.1109/tvcg.2020.3030380""]"
I4210099236,I71920554,1,"[""10.1109/tvcg.2019.2934612""]"
I4210099593,I83019370,1,"[""10.1109/tvcg.2012.208""]"
I4210099988,I4210138551,1,"[""10.1109/vast.2009.5332628""]"
I4210099988,I94509681,1,"[""10.1109/vast.2009.5332628""]"
I4210100283,I4210101743,1,"[""10.1109/vast.2014.7042488""]"
I4210100283,I4210120727,1,"[""10.1109/vast.2014.7042488""]"
I4210100400,I95457486,1,"[""10.1109/tvcg.2021.3114824""]"
I4210100430,I98358874,1,"[""10.1109/tvcg.2019.2934307""]"
I4210100869,I4210122765,1,"[""10.1109/tvcg.2013.215""]"
I4210100869,I4432739,1,"[""10.1109/tvcg.2013.215""]"
I4210100869,I76134821,1,"[""10.1109/tvcg.2013.215""]"
I4210101327,I86519309,1,"[""10.1109/tvcg.2019.2934260""]"
I4210101743,I4210120727,1,"[""10.1109/vast.2014.7042488""]"
I4210101743,I4210142254,1,"[""10.1109/infvis.2003.1249011""]"
I4210101778,I4210133173,1,"[""10.1109/tvcg.2020.3028888""]"
I4210101778,I55732556,1,"[""10.1109/tvcg.2020.3028888""]"
I4210102302,I4210136987,1,"[""10.1109/tvcg.2022.3209411""]"
I4210102302,I4432739,1,"[""10.1109/tvcg.2022.3209411""]"
I4210102542,I4210124175,1,"[""10.1109/visual.1992.235181""]"
I4210102902,I91136226,1,"[""10.1109/tvcg.2021.3114868""]"
I4210102957,I4210165912,1,"[""10.1109/tvcg.2019.2934593""]"
I4210102957,I4387153087,1,"[""10.1109/tvcg.2019.2934593""]"
I4210103820,I4210141030,1,"[""10.1109/tvcg.2015.2467733""]"
I4210103820,I83019370,1,"[""10.1109/tvcg.2021.3114835""]"
I4210103986,I4210113369,1,"[""10.1109/tvcg.2022.3209430""]"
I4210103986,I99065089,1,"[""10.1109/tvcg.2022.3209430""]"
I4210104684,I4210135640,1,"[""10.1109/tvcg.2022.3209464""]"
I4210104684,I7882870,1,"[""10.1109/tvcg.2022.3209464""]"
I4210104735,I4391767926,1,"[""10.1109/tvcg.2007.70600""]"
I4210104735,I59105498,1,"[""10.1109/tvcg.2007.70600""]"
I4210104735,I74786994,1,"[""10.1109/tvcg.2007.70600""]"
I4210104735,I84218800,1,"[""10.1109/tvcg.2022.3209473""]"
I4210105663,I95793202,1,"[""10.1109/tvcg.2013.189""]"
I4210106889,I4210165912,1,"[""10.1109/tvcg.2014.2346434""]"
I4210106889,I8078737,1,"[""10.1109/tvcg.2014.2346434""]"
I4210108629,I52357470,1,"[""10.1109/tvcg.2020.3030461""]"
I4210108629,I66867065,1,"[""10.1109/tvcg.2021.3114761""]"
I4210109586,I4210114115,1,"[""10.1109/tvcg.2014.2346922""]"
I4210109586,I4210119257,1,"[""10.1109/tvcg.2014.2346922""]"
I4210109712,I4210138551,1,"[""10.1109/tvcg.2008.163""]"
I4210109712,I78577930,1,"[""10.1109/tvcg.2014.2346432""]"
I4210109712,I86987016,1,"[""10.1109/tvcg.2015.2467292""]"
I4210110792,I4210127166,1,"[""10.1109/visual.1999.809922""]"
I4210110975,I4210144576,1,"[""10.1109/tvcg.2017.2744322""]"
I4210110987,I4210113003,1,"[""10.1109/visual.1991.175786""]"
I4210110987,I4210114115,1,"[""10.1109/visual.1991.175786""]"
I4210111179,I97018004,1,"[""10.1109/tvcg.2022.3209467""]"
I4210112925,I8087733,1,"[""10.1109/visual.2001.964544""]"
I4210112998,I4210123185,1,"[""10.1109/tvcg.2020.3030467""]"
I4210112998,I69356397,1,"[""10.1109/tvcg.2020.3030467""]"
I4210112998,I76130692,1,"[""10.1109/tvcg.2020.3030467""]"
I4210113003,I4210114115,1,"[""10.1109/visual.1991.175786""]"
I4210113003,I4210117238,1,"[""10.1109/scivis.2015.7429488""]"
I4210113003,I4210145761,1,"[""10.1109/scivis.2015.7429488""]"
I4210113003,I76130692,1,"[""10.1109/scivis.2015.7429488""]"
I4210113003,I80605987,1,"[""10.1109/scivis.2015.7429488""]"
I4210113003,I99065089,1,"[""10.1109/scivis.2015.7429488""]"
I4210113369,I45928872,1,"[""10.1109/tvcg.2022.3209385""]"
I4210113369,I47720641,1,"[""10.1109/tvcg.2020.3030351""]"
I4210113369,I55712492,1,"[""10.1109/tvcg.2022.3209385""]"
I4210113369,I57206974,1,"[""10.1109/tvcg.2016.2598867""]"
I4210113369,I74973139,1,"[""10.1109/tvcg.2022.3209357""]"
I4210113369,I76569877,1,"[""10.1109/tvcg.2023.3326522""]"
I4210113369,I84218800,1,"[""10.1109/tvcg.2019.2934785""]"
I4210113495,I63966007,1,"[""10.1109/tvcg.2021.3114836""]"
I4210113495,I889458895,1,"[""10.1109/tvcg.2021.3114836""]"
I4210113652,I4210137693,1,"[""10.1109/tvcg.2010.195""]"
I4210114081,I66946132,1,"[""10.1109/tvcg.2022.3209472""]"
I4210114115,I4210119257,1,"[""10.1109/tvcg.2014.2346922""]"
I4210114115,I4210127401,1,"[""10.1109/visual.1992.235179""]"
I4210114115,I4210163586,1,"[""10.1109/visual.1992.235179""]"
I4210114115,I4210167297,1,"[""10.1109/visual.2002.1183817""]"
I4210114115,I47431100,1,"[""10.1109/visual.2000.885700""]"
I4210114115,I5124864,1,"[""10.1109/visual.1999.809870""]"
I4210114115,I57206974,1,"[""10.1109/visual.1992.235179""]"
I4210114115,I74786994,1,"[""10.1109/visual.1998.745299""]"
I4210114115,I889458895,1,"[""10.1109/tvcg.2011.188""]"
I4210114521,I4210141255,1,"[""10.1109/visual.1994.346310""]"
I4210115485,I4210154378,1,"[""10.1109/tvcg.2012.262""]"
I4210116267,I4210144839,1,"[""10.1109/tvcg.2021.3114848""]"
I4210116267,I99065089,1,"[""10.1109/tvcg.2021.3114848""]"
I4210116319,I95793202,1,"[""10.1109/tvcg.2015.2467200""]"
I4210116376,I59553526,1,"[""10.1109/tvcg.2015.2467931""]"
I4210116730,I4665924,1,"[""10.1109/tvcg.2020.3030437""]"
I4210116730,I78650965,1,"[""10.1109/tvcg.2020.3030437""]"
I4210117238,I4210145761,1,"[""10.1109/scivis.2015.7429488""]"
I4210117238,I76130692,1,"[""10.1109/scivis.2015.7429488""]"
I4210117238,I80605987,1,"[""10.1109/scivis.2015.7429488""]"
I4210117238,I99065089,1,"[""10.1109/scivis.2015.7429488""]"
I4210117453,I8087733,1,"[""10.1109/tvcg.2021.3114840""]"
I4210117453,I87182695,1,"[""10.1109/tvcg.2019.2934402""]"
I4210118524,I4210165912,1,"[""10.1109/tvcg.2019.2934790""]"
I4210119061,I4210144576,1,"[""10.1109/vast.2011.6102454""]"
I4210119109,I4210141176,1,"[""10.1109/tvcg.2012.242""]"
I4210119109,I61057504,1,"[""10.1109/tvcg.2012.242""]"
I4210119109,I67311998,1,"[""10.1109/visual.1992.235222""]"
I4210119109,I889458895,1,"[""10.1109/tvcg.2008.182""]"
I4210119362,I8087733,1,"[""10.1109/visual.1993.398847""]"
I4210119712,I926574661,1,"[""10.1109/tvcg.2010.217""]"
I4210120115,I57206974,1,"[""10.1109/tvcg.2018.2864826""]"
I4210120115,I66946132,1,"[""10.1109/tvcg.2022.3209466""]"
I4210120115,I76130692,1,"[""10.1109/tvcg.2016.2598664""]"
I4210120115,I87216513,1,"[""10.1109/tvcg.2017.2744683""]"
I4210120900,I84218800,1,"[""10.1109/visual.2004.5""]"
I4210121445,I4387153702,1,"[""10.1109/tvcg.2009.183""]"
I4210121445,I90183372,1,"[""10.1109/tvcg.2009.183""]"
I4210121626,I926574661,1,"[""10.1109/tvcg.2007.70557""]"
I4210121988,I4210142140,1,"[""10.1109/tvcg.2017.2744118""]"
I4210122765,I4432739,1,"[""10.1109/tvcg.2013.215""]"
I4210122849,I98358874,1,"[""10.1109/tvcg.2006.158""]"
I4210123171,I4210131986,1,"[""10.1109/tvcg.2015.2467324""]"
I4210123185,I4210145761,1,"[""10.1109/tvcg.2020.3030393""]"
I4210123185,I45928872,1,"[""10.1109/tvcg.2021.3114781""]"
I4210123185,I52357470,1,"[""10.1109/tvcg.2020.3030393""]"
I4210123185,I55712492,1,"[""10.1109/tvcg.2022.3209470""]"
I4210124503,I4210156768,1,"[""10.1109/tvcg.2021.3114797""]"
I4210124503,I94626330,1,"[""10.1109/tvcg.2021.3114797""]"
I4210124949,I57206974,1,"[""10.1109/tvcg.2024.3456365""]"
I4210125099,I51342185,1,"[""10.1109/tvcg.2014.2346451""]"
I4210125099,I901242617,1,"[""10.1109/tvcg.2014.2346451""]"
I4210125647,I66946132,1,"[""10.1109/tvcg.2009.186""]"
I4210125796,I8087733,1,"[""10.1109/visual.1999.809912""]"
I4210125843,I95793202,1,"[""10.1109/tvcg.2008.161""]"
I4210126298,I59553526,1,"[""10.1109/visual.1995.480793""]"
I4210126360,I67031392,1,"[""10.1109/tvcg.2024.3456319""]"
I4210126360,I69356397,1,"[""10.1109/tvcg.2024.3456319""]"
I4210126360,I74775410,1,"[""10.1109/tvcg.2022.3209426""]"
I4210126360,I74973139,1,"[""10.1109/tvcg.2022.3209426""]"
I4210126794,I55732556,1,"[""10.1109/tvcg.2010.154""]"
I4210126794,I889458895,1,"[""10.1109/tvcg.2010.154""]"
I4210126846,I99041443,1,"[""10.1109/visual.1999.809873""]"
I4210127226,I4210151956,1,"[""10.1109/tvcg.2008.126""]"
I4210127226,I859038795,1,"[""10.1109/tvcg.2008.126""]"
I4210127401,I4210163586,1,"[""10.1109/visual.1992.235179""]"
I4210127401,I57206974,1,"[""10.1109/visual.1992.235179""]"
I4210127646,I4210135837,1,"[""10.1109/visual.2002.1183824""]"
I4210127875,I55732556,1,"[""10.1109/tvcg.2019.2934368""]"
I4210127875,I84218800,1,"[""10.1109/tvcg.2019.2934368""]"
I4210127902,I42894916,1,"[""10.1109/tvcg.2008.130""]"
I4210128818,I4210155092,1,"[""10.1109/tvcg.2019.2934367""]"
I4210128818,I45928872,1,"[""10.1109/tvcg.2021.3114789""]"
I4210128818,I55732556,1,"[""10.1109/tvcg.2016.2598472""]"
I4210128818,I78650965,1,"[""10.1109/tvcg.2019.2934367""]"
I4210128818,I926574661,1,"[""10.1109/tvcg.2019.2934367""]"
I4210129730,I65837984,1,"[""10.1109/tvcg.2020.3028889""]"
I4210129730,I84218800,1,"[""10.1109/tvcg.2020.3028889""]"
I4210130048,I45129253,1,"[""10.1109/visual.1991.175801""]"
I4210130048,I47508984,1,"[""10.1109/visual.1991.175801""]"
I4210131230,I98358874,1,"[""10.1109/visual.2003.1250397""]"
I4210131712,I72816309,1,"[""10.1109/infvis.2003.1249010""]"
I4210133173,I55732556,1,"[""10.1109/tvcg.2020.3028888""]"
I4210133271,I4210159895,1,"[""10.1109/infvis.2002.1173149""]"
I4210134051,I889458895,1,"[""10.1109/tvcg.2014.2346746""]"
I4210134512,I4210158342,1,"[""10.1109/visual.2004.106""]"
I4210134512,I55732556,1,"[""10.1109/tvcg.2018.2864844""]"
I4210134512,I97018004,1,"[""10.1109/visual.2004.106""]"
I4210135439,I8204097,1,"[""10.1109/tvcg.2014.2352953""]"
I4210135640,I7882870,1,"[""10.1109/tvcg.2022.3209464""]"
I4210135670,I83019370,1,"[""10.1109/tvcg.2019.2934289""]"
I4210135670,I887064364,1,"[""10.1109/tvcg.2019.2934289""]"
I4210135670,I94624287,1,"[""10.1109/tvcg.2019.2934289""]"
I4210135837,I4210153148,1,"[""10.1109/visual.1996.568145""]"
I4210135837,I88101031,1,"[""10.1109/visual.2001.964548""]"
I4210135837,I97018004,1,"[""10.1109/visual.2001.964548""]"
I4210136249,I4432739,1,"[""10.1109/tvcg.2014.2346321""]"
I4210136471,I9617848,1,"[""10.1109/tvcg.2015.2467293""]"
I4210136987,I4432739,1,"[""10.1109/tvcg.2022.3209411""]"
I4210137033,I4210155236,1,"[""10.1109/visual.1997.663865""]"
I4210137306,I74788687,1,"[""10.1109/visual.2004.104""]"
I4210137306,I76134821,1,"[""10.1109/visual.2004.104""]"
I4210137693,I62916508,1,"[""10.1109/tvcg.2014.2346317""]"
I4210138378,I87216513,1,"[""10.1109/tvcg.2024.3456348""]"
I4210138427,I4388482754,1,"[""10.1109/visual.1992.235212""]"
I4210138551,I4210139350,1,"[""10.1109/tvcg.2016.2598603""]"
I4210138551,I4210146756,1,"[""10.1109/tvcg.2023.3326574""]"
I4210138551,I4210152878,1,"[""10.1109/tvcg.2017.2744686""]"
I4210138551,I4432739,1,"[""10.1109/tvcg.2007.70569""]"
I4210138551,I51783024,1,"[""10.1109/tvcg.2023.3326574""]"
I4210138551,I76198965,1,"[""10.1109/tvcg.2023.3326574""]"
I4210138551,I83019370,1,"[""10.1109/tvcg.2012.202""]"
I4210138551,I95793202,1,"[""10.1109/tvcg.2012.202""]"
I4210138551,I98358874,1,"[""10.1109/tvcg.2016.2598603""]"
I4210139350,I4387153937,1,"[""10.1109/tvcg.2016.2598603""]"
I4210139350,I98358874,1,"[""10.1109/tvcg.2016.2598603""]"
I4210141176,I592451,1,"[""10.1109/tvcg.2014.2346425""]"
I4210141176,I61057504,1,"[""10.1109/tvcg.2012.242""]"
I4210141176,I901403493,1,"[""10.1109/tvcg.2014.2346425""]"
I4210141421,I4387152369,1,"[""10.1109/tvcg.2021.3114821""]"
I4210142254,I56590836,1,"[""10.1109/tvcg.2023.3327402""]"
I4210142372,I4210159266,1,"[""10.1109/tvcg.2007.70621""]"
I4210142429,I4388891828,1,"[""10.1109/tvcg.2014.2346911""]"
I4210142429,I76130692,1,"[""10.1109/tvcg.2014.2346911""]"
I4210143490,I71920554,1,"[""10.1109/tvcg.2016.2599043""]"
I4210143490,I926574661,1,"[""10.1109/tvcg.2008.116""]"
I4210143601,I51556381,1,"[""10.1109/tvcg.2019.2934631""]"
I4210143601,I55732556,1,"[""10.1109/tvcg.2019.2934631""]"
I4210143841,I71920554,1,"[""10.1109/tvcg.2022.3209439""]"
I4210144576,I4210152422,1,"[""10.1109/vast.2011.6102454""]"
I4210144576,I4210160189,1,"[""10.1109/vast.2011.6102454""]"
I4210144576,I83019370,1,"[""10.1109/tvcg.2011.181""]"
I4210144804,I4210159731,1,"[""10.1109/tvcg.2018.2865077""]"
I4210144804,I66862912,1,"[""10.1109/vast.2007.4389013""]"
I4210144804,I70768539,1,"[""10.1109/infvis.2004.1""]"
I4210144804,I84392919,1,"[""10.1109/tvcg.2021.3114805""]"
I4210144839,I71920554,1,"[""10.1109/tvcg.2021.3114788""]"
I4210144839,I84218800,1,"[""10.1109/tvcg.2023.3327187""]"
I4210144839,I92528248,1,"[""10.1109/tvcg.2021.3114788""]"
I4210144839,I99065089,1,"[""10.1109/tvcg.2021.3114848""]"
I4210145671,I62916508,1,"[""10.1109/tvcg.2008.120""]"
I4210145761,I4210165038,1,"[""10.1109/tvcg.2020.3030338""]"
I4210145761,I52357470,1,"[""10.1109/tvcg.2020.3030393""]"
I4210145761,I80605987,1,"[""10.1109/scivis.2015.7429488""]"
I4210145761,I99065089,1,"[""10.1109/scivis.2015.7429488""]"
I4210150103,I74775410,1,"[""10.1109/visual.1998.745293""]"
I4210150121,I98358874,1,"[""10.1109/tvcg.2024.3456361""]"
I4210150252,I4210160608,1,"[""10.1109/tvcg.2009.198""]"
I4210151080,I4210152878,1,"[""10.1109/tvcg.2012.190""]"
I4210151352,I88101031,1,"[""10.1109/visual.2001.964548""]"
I4210151352,I97018004,1,"[""10.1109/visual.2001.964548""]"
I4210151791,I57206974,1,"[""10.1109/tvcg.2014.2346753""]"
I4210151956,I859038795,1,"[""10.1109/tvcg.2008.126""]"
I4210153043,I59553526,1,"[""10.1109/visual.1995.480793""]"
I4210153212,I889458895,1,"[""10.1109/tvcg.2015.2467194""]"
I4210153902,I95793202,1,"[""10.1109/tvcg.2014.2346405""]"
I4210155092,I78650965,1,"[""10.1109/tvcg.2019.2934367""]"
I4210155092,I926574661,1,"[""10.1109/tvcg.2019.2934367""]"
I4210155236,I83816512,1,"[""10.1109/visual.1997.663865""]"
I4210156517,I74786994,1,"[""10.1109/visual.2005.1532776""]"
I4210156583,I66946132,1,"[""10.1109/tvcg.2019.2934556""]"
I4210156583,I74973139,1,"[""10.1109/infvis.2003.1249019""]"
I4210156768,I94626330,1,"[""10.1109/tvcg.2021.3114797""]"
I4210156936,I83019370,1,"[""10.1109/vast.2009.5333023""]"
I4210156936,I97018004,1,"[""10.1109/vast.2011.6102441""]"
I4210158342,I4388891828,1,"[""10.1109/tvcg.2016.2599041""]"
I4210158342,I97018004,1,"[""10.1109/visual.2004.106""]"
I4210158876,I74973139,1,"[""10.1109/tvcg.2022.3209403""]"
I4210158984,I4210165734,1,"[""10.1109/tvcg.2014.2346418""]"
I4210158984,I75027704,1,"[""10.1109/tvcg.2014.2346418""]"
I4210158984,I76130692,1,"[""10.1109/tvcg.2023.3327162""]"
I4210159102,I889458895,1,"[""10.1109/tvcg.2019.2934275""]"
I4210159266,I59553526,1,"[""10.1109/visual.1997.663900""]"
I4210160189,I56590836,1,"[""10.1109/tvcg.2023.3327402""]"
I4210160447,I56590836,1,"[""10.1109/tvcg.2018.2865241""]"
I4210160447,I74973139,1,"[""10.1109/tvcg.2016.2598789""]"
I4210160447,I84218800,1,"[""10.1109/tvcg.2016.2598789""]"
I4210160527,I84218800,1,"[""10.1109/tvcg.2012.239""]"
I4210160618,I889458895,1,"[""10.1109/tvcg.2015.2468151""]"
I4210161634,I887968799,1,"[""10.1109/tvcg.2016.2598467""]"
I4210161634,I889458895,1,"[""10.1109/tvcg.2015.2467851""]"
I4210161853,I66946132,1,"[""10.1109/visual.1994.346299""]"
I4210162195,I75027704,1,"[""10.1109/tvcg.2009.137""]"
I4210163178,I42894916,1,"[""10.1109/tvcg.2017.2744418""]"
I4210163178,I56590836,1,"[""10.1109/tvcg.2017.2744418""]"
I4210163586,I57206974,1,"[""10.1109/visual.1992.235179""]"
I4210163771,I74775410,1,"[""10.1109/tvcg.2017.2744684""]"
I4210163771,I82514191,1,"[""10.1109/tvcg.2018.2864903""]"
I4210163771,I98677209,1,"[""10.1109/tvcg.2021.3114823""]"
I4210164736,I45438204,1,"[""10.1109/visual.2004.121""]"
I4210164937,I46247651,1,"[""10.1109/tvcg.2016.2598647""]"
I4210164937,I51556381,1,"[""10.1109/visual.2004.120""]"
I4210164937,I55732556,1,"[""10.1109/vast50239.2020.00007""]"
I4210164937,I63966007,1,"[""10.1109/tvcg.2019.2934281""]"
I4210164937,I76130692,1,"[""10.1109/tvcg.2018.2864899""]"
I4210164937,I79272384,1,"[""10.1109/tvcg.2015.2467554""]"
I4210164937,I79510175,1,"[""10.1109/tvcg.2017.2744378""]"
I4210164937,I87216513,1,"[""10.1109/vast.2016.7883511""]"
I4210164937,I97018004,1,"[""10.1109/infvis.1999.801869""]"
I4210164942,I44504214,1,"[""10.1109/tvcg.2018.2864491""]"
I4210165038,I45928872,1,"[""10.1109/tvcg.2021.3114789""]"
I4210165734,I75027704,1,"[""10.1109/tvcg.2014.2346418""]"
I4210165912,I4210166784,1,"[""10.1109/tvcg.2015.2467201""]"
I4210165912,I4387153087,1,"[""10.1109/tvcg.2019.2934593""]"
I4210165912,I8078737,1,"[""10.1109/tvcg.2014.2346434""]"
I4210167249,I47301684,1,"[""10.1109/visual.2001.964541""]"
I4210167330,I71920554,1,"[""10.1109/tvcg.2020.3030415""]"
I42894916,I56590836,1,"[""10.1109/tvcg.2017.2744418""]"
I43439940,I59433898,1,"[""10.1109/visual.1999.809927""]"
I4387153702,I90183372,1,"[""10.1109/tvcg.2009.183""]"
I4387153937,I4432739,1,"[""10.1109/tvcg.2016.2598826""]"
I4387153937,I76198965,1,"[""10.1109/tvcg.2020.3030388""]"
I4388446366,I55769427,1,"[""10.1109/tvcg.2024.3456182""]"
I4388891828,I76130692,1,"[""10.1109/tvcg.2014.2346911""]"
I4388891828,I86519309,1,"[""10.1109/tvcg.2008.146""]"
I4390039371,I57206974,1,"[""10.1109/tvcg.2018.2865023""]"
I4391767840,I91045830,1,"[""10.1109/visual.1998.745303""]"
I4391767926,I74786994,1,"[""10.1109/tvcg.2007.70600""]"
I4394709130,I592451,1,"[""10.1109/vast.2007.4388993""]"
I4399598377,I48566637,1,"[""10.1109/tvcg.2017.2744078""]"
I4401726859,I5343935,1,"[""10.1109/tvcg.2023.3326934""]"
I4401726859,I69356397,1,"[""10.1109/tvcg.2023.3326934""]"
I4401726859,I99065089,1,"[""10.1109/tvcg.2023.3326934""]"
I4432739,I4665924,1,"[""10.1109/tvcg.2024.3456327""]"
I4432739,I76134821,1,"[""10.1109/tvcg.2013.215""]"
I4432739,I84218800,1,"[""10.1109/tvcg.2009.136""]"
I4432739,I98358874,1,"[""10.1109/tvcg.2016.2598826""]"
I44461941,I45438204,1,"[""10.1109/visual.2000.885725""]"
I44504214,I55732556,1,"[""10.1109/tvcg.2008.176""]"
I44504214,I83019370,1,"[""10.1109/tvcg.2020.3030383""]"
I44504214,I887064364,1,"[""10.1109/tvcg.2020.3030383""]"
I44854399,I79272384,1,"[""10.1109/tvcg.2012.216""]"
I44896327,I74760111,1,"[""10.1109/visual.1992.235220""]"
I45129253,I47508984,1,"[""10.1109/visual.1991.175801""]"
I45928872,I55712492,1,"[""10.1109/tvcg.2022.3209385""]"
I45928872,I79510175,1,"[""10.1109/tvcg.2021.3114789""]"
I45928872,I99065089,1,"[""10.1109/tvcg.2021.3114789""]"
I46020346,I63966007,1,"[""10.1109/visual.1991.175837""]"
I46020346,I859038795,1,"[""10.1109/visual.1998.745351""]"
I46247651,I66946132,1,"[""10.1109/vast.2016.7883506""]"
I4665924,I4923324,1,"[""10.1109/tvcg.2012.265""]"
I4665924,I60200437,1,"[""10.1109/tvcg.2013.120""]"
I47508984,I98358874,1,"[""10.1109/tvcg.2020.3030409""]"
I48566637,I56590836,1,"[""10.1109/tvcg.2018.2865152""]"
I48566637,I60922564,1,"[""10.1109/tvcg.2022.3209462""]"
I48566637,I71920554,1,"[""10.1109/tvcg.2012.240""]"
I48566637,I98677209,1,"[""10.1109/tvcg.2018.2865152""]"
I50760025,I55538621,1,"[""10.1109/vast50239.2020.00006""]"
I50760025,I76130692,1,"[""10.1109/vast50239.2020.00006""]"
I51342185,I901242617,1,"[""10.1109/tvcg.2014.2346451""]"
I51441396,I78650965,1,"[""10.1109/visual.2002.1183778""]"
I51556381,I55732556,1,"[""10.1109/tvcg.2019.2934631""]"
I52357470,I59553526,1,"[""10.1109/visual.2000.885698""]"
I52357470,I66946132,1,"[""10.1109/tvcg.2023.3327369""]"
I52357470,I76130692,1,"[""10.1109/tvcg.2020.3030393""]"
I52357470,I79272384,1,"[""10.1109/visual.1994.346314""]"
I52357470,I84218800,1,"[""10.1109/visual.1999.809910""]"
I52357470,I87216513,1,"[""10.1109/tvcg.2019.2934242""]"
I52357470,I93085520,1,"[""10.1109/visual.2000.885704""]"
I5343935,I69356397,1,"[""10.1109/tvcg.2023.3326934""]"
I5343935,I99065089,1,"[""10.1109/tvcg.2023.3326934""]"
I55538621,I76130692,1,"[""10.1109/vast50239.2020.00006""]"
I55712492,I889458895,1,"[""10.1109/tvcg.2022.3209385""]"
I55732556,I84218800,1,"[""10.1109/tvcg.2019.2934368""]"
I55732556,I87216513,1,"[""10.1109/tvcg.2023.3327359""]"
I55732556,I889458895,1,"[""10.1109/tvcg.2010.154""]"
I55769427,I84218800,1,"[""10.1109/vast.2017.8585646""]"
I5593406,I66946132,1,"[""10.1109/tvcg.2022.3209487""]"
I5593406,I76571253,1,"[""10.1109/tvcg.2022.3209487""]"
I5593406,I98677209,1,"[""10.1109/tvcg.2022.3209487""]"
I56590836,I66946132,1,"[""10.1109/tvcg.2019.2934803""]"
I56590836,I7882870,1,"[""10.1109/tvcg.2012.245""]"
I56590836,I889458895,1,"[""10.1109/tvcg.2020.3030423""]"
I56590836,I97018004,1,"[""10.1109/tvcg.2016.2599107""]"
I56858762,I859038795,1,"[""10.1109/tvcg.2019.2934784""]"
I57206974,I59270414,1,"[""10.1109/tvcg.2013.131""]"
I57206974,I90965887,1,"[""10.1109/tvcg.2011.176""]"
I57206974,I95793202,1,"[""10.1109/tvcg.2010.198""]"
I58610484,I66946132,1,"[""10.1109/tvcg.2023.3326527""]"
I58610484,I74973139,1,"[""10.1109/tvcg.2023.3326527""]"
I59105498,I74786994,1,"[""10.1109/tvcg.2007.70600""]"
I592451,I8692664,1,"[""10.1109/vast.2012.6400552""]"
I592451,I901403493,1,"[""10.1109/tvcg.2014.2346425""]"
I59553526,I71824836,1,"[""10.1109/tvcg.2008.118""]"
I59553526,I91712215,1,"[""10.1109/tvcg.2007.70542""]"
I59553526,I99065089,1,"[""10.1109/tvcg.2013.135""]"
I61937129,I99041443,1,"[""10.1109/visual.2001.964559""]"
I62318514,I71920554,1,"[""10.1109/tvcg.2014.2346324""]"
I62318514,I83019370,1,"[""10.1109/visual.2004.32""]"
I62318514,I91712215,1,"[""10.1109/scivis.2015.7429490""]"
I62916508,I95793202,1,"[""10.1109/tvcg.2009.154""]"
I63533367,I84218800,1,"[""10.1109/visual.2000.885742""]"
I63966007,I66946132,1,"[""10.1109/tvcg.2020.3030372""]"
I63966007,I74973139,1,"[""10.1109/tvcg.2024.3456371""]"
I63966007,I93860229,1,"[""10.1109/tvcg.2024.3456353""]"
I63966007,I95457486,1,"[""10.1109/tvcg.2024.3456353""]"
I65837984,I84218800,1,"[""10.1109/tvcg.2020.3028889""]"
I66867065,I66946132,1,"[""10.1109/tvcg.2018.2864885""]"
I66867065,I889458895,1,"[""10.1109/tvcg.2017.2745320""]"
I66946132,I74973139,1,"[""10.1109/tvcg.2023.3326527""]"
I66946132,I76130692,1,"[""10.1109/tvcg.2020.3030372""]"
I66946132,I76571253,1,"[""10.1109/tvcg.2022.3209487""]"
I66946132,I83436808,1,"[""10.1109/tvcg.2020.3030414""]"
I66946132,I859038795,1,"[""10.1109/tvcg.2020.3030358""]"
I66946132,I86519309,1,"[""10.1109/tvcg.2024.3456407""]"
I66946132,I86755215,1,"[""10.1109/tvcg.2009.187""]"
I66946132,I880747138,1,"[""10.1109/visual.1994.346300""]"
I66946132,I889804353,1,"[""10.1109/tvcg.2022.3209466""]"
I66946132,I98677209,1,"[""10.1109/tvcg.2022.3209487""]"
I67031392,I69356397,1,"[""10.1109/tvcg.2024.3456319""]"
I68891433,I76130692,1,"[""10.1109/tvcg.2019.2934657""]"
I68891433,I76569877,1,"[""10.1109/tvcg.2019.2934657""]"
I68947357,I84218800,1,"[""10.1109/tvcg.2010.187""]"
I68956291,I8204097,1,"[""10.1109/infvis.1998.729559""]"
I71824836,I76198965,1,"[""10.1109/tvcg.2008.118""]"
I71920554,I92528248,1,"[""10.1109/tvcg.2021.3114788""]"
I72090969,I74973139,1,"[""10.1109/infvis.1997.636782""]"
I74775410,I74973139,1,"[""10.1109/tvcg.2022.3209426""]"
I74775410,I79576946,1,"[""10.1109/tvcg.2010.161""]"
I74775410,I97018004,1,"[""10.1109/tvcg.2017.2744684""]"
I74788687,I76134821,1,"[""10.1109/visual.2004.104""]"
I74801974,I74973139,1,"[""10.1109/tvcg.2006.167""]"
I74973139,I76130692,1,"[""10.1109/visual.2004.38""]"
I74973139,I84218800,1,"[""10.1109/tvcg.2016.2598789""]"
I74973139,I98677209,1,"[""10.1109/tvcg.2022.3209386""]"
I74973139,I99065089,1,"[""10.1109/tvcg.2022.3209357""]"
I75059550,I84218800,1,"[""10.1109/tvcg.2014.2346594""]"
I75059550,I90727586,1,"[""10.1109/tvcg.2014.2346594""]"
I76130692,I76569877,1,"[""10.1109/tvcg.2019.2934657""]"
I76130692,I79510175,1,"[""10.1109/tvcg.2022.3209423""]"
I76130692,I80605987,1,"[""10.1109/scivis.2015.7429488""]"
I76198965,I95793202,1,"[""10.1109/tvcg.2022.3209374""]"
I76569877,I889458895,1,"[""10.1109/tvcg.2023.3326522""]"
I76571253,I98677209,1,"[""10.1109/tvcg.2022.3209487""]"
I78577930,I95457486,1,"[""10.1109/tvcg.2021.3114796""]"
I78650965,I926574661,1,"[""10.1109/tvcg.2019.2934367""]"
I79272384,I82495205,1,"[""10.1109/vast.2015.7347628""]"
I79272384,I859038795,1,"[""10.1109/vast.2015.7347628""]"
I79272384,I91045830,1,"[""10.1109/tvcg.2015.2467551""]"
I79272384,I99065089,1,"[""10.1109/tvcg.2015.2467554""]"
I79891267,I889458895,1,"[""10.1109/tvcg.2021.3114863""]"
I80143920,I99065089,1,"[""10.1109/tvcg.2021.3114694""]"
I80605987,I99065089,1,"[""10.1109/scivis.2015.7429488""]"
I8087733,I926574661,1,"[""10.1109/vast.2009.5333911""]"
I81365321,I87216513,1,"[""10.1109/tvcg.2024.3456348""]"
I82495205,I859038795,1,"[""10.1109/vast.2015.7347628""]"
I83019370,I94624287,1,"[""10.1109/tvcg.2019.2934289""]"
I83019370,I95793202,1,"[""10.1109/tvcg.2012.202""]"
I84218800,I90727586,1,"[""10.1109/tvcg.2014.2346594""]"
I84653119,I8692664,1,"[""10.1109/vast50239.2020.00012""]"
I859038795,I889804353,1,"[""10.1109/tvcg.2007.70544""]"
I859038795,I97018004,1,"[""10.1109/scivis.2015.7429485""]"
I865915315,I98358874,1,"[""10.1109/visual.1998.745335""]"
I87182695,I95457486,1,"[""10.1109/tvcg.2021.3114780""]"
I87216513,I889458895,1,"[""10.1109/tvcg.2021.3114790""]"
I87216513,I99065089,1,"[""10.1109/vast.2016.7883511""]"
I87303767,I99041443,1,"[""10.1109/visual.2001.964535""]"
I880747138,I95457486,1,"[""10.1109/vast.2006.261450""]"
I88101031,I97018004,1,"[""10.1109/visual.2001.964548""]"
I887064364,I94624287,1,"[""10.1109/tvcg.2019.2934289""]"
I889458895,I90727586,1,"[""10.1109/tvcg.2015.2467691""]"
I889458895,I91045830,1,"[""10.1109/tvcg.2024.3456363""]"
I889458895,I91807558,1,"[""10.1109/tvcg.2008.132""]"
I889458895,I99041443,1,"[""10.1109/tvcg.2009.112""]"
I90727586,I99065089,1,"[""10.1109/tvcg.2020.3030428""]"
I93860229,I95457486,1,"[""10.1109/tvcg.2024.3456353""]"
I97018004,I98677209,1,"[""10.1109/tvcg.2020.3030433""]"
I98358874,I98677209,1,"[""10.1109/tvcg.2021.3114849""]"
I98358874,I99041443,1,"[""10.1109/visual.1998.745333""]"
I98358874,I99065089,1,"[""10.1109/visual.1998.745333""]"
I99041443,I99065089,1,"[""10.1109/visual.1998.745333""]"
