author_id,n_papers,total_citations,n_awards,display_name,doi_list
A1044056533,1,28.0,0,P. Samuel Quinan,"[""10.1109/tvcg.2021.3114803""]"
A1208706714,1,31.0,0,Marlene Zawin,"[""10.1109/tvcg.2021.3114851""]"
A130811099,1,17.0,0,Giorgio Gaglia,"[""10.1109/tvcg.2021.3114786""]"
A1495897400,1,59.0,0,Sehi L'yi,"[""10.1109/tvcg.2021.3114876""]"
A1847723389,1,14.0,0,Michael Behrisch,"[""10.1109/vast47406.2019.8986940""]"
A1937654608,1,35.0,0,Yue Zhao,"[""10.1109/tvcg.2021.3114865""]"
A1975774854,1,30.0,1,Leilani Battle,"[""10.1109/tvcg.2021.3114814""]"
A1977048702,1,28.0,0,Zhao Jian,"[""10.1109/tvcg.2021.3114822""]"
A1983829605,1,7.0,0,Hui Shao,"[""10.1109/tvcg.2021.3114812""]"
A1984358069,3,168.0,2,Huamin Qu,"[""10.1109/tvcg.2021.3114790"", ""10.1109/tvcg.2021.3114806"", ""10.1109/tvcg.2021.3114863""]"
A1986027970,1,11.0,0,Elmar Eisemann,"[""10.1109/tvcg.2021.3114817""]"
A1989027630,1,19.0,0,He Huang,"[""10.1109/tvcg.2021.3114856""]"
A1992769770,2,124.0,1,Hui Zhang,"[""10.1109/tvcg.2021.3114806"", ""10.1109/tvcg.2021.3114861""]"
A2004349175,1,13.0,1,Bettina Speckmann,"[""10.1109/tvcg.2021.3114773""]"
A2008440735,1,17.0,0,Sandro Santagata,"[""10.1109/tvcg.2021.3114786""]"
A2008458290,1,11.0,0,Mark Van De Ruit,"[""10.1109/tvcg.2021.3114817""]"
A2008775589,1,30.0,1,Zehua Zeng,"[""10.1109/tvcg.2021.3114814""]"
A2010128826,1,4.0,0,Yu Qin,"[""10.1109/tvcg.2021.3114872""]"
A2012898261,1,7.0,0,Xiang Yong,"[""10.1109/tvcg.2021.3114812""]"
A2014743128,1,11.0,0,Stefan Zellmann,"[""10.1109/tvcg.2021.3114869""]"
A2015009204,1,13.0,1,Wouter Meulemans,"[""10.1109/tvcg.2021.3114773""]"
A2018762813,1,14.0,0,Hao Wang,"[""10.1109/tvcg.2021.3114789""]"
A2022576506,2,110.0,0,Arvind Satyanarayan,"[""10.1109/tvcg.2021.3114770"", ""10.1109/tvcg.2021.3114796""]"
A2023608286,1,7.0,0,Remco Chang,"[""10.1109/tvcg.2021.3114796""]"
A2034595988,1,10.0,1,Alexander Lex,"[""10.1109/tvcg.2021.3114766""]"
A2039836087,1,19.0,0,Tali Mazor,"[""10.1109/tvcg.2021.3114840""]"
A2043571136,1,92.0,1,Haotian Li,"[""10.1109/tvcg.2021.3114863""]"
A2044747201,1,4.0,0,Martha Cary Eppes,"[""10.1109/tvcg.2021.3114867""]"
A2055533637,1,17.0,0,Robert Krueger,"[""10.1109/tvcg.2021.3114786""]"
A2059514868,1,4.0,0,Brian Summa,"[""10.1109/tvcg.2021.3114872""]"
A2062090202,1,4.0,0,Brittany Terese Fasy,"[""10.1109/tvcg.2021.3114872""]"
A2063640528,1,7.0,0,Joseph M Hellerstein,"[""10.1109/tvcg.2021.3114796""]"
A2083709059,1,4.0,0,Jing Yang,"[""10.1109/tvcg.2021.3114867""]"
A2087252583,1,45.0,0,John Stasko,"[""10.1109/tvcg.2021.3114813""]"
A2096073198,1,28.0,0,Mingming Fan,"[""10.1109/tvcg.2021.3114822""]"
A2097574197,1,19.0,0,Haidong Zhang,"[""10.1109/tvcg.2021.3114856""]"
A2097601609,1,2.0,1,Eugene Zhang,"[""10.1109/tvcg.2021.3114808""]"
A2097661864,1,19.0,0,Dongmei Zhang,"[""10.1109/tvcg.2021.3114856""]"
A2097944852,1,7.0,0,Eugene Wu,"[""10.1109/tvcg.2021.3114796""]"
A2098122043,1,45.0,0,Evanthia Dimara,"[""10.1109/tvcg.2021.3114813""]"
A2098449489,1,2.0,1,Yue Zhang,"[""10.1109/tvcg.2021.3114808""]"
A2099156760,2,39.0,0,Jian Zhang,"[""10.1109/tvcg.2021.3114761"", ""10.1109/tvcg.2021.3114865""]"
A2099699520,1,5.0,0,Richard Gee,"[""10.1109/tvcg.2021.3114819""]"
A2099747503,1,92.0,1,Yangqiu Song,"[""10.1109/tvcg.2021.3114863""]"
A2099835616,1,19.0,0,Yun Wang,"[""10.1109/tvcg.2021.3114856""]"
A2100340696,1,7.0,0,Boyang Gao,"[""10.1109/tvcg.2021.3114812""]"
A2100484092,1,7.0,0,Zhengguo Zhu,"[""10.1109/tvcg.2021.3114812""]"
A2100870245,1,26.0,0,Yuhong Li,"[""10.1109/tvcg.2021.3114781""]"
A2100961798,1,6.0,0,Benjamin Bach,"[""10.1109/tvcg.2021.3114693""]"
A2101266097,4,168.0,1,Yingcai Wu,"[""10.1109/tvcg.2021.3114781"", ""10.1109/tvcg.2021.3114790"", ""10.1109/tvcg.2021.3114806"", ""10.1109/tvcg.2021.3114861""]"
A2101276323,1,34.0,0,Hao Zheng,"[""10.1109/tvcg.2021.3114815""]"
A2101370631,1,19.0,0,Weiwei Cui,"[""10.1109/tvcg.2021.3114856""]"
A2101978051,2,39.0,0,Yunhai Wang,"[""10.1109/tvcg.2021.3114761"", ""10.1109/tvcg.2021.3114865""]"
A2102202074,1,14.0,0,Jiancheng Song,"[""10.1109/tvcg.2021.3114789""]"
A2102208131,1,66.0,0,Hongguang Xiao,"[""10.1109/tvcg.2021.3114861""]"
A2102290556,2,31.0,0,Hanspeter Pfister,"[""10.1109/tvcg.2021.3114786"", ""10.1109/vast47406.2019.8986940""]"
A2102636632,1,18.0,0,Yifang Wang,"[""10.1109/tvcg.2021.3114790""]"
A2102971306,1,30.0,1,Sana Malik,"[""10.1109/tvcg.2021.3114814""]"
A2103171343,1,18.0,0,Haoren Wang,"[""10.1109/tvcg.2021.3114790""]"
A2103276077,1,30.0,1,Tak Yeon Lee,"[""10.1109/tvcg.2021.3114814""]"
A2103495245,1,4.0,0,Liang Zhou,"[""10.1109/tvcg.2021.3114761""]"
A2105952798,1,30.0,1,Fan Du,"[""10.1109/tvcg.2021.3114814""]"
A2105998426,1,35.0,0,Mingliang Xu,"[""10.1109/tvcg.2021.3114865""]"
A2106163841,2,84.0,0,Xiao Xie,"[""10.1109/tvcg.2021.3114790"", ""10.1109/tvcg.2021.3114861""]"
A2107351164,1,14.0,0,Cuixia Ma,"[""10.1109/tvcg.2021.3114789""]"
A2107905803,1,92.0,1,Yong Wang,"[""10.1109/tvcg.2021.3114863""]"
A2108314625,1,58.0,1,Haijun Xia,"[""10.1109/tvcg.2021.3114806""]"
A2109875249,1,2.0,1,Shih Hsuan Hung,"[""10.1109/tvcg.2021.3114808""]"
A2110837801,1,14.0,0,Xiaoming Deng,"[""10.1109/tvcg.2021.3114789""]"
A2111845028,1,26.0,0,Yanhong Wu,"[""10.1109/tvcg.2021.3114781""]"
A2112949193,1,7.0,0,Yanlin Zhu,"[""10.1109/tvcg.2021.3114812""]"
A2113036423,1,12.0,0,Panpan Xu,"[""10.1109/tvcg.2021.3114857""]"
A2113810606,1,34.0,0,Jun Han,"[""10.1109/tvcg.2021.3114815""]"
A2114287900,1,18.0,0,Dongliang Wang,"[""10.1109/tvcg.2021.3114777""]"
A2114319324,1,14.0,0,Hongan Wang,"[""10.1109/tvcg.2021.3114789""]"
A2117897572,1,18.0,0,Siming Chen,"[""10.1109/tvcg.2021.3114777""]"
A2122936339,1,7.0,0,Yifan Wu,"[""10.1109/tvcg.2021.3114796""]"
A2127075362,1,34.0,0,Danny Z. Chen,"[""10.1109/tvcg.2021.3114815""]"
A2127087169,1,31.0,0,Gaofeng Deng,"[""10.1109/tvcg.2021.3114851""]"
A2127175817,1,35.0,0,Dominik Moritz,"[""10.1109/tvcg.2021.3114865""]"
A2127902150,1,18.0,0,Huihua Lu,"[""10.1109/tvcg.2021.3114790""]"
A2128221548,1,7.0,0,Jiansu Pu,"[""10.1109/tvcg.2021.3114812""]"
A2128393815,1,21.0,0,Mirek Riedewald,"[""10.1109/tvcg.2021.3114756""]"
A2129475195,1,18.0,0,Junhong Wang,"[""10.1109/tvcg.2021.3114777""]"
A2129968125,1,18.0,0,Xiaolong Luke Zhang,"[""10.1109/tvcg.2021.3114777""]"
A2130147369,1,4.0,0,Carola Wenk,"[""10.1109/tvcg.2021.3114872""]"
A2130469765,1,4.0,0,Tinghao Feng,"[""10.1109/tvcg.2021.3114867""]"
A2130538116,1,14.0,0,Kevin Maher,"[""10.1109/tvcg.2021.3114789""]"
A2132144181,1,19.0,0,Jinpeng Wang,"[""10.1109/tvcg.2021.3114856""]"
A2132849971,1,31.0,0,Arie E. Kaufman,"[""10.1109/tvcg.2021.3114851""]"
A2133791059,1,21.0,0,Cody Dunne,"[""10.1109/tvcg.2021.3114756""]"
A2134925714,1,5.0,0,Amitesh Maiti,"[""10.1109/tvcg.2021.3114819""]"
A2139022045,1,6.0,0,Kim Marriott,"[""10.1109/tvcg.2021.3114693""]"
A2140148030,1,18.0,0,Jun Zhu,"[""10.1109/tvcg.2021.3114777""]"
A2142913092,1,9.0,0,Ji Hwan Park,"[""10.1109/vast.2016.7883508""]"
A2145662684,1,18.0,0,Xiangyang XUE,"[""10.1109/tvcg.2021.3114777""]"
A2147904611,1,11.0,0,Ingo Wald,"[""10.1109/tvcg.2021.3114869""]"
A2148926532,1,4.0,0,Gaoqi He,"[""10.1109/tvcg.2021.3114761""]"
A2152163733,1,12.0,0,Huan Song,"[""10.1109/tvcg.2021.3114857""]"
A2156161846,1,26.0,0,Lingyun Yu,"[""10.1109/tvcg.2021.3114781""]"
A2156835097,1,4.0,0,Da Cheng,"[""10.1109/tvcg.2021.3114761""]"
A2157271971,1,9.0,0,Wenwen Dou,"[""10.1109/tvcg.2021.3114692""]"
A2158310186,1,17.0,0,Shannon Coy,"[""10.1109/tvcg.2021.3114786""]"
A2158800269,2,78.0,0,Qianwen Wang,"[""10.1109/tvcg.2021.3114840"", ""10.1109/tvcg.2021.3114876""]"
A2159998460,1,34.0,0,Chaoli Wang,"[""10.1109/tvcg.2021.3114815""]"
A2160271655,1,4.0,0,Zhirui Wang,"[""10.1109/tvcg.2021.3114761""]"
A2162477850,1,7.0,0,Yunbo Rao,"[""10.1109/tvcg.2021.3114812""]"
A2164504749,1,6.0,0,Kun Ting Chen,"[""10.1109/tvcg.2021.3114693""]"
A2166637036,1,12.0,0,Liu Ren,"[""10.1109/tvcg.2021.3114857""]"
A2169816289,1,11.0,0,Markus Billeter,"[""10.1109/tvcg.2021.3114817""]"
A2170130016,1,18.0,0,Cheng Shun Wang,"[""10.1109/tvcg.2021.3114777""]"
A2189384394,1,14.0,0,B Hamann,"[""10.1109/visual.2000.885717""]"
A2211450727,1,28.0,0,Spencer C. Castro,"[""10.1109/tvcg.2021.3114803""]"
A2222139510,1,12.0,0,Zeng Dai,"[""10.1109/tvcg.2021.3114857""]"
A2224011662,1,9.0,0,Seyedkoosha Mirhosseini,"[""10.1109/vast.2016.7883508""]"
A2224668320,1,9.0,0,Alireza Karduni,"[""10.1109/tvcg.2021.3114692""]"
A2228940112,1,30.0,1,Jane Hoffswell,"[""10.1109/tvcg.2021.3114814""]"
A2230100954,1,5.0,0,Aniketh Venkat,"[""10.1109/tvcg.2021.3114819""]"
A2236935383,1,14.0,0,Zeyuan Huang,"[""10.1109/tvcg.2021.3114789""]"
A2242486043,1,28.0,0,Lace Padilla,"[""10.1109/tvcg.2021.3114803""]"
A2250180867,1,9.0,0,Arie Kaufman,"[""10.1109/vast.2016.7883508""]"
A2274748244,1,19.0,0,Ethan Cerami,"[""10.1109/tvcg.2021.3114840""]"
A2280587364,1,5.0,0,Attila Gyulassy,"[""10.1109/tvcg.2021.3114819""]"
A2296065211,1,5.0,0,Valerio Pascucci,"[""10.1109/tvcg.2021.3114819""]"
A2296695175,1,2.0,1,Harry Yeh,"[""10.1109/tvcg.2021.3114808""]"
A2311807805,1,14.0,0,Tom Polk,"[""10.1109/vast47406.2019.8986940""]"
A2321007146,1,5.0,0,Graham Kosiba,"[""10.1109/tvcg.2021.3114819""]"
A2329647279,1,9.0,0,Saad Nadeem,"[""10.1109/vast.2016.7883508""]"
A2337969636,1,6.0,0,Tim Dwyer,"[""10.1109/tvcg.2021.3114693""]"
A2340748944,1,4.0,0,Zhaocong Yang,"[""10.1109/tvcg.2021.3114867""]"
A2426515289,1,17.0,0,Peter K. Sorger,"[""10.1109/tvcg.2021.3114786""]"
A2436407508,1,66.0,0,Haolin Lu,"[""10.1109/tvcg.2021.3114861""]"
A2442368469,1,14.0,0,K. I. Joy,"[""10.1109/visual.2000.885717""]"
A2472796992,1,31.0,0,Shreeraj Jadhav,"[""10.1109/tvcg.2021.3114851""]"
A2478538189,1,32.0,0,Emily Wall,"[""10.1109/tvcg.2021.3114862""]"
A2518120156,1,26.0,0,Tan Tang,"[""10.1109/tvcg.2021.3114781""]"
A257767137,2,78.0,0,Nils Gehlenborg,"[""10.1109/tvcg.2021.3114840"", ""10.1109/tvcg.2021.3114876""]"
A2581697602,1,18.0,0,Yijie Hou,"[""10.1109/tvcg.2021.3114777""]"
A2596683589,1,28.0,0,Emily Kuang,"[""10.1109/tvcg.2021.3114822""]"
A2623901632,1,14.0,0,Frederik L Dennig,"[""10.1109/vast47406.2019.8986940""]"
A2625825152,1,10.0,1,Devin Lange,"[""10.1109/tvcg.2021.3114766""]"
A2639424285,1,14.0,0,Yong Jin Liu,"[""10.1109/tvcg.2021.3114789""]"
A2699503881,1,17.0,0,John Hoffer,"[""10.1109/tvcg.2021.3114786""]"
A2718066719,1,17.0,0,Yu’an Chen,"[""10.1109/tvcg.2021.3114786""]"
A272170598,1,32.0,0,Alex Endert,"[""10.1109/tvcg.2021.3114862""]"
A2776145993,1,21.0,0,Wolfgang Gatterbauer,"[""10.1109/tvcg.2021.3114756""]"
A2783317702,1,9.0,0,Ryan Wesslen,"[""10.1109/tvcg.2021.3114692""]"
A2791192092,1,103.0,0,Alan Lundgard,"[""10.1109/tvcg.2021.3114770""]"
A2795272079,1,59.0,0,Fritz Lekschas,"[""10.1109/tvcg.2021.3114876""]"
A2806002416,1,14.0,0,Tobias Schreck,"[""10.1109/vast47406.2019.8986940""]"
A2914703055,1,30.0,1,Eunyee Koh,"[""10.1109/tvcg.2021.3114814""]"
A2922806279,1,30.0,1,Phoebe Moh,"[""10.1109/tvcg.2021.3114814""]"
A2949189709,1,11.0,0,Nate Morrical,"[""10.1109/tvcg.2021.3114869""]"
A2965587659,1,14.0,0,Zudi Lin,"[""10.1109/vast47406.2019.8986940""]"
A2969790948,1,21.0,0,Sara Di Bartolomeo,"[""10.1109/tvcg.2021.3114756""]"
A2983968868,1,32.0,0,Arpit Narechania,"[""10.1109/tvcg.2021.3114862""]"
A3042739767,1,6.0,0,Vaclav Pavlovec,"[""10.1109/tvcg.2021.3114854""]"
A3048423116,1,17.0,0,Jia Ren Lin,"[""10.1109/tvcg.2021.3114786""]"
A3067083929,1,14.0,0,K.s. Bonnell,"[""10.1109/visual.2000.885717""]"
A3074211044,1,14.0,0,M Duchaineau,"[""10.1109/visual.2000.885717""]"
A3091912261,2,124.0,1,Shuainan Ye,"[""10.1109/tvcg.2021.3114806"", ""10.1109/tvcg.2021.3114861""]"
A3092568790,2,124.0,1,Xiangtong Chu,"[""10.1109/tvcg.2021.3114806"", ""10.1109/tvcg.2021.3114861""]"
A3095668740,1,17.0,0,Jared Jessup,"[""10.1109/tvcg.2021.3114786""]"
A3103622860,1,32.0,0,Adam Coscia,"[""10.1109/tvcg.2021.3114862""]"
A3127058107,1,17.0,0,Cecily C Ritch,"[""10.1109/tvcg.2021.3114786""]"
A3143182302,1,19.0,0,Chin Yew Lin,"[""10.1109/tvcg.2021.3114856""]"
A3164509898,1,13.0,1,Nathan Van Beusekom,"[""10.1109/tvcg.2021.3114773""]"
A3179975792,1,28.0,0,Helia Hosseinpour,"[""10.1109/tvcg.2021.3114803""]"
A3184432917,1,92.0,1,Songheng Zhang,"[""10.1109/tvcg.2021.3114863""]"
A3193142476,1,32.0,0,Jamal Paden,"[""10.1109/tvcg.2021.3114862""]"
A3199566799,1,5.0,0,Henry Reinstein,"[""10.1109/tvcg.2021.3114819""]"
A3202178078,1,17.0,0,Simon Warchol,"[""10.1109/tvcg.2021.3114786""]"
A3203167604,1,28.0,0,Ehsan Jahangirzadeh Soure,"[""10.1109/tvcg.2021.3114822""]"
A3204488662,1,66.0,0,Zeqing Yuan,"[""10.1109/tvcg.2021.3114861""]"
A3204873855,1,10.0,1,Eddie Polanco,"[""10.1109/tvcg.2021.3114766""]"
A4200808244,1,35.0,0,Chi Wing Fu,"[""10.1109/tvcg.2021.3114865""]"
A4202166419,1,14.0,0,Yu Kun Lai,"[""10.1109/tvcg.2021.3114789""]"
A4202219859,1,5.0,0,Peer Timo Bremer,"[""10.1109/tvcg.2021.3114819""]"
A4202291998,1,18.0,0,Tai Quan Peng,"[""10.1109/tvcg.2021.3114790""]"
A4208259650,1,4.0,0,Faye Moser,"[""10.1109/tvcg.2021.3114867""]"
A4226714658,1,19.0,0,Theresa A Harbig,"[""10.1109/tvcg.2021.3114840""]"
A4227595456,1,10.0,1,Robert Judson Torres,"[""10.1109/tvcg.2021.3114766""]"
A4227595457,1,10.0,1,Thomas Zangle,"[""10.1109/tvcg.2021.3114766""]"
A4227710267,1,17.0,0,Jeremy Muhlich,"[""10.1109/tvcg.2021.3114786""]"
A4260165458,1,14.0,0,D.r. Schikore,"[""10.1109/visual.2000.885717""]"
A5000006583,3,184.0,0,Wolfgang Kollmann,"[""10.1109/tvcg.2007.70579"", ""10.1109/tvcg.2007.70615"", ""10.1109/visual.2001.964506""]"
A5000033049,1,8.0,0,Emmy Charlotte Förster,"[""10.1109/tvcg.2015.2467612""]"
A5000036409,1,36.0,0,Lamont Samuels,"[""10.1109/tvcg.2015.2467449""]"
A5000056504,1,35.0,0,Paolo Brivio,"[""10.1109/tvcg.2010.136""]"
A5000056900,1,61.0,0,Yonas Sahlemariam Haile,"[""10.1109/tvcg.2013.166""]"
A5000064618,1,9.0,0,Michaël Aupetit,"[""10.1109/tvcg.2023.3327187""]"
A5000073162,1,2.0,0,Joseph F Derose,"[""10.1109/tvcg.2020.3028976""]"
A5000079053,2,132.0,0,Manfred Weiler,"[""10.1109/visual.2001.964512"", ""10.1109/visual.2003.1250390""]"
A5000099153,8,379.0,0,Marcus Magnor,"[""10.1109/tvcg.2011.237"", ""10.1109/tvcg.2012.281"", ""10.1109/tvcg.2015.2467612"", ""10.1109/vast.2009.5332628"", ""10.1109/vast.2010.5652433"", ""10.1109/vast.2011.6102437"", ""10.1109/visual.2004.18"", ""10.1109/visual.2005.1532803""]"
A5000102893,2,123.0,0,David Akers,"[""10.1109/visual.2003.1250392"", ""10.1109/visual.2004.30""]"
A5000123743,1,5.0,0,Walid G. Aref,"[""10.1109/vast50239.2020.00012""]"
A5000145300,1,20.0,0,R.d. Herch,"[""10.1109/visual.2003.1250351""]"
A5000147776,8,328.0,0,Renato Pajarola,"[""10.1109/tvcg.2011.198"", ""10.1109/tvcg.2011.214"", ""10.1109/visual.1998.745280"", ""10.1109/visual.1999.809901"", ""10.1109/visual.2000.885703"", ""10.1109/visual.2002.1183796"", ""10.1109/visual.2002.1183800"", ""10.1109/visual.2005.1532801""]"
A5000160353,1,5.0,0,M. Wagner,"[""10.1109/visual.1994.346337""]"
A5000172836,1,29.0,0,J. Juric,"[""10.1109/visual.2005.1532821""]"
A5000173125,8,249.0,0,Stefan Gumhold,"[""10.1109/tvcg.2019.2934367"", ""10.1109/tvcg.2020.3028954"", ""10.1109/tvcg.2022.3209400"", ""10.1109/visual.1999.809868"", ""10.1109/visual.2001.964504"", ""10.1109/visual.2002.1183785"", ""10.1109/visual.2003.1250408"", ""10.1109/visual.2005.1532859""]"
A5000175003,1,5.0,0,Calvin Yau,"[""10.1109/vast50239.2020.00012""]"
A5000189941,3,134.0,0,Shilpika,"[""10.1109/tvcg.2019.2934433"", ""10.1109/tvcg.2020.3028889"", ""10.1109/tvcg.2020.3030385""]"
A5000199768,1,1.0,1,Zhicheng Liu,"[""10.1109/tvcg.2024.3456296""]"
A5000212755,1,51.0,0,Jean François Im,"[""10.1109/tvcg.2013.160""]"
A5000228959,1,54.0,0,Lendie Follett,"[""10.1109/tvcg.2012.230""]"
A5000242175,1,1.0,0,D. Stevenson,"[""10.1109/visual.1991.175830""]"
A5000242649,1,82.0,0,George Otto,"[""10.1109/infvis.2000.885102""]"
A5000254667,1,35.0,1,Christian Pölitz,"[""10.1109/vast.2010.5652478""]"
A5000261303,1,33.0,0,Jakob Jakob,"[""10.1109/tvcg.2020.3028947""]"
A5000266021,1,70.0,0,Ginette Wessel,"[""10.1109/tvcg.2007.70574""]"
A5000323557,1,176.0,0,Norman Au,"[""10.1109/tvcg.2010.183""]"
A5000366779,1,0.0,0,Maria Lantin,"[""10.1109/visual.1998.745339""]"
A5000371948,1,9.0,0,Benjamin Russig,"[""10.1109/tvcg.2022.3209400""]"
A5000374095,2,481.0,0,Beth Hetzler,"[""10.1109/infvis.1998.729570"", ""10.1109/infvis.2000.885098""]"
A5000390546,1,21.0,0,Caglar Yildirim,"[""10.1109/tvcg.2023.3327368""]"
A5000413604,15,771.0,1,Xavier Tricoche,"[""10.1109/tvcg.2007.70551"", ""10.1109/tvcg.2007.70557"", ""10.1109/tvcg.2008.133"", ""10.1109/tvcg.2008.148"", ""10.1109/tvcg.2010.133"", ""10.1109/tvcg.2011.254"", ""10.1109/tvcg.2012.269"", ""10.1109/tvcg.2013.128"", ""10.1109/tvcg.2020.3030402"", ""10.1109/visual.1999.809897"", ""10.1109/visual.2000.885716"", ""10.1109/visual.2001.964507"", ""10.1109/visual.2004.107"", ""10.1109/visual.2004.113"", ""10.1109/visual.2004.52""]"
A5000420564,7,273.0,2,Bettina Speckmann,"[""10.1109/tvcg.2010.180"", ""10.1109/tvcg.2011.202"", ""10.1109/tvcg.2014.2346274"", ""10.1109/tvcg.2016.2598619"", ""10.1109/tvcg.2017.2745140"", ""10.1109/tvcg.2020.3028953"", ""10.1109/tvcg.2024.3456168""]"
A5000426173,1,134.0,0,Janu Verma,"[""10.1109/tvcg.2017.2745085""]"
A5000426391,1,4.0,0,Robert Sweet,"[""10.1109/tvcg.2010.221""]"
A5000430651,3,71.0,0,David Thompson,"[""10.1109/tvcg.2006.201"", ""10.1109/tvcg.2007.70600"", ""10.1109/visual.2005.1532776""]"
A5000474356,26,1759.0,5,Nan Cao,"[""10.1109/tvcg.2010.154"", ""10.1109/tvcg.2011.188"", ""10.1109/tvcg.2012.291"", ""10.1109/tvcg.2014.2346922"", ""10.1109/tvcg.2015.2467196"", ""10.1109/tvcg.2016.2598867"", ""10.1109/tvcg.2017.2744419"", ""10.1109/tvcg.2017.2745320"", ""10.1109/tvcg.2018.2864825"", ""10.1109/tvcg.2018.2864885"", ""10.1109/tvcg.2020.3030403"", ""10.1109/tvcg.2020.3030465"", ""10.1109/tvcg.2021.3114774"", ""10.1109/tvcg.2021.3114775"", ""10.1109/tvcg.2021.3114779"", ""10.1109/tvcg.2021.3114804"", ""10.1109/tvcg.2022.3209409"", ""10.1109/tvcg.2022.3209428"", ""10.1109/tvcg.2022.3209461"", ""10.1109/tvcg.2022.3209486"", ""10.1109/tvcg.2023.3326925"", ""10.1109/tvcg.2023.3327200"", ""10.1109/tvcg.2023.3327385"", ""10.1109/tvcg.2023.3327387"", ""10.1109/tvcg.2024.3456346"", ""10.1109/vast.2016.7883510""]"
A5000497037,2,57.0,0,Supriya Garg,"[""10.1109/vast.2008.4677352"", ""10.1109/vast.2010.5652484""]"
A5000530055,1,1.0,0,Anthony Kouroupis,"[""10.1109/tvcg.2021.3114805""]"
A5000555892,11,874.0,1,Harald Piringer,"[""10.1109/tvcg.2009.110"", ""10.1109/tvcg.2013.122"", ""10.1109/tvcg.2013.125"", ""10.1109/tvcg.2014.2346321"", ""10.1109/tvcg.2014.2346578"", ""10.1109/tvcg.2015.2468011"", ""10.1109/tvcg.2016.2598589"", ""10.1109/tvcg.2016.2598592"", ""10.1109/tvcg.2017.2745158"", ""10.1109/tvcg.2018.2865024"", ""10.1109/vast.2012.6400556""]"
A5000586573,1,0.0,0,Gérard Lecina,"[""10.1109/visual.2000.885700""]"
A5000588866,1,73.0,0,Fenjin Ye,"[""10.1109/tvcg.2017.2744098""]"
A5000594918,2,130.0,0,Matthias Kreuseler,"[""10.1109/infvis.2000.885088"", ""10.1109/infvis.2004.2""]"
A5000602540,2,89.0,0,Mike Cammarano,"[""10.1109/tvcg.2007.70617"", ""10.1109/tvcg.2008.178""]"
A5000611152,1,3.0,0,V.j. Argiro,"[""10.1109/visual.1990.146413""]"
A5000621096,1,0.0,0,H. Videau,"[""10.1109/visual.1993.398897""]"
A5000622960,5,71.0,0,Johanna Schmidt,"[""10.1109/tvcg.2013.213"", ""10.1109/tvcg.2023.3326912"", ""10.1109/tvcg.2023.3327203"", ""10.1109/tvcg.2024.3456315"", ""10.1109/vast.2014.7042491""]"
A5000623954,1,32.0,0,Mahdi Pakdaman Naeini,"[""10.1109/tvcg.2017.2745118""]"
A5000624130,1,16.0,0,Hao Dong,"[""10.1109/tvcg.2017.2744080""]"
A5000630402,2,147.0,0,Bryan A. Pendleton,"[""10.1109/vast.2006.261450"", ""10.1109/vast.2007.4389010""]"
A5000643470,2,270.0,0,Greg Welch,"[""10.1109/visual.1999.809883"", ""10.1109/visual.2000.885684""]"
A5000644268,1,26.0,0,Clemens W.g.m. Löwik,"[""10.1109/tvcg.2010.134""]"
A5000687536,8,380.0,0,James Ahrens,"[""10.1109/tvcg.2009.195"", ""10.1109/tvcg.2011.162"", ""10.1109/tvcg.2015.2467411"", ""10.1109/tvcg.2017.2743978"", ""10.1109/tvcg.2018.2865051"", ""10.1109/tvcg.2023.3326584"", ""10.1109/visual.1997.663919"", ""10.1109/visual.2004.95""]"
A5000695235,1,158.0,0,Michael Grossniklaus,"[""10.1109/tvcg.2017.2745181""]"
A5000695313,16,386.0,0,Krešimir Matković,"[""10.1109/infvis.2002.1173149"", ""10.1109/tvcg.2008.144"", ""10.1109/tvcg.2008.145"", ""10.1109/tvcg.2009.155"", ""10.1109/tvcg.2010.171"", ""10.1109/tvcg.2012.243"", ""10.1109/tvcg.2014.2346744"", ""10.1109/tvcg.2014.2346754"", ""10.1109/tvcg.2019.2934784"", ""10.1109/tvcg.2022.3209432"", ""10.1109/tvcg.2022.3209478"", ""10.1109/tvcg.2024.3456356"", ""10.1109/vast.2014.7042481"", ""10.1109/vast.2015.7347635"", ""10.1109/visual.2003.1250417"", ""10.1109/visual.2005.1532821""]"
A5000705218,1,38.0,0,Haikuan Zhu,"[""10.1109/tvcg.2020.3030374""]"
A5000755776,35,1879.0,0,Helwig Hauser,"[""10.1109/infvis.2002.1173149"", ""10.1109/infvis.2002.1173157"", ""10.1109/infvis.2005.1532139"", ""10.1109/tvcg.2006.170"", ""10.1109/tvcg.2007.70517"", ""10.1109/tvcg.2007.70569"", ""10.1109/tvcg.2007.70588"", ""10.1109/tvcg.2008.139"", ""10.1109/tvcg.2008.144"", ""10.1109/tvcg.2008.145"", ""10.1109/tvcg.2009.136"", ""10.1109/tvcg.2009.155"", ""10.1109/tvcg.2010.171"", ""10.1109/tvcg.2011.178"", ""10.1109/tvcg.2011.235"", ""10.1109/tvcg.2012.256"", ""10.1109/tvcg.2013.184"", ""10.1109/tvcg.2014.2346265"", ""10.1109/tvcg.2014.2346660"", ""10.1109/tvcg.2014.2346744"", ""10.1109/tvcg.2016.2598470"", ""10.1109/tvcg.2016.2598870"", ""10.1109/tvcg.2019.2934258"", ""10.1109/tvcg.2019.2934333"", ""10.1109/tvcg.2020.3030389"", ""10.1109/tvcg.2022.3209478"", ""10.1109/tvcg.2024.3456356"", ""10.1109/vast.2015.7347635"", ""10.1109/visual.2000.885697"", ""10.1109/visual.2001.964522"", ""10.1109/visual.2003.1250364"", ""10.1109/visual.2003.1250386"", ""10.1109/visual.2003.1250417"", ""10.1109/visual.2004.59"", ""10.1109/visual.2005.1532850""]"
A5000811068,1,11.0,0,D. Jablonowski,"[""10.1109/visual.1991.175810""]"
A5000813954,5,323.0,0,Anders Persson,"[""10.1109/tvcg.2006.146"", ""10.1109/tvcg.2007.70518"", ""10.1109/tvcg.2010.195"", ""10.1109/tvcg.2011.224"", ""10.1109/tvcg.2012.203""]"
A5000815980,1,167.0,0,Drew Skau,"[""10.1109/vast.2012.6400485""]"
A5000816378,3,107.0,0,G. Cipriano,"[""10.1109/tvcg.2007.70578"", ""10.1109/tvcg.2008.168"", ""10.1109/tvcg.2009.168""]"
A5000854921,1,20.0,0,Lars Stegger,"[""10.1109/tvcg.2008.136""]"
A5000858152,4,132.0,0,H. J. Wright,"[""10.1109/visual.1993.398857"", ""10.1109/visual.1996.567610"", ""10.1109/visual.1997.663890"", ""10.1109/visual.2000.885707""]"
A5000885442,2,325.0,0,Leandro A. F. Fernandes,"[""10.1109/tvcg.2008.112"", ""10.1109/tvcg.2009.113""]"
A5000928551,1,63.0,0,Markus Wagner,"[""10.1109/vast.2017.8585498""]"
A5000944164,2,52.0,0,Jun Yuan,"[""10.1109/tvcg.2020.3030432"", ""10.1109/tvcg.2022.3209404""]"
A5000951270,1,89.0,0,Olaf Konrad,"[""10.1109/tvcg.2006.172""]"
A5000957988,1,9.0,0,Victor A. P. Magri,"[""10.1109/tvcg.2023.3327186""]"
A5001022750,1,5.0,0,Chandan K. Reddy,"[""10.1109/vast.2008.4677367""]"
A5001029563,1,39.0,0,Dongshi Xu,"[""10.1109/vast50239.2020.00006""]"
A5001041797,1,36.0,0,Alan Chu,"[""10.1109/tvcg.2009.147""]"
A5001050773,1,67.0,0,Jonathan Woodruff,"[""10.1109/tvcg.2016.2598498""]"
A5001087917,1,2.0,1,Po‐yin Yen,"[""10.1109/tvcg.2024.3456339""]"
A5001091537,1,1.0,0,G.d. Kerlick,"[""10.1109/visual.1995.485150""]"
A5001128245,2,25.0,0,Keshav Dasu,"[""10.1109/tvcg.2020.3030412"", ""10.1109/tvcg.2023.3326578""]"
A5001140149,1,85.0,0,Veronika Irvine,"[""10.1109/vast.2010.5652392""]"
A5001186358,2,30.0,0,Thomas Ortner,"[""10.1109/tvcg.2015.2468011"", ""10.1109/tvcg.2020.3030409""]"
A5001225767,1,37.0,0,Mustafa Hajij,"[""10.1109/tvcg.2019.2934802""]"
A5001227061,2,313.0,1,Andreas Buja,"[""10.1109/tvcg.2010.161"", ""10.1109/visual.1991.175794""]"
A5001235418,1,26.0,0,Darren Treanor,"[""10.1109/tvcg.2018.2864816""]"
A5001239748,1,107.0,0,Xidao Wen,"[""10.1109/tvcg.2017.2744419""]"
A5001240653,1,52.0,0,Stefanie Thust,"[""10.1109/visual.2003.1250370""]"
A5001277224,1,18.0,0,Richard Superfine,"[""10.1109/visual.1997.663923""]"
A5001281792,1,18.0,0,Giorgio Gaglia,"[""10.1109/tvcg.2022.3209378""]"
A5001287137,1,23.0,0,Annette Haworth,"[""10.1109/tvcg.2017.2744418""]"
A5001305620,1,55.0,0,J.l. Steffen,"[""10.1109/visual.1992.235206""]"
A5001331464,1,137.0,0,Agus Sudjianto,"[""10.1109/vast.2007.4389009""]"
A5001353590,1,2.0,0,L.m. Desjarlais,"[""10.1109/visual.1990.146419""]"
A5001362069,2,70.0,0,Gábor Janiga,"[""10.1109/tvcg.2012.202"", ""10.1109/tvcg.2015.2467203""]"
A5001421168,2,124.0,0,Anya Savikhin,"[""10.1109/vast.2008.4677363"", ""10.1109/vast.2009.5333920""]"
A5001451897,1,11.0,0,Diogenes S. Pedro,"[""10.1109/tvcg.2022.3209477""]"
A5001469241,2,27.0,0,Wiebke Koepp,"[""10.1109/tvcg.2018.2865265"", ""10.1109/tvcg.2022.3209387""]"
A5001472452,1,33.0,1,J. A. E. Bonart,"[""10.1109/tvcg.2021.3114797""]"
A5001490209,1,43.0,0,J. E. Harris,"[""10.1109/tvcg.2016.2599214""]"
A5001490449,1,32.0,0,Christian Godenschwager,"[""10.1109/tvcg.2013.169""]"
A5001531096,2,23.0,0,Yuan Cui,"[""10.1109/tvcg.2023.3327165"", ""10.1109/tvcg.2024.3456309""]"
A5001531117,2,157.0,0,Ronghua Liang,"[""10.1109/tvcg.2014.2346919"", ""10.1109/vast.2014.7042486""]"
A5001536494,8,392.0,2,Alex Kale,"[""10.1109/tvcg.2018.2864889"", ""10.1109/tvcg.2018.2864909"", ""10.1109/tvcg.2020.3028985"", ""10.1109/tvcg.2020.3030335"", ""10.1109/tvcg.2021.3114824"", ""10.1109/tvcg.2023.3326516"", ""10.1109/tvcg.2024.3456343"", ""10.1109/tvcg.2024.3456402""]"
A5001544591,1,3.0,0,C. Forser,"[""10.1109/infvis.2002.1173147""]"
A5001552541,1,0.0,0,Xiyao Wang,"[""10.1109/tvcg.2024.3456361""]"
A5001555038,1,89.0,0,Yuhong Lu,"[""10.1109/tvcg.2023.3327168""]"
A5001598072,1,27.0,0,Henryk Dobslaw,"[""10.1109/tvcg.2014.2346751""]"
A5001615692,1,3.0,0,S. Muraki,"[""10.1109/visual.1997.663915""]"
A5001617768,2,247.0,0,Manuel Stein,"[""10.1109/tvcg.2017.2745181"", ""10.1109/vast.2014.7042477""]"
A5001619806,2,33.0,0,F. Bosquet,"[""10.1109/visual.1999.809922"", ""10.1109/visual.2005.1532802""]"
A5001647607,2,85.0,1,Katrin Bidmon,"[""10.1109/tvcg.2009.157"", ""10.1109/visual.2004.58""]"
A5001649622,14,653.0,1,Charles Périn,"[""10.1109/tvcg.2013.192"", ""10.1109/tvcg.2014.2346279"", ""10.1109/tvcg.2015.2467325"", ""10.1109/tvcg.2016.2598586"", ""10.1109/tvcg.2017.2743859"", ""10.1109/tvcg.2017.2743918"", ""10.1109/tvcg.2017.2745958"", ""10.1109/tvcg.2018.2865159"", ""10.1109/tvcg.2019.2934283"", ""10.1109/tvcg.2019.2934534"", ""10.1109/tvcg.2022.3209365"", ""10.1109/tvcg.2023.3327378"", ""10.1109/tvcg.2024.3456361"", ""10.1109/tvcg.2024.3456403""]"
A5001665107,1,6.0,0,R. Ruhle,"[""10.1109/visual.1991.175812""]"
A5001670475,1,24.0,0,Dale Lawrence,"[""10.1109/visual.2000.885686""]"
A5001673922,1,55.0,0,Isabel Jiah Yih Liao,"[""10.1109/tvcg.2012.244""]"
A5001682523,1,4.0,0,A.w. Anderson,"[""10.1109/visual.2001.964549""]"
A5001706587,1,66.0,0,David Feng,"[""10.1109/tvcg.2010.176""]"
A5001709267,1,1.0,0,Keith Jones,"[""10.1109/visual.1998.745345""]"
A5001722956,1,4.0,0,Daryl H. Hepting,"[""10.1109/visual.1995.485148""]"
A5001733506,1,29.0,0,Catherine Wilson,"[""10.1109/visual.1996.568105""]"
A5001741248,2,36.0,0,Mark L. Borowsky,"[""10.1109/tvcg.2015.2467911"", ""10.1109/tvcg.2016.2598587""]"
A5001741970,1,22.0,1,Ethan Brewer,"[""10.1109/tvcg.2023.3327396""]"
A5001759991,1,4.0,0,Kossi Edoh,"[""10.1109/visual.1995.485148""]"
A5001856150,1,14.0,0,A Burette,"[""10.1109/visual.2004.46""]"
A5001876683,3,131.0,0,Johannes Fuchs,"[""10.1109/tvcg.2014.2346426"", ""10.1109/tvcg.2019.2934395"", ""10.1109/tvcg.2024.3456312""]"
A5001882662,1,16.0,0,Pierre Luc Hémery,"[""10.1109/vast.2011.6102446""]"
A5001919573,1,31.0,0,U. Rist,"[""10.1109/visual.2005.1532830""]"
A5001935193,1,3.0,1,Devin Lange,"[""10.1109/tvcg.2024.3456193""]"
A5001954632,1,17.0,0,Haozhe Feng,"[""10.1109/tvcg.2022.3209391""]"
A5001959280,1,3.0,0,T. Kamps,"[""10.1109/visual.1995.480815""]"
A5001966756,6,87.0,1,David Borland,"[""10.1109/tvcg.2019.2934209"", ""10.1109/tvcg.2019.2934661"", ""10.1109/tvcg.2020.3030455"", ""10.1109/tvcg.2021.3114779"", ""10.1109/tvcg.2024.3456369"", ""10.1109/tvcg.2024.3456381""]"
A5002000124,2,17.0,0,María Luján Ganuza,"[""10.1109/tvcg.2014.2346754"", ""10.1109/tvcg.2020.3030438""]"
A5002018688,1,4.0,0,Maryam Hedayati,"[""10.1109/tvcg.2024.3456291""]"
A5002022224,1,16.0,0,Frank Elavsky,"[""10.1109/tvcg.2023.3327393""]"
A5002030068,1,21.0,0,Mei Hua Kerry Hsu,"[""10.1109/infvis.1999.801867""]"
A5002037883,1,119.0,0,Stanley Osher,"[""10.1109/visual.2002.1183766""]"
A5002041772,1,5.0,1,Dashun Wang,"[""10.1109/tvcg.2023.3327387""]"
A5002044808,1,55.0,0,John Patchett,"[""10.1109/tvcg.2015.2467411""]"
A5002108227,1,3.0,0,Eliot Feibush,"[""10.1109/visual.1999.809925""]"
A5002135895,2,113.0,2,Huixuan Xie,"[""10.1109/tvcg.2020.3030428"", ""10.1109/tvcg.2022.3209469""]"
A5002141920,3,53.0,0,Pere‐pau Vázquez,"[""10.1109/tvcg.2015.2467293"", ""10.1109/tvcg.2016.2598825"", ""10.1109/tvcg.2018.2864851""]"
A5002142835,1,355.0,0,Daniel Borkin,"[""10.1109/tvcg.2015.2467732""]"
A5002176646,2,56.0,0,Gerhard Klimeck,"[""10.1109/tvcg.2006.150"", ""10.1109/visual.2005.1532811""]"
A5002184980,1,295.0,0,Joanne Taery Kim,"[""10.1109/tvcg.2018.2865027""]"
A5002197352,1,28.0,0,A. Bogomjakov,"[""10.1109/visual.2002.1183794""]"
A5002221227,6,124.0,0,Stephen G. Eick,"[""10.1109/infvis.1995.528697"", ""10.1109/infvis.2002.1173163"", ""10.1109/vast.2006.261417"", ""10.1109/vast.2007.4388996"", ""10.1109/visual.1990.146369"", ""10.1109/visual.1993.398870""]"
A5002244507,1,271.0,0,Neeraj Krishnan,"[""10.1109/tvcg.2006.120""]"
A5002268742,1,13.0,0,Emily R. Miraldi,"[""10.1109/tvcg.2014.2346753""]"
A5002279044,2,131.0,0,Fabian Fischer,"[""10.1109/tvcg.2014.2346426"", ""10.1109/tvcg.2015.2467553""]"
A5002280174,1,61.0,0,Erich Gstrein,"[""10.1109/tvcg.2017.2744758""]"
A5002329355,1,180.0,0,Xiaohua Sun,"[""10.1109/tvcg.2012.291""]"
A5002371393,1,0.0,0,R. Popovic,"[""10.1109/visual.1992.235180""]"
A5002378541,1,0.0,0,Daniel Plakinger,"[""10.1109/tvcg.2020.3030356""]"
A5002400455,1,18.0,0,Marieke E. Ijsselsteijn,"[""10.1109/tvcg.2020.3030336""]"
A5002407766,1,87.0,0,Julian H. Krolik,"[""10.1109/tvcg.2007.70595""]"
A5002413127,1,55.0,0,Florian Ladstädter,"[""10.1109/tvcg.2008.139""]"
A5002421200,1,5.0,0,Deborah Payne,"[""10.1109/visual.2004.82""]"
A5002440759,3,13.0,0,Jingyi Shen,"[""10.1109/tvcg.2022.3209419"", ""10.1109/tvcg.2023.3327171"", ""10.1109/tvcg.2024.3456372""]"
A5002453409,1,2.0,0,David R. Nadeau,"[""10.1109/visual.2000.885741""]"
A5002472395,1,7.0,0,A. Hutanu,"[""10.1109/visual.2005.1532793""]"
A5002472436,1,32.0,0,Gabriel Ryan,"[""10.1109/tvcg.2018.2865264""]"
A5002474982,1,60.0,0,Cagatay Goncu,"[""10.1109/tvcg.2012.245""]"
A5002516811,3,92.0,0,Christian Panse,"[""10.1109/infvis.2002.1173144"", ""10.1109/infvis.2004.57"", ""10.1109/tvcg.2006.198""]"
A5002531689,1,38.0,0,Julia Eunju Nam,"[""10.1109/vast.2008.4677352""]"
A5002534636,1,136.0,0,V. Mukherjee,"[""10.1109/tvcg.2009.187""]"
A5002554286,1,155.0,0,J.a. Mcdonald,"[""10.1109/visual.1991.175794""]"
A5002562865,1,17.0,0,George Baciu,"[""10.1109/tvcg.2021.3114762""]"
A5002575061,2,13.0,0,Steve Petruzza,"[""10.1109/tvcg.2019.2934620"", ""10.1109/tvcg.2020.3030363""]"
A5002586775,1,28.0,0,Royce Wilson,"[""10.1109/infvis.1999.801859""]"
A5002625448,2,5.0,0,Siyi Lu,"[""10.1109/visual.1996.568142"", ""10.1109/visual.1996.568143""]"
A5002672249,1,39.0,0,Johannes Hausler,"[""10.1109/tvcg.2019.2934243""]"
A5002674092,1,18.0,0,Zhiyuan Zhang,"[""10.1109/tvcg.2012.186""]"
A5002685368,1,68.0,0,Raúl San Jośe Estépar,"[""10.1109/tvcg.2009.177""]"
A5002704927,1,37.0,0,Jean Sreng,"[""10.1109/tvcg.2006.189""]"
A5002755059,1,20.0,0,Jesse Fugitt,"[""10.1109/vast.2007.4388996""]"
A5002798053,1,22.0,0,Runlin Li,"[""10.1109/vast50239.2020.00013""]"
A5002806054,1,21.0,0,Wilfrid S. Kendall,"[""10.1109/tvcg.2010.192""]"
A5002806641,1,57.0,0,Aaditya G. Landge,"[""10.1109/tvcg.2012.286""]"
A5002810034,1,115.0,0,J. Gonser,"[""10.1109/visual.2002.1183757""]"
A5002832419,12,233.0,0,Raghu Machiraju,"[""10.1109/tvcg.2006.201"", ""10.1109/tvcg.2008.183"", ""10.1109/vast.2006.261451"", ""10.1109/vast.2007.4388990"", ""10.1109/visual.1997.663848"", ""10.1109/visual.1999.809873"", ""10.1109/visual.2000.885691"", ""10.1109/visual.2001.964516"", ""10.1109/visual.2001.964535"", ""10.1109/visual.2002.1183789"", ""10.1109/visual.2004.23"", ""10.1109/visual.2004.94""]"
A5002833686,2,264.0,0,Patrick Riehmann,"[""10.1109/infvis.2005.1532152"", ""10.1109/tvcg.2020.3030425""]"
A5002860804,4,145.0,1,Fabian Sperrle,"[""10.1109/tvcg.2017.2745080"", ""10.1109/tvcg.2018.2864769"", ""10.1109/tvcg.2022.3209393"", ""10.1109/vast47406.2019.8986917""]"
A5002869474,2,68.0,0,Zhicheng Yan,"[""10.1109/tvcg.2009.112"", ""10.1109/tvcg.2009.203""]"
A5002877712,2,28.0,0,Upul Obeysekare,"[""10.1109/visual.1992.235212"", ""10.1109/visual.1996.568128""]"
A5002880037,1,3.0,0,R.a. Cross,"[""10.1109/visual.1995.480791""]"
A5002899948,1,8.0,0,K.l. Pilgreen,"[""10.1109/visual.1991.175800""]"
A5002901852,1,16.0,0,Shifu Chen,"[""10.1109/tvcg.2023.3327162""]"
A5002907779,1,0.0,0,Dennis Dimov,"[""10.1109/tvcg.2021.3114866""]"
A5002914811,1,5.0,0,Zhehui Zheng,"[""10.1109/visual.1994.346328""]"
A5002938065,1,13.0,0,Shahram Shiri,"[""10.1109/visual.1994.346317""]"
A5002952964,1,10.0,0,Zhihan Jiang,"[""10.1109/tvcg.2023.3326943""]"
A5003025808,1,53.0,0,Xinsong Yang,"[""10.1109/tvcg.2016.2598472""]"
A5003031729,2,104.0,0,Bastian Rieck,"[""10.1109/tvcg.2012.248"", ""10.1109/tvcg.2017.2744321""]"
A5003045863,1,16.0,0,Vero Vanden Abeele,"[""10.1109/tvcg.2020.3030426""]"
A5003048902,3,88.0,0,Jennifer Frazier,"[""10.1109/tvcg.2012.244"", ""10.1109/tvcg.2019.2934401"", ""10.1109/tvcg.2020.3030412""]"
A5003053961,1,32.0,0,D Sessanna,"[""10.1109/visual.2001.964561""]"
A5003062993,1,134.0,0,Carol Readhead,"[""10.1109/visual.1998.745294""]"
A5003084232,1,21.0,0,Antti Oulasvirta,"[""10.1109/tvcg.2014.2346311""]"
A5003116261,4,232.0,0,Christian Partl,"[""10.1109/tvcg.2010.138"", ""10.1109/tvcg.2011.250"", ""10.1109/tvcg.2013.154"", ""10.1109/tvcg.2014.2346752""]"
A5003133680,1,26.0,0,Heungseok Park,"[""10.1109/tvcg.2020.3030380""]"
A5003138495,1,35.0,0,Eric J. Luke,"[""10.1109/visual.2002.1183758""]"
A5003147292,5,102.0,0,Stephen Kobourov,"[""10.1109/infvis.2004.49"", ""10.1109/tvcg.2014.2346422"", ""10.1109/tvcg.2020.3030373"", ""10.1109/tvcg.2020.3030475"", ""10.1109/tvcg.2023.3327402""]"
A5003148265,1,10.0,0,G.e. Lent,"[""10.1109/visual.1994.346341""]"
A5003177344,2,127.0,0,Philippas Tsigas,"[""10.1109/infvis.2003.1249025"", ""10.1109/vast.2007.4389013""]"
A5003196740,1,10.0,0,Isabel Navazo,"[""10.1109/visual.1997.663917""]"
A5003209643,1,16.0,0,T. Mihalisin,"[""10.1109/visual.1991.175796""]"
A5003226930,1,0.0,0,R. Moorhead,"[""10.1109/visual.1997.663872""]"
A5003251468,3,89.0,0,John R. Goodall,"[""10.1109/tvcg.2018.2865029"", ""10.1109/tvcg.2022.3209495"", ""10.1109/vast.2007.4388998""]"
A5003276476,1,8.0,0,Colin R. F. Monks,"[""10.1109/visual.1996.568133""]"
A5003306393,2,15.0,0,Skylar W. Wurster,"[""10.1109/tvcg.2023.3327194"", ""10.1109/tvcg.2024.3456357""]"
A5003318959,1,73.0,1,Chris Nafis,"[""10.1109/visual.1993.398902""]"
A5003335849,2,100.0,0,Thomas Seidl,"[""10.1109/vast.2012.6400488"", ""10.1109/visual.1993.398864""]"
A5003352663,1,11.0,0,Raghu Raghavan,"[""10.1109/visual.1996.567609""]"
A5003377833,8,363.0,0,Ulrik Brandes,"[""10.1109/infvis.2002.1173160"", ""10.1109/infvis.2005.1532135"", ""10.1109/tvcg.2011.169"", ""10.1109/tvcg.2012.238"", ""10.1109/tvcg.2012.250"", ""10.1109/tvcg.2016.2598919"", ""10.1109/tvcg.2018.2865049"", ""10.1109/vast.2007.4389012""]"
A5003380141,1,14.0,0,G. Lommerse,"[""10.1109/infvis.2005.1532125""]"
A5003395477,1,82.0,0,Pjotr Svetachov,"[""10.1109/tvcg.2010.157""]"
A5003406070,1,74.0,0,Riccardo Scateni,"[""10.1109/visual.1994.346308""]"
A5003410053,1,17.0,0,A. Kaufman,"[""10.1109/visual.2002.1183779""]"
A5003419563,3,252.0,0,Kelei Cao,"[""10.1109/tvcg.2017.2744938"", ""10.1109/vast.2018.8802509"", ""10.1109/vast50239.2020.00007""]"
A5003441276,1,10.0,0,Falk Schreiber,"[""10.1109/tvcg.2023.3327402""]"
A5003447205,1,61.0,0,Jens Gerken,"[""10.1109/tvcg.2006.187""]"
A5003455159,1,132.0,0,Edwin Puttmann,"[""10.1109/tvcg.2013.186""]"
A5003458777,1,248.0,0,Eric Lamar,"[""10.1109/visual.1999.809908""]"
A5003461571,1,2.0,0,Alberto Jaspe Villanueva,"[""10.1109/tvcg.2022.3209439""]"
A5003464394,1,22.0,0,Amira Solomovici,"[""10.1109/visual.1996.567812""]"
A5003476748,5,132.0,2,Michael Krone,"[""10.1109/tvcg.2009.157"", ""10.1109/tvcg.2016.2598824"", ""10.1109/tvcg.2023.3326523"", ""10.1109/tvcg.2023.3327396"", ""10.1109/tvcg.2023.3327402""]"
A5003490445,1,53.0,0,Michal Červeňanský,"[""10.1109/visual.2004.104""]"
A5003537992,1,4.0,0,S.c. Loken,"[""10.1109/visual.1991.175834""]"
A5003582509,1,59.0,0,Xiaobo Luo,"[""10.1109/tvcg.2019.2934655""]"
A5003584200,30,1752.0,4,Claudio Silva,"[""10.1109/scivis.2015.7429486"", ""10.1109/tvcg.2006.149"", ""10.1109/tvcg.2006.165"", ""10.1109/tvcg.2006.171"", ""10.1109/tvcg.2007.70584"", ""10.1109/tvcg.2008.160"", ""10.1109/tvcg.2010.170"", ""10.1109/tvcg.2010.185"", ""10.1109/tvcg.2010.207"", ""10.1109/tvcg.2013.226"", ""10.1109/tvcg.2014.2346449"", ""10.1109/tvcg.2014.2346755"", ""10.1109/tvcg.2015.2467592"", ""10.1109/tvcg.2016.2598497"", ""10.1109/tvcg.2016.2598585"", ""10.1109/tvcg.2017.2743980"", ""10.1109/tvcg.2019.2934259"", ""10.1109/tvcg.2019.2934280"", ""10.1109/tvcg.2019.2934668"", ""10.1109/tvcg.2020.3030333"", ""10.1109/tvcg.2020.3030361"", ""10.1109/tvcg.2022.3209489"", ""10.1109/tvcg.2023.3327396"", ""10.1109/tvcg.2024.3456365"", ""10.1109/tvcg.2024.3456388"", ""10.1109/vast.2014.7042478"", ""10.1109/vast.2015.7347624"", ""10.1109/vast.2015.7347636"", ""10.1109/visual.1996.568133"", ""10.1109/visual.1999.809870""]"
A5003606398,2,237.0,0,Thomas Nocke,"[""10.1109/infvis.2004.2"", ""10.1109/tvcg.2013.120""]"
A5003609388,1,26.0,0,Yasushi Yamaguchi,"[""10.1109/visual.1996.568123""]"
A5003612099,1,19.0,0,Sonia Lasher‐trapp,"[""10.1109/tvcg.2006.117""]"
A5003654893,1,136.0,0,Niels Willems,"[""10.1109/tvcg.2011.181""]"
A5003662421,1,36.0,0,Xin Zhao,"[""10.1109/tvcg.2022.3209423""]"
A5003684910,1,6.0,0,Kristin Potter,"[""10.1109/tvcg.2007.70572""]"
A5003693498,1,8.0,0,David Bednář,"[""10.1109/tvcg.2022.3209411""]"
A5003702717,1,93.0,0,Tera Marie Green,"[""10.1109/vast.2008.4677361""]"
A5003711050,1,26.0,0,Jouke Dijkstra,"[""10.1109/tvcg.2010.134""]"
A5003720256,1,38.0,1,Joseph Budin,"[""10.1109/tvcg.2019.2934256""]"
A5003774245,1,141.0,0,Giovane R. Kuhn,"[""10.1109/tvcg.2008.112""]"
A5003817684,2,103.0,0,Alberto Sánchez,"[""10.1109/tvcg.2014.2346258"", ""10.1109/tvcg.2015.2467324""]"
A5003828556,1,12.0,1,Sonja Thoma,"[""10.1109/tvcg.2023.3326917""]"
A5003854328,3,444.0,0,Diansheng Guo,"[""10.1109/infvis.2003.1249006"", ""10.1109/tvcg.2009.143"", ""10.1109/tvcg.2014.2346271""]"
A5003876945,1,55.0,0,Karen Duca,"[""10.1109/infvis.2004.5""]"
A5003884612,1,18.0,0,Dominique Sandner,"[""10.1109/visual.2001.964555""]"
A5003904417,2,48.0,0,N.a. Svakhine,"[""10.1109/tvcg.2006.117"", ""10.1109/visual.2005.1532858""]"
A5003908398,2,33.0,0,Michael Halle,"[""10.1109/visual.2003.1250395"", ""10.1109/visual.2003.1250424""]"
A5003908445,3,69.0,0,Haeyong Chung,"[""10.1109/vast.2010.5652932"", ""10.1109/vast.2015.7347628"", ""10.1109/vast.2017.8585484""]"
A5003934314,2,98.0,0,Wei Hong,"[""10.1109/tvcg.2006.112"", ""10.1109/visual.2004.27""]"
A5003970839,2,56.0,0,Bingru Lin,"[""10.1109/tvcg.2019.2934208"", ""10.1109/tvcg.2019.2934800""]"
A5003975427,1,42.0,0,Ting Chuen Pong,"[""10.1109/tvcg.2019.2934275""]"
A5003981917,1,86.0,1,Gary K.l. Tam,"[""10.1109/tvcg.2016.2598829""]"
A5003986384,1,20.0,0,Neta Sokolovsky,"[""10.1109/visual.2001.964534""]"
A5003995263,1,6.0,0,Yukun Ren,"[""10.1109/tvcg.2022.3209463""]"
A5004002416,1,63.0,0,Albert Amor Amorós,"[""10.1109/vast.2017.8585498""]"
A5004036087,2,7.0,0,Ran Cheng,"[""10.1109/tvcg.2023.3326921"", ""10.1109/tvcg.2024.3456142""]"
A5004042863,1,44.0,0,Bernd Girod,"[""10.1109/visual.1996.567595""]"
A5004054174,1,95.0,0,Ian Crandell,"[""10.1109/tvcg.2017.2745258""]"
A5004071301,1,56.0,0,Harshit Mehrotra,"[""10.1109/tvcg.2013.209""]"
A5004101791,1,6.0,0,S. Crewel,"[""10.1109/visual.2002.1183823""]"
A5004109044,2,20.0,0,Nils Lichtenberg,"[""10.1109/tvcg.2019.2934337"", ""10.1109/tvcg.2023.3326523""]"
A5004156285,1,9.0,0,T.k. Dey,"[""10.1109/visual.2001.964497""]"
A5004184559,2,15.0,0,Tianyu Xiong,"[""10.1109/tvcg.2023.3327194"", ""10.1109/tvcg.2024.3456357""]"
A5004194238,8,376.0,0,Dinesh Manocha,"[""10.1109/tvcg.2007.70567"", ""10.1109/tvcg.2008.111"", ""10.1109/visual.1997.663908"", ""10.1109/visual.1998.745313"", ""10.1109/visual.2002.1183759"", ""10.1109/visual.2003.1250360"", ""10.1109/visual.2003.1250368"", ""10.1109/visual.2004.86""]"
A5004210323,1,24.0,0,Ryan Hafen,"[""10.1109/vast.2008.4677354""]"
A5004215313,1,25.0,0,Allan Rocha,"[""10.1109/tvcg.2016.2598866""]"
A5004224909,1,105.0,0,Olga Sorkine,"[""10.1109/visual.2002.1183795""]"
A5004225142,2,100.0,0,Tongshuang Wu,"[""10.1109/tvcg.2016.2598465"", ""10.1109/tvcg.2022.3209357""]"
A5004232884,1,18.0,0,Antonios Somarakis,"[""10.1109/tvcg.2020.3030336""]"
A5004271027,1,7.0,0,Hongtao Hao,"[""10.1109/tvcg.2022.3209422""]"
A5004273534,1,4.0,0,Alfred Hough,"[""10.1109/visual.1992.235209""]"
A5004280362,1,36.0,0,Yunhao Xing,"[""10.1109/tvcg.2020.3030346""]"
A5004299683,2,22.0,1,Chloe Mortenson,"[""10.1109/tvcg.2023.3327356"", ""10.1109/tvcg.2024.3456366""]"
A5004303224,1,22.0,0,Artem Konev,"[""10.1109/tvcg.2014.2346930""]"
A5004310068,1,86.0,0,Paul Johns,"[""10.1109/tvcg.2012.275""]"
A5004344374,1,4.0,0,Praveen Thiagarajan,"[""10.1109/infvis.2002.1173154""]"
A5004344524,2,65.0,0,Dominique Brodbeck,"[""10.1109/infvis.1997.636789"", ""10.1109/infvis.2003.1249026""]"
A5004363700,1,3.0,0,Mark Robinson,"[""10.1109/visual.2004.121""]"
A5004405532,1,17.0,0,J. Croall,"[""10.1109/infvis.1995.528696""]"
A5004414408,1,0.0,0,H. Drevermann,"[""10.1109/visual.1993.398898""]"
A5004428276,1,7.0,0,Bingchang Chen,"[""10.1109/tvcg.2023.3327200""]"
A5004431926,1,14.0,0,R.m. Taylor,"[""10.1109/visual.2004.46""]"
A5004436161,1,12.0,0,J. Kaba,"[""10.1109/visual.1992.235189""]"
A5004449168,1,60.0,0,Jeff Beddow,"[""10.1109/visual.1990.146387""]"
A5004452139,2,134.0,1,Alexander Kachkaev,"[""10.1109/tvcg.2013.145"", ""10.1109/tvcg.2018.2864836""]"
A5004467381,1,11.0,1,Jiachen Zhuo,"[""10.1109/tvcg.2014.2346411""]"
A5004480742,4,375.0,1,Thomas Mühlbacher,"[""10.1109/tvcg.2013.125"", ""10.1109/tvcg.2014.2346578"", ""10.1109/tvcg.2016.2598592"", ""10.1109/tvcg.2017.2745158""]"
A5004513620,2,81.0,0,Elham Sakhaee,"[""10.1109/tvcg.2015.2467958"", ""10.1109/tvcg.2020.3030394""]"
A5004534638,1,38.0,0,Guoli Yan,"[""10.1109/tvcg.2020.3030374""]"
A5004575115,2,40.0,0,Shiaofen Fang,"[""10.1109/visual.1996.567609"", ""10.1109/visual.1998.745319""]"
A5004586152,1,32.0,0,Bernhard Fröhler,"[""10.1109/tvcg.2018.2864510""]"
A5004602626,1,36.0,0,Karthik Ramani,"[""10.1109/tvcg.2015.2468292""]"
A5004638951,1,21.0,0,Cem Yuksel,"[""10.1109/tvcg.2006.197""]"
A5004642834,1,26.0,0,Tuan Pham,"[""10.1109/tvcg.2010.216""]"
A5004661296,1,355.0,0,Constance M. Bainbridge,"[""10.1109/tvcg.2015.2467732""]"
A5004662722,1,15.0,0,Mike A. Matheson,"[""10.1109/visual.1992.235178""]"
A5004676508,1,142.0,1,Sean M. Arietta,"[""10.1109/tvcg.2014.2346446""]"
A5004678256,1,4.0,0,J.c. Gore,"[""10.1109/visual.2001.964549""]"
A5004697069,1,3.0,0,K.p. Hinckley,"[""10.1109/visual.1991.175797""]"
A5004709768,1,6.0,0,Francesca Morini,"[""10.1109/tvcg.2023.3327185""]"
A5004741568,2,124.0,1,Ying Huey Fua,"[""10.1109/infvis.1999.801858"", ""10.1109/visual.1999.809866""]"
A5004764155,1,229.0,0,Yong J. Kil,"[""10.1109/visual.2005.1532826""]"
A5004766305,1,18.0,0,Andrew W. Appel,"[""10.1109/infvis.1998.729554""]"
A5004770347,3,152.0,0,Leonid Zhukov,"[""10.1109/visual.2002.1183773"", ""10.1109/visual.2002.1183799"", ""10.1109/visual.2003.1250425""]"
A5004779356,1,55.0,0,Andrea K. Steiner,"[""10.1109/tvcg.2008.139""]"
A5004784304,1,16.0,0,David Burlinson,"[""10.1109/tvcg.2017.2745086""]"
A5004787389,1,72.0,0,André Calero Valdez,"[""10.1109/tvcg.2017.2744138""]"
A5004805989,2,150.0,1,Ken Martin,"[""10.1109/tvcg.2007.70600"", ""10.1109/visual.1996.567752""]"
A5004813317,5,605.0,0,Nam Wook Kim,"[""10.1109/tvcg.2015.2467732"", ""10.1109/tvcg.2016.2598620"", ""10.1109/tvcg.2017.2744118"", ""10.1109/tvcg.2019.2934547"", ""10.1109/tvcg.2021.3114802""]"
A5004824085,4,468.0,0,Benjamin B. Bederson,"[""10.1109/infvis.1999.801854"", ""10.1109/infvis.2002.1173148"", ""10.1109/tvcg.2015.2467051"", ""10.1109/vast.2006.261426""]"
A5004833443,2,84.0,0,Steffen Oeltze‐jafra,"[""10.1109/tvcg.2014.2346591"", ""10.1109/tvcg.2015.2467203""]"
A5004845067,3,107.0,0,Tiankai Xie,"[""10.1109/tvcg.2019.2934631"", ""10.1109/tvcg.2020.3028958"", ""10.1109/tvcg.2021.3114850""]"
A5004874377,1,29.0,0,Mie Sato,"[""10.1109/visual.2000.885675""]"
A5004888894,1,21.0,0,Mala Ananth,"[""10.1109/tvcg.2018.2864852""]"
A5004916248,1,8.0,0,M. Franaszek,"[""10.1109/visual.2005.1532806""]"
A5004978832,2,290.0,0,Thilo Spinner,"[""10.1109/tvcg.2019.2934629"", ""10.1109/tvcg.2019.2934812""]"
A5005016167,1,7.0,0,Christian Stein,"[""10.1109/infvis.1996.559225""]"
A5005017697,14,331.0,1,Kai Lawonn,"[""10.1109/tvcg.2014.2346406"", ""10.1109/tvcg.2014.2346591"", ""10.1109/tvcg.2015.2467435"", ""10.1109/tvcg.2015.2467961"", ""10.1109/tvcg.2015.2468291"", ""10.1109/tvcg.2016.2598603"", ""10.1109/tvcg.2016.2598795"", ""10.1109/tvcg.2016.2598826"", ""10.1109/tvcg.2018.2864509"", ""10.1109/tvcg.2019.2934337"", ""10.1109/tvcg.2020.3030388"", ""10.1109/tvcg.2022.3209374"", ""10.1109/tvcg.2023.3326523"", ""10.1109/tvcg.2023.3326574""]"
A5005019090,1,0.0,0,A. J. Fenlon,"[""10.1109/visual.2000.885730""]"
A5005038762,1,37.0,0,Noura Faraj,"[""10.1109/tvcg.2018.2864432""]"
A5005055897,1,27.0,0,Yoram Moses,"[""10.1109/infvis.1998.729561""]"
A5005067182,1,94.0,0,Shamal Al Dohuki,"[""10.1109/tvcg.2016.2598416""]"
A5005090248,1,6.0,0,R.g. Guttmann,"[""10.1109/visual.2003.1250424""]"
A5005095282,2,133.0,0,Anish Chandak,"[""10.1109/tvcg.2007.70567"", ""10.1109/tvcg.2008.111""]"
A5005109197,4,140.0,0,Leni Yang,"[""10.1109/tvcg.2019.2934613"", ""10.1109/tvcg.2021.3114774"", ""10.1109/tvcg.2023.3327155"", ""10.1109/tvcg.2023.3327170""]"
A5005110324,3,150.0,0,U.d. Bordoloi,"[""10.1109/visual.2003.1250373"", ""10.1109/visual.2003.1250378"", ""10.1109/visual.2005.1532833""]"
A5005113581,1,53.0,1,John W. Bodnar,"[""10.1109/vast.2008.4677362""]"
A5005117873,2,130.0,2,Thierry Delmarcelle,"[""10.1109/visual.1992.235193"", ""10.1109/visual.1994.346326""]"
A5005159159,1,18.0,0,Nathan Daniel Schiele,"[""10.1109/tvcg.2022.3209427""]"
A5005163328,1,591.0,0,David Sigeti,"[""10.1109/visual.1997.663860""]"
A5005188371,1,4.0,0,V. Lum,"[""10.1109/visual.1992.235208""]"
A5005188509,1,72.0,0,Mark W. Hlawitschka,"[""10.1109/tvcg.2011.162""]"
A5005201143,1,27.0,0,Dongning Luo,"[""10.1109/vast.2007.4389005""]"
A5005221682,1,0.0,0,Sami Khoury,"[""10.1109/visual.1998.745338""]"
A5005222066,1,19.0,0,Reiner Lenz,"[""10.1109/tvcg.2012.203""]"
A5005223951,1,67.0,0,Ramik Sadana,"[""10.1109/tvcg.2014.2346249""]"
A5005238300,1,4.0,0,Michael R. Will,"[""10.1109/tvcg.2023.3326526""]"
A5005262925,1,85.0,0,Bharath Kalidindi,"[""10.1109/tvcg.2017.2745078""]"
A5005306821,8,2689.0,2,Romain Vuillemot,"[""10.1109/tvcg.2013.192"", ""10.1109/tvcg.2013.210"", ""10.1109/tvcg.2013.227"", ""10.1109/tvcg.2014.2346248"", ""10.1109/tvcg.2017.2743998"", ""10.1109/tvcg.2018.2865191"", ""10.1109/tvcg.2021.3114683"", ""10.1109/vast.2009.5333248""]"
A5005310068,1,10.0,0,Jameson Miller,"[""10.1109/tvcg.2006.155""]"
A5005311602,2,2.0,0,Nafiul Nipu,"[""10.1109/tvcg.2021.3114810"", ""10.1109/tvcg.2022.3209356""]"
A5005316185,1,48.0,0,Christian Teitzel,"[""10.1109/visual.1999.809892""]"
A5005322254,3,3563.0,2,M. G. Bostock,"[""10.1109/tvcg.2009.174"", ""10.1109/tvcg.2010.144"", ""10.1109/tvcg.2011.185""]"
A5005352052,1,5.0,0,Hana Pokojná,"[""10.1109/tvcg.2024.3456327""]"
A5005355207,7,334.0,1,Wolfgang Aigner,"[""10.1109/tvcg.2012.254"", ""10.1109/tvcg.2013.184"", ""10.1109/tvcg.2013.206"", ""10.1109/tvcg.2013.222"", ""10.1109/tvcg.2017.2745298"", ""10.1109/tvcg.2023.3327378"", ""10.1109/vast.2017.8585498""]"
A5005360401,1,13.0,0,Jackie Assa,"[""10.1109/visual.1997.663868""]"
A5005364495,7,217.0,0,Tarik Crnovrsanin,"[""10.1109/tvcg.2017.2743858"", ""10.1109/tvcg.2020.3030385"", ""10.1109/tvcg.2022.3209412"", ""10.1109/tvcg.2023.3327368"", ""10.1109/tvcg.2024.3456349"", ""10.1109/vast.2009.5332593"", ""10.1109/vast.2014.7042479""]"
A5005384315,1,15.0,0,Lisa Singh,"[""10.1109/vast.2011.6102442""]"
A5005397679,1,9.0,0,Matthias Schlachter,"[""10.1109/vast.2014.7042481""]"
A5005412226,1,6.0,0,Matthew S. Hull,"[""10.1109/tvcg.2023.3327181""]"
A5005424586,1,2.0,0,W.h. Jimenez,"[""10.1109/visual.2003.1250421""]"
A5005426313,1,3.0,0,Kiran Gadhave,"[""10.1109/tvcg.2024.3456186""]"
A5005438899,1,12.0,0,George Sugihara,"[""10.1109/tvcg.2020.3028956""]"
A5005440530,1,7.0,0,I. T. Davies,"[""10.1109/tvcg.2011.204""]"
A5005447951,1,18.0,0,Jamie Proctor,"[""10.1109/infvis.2005.1532147""]"
A5005458050,3,78.0,1,Zhihua Jin,"[""10.1109/tvcg.2019.2934798"", ""10.1109/tvcg.2021.3114794"", ""10.1109/tvcg.2023.3327153""]"
A5005494070,2,54.0,0,Cristina R. Ceja,"[""10.1109/tvcg.2019.2934400"", ""10.1109/tvcg.2020.3030422""]"
A5005494448,1,34.0,0,R. Clay Reid,"[""10.1109/tvcg.2010.168""]"
A5005510639,1,42.0,0,Erik Anderson,"[""10.1109/tvcg.2010.170""]"
A5005518096,1,11.0,0,W.j. Schroeder,"[""10.1109/visual.1992.235205""]"
A5005530908,9,234.0,0,Hans Hagen,"[""10.1109/tvcg.2007.70575"", ""10.1109/tvcg.2009.204"", ""10.1109/tvcg.2010.173"", ""10.1109/tvcg.2011.159"", ""10.1109/tvcg.2012.239"", ""10.1109/visual.1990.146381"", ""10.1109/visual.1997.663858"", ""10.1109/visual.2003.1250389"", ""10.1109/visual.2005.1532850""]"
A5005537804,3,82.0,1,Tobias Klein,"[""10.1109/tvcg.2017.2744258"", ""10.1109/tvcg.2019.2934612"", ""10.1109/tvcg.2020.3030415""]"
A5005564950,1,15.0,0,Christoph Flamm,"[""10.1109/tvcg.2006.196""]"
A5005604730,1,34.0,0,Zhaopeng Meng,"[""10.1109/vast.2014.7042489""]"
A5005619937,1,81.0,0,G. Liebich,"[""10.1109/visual.1996.568124""]"
A5005633036,1,26.0,0,D. Schmalstieg,"[""10.1109/visual.1997.663921""]"
A5005641632,1,28.0,0,E. Zhang,"[""10.1109/visual.2002.1183784""]"
A5005647036,2,71.0,0,Zhanglin Cheng,"[""10.1109/tvcg.2019.2934796"", ""10.1109/tvcg.2020.3030406""]"
A5005648942,3,108.0,0,I. V. Ramakrishnan,"[""10.1109/vast.2006.261439"", ""10.1109/vast.2008.4677352"", ""10.1109/vast.2010.5652484""]"
A5005663679,1,8.0,0,My T. Thai,"[""10.1109/tvcg.2020.3028958""]"
A5005672708,1,37.0,0,Jocelyn H. Ng,"[""10.1109/tvcg.2015.2466971""]"
A5005677522,1,22.0,0,Yuet Ling Wong,"[""10.1109/tvcg.2014.2346747""]"
A5005685978,1,49.0,0,Terry Winograd,"[""10.1109/infvis.2005.1532150""]"
A5005687069,1,23.0,0,Geoffrey M. Draper,"[""10.1109/tvcg.2008.187""]"
A5005689123,1,34.0,0,David C. Brown,"[""10.1109/infvis.2003.1249016""]"
A5005727785,1,3.0,0,R.h.p. Dunn,"[""10.1109/visual.1990.146368""]"
A5005736802,1,1.0,0,Shaohan Shi,"[""10.1109/tvcg.2024.3456325""]"
A5005800477,1,24.0,0,William W. Hargrove,"[""10.1109/tvcg.2014.2346755""]"
A5005829154,1,76.0,0,Mike M. Chow,"[""10.1109/visual.1997.663902""]"
A5005835706,1,11.0,0,P. Shanbhag,"[""10.1109/infvis.2005.1532149""]"
A5005861585,1,34.0,0,H. Ishii,"[""10.1109/visual.2004.47""]"
A5005900179,1,5.0,0,Henry A. Sowizral,"[""10.1109/infvis.1995.528687""]"
A5005908452,2,135.0,0,Song Zhang,"[""10.1109/tvcg.2009.114"", ""10.1109/tvcg.2009.203""]"
A5005916572,1,40.0,0,Moritz Bächer,"[""10.1109/tvcg.2008.186""]"
A5005957538,1,0.0,0,J. Mcleod,"[""10.1109/visual.1992.235176""]"
A5005963720,1,3.0,0,Nikhil Gagvani,"[""10.1109/visual.1999.809925""]"
A5005968265,1,16.0,0,Brian Tomaszewski,"[""10.1109/vast.2010.5652895""]"
A5005978734,2,45.0,0,Mirjam Sick,"[""10.1109/tvcg.2006.199"", ""10.1109/visual.2002.1183821""]"
A5005981646,1,30.0,0,Martin Göbel,"[""10.1109/visual.1999.809884""]"
A5005982114,1,3.0,0,Thomas Ortner,"[""10.1109/tvcg.2024.3456315""]"
A5005986566,2,331.0,1,Paulo Joia,"[""10.1109/tvcg.2011.220"", ""10.1109/vast.2012.6400489""]"
A5005993906,1,30.0,0,David Joseph Wrisley,"[""10.1109/vast.2017.8585505""]"
A5006032614,1,13.0,0,Christoph Russ,"[""10.1109/tvcg.2014.2346459""]"
A5006058406,1,14.0,0,Johannes Ruisz,"[""10.1109/visual.2003.1250411""]"
A5006074260,1,16.0,0,Gabriela Ferracutti,"[""10.1109/tvcg.2014.2346754""]"
A5006087928,11,1660.0,4,Dominik Moritz,"[""10.1109/tvcg.2015.2467191"", ""10.1109/tvcg.2016.2599030"", ""10.1109/tvcg.2018.2865240"", ""10.1109/tvcg.2021.3114782"", ""10.1109/tvcg.2022.3209426"", ""10.1109/tvcg.2023.3326527"", ""10.1109/tvcg.2023.3326589"", ""10.1109/tvcg.2023.3327189"", ""10.1109/tvcg.2023.3327367"", ""10.1109/tvcg.2023.3327393"", ""10.1109/tvcg.2024.3456371""]"
A5006089989,3,214.0,0,Arnaud Prouzeau,"[""10.1109/tvcg.2020.3030334"", ""10.1109/tvcg.2020.3030450"", ""10.1109/tvcg.2023.3327361""]"
A5006095483,4,76.0,1,Tica Lin,"[""10.1109/tvcg.2022.3209353"", ""10.1109/tvcg.2023.3326568"", ""10.1109/tvcg.2023.3327161"", ""10.1109/tvcg.2024.3456332""]"
A5006143467,1,10.0,0,Michael Higgins,"[""10.1109/infvis.1999.801864""]"
A5006171300,1,3.0,0,Liwenhan Xie,"[""10.1109/tvcg.2023.3326908""]"
A5006186940,1,96.0,0,Xiao Jian Nan,"[""10.1109/tvcg.2017.2744378""]"
A5006194618,1,2.0,0,T. Compton,"[""10.1109/tvcg.2012.239""]"
A5006196334,1,1.0,0,Vahan Huroyan,"[""10.1109/tvcg.2020.3030373""]"
A5006197413,1,22.0,0,Rynson W. H. Lau,"[""10.1109/tvcg.2006.114""]"
A5006204283,1,0.0,0,Zheng Zhou,"[""10.1109/tvcg.2021.3114802""]"
A5006225456,5,540.0,2,Christian Stolte,"[""10.1109/infvis.1999.801852"", ""10.1109/infvis.2000.885086"", ""10.1109/infvis.2002.1173141"", ""10.1109/infvis.2003.1249007"", ""10.1109/tvcg.2008.137""]"
A5006232882,11,532.0,2,Vidya Setlur,"[""10.1109/tvcg.2014.2346320"", ""10.1109/tvcg.2015.2467471"", ""10.1109/tvcg.2017.2744684"", ""10.1109/tvcg.2021.3114823"", ""10.1109/tvcg.2022.3209383"", ""10.1109/tvcg.2022.3209421"", ""10.1109/tvcg.2022.3209456"", ""10.1109/tvcg.2023.3327150"", ""10.1109/tvcg.2023.3327158"", ""10.1109/tvcg.2024.3456601"", ""10.1109/vast47406.2019.8986918""]"
A5006248635,1,6.0,0,Jeffrey T. Morisette,"[""10.1109/scivis.2015.7429486""]"
A5006254467,1,8.0,0,Brian Wylie,"[""10.1109/visual.1996.568133""]"
A5006270864,1,44.0,0,Thomas Hildebrandt,"[""10.1109/tvcg.2009.198""]"
A5006326568,1,8.0,0,Riyang Shu,"[""10.1109/visual.1991.175806""]"
A5006337365,3,37.0,0,Laura South,"[""10.1109/tvcg.2022.3209359"", ""10.1109/tvcg.2022.3209412"", ""10.1109/tvcg.2023.3327368""]"
A5006361808,1,2.0,0,Andreas Gerndt,"[""10.1109/tvcg.2012.239""]"
A5006364168,1,38.0,0,Matthew E. Hawkins,"[""10.1109/vast.2010.5653598""]"
A5006364919,2,56.0,1,Spencer C. Castro,"[""10.1109/tvcg.2019.2934286"", ""10.1109/tvcg.2022.3209457""]"
A5006374657,1,107.0,0,Sara Ljungblad,"[""10.1109/infvis.2003.1249031""]"
A5006397786,2,48.0,0,Mashael Alkadi,"[""10.1109/tvcg.2022.3209487"", ""10.1109/tvcg.2023.3327378""]"
A5006399107,1,10.0,0,E.i. Kelton,"[""10.1109/visual.2003.1250416""]"
A5006411621,1,9.0,0,Miguel Nunes,"[""10.1109/vast.2014.7042481""]"
A5006417854,1,20.0,0,Michael Blumenschein,"[""10.1109/vast.2018.8802486""]"
A5006420943,1,3.0,0,Konduri Aditya,"[""10.1109/tvcg.2022.3209473""]"
A5006450303,1,41.0,0,Gordon Bancroft,"[""10.1109/visual.1990.146360""]"
A5006482254,1,41.0,0,Ravi S. Nanjundiah,"[""10.1109/tvcg.2013.131""]"
A5006502390,1,4.0,0,Yunhe Shen,"[""10.1109/tvcg.2010.221""]"
A5006534924,1,7.0,0,Hajar Hamidian,"[""10.1109/tvcg.2016.2598790""]"
A5006553379,1,97.0,1,W.a.a. Nuij,"[""10.1109/infvis.2003.1249004""]"
A5006575291,5,174.0,0,Xumeng Wang,"[""10.1109/tvcg.2017.2745139"", ""10.1109/tvcg.2018.2865021"", ""10.1109/tvcg.2022.3209347"", ""10.1109/tvcg.2024.3456304"", ""10.1109/vast50239.2020.00006""]"
A5006593097,5,244.0,1,Robert Kincaid,"[""10.1109/tvcg.2007.70583"", ""10.1109/tvcg.2008.117"", ""10.1109/tvcg.2010.193"", ""10.1109/tvcg.2020.3030387"", ""10.1109/vast.2009.5333895""]"
A5006604913,1,60.0,0,Helen C. Purchase,"[""10.1109/tvcg.2012.245""]"
A5006605050,1,32.0,0,R. Brunella,"[""10.1109/visual.2000.885677""]"
A5006661899,1,80.0,0,Micah Taylor,"[""10.1109/tvcg.2008.111""]"
A5006696540,1,106.0,0,Zhanping Liu,"[""10.1109/tvcg.2006.116""]"
A5006707199,1,42.0,0,Michael Mclennan,"[""10.1109/tvcg.2006.150""]"
A5006720439,1,151.0,0,Hongfeng Yu,"[""10.1109/tvcg.2008.140""]"
A5006730291,1,36.0,1,Erel Uziel,"[""10.1109/vast.2011.6102443""]"
A5006732360,1,4.0,0,Joohee Kim,"[""10.1109/tvcg.2024.3456340""]"
A5006761415,2,100.0,0,Rachel E. Clough,"[""10.1109/tvcg.2010.153"", ""10.1109/tvcg.2011.215""]"
A5006773757,9,1158.0,2,Juliana Freire,"[""10.1109/tvcg.2007.70584"", ""10.1109/tvcg.2008.174"", ""10.1109/tvcg.2009.195"", ""10.1109/tvcg.2011.176"", ""10.1109/tvcg.2013.226"", ""10.1109/tvcg.2014.2346449"", ""10.1109/tvcg.2015.2467592"", ""10.1109/tvcg.2020.3030361"", ""10.1109/visual.2005.1532788""]"
A5006806369,1,41.0,0,David J. Muraki,"[""10.1109/tvcg.2006.113""]"
A5006811000,1,28.0,1,Siji Chen,"[""10.1109/tvcg.2022.3209486""]"
A5006834901,3,160.0,0,Deokgun Park,"[""10.1109/tvcg.2016.2598445"", ""10.1109/tvcg.2017.2744478"", ""10.1109/tvcg.2019.2934288""]"
A5006862887,1,27.0,0,E. Petajan,"[""10.1109/infvis.1995.528690""]"
A5006866152,1,25.0,0,Michael Granitzer,"[""10.1109/infvis.2004.19""]"
A5006873695,1,84.0,0,Philipp Weil,"[""10.1109/vast.2011.6102439""]"
A5006918685,1,12.0,0,Gérard Medioni,"[""10.1109/visual.1998.745290""]"
A5006927336,1,17.0,0,M.j. Allison,"[""10.1109/visual.1991.175811""]"
A5006927908,1,18.0,0,K. Biolsi,"[""10.1109/visual.1990.146374""]"
A5006938634,1,18.0,1,Wen Zhong,"[""10.1109/tvcg.2016.2598479""]"
A5006944801,1,61.0,0,Michael Bajura,"[""10.1109/visual.1994.346295""]"
A5006952014,11,326.0,2,Roger Crawfis,"[""10.1109/visual.1992.235210"", ""10.1109/visual.1993.398846"", ""10.1109/visual.1993.398877"", ""10.1109/visual.1994.346312"", ""10.1109/visual.1996.568119"", ""10.1109/visual.1997.663882"", ""10.1109/visual.1997.663885"", ""10.1109/visual.1998.745309"", ""10.1109/visual.2000.885698"", ""10.1109/visual.2002.1183761"", ""10.1109/visual.2004.90""]"
A5006952113,2,26.0,0,Katy Williams,"[""10.1109/tvcg.2019.2934285"", ""10.1109/tvcg.2020.3030355""]"
A5006958527,1,115.0,1,Henk Bekker,"[""10.1109/tvcg.2009.138""]"
A5006962854,1,11.0,0,Ivan Kolesár,"[""10.1109/tvcg.2016.2598870""]"
A5006966951,3,329.0,0,Andreas Kerren,"[""10.1109/tvcg.2015.2468111"", ""10.1109/tvcg.2020.3030352"", ""10.1109/tvcg.2023.3327402""]"
A5007035811,2,94.0,0,R. Sheehan,"[""10.1109/visual.1996.568105"", ""10.1109/visual.1996.568116""]"
A5007037399,1,0.0,0,C. Gasparakis,"[""10.1109/visual.1999.809888""]"
A5007041759,1,53.0,0,José A. Iglesias Guitián,"[""10.1109/tvcg.2011.214""]"
A5007045835,1,103.0,0,Paul Bendich,"[""10.1109/tvcg.2010.139""]"
A5007056424,1,23.0,0,W Li,"[""10.1109/tvcg.2010.151""]"
A5007123290,5,74.0,0,Kelly Gaither,"[""10.1109/tvcg.2008.146"", ""10.1109/tvcg.2014.2346911"", ""10.1109/tvcg.2018.2865025"", ""10.1109/visual.1996.568149"", ""10.1109/visual.2005.1532858""]"
A5007124763,2,805.0,1,Bill Howe,"[""10.1109/tvcg.2015.2467191"", ""10.1109/tvcg.2018.2865240""]"
A5007130586,1,18.0,0,Zihan Yan,"[""10.1109/tvcg.2022.3209483""]"
A5007170803,1,31.0,0,Marcus Handte,"[""10.1109/infvis.2003.1249027""]"
A5007172071,1,207.0,0,Oded Nov,"[""10.1109/tvcg.2014.2346419""]"
A5007182829,1,3.0,0,N. Shareef,"[""10.1109/visual.2000.885698""]"
A5007208627,3,148.0,0,Wendy Cowley,"[""10.1109/infvis.2000.885097"", ""10.1109/infvis.2003.1249014"", ""10.1109/vast.2009.5333437""]"
A5007213740,1,6.0,0,Zhen Cao,"[""10.1109/vast47406.2019.8986923""]"
A5007265753,2,81.0,0,Paul Klemm,"[""10.1109/tvcg.2014.2346591"", ""10.1109/tvcg.2015.2468291""]"
A5007268824,1,23.0,0,A. Pang,"[""10.1109/visual.2005.1532831""]"
A5007269349,1,18.0,0,Gökhan Sever,"[""10.1109/tvcg.2018.2864808""]"
A5007319413,1,23.0,0,Michel Crampes,"[""10.1109/tvcg.2009.201""]"
A5007331165,1,68.0,0,Joel W. Reed,"[""10.1109/tvcg.2018.2865029""]"
A5007335034,1,13.0,0,John Cavallo,"[""10.1109/visual.1994.346317""]"
A5007386215,2,493.0,0,Mahima Pushkarna,"[""10.1109/tvcg.2019.2934619"", ""10.1109/tvcg.2024.3456354""]"
A5007427468,1,30.0,0,Ik Soo Lim,"[""10.1109/tvcg.2009.161""]"
A5007431711,2,30.0,0,Mathieu Malaterre,"[""10.1109/visual.2004.15"", ""10.1109/visual.2005.1532776""]"
A5007432004,1,23.0,0,G. Aldering,"[""10.1109/vast.2008.4677353""]"
A5007488557,1,10.0,0,Mete A. Sözen,"[""10.1109/visual.2003.1250422""]"
A5007498387,1,4.0,0,Rebecca M. Brannon,"[""10.1109/visual.2004.115""]"
A5007501711,1,30.0,1,Ladislav Čmolík,"[""10.1109/tvcg.2018.2864491""]"
A5007549940,1,6.0,0,B. Corrie,"[""10.1109/visual.1993.398879""]"
A5007553875,2,53.0,0,Renfei Huang,"[""10.1109/tvcg.2019.2934275"", ""10.1109/tvcg.2023.3327153""]"
A5007571956,1,17.0,0,Haochao Ying,"[""10.1109/tvcg.2022.3209391""]"
A5007593199,1,64.0,0,Steve Skiena,"[""10.1109/tvcg.2006.179""]"
A5007603754,1,8.0,0,Scott Davidoff,"[""10.1109/vast50239.2020.00008""]"
A5007613347,1,7.0,0,Dan Lipsa,"[""10.1109/tvcg.2011.204""]"
A5007614889,1,4.0,0,Adam Hunter,"[""10.1109/visual.2000.885701""]"
A5007628057,6,173.0,0,Mario Jelović,"[""10.1109/tvcg.2008.145"", ""10.1109/tvcg.2010.171"", ""10.1109/tvcg.2014.2346744"", ""10.1109/tvcg.2024.3456356"", ""10.1109/vast.2015.7347635"", ""10.1109/visual.2005.1532821""]"
A5007652511,1,2.0,0,Verena Lepper,"[""10.1109/tvcg.2023.3327403""]"
A5007655142,1,12.0,1,Helen Ai He,"[""10.1109/tvcg.2023.3326917""]"
A5007663639,1,35.0,0,Magdalena Boucher,"[""10.1109/tvcg.2023.3327378""]"
A5007670828,2,46.0,0,Tom Abel,"[""10.1109/tvcg.2012.187"", ""10.1109/visual.2002.1183824""]"
A5007690930,4,428.0,0,Ronell Sicat,"[""10.1109/tvcg.2014.2346324"", ""10.1109/tvcg.2017.2745941"", ""10.1109/tvcg.2018.2865152"", ""10.1109/tvcg.2022.3209439""]"
A5007709486,2,116.0,0,Todd Gamblin,"[""10.1109/tvcg.2012.286"", ""10.1109/tvcg.2014.2346456""]"
A5007720902,5,150.0,0,F. David Fracchia,"[""10.1109/infvis.1996.559215"", ""10.1109/infvis.1997.636784"", ""10.1109/visual.1994.346296"", ""10.1109/visual.1995.485153"", ""10.1109/visual.1996.568148""]"
A5007746762,1,4.0,1,Gabriela Molina León,"[""10.1109/tvcg.2024.3456335""]"
A5007750024,1,19.0,0,Jian Zhang,"[""10.1109/tvcg.2019.2934783""]"
A5007761892,2,144.0,1,Peter Lucas,"[""10.1109/infvis.1996.559210"", ""10.1109/infvis.1999.801864""]"
A5007804127,1,18.0,0,Luis Ceferino,"[""10.1109/tvcg.2022.3209474""]"
A5007804770,3,18.0,1,Sergej Stoppel,"[""10.1109/tvcg.2016.2599211"", ""10.1109/tvcg.2018.2864656"", ""10.1109/tvcg.2020.3030356""]"
A5007843760,1,4.0,0,A.e. Kaufman,"[""10.1109/visual.2001.964552""]"
A5007892541,1,83.0,0,Mikhail Smelyanskiy,"[""10.1109/tvcg.2009.164""]"
A5007892780,1,229.0,0,John A. Lee,"[""10.1109/tvcg.2016.2598495""]"
A5007901564,1,52.0,0,Matthew Hurst,"[""10.1109/vast.2008.4677364""]"
A5007902165,1,13.0,0,Chun Qi Zhou,"[""10.1109/tvcg.2022.3209382""]"
A5007906010,1,0.0,0,T.s. Denney,"[""10.1109/visual.1990.146418""]"
A5007913345,2,152.0,0,Gareth Humphreys,"[""10.1109/visual.1999.809890"", ""10.1109/visual.2004.120""]"
A5007929097,1,0.0,0,Pierre Boutillier,"[""10.1109/tvcg.2017.2745280""]"
A5007968836,3,135.0,0,Christoph Schulz,"[""10.1109/tvcg.2016.2598919"", ""10.1109/tvcg.2017.2743959"", ""10.1109/tvcg.2022.3209429""]"
A5007970056,1,4.0,0,Veronica J. Vieland,"[""10.1109/vast.2009.5333917""]"
A5007976839,1,17.0,0,Benjamin Isaac,"[""10.1109/tvcg.2016.2599040""]"
A5007998668,1,10.0,0,Harris A. Lewin,"[""10.1109/tvcg.2016.2598789""]"
A5008009084,1,19.0,0,Lixia Jin,"[""10.1109/tvcg.2023.3326929""]"
A5008017371,2,133.0,0,Christian Lauterbach,"[""10.1109/tvcg.2007.70567"", ""10.1109/tvcg.2008.111""]"
A5008071697,2,10.0,0,Tim Cech,"[""10.1109/tvcg.2023.3326569"", ""10.1109/tvcg.2024.3456308""]"
A5008076279,1,4.0,0,Yong‐jin Liu,"[""10.1109/tvcg.2023.3326932""]"
A5008100854,2,208.0,0,Fabien Jourdan,"[""10.1109/infvis.2003.1249011"", ""10.1109/infvis.2004.47""]"
A5008112425,1,5.0,0,Jingjing Guo,"[""10.1109/vast50239.2020.00012""]"
A5008138905,1,22.0,0,Jui Hsien Wang,"[""10.1109/tvcg.2023.3327161""]"
A5008149778,24,1658.0,4,Tim Dwyer,"[""10.1109/infvis.2005.1532130"", ""10.1109/tvcg.2006.156"", ""10.1109/tvcg.2008.130"", ""10.1109/tvcg.2009.109"", ""10.1109/tvcg.2010.210"", ""10.1109/tvcg.2013.151"", ""10.1109/tvcg.2015.2467251"", ""10.1109/tvcg.2015.2467451"", ""10.1109/tvcg.2016.2598545"", ""10.1109/tvcg.2016.2598885"", ""10.1109/tvcg.2016.2598958"", ""10.1109/tvcg.2016.2599107"", ""10.1109/tvcg.2017.2744418"", ""10.1109/tvcg.2018.2865192"", ""10.1109/tvcg.2019.2934803"", ""10.1109/tvcg.2020.3030334"", ""10.1109/tvcg.2020.3030364"", ""10.1109/tvcg.2020.3030423"", ""10.1109/tvcg.2020.3030427"", ""10.1109/tvcg.2020.3030435"", ""10.1109/tvcg.2020.3030450"", ""10.1109/tvcg.2020.3030459"", ""10.1109/tvcg.2022.3209433"", ""10.1109/tvcg.2024.3456399""]"
A5008151140,1,23.0,0,Joe Mattis,"[""10.1109/infvis.1995.528684""]"
A5008156597,1,1.0,0,Mark Igra,"[""10.1109/vast.2016.7883509""]"
A5008165586,1,116.0,1,Jérôme Waser,"[""10.1109/tvcg.2010.223""]"
A5008170232,1,18.0,0,N. Llopis Artime,"[""10.1109/visual.1997.663923""]"
A5008170279,1,18.0,0,Jeremy L. Muhlich,"[""10.1109/tvcg.2022.3209378""]"
A5008182880,1,1.0,0,Ignacio Ponzoni,"[""10.1109/tvcg.2020.3030438""]"
A5008189486,1,4.0,0,Yang Haizheng,"[""10.1109/tvcg.2023.3326944""]"
A5008198574,2,20.0,0,J.v. Carlis,"[""10.1109/visual.1995.480794"", ""10.1109/visual.1996.567796""]"
A5008232797,1,8.0,0,S. Schar,"[""10.1109/visual.2005.1532845""]"
A5008269094,11,837.0,2,Elke A. Rundensteiner,"[""10.1109/infvis.1999.801858"", ""10.1109/infvis.2002.1173151"", ""10.1109/infvis.2003.1249015"", ""10.1109/infvis.2003.1249016"", ""10.1109/infvis.2004.15"", ""10.1109/infvis.2004.71"", ""10.1109/tvcg.2006.161"", ""10.1109/vast.2006.261424"", ""10.1109/vast.2009.5333431"", ""10.1109/vast.2011.6102450"", ""10.1109/visual.1999.809866""]"
A5008276662,1,27.0,0,Mikko Nikkilä,"[""10.1109/tvcg.2013.224""]"
A5008307990,3,74.0,0,Eric Wernert,"[""10.1109/visual.1997.663876"", ""10.1109/visual.1998.745320"", ""10.1109/visual.1999.809893""]"
A5008309281,1,37.0,0,Huw Dawkes,"[""10.1109/infvis.1995.528680""]"
A5008316351,1,35.0,0,Patrick J. Fitzpatrick,"[""10.1109/vast.2009.5332586""]"
A5008318051,1,52.0,0,William A. Mcneely,"[""10.1109/visual.2003.1250380""]"
A5008337640,4,84.0,0,Ali Sarvghad,"[""10.1109/tvcg.2016.2598466"", ""10.1109/tvcg.2018.2865075"", ""10.1109/tvcg.2020.3030369"", ""10.1109/vast.2010.5652879""]"
A5008340710,1,64.0,0,Alexander Mehler,"[""10.1109/tvcg.2006.179""]"
A5008350531,1,2.0,0,Robert J. Mcdermott,"[""10.1109/visual.1999.809915""]"
A5008364265,1,11.0,0,Jean R. Ponciano,"[""10.1109/tvcg.2022.3209477""]"
A5008404864,1,3.0,1,Xinyi Zhou,"[""10.1109/tvcg.2020.3028948""]"
A5008408374,1,98.0,0,Stephan Pajer,"[""10.1109/tvcg.2016.2598589""]"
A5008453389,1,1.0,0,Carl Manaster,"[""10.1109/visual.1999.809931""]"
A5008472566,1,29.0,0,T. Biddlecome,"[""10.1109/visual.1998.745319""]"
A5008486397,1,8.0,1,Lizhen Qu,"[""10.1109/tvcg.2024.3456358""]"
A5008493965,5,254.0,0,H. Jänicke,"[""10.1109/tvcg.2007.70557"", ""10.1109/tvcg.2007.70615"", ""10.1109/tvcg.2008.116"", ""10.1109/tvcg.2009.197"", ""10.1109/tvcg.2010.150""]"
A5008514949,1,18.0,0,Puripant Ruchikachorn,"[""10.1109/tvcg.2013.190""]"
A5008522968,1,29.0,0,David Cline,"[""10.1109/visual.1998.745322""]"
A5008530963,1,90.0,0,Kevin Wong,"[""10.1109/infvis.1997.636784""]"
A5008570029,1,18.0,0,David A. Rushall,"[""10.1109/infvis.1996.559228""]"
A5008575290,1,24.0,0,Michael Wade,"[""10.1109/vast.2008.4677354""]"
A5008588842,2,54.0,0,Rongchen Zhu,"[""10.1109/tvcg.2022.3209347"", ""10.1109/tvcg.2022.3209483""]"
A5008614365,1,25.0,0,Jessica K. Witt,"[""10.1109/tvcg.2021.3114783""]"
A5008618551,1,4.0,0,R. Fahlbusch,"[""10.1109/visual.2005.1532805""]"
A5008620772,2,103.0,0,Manuel Rubio Sánchez,"[""10.1109/tvcg.2014.2346258"", ""10.1109/tvcg.2015.2467324""]"
A5008626085,1,1.0,0,Yan Ke,"[""10.1109/visual.1990.146385""]"
A5008627422,20,1815.0,3,Miriah Meyer,"[""10.1109/tvcg.2007.70604"", ""10.1109/tvcg.2008.154"", ""10.1109/tvcg.2008.186"", ""10.1109/tvcg.2009.167"", ""10.1109/tvcg.2010.137"", ""10.1109/tvcg.2012.213"", ""10.1109/tvcg.2014.2346331"", ""10.1109/tvcg.2015.2467754"", ""10.1109/tvcg.2015.2467811"", ""10.1109/tvcg.2016.2598609"", ""10.1109/tvcg.2016.2599106"", ""10.1109/tvcg.2018.2864913"", ""10.1109/tvcg.2018.2865241"", ""10.1109/tvcg.2019.2934539"", ""10.1109/tvcg.2020.3030405"", ""10.1109/tvcg.2021.3114798"", ""10.1109/tvcg.2022.3209451"", ""10.1109/tvcg.2023.3326525"", ""10.1109/tvcg.2024.3456171"", ""10.1109/vast47406.2019.8986909""]"
A5008632512,1,9.0,0,Ye Zhao,"[""10.1109/visual.2003.1250382""]"
A5008639441,1,3.0,0,Akshay Kolgar Nayak,"[""10.1109/tvcg.2024.3456348""]"
A5008640200,3,66.0,0,Jiaxi Hu,"[""10.1109/tvcg.2011.171"", ""10.1109/tvcg.2014.2346457"", ""10.1109/tvcg.2016.2598790""]"
A5008676144,1,16.0,0,B. Gutkauf,"[""10.1109/visual.1994.346316""]"
A5008702561,2,244.0,0,Stephan Diehl,"[""10.1109/tvcg.2010.209"", ""10.1109/tvcg.2011.226""]"
A5008722474,1,7.0,1,Márcio Cataldi,"[""10.1109/tvcg.2023.3326514""]"
A5008751772,1,14.0,0,David Darmofal,"[""10.1109/visual.1991.175837""]"
A5008754293,25,1026.0,6,Markus Hadwiger,"[""10.1109/tvcg.2007.70560"", ""10.1109/tvcg.2007.70588"", ""10.1109/tvcg.2008.147"", ""10.1109/tvcg.2009.178"", ""10.1109/tvcg.2011.216"", ""10.1109/tvcg.2012.240"", ""10.1109/tvcg.2012.259"", ""10.1109/tvcg.2013.142"", ""10.1109/tvcg.2014.2346312"", ""10.1109/tvcg.2014.2346318"", ""10.1109/tvcg.2014.2346324"", ""10.1109/tvcg.2015.2467331"", ""10.1109/tvcg.2015.2467441"", ""10.1109/tvcg.2017.2743979"", ""10.1109/tvcg.2017.2744238"", ""10.1109/tvcg.2017.2744278"", ""10.1109/tvcg.2018.2864839"", ""10.1109/tvcg.2018.2864847"", ""10.1109/tvcg.2020.3030454"", ""10.1109/tvcg.2021.3114788"", ""10.1109/tvcg.2021.3115565"", ""10.1109/tvcg.2022.3209439"", ""10.1109/tvcg.2023.3326915"", ""10.1109/tvcg.2023.3327193"", ""10.1109/visual.2003.1250386""]"
A5008757533,1,11.0,0,Xi Yang,"[""10.1109/tvcg.2022.3209453""]"
A5008786958,4,261.0,0,Hannah Kim,"[""10.1109/tvcg.2015.2467615"", ""10.1109/tvcg.2016.2598446"", ""10.1109/tvcg.2016.2598839"", ""10.1109/vast47406.2019.8986922""]"
A5008795543,1,89.0,0,Ji Wu Lan,"[""10.1109/tvcg.2017.2744218""]"
A5008806729,1,21.0,0,Myroslav Bachynskyi,"[""10.1109/tvcg.2014.2346311""]"
A5008806860,2,99.0,0,Susanna‐assunta Sansone,"[""10.1109/tvcg.2012.271"", ""10.1109/tvcg.2013.225""]"
A5008821441,1,6.0,0,Joseph Fall,"[""10.1109/visual.1996.568148""]"
A5008826811,1,47.0,0,M. Sheelagh,"[""10.1109/infvis.1996.559215""]"
A5008852854,1,8.0,0,D.j. Sandim,"[""10.1109/visual.1990.146384""]"
A5008880046,3,43.0,0,Mark Derthick,"[""10.1109/infvis.1997.636788"", ""10.1109/infvis.1999.801862"", ""10.1109/infvis.2003.1249019""]"
A5008892267,1,19.0,0,J. Kruger,"[""10.1109/visual.2005.1532780""]"
A5008910895,1,0.0,0,L.i. Ponomarev,"[""10.1109/visual.1993.398911""]"
A5008914452,6,296.0,0,Dominik Fleischmann,"[""10.1109/visual.2001.964555"", ""10.1109/visual.2002.1183754"", ""10.1109/visual.2002.1183812"", ""10.1109/visual.2003.1250353"", ""10.1109/visual.2004.104"", ""10.1109/visual.2004.72""]"
A5008962649,1,156.0,0,Zhida Sun,"[""10.1109/tvcg.2019.2934398""]"
A5008965688,1,15.0,0,Sarah M. Peck,"[""10.1109/tvcg.2008.126""]"
A5008966133,1,32.0,0,Felix Raith,"[""10.1109/tvcg.2018.2864846""]"
A5008969033,1,5.0,0,L. Linsen,"[""10.1109/visual.2005.1532828""]"
A5008974159,1,82.0,0,Ren Ping Liu,"[""10.1109/tvcg.2019.2934670""]"
A5008980835,1,3.0,0,Markus Schmies,"[""10.1109/visual.1998.745328""]"
A5009010496,1,50.0,0,Paulo Ivson,"[""10.1109/tvcg.2017.2745105""]"
A5009029178,1,175.0,0,Danah Boyd,"[""10.1109/infvis.2005.1532126""]"
A5009031900,2,57.0,0,Andrew Forsberg,"[""10.1109/tvcg.2009.126"", ""10.1109/visual.2000.885731""]"
A5009057332,1,3.0,0,Devleena Banerjee,"[""10.1109/visual.1994.346310""]"
A5009099532,7,835.0,1,Fernando V. Paulovich,"[""10.1109/tvcg.2008.138"", ""10.1109/tvcg.2010.207"", ""10.1109/tvcg.2011.220"", ""10.1109/tvcg.2011.233"", ""10.1109/tvcg.2014.2346276"", ""10.1109/tvcg.2020.3030354"", ""10.1109/vast.2007.4389002""]"
A5009110174,1,22.0,0,Dorothea Welte,"[""10.1109/visual.1999.809912""]"
A5009121571,1,276.0,0,U. Diewald,"[""10.1109/visual.2000.885721""]"
A5009129713,1,18.0,0,Maria Elena Froese,"[""10.1109/tvcg.2013.156""]"
A5009133136,1,20.0,0,Piero Pili,"[""10.1109/visual.1998.745337""]"
A5009139939,1,29.0,0,Guangxia Li,"[""10.1109/vast.2015.7347630""]"
A5009147066,1,39.0,0,Binghan Xu,"[""10.1109/tvcg.2014.2346898""]"
A5009192910,1,32.0,0,N. Trichaud,"[""10.1109/infvis.2000.885104""]"
A5009229122,5,250.0,0,Enrico Gobbetti,"[""10.1109/tvcg.2011.214"", ""10.1109/visual.1998.745337"", ""10.1109/visual.1999.809876"", ""10.1109/visual.2003.1250366"", ""10.1109/visual.2005.1532797""]"
A5009248582,1,209.0,0,Mirco Nanni,"[""10.1109/vast.2009.5332584""]"
A5009288945,1,8.0,0,L. Chen,"[""10.1109/visual.2002.1183811""]"
A5009322499,1,16.0,0,David J. Nuckley,"[""10.1109/tvcg.2014.2346451""]"
A5009341822,7,339.0,1,Jonathan C. Roberts,"[""10.1109/tvcg.2011.166"", ""10.1109/tvcg.2015.2467271"", ""10.1109/tvcg.2017.2745878"", ""10.1109/tvcg.2020.3030338"", ""10.1109/tvcg.2021.3114818"", ""10.1109/tvcg.2023.3327378"", ""10.1109/tvcg.2024.3456323""]"
A5009343095,6,483.0,1,Joe Kniss,"[""10.1109/tvcg.2007.70572"", ""10.1109/visual.2001.964519"", ""10.1109/visual.2002.1183764"", ""10.1109/visual.2003.1250357"", ""10.1109/visual.2003.1250412"", ""10.1109/visual.2005.1532807""]"
A5009354743,1,2.0,1,Silvia Crivelli,"[""10.1109/visual.2003.1250423""]"
A5009356193,1,9.0,0,R. Wenger,"[""10.1109/visual.2001.964497""]"
A5009369598,5,1706.0,1,Jock D. Mackinlay,"[""10.1109/infvis.1997.636792"", ""10.1109/infvis.2002.1173145"", ""10.1109/tvcg.2007.70594"", ""10.1109/tvcg.2008.137"", ""10.1109/tvcg.2015.2467191""]"
A5009373644,1,297.0,0,Robert Turko,"[""10.1109/tvcg.2020.3030418""]"
A5009374413,1,35.0,0,Frédéric Vernier,"[""10.1109/tvcg.2018.2865141""]"
A5009378018,1,57.0,0,G. D. Telles,"[""10.1109/tvcg.2011.212""]"
A5009460413,41,2221.0,4,Valerio Pascucci,"[""10.1109/scivis.2015.7429492"", ""10.1109/tvcg.2006.171"", ""10.1109/tvcg.2006.186"", ""10.1109/tvcg.2007.70552"", ""10.1109/tvcg.2007.70601"", ""10.1109/tvcg.2007.70603"", ""10.1109/tvcg.2008.110"", ""10.1109/tvcg.2010.213"", ""10.1109/tvcg.2011.162"", ""10.1109/tvcg.2011.177"", ""10.1109/tvcg.2011.199"", ""10.1109/tvcg.2012.209"", ""10.1109/tvcg.2012.228"", ""10.1109/tvcg.2012.286"", ""10.1109/tvcg.2013.174"", ""10.1109/tvcg.2014.2346434"", ""10.1109/tvcg.2015.2467432"", ""10.1109/tvcg.2016.2599040"", ""10.1109/tvcg.2017.2744079"", ""10.1109/tvcg.2017.2745141"", ""10.1109/tvcg.2018.2864848"", ""10.1109/tvcg.2018.2864853"", ""10.1109/tvcg.2018.2865230"", ""10.1109/tvcg.2019.2934257"", ""10.1109/tvcg.2019.2934594"", ""10.1109/tvcg.2019.2934620"", ""10.1109/tvcg.2020.3030363"", ""10.1109/tvcg.2020.3030381"", ""10.1109/tvcg.2020.3030470"", ""10.1109/tvcg.2022.3209418"", ""10.1109/tvcg.2023.3327366"", ""10.1109/visual.1997.663875"", ""10.1109/visual.1998.745284"", ""10.1109/visual.1999.809902"", ""10.1109/visual.2000.885724"", ""10.1109/visual.2001.964533"", ""10.1109/visual.2002.1183774"", ""10.1109/visual.2002.1183810"", ""10.1109/visual.2003.1250365"", ""10.1109/visual.2004.68"", ""10.1109/visual.2005.1532839""]"
A5009473523,1,30.0,0,Ondřej Strnad,"[""10.1109/tvcg.2020.3030415""]"
A5009491631,1,36.0,0,Shiry Ginosar,"[""10.1109/tvcg.2013.164""]"
A5009516408,2,88.0,0,Ralf P. Botchen,"[""10.1109/tvcg.2006.194"", ""10.1109/visual.2005.1532853""]"
A5009524646,1,134.0,0,Walter F. Stewart,"[""10.1109/tvcg.2017.2745085""]"
A5009538779,1,4.0,0,J.e. Van Der Heyden,"[""10.1109/visual.1998.745334""]"
A5009542542,1,353.0,1,Prasenjit Mitra,"[""10.1109/vast.2011.6102456""]"
A5009543696,8,1085.0,0,Maxime Cordeil,"[""10.1109/tvcg.2016.2599107"", ""10.1109/tvcg.2017.2745941"", ""10.1109/tvcg.2018.2865152"", ""10.1109/tvcg.2018.2865191"", ""10.1109/tvcg.2018.2865192"", ""10.1109/tvcg.2019.2934803"", ""10.1109/tvcg.2020.3030427"", ""10.1109/tvcg.2020.3030450""]"
A5009565764,1,32.0,0,Benedikt Stehno,"[""10.1109/tvcg.2014.2346744""]"
A5009566240,1,2.0,0,V.i. Matvienko,"[""10.1109/scivis.2015.7429490""]"
A5009607521,1,31.0,0,Hugo Buddelmeijer,"[""10.1109/vast.2010.5652450""]"
A5009611685,16,497.0,2,Penny Rheingans,"[""10.1109/infvis.2005.1532140"", ""10.1109/tvcg.2007.70599"", ""10.1109/tvcg.2008.169"", ""10.1109/tvcg.2012.288"", ""10.1109/visual.1992.235175"", ""10.1109/visual.1992.235201"", ""10.1109/visual.1996.568111"", ""10.1109/visual.1997.663874"", ""10.1109/visual.1997.663926"", ""10.1109/visual.1999.809913"", ""10.1109/visual.2000.885679"", ""10.1109/visual.2000.885694"", ""10.1109/visual.2002.1183769"", ""10.1109/visual.2002.1183777"", ""10.1109/visual.2002.1183828"", ""10.1109/visual.2005.1532857""]"
A5009627681,1,34.0,0,Stephen G. Turney,"[""10.1109/tvcg.2010.168""]"
A5009646771,1,5.0,0,K. Fujimura,"[""10.1109/visual.1997.663925""]"
A5009707049,1,2.0,0,Florian Mannuß,"[""10.1109/tvcg.2022.3209439""]"
A5009735497,4,25.0,0,Michael Bailey,"[""10.1109/visual.1997.663862"", ""10.1109/visual.1997.663891"", ""10.1109/visual.1998.745341"", ""10.1109/visual.2000.885741""]"
A5009760836,1,24.0,0,Alexander Bendeck,"[""10.1109/tvcg.2024.3456155""]"
A5009763002,7,102.0,0,Leilani Battle,"[""10.1109/tvcg.2019.2934556"", ""10.1109/tvcg.2020.3028891"", ""10.1109/tvcg.2020.3030372"", ""10.1109/tvcg.2022.3209490"", ""10.1109/tvcg.2023.3326527"", ""10.1109/tvcg.2024.3456350"", ""10.1109/tvcg.2024.3456407""]"
A5009763506,2,53.0,0,Markus Glatter,"[""10.1109/tvcg.2006.175"", ""10.1109/tvcg.2008.184""]"
A5009764187,1,4.0,0,Julius Rauscher,"[""10.1109/tvcg.2023.3326940""]"
A5009764298,1,17.0,0,Ria Chawla,"[""10.1109/tvcg.2023.3326593""]"
A5009771339,7,181.0,0,Katherine E. Isaacs,"[""10.1109/tvcg.2012.286"", ""10.1109/tvcg.2014.2346456"", ""10.1109/tvcg.2019.2934285"", ""10.1109/tvcg.2020.3030355"", ""10.1109/tvcg.2020.3030357"", ""10.1109/tvcg.2022.3209375"", ""10.1109/tvcg.2024.3456351""]"
A5009806341,1,108.0,0,Sean A. Mckenna,"[""10.1109/tvcg.2014.2346331""]"
A5009809523,1,134.0,1,M.b. Burks,"[""10.1109/infvis.1996.559210""]"
A5009842222,1,3.0,0,Patrick Shriwise,"[""10.1109/tvcg.2023.3327366""]"
A5009853527,1,23.0,0,D. Kao,"[""10.1109/visual.2005.1532831""]"
A5009855429,1,9.0,0,Wulue Zhao,"[""10.1109/visual.2001.964497""]"
A5009889779,1,8.0,0,Sabine Bauer,"[""10.1109/tvcg.2020.3030388""]"
A5009902744,1,55.0,0,Erik Reinhard,"[""10.1109/visual.2002.1183788""]"
A5009912040,2,109.0,0,Lifeng Zhu,"[""10.1109/tvcg.2017.2745859"", ""10.1109/tvcg.2017.2745919""]"
A5009919848,1,14.0,0,Benoît Frénay‬,"[""10.1109/tvcg.2022.3209449""]"
A5009949914,2,49.0,0,Michail Schwab,"[""10.1109/tvcg.2016.2598518"", ""10.1109/tvcg.2020.3030366""]"
A5009957887,4,46.0,1,Ryan A. Rossi,"[""10.1109/tvcg.2021.3114782"", ""10.1109/tvcg.2022.3209348"", ""10.1109/tvcg.2023.3326583"", ""10.1109/tvcg.2023.3327363""]"
A5009963118,1,97.0,0,Andrew Wood,"[""10.1109/infvis.1995.528691""]"
A5009969946,1,1.0,0,E. P. Szuszczewicz,"[""10.1109/visual.1994.346300""]"
A5009984879,1,57.0,0,A. Gregory,"[""10.1109/visual.2000.885687""]"
A5009996040,1,2.0,0,Greg Turk,"[""10.1109/visual.2004.18""]"
A5010015110,1,5.0,0,B. Yamrom,"[""10.1109/visual.1994.346338""]"
A5010043767,1,114.0,0,Andreas Thom,"[""10.1109/tvcg.2015.2467717""]"
A5010051306,1,32.0,0,Hyungsuk Choi,"[""10.1109/tvcg.2014.2346322""]"
A5010061027,4,654.0,0,Zuchao Wang,"[""10.1109/tvcg.2013.150"", ""10.1109/tvcg.2013.228"", ""10.1109/tvcg.2014.2346746"", ""10.1109/tvcg.2015.2467619""]"
A5010090402,1,20.0,0,David Trimm,"[""10.1109/tvcg.2012.288""]"
A5010119044,8,791.0,1,Steven M. Drucker,"[""10.1109/tvcg.2010.222"", ""10.1109/tvcg.2013.119"", ""10.1109/tvcg.2014.2346293"", ""10.1109/tvcg.2016.2598609"", ""10.1109/tvcg.2018.2865145"", ""10.1109/tvcg.2018.2865191"", ""10.1109/tvcg.2020.3030435"", ""10.1109/vast.2015.7347637""]"
A5010124882,1,20.0,0,Marcel Gavriliu,"[""10.1109/visual.2001.964524""]"
A5010136069,1,39.0,0,R. Matt Steele,"[""10.1109/visual.2001.964509""]"
A5010157704,10,1391.0,2,Danyel Fisher,"[""10.1109/infvis.2003.1249005"", ""10.1109/tvcg.2007.70561"", ""10.1109/tvcg.2008.125"", ""10.1109/tvcg.2009.109"", ""10.1109/tvcg.2010.222"", ""10.1109/tvcg.2013.119"", ""10.1109/tvcg.2016.2598609"", ""10.1109/tvcg.2018.2864903"", ""10.1109/vast.2008.4677364"", ""10.1109/vast.2010.5652880""]"
A5010193332,2,396.0,2,Han‐seung Lee,"[""10.1109/tvcg.2013.200"", ""10.1109/vast.2010.5652443""]"
A5010219139,1,18.0,0,Jamal Alsakran,"[""10.1109/vast.2011.6102447""]"
A5010224263,1,105.0,0,Rony Goldenthal,"[""10.1109/visual.2002.1183795""]"
A5010234110,1,18.0,0,Sandro Santagata,"[""10.1109/tvcg.2022.3209378""]"
A5010238198,24,1318.0,5,Johanna Beyer,"[""10.1109/tvcg.2007.70560"", ""10.1109/tvcg.2009.178"", ""10.1109/tvcg.2012.240"", ""10.1109/tvcg.2013.142"", ""10.1109/tvcg.2014.2346312"", ""10.1109/tvcg.2014.2346371"", ""10.1109/tvcg.2015.2467441"", ""10.1109/tvcg.2017.2744238"", ""10.1109/tvcg.2017.2744278"", ""10.1109/tvcg.2017.2745941"", ""10.1109/tvcg.2018.2864847"", ""10.1109/tvcg.2019.2934547"", ""10.1109/tvcg.2020.3030427"", ""10.1109/tvcg.2020.3030454"", ""10.1109/tvcg.2021.3114845"", ""10.1109/tvcg.2022.3209353"", ""10.1109/tvcg.2022.3209479"", ""10.1109/tvcg.2022.3209497"", ""10.1109/tvcg.2023.3326568"", ""10.1109/tvcg.2023.3326579"", ""10.1109/tvcg.2023.3327161"", ""10.1109/tvcg.2023.3327193"", ""10.1109/tvcg.2023.3327388"", ""10.1109/tvcg.2024.3456406""]"
A5010240403,1,44.0,0,Shuang‐hua Yang,"[""10.1109/tvcg.2020.3030469""]"
A5010258270,1,8.0,0,David N. Bailey,"[""10.1109/visual.2001.964548""]"
A5010266335,1,6.0,0,Shaghayegh Esmaeili,"[""10.1109/tvcg.2022.3209495""]"
A5010284870,1,2.0,0,R. H. Wolfe,"[""10.1109/visual.1991.175786""]"
A5010322498,1,19.0,0,Jan Erik Stange,"[""10.1109/vast.2014.7042483""]"
A5010426520,1,32.0,0,Zhong Su,"[""10.1109/vast.2011.6102458""]"
A5010430831,1,31.0,0,Fabiano Petronetto,"[""10.1109/vast.2015.7347624""]"
A5010436269,2,230.0,0,Krzysztof Z. Gajos,"[""10.1109/tvcg.2011.192"", ""10.1109/tvcg.2013.155""]"
A5010441587,7,194.0,0,Minfeng Zhu,"[""10.1109/tvcg.2019.2934671"", ""10.1109/tvcg.2020.3030393"", ""10.1109/tvcg.2020.3030447"", ""10.1109/tvcg.2023.3326515"", ""10.1109/tvcg.2023.3327148"", ""10.1109/tvcg.2023.3327168"", ""10.1109/tvcg.2023.3327371""]"
A5010444353,5,485.0,0,Min Lü,"[""10.1109/tvcg.2013.228"", ""10.1109/tvcg.2014.2346746"", ""10.1109/tvcg.2019.2934811"", ""10.1109/tvcg.2021.3114874"", ""10.1109/tvcg.2022.3209354""]"
A5010463964,1,43.0,0,Jacheng Pan,"[""10.1109/tvcg.2018.2865139""]"
A5010474784,1,85.0,0,Jurim Lee,"[""10.1109/tvcg.2017.2744478""]"
A5010499463,7,387.0,0,Emily Wall,"[""10.1109/tvcg.2016.2598446"", ""10.1109/tvcg.2017.2745078"", ""10.1109/tvcg.2018.2865146"", ""10.1109/tvcg.2021.3114820"", ""10.1109/tvcg.2021.3114827"", ""10.1109/tvcg.2024.3456326"", ""10.1109/vast.2017.8585669""]"
A5010524733,1,88.0,0,Xin Zhao,"[""10.1109/tvcg.2013.135""]"
A5010544735,1,16.0,0,Dachywan Wu,"[""10.1109/visual.1993.398883""]"
A5010562544,1,75.0,0,Michel F. Sanner,"[""10.1109/visual.2004.7""]"
A5010594519,1,36.0,0,Stefania Forlini,"[""10.1109/tvcg.2015.2467452""]"
A5010595292,1,18.0,0,James H. Garrett,"[""10.1109/infvis.1999.801856""]"
A5010596785,4,135.0,0,Christopher Andrews,"[""10.1109/tvcg.2013.205"", ""10.1109/vast.2010.5652932"", ""10.1109/vast.2012.6400559"", ""10.1109/vast.2017.8585484""]"
A5010597978,1,34.0,0,Oliver Hahn,"[""10.1109/tvcg.2012.187""]"
A5010642469,1,8.0,0,S.m. Legensky,"[""10.1109/visual.1991.175833""]"
A5010660324,9,547.0,0,Yun Jang,"[""10.1109/tvcg.2009.158"", ""10.1109/tvcg.2012.264"", ""10.1109/vast.2006.261434"", ""10.1109/vast.2007.4388993"", ""10.1109/vast.2007.4388994"", ""10.1109/vast.2012.6400491"", ""10.1109/vast.2012.6400557"", ""10.1109/vast.2014.7042484"", ""10.1109/visual.2005.1532858""]"
A5010665785,1,66.0,0,P. Thomas Fletcher,"[""10.1109/tvcg.2007.70571""]"
A5010678395,3,612.0,0,Jibonananda Sanyal,"[""10.1109/tvcg.2009.114"", ""10.1109/tvcg.2010.181"", ""10.1109/tvcg.2015.2467551""]"
A5010714340,12,424.0,0,Baoquan Chen,"[""10.1109/infvis.2004.52"", ""10.1109/tvcg.2017.2745859"", ""10.1109/tvcg.2017.2745919"", ""10.1109/tvcg.2018.2864911"", ""10.1109/tvcg.2018.2864912"", ""10.1109/tvcg.2019.2934541"", ""10.1109/tvcg.2019.2934805"", ""10.1109/tvcg.2020.3030368"", ""10.1109/vast.2010.5652467"", ""10.1109/visual.1997.663869"", ""10.1109/visual.1999.809872"", ""10.1109/visual.2001.964492""]"
A5010754981,2,165.0,0,Matthew Ward,"[""10.1109/tvcg.2006.161"", ""10.1109/vast.2006.261425""]"
A5010767648,1,8.0,0,Wenshuo Zhao,"[""10.1109/tvcg.2024.3456200""]"
A5010769398,2,94.0,1,Cydney Nielsen,"[""10.1109/tvcg.2009.116"", ""10.1109/tvcg.2013.214""]"
A5010779666,5,222.0,0,Stefan Guthe,"[""10.1109/tvcg.2012.281"", ""10.1109/visual.1999.809868"", ""10.1109/visual.2001.964531"", ""10.1109/visual.2002.1183757"", ""10.1109/visual.2002.1183812""]"
A5010833582,1,46.0,0,Paolo Angelelli,"[""10.1109/tvcg.2011.235""]"
A5010847113,4,76.0,0,Po Ming Law,"[""10.1109/tvcg.2016.2599378"", ""10.1109/tvcg.2018.2864526"", ""10.1109/tvcg.2018.2864886"", ""10.1109/vast.2018.8802415""]"
A5010866431,1,5.0,0,Venkatesh Sivaraman,"[""10.1109/tvcg.2024.3456371""]"
A5010867366,1,172.0,0,Chong Zhang,"[""10.1109/tvcg.2015.2467771""]"
A5010917418,1,29.0,0,M. Tuceryan,"[""10.1109/visual.1998.745319""]"
A5010928934,4,93.0,0,Michael E. Papka,"[""10.1109/scivis.2015.7429492"", ""10.1109/tvcg.2015.2467432"", ""10.1109/tvcg.2024.3456182"", ""10.1109/vast.2017.8585646""]"
A5010940488,2,170.0,1,Peter Shirley,"[""10.1109/visual.1998.745713"", ""10.1109/visual.2000.885692""]"
A5010950688,1,0.0,0,Siddharth Garg,"[""10.1109/tvcg.2024.3456360""]"
A5010985446,1,55.0,0,Wewnen Dou,"[""10.1109/tvcg.2015.2467971""]"
A5010986405,1,14.0,1,David Spretke,"[""10.1109/vast.2010.5652926""]"
A5011020333,1,39.0,0,Steven Feiner,"[""10.1109/infvis.1996.559211""]"
A5011021659,1,50.0,0,Bridget Cogley,"[""10.1109/tvcg.2022.3209383""]"
A5011023724,2,94.0,0,Maxim Lazarov,"[""10.1109/tvcg.2009.124"", ""10.1109/tvcg.2010.128""]"
A5011059989,3,266.0,0,Martin Eisemann,"[""10.1109/vast.2009.5332628"", ""10.1109/vast.2010.5652433"", ""10.1109/vast.2011.6102437""]"
A5011131671,1,6.0,0,P.c. Chen,"[""10.1109/visual.1993.398900""]"
A5011153238,1,22.0,0,Janko Dietzsch,"[""10.1109/vast.2009.5333911""]"
A5011189567,2,35.0,0,Paula Kayongo,"[""10.1109/tvcg.2020.3028984"", ""10.1109/tvcg.2021.3114842""]"
A5011218802,3,118.0,0,B. Lucas,"[""10.1109/visual.1991.175818"", ""10.1109/visual.1992.235204"", ""10.1109/visual.1992.235219""]"
A5011218910,1,3.0,0,Michael Middleton,"[""10.1109/tvcg.2024.3456388""]"
A5011229394,1,5.0,0,D. Zorin,"[""10.1109/visual.2001.964528""]"
A5011244935,1,29.0,0,Shenyu Xu,"[""10.1109/tvcg.2020.3030443""]"
A5011292436,2,990.0,0,Zoya Bylinskii,"[""10.1109/tvcg.2013.234"", ""10.1109/tvcg.2015.2467732""]"
A5011301258,2,6.0,0,Laura Garrison,"[""10.1109/tvcg.2021.3114860"", ""10.1109/tvcg.2024.3456327""]"
A5011301944,1,31.0,0,Donald Bertucci,"[""10.1109/tvcg.2022.3209425""]"
A5011328209,2,38.0,0,Parris K. Egbert,"[""10.1109/visual.1998.745322"", ""10.1109/visual.2002.1183801""]"
A5011332155,1,22.0,0,Y. Maeda,"[""10.1109/visual.1995.480807""]"
A5011411344,1,2.0,0,Mara Solen,"[""10.1109/tvcg.2024.3456174""]"
A5011415375,1,7.0,0,Daniel Glaser,"[""10.1109/infvis.2003.1249032""]"
A5011416152,1,134.0,0,Matthew J. Avalos,"[""10.1109/visual.1998.745294""]"
A5011424640,12,603.0,1,Luís Gustavo Nonato,"[""10.1109/tvcg.2009.194"", ""10.1109/tvcg.2010.170"", ""10.1109/tvcg.2010.185"", ""10.1109/tvcg.2010.207"", ""10.1109/tvcg.2011.220"", ""10.1109/tvcg.2016.2599018"", ""10.1109/tvcg.2019.2934280"", ""10.1109/tvcg.2020.3030441"", ""10.1109/tvcg.2022.3209489"", ""10.1109/tvcg.2024.3456365"", ""10.1109/vast.2012.6400489"", ""10.1109/vast.2015.7347624""]"
A5011441880,1,55.0,1,Arthur G. Erdman,"[""10.1109/tvcg.2013.147""]"
A5011504177,1,14.0,0,Zhongyu Wei,"[""10.1109/tvcg.2024.3456145""]"
A5011513930,1,22.0,0,John Wilkins,"[""10.1109/visual.2004.23""]"
A5011528639,3,729.0,1,Geoffrey Ellis,"[""10.1109/tvcg.2006.138"", ""10.1109/tvcg.2014.2346481"", ""10.1109/tvcg.2015.2467591""]"
A5011539959,2,78.0,0,Guo‐shi Li,"[""10.1109/visual.2003.1250378"", ""10.1109/visual.2005.1532807""]"
A5011547603,1,5.0,0,J. Aller,"[""10.1109/visual.1990.146397""]"
A5011581508,3,220.0,0,David Auber,"[""10.1109/infvis.2003.1249011"", ""10.1109/tvcg.2006.177"", ""10.1109/tvcg.2021.3114795""]"
A5011596114,1,16.0,0,Fedor Korsakov,"[""10.1109/tvcg.2014.2346451""]"
A5011629374,3,185.0,0,Xiao Ling,"[""10.1109/infvis.2005.1532150"", ""10.1109/vast.2006.261436"", ""10.1109/vast.2008.4677357""]"
A5011709769,2,81.0,0,Henry Völzke,"[""10.1109/tvcg.2014.2346591"", ""10.1109/tvcg.2015.2468291""]"
A5011715822,1,3.0,0,Rae Kyoung Lee,"[""10.1109/visual.1995.480797""]"
A5011744375,2,95.0,0,Xuanwu Yue,"[""10.1109/tvcg.2018.2864814"", ""10.1109/tvcg.2019.2934660""]"
A5011769177,1,5.0,0,J.j. Loomis,"[""10.1109/visual.1997.663925""]"
A5011771355,1,15.0,0,Ivo L. Hofacker,"[""10.1109/tvcg.2006.196""]"
A5011783203,1,12.0,0,Amel Guetat,"[""10.1109/tvcg.2010.187""]"
A5011813023,2,662.0,0,Jiaxin Shi,"[""10.1109/tvcg.2016.2598831"", ""10.1109/tvcg.2017.2744938""]"
A5011823353,3,58.0,2,Nicole Sultanum,"[""10.1109/tvcg.2018.2864905"", ""10.1109/tvcg.2022.3209444"", ""10.1109/tvcg.2024.3456601""]"
A5011864657,1,76.0,0,Graham Dove,"[""10.1109/tvcg.2013.145""]"
A5011884271,1,50.0,0,Daniel Luiz De Mattos Nascimento,"[""10.1109/tvcg.2017.2745105""]"
A5011893561,1,2.0,0,Tony Stone,"[""10.1109/tvcg.2021.3114868""]"
A5011902450,1,27.0,0,Andrea G. Parker,"[""10.1109/tvcg.2022.3209493""]"
A5011903650,1,15.0,0,Mario Valle,"[""10.1109/vast.2008.4677351""]"
A5011911621,1,4.0,0,L.r. Seidenberg,"[""10.1109/visual.1992.235200""]"
A5011918131,1,5.0,0,Lexing Ying,"[""10.1109/visual.2001.964528""]"
A5011928259,4,188.0,0,Evan M. Peck,"[""10.1109/tvcg.2015.2467758"", ""10.1109/tvcg.2016.2599058"", ""10.1109/tvcg.2018.2865117"", ""10.1109/tvcg.2024.3456217""]"
A5011933741,1,11.0,0,Elizabeth Hetzler,"[""10.1109/infvis.2005.1532133""]"
A5011941798,14,476.0,2,Filip Sadlo,"[""10.1109/tvcg.2006.199"", ""10.1109/tvcg.2007.70554"", ""10.1109/tvcg.2012.284"", ""10.1109/tvcg.2013.129"", ""10.1109/tvcg.2014.2346319"", ""10.1109/tvcg.2014.2346333"", ""10.1109/tvcg.2014.2346442"", ""10.1109/tvcg.2016.2599018"", ""10.1109/tvcg.2017.2743989"", ""10.1109/tvcg.2018.2864508"", ""10.1109/tvcg.2020.3030466"", ""10.1109/tvcg.2023.3326519"", ""10.1109/visual.2004.128"", ""10.1109/visual.2005.1532772""]"
A5011942943,1,11.0,1,S. Sandra Bae,"[""10.1109/tvcg.2023.3327198""]"
A5011950091,1,1.0,0,J. Cribb,"[""10.1109/visual.2005.1532829""]"
A5011962842,1,2.0,0,Amani Ageeli,"[""10.1109/tvcg.2022.3209439""]"
A5011973325,1,6.0,0,Wendy S. Koegler,"[""10.1109/visual.2001.964551""]"
A5011976234,1,7.0,0,Kyoko Nakamura,"[""10.1109/visual.1997.663889""]"
A5011981456,2,37.0,1,Doris Kosminsky,"[""10.1109/tvcg.2019.2934538"", ""10.1109/tvcg.2023.3327378""]"
A5011999265,1,39.0,0,Yuqun Chen,"[""10.1109/visual.2000.885685""]"
A5012088773,3,45.0,1,Derya Akbaba,"[""10.1109/tvcg.2022.3209451"", ""10.1109/tvcg.2024.3456171"", ""10.1109/tvcg.2024.3456334""]"
A5012099276,1,26.0,0,Martin Baiker,"[""10.1109/tvcg.2010.134""]"
A5012111319,1,70.0,0,Eser Kandogan,"[""10.1109/vast.2012.6400487""]"
A5012113499,5,143.0,1,Michael Brudno,"[""10.1109/tvcg.2015.2467733"", ""10.1109/tvcg.2016.2598469"", ""10.1109/tvcg.2017.2745118"", ""10.1109/tvcg.2018.2864905"", ""10.1109/tvcg.2022.3209444""]"
A5012116917,2,66.0,0,Andreas Hubeli,"[""10.1109/visual.2000.885722"", ""10.1109/visual.2001.964523""]"
A5012133571,1,3.0,0,C.b. Cox,"[""10.1109/visual.1990.146368""]"
A5012139872,2,78.0,0,G. Geier,"[""10.1109/tvcg.2008.147"", ""10.1109/tvcg.2009.115""]"
A5012157105,3,124.0,0,Zhuochen Jin,"[""10.1109/tvcg.2018.2864885"", ""10.1109/tvcg.2020.3030465"", ""10.1109/tvcg.2023.3327200""]"
A5012158528,3,152.0,0,Sriram Karthik Badam,"[""10.1109/tvcg.2018.2865119"", ""10.1109/tvcg.2018.2865144"", ""10.1109/vast.2016.7883506""]"
A5012160486,1,2.0,0,Wendell Wiggins,"[""10.1109/visual.1998.745293""]"
A5012164072,1,25.0,0,Vedran Sabol,"[""10.1109/infvis.2004.19""]"
A5012213317,1,6.0,0,E.o. Belcher,"[""10.1109/visual.1991.175784""]"
A5012244017,2,60.0,0,Ryan Eccles,"[""10.1109/vast.2007.4388992"", ""10.1109/vast.2008.4677355""]"
A5012255877,3,110.0,0,Patrick Mccormick,"[""10.1109/visual.1997.663919"", ""10.1109/visual.2003.1250418"", ""10.1109/visual.2004.95""]"
A5012263767,1,6.0,0,Ron Kikinis,"[""10.1109/visual.2003.1250424""]"
A5012288548,3,101.0,0,Allen R. Sanderson,"[""10.1109/tvcg.2010.133"", ""10.1109/tvcg.2011.254"", ""10.1109/visual.2004.25""]"
A5012329609,2,356.0,0,Mihael Ankerst,"[""10.1109/infvis.1998.729559"", ""10.1109/visual.1995.485140""]"
A5012330510,2,15.0,0,D.c. Banks,"[""10.1109/visual.1996.567784"", ""10.1109/visual.1997.663918""]"
A5012353622,1,2.0,0,Martin Wikelski,"[""10.1109/tvcg.2020.3030386""]"
A5012354207,1,192.0,0,Shaozu Cao,"[""10.1109/vast.2017.8585721""]"
A5012360690,1,10.0,0,Patricia F Anderson,"[""10.1109/vast.2012.6400558""]"
A5012378616,2,15.0,0,Oliver Rübel,"[""10.1109/tvcg.2017.2744479"", ""10.1109/tvcg.2024.3456322""]"
A5012381843,1,5.0,1,Muqiao Yang,"[""10.1109/tvcg.2021.3114794""]"
A5012387700,2,128.0,0,Jun Wang,"[""10.1109/tvcg.2015.2467931"", ""10.1109/vast.2017.8585647""]"
A5012388103,12,399.0,1,Jinwook Seo,"[""10.1109/infvis.2004.3"", ""10.1109/tvcg.2009.146"", ""10.1109/tvcg.2010.155"", ""10.1109/tvcg.2010.175"", ""10.1109/tvcg.2014.2346454"", ""10.1109/tvcg.2016.2598796"", ""10.1109/tvcg.2020.3030414"", ""10.1109/tvcg.2020.3030419"", ""10.1109/tvcg.2021.3114833"", ""10.1109/tvcg.2023.3327187"", ""10.1109/tvcg.2023.3327201"", ""10.1109/tvcg.2024.3456215""]"
A5012397920,1,1.0,0,Anthony Hamins,"[""10.1109/visual.1994.346291""]"
A5012446017,1,68.0,0,Robert A. Bridges,"[""10.1109/tvcg.2018.2865029""]"
A5012448546,1,4.0,0,Manisa Baker,"[""10.1109/visual.2000.885744""]"
A5012497033,1,12.0,0,L. Carter,"[""10.1109/visual.1990.146371""]"
A5012530562,1,15.0,0,Robin Skånberg,"[""10.1109/tvcg.2015.2467293""]"
A5012542741,2,25.0,0,Clifford A. Shaffer,"[""10.1109/visual.1998.745351"", ""10.1109/visual.1999.809921""]"
A5012542802,2,41.0,0,Harry Yeh,"[""10.1109/tvcg.2011.170"", ""10.1109/tvcg.2019.2934314""]"
A5012553015,1,26.0,0,Yoonsoo Nam,"[""10.1109/tvcg.2020.3030380""]"
A5012557712,1,14.0,0,Robert A. Weinberg,"[""10.1109/visual.2004.46""]"
A5012561411,25,2315.0,3,Sheelagh Carpendale,"[""10.1109/infvis.2003.1249008"", ""10.1109/infvis.2005.1532141"", ""10.1109/tvcg.2007.70521"", ""10.1109/tvcg.2007.70568"", ""10.1109/tvcg.2008.127"", ""10.1109/tvcg.2008.175"", ""10.1109/tvcg.2009.122"", ""10.1109/tvcg.2009.162"", ""10.1109/tvcg.2010.129"", ""10.1109/tvcg.2011.251"", ""10.1109/tvcg.2012.204"", ""10.1109/tvcg.2012.275"", ""10.1109/tvcg.2014.2346292"", ""10.1109/tvcg.2015.2467325"", ""10.1109/tvcg.2015.2467831"", ""10.1109/tvcg.2016.2598586"", ""10.1109/tvcg.2017.2743859"", ""10.1109/tvcg.2017.2743918"", ""10.1109/tvcg.2017.2745958"", ""10.1109/tvcg.2019.2934538"", ""10.1109/tvcg.2019.2934790"", ""10.1109/tvcg.2021.3114844"", ""10.1109/tvcg.2022.3209365"", ""10.1109/tvcg.2023.3326917"", ""10.1109/tvcg.2023.3327378""]"
A5012627445,1,10.0,0,Chris Pelkie,"[""10.1109/visual.1993.398867""]"
A5012627865,1,78.0,0,Laura Raya,"[""10.1109/tvcg.2015.2467324""]"
A5012636375,1,61.0,0,Simone Kriglstein,"[""10.1109/tvcg.2017.2744758""]"
A5012651524,1,21.0,0,Luc P. Beaudoin,"[""10.1109/visual.1996.567745""]"
A5012666938,1,115.0,1,Audrey S. Wang,"[""10.1109/tvcg.2018.2865147""]"
A5012693590,5,117.0,1,Daniel Baum,"[""10.1109/tvcg.2011.259"", ""10.1109/tvcg.2014.2346404"", ""10.1109/tvcg.2018.2864507"", ""10.1109/tvcg.2023.3327403"", ""10.1109/visual.2002.1183780""]"
A5012732932,2,25.0,1,Bea Steers,"[""10.1109/tvcg.2023.3327396"", ""10.1109/tvcg.2024.3456388""]"
A5012750622,1,22.0,0,Jim Durbin,"[""10.1109/visual.1998.745344""]"
A5012753546,1,5.0,0,T. Munzner,"[""10.1109/infvis.2005.1532127""]"
A5012758909,1,67.0,0,Hyejin Im,"[""10.1109/tvcg.2017.2744118""]"
A5012766006,1,20.0,0,Stefanie Schmid,"[""10.1109/vast.2018.8802486""]"
A5012766796,1,3.0,0,R. Haynes,"[""10.1109/visual.2001.964543""]"
A5012782091,1,14.0,0,Thomas Kirste,"[""10.1109/vast.2015.7347629""]"
A5012785854,1,69.0,0,Florian Morr,"[""10.1109/tvcg.2007.70579""]"
A5012788427,1,103.0,0,Simon Schubiger,"[""10.1109/tvcg.2017.2744159""]"
A5012797594,1,47.0,0,Andreas Mathisen,"[""10.1109/tvcg.2018.2865144""]"
A5012845744,1,18.0,0,Boyd Kenkhuis,"[""10.1109/tvcg.2020.3030336""]"
A5012847693,1,36.0,0,Adam P. Summers,"[""10.1109/tvcg.2017.2743980""]"
A5012856150,1,69.0,0,Theo Van Walsum,"[""10.1109/visual.1995.485141""]"
A5012919545,1,26.0,0,G. Schussman,"[""10.1109/visual.2004.5""]"
A5012944737,1,1.0,1,John Hooker,"[""10.1109/tvcg.2024.3456296""]"
A5012950750,1,4.0,0,G. Welch,"[""10.1109/visual.2000.885712""]"
A5012964681,3,118.0,0,Michael Böttinger,"[""10.1109/tvcg.2008.116"", ""10.1109/tvcg.2009.197"", ""10.1109/tvcg.2020.3028955""]"
A5012980226,1,21.0,0,Niranjan Damera Venkata,"[""10.1109/tvcg.2007.70536""]"
A5012986137,1,109.0,0,Sebastian Koch,"[""10.1109/tvcg.2015.2467757""]"
A5012994943,1,29.0,0,Ke Wu,"[""10.1109/tvcg.2019.2934797""]"
A5013002615,1,2.0,0,Sanjin Rados,"[""10.1109/tvcg.2022.3209432""]"
A5013005123,1,2.0,0,A. Kaufman,"[""10.1109/visual.1995.480818""]"
A5013009875,2,113.0,0,Vivek Kumar Verma,"[""10.1109/visual.1999.809906"", ""10.1109/visual.2000.885690""]"
A5013043483,1,12.0,0,Huan He,"[""10.1109/vast.2018.8802383""]"
A5013054287,1,107.0,0,Chi Bin Chien,"[""10.1109/tvcg.2009.118""]"
A5013055435,2,38.0,0,Àlvar Vinacua,"[""10.1109/tvcg.2016.2598825"", ""10.1109/tvcg.2018.2864851""]"
A5013062610,1,14.0,0,M.f. Cohen,"[""10.1109/visual.1990.146395""]"
A5013064867,1,9.0,0,Riley Hughes,"[""10.1109/visual.1996.568104""]"
A5013065278,1,122.0,0,Andrés Monroy‐hernández,"[""10.1109/tvcg.2016.2598647""]"
A5013067496,1,0.0,0,V. Interrante,"[""10.1109/visual.1997.663894""]"
A5013074014,1,61.0,0,Patrick Houthuizen,"[""10.1109/tvcg.2018.2865043""]"
A5013075379,1,8.0,0,Jianing Hao,"[""10.1109/tvcg.2023.3327389""]"
A5013101044,4,253.0,0,Florian Ferstl,"[""10.1109/tvcg.2009.154"", ""10.1109/tvcg.2010.169"", ""10.1109/tvcg.2015.2467204"", ""10.1109/tvcg.2016.2598868""]"
A5013103130,1,46.0,0,Christina K. Yung,"[""10.1109/visual.2000.885739""]"
A5013104516,1,62.0,0,Madelaine Boyd,"[""10.1109/tvcg.2013.155""]"
A5013118329,1,4.0,0,Hongan Wang,"[""10.1109/tvcg.2023.3326932""]"
A5013135203,2,170.0,0,Vivek Srikumar,"[""10.1109/tvcg.2017.2745141"", ""10.1109/tvcg.2018.2865230""]"
A5013174025,1,23.0,0,Mark Wallace,"[""10.1109/tvcg.2016.2598545""]"
A5013179348,1,23.0,0,C. Aragon,"[""10.1109/vast.2008.4677353""]"
A5013181392,3,160.0,0,Sarah H. Creem Regehr,"[""10.1109/tvcg.2016.2599106"", ""10.1109/tvcg.2018.2865193"", ""10.1109/tvcg.2019.2934286""]"
A5013198735,1,95.0,0,Qingguang Cui,"[""10.1109/tvcg.2006.161""]"
A5013207939,1,27.0,0,Rika Furuhata,"[""10.1109/infvis.2000.885093""]"
A5013216735,1,82.0,0,Amir H. Meghdadi,"[""10.1109/tvcg.2013.168""]"
A5013218669,1,168.0,0,Jefferson Amstutz,"[""10.1109/tvcg.2016.2599041""]"
A5013243312,4,172.0,0,Peter Michael Bak,"[""10.1109/tvcg.2009.182"", ""10.1109/tvcg.2013.224"", ""10.1109/tvcg.2015.2467322"", ""10.1109/vast.2008.4677359""]"
A5013253784,1,42.0,0,Doris Jung‐lin Lee,"[""10.1109/tvcg.2019.2934666""]"
A5013259507,1,32.0,0,David Williams,"[""10.1109/visual.1992.235210""]"
A5013294330,2,65.0,0,Pascal Goffin,"[""10.1109/tvcg.2014.2346435"", ""10.1109/tvcg.2021.3114798""]"
A5013335258,1,70.0,0,Hayeong Song,"[""10.1109/tvcg.2018.2864914""]"
A5013352966,2,220.0,1,Creon Levit,"[""10.1109/visual.1991.175771"", ""10.1109/visual.1991.175773""]"
A5013387781,1,5.0,0,D. Gubler,"[""10.1109/visual.2005.1532813""]"
A5013417550,1,24.0,0,Wilfrid Lefer,"[""10.1109/visual.1997.663899""]"
A5013422789,1,30.0,0,István Kókai,"[""10.1109/tvcg.2007.70581""]"
A5013424156,1,26.0,0,Luoxuan Weng,"[""10.1109/tvcg.2022.3209475""]"
A5013448896,1,16.0,0,Jeffrey Ho,"[""10.1109/visual.2001.964532""]"
A5013458161,1,34.0,0,Janet Wiles,"[""10.1109/tvcg.2015.2467321""]"
A5013460936,8,298.0,0,Christopher G. Healey,"[""10.1109/tvcg.2007.70623"", ""10.1109/tvcg.2015.2468093"", ""10.1109/visual.1996.568118"", ""10.1109/visual.1997.663855"", ""10.1109/visual.1998.745292"", ""10.1109/visual.2001.964501"", ""10.1109/visual.2002.1183803"", ""10.1109/visual.2005.1532838""]"
A5013491656,1,0.0,0,K.w. Johnson,"[""10.1109/visual.1992.235175""]"
A5013518229,1,20.0,0,Ratul Mahajan,"[""10.1109/vast.2010.5652910""]"
A5013533653,1,18.0,0,Pascal Poncelet,"[""10.1109/vast.2014.7042488""]"
A5013546425,6,372.0,0,Roberto Scopigno,"[""10.1109/visual.1994.346308"", ""10.1109/visual.1998.745285"", ""10.1109/visual.2000.885680"", ""10.1109/visual.2003.1250366"", ""10.1109/visual.2003.1250407"", ""10.1109/visual.2005.1532797""]"
A5013569934,2,39.0,0,Frank Michel,"[""10.1109/tvcg.2006.125"", ""10.1109/tvcg.2007.70575""]"
A5013608601,1,42.0,0,Aditya Parameswaran,"[""10.1109/tvcg.2019.2934666""]"
A5013629437,2,76.0,0,B. Green,"[""10.1109/tvcg.2006.128"", ""10.1109/visual.2004.55""]"
A5013644294,1,2.0,0,António M. Baptista,"[""10.1109/visual.2003.1250421""]"
A5013670125,1,180.0,0,David Lazer,"[""10.1109/tvcg.2012.291""]"
A5013719632,1,39.0,0,Di Yang,"[""10.1109/vast.2007.4389000""]"
A5013723403,1,15.0,0,Ying Mao,"[""10.1109/tvcg.2022.3209455""]"
A5013740450,1,17.0,0,Wei Hsien Hsu,"[""10.1109/tvcg.2013.123""]"
A5013743493,1,28.0,0,Ran Zhou,"[""10.1109/tvcg.2022.3209442""]"
A5013752660,2,104.0,1,Lincan Zou,"[""10.1109/tvcg.2020.3030350"", ""10.1109/tvcg.2021.3114855""]"
A5013779026,2,95.0,0,Stephen Rudolph,"[""10.1109/vast.2008.4677354"", ""10.1109/vast.2009.5333920""]"
A5013797659,1,75.0,0,Bram C.m. Cappers,"[""10.1109/tvcg.2017.2745278""]"
A5013842628,2,44.0,0,Rolf Westerteiger,"[""10.1109/tvcg.2009.204"", ""10.1109/tvcg.2012.239""]"
A5013856888,5,127.0,0,Marco Agus,"[""10.1109/tvcg.2011.214"", ""10.1109/tvcg.2017.2744238"", ""10.1109/tvcg.2018.2864847"", ""10.1109/tvcg.2020.3030451"", ""10.1109/tvcg.2021.3114788""]"
A5013857042,3,242.0,1,David M. Weinstein,"[""10.1109/visual.1999.809886"", ""10.1109/visual.1999.809894"", ""10.1109/visual.2000.885706""]"
A5013860502,1,6.0,0,Alisa Neeman,"[""10.1109/visual.2005.1532774""]"
A5013863229,3,199.0,0,Jing Wu,"[""10.1109/tvcg.2017.2744378"", ""10.1109/tvcg.2022.3209423"", ""10.1109/vast47406.2019.8986943""]"
A5013873009,1,98.0,0,Franziska Sauka,"[""10.1109/tvcg.2014.2352953""]"
A5013887755,1,14.0,0,Alexander Soen,"[""10.1109/vast47406.2019.8986934""]"
A5013890093,1,16.0,0,J. Dastur,"[""10.1109/visual.2004.34""]"
A5013892799,2,35.0,0,Ruizhen Hu,"[""10.1109/tvcg.2019.2934799"", ""10.1109/tvcg.2022.3209481""]"
A5013911086,1,0.0,0,Gabriela Morgenshtern,"[""10.1109/tvcg.2024.3456329""]"
A5013922391,1,6.0,0,Scott Wehrwein,"[""10.1109/tvcg.2022.3209454""]"
A5013945827,1,13.0,0,Michael Gessat,"[""10.1109/tvcg.2014.2346459""]"
A5013950108,1,89.0,0,Felix Ritter,"[""10.1109/tvcg.2006.172""]"
A5013952808,1,37.0,0,Shusen Liu,"[""10.1109/tvcg.2011.199""]"
A5013989913,1,19.0,0,Evangelos Milios,"[""10.1109/vast.2012.6400484""]"
A5014009990,5,290.0,1,Zhiguang Zhou,"[""10.1109/tvcg.2015.2467691"", ""10.1109/tvcg.2018.2864503"", ""10.1109/tvcg.2020.3030428"", ""10.1109/tvcg.2020.3030440"", ""10.1109/vast50239.2020.00011""]"
A5014012890,1,22.0,0,Tiago Etiene,"[""10.1109/tvcg.2009.194""]"
A5014019199,1,18.0,0,Moataz Abdelaal,"[""10.1109/tvcg.2022.3209427""]"
A5014023970,1,3.0,0,Thibaud Porphyre,"[""10.1109/tvcg.2022.3209464""]"
A5014032522,2,49.0,0,Johannes Weissenböck,"[""10.1109/tvcg.2018.2864510"", ""10.1109/vast.2016.7883516""]"
A5014041753,2,20.0,0,Christian Schulte Zu Berge,"[""10.1109/scivis.2015.7429489"", ""10.1109/tvcg.2014.2346317""]"
A5014054165,1,50.0,0,John B. Thurmond,"[""10.1109/tvcg.2008.170""]"
A5014057564,1,10.0,0,Antonio Fernández Anta,"[""10.1109/visual.2002.1183814""]"
A5014079156,2,187.0,0,Matthias Zwicker,"[""10.1109/visual.2001.964490"", ""10.1109/visual.2004.38""]"
A5014118071,1,6.0,0,Connor Guerin,"[""10.1109/tvcg.2023.3327181""]"
A5014124844,1,1.0,0,D. Cox,"[""10.1109/visual.2005.1532791""]"
A5014134530,1,1.0,0,Kamran Eftekhari Shahroudi,"[""10.1109/visual.1996.568150""]"
A5014138072,2,82.0,0,Alexander Wolff,"[""10.1109/tvcg.2012.193"", ""10.1109/tvcg.2013.187""]"
A5014140709,1,30.0,0,Suizi Huang,"[""10.1109/tvcg.2023.3326913""]"
A5014146578,1,43.0,0,Patrick Hertzog,"[""10.1109/vast.2007.4389007""]"
A5014221694,3,109.0,1,Jiayi Xu,"[""10.1109/tvcg.2015.2467194"", ""10.1109/tvcg.2022.3209413"", ""10.1109/tvcg.2022.3209419""]"
A5014239595,1,13.0,0,Ruwen Schnabel,"[""10.1109/tvcg.2008.124""]"
A5014254930,1,27.0,0,Vincent Van Unen,"[""10.1109/tvcg.2017.2744318""]"
A5014319412,2,61.0,0,Yi Gu,"[""10.1109/tvcg.2011.246"", ""10.1109/tvcg.2015.2468031""]"
A5014325236,1,45.0,0,Jina Huh,"[""10.1109/tvcg.2015.2467555""]"
A5014363196,1,42.0,0,Graeme Gange,"[""10.1109/tvcg.2015.2467251""]"
A5014375244,1,12.0,0,Henning Wachsmuth,"[""10.1109/tvcg.2020.3030425""]"
A5014429725,1,5.0,0,H. Ishikawa,"[""10.1109/visual.1997.663925""]"
A5014451969,1,8.0,0,Jiřı́ Bittner,"[""10.1109/tvcg.2008.176""]"
A5014495113,1,41.0,0,Richard Brath,"[""10.1109/infvis.1997.636794""]"
A5014529529,1,1.0,0,Jie Zheng,"[""10.1109/tvcg.2024.3456325""]"
A5014571315,1,2.0,0,J.m. Favre,"[""10.1109/visual.1994.346303""]"
A5014594342,2,110.0,1,Markus Steinberger,"[""10.1109/tvcg.2011.183"", ""10.1109/tvcg.2013.180""]"
A5014603089,2,4.0,0,Jen Rogers,"[""10.1109/tvcg.2020.3030405"", ""10.1109/tvcg.2024.3456391""]"
A5014622702,2,6.0,0,D.r. Nadeau,"[""10.1109/visual.1991.175814"", ""10.1109/visual.1992.235195""]"
A5014635198,3,81.0,1,Rita Sevastjanova,"[""10.1109/tvcg.2017.2745080"", ""10.1109/tvcg.2022.3209458"", ""10.1109/vast47406.2019.8986917""]"
A5014638681,2,56.0,0,Jonathan Lazar,"[""10.1109/tvcg.2021.3114829"", ""10.1109/tvcg.2023.3326937""]"
A5014650495,1,75.0,0,Haralambos Marmanis,"[""10.1109/visual.1999.809905""]"
A5014662947,3,300.0,0,Furu Wei,"[""10.1109/tvcg.2010.183"", ""10.1109/tvcg.2015.2467554"", ""10.1109/vast.2010.5652931""]"
A5014670663,1,5.0,1,Pratheeksha Nair,"[""10.1109/tvcg.2022.3209403""]"
A5014675864,2,10.0,1,Carolina Veiga,"[""10.1109/tvcg.2023.3326514"", ""10.1109/tvcg.2024.3456353""]"
A5014697729,1,15.0,0,J.l.d. Comba,"[""10.1109/visual.2005.1532796""]"
A5014732659,1,8.0,0,A. Stewart Fotheringham,"[""10.1109/tvcg.2023.3327359""]"
A5014744525,1,4.0,0,K. Inkpen,"[""10.1109/visual.1998.745334""]"
A5014747010,1,93.0,0,Gaurav Garg,"[""10.1109/visual.2004.50""]"
A5014750090,1,11.0,0,Katie B. Mullins,"[""10.1109/tvcg.2009.203""]"
A5014770241,1,302.0,0,Johannes Behr,"[""10.1109/visual.2001.964489""]"
A5014773555,1,21.0,0,Emden R. Gansner,"[""10.1109/infvis.2004.66""]"
A5014783020,1,11.0,0,Agma J. M. Traina,"[""10.1109/tvcg.2022.3209477""]"
A5014829491,1,9.0,0,Dietmar Offenhuber,"[""10.1109/tvcg.2019.2934788""]"
A5014858614,2,3.0,0,David Dobkin,"[""10.1109/visual.1990.146393"", ""10.1109/visual.1994.346325""]"
A5014886957,1,136.0,0,M. F. Smith,"[""10.1109/tvcg.2009.187""]"
A5014887248,1,31.0,0,S. C. Trager,"[""10.1109/vast.2010.5652450""]"
A5014889758,6,404.0,0,Henry Fuchs,"[""10.1109/visual.1991.175778"", ""10.1109/visual.1994.346295"", ""10.1109/visual.1995.480795"", ""10.1109/visual.1996.568110"", ""10.1109/visual.1996.568114"", ""10.1109/visual.1999.809883""]"
A5014894873,1,80.0,0,Zhile Ren,"[""10.1109/tvcg.2008.111""]"
A5014905815,1,30.0,0,Ruwayda Alharbi,"[""10.1109/tvcg.2020.3030415""]"
A5014935641,1,59.0,0,Laura Fernández Robles,"[""10.1109/tvcg.2008.147""]"
A5014971963,1,17.0,0,Dmitry Karpeyev,"[""10.1109/tvcg.2015.2466838""]"
A5015012334,1,117.0,0,Leslie M. Blaha,"[""10.1109/vast.2017.8585669""]"
A5015037960,1,9.0,0,Jordan Matelsky,"[""10.1109/tvcg.2023.3327388""]"
A5015120030,1,1.0,0,Luke J. Harmon,"[""10.1109/tvcg.2020.3030405""]"
A5015121983,1,2.0,1,Yamei Tu,"[""10.1109/tvcg.2024.3456339""]"
A5015182248,8,447.0,1,Tatiana Von Landesberger,"[""10.1109/tvcg.2015.2468111"", ""10.1109/tvcg.2020.3030437"", ""10.1109/tvcg.2023.3326576"", ""10.1109/tvcg.2024.3456305"", ""10.1109/vast.2009.5333893"", ""10.1109/vast.2011.6102439"", ""10.1109/vast.2012.6400553"", ""10.1109/vast.2014.7042485""]"
A5015186378,4,52.0,0,Andrew Wentzel,"[""10.1109/tvcg.2019.2934546"", ""10.1109/tvcg.2021.3114810"", ""10.1109/tvcg.2023.3326939"", ""10.1109/tvcg.2024.3456160""]"
A5015247862,1,44.0,0,Yedendra Shrinivasan,"[""10.1109/vast.2009.5333023""]"
A5015247956,1,11.0,0,Joseph S. B. Mitchell,"[""10.1109/visual.1995.480813""]"
A5015267493,1,276.0,0,Alexandre X. Falcão,"[""10.1109/tvcg.2016.2598838""]"
A5015271163,4,94.0,1,Aidong Lu,"[""10.1109/tvcg.2008.184"", ""10.1109/vast.2006.261435"", ""10.1109/visual.2002.1183777"", ""10.1109/visual.2005.1532854""]"
A5015338144,1,11.0,0,Zhilan Zhou,"[""10.1109/tvcg.2022.3209445""]"
A5015367289,2,115.0,1,Saiful Khan,"[""10.1109/tvcg.2021.3114828"", ""10.1109/tvcg.2022.3209448""]"
A5015376703,2,42.0,0,Ketan Mehta,"[""10.1109/tvcg.2006.133"", ""10.1109/tvcg.2006.181""]"
A5015384117,2,52.0,0,Tiffany Wun,"[""10.1109/tvcg.2017.2743918"", ""10.1109/tvcg.2017.2745958""]"
A5015413510,1,4.0,0,F. Dubuffet,"[""10.1109/visual.2002.1183813""]"
A5015444670,1,103.0,0,Raj Shekhar,"[""10.1109/visual.1996.568127""]"
A5015449928,1,24.0,0,Alexandra Landsberg,"[""10.1109/visual.1996.568128""]"
A5015466527,1,14.0,0,D. Bürkle,"[""10.1109/visual.2001.964494""]"
A5015483503,1,13.0,0,Michael Terry,"[""10.1109/tvcg.2024.3456354""]"
A5015496910,1,134.0,1,A.j. Kolojechick,"[""10.1109/infvis.1996.559210""]"
A5015510100,1,6.0,0,Wyatt Ayers,"[""10.1109/tvcg.2022.3209454""]"
A5015512418,1,12.0,0,C. Carner,"[""10.1109/visual.2005.1532840""]"
A5015516607,5,391.0,0,Leland Wilkinson,"[""10.1109/infvis.2005.1532142"", ""10.1109/tvcg.2010.197"", ""10.1109/tvcg.2014.2346572"", ""10.1109/tvcg.2017.2744685"", ""10.1109/vast.2012.6400490""]"
A5015520753,1,17.0,0,M. Brill,"[""10.1109/visual.1994.346315""]"
A5015538446,1,4.0,0,H. Fuchs,"[""10.1109/visual.2000.885712""]"
A5015603155,1,68.0,0,Vinay Siddavanahalli,"[""10.1109/visual.2004.103""]"
A5015615908,5,220.0,0,Kasper Hornbæk,"[""10.1109/tvcg.2013.166"", ""10.1109/tvcg.2013.170"", ""10.1109/tvcg.2015.2467951"", ""10.1109/tvcg.2016.2598498"", ""10.1109/tvcg.2020.3028894""]"
A5015620637,1,43.0,0,E. Delahaye,"[""10.1109/tvcg.2016.2599214""]"
A5015622039,2,53.0,0,Christoph Lürig,"[""10.1109/visual.1997.663907"", ""10.1109/visual.1998.745321""]"
A5015625058,1,16.0,0,Guodao Sun,"[""10.1109/tvcg.2022.3209385""]"
A5015653458,1,46.0,0,Rupayan Neogy,"[""10.1109/tvcg.2020.3030367""]"
A5015678021,2,162.0,1,Günter Blöschl,"[""10.1109/tvcg.2010.223"", ""10.1109/tvcg.2011.225""]"
A5015703834,2,68.0,0,Zi’ang Ding,"[""10.1109/tvcg.2009.112"", ""10.1109/tvcg.2009.203""]"
A5015726919,1,31.0,0,Michael H. F. Wilkinson,"[""10.1109/vast.2010.5652450""]"
A5015727314,1,11.0,0,H. P. Kriegel,"[""10.1109/visual.1993.398864""]"
A5015732156,1,1.0,0,Timothy W. Simpson,"[""10.1109/visual.1997.663926""]"
A5015732185,2,72.0,0,Michael Steptoe,"[""10.1109/tvcg.2015.2467991"", ""10.1109/tvcg.2018.2864844""]"
A5015755413,1,295.0,0,Minje Choi,"[""10.1109/tvcg.2018.2865027""]"
A5015771328,1,158.0,0,Philipp Zimmermann,"[""10.1109/tvcg.2017.2745181""]"
A5015798012,1,53.0,0,Nadia Magnenat‐thalmann,"[""10.1109/visual.1999.809885""]"
A5015821420,1,0.0,0,Matěj Lang,"[""10.1109/tvcg.2024.3456306""]"
A5015832535,2,100.0,0,Mikkel R. Jakobsen,"[""10.1109/tvcg.2013.166"", ""10.1109/tvcg.2013.170""]"
A5015858944,1,52.0,0,Sebastian Ley,"[""10.1109/visual.2003.1250370""]"
A5015864290,1,28.0,0,P. Schroder,"[""10.1109/visual.1991.175777""]"
A5015877702,1,12.0,0,Ethan R. Deyle,"[""10.1109/tvcg.2020.3028956""]"
A5015899741,1,4.0,0,Yuhan Guo,"[""10.1109/tvcg.2023.3326944""]"
A5015919547,1,15.0,0,John Rhoades,"[""10.1109/visual.1991.175778""]"
A5015951381,2,111.0,0,Hank Childs,"[""10.1109/tvcg.2013.138"", ""10.1109/visual.2005.1532795""]"
A5015989769,1,9.0,0,Valentin Zobel,"[""10.1109/scivis.2015.7429491""]"
A5016031646,1,78.0,0,Bobo Nick,"[""10.1109/tvcg.2011.169""]"
A5016032832,1,28.0,0,Jinson Zhang,"[""10.1109/tvcg.2019.2934535""]"
A5016043799,1,28.0,0,Tingkai Sha,"[""10.1109/tvcg.2019.2934799""]"
A5016047550,1,8.0,0,Ronald M. Summers,"[""10.1109/visual.2005.1532806""]"
A5016056652,1,22.0,0,I. Fujishiro,"[""10.1109/visual.1995.480807""]"
A5016072766,2,101.0,0,Brian Salomon,"[""10.1109/visual.2003.1250368"", ""10.1109/visual.2004.86""]"
A5016076717,18,489.0,0,Alex Pang,"[""10.1109/infvis.1998.729555"", ""10.1109/infvis.1998.729566"", ""10.1109/visual.1993.398880"", ""10.1109/visual.1994.346305"", ""10.1109/visual.1996.568116"", ""10.1109/visual.1996.568139"", ""10.1109/visual.1998.745316"", ""10.1109/visual.1998.745332"", ""10.1109/visual.1999.809906"", ""10.1109/visual.1999.809916"", ""10.1109/visual.2000.885690"", ""10.1109/visual.2001.964550"", ""10.1109/visual.2002.1183798"", ""10.1109/visual.2003.1250379"", ""10.1109/visual.2004.105"", ""10.1109/visual.2005.1532770"", ""10.1109/visual.2005.1532774"", ""10.1109/visual.2005.1532841""]"
A5016079677,1,6.0,0,Raanan Fattal,"[""10.1109/visual.2001.964539""]"
A5016104736,2,33.0,0,Peter F. Stadler,"[""10.1109/tvcg.2006.196"", ""10.1109/tvcg.2010.217""]"
A5016122563,2,67.0,0,Mathieu Le Muzic,"[""10.1109/tvcg.2014.2346352"", ""10.1109/tvcg.2015.2467434""]"
A5016139323,3,46.0,0,David Saffo,"[""10.1109/tvcg.2020.3030366"", ""10.1109/tvcg.2022.3209412"", ""10.1109/tvcg.2023.3327368""]"
A5016157345,1,21.0,0,Zeki Melek,"[""10.1109/tvcg.2006.197""]"
A5016175339,2,211.0,1,Hadley Wickham,"[""10.1109/tvcg.2010.161"", ""10.1109/tvcg.2011.227""]"
A5016181027,1,24.0,0,N. Green,"[""10.1109/infvis.1998.729564""]"
A5016192055,2,12.0,0,Chuan‐kai Yang,"[""10.1109/visual.1997.663900"", ""10.1109/visual.2000.885682""]"
A5016219620,25,1356.0,1,Tobias Schreck,"[""10.1109/infvis.2005.1532148"", ""10.1109/tvcg.2013.178"", ""10.1109/tvcg.2015.2467553"", ""10.1109/tvcg.2015.2467759"", ""10.1109/tvcg.2016.2598467"", ""10.1109/tvcg.2017.2744805"", ""10.1109/tvcg.2017.2745181"", ""10.1109/tvcg.2019.2934300"", ""10.1109/tvcg.2020.3030398"", ""10.1109/tvcg.2021.3114797"", ""10.1109/tvcg.2022.3209347"", ""10.1109/tvcg.2023.3326569"", ""10.1109/tvcg.2023.3327162"", ""10.1109/tvcg.2024.3456308"", ""10.1109/vast.2006.261438"", ""10.1109/vast.2008.4677350"", ""10.1109/vast.2009.5333893"", ""10.1109/vast.2011.6102439"", ""10.1109/vast.2012.6400488"", ""10.1109/vast.2012.6400554"", ""10.1109/vast.2014.7042477"", ""10.1109/vast.2014.7042480"", ""10.1109/vast.2017.8585613"", ""10.1109/vast50239.2020.00006"", ""10.1109/vast50239.2020.00015""]"
A5016227452,1,74.0,0,Michael Ogawa,"[""10.1109/tvcg.2009.123""]"
A5016232764,1,45.0,0,B. Becker,"[""10.1109/visual.1993.398846""]"
A5016294821,1,6.0,0,Wieland Reich,"[""10.1109/tvcg.2012.198""]"
A5016295654,5,598.0,1,Michael Burch,"[""10.1109/tvcg.2011.193"", ""10.1109/tvcg.2011.226"", ""10.1109/tvcg.2012.276"", ""10.1109/tvcg.2015.2468091"", ""10.1109/tvcg.2016.2598898""]"
A5016317828,1,11.0,0,G. Cybenko,"[""10.1109/visual.1991.175810""]"
A5016365293,3,122.0,0,Benjamin Watson,"[""10.1109/tvcg.2010.159"", ""10.1109/tvcg.2011.187"", ""10.1109/tvcg.2014.2346998""]"
A5016367054,2,110.0,0,C. Ledergerber,"[""10.1109/tvcg.2008.154"", ""10.1109/tvcg.2008.186""]"
A5016367490,1,1.0,0,Phillip A. Morin,"[""10.1109/visual.1999.809931""]"
A5016378470,2,5.0,0,Baba C. Vemuri,"[""10.1109/visual.1996.567598"", ""10.1109/visual.1997.663905""]"
A5016394531,1,116.0,0,Angela Boltman,"[""10.1109/infvis.1999.801854""]"
A5016449842,1,50.0,0,Andrew Poon,"[""10.1109/visual.1993.398857""]"
A5016455363,1,15.0,0,Galileo Namata,"[""10.1109/vast.2011.6102442""]"
A5016460032,1,18.0,0,Yeting Xu,"[""10.1109/vast50239.2020.00014""]"
A5016462932,1,628.0,1,M. Pottier,"[""10.1109/infvis.1995.528686""]"
A5016480053,6,241.0,0,Issei Fujishiro,"[""10.1109/infvis.2000.885093"", ""10.1109/tvcg.2009.119"", ""10.1109/visual.1997.663889"", ""10.1109/visual.1999.809932"", ""10.1109/visual.2002.1183811"", ""10.1109/visual.2005.1532834""]"
A5016509863,1,34.0,0,G.e. Rosario,"[""10.1109/infvis.2003.1249016""]"
A5016520165,1,30.0,0,Maximilian T. Fischer,"[""10.1109/tvcg.2020.3030408""]"
A5016528107,1,60.0,0,Daniel M. Russell,"[""10.1109/vast.2007.4389008""]"
A5016547705,1,1.0,0,Leo Joskowicz,"[""10.1109/visual.1998.745349""]"
A5016549965,1,7.0,0,Mel Krokos,"[""10.1109/visual.2001.964537""]"
A5016567178,2,141.0,0,Alfred Kobsa,"[""10.1109/infvis.2001.963289"", ""10.1109/infvis.2004.70""]"
A5016568940,1,0.0,0,F.d. Fracchia,"[""10.1109/visual.1995.485147""]"
A5016584097,2,18.0,0,P. Rheingans,"[""10.1109/visual.1995.485169"", ""10.1109/visual.2000.885740""]"
A5016598778,1,1.0,0,L.w. Anacker,"[""10.1109/visual.1991.175831""]"
A5016650559,1,195.0,1,Ed Huai Hsin,"[""10.1109/infvis.1998.729560""]"
A5016665254,2,20.0,0,Maximilian Baust,"[""10.1109/scivis.2015.7429489"", ""10.1109/tvcg.2014.2346317""]"
A5016672931,1,32.0,0,Gregory J. Wiet,"[""10.1109/visual.2001.964561""]"
A5016674253,4,56.0,1,Laurent Lessard,"[""10.1109/tvcg.2019.2934536"", ""10.1109/tvcg.2020.3030434"", ""10.1109/tvcg.2021.3114780"", ""10.1109/tvcg.2022.3209443""]"
A5016698200,1,4.0,0,Frank A. Drews,"[""10.1109/visual.2003.1250352""]"
A5016701444,2,43.0,0,John Biddiscombe,"[""10.1109/tvcg.2007.70600"", ""10.1109/tvcg.2009.173""]"
A5016709443,1,7.0,0,J. Shade,"[""10.1109/visual.1993.398856""]"
A5016743303,1,4.0,0,Gianne Derks,"[""10.1109/visual.1995.485148""]"
A5016774281,1,29.0,0,Pier Francesco Cortese,"[""10.1109/tvcg.2006.185""]"
A5016819583,1,26.0,0,Haijun Xia,"[""10.1109/tvcg.2022.3209497""]"
A5016840348,1,5.0,0,Bhavana Doppalapudi,"[""10.1109/tvcg.2024.3456359""]"
A5016877550,1,18.0,0,Youcheng Gong,"[""10.1109/tvcg.2022.3209483""]"
A5016894020,1,26.0,0,Christopher Decoro,"[""10.1109/visual.2002.1183796""]"
A5016908856,2,14.0,0,Shih Hsuan Hung,"[""10.1109/tvcg.2019.2934314"", ""10.1109/tvcg.2023.3326933""]"
A5016920518,1,82.0,0,Anna Gogolou,"[""10.1109/tvcg.2018.2865077""]"
A5016923244,1,1.0,1,Brianne E. Sherman,"[""10.1109/tvcg.2021.3114780""]"
A5016930939,1,295.0,0,Youngbin Kim,"[""10.1109/tvcg.2018.2865027""]"
A5016943819,1,3.0,0,Yong Zhou,"[""10.1109/visual.1997.663915""]"
A5016945493,1,18.0,0,Megan L. Burger,"[""10.1109/tvcg.2022.3209378""]"
A5016988098,1,63.0,0,Joshua Levenberg,"[""10.1109/visual.2002.1183783""]"
A5017012925,1,6.0,0,O.m. Smedstad,"[""10.1109/visual.1996.568149""]"
A5017016970,1,21.0,0,David Scarlatti,"[""10.1109/tvcg.2018.2864811""]"
A5017027670,1,4.0,0,R.b. Jerard,"[""10.1109/visual.1992.235200""]"
A5017036530,2,36.0,0,S. T. Bryson,"[""10.1109/visual.1996.568115"", ""10.1109/visual.1996.568117""]"
A5017066674,1,26.0,1,David Bauer,"[""10.1109/tvcg.2022.3209498""]"
A5017066840,1,10.0,0,Anna Puig,"[""10.1109/visual.1997.663917""]"
A5017126919,1,9.0,0,Nadine Dräger,"[""10.1109/tvcg.2017.2744686""]"
A5017132521,1,42.0,0,R. B. Truscott,"[""10.1109/visual.1999.809930""]"
A5017149822,1,26.0,0,Joel Dearden,"[""10.1109/tvcg.2014.2346428""]"
A5017152441,2,30.0,0,Markus Meißner,"[""10.1109/visual.1999.809889"", ""10.1109/visual.2001.964544""]"
A5017167333,2,46.0,0,Max Hermann,"[""10.1109/tvcg.2015.2467031"", ""10.1109/tvcg.2015.2467198""]"
A5017170930,1,52.0,0,Andrej Cedilnik,"[""10.1109/visual.2000.885679""]"
A5017173519,1,10.0,0,Stefan P. Feyer,"[""10.1109/tvcg.2023.3327402""]"
A5017174269,1,5.0,0,Steven Kubica,"[""10.1109/infvis.2003.1249021""]"
A5017178896,1,11.0,0,Eihachiro Nakamae,"[""10.1109/visual.1998.745281""]"
A5017206270,1,8.0,0,D. Schissel,"[""10.1109/visual.2000.885742""]"
A5017215443,1,5.0,0,R.k. Batra,"[""10.1109/visual.2004.106""]"
A5017215452,1,32.0,0,Shade T. Shutters,"[""10.1109/tvcg.2018.2864844""]"
A5017294111,1,12.0,0,Sam Adé Jacobs,"[""10.1109/tvcg.2019.2934594""]"
A5017310929,1,84.0,0,Kay Hamacherk,"[""10.1109/vast.2011.6102439""]"
A5017345680,1,15.0,0,N.l. Max,"[""10.1109/visual.1995.485146""]"
A5017357094,1,16.0,0,John V. Carlis,"[""10.1109/tvcg.2014.2346451""]"
A5017415898,4,241.0,0,Marcel Hlawatsch,"[""10.1109/tvcg.2011.203"", ""10.1109/tvcg.2015.2468091"", ""10.1109/tvcg.2016.2598695"", ""10.1109/tvcg.2016.2598898""]"
A5017435387,1,53.0,0,Z. Wang,"[""10.1109/tvcg.2016.2598694""]"
A5017439447,1,27.0,0,Joseph A. Cottam,"[""10.1109/vast.2012.6400552""]"
A5017444173,2,153.0,0,Laura E. Matzen,"[""10.1109/tvcg.2017.2743939"", ""10.1109/tvcg.2018.2865146""]"
A5017451873,1,3.0,0,Patricia A. Ganea,"[""10.1109/tvcg.2020.3030464""]"
A5017456911,1,635.0,0,Phillip Isola,"[""10.1109/tvcg.2013.234""]"
A5017460095,1,15.0,0,Tonya L. Smith‐jackson,"[""10.1109/tvcg.2008.126""]"
A5017463743,1,40.0,0,Alexander P. Auchus,"[""10.1109/tvcg.2012.216""]"
A5017495525,2,107.0,0,Tim Hewson,"[""10.1109/tvcg.2017.2743989"", ""10.1109/tvcg.2018.2864806""]"
A5017504840,1,58.0,0,Shankar Krishnan,"[""10.1109/visual.2003.1250360""]"
A5017511409,1,35.0,0,Derek Stephens,"[""10.1109/tvcg.2013.132""]"
A5017533592,1,6.0,0,M. Hannemann,"[""10.1109/visual.1995.485151""]"
A5017539699,1,61.0,1,İnanç Birol,"[""10.1109/tvcg.2009.116""]"
A5017540283,1,4.0,0,H. Pfister,"[""10.1109/visual.2005.1532827""]"
A5017550751,1,1.0,0,N.d. Gershon,"[""10.1109/visual.1991.175799""]"
A5017564609,2,46.0,0,Gregory D. Abowd,"[""10.1109/tvcg.2008.185"", ""10.1109/vast.2009.5332596""]"
A5017588199,1,104.0,0,D. Haug,"[""10.1109/infvis.1998.729563""]"
A5017590724,1,36.0,0,Marc Treib,"[""10.1109/tvcg.2012.274""]"
A5017619650,1,4.0,0,Jeff M. Phillips,"[""10.1109/tvcg.2024.3456383""]"
A5017629509,2,185.0,0,Fan Yin Tzeng,"[""10.1109/visual.2003.1250413"", ""10.1109/visual.2005.1532820""]"
A5017634387,1,15.0,0,Julie Heiser,"[""10.1109/vast.2006.261418""]"
A5017670865,3,140.0,0,Harald Reiterer,"[""10.1109/tvcg.2006.187"", ""10.1109/tvcg.2019.2934804"", ""10.1109/vast.2018.8802486""]"
A5017673553,1,32.0,0,Lawrence T. Glickman,"[""10.1109/vast.2007.4388993""]"
A5017694658,1,37.0,0,Tariq Yousef,"[""10.1109/tvcg.2020.3028975""]"
A5017707755,1,10.0,0,Jungbluth Sean,"[""10.1109/infvis.1999.801864""]"
A5017735217,1,58.0,0,Leon Sering,"[""10.1109/tvcg.2011.191""]"
A5017744726,1,173.0,0,Ivo Große,"[""10.1109/visual.1997.663916""]"
A5017797808,1,14.0,0,Amen Zwa,"[""10.1109/visual.1996.568109""]"
A5017798547,1,6.0,0,H. Van Den Bosch,"[""10.1109/visual.2005.1532847""]"
A5017813001,1,2.0,0,Jane Troutner,"[""10.1109/visual.1998.745293""]"
A5017833996,1,120.0,0,Seth G. Walker,"[""10.1109/tvcg.2016.2598797""]"
A5017854609,7,316.0,1,Aditi Majumder,"[""10.1109/tvcg.2006.121"", ""10.1109/tvcg.2007.70586"", ""10.1109/tvcg.2009.124"", ""10.1109/tvcg.2009.166"", ""10.1109/tvcg.2010.128"", ""10.1109/tvcg.2010.189"", ""10.1109/visual.2000.885684""]"
A5017860345,1,52.0,0,Carmen Corujo Vélez,"[""10.1109/visual.2005.1532836""]"
A5017887628,1,18.0,0,Shash Sinha,"[""10.1109/tvcg.2020.3030366""]"
A5017894606,2,27.0,0,Roman Garnett,"[""10.1109/tvcg.2020.3030430"", ""10.1109/tvcg.2022.3209476""]"
A5017917433,1,103.0,0,Mark Newman,"[""10.1109/tvcg.2006.202""]"
A5017943466,1,6.0,0,Yuan Fang Li,"[""10.1109/tvcg.2019.2934557""]"
A5017965188,1,29.0,0,N. Mehta,"[""10.1109/infvis.2004.71""]"
A5017980758,1,0.0,0,P. Mora De Freitas,"[""10.1109/visual.1993.398897""]"
A5017999955,1,11.0,1,Uğur Güdükbay,"[""10.1109/tvcg.2022.3209418""]"
A5018034703,1,3.0,0,Gudrun Klinker,"[""10.1109/visual.1993.398858""]"
A5018040823,1,63.0,0,Tian Feng,"[""10.1109/tvcg.2007.70538""]"
A5018044277,1,17.0,0,W.a. Barrett,"[""10.1109/visual.1994.346318""]"
A5018052736,1,12.0,0,Varun Jain,"[""10.1109/vast.2011.6102462""]"
A5018077023,1,9.0,0,Jinhan Choi,"[""10.1109/tvcg.2023.3327388""]"
A5018084938,1,9.0,0,Darren Edge,"[""10.1109/tvcg.2017.2745180""]"
A5018089019,2,92.0,0,Jim Smiley,"[""10.1109/tvcg.2020.3030334"", ""10.1109/tvcg.2022.3209433""]"
A5018100309,5,361.0,0,Chaomei Chen,"[""10.1109/infvis.2003.1249010"", ""10.1109/infvis.2005.1532147"", ""10.1109/tvcg.2009.202"", ""10.1109/vast.2006.261431"", ""10.1109/visual.1999.809927""]"
A5018103324,1,37.0,0,Philipp Koytek,"[""10.1109/tvcg.2017.2743859""]"
A5018104127,2,70.0,0,Zhaoqiang Lai,"[""10.1109/tvcg.2008.134"", ""10.1109/tvcg.2009.159""]"
A5018111215,12,1026.0,0,Pat Hanrahan,"[""10.1109/infvis.1999.801852"", ""10.1109/infvis.2005.1532150"", ""10.1109/tvcg.2007.70594"", ""10.1109/tvcg.2007.70617"", ""10.1109/tvcg.2008.178"", ""10.1109/tvcg.2010.130"", ""10.1109/tvcg.2011.167"", ""10.1109/tvcg.2012.196"", ""10.1109/vast.2006.261436"", ""10.1109/vast.2008.4677357"", ""10.1109/visual.1999.809890"", ""10.1109/visual.2003.1250392""]"
A5018130478,1,72.0,0,Matthew Hecht,"[""10.1109/tvcg.2011.162""]"
A5018138503,1,21.0,0,John Baker,"[""10.1109/infvis.1999.801867""]"
A5018178386,7,439.0,1,C. Correa,"[""10.1109/tvcg.2008.162"", ""10.1109/tvcg.2009.136"", ""10.1109/tvcg.2009.189"", ""10.1109/tvcg.2010.215"", ""10.1109/tvcg.2011.244"", ""10.1109/tvcg.2011.245"", ""10.1109/visual.2005.1532817""]"
A5018186930,1,69.0,0,Tino Gruse,"[""10.1109/vast.2010.5652530""]"
A5018230219,1,27.0,0,Yuzhe Luo,"[""10.1109/tvcg.2021.3114877""]"
A5018266351,1,27.0,0,Sana Malik,"[""10.1109/tvcg.2018.2864886""]"
A5018275477,1,42.0,0,Chiew‐lan Tai,"[""10.1109/tvcg.2008.132""]"
A5018287424,1,35.0,0,Samuel Voß,"[""10.1109/tvcg.2016.2598795""]"
A5018302316,1,13.0,0,Armin Pobitzer,"[""10.1109/tvcg.2012.243""]"
A5018302615,1,35.0,0,Rafael Wiemker,"[""10.1109/visual.2001.964515""]"
A5018319080,3,265.0,1,Martin Roth,"[""10.1109/visual.1996.568137"", ""10.1109/visual.1998.745296"", ""10.1109/visual.1999.809896""]"
A5018322383,8,220.0,1,Tan Tang,"[""10.1109/tvcg.2018.2864899"", ""10.1109/tvcg.2020.3030467"", ""10.1109/tvcg.2021.3114800"", ""10.1109/tvcg.2021.3114877"", ""10.1109/tvcg.2021.3114878"", ""10.1109/tvcg.2022.3209447"", ""10.1109/tvcg.2023.3327162"", ""10.1109/tvcg.2024.3456181""]"
A5018362418,1,6.0,0,S. Aukstakalnis,"[""10.1109/visual.1996.568149""]"
A5018392096,1,6.0,0,Matteo Magnani,"[""10.1109/tvcg.2024.3456167""]"
A5018395535,1,29.0,0,Philippe Rocca‐serra,"[""10.1109/tvcg.2013.225""]"
A5018427397,1,16.0,0,Julian Hartig,"[""10.1109/visual.1992.235229""]"
A5018427801,1,1.0,0,B. Estus,"[""10.1109/visual.1992.235181""]"
A5018442175,1,15.0,0,Wenbo Tao,"[""10.1109/tvcg.2020.3030372""]"
A5018503965,4,246.0,0,Martin Kraus,"[""10.1109/visual.2000.885683"", ""10.1109/visual.2001.964514"", ""10.1109/visual.2003.1250390"", ""10.1109/visual.2004.85""]"
A5018510875,1,0.0,0,Luuk Willem Hesselink,"[""10.1109/visual.1993.398871""]"
A5018515695,1,6.0,0,R.a. Miller,"[""10.1109/visual.1995.485152""]"
A5018563316,2,58.0,0,E. Yanli,"[""10.1109/tvcg.2013.219"", ""10.1109/tvcg.2014.2346898""]"
A5018563685,1,11.0,0,Johnny Campos,"[""10.1109/tvcg.2022.3209443""]"
A5018565806,1,126.0,0,Wilmot Li,"[""10.1109/tvcg.2016.2598620""]"
A5018582673,1,96.0,0,Xiting Wang,"[""10.1109/tvcg.2017.2744378""]"
A5018584803,35,1786.0,2,David S. Ebert,"[""10.1109/infvis.1998.729568"", ""10.1109/tvcg.2006.117"", ""10.1109/tvcg.2006.150"", ""10.1109/tvcg.2009.185"", ""10.1109/tvcg.2009.203"", ""10.1109/tvcg.2012.264"", ""10.1109/tvcg.2014.2346911"", ""10.1109/tvcg.2014.2346926"", ""10.1109/tvcg.2018.2864499"", ""10.1109/tvcg.2019.2934264"", ""10.1109/tvcg.2019.2934266"", ""10.1109/tvcg.2019.2934603"", ""10.1109/tvcg.2019.2934614"", ""10.1109/vast.2006.261434"", ""10.1109/vast.2007.4388993"", ""10.1109/vast.2007.4388994"", ""10.1109/vast.2008.4677354"", ""10.1109/vast.2008.4677363"", ""10.1109/vast.2009.5333920"", ""10.1109/vast.2011.6102457"", ""10.1109/vast.2011.6102460"", ""10.1109/vast.2012.6400491"", ""10.1109/vast.2012.6400557"", ""10.1109/vast.2014.7042484"", ""10.1109/vast50239.2020.00012"", ""10.1109/visual.1994.346314"", ""10.1109/visual.1996.568109"", ""10.1109/visual.1999.809882"", ""10.1109/visual.2000.885694"", ""10.1109/visual.2002.1183764"", ""10.1109/visual.2002.1183777"", ""10.1109/visual.2003.1250383"", ""10.1109/visual.2004.85"", ""10.1109/visual.2005.1532811"", ""10.1109/visual.2005.1532858""]"
A5018629002,1,65.0,0,Judy Diamond,"[""10.1109/tvcg.2012.272""]"
A5018647103,3,16.0,0,M. Sheelagh T. Carpendale,"[""10.1109/visual.1996.568148"", ""10.1109/visual.1998.745339"", ""10.1109/visual.2002.1183781""]"
A5018659197,1,7.0,0,J.c. Anderson,"[""10.1109/visual.2005.1532825""]"
A5018669508,1,47.0,0,T. Carpendale,"[""10.1109/infvis.1996.559215""]"
A5018685036,2,27.0,0,Simon Warchol,"[""10.1109/tvcg.2022.3209378"", ""10.1109/tvcg.2023.3327388""]"
A5018714925,1,10.0,0,Craig Jones,"[""10.1109/tvcg.2010.218""]"
A5018729965,1,14.0,0,Honglei Yin,"[""10.1109/tvcg.2022.3209430""]"
A5018764541,3,11.0,1,Pavol Ulbrich,"[""10.1109/tvcg.2020.3030438"", ""10.1109/tvcg.2022.3209411"", ""10.1109/tvcg.2024.3456401""]"
A5018780651,1,1.0,0,Nicolas Roussel,"[""10.1109/tvcg.2019.2934288""]"
A5018820623,12,735.0,3,Jian Zhao,"[""10.1109/tvcg.2011.195"", ""10.1109/tvcg.2013.167"", ""10.1109/tvcg.2014.2346922"", ""10.1109/tvcg.2016.2598444"", ""10.1109/tvcg.2016.2598543"", ""10.1109/tvcg.2017.2745279"", ""10.1109/tvcg.2018.2864887"", ""10.1109/tvcg.2019.2934797"", ""10.1109/tvcg.2021.3114801"", ""10.1109/tvcg.2021.3114807"", ""10.1109/vast.2014.7042496"", ""10.1109/vast50239.2020.00010""]"
A5018871532,1,26.0,0,Ronald Metoyer,"[""10.1109/tvcg.2010.216""]"
A5018876607,2,75.0,0,Enrico Puppo,"[""10.1109/visual.1997.663865"", ""10.1109/visual.1998.745283""]"
A5018896453,1,13.0,0,Volkmar Falk,"[""10.1109/tvcg.2014.2346459""]"
A5018902600,1,10.0,0,Colin Runciman,"[""10.1109/tvcg.2006.145""]"
A5018914884,1,61.0,0,R. Arthur Bouwman,"[""10.1109/tvcg.2018.2865043""]"
A5018921434,3,37.0,0,Peter A. Rona,"[""10.1109/visual.1998.745347"", ""10.1109/visual.2000.885737"", ""10.1109/visual.2004.34""]"
A5018924195,2,54.0,0,Leila De Floriani,"[""10.1109/tvcg.2009.186"", ""10.1109/visual.1998.745283""]"
A5018942744,1,26.0,0,Yasaman Ahmadi,"[""10.1109/tvcg.2017.2743981""]"
A5018952559,1,26.0,0,Anton Fuhrmann,"[""10.1109/visual.1997.663921""]"
A5018955742,1,47.0,0,Roman Rädle,"[""10.1109/tvcg.2018.2865144""]"
A5019003563,6,247.0,1,Boudewijn P. F. Lelieveldt,"[""10.1109/tvcg.2010.134"", ""10.1109/tvcg.2017.2744318"", ""10.1109/tvcg.2017.2744358"", ""10.1109/tvcg.2019.2934307"", ""10.1109/tvcg.2020.3030336"", ""10.1109/tvcg.2023.3326582""]"
A5019023365,6,131.0,1,Nelson Max,"[""10.1109/visual.1992.235203"", ""10.1109/visual.1992.235210"", ""10.1109/visual.1994.346312"", ""10.1109/visual.1998.745340"", ""10.1109/visual.2003.1250423"", ""10.1109/visual.2005.1532815""]"
A5019027088,1,15.0,0,Weiwen Jiang,"[""10.1109/tvcg.2022.3209455""]"
A5019033794,2,69.0,0,Gilles Bailly,"[""10.1109/tvcg.2015.2467035"", ""10.1109/tvcg.2018.2865233""]"
A5019052700,1,1.0,0,Cristina Dondi,"[""10.1109/tvcg.2023.3326923""]"
A5019075225,2,73.0,0,Maurice Termeer,"[""10.1109/tvcg.2007.70550"", ""10.1109/tvcg.2008.180""]"
A5019091316,1,306.0,1,Greg L. Nelson,"[""10.1109/tvcg.2018.2865240""]"
A5019100343,1,99.0,1,Malte Zöckler,"[""10.1109/visual.1996.567777""]"
A5019106665,1,168.0,0,Simone Melchionna,"[""10.1109/tvcg.2011.192""]"
A5019125046,1,0.0,0,Lorenz Hurni,"[""10.1109/tvcg.2020.3030456""]"
A5019130668,1,9.0,0,Marios Nicolaou,"[""10.1109/visual.2005.1532837""]"
A5019143852,1,0.0,0,Mohamed Kissi,"[""10.1109/tvcg.2024.3456345""]"
A5019161245,1,10.0,0,Alessio Arleo,"[""10.1109/tvcg.2023.3327152""]"
A5019208291,1,126.0,0,Francis Nguyen,"[""10.1109/tvcg.2018.2864909""]"
A5019226410,1,3.0,0,Lijie Yao,"[""10.1109/tvcg.2024.3456319""]"
A5019264369,1,16.0,0,Yunwon Tae,"[""10.1109/tvcg.2022.3209462""]"
A5019266989,1,14.0,1,Philip D. Heermann,"[""10.1109/visual.1998.745343""]"
A5019293298,2,27.0,0,Rodolfo Ostilla–mónico,"[""10.1109/tvcg.2018.2864817"", ""10.1109/tvcg.2020.3028892""]"
A5019308509,1,10.0,0,Juntong Luo,"[""10.1109/tvcg.2022.3209388""]"
A5019308726,8,293.0,1,Thomas Höllt,"[""10.1109/tvcg.2008.147"", ""10.1109/tvcg.2012.259"", ""10.1109/tvcg.2017.2744318"", ""10.1109/tvcg.2017.2744358"", ""10.1109/tvcg.2019.2934307"", ""10.1109/tvcg.2020.3030336"", ""10.1109/tvcg.2020.3030409"", ""10.1109/tvcg.2023.3326582""]"
A5019333583,1,18.0,0,Dan Zhang,"[""10.1109/tvcg.2020.3030369""]"
A5019355403,1,44.0,0,Melanie Görner,"[""10.1109/vast.2009.5333893""]"
A5019358629,1,21.0,0,David A. Talmage,"[""10.1109/tvcg.2018.2864852""]"
A5019380016,1,0.0,0,B. Fry,"[""10.1109/visual.1997.663872""]"
A5019393500,1,27.0,0,Matthias Buchetics,"[""10.1109/vast.2012.6400556""]"
A5019416645,1,41.0,0,Naveed Massjouni,"[""10.1109/vast.2010.5652932""]"
A5019420039,1,107.0,0,Qianliang Wu,"[""10.1109/tvcg.2014.2346746""]"
A5019432893,1,105.0,0,Miaoxin Hu,"[""10.1109/tvcg.2018.2864503""]"
A5019437484,1,5.0,0,T.e. Clifton,"[""10.1109/visual.1992.235220""]"
A5019441497,1,6.0,0,Adam Jurčík,"[""10.1109/tvcg.2019.2934333""]"
A5019444857,5,623.0,1,Hong Zhou,"[""10.1109/tvcg.2008.135"", ""10.1109/tvcg.2009.179"", ""10.1109/tvcg.2010.183"", ""10.1109/tvcg.2014.2346912"", ""10.1109/tvcg.2024.3456321""]"
A5019449054,1,1.0,0,Yuk Y. Sham,"[""10.1109/visual.2001.964547""]"
A5019455791,1,4.0,0,D.a. Keim,"[""10.1109/visual.1992.235208""]"
A5019457723,1,3.0,0,Stanislav Goja,"[""10.1109/tvcg.2022.3209478""]"
A5019479187,2,331.0,1,Wei Peng,"[""10.1109/infvis.2003.1249015"", ""10.1109/infvis.2004.15""]"
A5019516751,1,28.0,0,Abishek Puri,"[""10.1109/tvcg.2019.2934660""]"
A5019518434,1,0.0,0,Julie Delon,"[""10.1109/tvcg.2021.3114839""]"
A5019521984,1,35.0,0,Tova Avidan,"[""10.1109/infvis.1999.801865""]"
A5019527013,1,7.0,0,D.s. Ebert,"[""10.1109/visual.2005.1532854""]"
A5019527252,2,66.0,0,Heather Richter Lipford,"[""10.1109/vast.2008.4677360"", ""10.1109/vast.2010.5653598""]"
A5019545820,1,4.0,0,Weiran Lyu,"[""10.1109/tvcg.2024.3456383""]"
A5019551372,1,116.0,0,David Lloyd,"[""10.1109/tvcg.2011.209""]"
A5019552387,1,5.0,0,Barry S. Lazos,"[""10.1109/visual.2001.964563""]"
A5019559208,2,62.0,0,Boonthanome Nouanesengsy,"[""10.1109/tvcg.2011.219"", ""10.1109/vast.2009.5333917""]"
A5019569880,1,83.0,0,Florence Y. Wang,"[""10.1109/tvcg.2020.3030334""]"
A5019619044,2,176.0,0,Shoubin Cheng,"[""10.1109/tvcg.2018.2865041"", ""10.1109/tvcg.2020.3030359""]"
A5019622072,15,756.0,1,Silvia Miksch,"[""10.1109/tvcg.2012.254"", ""10.1109/tvcg.2013.184"", ""10.1109/tvcg.2013.206"", ""10.1109/tvcg.2013.222"", ""10.1109/tvcg.2014.2346660"", ""10.1109/tvcg.2015.2467752"", ""10.1109/tvcg.2016.2598468"", ""10.1109/tvcg.2017.2744758"", ""10.1109/tvcg.2023.3326572"", ""10.1109/tvcg.2023.3326912"", ""10.1109/tvcg.2023.3327152"", ""10.1109/tvcg.2023.3327203"", ""10.1109/tvcg.2024.3456314"", ""10.1109/vast.2015.7347629"", ""10.1109/vast.2017.8585498""]"
A5019656364,1,59.0,0,Gemma Sanderson,"[""10.1109/tvcg.2019.2934804""]"
A5019671636,2,32.0,0,Daniel Seebacher,"[""10.1109/tvcg.2020.3030386"", ""10.1109/tvcg.2020.3030408""]"
A5019708277,1,35.0,0,J. Breslau,"[""10.1109/tvcg.2010.133""]"
A5019709676,1,51.0,0,Lynn Mcvey,"[""10.1109/tvcg.2020.3030424""]"
A5019712204,1,67.0,0,Xinyu Zhu,"[""10.1109/tvcg.2018.2864814""]"
A5019713312,1,12.0,0,H. Taylor,"[""10.1109/visual.1992.235189""]"
A5019719296,1,18.0,0,Marc Hellmuth,"[""10.1109/tvcg.2010.217""]"
A5019719607,1,107.0,0,Roel Vliegen,"[""10.1109/tvcg.2006.200""]"
A5019721303,1,5.0,0,Michalis Mamakos,"[""10.1109/tvcg.2023.3326513""]"
A5019729265,1,13.0,0,James Painter,"[""10.1109/visual.1996.568144""]"
A5019736958,1,1.0,0,Amira Chalbi,"[""10.1109/tvcg.2019.2934288""]"
A5019756314,8,939.0,2,Alan M. Maceachren,"[""10.1109/infvis.1998.729563"", ""10.1109/infvis.2000.885102"", ""10.1109/infvis.2003.1249006"", ""10.1109/tvcg.2009.130"", ""10.1109/tvcg.2012.279"", ""10.1109/vast.2006.261428"", ""10.1109/vast.2010.5652895"", ""10.1109/vast.2011.6102456""]"
A5019756329,1,6.0,0,H. Pfister,"[""10.1109/visual.1997.663900""]"
A5019781916,7,275.0,2,Fumeng Yang,"[""10.1109/tvcg.2014.2346979"", ""10.1109/tvcg.2020.3030429"", ""10.1109/tvcg.2021.3114684"", ""10.1109/tvcg.2023.3327165"", ""10.1109/tvcg.2023.3327356"", ""10.1109/tvcg.2024.3456309"", ""10.1109/tvcg.2024.3456366""]"
A5019815997,1,35.0,0,Madeleine Grunde Mclaughlin,"[""10.1109/tvcg.2020.3028984""]"
A5019821536,4,112.0,0,Changjian Chen,"[""10.1109/tvcg.2018.2864843"", ""10.1109/tvcg.2023.3326586"", ""10.1109/tvcg.2023.3326588"", ""10.1109/tvcg.2023.3326934""]"
A5019842871,1,5.0,0,J.w.c. Chin A Woeng,"[""10.1109/visual.1996.568134""]"
A5019872104,1,87.0,0,Nils Wilhelm,"[""10.1109/tvcg.2013.178""]"
A5019880413,1,13.0,0,Emily Reif,"[""10.1109/tvcg.2024.3456354""]"
A5019883765,1,29.0,0,Xiaochen Yang,"[""10.1109/visual.1995.480812""]"
A5019885462,1,5.0,0,K.j. Zuiderveld,"[""10.1109/visual.1996.568134""]"
A5019891335,1,36.0,0,Alexander S. Szalay,"[""10.1109/tvcg.2012.274""]"
A5019899330,1,6.0,0,Michael Christensen,"[""10.1109/infvis.2000.885105""]"
A5019902487,22,1394.0,2,Peer‐timo Bremer,"[""10.1109/tvcg.2006.186"", ""10.1109/tvcg.2007.70601"", ""10.1109/tvcg.2008.110"", ""10.1109/tvcg.2010.213"", ""10.1109/tvcg.2011.162"", ""10.1109/tvcg.2011.199"", ""10.1109/tvcg.2011.244"", ""10.1109/tvcg.2012.209"", ""10.1109/tvcg.2012.286"", ""10.1109/tvcg.2013.174"", ""10.1109/tvcg.2014.2346456"", ""10.1109/tvcg.2015.2467432"", ""10.1109/tvcg.2017.2744079"", ""10.1109/tvcg.2017.2745141"", ""10.1109/tvcg.2018.2864848"", ""10.1109/tvcg.2018.2864853"", ""10.1109/tvcg.2018.2865230"", ""10.1109/tvcg.2019.2934257"", ""10.1109/tvcg.2019.2934594"", ""10.1109/tvcg.2020.3030381"", ""10.1109/visual.2003.1250365"", ""10.1109/visual.2005.1532839""]"
A5019917008,1,4.0,0,Raphael Buchmüller,"[""10.1109/tvcg.2023.3326940""]"
A5019932595,1,46.0,0,Emanuele Santos,"[""10.1109/tvcg.2009.195""]"
A5019933387,3,169.0,0,Marti A. Hearst,"[""10.1109/tvcg.2018.2865040"", ""10.1109/tvcg.2022.3209383"", ""10.1109/tvcg.2024.3456324""]"
A5019945348,1,5.0,0,Ian G. Angus,"[""10.1109/infvis.1995.528687""]"
A5019950572,1,100.0,0,Joe Kohlmann,"[""10.1109/vast.2014.7042493""]"
A5019962521,1,1.0,0,Preeti Raghavan,"[""10.1109/tvcg.2019.2934280""]"
A5019963223,1,13.0,0,K. Smith,"[""10.1109/visual.1993.398880""]"
A5020005843,1,8.0,0,Suyun Lsandrar Bae,"[""10.1109/vast50239.2020.00008""]"
A5020020080,1,16.0,0,Alexandra Lee,"[""10.1109/tvcg.2020.3030446""]"
A5020020184,1,40.0,0,Chengqiao Lin,"[""10.1109/tvcg.2020.3030410""]"
A5020083340,1,121.0,0,Ping Guo,"[""10.1109/tvcg.2007.70523""]"
A5020097039,1,41.0,0,Paul Keel,"[""10.1109/vast.2006.261415""]"
A5020115484,1,63.0,0,Daniel Sheleheda,"[""10.1109/tvcg.2007.70522""]"
A5020117665,1,49.0,0,Meera Blattner,"[""10.1109/visual.1992.235203""]"
A5020130672,2,50.0,0,R. Springmeyer,"[""10.1109/visual.1992.235203"", ""10.1109/visual.1993.398873""]"
A5020153026,10,938.0,1,Duen Horng Chau,"[""10.1109/tvcg.2014.2346444"", ""10.1109/tvcg.2017.2744718"", ""10.1109/tvcg.2017.2744898"", ""10.1109/tvcg.2018.2864500"", ""10.1109/tvcg.2019.2934659"", ""10.1109/tvcg.2020.3030418"", ""10.1109/tvcg.2021.3114858"", ""10.1109/tvcg.2022.3209403"", ""10.1109/tvcg.2023.3327181"", ""10.1109/vast47406.2019.8986948""]"
A5020177990,1,25.0,0,Michaela Schmitt,"[""10.1109/tvcg.2021.3114870""]"
A5020208288,1,10.0,0,S. Smith,"[""10.1109/visual.1991.175809""]"
A5020220741,1,10.0,1,Jeroen Eggermont,"[""10.1109/tvcg.2023.3326582""]"
A5020327777,6,114.0,0,Ziyang Guo,"[""10.1109/tvcg.2021.3114832"", ""10.1109/tvcg.2022.3209452"", ""10.1109/tvcg.2023.3326513"", ""10.1109/tvcg.2023.3326516"", ""10.1109/tvcg.2024.3456402"", ""10.1109/vast50239.2020.00009""]"
A5020340631,3,392.0,1,Mary Czerwinski,"[""10.1109/tvcg.2006.142"", ""10.1109/tvcg.2011.186"", ""10.1109/vast.2010.5652880""]"
A5020361086,1,0.0,0,R. Paffenroth,"[""10.1109/visual.1994.346299""]"
A5020379846,1,628.0,1,David B. Lantrip,"[""10.1109/infvis.1995.528686""]"
A5020395140,1,3.0,0,Erik Rydow,"[""10.1109/tvcg.2022.3209464""]"
A5020400873,2,6.0,0,Douglas W. Cunningham,"[""10.1109/tvcg.2023.3326523"", ""10.1109/tvcg.2023.3326574""]"
A5020407163,2,19.0,1,Anna Offenwanger,"[""10.1109/tvcg.2023.3326520"", ""10.1109/tvcg.2024.3456336""]"
A5020415668,9,437.0,1,Mennatallah El‐assady,"[""10.1109/tvcg.2017.2745080"", ""10.1109/tvcg.2018.2864769"", ""10.1109/tvcg.2019.2934629"", ""10.1109/tvcg.2019.2934654"", ""10.1109/tvcg.2022.3209393"", ""10.1109/tvcg.2022.3209458"", ""10.1109/tvcg.2023.3327152"", ""10.1109/tvcg.2024.3456144"", ""10.1109/vast47406.2019.8986917""]"
A5020424172,1,4.0,0,J. Magewick,"[""10.1109/visual.1992.235200""]"
A5020443342,1,5.0,0,Bobbie‐jo Webb‐robertson,"[""10.1109/visual.2004.82""]"
A5020445816,1,3.0,0,W.l. Vanzandt,"[""10.1109/visual.1990.146413""]"
A5020453160,2,199.0,0,Louis Bavoil,"[""10.1109/tvcg.2006.171"", ""10.1109/visual.2005.1532788""]"
A5020533126,3,59.0,0,Kyle Wm. Hall,"[""10.1109/tvcg.2019.2934790"", ""10.1109/tvcg.2021.3114805"", ""10.1109/tvcg.2023.3327192""]"
A5020547967,3,150.0,0,John Carter Wood,"[""10.1109/visual.1996.567610"", ""10.1109/visual.1997.663890"", ""10.1109/visual.2004.112""]"
A5020597086,1,41.0,1,Christian Bischof,"[""10.1109/tvcg.2008.142""]"
A5020618568,1,3.0,1,Thomas A. Zangle,"[""10.1109/tvcg.2024.3456193""]"
A5020652905,2,150.0,0,M. Ikits,"[""10.1109/visual.2003.1250381"", ""10.1109/visual.2003.1250412""]"
A5020662442,1,3.0,0,A.j.s. Hin,"[""10.1109/visual.1995.485158""]"
A5020665735,1,110.0,0,Allan Hanbury,"[""10.1109/tvcg.2014.2346660""]"
A5020680196,1,61.0,0,Roger A. Leite,"[""10.1109/tvcg.2017.2744758""]"
A5020702008,3,317.0,0,Haekyu Park,"[""10.1109/tvcg.2019.2934659"", ""10.1109/tvcg.2020.3030418"", ""10.1109/tvcg.2021.3114858""]"
A5020707650,1,129.0,0,Patrick Reipschläger,"[""10.1109/tvcg.2020.3030460""]"
A5020708681,2,48.0,0,T.y. Jiang,"[""10.1109/visual.1998.745342"", ""10.1109/visual.1999.809924""]"
A5020713416,1,24.0,0,Phillip Wolfram,"[""10.1109/tvcg.2019.2934260""]"
A5020719193,1,115.0,0,Michael Wand,"[""10.1109/visual.2002.1183757""]"
A5020730215,2,74.0,0,Haneen Mohammed,"[""10.1109/tvcg.2017.2744278"", ""10.1109/tvcg.2018.2864847""]"
A5020745360,1,29.0,0,Hongfeng Yu,"[""10.1109/tvcg.2014.2346423""]"
A5020760347,1,49.0,0,Alexandra Diehl,"[""10.1109/tvcg.2019.2934784""]"
A5020786535,1,56.0,0,Hammad Haleem,"[""10.1109/vast.2018.8802454""]"
A5020791375,3,36.0,0,Sungahn Ko,"[""10.1109/tvcg.2014.2346911"", ""10.1109/tvcg.2022.3209462"", ""10.1109/tvcg.2024.3456340""]"
A5020796693,1,18.0,0,Olugbenga Omoteso,"[""10.1109/visual.2002.1183802""]"
A5020800648,1,18.0,0,John Hoffer,"[""10.1109/tvcg.2022.3209378""]"
A5020802697,1,5.0,0,Sudhanshu Kumar Semwal,"[""10.1109/visual.1991.175772""]"
A5020823835,1,134.0,1,Cristina C. Gomberg,"[""10.1109/infvis.1996.559210""]"
A5020853176,1,13.0,0,Susannah M. Burrows,"[""10.1109/tvcg.2019.2934540""]"
A5020860355,1,10.0,0,Matt Grayson,"[""10.1109/visual.1993.398867""]"
A5020875060,1,23.0,0,Jean Villerd,"[""10.1109/tvcg.2009.201""]"
A5020880385,2,533.0,0,Yangqiu Song,"[""10.1109/tvcg.2011.239"", ""10.1109/vast.2017.8585721""]"
A5020890610,2,171.0,1,Chén Mĭn,"[""10.1109/tvcg.2010.132"", ""10.1109/tvcg.2013.225""]"
A5020901971,1,21.0,0,Tina Weinkauf,"[""10.1109/tvcg.2014.2346311""]"
A5020913003,1,24.0,0,D. N. Huntzinger,"[""10.1109/tvcg.2014.2346755""]"
A5020927169,1,104.0,0,Yuan Gao,"[""10.1109/vast.2011.6102455""]"
A5020935970,1,4.0,0,Enrico Costanza,"[""10.1109/tvcg.2023.3326914""]"
A5020944482,1,43.0,0,Borislav Klarin,"[""10.1109/tvcg.2009.155""]"
A5020952435,11,509.0,3,Hamish Carr,"[""10.1109/tvcg.2006.168"", ""10.1109/tvcg.2008.143"", ""10.1109/tvcg.2008.160"", ""10.1109/tvcg.2010.145"", ""10.1109/tvcg.2012.287"", ""10.1109/tvcg.2015.2467433"", ""10.1109/tvcg.2016.2599017"", ""10.1109/tvcg.2016.2599040"", ""10.1109/tvcg.2024.3456322"", ""10.1109/visual.2001.964499"", ""10.1109/visual.2004.96""]"
A5020976385,2,132.0,0,Luciana Nedel,"[""10.1109/tvcg.2008.122"", ""10.1109/tvcg.2019.2934415""]"
A5020979148,1,10.0,0,Marta Farré,"[""10.1109/tvcg.2016.2598789""]"
A5020980773,2,54.0,0,Martin Skalej,"[""10.1109/tvcg.2014.2346406"", ""10.1109/visual.1999.809912""]"
A5020994170,1,15.0,0,Nicolas Soulié,"[""10.1109/tvcg.2021.3114821""]"
A5021021454,2,174.0,0,Ying Tu,"[""10.1109/tvcg.2007.70529"", ""10.1109/tvcg.2008.114""]"
A5021034497,1,110.0,0,Ken Been,"[""10.1109/tvcg.2006.136""]"
A5021098427,1,14.0,0,René Cutura,"[""10.1109/tvcg.2022.3209449""]"
A5021101177,1,1.0,0,Ishwar Kulkarni,"[""10.1109/vast.2011.6102459""]"
A5021101532,3,139.0,0,Rephael Wenger,"[""10.1109/tvcg.2010.182"", ""10.1109/visual.2000.885704"", ""10.1109/visual.2003.1250374""]"
A5021133981,1,1.0,0,G.w. Edgar,"[""10.1109/visual.1990.146412""]"
A5021139063,1,6.0,0,Michael Piatek,"[""10.1109/visual.2005.1532844""]"
A5021174692,1,4.0,0,Jonathan R. Barnett,"[""10.1109/visual.1999.809936""]"
A5021217542,1,21.0,0,Louis C. Vroomen,"[""10.1109/visual.1996.567745""]"
A5021246811,2,22.0,0,Bowen Alpern,"[""10.1109/visual.1990.146371"", ""10.1109/visual.1993.398867""]"
A5021257546,2,990.0,0,Aude Oliva,"[""10.1109/tvcg.2013.234"", ""10.1109/tvcg.2015.2467732""]"
A5021263036,2,114.0,0,Xinnan Du,"[""10.1109/tvcg.2017.2744738"", ""10.1109/tvcg.2018.2864814""]"
A5021285117,1,12.0,0,Matt Whitlock,"[""10.1109/tvcg.2019.2934282""]"
A5021291098,1,24.0,0,Andrew Solis,"[""10.1109/tvcg.2019.2934260""]"
A5021313671,1,38.0,0,Rafael Henkin,"[""10.1109/tvcg.2019.2934609""]"
A5021319515,1,6.0,0,William Wells,"[""10.1109/visual.2003.1250424""]"
A5021334006,1,0.0,0,D.i. Abramov,"[""10.1109/visual.1993.398911""]"
A5021338280,1,8.0,0,E.b. Chlan,"[""10.1109/infvis.2005.1532140""]"
A5021345249,1,16.0,0,Douglas J. Cork,"[""10.1109/visual.1993.398883""]"
A5021356363,1,48.0,0,Robert Pienta,"[""10.1109/tvcg.2017.2744898""]"
A5021357065,3,216.0,0,Lionel M. Ni,"[""10.1109/tvcg.2015.2467194"", ""10.1109/vast.2011.6102455"", ""10.1109/vast.2014.7042490""]"
A5021359903,1,5.0,1,Luca Gianaroli,"[""10.1109/tvcg.2011.168""]"
A5021363520,1,98.0,0,Hannah Pileggi,"[""10.1109/tvcg.2012.263""]"
A5021363996,4,168.0,0,Jimmy Johansson,"[""10.1109/infvis.2005.1532138"", ""10.1109/tvcg.2012.237"", ""10.1109/tvcg.2018.2865042"", ""10.1109/vast.2016.7883518""]"
A5021369571,1,7.0,0,G.d. Kerlick,"[""10.1109/visual.1993.398895""]"
A5021386346,2,152.0,0,Sara Jones,"[""10.1109/tvcg.2013.145"", ""10.1109/tvcg.2018.2865241""]"
A5021388582,1,14.0,0,Stephen M. Blackburn,"[""10.1109/vast47406.2019.8986934""]"
A5021400464,1,17.0,0,Michael Gerald Yamasaki,"[""10.1109/visual.1996.568115""]"
A5021401483,1,28.0,0,S. Wang,"[""10.1109/visual.1994.346333""]"
A5021430711,1,255.0,0,Jamie Dyer,"[""10.1109/tvcg.2010.181""]"
A5021431373,1,18.0,0,Torsten Straßer,"[""10.1109/infvis.1998.729562""]"
A5021459249,1,6.0,0,P. Hogan,"[""10.1109/visual.1996.568149""]"
A5021497224,1,8.0,0,Huichen Will Wang,"[""10.1109/tvcg.2024.3456350""]"
A5021529553,1,68.0,0,Masahiro Takatsuka,"[""10.1109/tvcg.2009.120""]"
A5021536221,1,14.0,0,Cristina Morariu,"[""10.1109/tvcg.2022.3209449""]"
A5021538869,1,13.0,0,James Scott Brown,"[""10.1109/tvcg.2022.3209487""]"
A5021576702,1,6.0,0,Frédéric Lalanne,"[""10.1109/tvcg.2023.3326596""]"
A5021577029,1,41.0,0,Joshua V. Dillon,"[""10.1109/tvcg.2007.70592""]"
A5021634649,2,418.0,0,S. Havre,"[""10.1109/infvis.2000.885098"", ""10.1109/visual.2004.82""]"
A5021654098,1,25.0,0,Judith Muehl,"[""10.1109/tvcg.2011.184""]"
A5021674827,1,2.0,1,Mieka West,"[""10.1109/tvcg.2019.2934538""]"
A5021736279,1,8.0,0,T. Ertl,"[""10.1109/visual.2005.1532845""]"
A5021746233,1,32.0,0,Yen Ting Kuan,"[""10.1109/vast.2017.8585594""]"
A5021770726,4,311.0,0,Georges Grinstein,"[""10.1109/infvis.2003.1249018"", ""10.1109/tvcg.2008.173"", ""10.1109/visual.1995.480801"", ""10.1109/visual.1997.663916""]"
A5021808369,2,9.0,0,N. Zabusky,"[""10.1109/visual.1991.175770"", ""10.1109/visual.1992.235174""]"
A5021850789,1,52.0,0,Hans‐ulrich Kauczor,"[""10.1109/visual.2003.1250370""]"
A5021857730,1,6.0,0,M. E. Maltrud,"[""10.1109/visual.1998.745346""]"
A5021864808,1,9.0,0,Kurt Dejgaard,"[""10.1109/vast.2009.5333895""]"
A5021879561,1,29.0,0,Khai N. Truong,"[""10.1109/tvcg.2019.2934797""]"
A5021924764,5,265.0,0,Yanhong Wu,"[""10.1109/tvcg.2015.2468151"", ""10.1109/tvcg.2016.2598465"", ""10.1109/tvcg.2016.2598867"", ""10.1109/tvcg.2017.2744738"", ""10.1109/vast.2018.8802415""]"
A5021951839,3,43.0,1,Leo Yu‐ho Lo,"[""10.1109/tvcg.2022.3209386"", ""10.1109/tvcg.2023.3327155"", ""10.1109/tvcg.2024.3456333""]"
A5021984687,1,11.0,0,Michael Traoré,"[""10.1109/tvcg.2018.2864690""]"
A5022006934,2,93.0,0,Guy Lebanon,"[""10.1109/tvcg.2007.70592"", ""10.1109/tvcg.2008.181""]"
A5022008321,1,5.0,0,Doanna Meads,"[""10.1109/infvis.1998.729566""]"
A5022022242,11,145.0,3,Barbora Kozlíková,"[""10.1109/tvcg.2015.2467434"", ""10.1109/tvcg.2017.2744258"", ""10.1109/tvcg.2018.2864491"", ""10.1109/tvcg.2018.2864851"", ""10.1109/tvcg.2019.2934333"", ""10.1109/tvcg.2020.3030356"", ""10.1109/tvcg.2020.3030438"", ""10.1109/tvcg.2022.3209411"", ""10.1109/tvcg.2024.3456306"", ""10.1109/tvcg.2024.3456327"", ""10.1109/tvcg.2024.3456401""]"
A5022029570,1,5.0,0,P.g. Swann,"[""10.1109/visual.1991.175772""]"
A5022034999,1,60.0,0,Jai Y. Yu,"[""10.1109/tvcg.2009.121""]"
A5022037273,1,15.0,0,Philip K. Robertson,"[""10.1109/visual.1990.146372""]"
A5022108314,2,100.0,0,C. Rocchini,"[""10.1109/visual.1998.745285"", ""10.1109/visual.2000.885680""]"
A5022153785,1,70.0,0,Mathieu Desbrun,"[""10.1109/visual.2000.885705""]"
A5022167754,2,39.0,0,Shigeru Muraki,"[""10.1109/visual.1992.235230"", ""10.1109/visual.2000.885693""]"
A5022172511,1,9.0,0,Bill Lloyd,"[""10.1109/visual.2002.1183801""]"
A5022178925,1,5.0,0,Zehua Zeng,"[""10.1109/tvcg.2023.3326527""]"
A5022262779,1,7.0,1,Suzanna Maria Bonnet,"[""10.1109/tvcg.2023.3326514""]"
A5022269237,2,28.0,0,Fernando F. Grinstein,"[""10.1109/visual.1992.235212"", ""10.1109/visual.1996.568128""]"
A5022272584,1,12.0,0,L.l. Scarlatos,"[""10.1109/visual.1992.235191""]"
A5022287420,2,67.0,0,Kasper Dinkla,"[""10.1109/tvcg.2012.208"", ""10.1109/tvcg.2016.2598587""]"
A5022294742,20,774.0,3,Ivan Viola,"[""10.1109/tvcg.2006.123"", ""10.1109/tvcg.2006.152"", ""10.1109/tvcg.2007.70517"", ""10.1109/tvcg.2011.173"", ""10.1109/tvcg.2012.188"", ""10.1109/tvcg.2014.2346352"", ""10.1109/tvcg.2015.2467434"", ""10.1109/tvcg.2016.2598870"", ""10.1109/tvcg.2017.2743981"", ""10.1109/tvcg.2017.2744258"", ""10.1109/tvcg.2017.2744518"", ""10.1109/tvcg.2018.2864491"", ""10.1109/tvcg.2019.2934334"", ""10.1109/tvcg.2019.2934612"", ""10.1109/tvcg.2020.3030415"", ""10.1109/tvcg.2020.3030436"", ""10.1109/tvcg.2023.3326595"", ""10.1109/tvcg.2024.3456404"", ""10.1109/visual.2003.1250387"", ""10.1109/visual.2004.48""]"
A5022302719,1,11.0,0,Kenneth A. Perrine,"[""10.1109/infvis.2005.1532131""]"
A5022317482,2,55.0,0,Martijn Tennekes,"[""10.1109/tvcg.2014.2346277"", ""10.1109/tvcg.2023.3327178""]"
A5022325828,1,12.0,0,Kevin M. Beason,"[""10.1109/tvcg.2009.137""]"
A5022329659,1,4.0,0,Matthias Miller,"[""10.1109/tvcg.2023.3326940""]"
A5022341974,2,72.0,1,Emil Axelsson,"[""10.1109/tvcg.2017.2743958"", ""10.1109/tvcg.2019.2934259""]"
A5022367904,1,11.0,0,Fariba Khan,"[""10.1109/tvcg.2019.2934314""]"
A5022380691,2,41.0,0,Guido Tack,"[""10.1109/tvcg.2016.2598545"", ""10.1109/tvcg.2020.3030364""]"
A5022402131,1,30.0,0,Jing Jin,"[""10.1109/vast.2010.5652890""]"
A5022409031,1,33.0,0,Dave Murray Rust,"[""10.1109/tvcg.2021.3114849""]"
A5022425320,1,7.0,0,Bernhard Eberhardt,"[""10.1109/tvcg.2022.3209437""]"
A5022434539,1,2.0,0,B. Hamann,"[""10.1109/visual.1996.568146""]"
A5022440000,1,126.0,0,Jovan Popović,"[""10.1109/tvcg.2016.2598620""]"
A5022443405,1,45.0,0,Fabio Sikansi,"[""10.1109/tvcg.2014.2346276""]"
A5022467818,2,39.0,0,Ariel Shamir,"[""10.1109/visual.2000.885724"", ""10.1109/visual.2003.1250371""]"
A5022491430,3,157.0,0,C.t. Silva,"[""10.1109/tvcg.2008.122"", ""10.1109/tvcg.2008.174"", ""10.1109/visual.2001.964502""]"
A5022513507,1,1.0,0,Théo Jaunet,"[""10.1109/tvcg.2021.3114683""]"
A5022536373,1,2.0,0,Steven Wood,"[""10.1109/tvcg.2021.3114868""]"
A5022559447,1,6.0,0,Susanta Routray,"[""10.1109/tvcg.2023.3327181""]"
A5022563775,1,1.0,0,Willem Jan Knibbe,"[""10.1109/visual.1996.568150""]"
A5022569906,1,10.0,0,J. Chen,"[""10.1109/visual.1993.398855""]"
A5022579345,1,11.0,0,Mengtian Guo,"[""10.1109/tvcg.2022.3209445""]"
A5022585634,3,179.0,1,H. Ribičić,"[""10.1109/tvcg.2010.223"", ""10.1109/tvcg.2011.225"", ""10.1109/tvcg.2012.261""]"
A5022614274,1,94.0,0,B. Moberts,"[""10.1109/visual.2005.1532779""]"
A5022618145,2,65.0,0,David Koop,"[""10.1109/tvcg.2018.2865039"", ""10.1109/vast.2014.7042478""]"
A5022625791,1,2.0,0,Mingzhe Li,"[""10.1109/tvcg.2024.3456322""]"
A5022655122,1,0.0,0,Kristína Zákopčanová,"[""10.1109/tvcg.2020.3030356""]"
A5022661649,1,12.0,0,Chuyi Zhao,"[""10.1109/tvcg.2022.3209440""]"
A5022674514,1,28.0,0,Chufan Lai,"[""10.1109/tvcg.2014.2346416""]"
A5022699013,16,1836.0,3,Gennady Andrienko,"[""10.1109/tvcg.2011.181"", ""10.1109/tvcg.2012.265"", ""10.1109/tvcg.2012.276"", ""10.1109/tvcg.2013.193"", ""10.1109/tvcg.2015.2468111"", ""10.1109/tvcg.2017.2744322"", ""10.1109/tvcg.2017.2745181"", ""10.1109/tvcg.2018.2864811"", ""10.1109/tvcg.2019.2934609"", ""10.1109/tvcg.2020.3030411"", ""10.1109/vast.2007.4388995"", ""10.1109/vast.2008.4677356"", ""10.1109/vast.2009.5332584"", ""10.1109/vast.2010.5652478"", ""10.1109/vast.2011.6102454"", ""10.1109/vast.2012.6400553""]"
A5022770371,1,0.0,1,Timothy F. Brady,"[""10.1109/tvcg.2021.3114684""]"
A5022783388,1,7.0,1,Annemieke Verbraeck,"[""10.1109/tvcg.2020.3030452""]"
A5022812959,2,130.0,0,Francesca Samsel,"[""10.1109/tvcg.2017.2743978"", ""10.1109/tvcg.2019.2934260""]"
A5022820798,1,3.0,1,Magnus Paulson Erga,"[""10.1109/tvcg.2018.2864656""]"
A5022825349,1,67.0,0,Thomas Rydell,"[""10.1109/tvcg.2011.224""]"
A5022892688,1,1.0,0,María Virginia Sabando,"[""10.1109/tvcg.2020.3030438""]"
A5022894359,1,59.0,0,Robert A. Lafrance,"[""10.1109/tvcg.2016.2598544""]"
A5022921031,1,24.0,0,Yaxing Wei,"[""10.1109/tvcg.2014.2346755""]"
A5022944235,2,52.0,0,Richard Pusch,"[""10.1109/tvcg.2017.2743918"", ""10.1109/tvcg.2017.2745958""]"
A5022951041,1,1.0,0,Alexander Mordvintsev,"[""10.1109/tvcg.2019.2934307""]"
A5022956652,1,25.0,0,D.e. Huber,"[""10.1109/visual.2005.1532838""]"
A5022982409,1,24.0,0,Judith Donath,"[""10.1109/infvis.2004.8""]"
A5023009584,1,0.0,0,Stephen Kasica,"[""10.1109/tvcg.2020.3030462""]"
A5023018411,1,26.0,0,A.v. Vilanova Bartroli,"[""10.1109/visual.2001.964540""]"
A5023019850,1,28.0,0,Nathan Mays,"[""10.1109/tvcg.2013.161""]"
A5023076293,1,96.0,0,Martin Tomitsch,"[""10.1109/tvcg.2012.221""]"
A5023079701,1,59.0,0,Ulrike Pfeil,"[""10.1109/tvcg.2019.2934804""]"
A5023096291,1,65.0,0,Moritz Ehlke,"[""10.1109/tvcg.2013.159""]"
A5023104640,1,58.0,0,Steven Schlegel,"[""10.1109/tvcg.2012.249""]"
A5023110492,3,242.0,0,Karsten Klein,"[""10.1109/tvcg.2015.2467251"", ""10.1109/tvcg.2016.2599107"", ""10.1109/tvcg.2023.3327402""]"
A5023120167,1,119.0,0,Paul Burchard,"[""10.1109/visual.2002.1183766""]"
A5023182432,1,50.0,0,Waldemar Celes,"[""10.1109/tvcg.2017.2745105""]"
A5023194796,1,15.0,0,D.a. Lane,"[""10.1109/visual.1995.485146""]"
A5023208947,1,6.0,0,Steve Pieper,"[""10.1109/visual.2003.1250424""]"
A5023230783,1,53.0,0,Christoph P. E. Zollikofer,"[""10.1109/tvcg.2011.214""]"
A5023234129,1,190.0,1,Michael A. Michaux,"[""10.1109/tvcg.2017.2743938""]"
A5023238630,1,3.0,0,Nicola Colaninno,"[""10.1109/tvcg.2024.3456353""]"
A5023243503,1,6.0,0,M. E. Dieckmann,"[""10.1109/visual.2000.885734""]"
A5023270158,5,193.0,1,Azam Khan,"[""10.1109/tvcg.2015.2467733"", ""10.1109/tvcg.2016.2598469"", ""10.1109/tvcg.2016.2598543"", ""10.1109/tvcg.2017.2745118"", ""10.1109/tvcg.2017.2745279""]"
A5023287214,2,58.0,0,Johan Redström,"[""10.1109/infvis.1999.801857"", ""10.1109/infvis.2000.885094""]"
A5023297045,2,74.0,0,Éric Lecolinet,"[""10.1109/tvcg.2007.70540"", ""10.1109/tvcg.2015.2467035""]"
A5023318848,1,6.0,0,F. Gerritsen,"[""10.1109/visual.2005.1532847""]"
A5023329722,1,47.0,0,F. Bendix,"[""10.1109/infvis.2005.1532139""]"
A5023335806,1,45.0,0,Felipe S.l.g. Duarte,"[""10.1109/tvcg.2014.2346276""]"
A5023373846,1,113.0,1,Britta Weber,"[""10.1109/tvcg.2011.248""]"
A5023392600,4,124.0,1,Theophanis Tsandilas,"[""10.1109/tvcg.2018.2865077"", ""10.1109/tvcg.2020.3030476"", ""10.1109/tvcg.2023.3326520"", ""10.1109/tvcg.2024.3456336""]"
A5023421968,1,28.0,0,Hidenori Higashida,"[""10.1109/visual.1998.745295""]"
A5023433075,1,100.0,0,Henrik Korsgaard,"[""10.1109/tvcg.2021.3114835""]"
A5023480113,1,15.0,0,J. Van Wijk,"[""10.1109/visual.2000.885715""]"
A5023487102,1,72.0,0,Kerry Rodden,"[""10.1109/infvis.1999.801855""]"
A5023495279,1,205.0,0,Ramesh Raskar,"[""10.1109/visual.1999.809883""]"
A5023504536,1,0.0,0,E. Grosse,"[""10.1109/visual.1991.175816""]"
A5023510398,1,10.0,0,R.d. Bergeron,"[""10.1109/visual.1991.175809""]"
A5023511994,2,119.0,0,A. Johannes Pretorius,"[""10.1109/tvcg.2006.192"", ""10.1109/tvcg.2011.253""]"
A5023536951,1,15.0,0,Rob Macleod,"[""10.1109/visual.1992.235178""]"
A5023541811,1,53.0,0,Bram Platel,"[""10.1109/tvcg.2009.170""]"
A5023554677,1,3.0,0,Yash Prakash,"[""10.1109/tvcg.2024.3456348""]"
A5023558209,8,269.0,0,Xinhuan Shu,"[""10.1109/tvcg.2017.2744218"", ""10.1109/tvcg.2018.2864814"", ""10.1109/tvcg.2020.3030396"", ""10.1109/tvcg.2022.3209385"", ""10.1109/tvcg.2022.3209447"", ""10.1109/tvcg.2024.3456192"", ""10.1109/tvcg.2024.3456311"", ""10.1109/tvcg.2024.3456328""]"
A5023595353,2,15.0,0,Ming Hoe Kiu,"[""10.1109/visual.1996.567784"", ""10.1109/visual.1997.663918""]"
A5023623172,3,92.0,0,Barrett Ens,"[""10.1109/tvcg.2020.3030334"", ""10.1109/tvcg.2022.3209433"", ""10.1109/tvcg.2024.3456399""]"
A5023631793,5,111.0,0,Rainer Splechtna,"[""10.1109/tvcg.2014.2346744"", ""10.1109/tvcg.2019.2934784"", ""10.1109/tvcg.2022.3209478"", ""10.1109/tvcg.2024.3456356"", ""10.1109/vast.2015.7347635""]"
A5023658866,1,69.0,0,Marco Jenny,"[""10.1109/vast.2010.5652530""]"
A5023678337,1,15.0,0,A. Just,"[""10.1109/tvcg.2016.2599018""]"
A5023685974,3,56.0,0,W. Freiler,"[""10.1109/tvcg.2008.144"", ""10.1109/tvcg.2011.217"", ""10.1109/tvcg.2012.259""]"
A5023702983,1,25.0,0,Adam Bodnar,"[""10.1109/vast.2006.261427""]"
A5023711681,9,382.0,0,Frits H. Post,"[""10.1109/tvcg.2006.158"", ""10.1109/tvcg.2008.131"", ""10.1109/tvcg.2009.181"", ""10.1109/tvcg.2010.134"", ""10.1109/visual.1993.398850"", ""10.1109/visual.1995.485141"", ""10.1109/visual.1998.745333"", ""10.1109/visual.2003.1250397"", ""10.1109/visual.2005.1532778""]"
A5023736119,1,20.0,0,Edward J. Coyle,"[""10.1109/vast.2006.261434""]"
A5023762861,2,72.0,0,R.m. Rohrer,"[""10.1109/infvis.1998.729568"", ""10.1109/vast.2009.5333880""]"
A5023806511,1,29.0,0,Wei Chen,"[""10.1109/vast.2016.7883514""]"
A5023823294,1,29.0,0,Yumeng Hou,"[""10.1109/vast.2016.7883514""]"
A5023825669,1,48.0,0,Acar Tamersoy,"[""10.1109/tvcg.2017.2744898""]"
A5023826409,1,25.0,0,Tim Biedert,"[""10.1109/tvcg.2019.2934368""]"
A5023834862,1,4.0,0,Alan M. Shih,"[""10.1109/visual.2000.885744""]"
A5023853044,1,34.0,0,Daniel Angus,"[""10.1109/tvcg.2015.2467321""]"
A5023863402,1,3.0,1,Max Piochowiak,"[""10.1109/tvcg.2023.3326573""]"
A5023868486,2,73.0,0,Anne Mai Wassermann,"[""10.1109/tvcg.2013.154"", ""10.1109/tvcg.2014.2346752""]"
A5023881736,1,20.0,0,Srikanth Kandula,"[""10.1109/vast.2010.5652910""]"
A5023888935,3,155.0,1,Yanna Lin,"[""10.1109/tvcg.2020.3030338"", ""10.1109/tvcg.2021.3114836"", ""10.1109/tvcg.2023.3327170""]"
A5023925931,1,73.0,0,Anthony K. H. Tung,"[""10.1109/tvcg.2017.2744098""]"
A5023931434,1,84.0,0,Katherine Mcdonough,"[""10.1109/tvcg.2016.2598667""]"
A5023953972,1,2.0,1,Christian Frisson,"[""10.1109/tvcg.2019.2934538""]"
A5023967912,1,7.0,0,H. C. Hege,"[""10.1109/visual.2005.1532793""]"
A5023994860,1,89.0,1,Youssef S. G. Nashed,"[""10.1109/tvcg.2019.2934312""]"
A5024027818,1,14.0,0,Paola Parente,"[""10.1109/visual.2004.46""]"
A5024030009,1,17.0,0,K. Mueller,"[""10.1109/visual.2002.1183779""]"
A5024038761,1,0.0,0,Daham Kim,"[""10.1109/visual.1991.175776""]"
A5024055519,1,18.0,0,O.j. Espinosa,"[""10.1109/infvis.1999.801856""]"
A5024059541,9,750.0,2,Panpan Xu,"[""10.1109/tvcg.2012.253"", ""10.1109/tvcg.2013.221"", ""10.1109/tvcg.2016.2598664"", ""10.1109/tvcg.2017.2745083"", ""10.1109/tvcg.2018.2864826"", ""10.1109/tvcg.2018.2865018"", ""10.1109/tvcg.2019.2934267"", ""10.1109/tvcg.2019.2934433"", ""10.1109/tvcg.2021.3114837""]"
A5024074640,11,677.0,0,Alexandru Telea,"[""10.1109/infvis.2004.25"", ""10.1109/tvcg.2011.223"", ""10.1109/tvcg.2011.233"", ""10.1109/tvcg.2016.2598838"", ""10.1109/tvcg.2017.2744338"", ""10.1109/tvcg.2017.2744339"", ""10.1109/tvcg.2018.2864690"", ""10.1109/visual.1999.809865"", ""10.1109/visual.2000.885715"", ""10.1109/visual.2003.1250377"", ""10.1109/visual.2004.32""]"
A5024082845,1,5.0,0,Peter M. A. Van Ooijen,"[""10.1109/visual.1996.568134""]"
A5024107841,1,11.0,0,F. Schramm,"[""10.1109/visual.2005.1532852""]"
A5024135995,2,70.0,0,I.w. Griffiths,"[""10.1109/tvcg.2011.208"", ""10.1109/tvcg.2013.207""]"
A5024186179,1,15.0,0,Duong B. Nguyen,"[""10.1109/tvcg.2020.3028892""]"
A5024197313,1,14.0,0,Martin Röhlig,"[""10.1109/vast.2015.7347629""]"
A5024208170,1,0.0,0,A.j. Bladek,"[""10.1109/visual.1993.398884""]"
A5024222438,3,50.0,0,Thomas Baudel,"[""10.1109/tvcg.2012.205"", ""10.1109/tvcg.2013.146"", ""10.1109/vast.2011.6102446""]"
A5024254029,1,18.0,0,Laurent Condat,"[""10.1109/tvcg.2010.160""]"
A5024259010,2,100.0,0,Joel Daniels,"[""10.1109/tvcg.2010.170"", ""10.1109/vast.2012.6400489""]"
A5024261564,1,21.0,0,Saeed Boorboor,"[""10.1109/tvcg.2018.2864852""]"
A5024269875,1,39.0,0,Yahui Zhao,"[""10.1109/tvcg.2014.2346898""]"
A5024270237,1,136.0,0,T.d. Wang,"[""10.1109/tvcg.2009.187""]"
A5024274005,1,32.0,0,A. Frank,"[""10.1109/tvcg.2012.255""]"
A5024280655,1,44.0,0,Rebecca Dreezer,"[""10.1109/tvcg.2009.127""]"
A5024296783,1,26.0,0,Crystal Ju,"[""10.1109/tvcg.2010.216""]"
A5024298278,1,4.0,0,Xiangmin Zhou,"[""10.1109/tvcg.2010.221""]"
A5024303436,1,40.0,0,Florian Grassinger,"[""10.1109/tvcg.2017.2745298""]"
A5024349334,6,289.0,1,Alexander Wiebel,"[""10.1109/tvcg.2007.70557"", ""10.1109/tvcg.2007.70615"", ""10.1109/tvcg.2008.143"", ""10.1109/tvcg.2010.166"", ""10.1109/tvcg.2012.292"", ""10.1109/visual.2005.1532848""]"
A5024369374,1,19.0,0,Johannes Landstorfer,"[""10.1109/vast.2014.7042483""]"
A5024374419,2,18.0,0,Ievgeniia Gutenko,"[""10.1109/tvcg.2015.2467954"", ""10.1109/tvcg.2016.2598463""]"
A5024377336,4,177.0,1,Narges Mahyar,"[""10.1109/tvcg.2014.2346573"", ""10.1109/tvcg.2016.2598466"", ""10.1109/tvcg.2023.3326593"", ""10.1109/vast.2010.5652879""]"
A5024378087,1,7.0,0,S. Bryson,"[""10.1109/visual.1992.235196""]"
A5024392920,1,35.0,1,Michael Marschollek,"[""10.1109/tvcg.2020.3030437""]"
A5024409647,1,69.0,1,Ashley Rye Yauilla,"[""10.1109/vast.2011.6102445""]"
A5024427655,2,225.0,0,Stéfan Müller Arisona,"[""10.1109/tvcg.2014.2346893"", ""10.1109/tvcg.2017.2744159""]"
A5024451201,1,0.0,0,Fan Yang,"[""10.1109/tvcg.2024.3456142""]"
A5024505700,1,209.0,0,Fosca Giannotti,"[""10.1109/vast.2009.5332584""]"
A5024524412,2,16.0,0,Zhongsu Luo,"[""10.1109/tvcg.2022.3209470"", ""10.1109/tvcg.2024.3456328""]"
A5024547678,1,57.0,0,B. R. Duffy,"[""10.1109/tvcg.2008.160""]"
A5024565069,1,38.0,0,Marco Angelini,"[""10.1109/tvcg.2018.2865028""]"
A5024566083,1,8.0,0,J. Winterkamp,"[""10.1109/visual.1997.663919""]"
A5024572030,1,142.0,1,Jerry Alan Fails,"[""10.1109/vast.2006.261421""]"
A5024575129,1,12.0,0,Guangchen Ruan,"[""10.1109/tvcg.2014.2346425""]"
A5024587973,1,10.0,0,S. Bradshaw,"[""10.1109/visual.1994.346341""]"
A5024606205,7,602.0,0,Michael Garland,"[""10.1109/tvcg.2006.154"", ""10.1109/tvcg.2006.193"", ""10.1109/tvcg.2008.151"", ""10.1109/visual.1998.745312"", ""10.1109/visual.2001.964503"", ""10.1109/visual.2002.1183765"", ""10.1109/visual.2004.81""]"
A5024608725,2,29.0,0,Sarang Lakare,"[""10.1109/visual.2000.885674"", ""10.1109/visual.2004.63""]"
A5024614585,4,121.0,0,Jonas Lukasczyk,"[""10.1109/tvcg.2017.2744321"", ""10.1109/tvcg.2019.2934368"", ""10.1109/tvcg.2020.3030353"", ""10.1109/tvcg.2023.3326526""]"
A5024616528,1,11.0,0,Rajagopalan Srinivasan,"[""10.1109/visual.1996.567609""]"
A5024629459,1,64.0,0,A. L. Levin,"[""10.1109/visual.2001.964527""]"
A5024656281,2,105.0,0,A. Kaufman,"[""10.1109/visual.1996.568113"", ""10.1109/visual.1997.663900""]"
A5024674943,1,13.0,0,Simon Sündermann,"[""10.1109/tvcg.2014.2346459""]"
A5024680936,1,16.0,0,Howard D. Wactlar,"[""10.1109/infvis.2003.1249019""]"
A5024683903,3,18.0,0,Andreas Walch,"[""10.1109/tvcg.2019.2934658"", ""10.1109/tvcg.2020.3030409"", ""10.1109/tvcg.2024.3456315""]"
A5024684220,1,19.0,0,Jorge Estrada,"[""10.1109/tvcg.2016.2598825""]"
A5024698239,3,112.0,1,Ming Yuen Chan,"[""10.1109/tvcg.2008.159"", ""10.1109/tvcg.2009.144"", ""10.1109/tvcg.2009.172""]"
A5024706967,2,198.0,0,Christian Rohrdantz,"[""10.1109/tvcg.2009.139"", ""10.1109/vast.2009.5333919""]"
A5024713647,1,0.0,0,D.a. Prawel,"[""10.1109/visual.1990.146417""]"
A5024723024,1,4.0,0,T.j. Hallman,"[""10.1109/visual.2001.964552""]"
A5024742201,1,6.0,0,Yongqun He,"[""10.1109/tvcg.2019.2934557""]"
A5024750744,2,46.0,0,Christian Tietjen,"[""10.1109/tvcg.2014.2346405"", ""10.1109/visual.2002.1183752""]"
A5024759728,1,15.0,0,Okan Irfanoglu,"[""10.1109/vast.2007.4388990""]"
A5024772683,1,3.0,0,Nicolas Kruchten,"[""10.1109/tvcg.2023.3326907""]"
A5024793839,2,184.0,0,Jens Krüger,"[""10.1109/tvcg.2006.124"", ""10.1109/tvcg.2008.120""]"
A5024801102,1,207.0,0,Margaret L. Satterthwaite,"[""10.1109/tvcg.2014.2346419""]"
A5024808709,1,24.0,0,Ahmad Abusalah,"[""10.1109/vast.2008.4677354""]"
A5024811084,1,12.0,0,Anthony S. Wexler,"[""10.1109/tvcg.2012.280""]"
A5024828673,1,2.0,0,Roseann Bongiovanni,"[""10.1109/tvcg.2020.3030472""]"
A5024853912,1,5.0,0,D.l. Brittain,"[""10.1109/visual.1990.146397""]"
A5024857997,2,87.0,0,Stefan Röttger,"[""10.1109/visual.2000.885683"", ""10.1109/visual.2002.1183812""]"
A5024860629,30,2012.0,6,Petra Isenberg,"[""10.1109/tvcg.2007.70568"", ""10.1109/tvcg.2009.109"", ""10.1109/tvcg.2009.162"", ""10.1109/tvcg.2010.157"", ""10.1109/tvcg.2011.160"", ""10.1109/tvcg.2012.204"", ""10.1109/tvcg.2012.217"", ""10.1109/tvcg.2012.251"", ""10.1109/tvcg.2012.262"", ""10.1109/tvcg.2013.126"", ""10.1109/tvcg.2013.163"", ""10.1109/tvcg.2014.2346426"", ""10.1109/tvcg.2014.2346435"", ""10.1109/tvcg.2015.2467202"", ""10.1109/tvcg.2016.2598827"", ""10.1109/tvcg.2017.2745279"", ""10.1109/tvcg.2018.2865142"", ""10.1109/tvcg.2018.2865234"", ""10.1109/tvcg.2019.2934397"", ""10.1109/tvcg.2020.3030423"", ""10.1109/tvcg.2021.3114787"", ""10.1109/tvcg.2021.3114821"", ""10.1109/tvcg.2021.3114844"", ""10.1109/tvcg.2022.3209390"", ""10.1109/tvcg.2023.3326941"", ""10.1109/tvcg.2023.3327369"", ""10.1109/tvcg.2024.3456318"", ""10.1109/tvcg.2024.3456319"", ""10.1109/tvcg.2024.3456335"", ""10.1109/vast.2010.5652880""]"
A5024876563,1,10.0,0,Victor M. Calo,"[""10.1109/tvcg.2008.146""]"
A5024898168,2,321.0,1,Salvatore Rinzivillo,"[""10.1109/vast.2009.5332584"", ""10.1109/vast.2011.6102454""]"
A5024942883,1,59.0,0,T. Kaseda,"[""10.1109/infvis.2005.1532144""]"
A5024958858,1,19.0,0,P Plath,"[""10.1109/visual.1996.568136""]"
A5024970295,1,44.0,0,Guozhong Zhuang,"[""10.1109/visual.1999.809902""]"
A5024974144,1,1.0,0,Dereth Drake,"[""10.1109/visual.1997.663926""]"
A5024988092,1,0.0,0,B.k. Choi,"[""10.1109/visual.1991.175776""]"
A5025010152,1,67.0,0,Kimani C. Toussaint,"[""10.1109/tvcg.2013.121""]"
A5025011911,1,41.0,0,Xinhai Wei,"[""10.1109/tvcg.2021.3114807""]"
A5025071606,2,39.0,0,Jacob Ritchie,"[""10.1109/tvcg.2019.2934288"", ""10.1109/tvcg.2020.3030433""]"
A5025082043,2,118.0,0,Roy A. Ruddle,"[""10.1109/tvcg.2011.253"", ""10.1109/tvcg.2020.3030424""]"
A5025089950,1,175.0,0,L. Tancau,"[""10.1109/visual.2003.1250400""]"
A5025111807,1,1.0,0,R. Kulkarni,"[""10.1109/visual.1994.346300""]"
A5025118710,1,46.0,0,Jian–guang Lou,"[""10.1109/tvcg.2020.3030448""]"
A5025147185,2,51.0,1,Christopher Morris,"[""10.1109/visual.2002.1183777"", ""10.1109/visual.2002.1183809""]"
A5025152279,1,8.0,0,Sérgio M. Marques,"[""10.1109/tvcg.2022.3209411""]"
A5025165533,1,58.0,0,Zhitao Hou,"[""10.1109/tvcg.2022.3209357""]"
A5025188737,1,31.0,0,Yashwanthi Anand,"[""10.1109/tvcg.2022.3209425""]"
A5025192930,1,2.0,0,A. Pommert,"[""10.1109/visual.1992.235218""]"
A5025194066,1,22.0,0,Zsolt Horváth,"[""10.1109/tvcg.2014.2346930""]"
A5025200450,1,18.0,0,Guillaume Colin De Verdière,"[""10.1109/tvcg.2009.149""]"
A5025243341,2,25.0,1,Qi Sun,"[""10.1109/tvcg.2023.3327396"", ""10.1109/tvcg.2024.3456388""]"
A5025259879,1,332.0,0,Aditya Kalro,"[""10.1109/tvcg.2017.2744718""]"
A5025269831,1,47.0,0,Christine Kha Tang,"[""10.1109/tvcg.2021.3114829""]"
A5025279788,1,13.0,0,Feng Dong,"[""10.1109/tvcg.2012.267""]"
A5025282221,1,162.0,0,Stephen C. Wehrend,"[""10.1109/visual.1990.146375""]"
A5025297422,5,812.0,0,Huub Van De Wetering,"[""10.1109/infvis.1999.801860"", ""10.1109/tvcg.2011.181"", ""10.1109/tvcg.2013.228"", ""10.1109/tvcg.2015.2467112"", ""10.1109/tvcg.2019.2934289""]"
A5025307131,2,72.0,1,Wai Tong,"[""10.1109/tvcg.2020.3030423"", ""10.1109/tvcg.2022.3209386""]"
A5025312015,5,77.0,1,Lukas Mroz,"[""10.1109/visual.2000.885697"", ""10.1109/visual.2000.885726"", ""10.1109/visual.2001.964522"", ""10.1109/visual.2002.1183812"", ""10.1109/visual.2004.98""]"
A5025331216,2,103.0,0,Margit Pohl,"[""10.1109/tvcg.2012.273"", ""10.1109/tvcg.2017.2744758""]"
A5025332800,1,58.0,0,Corrado Calì,"[""10.1109/tvcg.2017.2744278""]"
A5025335404,1,9.0,0,Yang Zhou,"[""10.1109/tvcg.2023.3327077""]"
A5025345988,1,14.0,0,Július Parulek,"[""10.1109/tvcg.2013.158""]"
A5025354167,1,20.0,0,Tamal K. Dey,"[""10.1109/visual.2002.1183770""]"
A5025376488,2,40.0,0,Francine Chen,"[""10.1109/tvcg.2017.2744458"", ""10.1109/vast50239.2020.00010""]"
A5025397194,6,160.0,1,Alexander Böck,"[""10.1109/scivis.2015.7429487"", ""10.1109/tvcg.2012.206"", ""10.1109/tvcg.2017.2743958"", ""10.1109/tvcg.2017.2743980"", ""10.1109/tvcg.2019.2934259"", ""10.1109/tvcg.2020.3030333""]"
A5025399630,1,35.0,0,Christina Stoiber,"[""10.1109/tvcg.2023.3327378""]"
A5025404277,1,16.0,0,Goethem Arthur Van,"[""10.1109/tvcg.2016.2598619""]"
A5025409200,3,37.0,1,Racquel Fygenson,"[""10.1109/tvcg.2022.3209457"", ""10.1109/tvcg.2023.3326590"", ""10.1109/tvcg.2024.3456396""]"
A5025416155,2,62.0,0,Vikram Aggarwal,"[""10.1109/infvis.2005.1532146"", ""10.1109/vast.2006.261430""]"
A5025418746,1,3.0,0,Alexandra Friedrich,"[""10.1109/visual.1998.745328""]"
A5025425554,2,2.0,0,Günther Nürnberger,"[""10.1109/visual.2003.1250399"", ""10.1109/visual.2005.1532816""]"
A5025431592,1,13.0,0,Jay Koven,"[""10.1109/tvcg.2018.2865023""]"
A5025433401,1,3.0,0,W. Anderson,"[""10.1109/visual.2000.885727""]"
A5025447593,1,159.0,0,T. A. Lasinski,"[""10.1109/visual.1991.175773""]"
A5025485089,7,480.0,1,Won‐ki Jeong,"[""10.1109/tvcg.2007.70571"", ""10.1109/tvcg.2009.178"", ""10.1109/tvcg.2010.168"", ""10.1109/tvcg.2012.240"", ""10.1109/tvcg.2014.2346322"", ""10.1109/tvcg.2017.2744078"", ""10.1109/tvcg.2018.2865152""]"
A5025493812,1,0.0,0,R.e. Jennings,"[""10.1109/visual.1995.485147""]"
A5025506737,1,46.0,0,Gopal Pingali,"[""10.1109/visual.2001.964496""]"
A5025524753,1,41.0,0,C.j. Botha,"[""10.1109/tvcg.2009.181""]"
A5025533535,1,134.0,0,Eric T. Ahrens,"[""10.1109/visual.1998.745294""]"
A5025567094,4,343.0,0,Ke Xu,"[""10.1109/tvcg.2017.2745320"", ""10.1109/tvcg.2018.2864825"", ""10.1109/tvcg.2019.2934398"", ""10.1109/tvcg.2019.2934613""]"
A5025591478,1,21.0,0,Shreeraj Jadhav,"[""10.1109/tvcg.2018.2864852""]"
A5025602204,1,32.0,1,Luhao Ge,"[""10.1109/tvcg.2022.3209469""]"
A5025609991,1,52.0,0,Nicolas Ray,"[""10.1109/tvcg.2006.173""]"
A5025616122,3,404.0,0,Thorsten May,"[""10.1109/tvcg.2013.178"", ""10.1109/tvcg.2016.2598468"", ""10.1109/vast.2011.6102448""]"
A5025624671,1,51.0,0,Lin Yan,"[""10.1109/tvcg.2019.2934242""]"
A5025635776,1,61.0,0,Eveline H. J. Mestrom,"[""10.1109/tvcg.2018.2865043""]"
A5025645412,1,15.0,0,Don Bailey,"[""10.1109/tvcg.2008.126""]"
A5025651670,1,5.0,0,Marilina Betrò,"[""10.1109/visual.1993.398904""]"
A5025653234,1,21.0,0,Susan M. Mniszewski,"[""10.1109/vast.2015.7347626""]"
A5025659588,1,288.0,0,Aleks Aris,"[""10.1109/tvcg.2006.166""]"
A5025660411,2,65.0,0,Patrick Köthur,"[""10.1109/tvcg.2012.191"", ""10.1109/tvcg.2014.2346751""]"
A5025664174,1,1.0,0,Indranil Chakravarty,"[""10.1109/visual.1993.398892""]"
A5025675252,1,43.0,0,Tianyu Gu,"[""10.1109/vast.2014.7042486""]"
A5025726915,1,39.0,0,Elke A. Rundensteiner,"[""10.1109/vast.2007.4389000""]"
A5025754478,4,424.0,1,Mohammad Ghoniem,"[""10.1109/infvis.2004.1"", ""10.1109/tvcg.2024.3456167"", ""10.1109/vast.2007.4389005"", ""10.1109/vast.2007.4389009""]"
A5025762480,3,195.0,1,Tanja Blascheck,"[""10.1109/tvcg.2015.2467871"", ""10.1109/tvcg.2018.2865142"", ""10.1109/vast.2016.7883520""]"
A5025784757,2,42.0,1,Hsiang‐yun Wu,"[""10.1109/tvcg.2015.2467433"", ""10.1109/tvcg.2018.2864491""]"
A5025799993,4,143.0,0,Thomas Kapler,"[""10.1109/infvis.2004.27"", ""10.1109/tvcg.2020.3030358"", ""10.1109/vast.2007.4388992"", ""10.1109/vast.2008.4677355""]"
A5025899028,1,33.0,0,Benjamin J. Raphael,"[""10.1109/tvcg.2010.163""]"
A5025926953,1,14.0,0,M. Korkusinski,"[""10.1109/visual.2005.1532811""]"
A5025932358,1,4.0,0,M.m. Oliveira,"[""10.1109/visual.2005.1532824""]"
A5025940312,1,41.0,0,Reinhard Sainitzer,"[""10.1109/infvis.2002.1173149""]"
A5025965660,1,37.0,0,Yuxuan Hou,"[""10.1109/tvcg.2020.3030447""]"
A5025974897,1,6.0,0,J.j. Van Wijk,"[""10.1109/visual.1998.745323""]"
A5025997249,2,200.0,0,Liran Carmel,"[""10.1109/infvis.2002.1173159"", ""10.1109/infvis.2003.1249017""]"
A5026009557,1,18.0,0,Kedar Shrikhande,"[""10.1109/tvcg.2013.156""]"
A5026052680,1,28.0,0,Naren Ramakrishan,"[""10.1109/vast.2012.6400560""]"
A5026059050,1,26.0,0,Qisen Yang,"[""10.1109/tvcg.2022.3209497""]"
A5026074051,11,125.0,0,Eugene Zhang,"[""10.1109/tvcg.2010.216"", ""10.1109/tvcg.2011.170"", ""10.1109/tvcg.2017.2744038"", ""10.1109/tvcg.2018.2864768"", ""10.1109/tvcg.2019.2934314"", ""10.1109/tvcg.2020.3030431"", ""10.1109/tvcg.2021.3114759"", ""10.1109/tvcg.2023.3326599"", ""10.1109/tvcg.2023.3326927"", ""10.1109/tvcg.2023.3326933"", ""10.1109/tvcg.2024.3456367""]"
A5026087865,1,6.0,0,Junyong Noh,"[""10.1109/scivis.2015.7429493""]"
A5026092541,2,44.0,0,Thomas Auzinger,"[""10.1109/tvcg.2013.215"", ""10.1109/vast.2014.7042491""]"
A5026123984,1,5.0,0,C. Thornborrow,"[""10.1109/visual.1993.398861""]"
A5026127661,3,148.0,0,Haipeng Zeng,"[""10.1109/tvcg.2015.2467194"", ""10.1109/tvcg.2019.2934656"", ""10.1109/tvcg.2024.3456392""]"
A5026168274,1,32.0,0,Ab Mosca,"[""10.1109/tvcg.2018.2865264""]"
A5026169371,1,72.0,0,D. Sinclair,"[""10.1109/infvis.1999.801855""]"
A5026171056,1,35.0,0,Tatiana Losev,"[""10.1109/tvcg.2023.3327378""]"
A5026193206,3,37.0,0,Suphanut Jamonnak,"[""10.1109/tvcg.2020.3030384"", ""10.1109/tvcg.2021.3114853"", ""10.1109/tvcg.2023.3326577""]"
A5026198819,1,8.0,0,Mitchell Gordon,"[""10.1109/tvcg.2024.3456350""]"
A5026203914,1,16.0,0,Seungmin Jin,"[""10.1109/tvcg.2022.3209462""]"
A5026211955,2,69.0,0,Xenophon Papademetris,"[""10.1109/tvcg.2008.123"", ""10.1109/tvcg.2008.150""]"
A5026225197,1,4.0,0,W.e. Johnston,"[""10.1109/visual.1991.175834""]"
A5026243783,3,95.0,0,Jiang Wu,"[""10.1109/tvcg.2021.3114832"", ""10.1109/tvcg.2022.3209452"", ""10.1109/vast50239.2020.00009""]"
A5026249491,1,14.0,0,A. Vilanova Bartrolí,"[""10.1109/visual.2002.1183812""]"
A5026258275,1,28.0,0,Jiaxin Bai,"[""10.1109/tvcg.2019.2934660""]"
A5026296265,3,283.0,0,Matthias Kraus,"[""10.1109/tvcg.2017.2744805"", ""10.1109/tvcg.2018.2864838"", ""10.1109/tvcg.2019.2934395""]"
A5026341297,1,10.0,0,Philip J. Kilner,"[""10.1109/visual.1991.175801""]"
A5026357260,5,78.0,1,Carsten Dachsbacher,"[""10.1109/tvcg.2014.2346333"", ""10.1109/tvcg.2015.2467963"", ""10.1109/tvcg.2019.2934335"", ""10.1109/tvcg.2020.3030379"", ""10.1109/tvcg.2023.3326573""]"
A5026372666,1,3.0,0,J.l. Montine,"[""10.1109/visual.1990.146362""]"
A5026376235,9,328.0,0,Xiaojuan Ma,"[""10.1109/tvcg.2016.2598415"", ""10.1109/tvcg.2019.2934398"", ""10.1109/tvcg.2020.3030337"", ""10.1109/tvcg.2022.3209434"", ""10.1109/tvcg.2022.3209440"", ""10.1109/tvcg.2022.3209463"", ""10.1109/tvcg.2023.3326522"", ""10.1109/tvcg.2024.3456210"", ""10.1109/vast.2018.8802454""]"
A5026380797,1,17.0,0,Xiaoran Yan,"[""10.1109/tvcg.2022.3209391""]"
A5026383442,1,117.0,0,Kostiantyn Kucher,"[""10.1109/tvcg.2020.3030352""]"
A5026391994,1,155.0,0,G. Cantareiro,"[""10.1109/tvcg.2011.233""]"
A5026457914,1,7.0,0,E. Shoop,"[""10.1109/visual.1995.480794""]"
A5026497646,1,69.0,0,Dong Han Ham,"[""10.1109/tvcg.2012.189""]"
A5026500248,1,8.0,0,Jens‐peter Kreiß,"[""10.1109/tvcg.2015.2467612""]"
A5026533187,1,25.0,0,Jingshan Pan,"[""10.1109/tvcg.2014.2346418""]"
A5026540573,1,0.0,0,Huisi Wu,"[""10.1109/tvcg.2024.3456321""]"
A5026549128,2,153.0,0,Kristin Divis,"[""10.1109/tvcg.2017.2743939"", ""10.1109/tvcg.2018.2865146""]"
A5026558668,1,16.0,0,Mark Sifer,"[""10.1109/vast.2006.261422""]"
A5026610704,1,34.0,0,Dominik Meyer,"[""10.1109/tvcg.2010.168""]"
A5026632459,1,32.0,0,Woohyuk Choi,"[""10.1109/tvcg.2014.2346322""]"
A5026652846,1,5.0,0,Konrad Schönborn,"[""10.1109/tvcg.2024.3456187""]"
A5026657166,1,15.0,0,R. Westermann,"[""10.1109/visual.1997.663853""]"
A5026657654,2,53.0,0,David J. Cowperthwaite,"[""10.1109/infvis.1996.559215"", ""10.1109/visual.1996.568148""]"
A5026659841,1,353.0,1,Justine I. Blanford,"[""10.1109/vast.2011.6102456""]"
A5026701284,1,7.0,0,Jonathan M. Scott,"[""10.1109/visual.1994.346314""]"
A5026701677,1,18.0,0,D. Bielser,"[""10.1109/infvis.1998.729562""]"
A5026703356,1,168.0,0,Jim Jeffers,"[""10.1109/tvcg.2016.2599041""]"
A5026742436,1,12.0,0,Rushil Anirudh,"[""10.1109/tvcg.2019.2934594""]"
A5026778543,1,6.0,0,Wojciech Burakiewicz,"[""10.1109/tvcg.2006.118""]"
A5026787396,1,37.0,0,Lihua Hao,"[""10.1109/tvcg.2015.2468093""]"
A5026789962,3,377.0,1,Sebastian Gehrmann,"[""10.1109/tvcg.2017.2744158"", ""10.1109/tvcg.2018.2865044"", ""10.1109/tvcg.2019.2934595""]"
A5026799813,23,1189.0,0,Ross Maciejewski,"[""10.1109/tvcg.2009.185"", ""10.1109/tvcg.2012.264"", ""10.1109/tvcg.2014.2346926"", ""10.1109/tvcg.2015.2467991"", ""10.1109/tvcg.2016.2598541"", ""10.1109/tvcg.2018.2864844"", ""10.1109/tvcg.2019.2934368"", ""10.1109/tvcg.2019.2934631"", ""10.1109/tvcg.2020.3028888"", ""10.1109/tvcg.2020.3028958"", ""10.1109/tvcg.2020.3030353"", ""10.1109/tvcg.2021.3114850"", ""10.1109/tvcg.2023.3326584"", ""10.1109/tvcg.2023.3327359"", ""10.1109/vast.2007.4388993"", ""10.1109/vast.2008.4677354"", ""10.1109/vast.2008.4677363"", ""10.1109/vast.2011.6102457"", ""10.1109/vast.2011.6102460"", ""10.1109/vast.2012.6400491"", ""10.1109/vast.2012.6400557"", ""10.1109/vast.2014.7042495"", ""10.1109/vast50239.2020.00007""]"
A5026801564,2,72.0,0,Alexandra La Cruz,"[""10.1109/visual.2004.104"", ""10.1109/visual.2004.72""]"
A5026838436,1,2.0,1,Oliver Kreylos,"[""10.1109/visual.2003.1250423""]"
A5026923999,2,56.0,0,Mourad Ouzzani,"[""10.1109/vast.2007.4388993"", ""10.1109/vast.2008.4677354""]"
A5026932575,2,15.0,0,Naim Alper,"[""10.1109/infvis.1996.559225"", ""10.1109/visual.1994.346305""]"
A5026933325,1,7.0,0,Dogan Demir,"[""10.1109/tvcg.2013.174""]"
A5026944579,2,5.0,0,C. Mandal,"[""10.1109/visual.1996.567598"", ""10.1109/visual.1997.663905""]"
A5026961816,2,253.0,0,Harry Stavropoulos,"[""10.1109/tvcg.2014.2346682"", ""10.1109/tvcg.2015.2467622""]"
A5026966155,1,2.0,0,Quanxue Guan,"[""10.1109/tvcg.2024.3456392""]"
A5026971062,2,472.0,0,Alan Dix,"[""10.1109/tvcg.2006.138"", ""10.1109/tvcg.2007.70535""]"
A5026981652,1,18.0,0,B. Rosenburg,"[""10.1109/visual.1994.346322""]"
A5026986610,1,152.0,1,Priti Shah,"[""10.1109/tvcg.2011.175""]"
A5026988709,1,10.0,0,O. Sadowsky,"[""10.1109/visual.2005.1532809""]"
A5027006702,1,15.0,0,C.t. Silva,"[""10.1109/visual.2005.1532796""]"
A5027008015,1,14.0,0,Daniel Shapiro,"[""10.1109/visual.1996.567804""]"
A5027014298,1,353.0,1,Anuj Jaiswal,"[""10.1109/vast.2011.6102456""]"
A5027037970,1,14.0,0,Georg Meyer,"[""10.1109/visual.2005.1532846""]"
A5027045308,2,31.0,0,Marie Desjardins,"[""10.1109/infvis.2005.1532149"", ""10.1109/tvcg.2012.288""]"
A5027046322,1,40.0,0,Douglas C. Montgomery,"[""10.1109/tvcg.2015.2467991""]"
A5027064195,1,16.0,0,F. N. Alyea,"[""10.1109/visual.1995.485157""]"
A5027086575,1,0.0,0,D.g. Tilley,"[""10.1109/visual.1990.146418""]"
A5027113883,1,50.0,0,Lesley Brankin,"[""10.1109/visual.1993.398857""]"
A5027120705,2,75.0,0,Paola Magillo,"[""10.1109/visual.1997.663865"", ""10.1109/visual.1998.745283""]"
A5027121558,1,6.0,0,Dirk Meetschen,"[""10.1109/visual.2002.1183823""]"
A5027125468,2,79.0,0,Michael Riemer,"[""10.1109/tvcg.2017.2745178"", ""10.1109/tvcg.2018.2864901""]"
A5027128729,1,22.0,0,Igor Guskov,"[""10.1109/tvcg.2006.169""]"
A5027132236,1,134.0,0,Russell E. Jacobs,"[""10.1109/visual.1998.745294""]"
A5027138169,1,3.0,0,Konrad Polthier,"[""10.1109/visual.1998.745328""]"
A5027156356,1,33.0,1,Ute Schmid,"[""10.1109/tvcg.2021.3114797""]"
A5027158215,1,20.0,0,Russell A. Lankenau,"[""10.1109/vast.2007.4388996""]"
A5027219758,2,68.0,0,J. Allen Crow,"[""10.1109/tvcg.2009.112"", ""10.1109/tvcg.2009.203""]"
A5027273230,1,155.0,0,Werner Stuetzle,"[""10.1109/visual.1991.175794""]"
A5027277768,1,11.0,0,F. Dierich,"[""10.1109/infvis.2003.1249029""]"
A5027284423,1,58.0,0,E. Jurrus,"[""10.1109/infvis.2000.885097""]"
A5027308198,1,3.0,0,Andre Waschk,"[""10.1109/tvcg.2019.2934370""]"
A5027313375,2,14.0,2,Xingdi Zhang,"[""10.1109/tvcg.2021.3115565"", ""10.1109/tvcg.2023.3326915""]"
A5027313464,5,198.0,1,Joachim Giesen,"[""10.1109/tvcg.2007.70542"", ""10.1109/tvcg.2008.118"", ""10.1109/tvcg.2012.186"", ""10.1109/tvcg.2022.3209374"", ""10.1109/visual.2000.885718""]"
A5027334086,1,8.0,0,Andrea Pinceti,"[""10.1109/tvcg.2022.3209380""]"
A5027360301,1,51.0,0,Ellen Gasparovic,"[""10.1109/tvcg.2019.2934242""]"
A5027360874,2,99.0,0,Çağatay Demiralp,"[""10.1109/tvcg.2009.125"", ""10.1109/tvcg.2009.141""]"
A5027362873,1,12.0,0,C.t. Silva,"[""10.1109/visual.1999.809875""]"
A5027381129,1,7.0,0,Dong Feng,"[""10.1109/visual.2001.964537""]"
A5027385475,1,44.0,0,Frederik Seiffert,"[""10.1109/tvcg.2010.206""]"
A5027402595,1,1.0,0,Sören Döring,"[""10.1109/tvcg.2022.3209429""]"
A5027462416,2,99.0,1,Shamkant B. Navathe,"[""10.1109/tvcg.2017.2744898"", ""10.1109/vast.2011.6102440""]"
A5027478975,1,30.0,0,T.s. Gieng,"[""10.1109/visual.1997.663906""]"
A5027513612,1,14.0,0,‪julia Docampo Sánchez‬,"[""10.1109/tvcg.2017.2744058""]"
A5027522481,1,5.0,1,Rebecca Mackenzie,"[""10.1109/tvcg.2022.3209403""]"
A5027526258,2,25.0,1,Iran R. Roman,"[""10.1109/tvcg.2023.3327396"", ""10.1109/tvcg.2024.3456388""]"
A5027548665,2,147.0,0,Bongwon Suh,"[""10.1109/vast.2006.261450"", ""10.1109/vast.2007.4389010""]"
A5027557042,1,15.0,0,Artem R. Oganov,"[""10.1109/vast.2008.4677351""]"
A5027583201,1,13.0,0,Raoul Hopf,"[""10.1109/tvcg.2014.2346459""]"
A5027589311,1,100.0,0,Steven Houben,"[""10.1109/tvcg.2021.3114835""]"
A5027616607,1,111.0,0,Xuedi Qin,"[""10.1109/tvcg.2021.3114848""]"
A5027626829,1,29.0,0,Wei Wu,"[""10.1109/vast.2015.7347630""]"
A5027659574,1,39.0,0,Si Qin,"[""10.1109/tvcg.2019.2934613""]"
A5027671723,3,191.0,0,Kun Zhou,"[""10.1109/tvcg.2008.176"", ""10.1109/tvcg.2014.2346594"", ""10.1109/tvcg.2020.3030392""]"
A5027673731,3,149.0,0,Alexander Rind,"[""10.1109/tvcg.2013.206"", ""10.1109/tvcg.2013.222"", ""10.1109/vast.2017.8585498""]"
A5027686327,1,37.0,0,Jörg Peters,"[""10.1109/tvcg.2008.115""]"
A5027744612,1,102.0,0,Insoo Woo,"[""10.1109/tvcg.2009.185""]"
A5027783320,1,5.0,0,Junbong Jang,"[""10.1109/visual.2003.1250409""]"
A5027812149,1,50.0,0,Simone Diniz Junqueira Barbosa,"[""10.1109/tvcg.2017.2745105""]"
A5027836272,5,270.0,0,Marc Rautenhaus,"[""10.1109/tvcg.2016.2598868"", ""10.1109/tvcg.2017.2743989"", ""10.1109/tvcg.2017.2745178"", ""10.1109/tvcg.2018.2864806"", ""10.1109/tvcg.2018.2864901""]"
A5027852213,5,106.0,0,Lars Linsen,"[""10.1109/tvcg.2008.164"", ""10.1109/tvcg.2008.167"", ""10.1109/tvcg.2017.2744339"", ""10.1109/tvcg.2018.2865118"", ""10.1109/tvcg.2024.3456394""]"
A5027857474,1,1.0,0,J. X. Prochaska,"[""10.1109/tvcg.2020.3030407""]"
A5027859763,1,8.0,0,Mehak Sachdeva,"[""10.1109/tvcg.2023.3327359""]"
A5027862555,4,194.0,0,David Günther,"[""10.1109/tvcg.2011.159"", ""10.1109/tvcg.2014.2346403"", ""10.1109/tvcg.2014.2346432"", ""10.1109/tvcg.2014.2346434""]"
A5027874724,1,31.0,0,Dana Higgins,"[""10.1109/tvcg.2016.2598518""]"
A5027883388,1,2.0,0,T.m. Morrow,"[""10.1109/visual.1993.398865""]"
A5027901813,1,16.0,0,Runfei Li,"[""10.1109/tvcg.2022.3209354""]"
A5027915931,1,12.0,0,Benno Stein,"[""10.1109/tvcg.2020.3030425""]"
A5027918086,1,2.0,0,Jack Nichols,"[""10.1109/visual.1995.485169""]"
A5027927334,1,8.0,0,James J. O’brien,"[""10.1109/visual.2002.1183822""]"
A5027930191,1,4.0,0,Zeyuan Huang,"[""10.1109/tvcg.2023.3326932""]"
A5027968724,1,3.0,0,Dr Stephen Maxwell,"[""10.1109/visual.2000.885727""]"
A5027973658,1,273.0,1,José Alberto Cuminato,"[""10.1109/tvcg.2011.220""]"
A5027987466,1,1.0,0,B.g. Wilde,"[""10.1109/visual.2005.1532829""]"
A5027999909,1,20.0,0,Jennis Meyer‐spradow,"[""10.1109/tvcg.2008.136""]"
A5028009047,1,170.0,0,Nicolas Riche,"[""10.1109/tvcg.2011.186""]"
A5028012490,1,28.0,0,Michael Schäfers,"[""10.1109/tvcg.2009.169""]"
A5028020405,1,83.0,0,V.w. Lee,"[""10.1109/tvcg.2009.164""]"
A5028028246,4,45.0,0,Thomas Müller,"[""10.1109/tvcg.2010.196"", ""10.1109/tvcg.2014.2346442"", ""10.1109/tvcg.2018.2864508"", ""10.1109/visual.2005.1532845""]"
A5028032741,1,53.0,0,Sunil Hadap,"[""10.1109/visual.1999.809885""]"
A5028035164,1,4.0,0,Sang Cheol Seok,"[""10.1109/vast.2009.5333917""]"
A5028074195,2,44.0,0,Michael Griebel,"[""10.1109/visual.2002.1183823"", ""10.1109/visual.2004.32""]"
A5028090225,1,16.0,0,Jordan Swartz,"[""10.1109/vast.2017.8585720""]"
A5028105754,1,27.0,0,W.e. Lorensen,"[""10.1109/visual.1995.485154""]"
A5028110202,1,89.0,0,Yingchaojie Feng,"[""10.1109/tvcg.2023.3327168""]"
A5028111343,3,102.0,0,Krishna Chaitanya Gurijala,"[""10.1109/tvcg.2010.200"", ""10.1109/tvcg.2012.210"", ""10.1109/tvcg.2013.139""]"
A5028115021,1,8.0,0,A. Kaufman,"[""10.1109/visual.2000.885702""]"
A5028118323,3,145.0,0,Lyndsey Franklin,"[""10.1109/tvcg.2016.2598460"", ""10.1109/vast.2008.4677366"", ""10.1109/vast.2017.8585669""]"
A5028120148,3,109.0,0,Dilip Mathew Thomas,"[""10.1109/tvcg.2011.236"", ""10.1109/tvcg.2013.148"", ""10.1109/tvcg.2014.2346332""]"
A5028125399,7,707.0,0,Ed H.,"[""10.1109/infvis.1997.636761"", ""10.1109/infvis.1999.801853"", ""10.1109/infvis.2000.885092"", ""10.1109/vast.2006.261418"", ""10.1109/vast.2007.4389010"", ""10.1109/visual.1995.480794"", ""10.1109/visual.1996.567796""]"
A5028145840,1,5.0,0,Sepideh Chakaveh,"[""10.1109/visual.1999.809920""]"
A5028230846,1,500.0,0,Chongxuan Li,"[""10.1109/tvcg.2016.2598831""]"
A5028237720,4,310.0,0,Teng‐yok Lee,"[""10.1109/tvcg.2009.200"", ""10.1109/tvcg.2010.131"", ""10.1109/tvcg.2011.219"", ""10.1109/tvcg.2013.152""]"
A5028264773,1,61.0,1,Shaun D. Jackman,"[""10.1109/tvcg.2009.116""]"
A5028265195,3,91.0,0,Andrea Unger,"[""10.1109/tvcg.2012.190"", ""10.1109/tvcg.2012.191"", ""10.1109/tvcg.2017.2744686""]"
A5028328053,5,278.0,1,Alfie Abdul‐rahman,"[""10.1109/tvcg.2012.197"", ""10.1109/tvcg.2021.3114828"", ""10.1109/tvcg.2022.3209448"", ""10.1109/tvcg.2022.3209491"", ""10.1109/tvcg.2023.3326923""]"
A5028354772,1,7.0,0,K.i. Joy,"[""10.1109/visual.2005.1532825""]"
A5028355998,1,129.0,0,D. Selassie,"[""10.1109/tvcg.2011.190""]"
A5028357447,4,288.0,1,John Riedl,"[""10.1109/infvis.1997.636761"", ""10.1109/infvis.1998.729560"", ""10.1109/visual.1995.480794"", ""10.1109/visual.1996.567796""]"
A5028376903,1,111.0,0,Andrew Cunningham,"[""10.1109/tvcg.2019.2934803""]"
A5028391969,2,30.0,0,John Kolojejchick,"[""10.1109/infvis.1995.528684"", ""10.1109/infvis.1997.636788""]"
A5028406899,1,216.0,0,Piero Molino,"[""10.1109/tvcg.2018.2864499""]"
A5028439227,2,89.0,0,Yinqi Sun,"[""10.1109/tvcg.2017.2745919"", ""10.1109/tvcg.2018.2864911""]"
A5028447826,1,97.0,0,Nick Drew,"[""10.1109/infvis.1995.528691""]"
A5028448267,1,11.0,0,David R. Karger,"[""10.1109/tvcg.2013.137""]"
A5028448431,1,0.0,0,Sebastian Weiß,"[""10.1109/tvcg.2021.3114769""]"
A5028461567,1,7.0,0,K. Koyamada,"[""10.1109/visual.1992.235213""]"
A5028506925,1,18.0,0,Liangge Hsu,"[""10.1109/tvcg.2019.2934402""]"
A5028513822,4,618.0,2,Andreas Stoffel,"[""10.1109/tvcg.2009.139"", ""10.1109/tvcg.2014.2346481"", ""10.1109/vast.2010.5652926"", ""10.1109/vast.2012.6400554""]"
A5028515568,2,6.0,0,M.j. Bailey,"[""10.1109/visual.1991.175814"", ""10.1109/visual.1992.235195""]"
A5028521082,2,142.0,0,J.p.m. Hultquist,"[""10.1109/visual.1992.235202"", ""10.1109/visual.1992.235211""]"
A5028521537,1,0.0,0,Hongyan Li,"[""10.1109/tvcg.2024.3456375""]"
A5028521832,1,42.0,0,C. Silva,"[""10.1109/visual.1994.346340""]"
A5028529600,1,39.0,0,W. Brent Seales,"[""10.1109/visual.2001.964509""]"
A5028531367,4,144.0,0,David Rogers,"[""10.1109/tvcg.2017.2743978"", ""10.1109/tvcg.2018.2865051"", ""10.1109/visual.2002.1183819"", ""10.1109/visual.2004.115""]"
A5028576402,1,7.0,0,M. Friedell,"[""10.1109/visual.1991.175819""]"
A5028583853,1,168.0,0,Johannes Günther,"[""10.1109/tvcg.2016.2599041""]"
A5028626524,1,38.0,0,Paul Ning,"[""10.1109/visual.1993.398845""]"
A5028646122,2,89.0,0,Bryan Chan,"[""10.1109/tvcg.2007.70617"", ""10.1109/tvcg.2008.178""]"
A5028650489,1,10.0,0,Rumi Hiraga,"[""10.1109/visual.2002.1183815""]"
A5028658741,1,28.0,0,Rishi Vanukuru,"[""10.1109/tvcg.2022.3209442""]"
A5028659844,3,4.0,1,Mathieu Pont,"[""10.1109/tvcg.2021.3114839"", ""10.1109/tvcg.2023.3326601"", ""10.1109/tvcg.2024.3456345""]"
A5028740118,1,62.0,0,David Sprague,"[""10.1109/tvcg.2007.70596""]"
A5028768474,1,28.0,0,Benjamin Mora,"[""10.1109/visual.2002.1183776""]"
A5028781666,4,153.0,0,Mark W. Jones,"[""10.1109/tvcg.2009.181"", ""10.1109/tvcg.2013.207"", ""10.1109/tvcg.2014.2346428"", ""10.1109/tvcg.2015.2467751""]"
A5028786756,1,47.0,0,Maxim Makhinya,"[""10.1109/tvcg.2011.198""]"
A5028789964,1,9.0,0,Yuriy Brun,"[""10.1109/tvcg.2023.3327192""]"
A5028792406,1,65.0,0,Tatiana Tekušová,"[""10.1109/vast.2008.4677350""]"
A5028793315,1,168.0,0,Dimitris Mitsouras,"[""10.1109/tvcg.2011.192""]"
A5028810096,1,10.0,0,H. Barbach,"[""10.1109/visual.1999.809895""]"
A5028841214,2,150.0,0,Simon Premože,"[""10.1109/visual.2002.1183764"", ""10.1109/visual.2003.1250412""]"
A5028843823,1,216.0,0,Lezhi Li,"[""10.1109/tvcg.2018.2864499""]"
A5028853183,1,23.0,0,Praveen Kumar Reddy Ojili,"[""10.1109/tvcg.2012.258""]"
A5028868240,1,47.0,0,Philipp Schlegel,"[""10.1109/tvcg.2011.198""]"
A5028885392,1,10.0,0,J.s. Rowlan,"[""10.1109/visual.1994.346341""]"
A5028885566,3,218.0,0,Tobias Höllerer,"[""10.1109/tvcg.2010.126"", ""10.1109/tvcg.2011.234"", ""10.1109/tvcg.2014.2346291""]"
A5028906205,3,350.0,0,David F. Wiley,"[""10.1109/tvcg.2007.70590"", ""10.1109/visual.1998.745315"", ""10.1109/visual.2005.1532826""]"
A5028908532,1,0.0,0,R. Kulkarni,"[""10.1109/visual.1995.485171""]"
A5028945768,1,18.0,0,Hansjörg Schmauder,"[""10.1109/tvcg.2016.2598898""]"
A5028969710,1,103.0,0,Remo Burkhard,"[""10.1109/tvcg.2017.2744159""]"
A5028974723,1,81.0,0,Reinhard Klein,"[""10.1109/visual.1996.568124""]"
A5028982390,3,139.0,0,David Kao,"[""10.1109/visual.1999.809906"", ""10.1109/visual.2000.885690"", ""10.1109/visual.2001.964550""]"
A5028995506,1,0.0,0,Lisanne V. Van Dijk,"[""10.1109/tvcg.2021.3114810""]"
A5028998272,1,80.0,1,Shubham Mehta,"[""10.1109/tvcg.2021.3114846""]"
A5029002380,1,96.0,0,Christoph Wimmer,"[""10.1109/tvcg.2012.221""]"
A5029074262,1,8.0,0,Olav Lenz,"[""10.1109/vast.2014.7042485""]"
A5029076777,2,51.0,0,Jörg Finger,"[""10.1109/infvis.1997.636759"", ""10.1109/tvcg.2007.70581""]"
A5029084614,2,84.0,0,Rick Walker,"[""10.1109/tvcg.2011.166"", ""10.1109/tvcg.2013.132""]"
A5029090764,1,18.0,0,Guy Warwick Evans,"[""10.1109/tvcg.2013.156""]"
A5029096599,1,22.0,0,John Crowe,"[""10.1109/visual.1998.745344""]"
A5029127355,1,5.0,0,P.c. Buijs,"[""10.1109/visual.1996.568134""]"
A5029161249,1,16.0,0,C. Williams,"[""10.1109/visual.1992.235207""]"
A5029166028,1,5.0,0,Marta Koć‐januchta,"[""10.1109/tvcg.2024.3456187""]"
A5029171090,1,2.0,0,B. C. Kaplan,"[""10.1109/visual.1990.146370""]"
A5029173221,4,269.0,0,Davide Ceneda,"[""10.1109/tvcg.2016.2598468"", ""10.1109/tvcg.2022.3209393"", ""10.1109/tvcg.2023.3326572"", ""10.1109/tvcg.2023.3327152""]"
A5029205068,1,50.0,0,Greg Banecki,"[""10.1109/visual.1993.398857""]"
A5029224773,1,50.0,0,Seymour Knowles Barley,"[""10.1109/tvcg.2014.2346371""]"
A5029235009,2,110.0,0,João L. D. Comba,"[""10.1109/tvcg.2008.122"", ""10.1109/tvcg.2016.2598624""]"
A5029283960,1,5.0,0,Allan R. Wilks,"[""10.1109/visual.1990.146369""]"
A5029293755,1,29.0,0,Heike Lorenz,"[""10.1109/visual.2004.24""]"
A5029305643,1,3.0,0,J.j. Van Wijk,"[""10.1109/infvis.2004.25""]"
A5029317616,5,630.0,1,Jorge Poco,"[""10.1109/scivis.2015.7429486"", ""10.1109/tvcg.2013.226"", ""10.1109/tvcg.2014.2346755"", ""10.1109/tvcg.2017.2744320"", ""10.1109/tvcg.2022.3209477""]"
A5029336209,25,935.0,1,Gerik Scheuermann,"[""10.1109/scivis.2015.7429491"", ""10.1109/tvcg.2006.196"", ""10.1109/tvcg.2007.70557"", ""10.1109/tvcg.2008.116"", ""10.1109/tvcg.2008.143"", ""10.1109/tvcg.2009.197"", ""10.1109/tvcg.2010.166"", ""10.1109/tvcg.2010.217"", ""10.1109/tvcg.2012.198"", ""10.1109/tvcg.2012.249"", ""10.1109/tvcg.2015.2467620"", ""10.1109/tvcg.2018.2864846"", ""10.1109/tvcg.2019.2934367"", ""10.1109/tvcg.2020.3028955"", ""10.1109/visual.1997.663858"", ""10.1109/visual.1999.809895"", ""10.1109/visual.1999.809897"", ""10.1109/visual.2000.885716"", ""10.1109/visual.2001.964506"", ""10.1109/visual.2001.964507"", ""10.1109/visual.2002.1183772"", ""10.1109/visual.2003.1250372"", ""10.1109/visual.2004.107"", ""10.1109/visual.2005.1532773"", ""10.1109/visual.2005.1532848""]"
A5029345382,2,32.0,1,Moqi He,"[""10.1109/tvcg.2022.3209373"", ""10.1109/tvcg.2024.3456200""]"
A5029374376,2,141.0,0,Haim Levkowitz,"[""10.1109/infvis.2004.68"", ""10.1109/visual.1991.175795""]"
A5029379745,1,38.0,0,Sagar Buch,"[""10.1109/tvcg.2020.3030374""]"
A5029385029,1,5.0,0,D.a. Lane,"[""10.1109/visual.1991.175804""]"
A5029399661,2,158.0,0,Peihong Guo,"[""10.1109/tvcg.2009.179"", ""10.1109/tvcg.2010.192""]"
A5029403462,1,0.0,0,Lisa M. Sobierajski,"[""10.1109/visual.1997.663927""]"
A5029417016,8,211.0,2,Lace Padilla,"[""10.1109/tvcg.2016.2599106"", ""10.1109/tvcg.2018.2865193"", ""10.1109/tvcg.2019.2934286"", ""10.1109/tvcg.2022.3209457"", ""10.1109/tvcg.2023.3326589"", ""10.1109/tvcg.2023.3326919"", ""10.1109/tvcg.2024.3456344"", ""10.1109/tvcg.2024.3456396""]"
A5029437914,1,12.0,0,Simon Urbanek,"[""10.1109/vast.2015.7347627""]"
A5029463759,2,141.0,0,Anthony J. Sherbondy,"[""10.1109/visual.2003.1250369"", ""10.1109/visual.2004.30""]"
A5029476039,4,166.0,0,Alan H. Barr,"[""10.1109/visual.2001.964524"", ""10.1109/visual.2001.964562"", ""10.1109/visual.2002.1183799"", ""10.1109/visual.2003.1250425""]"
A5029495631,2,52.0,0,Mitchell Chen,"[""10.1109/tvcg.2016.2599214"", ""10.1109/tvcg.2020.3028955""]"
A5029499960,1,9.0,0,S. Ken,"[""10.1109/vast.2014.7042481""]"
A5029506224,5,236.0,0,Yafeng Lu,"[""10.1109/tvcg.2015.2467991"", ""10.1109/tvcg.2018.2864843"", ""10.1109/tvcg.2018.2864844"", ""10.1109/vast.2014.7042495"", ""10.1109/vast50239.2020.00007""]"
A5029516239,1,94.0,0,Xin Li,"[""10.1109/tvcg.2016.2598416""]"
A5029588473,1,75.0,0,Jundong Li,"[""10.1109/tvcg.2019.2934631""]"
A5029613832,5,149.0,0,Frans M. Vos,"[""10.1109/tvcg.2006.158"", ""10.1109/tvcg.2012.292"", ""10.1109/visual.1998.745335"", ""10.1109/visual.2003.1250397"", ""10.1109/visual.2005.1532778""]"
A5029615266,1,31.0,0,S.m.f. Treavett,"[""10.1109/visual.2000.885696""]"
A5029621326,22,1420.0,1,Rüdiger Westermann,"[""10.1109/tvcg.2006.110"", ""10.1109/tvcg.2006.124"", ""10.1109/tvcg.2009.142"", ""10.1109/tvcg.2010.148"", ""10.1109/tvcg.2010.168"", ""10.1109/tvcg.2011.189"", ""10.1109/tvcg.2012.274"", ""10.1109/tvcg.2014.2346448"", ""10.1109/tvcg.2015.2467204"", ""10.1109/tvcg.2016.2598868"", ""10.1109/tvcg.2017.2743989"", ""10.1109/tvcg.2017.2745178"", ""10.1109/tvcg.2018.2864806"", ""10.1109/tvcg.2018.2864901"", ""10.1109/tvcg.2021.3114769"", ""10.1109/vast.2015.7347634"", ""10.1109/visual.1995.480809"", ""10.1109/visual.1999.809878"", ""10.1109/visual.2001.964521"", ""10.1109/visual.2003.1250384"", ""10.1109/visual.2003.1250385"", ""10.1109/visual.2005.1532780""]"
A5029628813,1,79.0,0,Erdem Kaya,"[""10.1109/tvcg.2016.2598470""]"
A5029654352,1,6.0,0,Behrooz Kamgar Parsi,"[""10.1109/visual.1991.175784""]"
A5029660064,1,14.0,0,Dennis Jen,"[""10.1109/visual.2004.46""]"
A5029714731,1,1.0,0,Jeffrey Riedmiller,"[""10.1109/tvcg.2024.3456405""]"
A5029758092,1,1.0,0,Ouxun Jiang,"[""10.1109/tvcg.2024.3456405""]"
A5029771386,1,120.0,0,Jorge Wagner,"[""10.1109/tvcg.2019.2934415""]"
A5029790391,1,4.0,0,Chunggi Lee,"[""10.1109/tvcg.2024.3456332""]"
A5029812935,1,24.0,0,Ethan Perry,"[""10.1109/infvis.2004.8""]"
A5029815396,20,723.0,3,Fanny Chevalier,"[""10.1109/tvcg.2011.195"", ""10.1109/tvcg.2012.226"", ""10.1109/tvcg.2013.167"", ""10.1109/tvcg.2013.210"", ""10.1109/tvcg.2014.2346424"", ""10.1109/tvcg.2015.2467733"", ""10.1109/tvcg.2016.2598469"", ""10.1109/tvcg.2016.2598543"", ""10.1109/tvcg.2017.2745118"", ""10.1109/tvcg.2017.2745279"", ""10.1109/tvcg.2018.2864905"", ""10.1109/tvcg.2019.2934288"", ""10.1109/tvcg.2020.3030433"", ""10.1109/tvcg.2020.3030464"", ""10.1109/tvcg.2021.3114849"", ""10.1109/tvcg.2022.3209444"", ""10.1109/tvcg.2023.3326520"", ""10.1109/tvcg.2024.3456192"", ""10.1109/tvcg.2024.3456336"", ""10.1109/vast.2010.5652896""]"
A5029818256,9,498.0,0,Helmut Doleisch,"[""10.1109/infvis.2002.1173157"", ""10.1109/tvcg.2007.70569"", ""10.1109/tvcg.2007.70588"", ""10.1109/tvcg.2008.139"", ""10.1109/tvcg.2009.198"", ""10.1109/tvcg.2011.216"", ""10.1109/tvcg.2011.217"", ""10.1109/tvcg.2012.259"", ""10.1109/visual.2005.1532850""]"
A5029839417,1,36.0,0,Christoph Schär,"[""10.1109/tvcg.2019.2934310""]"
A5029864677,3,206.0,0,Jeff Klingner,"[""10.1109/infvis.2002.1173150"", ""10.1109/tvcg.2007.70617"", ""10.1109/visual.2003.1250392""]"
A5029865870,1,134.0,1,P.j. Stroffolino,"[""10.1109/infvis.1996.559210""]"
A5029891014,1,37.0,0,Eileen Vote,"[""10.1109/visual.2001.964560""]"
A5029924721,2,207.0,0,Bireswar Laha,"[""10.1109/scivis.2015.7429485"", ""10.1109/tvcg.2016.2599107""]"
A5029956777,2,46.0,0,Wim C. De Leeuw,"[""10.1109/visual.1995.480817"", ""10.1109/visual.2000.885735""]"
A5029960085,1,0.0,0,B.f. Kim,"[""10.1109/visual.1990.146418""]"
A5030043185,1,9.0,0,Bob Baddeley,"[""10.1109/vast.2008.4677366""]"
A5030050956,1,41.0,0,Todd Plessel,"[""10.1109/visual.1990.146360""]"
A5030062789,1,13.0,0,R.v. Klassen,"[""10.1109/visual.1991.175792""]"
A5030066648,7,454.0,0,Jens Schneider,"[""10.1109/tvcg.2006.124"", ""10.1109/tvcg.2009.142"", ""10.1109/tvcg.2010.168"", ""10.1109/tvcg.2016.2599043"", ""10.1109/tvcg.2020.3030451"", ""10.1109/visual.2003.1250385"", ""10.1109/visual.2004.59""]"
A5030083928,1,3.0,0,M. Mckenna,"[""10.1109/visual.2002.1183818""]"
A5030084361,10,1163.0,1,Catherine Plaisant,"[""10.1109/infvis.2002.1173148"", ""10.1109/infvis.2002.1173156"", ""10.1109/tvcg.2009.187"", ""10.1109/tvcg.2013.200"", ""10.1109/tvcg.2013.231"", ""10.1109/tvcg.2020.3030347"", ""10.1109/tvcg.2022.3209487"", ""10.1109/vast.2006.261426"", ""10.1109/vast.2009.5333248"", ""10.1109/vast.2016.7883512""]"
A5030102646,1,57.0,0,James D. Weber,"[""10.1109/infvis.2000.885101""]"
A5030139366,8,452.0,1,W. J. Schroeder,"[""10.1109/visual.1991.175789"", ""10.1109/visual.1994.346339"", ""10.1109/visual.1996.567752"", ""10.1109/visual.1997.663883"", ""10.1109/visual.1998.745299"", ""10.1109/visual.1999.809891"", ""10.1109/visual.2004.15"", ""10.1109/visual.2005.1532776""]"
A5030146315,1,1.0,0,Zoltan Maliga,"[""10.1109/tvcg.2024.3456406""]"
A5030148225,3,78.0,0,Luke S. Snyder,"[""10.1109/tvcg.2019.2934603"", ""10.1109/tvcg.2019.2934614"", ""10.1109/tvcg.2023.3327172""]"
A5030165309,1,45.0,0,Francisco M. Fatore,"[""10.1109/tvcg.2014.2346276""]"
A5030169430,1,18.0,0,John E. West,"[""10.1109/visual.1999.809873""]"
A5030179454,19,976.0,1,David H. Laidlaw,"[""10.1109/scivis.2015.7429485"", ""10.1109/tvcg.2006.180"", ""10.1109/tvcg.2006.182"", ""10.1109/tvcg.2009.125"", ""10.1109/tvcg.2009.126"", ""10.1109/tvcg.2009.141"", ""10.1109/tvcg.2010.163"", ""10.1109/tvcg.2012.214"", ""10.1109/tvcg.2012.216"", ""10.1109/tvcg.2014.2346983"", ""10.1109/tvcg.2015.2467613"", ""10.1109/tvcg.2016.2598918"", ""10.1109/vast.2014.7042482"", ""10.1109/visual.1998.745294"", ""10.1109/visual.1999.809905"", ""10.1109/visual.2000.885731"", ""10.1109/visual.2001.964505"", ""10.1109/visual.2001.964545"", ""10.1109/visual.2001.964560""]"
A5030187840,2,99.0,0,Jim Davies,"[""10.1109/tvcg.2012.271"", ""10.1109/tvcg.2013.225""]"
A5030208731,1,14.0,0,Dieter Hönigmann,"[""10.1109/visual.2003.1250411""]"
A5030219659,2,89.0,1,Steve Bryson,"[""10.1109/visual.1991.175771"", ""10.1109/visual.1999.809911""]"
A5030234652,1,8.0,0,Jiafa Qin,"[""10.1109/visual.2000.885702""]"
A5030239592,1,15.0,0,Chuan Bu,"[""10.1109/tvcg.2020.3030404""]"
A5030265440,1,17.0,0,A. Pernicks,"[""10.1109/infvis.1995.528696""]"
A5030293383,3,131.0,0,Oliver Beuing,"[""10.1109/tvcg.2011.243"", ""10.1109/tvcg.2012.202"", ""10.1109/tvcg.2016.2598795""]"
A5030293804,5,133.0,1,Maoyuan Sun,"[""10.1109/tvcg.2014.2346665"", ""10.1109/tvcg.2015.2467813"", ""10.1109/tvcg.2017.2744458"", ""10.1109/tvcg.2018.2865039"", ""10.1109/tvcg.2021.3114801""]"
A5030329460,2,18.0,0,Minjeong Shin,"[""10.1109/tvcg.2024.3456340"", ""10.1109/vast47406.2019.8986934""]"
A5030334093,2,85.0,0,B. Heckel,"[""10.1109/visual.1999.809863"", ""10.1109/visual.2003.1250389""]"
A5030346871,1,6.0,0,Anna Eschenbacher,"[""10.1109/tvcg.2023.3327185""]"
A5030359278,1,2.0,1,Filip Opálený,"[""10.1109/tvcg.2024.3456401""]"
A5030373337,1,0.0,0,Scott Klasky,"[""10.1109/tvcg.2024.3456393""]"
A5030384394,13,666.0,0,Pak Chung Wong,"[""10.1109/infvis.1999.801866"", ""10.1109/infvis.2000.885097"", ""10.1109/infvis.2003.1249014"", ""10.1109/infvis.2005.1532131"", ""10.1109/tvcg.2008.135"", ""10.1109/vast.2006.261432"", ""10.1109/vast.2009.5333880"", ""10.1109/visual.1995.480811"", ""10.1109/visual.1996.567800"", ""10.1109/visual.1997.663866"", ""10.1109/visual.1997.663914"", ""10.1109/visual.1998.745302"", ""10.1109/visual.2000.885738""]"
A5030429587,1,3.0,0,Jinlu Yu,"[""10.1109/tvcg.2024.3456346""]"
A5030439152,12,684.0,1,Ronald Peikert,"[""10.1109/tvcg.2006.199"", ""10.1109/tvcg.2007.70554"", ""10.1109/tvcg.2009.173"", ""10.1109/tvcg.2012.243"", ""10.1109/visual.1996.568137"", ""10.1109/visual.1998.745296"", ""10.1109/visual.1999.809896"", ""10.1109/visual.2002.1183821"", ""10.1109/visual.2003.1250358"", ""10.1109/visual.2004.128"", ""10.1109/visual.2005.1532772"", ""10.1109/visual.2005.1532813""]"
A5030467884,1,69.0,0,Bill Fenner,"[""10.1109/infvis.1996.559226""]"
A5030485512,2,198.0,0,Paul Navrátil,"[""10.1109/tvcg.2007.70526"", ""10.1109/tvcg.2016.2599041""]"
A5030558597,1,0.0,0,Carmen Hull,"[""10.1109/tvcg.2021.3114792""]"
A5030567814,1,10.0,0,Majid Behravan,"[""10.1109/tvcg.2024.3456356""]"
A5030586741,1,37.0,0,Jason F. Shepherd,"[""10.1109/tvcg.2011.199""]"
A5030588495,1,4.0,0,A.e. Visser,"[""10.1109/visual.2000.885735""]"
A5030604423,1,11.0,0,Jin Chai,"[""10.1109/visual.1998.745281""]"
A5030624924,1,22.0,0,David Fyfe,"[""10.1109/vast.2006.261428""]"
A5030626594,1,63.0,0,Angela H. Depace,"[""10.1109/tvcg.2010.137""]"
A5030674376,1,18.0,0,Doug Kimelman,"[""10.1109/visual.1994.346322""]"
A5030681323,2,41.0,0,Rostislav Khlebnikov,"[""10.1109/tvcg.2011.184"", ""10.1109/tvcg.2013.180""]"
A5030688487,2,22.0,1,Erik C. Nisbet,"[""10.1109/tvcg.2023.3327356"", ""10.1109/tvcg.2024.3456366""]"
A5030703335,18,369.0,0,Andrew J. Hanson,"[""10.1109/tvcg.2006.176"", ""10.1109/tvcg.2007.70530"", ""10.1109/tvcg.2007.70593"", ""10.1109/tvcg.2008.182"", ""10.1109/tvcg.2009.147"", ""10.1109/visual.1990.146370"", ""10.1109/visual.1991.175821"", ""10.1109/visual.1992.235222"", ""10.1109/visual.1993.398869"", ""10.1109/visual.1994.346324"", ""10.1109/visual.1994.346330"", ""10.1109/visual.1995.480804"", ""10.1109/visual.1997.663876"", ""10.1109/visual.1998.745320"", ""10.1109/visual.1998.745326"", ""10.1109/visual.1999.809893"", ""10.1109/visual.2005.1532803"", ""10.1109/visual.2005.1532804""]"
A5030705917,1,36.0,0,Bridget Moynihan,"[""10.1109/tvcg.2015.2467452""]"
A5030710520,1,31.0,0,Mayya Komisarchik,"[""10.1109/tvcg.2016.2598518""]"
A5030758481,1,1.0,0,Austin H. Patton,"[""10.1109/tvcg.2020.3030405""]"
A5030815730,1,15.0,0,Martin Brady,"[""10.1109/visual.1997.663878""]"
A5030816529,1,6.0,0,Loann Giovannangeli,"[""10.1109/tvcg.2023.3326596""]"
A5030823954,5,294.0,0,David Ellsworth,"[""10.1109/tvcg.2006.128"", ""10.1109/tvcg.2011.252"", ""10.1109/visual.1997.663888"", ""10.1109/visual.2003.1250420"", ""10.1109/visual.2004.55""]"
A5030844022,1,6.0,0,Hyunggoog Seo,"[""10.1109/scivis.2015.7429493""]"
A5030890781,5,147.0,0,Jürgen Waser,"[""10.1109/tvcg.2009.199"", ""10.1109/tvcg.2011.225"", ""10.1109/tvcg.2012.243"", ""10.1109/tvcg.2012.261"", ""10.1109/tvcg.2014.2346930""]"
A5030896164,6,305.0,0,Chandrajit Bajaj,"[""10.1109/visual.1994.346335"", ""10.1109/visual.1997.663875"", ""10.1109/visual.1998.745284"", ""10.1109/visual.1999.809902"", ""10.1109/visual.2000.885724"", ""10.1109/visual.2004.103""]"
A5030897241,1,12.0,0,Jacques Élion,"[""10.1109/visual.2000.885731""]"
A5030913654,1,0.0,0,Robert Barnes,"[""10.1109/tvcg.2020.3030409""]"
A5030916818,2,5.0,1,Astrid Van Den Brandt,"[""10.1109/tvcg.2024.3456298"", ""10.1109/tvcg.2024.3456598""]"
A5030947682,1,4.0,0,Paul Van Der Corput,"[""10.1109/tvcg.2014.2346437""]"
A5030947996,1,17.0,0,R.j. Moorhead,"[""10.1109/visual.1994.346332""]"
A5030963153,1,46.0,0,Russell S. Harmon,"[""10.1109/tvcg.2010.202""]"
A5030967328,1,36.0,0,John Reppy,"[""10.1109/tvcg.2015.2467449""]"
A5030968176,1,14.0,0,Frank Krüger,"[""10.1109/vast.2015.7347629""]"
A5030975812,3,106.0,0,Mueller Klaus,"[""10.1109/tvcg.2012.186"", ""10.1109/tvcg.2012.234"", ""10.1109/vast.2007.4388999""]"
A5031005751,1,44.0,0,Guia Gali,"[""10.1109/tvcg.2013.210""]"
A5031011577,1,8.0,0,Richard B. Mitchell,"[""10.1109/infvis.1995.528693""]"
A5031014013,1,30.0,0,Kenichi Yoshida,"[""10.1109/tvcg.2006.167""]"
A5031027560,1,25.0,0,Nathan Gossett,"[""10.1109/infvis.2004.52""]"
A5031030297,1,10.0,0,Pasindu Tennakoon,"[""10.1109/tvcg.2022.3209395""]"
A5031038591,1,0.0,0,C. Small,"[""10.1109/visual.1992.235176""]"
A5031047896,1,27.0,0,Vinod Anupam,"[""10.1109/infvis.1995.528690""]"
A5031054371,1,3.0,0,Ben Swallow,"[""10.1109/tvcg.2022.3209464""]"
A5031057530,15,2990.0,5,Alexander Lex,"[""10.1109/tvcg.2010.138"", ""10.1109/tvcg.2011.183"", ""10.1109/tvcg.2011.250"", ""10.1109/tvcg.2013.154"", ""10.1109/tvcg.2013.173"", ""10.1109/tvcg.2014.2346248"", ""10.1109/tvcg.2014.2346260"", ""10.1109/tvcg.2014.2346752"", ""10.1109/tvcg.2015.2467911"", ""10.1109/tvcg.2018.2865149"", ""10.1109/tvcg.2020.3030405"", ""10.1109/tvcg.2022.3209451"", ""10.1109/tvcg.2024.3456186"", ""10.1109/tvcg.2024.3456193"", ""10.1109/vast47406.2019.8986909""]"
A5031059601,3,80.0,1,Jen‐ping Chen,"[""10.1109/tvcg.2015.2467952"", ""10.1109/tvcg.2016.2598604"", ""10.1109/tvcg.2018.2864801""]"
A5031082206,4,273.0,0,Tai‐quan Peng,"[""10.1109/tvcg.2013.221"", ""10.1109/tvcg.2014.2346919"", ""10.1109/tvcg.2024.3456181"", ""10.1109/vast.2016.7883511""]"
A5031117535,7,472.0,1,Yarden Livnat,"[""10.1109/infvis.2005.1532134"", ""10.1109/tvcg.2017.2745141"", ""10.1109/visual.1996.568121"", ""10.1109/visual.1996.568144"", ""10.1109/visual.1998.745300"", ""10.1109/visual.1998.745713"", ""10.1109/visual.2004.52""]"
A5031138186,3,71.0,1,David Kouřil,"[""10.1109/tvcg.2017.2744518"", ""10.1109/tvcg.2018.2864491"", ""10.1109/tvcg.2019.2934334""]"
A5031152171,1,4.0,0,D.w. Robertson,"[""10.1109/visual.1991.175834""]"
A5031154480,1,7.0,1,Di Yang,"[""10.1109/tvcg.2023.3326603""]"
A5031166875,1,25.0,0,Wolfgang Kienreich,"[""10.1109/infvis.2004.19""]"
A5031175155,2,2.0,1,Dawar Khan,"[""10.1109/tvcg.2023.3326595"", ""10.1109/tvcg.2024.3456404""]"
A5031186288,1,57.0,0,Thomas J. Overbye,"[""10.1109/infvis.2000.885101""]"
A5031195074,1,8.0,0,F. Grave,"[""10.1109/visual.2005.1532845""]"
A5031218830,3,382.0,0,Mahsa Mirzargar,"[""10.1109/tvcg.2011.230"", ""10.1109/tvcg.2013.143"", ""10.1109/tvcg.2014.2346455""]"
A5031222275,2,92.0,0,Gokul Varadhan,"[""10.1109/visual.2002.1183759"", ""10.1109/visual.2003.1250360""]"
A5031223627,1,1.0,0,P. Hsu,"[""10.1109/visual.1990.146394""]"
A5031236945,1,51.0,0,Denis Kalkofen,"[""10.1109/tvcg.2013.154""]"
A5031246877,2,10.0,0,Andrew H. Stevens,"[""10.1109/tvcg.2015.2467962"", ""10.1109/tvcg.2016.2598448""]"
A5031259393,1,22.0,0,J. F. Bingert,"[""10.1109/tvcg.2007.70543""]"
A5031288407,1,28.0,0,Krishna M. Roskin,"[""10.1109/visual.2000.885714""]"
A5031297466,3,44.0,1,João Rulff,"[""10.1109/tvcg.2022.3209489"", ""10.1109/tvcg.2023.3327396"", ""10.1109/tvcg.2024.3456388""]"
A5031309249,1,205.0,0,Ben Scales,"[""10.1109/visual.1999.809883""]"
A5031309490,6,169.0,0,Peter Hastreiter,"[""10.1109/tvcg.2006.151"", ""10.1109/visual.1999.809892"", ""10.1109/visual.2000.885729"", ""10.1109/visual.2001.964542"", ""10.1109/visual.2005.1532777"", ""10.1109/visual.2005.1532805""]"
A5031353585,2,8.0,1,Florian Wetzels,"[""10.1109/tvcg.2023.3326526"", ""10.1109/tvcg.2023.3326601""]"
A5031355567,1,591.0,0,Mark Miller,"[""10.1109/visual.1997.663860""]"
A5031398497,2,25.0,1,Juan Pablo Bello,"[""10.1109/tvcg.2023.3327396"", ""10.1109/tvcg.2024.3456388""]"
A5031400973,1,24.0,0,Johanna D. Moore,"[""10.1109/infvis.1998.729564""]"
A5031430479,1,32.0,0,Rimma V. Nehme,"[""10.1109/vast.2007.4388993""]"
A5031431096,1,33.0,0,Trevor M. O'brien,"[""10.1109/tvcg.2010.163""]"
A5031432252,1,15.0,0,Allen Van Gelder,"[""10.1109/visual.1993.398853""]"
A5031483176,2,5.0,1,Huyen N. Nguyen,"[""10.1109/tvcg.2024.3456298"", ""10.1109/tvcg.2024.3456598""]"
A5031490866,4,578.0,1,C. Montani,"[""10.1109/tvcg.2006.115"", ""10.1109/visual.1994.346308"", ""10.1109/visual.1998.745285"", ""10.1109/visual.2000.885680""]"
A5031490906,2,20.0,0,Yiwen Zhong,"[""10.1109/tvcg.2012.242"", ""10.1109/vast.2008.4677369""]"
A5031512976,1,2.0,0,J. Hahn,"[""10.1109/visual.1994.346303""]"
A5031570473,10,401.0,0,Robert S. Laramee,"[""10.1109/tvcg.2009.181"", ""10.1109/tvcg.2011.166"", ""10.1109/tvcg.2011.170"", ""10.1109/tvcg.2011.204"", ""10.1109/tvcg.2018.2864817"", ""10.1109/tvcg.2019.2934314"", ""10.1109/tvcg.2023.3327378"", ""10.1109/visual.2003.1250364"", ""10.1109/visual.2004.59"", ""10.1109/visual.2005.1532850""]"
A5031580177,2,13.0,0,R.d. Bergeron,"[""10.1109/visual.1997.663866"", ""10.1109/visual.1997.663914""]"
A5031596501,9,282.0,0,Rita Borgo,"[""10.1109/tvcg.2006.145"", ""10.1109/tvcg.2010.150"", ""10.1109/tvcg.2012.197"", ""10.1109/tvcg.2014.2346428"", ""10.1109/tvcg.2015.2467751"", ""10.1109/tvcg.2022.3209464"", ""10.1109/tvcg.2022.3209491"", ""10.1109/tvcg.2023.3326576"", ""10.1109/tvcg.2023.3326923""]"
A5031598846,2,59.0,0,Carlos A. Dietrich,"[""10.1109/tvcg.2008.122"", ""10.1109/vast.2014.7042478""]"
A5031659894,4,233.0,0,Lujin Wang,"[""10.1109/tvcg.2007.70542"", ""10.1109/tvcg.2008.118"", ""10.1109/visual.2004.35"", ""10.1109/visual.2005.1532818""]"
A5031667471,1,12.0,0,D. Zorin,"[""10.1109/visual.2001.964500""]"
A5031672248,1,153.0,1,Steve Marschner,"[""10.1109/visual.1994.346331""]"
A5031718735,1,27.0,0,Zvi Polunsky,"[""10.1109/infvis.1998.729561""]"
A5031783624,1,27.0,0,D.s. Fussell,"[""10.1109/visual.1990.146377""]"
A5031784602,1,6.0,1,Huawei Zheng,"[""10.1109/tvcg.2024.3456150""]"
A5031873697,1,36.0,0,Jay Summet,"[""10.1109/tvcg.2008.185""]"
A5031874754,1,0.0,0,Marko Řeháček,"[""10.1109/tvcg.2020.3030356""]"
A5031886887,2,23.0,0,Hai‐ning Liang,"[""10.1109/tvcg.2023.3326517"", ""10.1109/tvcg.2024.3456368""]"
A5031905656,1,36.0,0,Nikolina Ban,"[""10.1109/tvcg.2019.2934310""]"
A5031951061,1,276.0,0,Paulo Rauber,"[""10.1109/tvcg.2016.2598838""]"
A5031972964,2,313.0,0,Nina Amenta,"[""10.1109/infvis.2002.1173150"", ""10.1109/visual.2005.1532826""]"
A5031976982,1,6.0,0,M. Jakab,"[""10.1109/visual.2003.1250424""]"
A5031984771,1,68.0,0,Peter Djeu,"[""10.1109/visual.2004.103""]"
A5031995008,1,81.0,1,Haojin Jiang,"[""10.1109/tvcg.2020.3030428""]"
A5032013640,2,201.0,0,Xinyue Xu,"[""10.1109/tvcg.2020.3030403"", ""10.1109/tvcg.2021.3114804""]"
A5032025029,6,240.0,0,T. J. Jankun Kelly,"[""10.1109/infvis.2003.1249009"", ""10.1109/tvcg.2006.133"", ""10.1109/tvcg.2006.181"", ""10.1109/vast.2009.5332586"", ""10.1109/visual.2000.885678"", ""10.1109/visual.2002.1183791""]"
A5032045555,1,11.0,0,Luis E. C. Rocha,"[""10.1109/tvcg.2022.3209477""]"
A5032108833,1,16.0,0,Jiayi Zhou,"[""10.1109/tvcg.2022.3209385""]"
A5032110952,1,67.0,0,John G. Hardy,"[""10.1109/tvcg.2016.2598498""]"
A5032113086,2,76.0,0,Martin Hering‐bertram,"[""10.1109/tvcg.2007.70575"", ""10.1109/tvcg.2007.70579""]"
A5032121234,1,56.0,0,Dan Goldwasser,"[""10.1109/tvcg.2019.2934614""]"
A5032157145,1,35.0,0,Betul Salman,"[""10.1109/vast.2016.7883515""]"
A5032164035,1,30.0,0,Yue Lin,"[""10.1109/tvcg.2023.3326913""]"
A5032170599,1,591.0,0,Murray Wolinsky,"[""10.1109/visual.1997.663860""]"
A5032186518,1,35.0,0,Vladimír Pekar,"[""10.1109/visual.2001.964515""]"
A5032237649,1,28.0,0,Yiyang Tang,"[""10.1109/tvcg.2019.2934660""]"
A5032260069,1,11.0,0,Niklas Röber,"[""10.1109/visual.2001.964554""]"
A5032271246,1,33.0,0,Dustin Scheinost,"[""10.1109/tvcg.2008.150""]"
A5032280607,3,143.0,0,Tommy Dang,"[""10.1109/tvcg.2010.197"", ""10.1109/tvcg.2014.2346572"", ""10.1109/vast.2012.6400490""]"
A5032301842,2,91.0,0,Oliver Staadt,"[""10.1109/visual.1995.480805"", ""10.1109/visual.1998.745329""]"
A5032305401,18,1793.0,4,Pierre Dragicevic,"[""10.1109/tvcg.2008.153"", ""10.1109/tvcg.2010.159"", ""10.1109/tvcg.2011.160"", ""10.1109/tvcg.2012.199"", ""10.1109/tvcg.2013.134"", ""10.1109/tvcg.2013.163"", ""10.1109/tvcg.2014.2346279"", ""10.1109/tvcg.2014.2346424"", ""10.1109/tvcg.2015.2467851"", ""10.1109/tvcg.2016.2598594"", ""10.1109/tvcg.2016.2598608"", ""10.1109/tvcg.2017.2744298"", ""10.1109/tvcg.2017.2745138"", ""10.1109/tvcg.2018.2865141"", ""10.1109/tvcg.2018.2865159"", ""10.1109/tvcg.2021.3114787"", ""10.1109/tvcg.2021.3114844"", ""10.1109/tvcg.2023.3327361""]"
A5032314866,1,6.0,0,Sophie Pallanck,"[""10.1109/tvcg.2022.3209454""]"
A5032423369,1,4.0,0,Monroe Stephenson,"[""10.1109/visual.1990.146390""]"
A5032428632,1,21.0,0,Xue Wu,"[""10.1109/vast.2015.7347626""]"
A5032431005,1,55.0,0,Jiaojiao Ma,"[""10.1109/tvcg.2012.244""]"
A5032433963,3,237.0,0,Jörn Kohlhammer,"[""10.1109/tvcg.2013.178"", ""10.1109/vast.2008.4677350"", ""10.1109/vast.2011.6102448""]"
A5032454429,1,8.0,0,C. Zahn,"[""10.1109/visual.2005.1532845""]"
A5032473237,4,20.0,1,Peter Butcher,"[""10.1109/tvcg.2021.3114818"", ""10.1109/tvcg.2023.3326580"", ""10.1109/tvcg.2024.3456300"", ""10.1109/tvcg.2024.3456323""]"
A5032486279,1,80.0,1,Atharva Kulkarni,"[""10.1109/tvcg.2021.3114846""]"
A5032497881,1,2.0,0,B.k. Christensen,"[""10.1109/visual.1990.146419""]"
A5032501372,2,77.0,0,Jeremy Walton,"[""10.1109/visual.2000.885730"", ""10.1109/visual.2004.112""]"
A5032506972,1,74.0,0,Kyeongpil Kang,"[""10.1109/tvcg.2016.2598445""]"
A5032508993,1,70.0,0,Ellen K. Longmire,"[""10.1109/visual.2003.1250362""]"
A5032569518,1,18.0,0,Akhilesh Camisetty,"[""10.1109/tvcg.2018.2865039""]"
A5032571773,2,25.0,0,Fengyuan Tian,"[""10.1109/tvcg.2022.3209404"", ""10.1109/tvcg.2023.3326588""]"
A5032576857,1,25.0,0,David Schroh,"[""10.1109/vast.2006.261427""]"
A5032597626,1,77.0,0,Cheng‐kai Chen,"[""10.1109/tvcg.2010.212""]"
A5032598257,5,22.0,1,Ghulam Jilani Quadri,"[""10.1109/tvcg.2020.3030365"", ""10.1109/tvcg.2020.3030421"", ""10.1109/tvcg.2023.3327201"", ""10.1109/tvcg.2024.3456359"", ""10.1109/tvcg.2024.3456385""]"
A5032629207,2,56.0,0,Yasmin Reyazuddin,"[""10.1109/tvcg.2021.3114829"", ""10.1109/tvcg.2023.3326937""]"
A5032674263,1,71.0,0,Thomas Reinhardt,"[""10.1109/tvcg.2013.232""]"
A5032675715,1,89.0,0,Christian Hansen,"[""10.1109/tvcg.2006.172""]"
A5032676799,5,133.0,0,Markus Bögl,"[""10.1109/tvcg.2013.222"", ""10.1109/tvcg.2015.2467752"", ""10.1109/tvcg.2023.3327203"", ""10.1109/tvcg.2024.3456314"", ""10.1109/vast.2015.7347629""]"
A5032693567,1,3.0,0,Ahsan Qamar,"[""10.1109/tvcg.2020.3030382""]"
A5032694211,15,1132.0,1,Jing Yang,"[""10.1109/infvis.2002.1173151"", ""10.1109/infvis.2003.1249015"", ""10.1109/tvcg.2006.161"", ""10.1109/tvcg.2014.2346913"", ""10.1109/tvcg.2015.2467771"", ""10.1109/tvcg.2016.2598416"", ""10.1109/tvcg.2019.2934243"", ""10.1109/vast.2006.261425"", ""10.1109/vast.2007.4389003"", ""10.1109/vast.2007.4389005"", ""10.1109/vast.2007.4389009"", ""10.1109/vast.2008.4677368"", ""10.1109/vast.2010.5652885"", ""10.1109/vast.2011.6102447"", ""10.1109/vast.2016.7883511""]"
A5032698492,1,53.0,0,Colin N. Dewey,"[""10.1109/tvcg.2011.232""]"
A5032708386,2,39.0,0,Pheng‐ann Heng,"[""10.1109/tvcg.2009.147"", ""10.1109/visual.1997.663859""]"
A5032760251,1,13.0,0,Hai Lin,"[""10.1109/tvcg.2012.267""]"
A5032804052,1,81.0,0,Jörg Stefan Praßni,"[""10.1109/tvcg.2010.208""]"
A5032806988,1,8.0,0,D. Weiskopf,"[""10.1109/visual.2005.1532845""]"
A5032840693,1,12.0,0,Hui Ma,"[""10.1109/visual.1994.346330""]"
A5032861992,1,199.0,0,Sidney A. Morris,"[""10.1109/infvis.2003.1249010""]"
A5032871072,1,118.0,0,Nava Zokaei,"[""10.1109/tvcg.2018.2865040""]"
A5032889367,1,6.0,0,Guillaume Caumon,"[""10.1109/visual.2001.964511""]"
A5032911677,1,33.0,0,Eva Schuberth,"[""10.1109/tvcg.2007.70542""]"
A5032912229,1,5.0,0,C. Faigle,"[""10.1109/visual.1993.398861""]"
A5032952309,1,63.0,0,Hilko Cords,"[""10.1109/tvcg.2008.152""]"
A5032960364,1,16.0,0,Thomas Kindler,"[""10.1109/visual.1995.485157""]"
A5032979919,1,16.0,0,Frank Staals,"[""10.1109/tvcg.2016.2598619""]"
A5032984381,1,40.0,0,D. Foerster,"[""10.1109/tvcg.2012.292""]"
A5032999390,1,28.0,0,Atsumi Imamiya,"[""10.1109/visual.1998.745295""]"
A5033005087,1,0.0,0,Christoph Muehlmann,"[""10.1109/tvcg.2023.3327203""]"
A5033016473,1,3.0,0,Insung Ihm,"[""10.1109/visual.1995.480797""]"
A5033076979,14,1102.0,0,Markus Groß,"[""10.1109/infvis.1997.636759"", ""10.1109/infvis.1998.729562"", ""10.1109/tvcg.2017.2744118"", ""10.1109/tvcg.2019.2934313"", ""10.1109/tvcg.2020.3028947"", ""10.1109/visual.1995.480805"", ""10.1109/visual.1998.745329"", ""10.1109/visual.2000.885677"", ""10.1109/visual.2000.885722"", ""10.1109/visual.2001.964490"", ""10.1109/visual.2001.964523"", ""10.1109/visual.2002.1183771"", ""10.1109/visual.2003.1250358"", ""10.1109/visual.2005.1532813""]"
A5033107604,3,70.0,0,Benjamin Schindler,"[""10.1109/tvcg.2009.173"", ""10.1109/tvcg.2011.225"", ""10.1109/tvcg.2012.243""]"
A5033119598,2,37.0,0,Prithiviraj K. Muthumanickam,"[""10.1109/tvcg.2018.2865042"", ""10.1109/vast.2016.7883518""]"
A5033123604,1,1.0,1,Bon Adriel Aseniero,"[""10.1109/tvcg.2021.3114844""]"
A5033132966,1,27.0,0,Sebastian Baltes,"[""10.1109/vast.2016.7883520""]"
A5033144420,1,13.0,0,Alvin Law,"[""10.1109/tvcg.2010.189""]"
A5033174228,1,134.0,0,Lei Fang,"[""10.1109/tvcg.2019.2934785""]"
A5033202378,1,229.0,0,Kieran John,"[""10.1109/visual.2005.1532826""]"
A5033204089,1,5.0,0,J. Locherbach,"[""10.1109/visual.2005.1532828""]"
A5033233979,1,4.0,0,J.p. Ziebarth,"[""10.1109/visual.1996.568145""]"
A5033260752,1,0.0,0,T.a. Wagner,"[""10.1109/visual.1995.480816""]"
A5033303417,1,16.0,0,María Florencia Gargiulo,"[""10.1109/tvcg.2014.2346754""]"
A5033303585,1,41.0,0,Marc Antonijuan,"[""10.1109/visual.2002.1183800""]"
A5033315494,1,1.0,0,Vitória Guardieiro,"[""10.1109/tvcg.2024.3456365""]"
A5033319838,1,4.0,0,J.w. Durkin,"[""10.1109/visual.1994.346306""]"
A5033325324,1,20.0,0,Simon Butscher,"[""10.1109/vast.2018.8802486""]"
A5033394104,2,56.0,0,J. Jegorovs,"[""10.1109/tvcg.2006.125"", ""10.1109/visual.2005.1532790""]"
A5033419561,1,70.0,0,Chris M. Wood,"[""10.1109/tvcg.2011.176""]"
A5033421842,2,37.0,0,Christoph Peters,"[""10.1109/tvcg.2019.2934335"", ""10.1109/tvcg.2020.3030379""]"
A5033425538,1,64.0,0,Mingqian Zhao,"[""10.1109/vast.2016.7883517""]"
A5033429280,2,40.0,0,Jacqueline H. Chen,"[""10.1109/tvcg.2011.199"", ""10.1109/tvcg.2022.3209473""]"
A5033474694,1,25.0,0,Werner Klieber,"[""10.1109/infvis.2004.19""]"
A5033491632,1,36.0,0,Christopher K. Breuer,"[""10.1109/tvcg.2008.123""]"
A5033493878,1,96.0,0,Fidelia Ibekwe Sanjuan,"[""10.1109/vast.2006.261431""]"
A5033502364,1,5.0,0,Timothy E. Goldsmith,"[""10.1109/infvis.2003.1249021""]"
A5033503333,1,10.0,0,Gregory Guterman,"[""10.1109/tvcg.2016.2598789""]"
A5033509167,1,28.0,0,Daniel Orban,"[""10.1109/tvcg.2018.2865051""]"
A5033571530,1,46.0,0,Peter Rander,"[""10.1109/visual.1997.663893""]"
A5033612572,1,21.0,0,Einar Heiberg,"[""10.1109/visual.2002.1183797""]"
A5033627353,1,5.0,0,Manish Singhal,"[""10.1109/visual.2004.82""]"
A5033639139,1,68.0,0,Tim Althoff,"[""10.1109/tvcg.2020.3028985""]"
A5033663315,1,21.0,0,Feng Wang,"[""10.1109/tvcg.2018.2864850""]"
A5033721445,1,67.0,0,Jason Alexander,"[""10.1109/tvcg.2016.2598498""]"
A5033746662,3,69.0,0,Shichao Jia,"[""10.1109/tvcg.2019.2934667"", ""10.1109/tvcg.2021.3114793"", ""10.1109/tvcg.2022.3209459""]"
A5033801646,9,327.0,0,Harish Doraiswamy,"[""10.1109/scivis.2015.7429486"", ""10.1109/tvcg.2013.131"", ""10.1109/tvcg.2014.2346449"", ""10.1109/tvcg.2014.2346753"", ""10.1109/tvcg.2016.2598585"", ""10.1109/tvcg.2017.2743980"", ""10.1109/tvcg.2020.3030441"", ""10.1109/tvcg.2024.3456365"", ""10.1109/vast.2015.7347636""]"
A5033824612,1,9.0,0,C. Beshers,"[""10.1109/visual.1992.235197""]"
A5033833921,1,5.0,0,Paulo J. S. Silva,"[""10.1109/tvcg.2020.3030441""]"
A5033840361,1,89.0,0,Volker Dicken,"[""10.1109/tvcg.2006.172""]"
A5033859339,1,16.0,0,Shane Ahern,"[""10.1109/tvcg.2014.2346743""]"
A5033866336,2,18.0,0,Smiti Kaul,"[""10.1109/tvcg.2020.3030455"", ""10.1109/tvcg.2021.3114779""]"
A5033870450,1,82.0,0,Isaac Brewer,"[""10.1109/infvis.2000.885102""]"
A5033880198,2,56.0,0,Jan Möhring,"[""10.1109/tvcg.2006.125"", ""10.1109/visual.2005.1532790""]"
A5033881178,2,17.0,0,Pei Heng,"[""10.1109/visual.1990.146370"", ""10.1109/visual.1991.175821""]"
A5033893131,1,10.0,0,Michael G. Surette,"[""10.1109/visual.2002.1183781""]"
A5033907382,1,6.0,0,S. Nations,"[""10.1109/visual.1996.568149""]"
A5033912951,2,150.0,1,Ahmed Saad,"[""10.1109/tvcg.2010.152"", ""10.1109/tvcg.2011.248""]"
A5033915638,2,32.0,0,Dylan Cashman,"[""10.1109/tvcg.2019.2934261"", ""10.1109/tvcg.2020.3030443""]"
A5033915778,4,482.0,2,Stef Van Den Elzen,"[""10.1109/tvcg.2014.2346441"", ""10.1109/tvcg.2015.2468078"", ""10.1109/tvcg.2023.3326600"", ""10.1109/vast.2011.6102453""]"
A5033922620,1,47.0,0,Gareth Dylan Smith,"[""10.1109/infvis.1998.729553""]"
A5033949117,1,41.0,0,Wolfgang Herzner,"[""10.1109/tvcg.2014.2346626""]"
A5033951918,1,36.0,0,Yutaka Matsushita,"[""10.1109/infvis.1999.801861""]"
A5033953993,7,415.0,0,Stephen C. North,"[""10.1109/infvis.2002.1173144"", ""10.1109/infvis.2004.66"", ""10.1109/tvcg.2006.198"", ""10.1109/tvcg.2007.70522"", ""10.1109/tvcg.2016.2598495"", ""10.1109/vast.2015.7347627"", ""10.1109/visual.1999.809930""]"
A5033982024,1,12.0,0,James R. Matey,"[""10.1109/visual.1992.235189""]"
A5033987709,8,446.0,0,Aaron Knoll,"[""10.1109/scivis.2015.7429492"", ""10.1109/tvcg.2007.70566"", ""10.1109/tvcg.2009.204"", ""10.1109/tvcg.2012.287"", ""10.1109/tvcg.2015.2467432"", ""10.1109/tvcg.2016.2599040"", ""10.1109/tvcg.2016.2599041"", ""10.1109/tvcg.2017.2744079""]"
A5033988623,1,122.0,0,Alexander Erath,"[""10.1109/tvcg.2014.2346893""]"
A5033997618,1,100.0,0,Robin Valenza,"[""10.1109/vast.2014.7042493""]"
A5034015949,1,7.0,0,H. Ruder,"[""10.1109/visual.2000.885709""]"
A5034040010,2,378.0,0,Leishi Zhang,"[""10.1109/tvcg.2016.2598495"", ""10.1109/vast.2012.6400554""]"
A5034057959,1,9.0,0,Shing Chi Cheung,"[""10.1109/tvcg.2009.156""]"
A5034070218,1,67.0,0,James Allan,"[""10.1109/infvis.2000.885099""]"
A5034088838,1,39.0,0,Xiangyang Wu,"[""10.1109/vast50239.2020.00006""]"
A5034115460,1,67.0,0,Alistair D. M. Dove,"[""10.1109/tvcg.2014.2346249""]"
A5034116814,1,8.0,0,Rezaei Tohid,"[""10.1109/tvcg.2022.3209375""]"
A5034150082,3,23.0,0,Carolina Nobre,"[""10.1109/tvcg.2018.2865149"", ""10.1109/tvcg.2023.3326579"", ""10.1109/vast47406.2019.8986909""]"
A5034209052,1,0.0,0,Benjamin Niedermann,"[""10.1109/tvcg.2020.3030399""]"
A5034214530,4,209.0,0,Nicola Pezzotti,"[""10.1109/tvcg.2017.2744318"", ""10.1109/tvcg.2017.2744358"", ""10.1109/tvcg.2019.2934307"", ""10.1109/tvcg.2023.3326600""]"
A5034216581,1,134.0,0,David Kremers,"[""10.1109/visual.1998.745294""]"
A5034249691,1,261.0,1,Jamie O’brien,"[""10.1109/tvcg.2012.279""]"
A5034265732,1,57.0,0,A. Mackay Brandt,"[""10.1109/tvcg.2009.112""]"
A5034277129,1,4.0,0,Noah Syroid,"[""10.1109/visual.2003.1250352""]"
A5034277315,34,1937.0,2,Niklas Elmqvist,"[""10.1109/infvis.2003.1249025"", ""10.1109/tvcg.2008.153"", ""10.1109/tvcg.2009.191"", ""10.1109/tvcg.2010.162"", ""10.1109/tvcg.2012.264"", ""10.1109/tvcg.2013.223"", ""10.1109/tvcg.2014.2346747"", ""10.1109/tvcg.2014.2346911"", ""10.1109/tvcg.2015.2467051"", ""10.1109/tvcg.2015.2468292"", ""10.1109/tvcg.2016.2598445"", ""10.1109/tvcg.2017.2743990"", ""10.1109/tvcg.2017.2744478"", ""10.1109/tvcg.2018.2864884"", ""10.1109/tvcg.2018.2865119"", ""10.1109/tvcg.2018.2865144"", ""10.1109/tvcg.2018.2865237"", ""10.1109/tvcg.2019.2934288"", ""10.1109/tvcg.2019.2934786"", ""10.1109/tvcg.2019.2934803"", ""10.1109/tvcg.2020.3030358"", ""10.1109/tvcg.2020.3030429"", ""10.1109/tvcg.2021.3114829"", ""10.1109/tvcg.2022.3209472"", ""10.1109/tvcg.2023.3326521"", ""10.1109/tvcg.2023.3326580"", ""10.1109/tvcg.2023.3326594"", ""10.1109/tvcg.2023.3326937"", ""10.1109/tvcg.2024.3456300"", ""10.1109/tvcg.2024.3456340"", ""10.1109/tvcg.2024.3456347"", ""10.1109/vast.2007.4389013"", ""10.1109/vast.2012.6400491"", ""10.1109/vast.2016.7883506""]"
A5034283634,1,67.0,0,Bret Jackson,"[""10.1109/tvcg.2013.121""]"
A5034300560,2,11.0,0,Sanghun Park,"[""10.1109/scivis.2015.7429493"", ""10.1109/visual.2002.1183820""]"
A5034304352,4,73.0,0,Hui Huang,"[""10.1109/tvcg.2019.2934799"", ""10.1109/tvcg.2019.2934811"", ""10.1109/tvcg.2021.3114874"", ""10.1109/tvcg.2022.3209481""]"
A5034313249,1,62.0,0,Fuqu Wu,"[""10.1109/tvcg.2007.70596""]"
A5034329650,1,103.0,0,Danny Dorling,"[""10.1109/tvcg.2006.202""]"
A5034349335,1,30.0,0,Stephen Barrass,"[""10.1109/visual.1999.809884""]"
A5034354413,1,12.0,0,B. K. Spears,"[""10.1109/tvcg.2019.2934594""]"
A5034370661,1,13.0,1,Yongkang Xiao,"[""10.1109/tvcg.2024.3456364""]"
A5034377613,1,107.0,0,Carl‐fredrik Westin,"[""10.1109/tvcg.2006.134""]"
A5034425070,1,24.0,0,Seth Johnson,"[""10.1109/tvcg.2019.2934260""]"
A5034445169,1,69.0,0,Ulrike Kister,"[""10.1109/tvcg.2018.2865235""]"
A5034473228,1,20.0,0,Avin Pattath,"[""10.1109/vast.2006.261434""]"
A5034485452,1,2.0,1,Ciril Bohak,"[""10.1109/tvcg.2023.3326595""]"
A5034541117,2,79.0,0,Alexander Kumpf,"[""10.1109/tvcg.2017.2745178"", ""10.1109/tvcg.2018.2864901""]"
A5034541446,1,35.0,0,Mandy Keck,"[""10.1109/tvcg.2023.3327378""]"
A5034551531,1,3.0,0,Michael Ankele,"[""10.1109/tvcg.2018.2864845""]"
A5034588872,1,0.0,0,G. Medioni,"[""10.1109/visual.1997.663892""]"
A5034592842,1,25.0,0,Sumeet Tandon,"[""10.1109/vast.2006.261427""]"
A5034622258,1,295.0,0,Edward Choi,"[""10.1109/tvcg.2018.2865027""]"
A5034656506,1,18.0,0,Silvia Fademrecht,"[""10.1109/tvcg.2016.2598824""]"
A5034666613,1,2.0,0,Connor Wilson,"[""10.1109/tvcg.2024.3456349""]"
A5034670941,4,398.0,0,James Eagan,"[""10.1109/infvis.2005.1532131"", ""10.1109/infvis.2005.1532136"", ""10.1109/tvcg.2015.2467035"", ""10.1109/tvcg.2019.2934593""]"
A5034680150,1,12.0,0,Wendy E. Mackay,"[""10.1109/tvcg.2020.3028894""]"
A5034698887,2,231.0,0,Miquel Feixas,"[""10.1109/tvcg.2006.152"", ""10.1109/tvcg.2011.173""]"
A5034699298,19,779.0,0,Bernhard Preim,"[""10.1109/tvcg.2006.172"", ""10.1109/tvcg.2007.70569"", ""10.1109/tvcg.2008.161"", ""10.1109/tvcg.2011.217"", ""10.1109/tvcg.2011.243"", ""10.1109/tvcg.2012.202"", ""10.1109/tvcg.2013.169"", ""10.1109/tvcg.2013.189"", ""10.1109/tvcg.2014.2346405"", ""10.1109/tvcg.2014.2346406"", ""10.1109/tvcg.2014.2346591"", ""10.1109/tvcg.2015.2467203"", ""10.1109/tvcg.2015.2467961"", ""10.1109/tvcg.2015.2468291"", ""10.1109/tvcg.2016.2598603"", ""10.1109/tvcg.2016.2598795"", ""10.1109/tvcg.2018.2864509"", ""10.1109/visual.2001.964538"", ""10.1109/visual.2002.1183752""]"
A5034723250,3,21.0,0,Ken Museth,"[""10.1109/visual.2001.964562"", ""10.1109/visual.2002.1183773"", ""10.1109/visual.2004.102""]"
A5034747934,1,29.0,0,Winter Wei,"[""10.1109/tvcg.2019.2934797""]"
A5034754633,1,142.0,1,Ravi Ramamoorthi,"[""10.1109/tvcg.2014.2346446""]"
A5034772037,1,85.0,0,Lejun Shen,"[""10.1109/tvcg.2020.3030392""]"
A5034781038,1,1.0,0,Elizabeth Nanthakumar,"[""10.1109/visual.1999.809931""]"
A5034785989,2,35.0,0,Z. Konyha,"[""10.1109/visual.2003.1250417"", ""10.1109/visual.2005.1532821""]"
A5034806125,2,28.0,0,Mark Whiting,"[""10.1109/vast.2009.5333245"", ""10.1109/vast.2009.5333880""]"
A5034814164,4,42.0,0,Markus Wallinger,"[""10.1109/tvcg.2020.3030475"", ""10.1109/tvcg.2021.3114795"", ""10.1109/tvcg.2022.3209485"", ""10.1109/tvcg.2024.3456314""]"
A5034823616,1,14.0,0,Qiong Luo,"[""10.1109/tvcg.2023.3326522""]"
A5034823980,1,39.0,0,Jing Ma,"[""10.1109/tvcg.2014.2346898""]"
A5034827759,1,173.0,0,Xiaoli Qiao,"[""10.1109/tvcg.2018.2864889""]"
A5034830550,1,5.0,0,R.a. Becker,"[""10.1109/visual.1990.146369""]"
A5034838576,1,18.0,0,Cristina Nita Rotaru,"[""10.1109/tvcg.2020.3030366""]"
A5034840018,1,3.0,0,K. Reichenberger,"[""10.1109/visual.1995.480815""]"
A5034842879,6,385.0,0,Fred Hohman,"[""10.1109/tvcg.2017.2744898"", ""10.1109/tvcg.2019.2934659"", ""10.1109/tvcg.2020.3030418"", ""10.1109/tvcg.2021.3114858"", ""10.1109/tvcg.2024.3456371"", ""10.1109/vast47406.2019.8986948""]"
A5034874196,1,60.0,0,Guilherme P. Telles,"[""10.1109/vast.2007.4389002""]"
A5034939720,1,46.0,0,Agata Opalach,"[""10.1109/visual.2001.964496""]"
A5034961352,1,74.0,0,Wolfram Von Funck,"[""10.1109/tvcg.2008.163""]"
A5034961780,1,49.0,0,Zhenmin Peng,"[""10.1109/tvcg.2011.166""]"
A5034972111,1,13.0,0,Edyta P. Bogucka,"[""10.1109/tvcg.2020.3030391""]"
A5034972336,1,6.0,0,G. Ligierko,"[""10.1109/tvcg.2009.183""]"
A5034986549,1,68.0,0,Kelly M. T. Huffer,"[""10.1109/tvcg.2018.2865029""]"
A5034989458,2,307.0,1,Amy Karlson,"[""10.1109/tvcg.2010.194"", ""10.1109/vast.2006.261421""]"
A5035009196,1,36.0,0,Vivian Trakinski,"[""10.1109/tvcg.2019.2934259""]"
A5035024174,1,84.0,0,Mathias Kanzler,"[""10.1109/tvcg.2016.2598868""]"
A5035034341,1,2.0,0,K.n. Vidimce,"[""10.1109/visual.1997.663918""]"
A5035051008,1,134.0,0,Benjamin Eysenbach,"[""10.1109/tvcg.2017.2745085""]"
A5035052603,5,197.0,0,Naren Ramakrishnan,"[""10.1109/tvcg.2012.258"", ""10.1109/tvcg.2014.2346665"", ""10.1109/tvcg.2015.2467813"", ""10.1109/tvcg.2017.2745258"", ""10.1109/tvcg.2020.3030358""]"
A5035067971,2,113.0,1,Nicole Jardine,"[""10.1109/tvcg.2018.2864884"", ""10.1109/tvcg.2019.2934786""]"
A5035069592,1,11.0,0,Eirik Bakke,"[""10.1109/tvcg.2013.137""]"
A5035080566,2,42.0,0,Bo Dong,"[""10.1109/tvcg.2020.3030370"", ""10.1109/vast.2018.8802383""]"
A5035096541,2,38.0,0,John Keyser,"[""10.1109/tvcg.2006.197"", ""10.1109/tvcg.2008.179""]"
A5035109799,1,104.0,0,Francis P. Boscoe,"[""10.1109/infvis.1998.729563""]"
A5035145111,1,24.0,0,J. Durbin,"[""10.1109/visual.1996.568128""]"
A5035158211,1,113.0,0,Daniel Robbins,"[""10.1109/tvcg.2006.142""]"
A5035169954,3,91.0,0,Klaus Engel,"[""10.1109/visual.1999.809878"", ""10.1109/visual.2000.885729"", ""10.1109/visual.2002.1183762""]"
A5035190699,1,1.0,0,Y. Fang,"[""10.1109/visual.1992.235216""]"
A5035198129,1,10.0,0,Nicolas Brich,"[""10.1109/tvcg.2023.3327402""]"
A5035201965,2,38.0,0,David Mayerich,"[""10.1109/tvcg.2006.197"", ""10.1109/tvcg.2008.179""]"
A5035221985,2,9.0,0,Dirc Rose,"[""10.1109/visual.2002.1183829"", ""10.1109/visual.2004.58""]"
A5035230084,2,18.0,0,Pernette J. Verschure,"[""10.1109/tvcg.2006.195"", ""10.1109/visual.2000.885735""]"
A5035236941,1,4.0,0,Yifan Cao,"[""10.1109/tvcg.2023.3327155""]"
A5035239209,1,18.0,0,M. R. Falvo,"[""10.1109/visual.1997.663923""]"
A5035258949,1,9.0,0,S. Feiner,"[""10.1109/visual.1992.235197""]"
A5035284207,1,36.0,1,Ido Guy,"[""10.1109/vast.2011.6102443""]"
A5035290663,1,37.0,0,Sean Ho,"[""10.1109/visual.1999.809924""]"
A5035319717,1,20.0,0,Sarkis Halladjian,"[""10.1109/tvcg.2019.2934334""]"
A5035324384,1,82.0,0,Heba A. Abdo,"[""10.1109/infvis.2000.885102""]"
A5035326241,1,34.0,0,Amy A. Gooch,"[""10.1109/visual.2000.885692""]"
A5035328975,1,3.0,0,Harald Steinlechner,"[""10.1109/tvcg.2024.3456315""]"
A5035347745,1,24.0,0,Egemen Tanin,"[""10.1109/infvis.1997.636790""]"
A5035397707,2,13.0,0,Nils Rodrigues,"[""10.1109/tvcg.2017.2744018"", ""10.1109/tvcg.2022.3209429""]"
A5035404506,2,5.0,0,Shyh‐kuang Ueng,"[""10.1109/visual.2004.69"", ""10.1109/visual.2005.1532849""]"
A5035416919,1,6.0,0,Tobias Czauderna,"[""10.1109/tvcg.2019.2934557""]"
A5035433555,1,47.0,0,R. Grosso,"[""10.1109/visual.1997.663907""]"
A5035437939,1,19.0,0,Dustin Arendt,"[""10.1109/vast.2017.8585487""]"
A5035443322,5,193.0,1,Michael Glueck,"[""10.1109/tvcg.2015.2467733"", ""10.1109/tvcg.2016.2598469"", ""10.1109/tvcg.2016.2598543"", ""10.1109/tvcg.2017.2745118"", ""10.1109/tvcg.2017.2745279""]"
A5035456721,1,0.0,0,H. G. Mitchell,"[""10.1109/visual.2002.1183825""]"
A5035473399,1,37.0,0,Janine Camille Bennett,"[""10.1109/tvcg.2011.199""]"
A5035485219,1,19.0,0,Vlado Kešelj,"[""10.1109/vast.2012.6400484""]"
A5035492125,1,7.0,0,Ignacio Pérez Messina,"[""10.1109/tvcg.2023.3326572""]"
A5035507554,1,3.0,0,Yuheng Zhao,"[""10.1109/tvcg.2023.3326908""]"
A5035530630,1,0.0,0,Soumya Dutta,"[""10.1109/tvcg.2024.3456360""]"
A5035548763,2,8.0,0,Dru Clark,"[""10.1109/visual.1997.663862"", ""10.1109/visual.1998.745341""]"
A5035560166,1,67.0,0,Ye Xi,"[""10.1109/vast47406.2019.8986943""]"
A5035560254,2,35.0,0,André Guéziec,"[""10.1109/visual.1998.745327"", ""10.1109/visual.1999.809870""]"
A5035605036,1,5.0,1,Christos Faloutsos,"[""10.1109/tvcg.2022.3209403""]"
A5035642992,1,29.0,0,Franz Sauer,"[""10.1109/tvcg.2014.2346423""]"
A5035648097,1,8.0,1,Ingrid Zukerman,"[""10.1109/tvcg.2024.3456358""]"
A5035655126,1,21.0,0,Lorna W. Role,"[""10.1109/tvcg.2018.2864852""]"
A5035687843,4,94.0,1,Meng Xia,"[""10.1109/tvcg.2018.2864825"", ""10.1109/tvcg.2020.3030337"", ""10.1109/tvcg.2022.3209386"", ""10.1109/tvcg.2024.3456363""]"
A5035745117,1,1.0,0,Elisha Sacks,"[""10.1109/visual.1998.745349""]"
A5035785066,3,51.0,0,D. S. Thompson,"[""10.1109/tvcg.2008.183"", ""10.1109/visual.2002.1183789"", ""10.1109/visual.2004.94""]"
A5035785661,1,16.0,0,J. Timlin,"[""10.1109/visual.1991.175796""]"
A5035793070,1,6.0,0,A. Wallcraft,"[""10.1109/visual.1996.568149""]"
A5035828571,1,21.0,0,Camelia Daniela Brumar,"[""10.1109/tvcg.2023.3326904""]"
A5035834003,1,55.0,0,Mark R. Wax,"[""10.1109/visual.1999.809914""]"
A5035842819,1,45.0,0,Changgong Zhang,"[""10.1109/tvcg.2015.2467435""]"
A5035843473,1,134.0,1,C. Dunmire,"[""10.1109/infvis.1996.559210""]"
A5035885351,1,7.0,0,Rico Richter,"[""10.1109/tvcg.2023.3326569""]"
A5035894778,1,100.0,0,Daniel Afergan,"[""10.1109/tvcg.2015.2467758""]"
A5035925808,1,8.0,0,Regine Frank,"[""10.1109/visual.2005.1532845""]"
A5035945344,1,14.0,0,Márcio Roberto Silva Corrêa,"[""10.1109/visual.1999.809923""]"
A5035953953,2,58.0,0,Staffan Björk,"[""10.1109/infvis.1999.801857"", ""10.1109/infvis.2000.885094""]"
A5035982870,2,511.0,0,Alper Sarıkaya,"[""10.1109/tvcg.2017.2744184"", ""10.1109/tvcg.2018.2864903""]"
A5035997603,19,1339.0,3,Carlos Scheidegger,"[""10.1109/tvcg.2006.149"", ""10.1109/tvcg.2007.70584"", ""10.1109/tvcg.2008.122"", ""10.1109/tvcg.2008.160"", ""10.1109/tvcg.2008.174"", ""10.1109/tvcg.2009.194"", ""10.1109/tvcg.2013.179"", ""10.1109/tvcg.2014.2346325"", ""10.1109/tvcg.2015.2467992"", ""10.1109/tvcg.2016.2598624"", ""10.1109/tvcg.2016.2598694"", ""10.1109/tvcg.2018.2864907"", ""10.1109/tvcg.2018.2865194"", ""10.1109/tvcg.2019.2934802"", ""10.1109/tvcg.2020.3028891"", ""10.1109/tvcg.2021.3114837"", ""10.1109/tvcg.2022.3209375"", ""10.1109/vast.2015.7347627"", ""10.1109/visual.2005.1532788""]"
A5036028449,1,8.0,0,Jorge Luis Williams,"[""10.1109/visual.2005.1532784""]"
A5036044415,1,6.0,0,P. Flynn,"[""10.1109/visual.1996.568149""]"
A5036061766,1,14.0,0,Udo Adamy,"[""10.1109/visual.2000.885718""]"
A5036072031,1,0.0,0,W.m. Shackelford,"[""10.1109/visual.1992.235175""]"
A5036072216,3,223.0,0,He Huang,"[""10.1109/tvcg.2019.2934785"", ""10.1109/tvcg.2020.3030351"", ""10.1109/tvcg.2022.3209357""]"
A5036077882,1,142.0,1,Layla Shahamat,"[""10.1109/vast.2006.261421""]"
A5036084788,1,20.0,0,Zeng Dai,"[""10.1109/tvcg.2018.2864826""]"
A5036099845,2,71.0,0,Xian Xu,"[""10.1109/tvcg.2021.3114774"", ""10.1109/tvcg.2024.3456330""]"
A5036108100,1,48.0,0,George Drettakis,"[""10.1109/visual.2002.1183778""]"
A5036115482,1,1.0,0,Shanaz Y. Mistry,"[""10.1109/vast.2011.6102459""]"
A5036120336,3,70.0,1,Roque López,"[""10.1109/tvcg.2020.3030361"", ""10.1109/tvcg.2023.3327396"", ""10.1109/tvcg.2024.3456388""]"
A5036139759,1,19.0,0,Peter Xenopoulos,"[""10.1109/tvcg.2022.3209489""]"
A5036142396,1,85.0,0,Jean‐philip Piquemal,"[""10.1109/tvcg.2014.2346403""]"
A5036143215,1,46.0,0,B. A. Harmon,"[""10.1109/tvcg.2010.202""]"
A5036159118,9,91.0,1,Paul Rosen,"[""10.1109/tvcg.2010.127"", ""10.1109/tvcg.2019.2934802"", ""10.1109/tvcg.2020.3030365"", ""10.1109/tvcg.2020.3030421"", ""10.1109/tvcg.2021.3114784"", ""10.1109/tvcg.2023.3326592"", ""10.1109/tvcg.2023.3327201"", ""10.1109/tvcg.2024.3456359"", ""10.1109/tvcg.2024.3456393""]"
A5036177770,1,5.0,0,Wanna Luan,"[""10.1109/tvcg.2023.3326575""]"
A5036187752,1,15.0,0,A. Stompel,"[""10.1109/visual.2002.1183805""]"
A5036222351,1,18.0,0,Ilari Shafer,"[""10.1109/tvcg.2013.233""]"
A5036222891,1,3.0,0,A. Gubin,"[""10.1109/visual.2001.964541""]"
A5036235980,2,45.0,0,Christian Luksch,"[""10.1109/tvcg.2015.2468011"", ""10.1109/tvcg.2019.2934658""]"
A5036242744,1,22.0,0,Kaden R. A. Hazzard,"[""10.1109/visual.2004.23""]"
A5036254311,2,45.0,0,Christophe Mion,"[""10.1109/tvcg.2006.135"", ""10.1109/visual.2005.1532785""]"
A5036300289,10,1071.0,0,Michael Correll,"[""10.1109/tvcg.2013.183"", ""10.1109/tvcg.2014.2346298"", ""10.1109/tvcg.2016.2598618"", ""10.1109/tvcg.2018.2864889"", ""10.1109/tvcg.2018.2864903"", ""10.1109/tvcg.2018.2864907"", ""10.1109/tvcg.2019.2934796"", ""10.1109/tvcg.2021.3114830"", ""10.1109/tvcg.2023.3327158"", ""10.1109/vast.2016.7883519""]"
A5036300670,1,494.0,0,Leif Kobbelt,"[""10.1109/visual.2002.1183771""]"
A5036303821,1,39.0,1,Maik Schulze,"[""10.1109/tvcg.2015.2467200""]"
A5036325519,1,4.0,0,Marco Cavallo,"[""10.1109/tvcg.2018.2864477""]"
A5036469216,6,320.0,1,Jane Hoffswell,"[""10.1109/tvcg.2015.2467091"", ""10.1109/tvcg.2022.3209348"", ""10.1109/tvcg.2022.3209456"", ""10.1109/tvcg.2023.3326583"", ""10.1109/tvcg.2023.3327363"", ""10.1109/tvcg.2024.3456378""]"
A5036489223,27,1050.0,1,Oliver Deußen,"[""10.1109/infvis.2005.1532128"", ""10.1109/tvcg.2006.126"", ""10.1109/tvcg.2009.139"", ""10.1109/tvcg.2012.238"", ""10.1109/tvcg.2016.2598919"", ""10.1109/tvcg.2017.2743959"", ""10.1109/tvcg.2017.2745859"", ""10.1109/tvcg.2017.2745919"", ""10.1109/tvcg.2018.2864769"", ""10.1109/tvcg.2018.2864911"", ""10.1109/tvcg.2018.2864912"", ""10.1109/tvcg.2018.2865266"", ""10.1109/tvcg.2019.2934541"", ""10.1109/tvcg.2019.2934654"", ""10.1109/tvcg.2019.2934783"", ""10.1109/tvcg.2019.2934796"", ""10.1109/tvcg.2019.2934799"", ""10.1109/tvcg.2019.2934812"", ""10.1109/tvcg.2020.3030404"", ""10.1109/tvcg.2020.3030406"", ""10.1109/tvcg.2021.3114834"", ""10.1109/tvcg.2021.3114874"", ""10.1109/tvcg.2022.3209371"", ""10.1109/tvcg.2022.3209450"", ""10.1109/tvcg.2023.3327149"", ""10.1109/vast.2014.7042477"", ""10.1109/visual.2002.1183778""]"
A5036502813,2,298.0,0,Nilaksh Das,"[""10.1109/tvcg.2020.3030418"", ""10.1109/tvcg.2021.3114858""]"
A5036516049,1,37.0,0,Urška Cvek,"[""10.1109/infvis.2003.1249018""]"
A5036518572,1,18.0,0,Gerome Miklau,"[""10.1109/tvcg.2020.3030369""]"
A5036528208,2,11.0,1,Julian Thijssen,"[""10.1109/tvcg.2019.2934307"", ""10.1109/tvcg.2023.3326582""]"
A5036545001,2,104.0,0,Gunther Heidemann,"[""10.1109/tvcg.2012.222"", ""10.1109/vast.2012.6400492""]"
A5036555199,1,59.0,0,Xiaoru Lin,"[""10.1109/tvcg.2019.2934655""]"
A5036565819,1,4.0,0,Chaozu Zhang,"[""10.1109/tvcg.2023.3326930""]"
A5036569970,1,261.0,1,Daniel Swingley,"[""10.1109/tvcg.2012.279""]"
A5036572194,2,239.0,0,Dik Lun Lee,"[""10.1109/tvcg.2017.2744738"", ""10.1109/tvcg.2018.2864475""]"
A5036574896,1,0.0,0,G. Wiese,"[""10.1109/visual.1996.568132""]"
A5036615525,1,39.0,0,Thomas Wischgoll,"[""10.1109/tvcg.2011.260""]"
A5036617553,1,1.0,0,E.e. Falco,"[""10.1109/visual.1992.235181""]"
A5036650002,2,48.0,0,Douglas D. Davis,"[""10.1109/visual.1998.745342"", ""10.1109/visual.1999.809924""]"
A5036678816,1,246.0,0,Stefan Berchtold,"[""10.1109/infvis.1998.729559""]"
A5036688260,6,528.0,0,Daniel Cohen‐or,"[""10.1109/tvcg.2019.2934811"", ""10.1109/visual.1996.567812"", ""10.1109/visual.1997.663868"", ""10.1109/visual.1999.10189410"", ""10.1109/visual.2001.964489"", ""10.1109/visual.2002.1183795""]"
A5036714503,1,16.0,0,Aakash Goel,"[""10.1109/tvcg.2014.2346444""]"
A5036719171,1,21.0,0,Marc Antoine Parent,"[""10.1109/visual.1996.567745""]"
A5036723560,1,140.0,0,Chao Han,"[""10.1109/vast.2011.6102449""]"
A5036729475,2,201.0,0,Fuling Sun,"[""10.1109/tvcg.2020.3030403"", ""10.1109/tvcg.2021.3114804""]"
A5036750358,1,24.0,0,Christopher R. Schwalm,"[""10.1109/tvcg.2014.2346755""]"
A5036757793,1,11.0,0,John J. Baglino,"[""10.1109/tvcg.2019.2934620""]"
A5036762116,1,107.0,0,Jacky Yuan,"[""10.1109/tvcg.2014.2346746""]"
A5036775360,1,44.0,0,Stephan Rosswog,"[""10.1109/tvcg.2008.167""]"
A5036782759,1,31.0,0,Zhaosong Huang,"[""10.1109/tvcg.2019.2934671""]"
A5036789951,1,12.0,0,Brian C. Van Essen,"[""10.1109/tvcg.2019.2934594""]"
A5036806136,4,104.0,0,David A. Lane,"[""10.1109/visual.1990.146388"", ""10.1109/visual.1993.398848"", ""10.1109/visual.1994.346311"", ""10.1109/visual.1995.485145""]"
A5036872754,3,342.0,0,Jeremy Boy,"[""10.1109/tvcg.2014.2346984"", ""10.1109/tvcg.2015.2467201"", ""10.1109/tvcg.2017.2743998""]"
A5036885344,1,48.0,1,L.k. Forssell,"[""10.1109/visual.1994.346313""]"
A5036885836,1,59.0,0,Sadia Rubab,"[""10.1109/tvcg.2018.2864899""]"
A5036915550,1,70.0,0,Benjavan Upatising,"[""10.1109/tvcg.2012.215""]"
A5036918540,1,5.0,0,D. Becher,"[""10.1109/visual.2005.1532828""]"
A5036987560,1,356.0,1,Roland Fernandez,"[""10.1109/tvcg.2008.125""]"
A5036990371,1,0.0,0,Vanessa Portero Fernández,"[""10.1109/visual.1996.568132""]"
A5037010935,1,5.0,0,Udo Zlender,"[""10.1109/visual.1999.809920""]"
A5037020023,1,75.0,0,Martin J. Eppler,"[""10.1109/tvcg.2009.188""]"
A5037053327,1,1224.0,1,Edward Segel,"[""10.1109/tvcg.2010.179""]"
A5037057446,1,6.0,0,D.e. Breen,"[""10.1109/visual.1990.146367""]"
A5037085696,1,306.0,1,Halden Lin,"[""10.1109/tvcg.2018.2865240""]"
A5037106751,1,15.0,0,Yong Zhou,"[""10.1109/visual.1997.663869""]"
A5037110552,23,2611.0,2,Michael Sedlmair,"[""10.1109/tvcg.2010.206"", ""10.1109/tvcg.2012.213"", ""10.1109/tvcg.2012.255"", ""10.1109/tvcg.2013.126"", ""10.1109/tvcg.2013.153"", ""10.1109/tvcg.2014.2346321"", ""10.1109/tvcg.2014.2346578"", ""10.1109/tvcg.2016.2598495"", ""10.1109/tvcg.2016.2598827"", ""10.1109/tvcg.2017.2744138"", ""10.1109/tvcg.2017.2744818"", ""10.1109/tvcg.2017.2745859"", ""10.1109/tvcg.2017.2745919"", ""10.1109/tvcg.2018.2864911"", ""10.1109/tvcg.2018.2864912"", ""10.1109/tvcg.2019.2934796"", ""10.1109/tvcg.2020.3030400"", ""10.1109/tvcg.2020.3030404"", ""10.1109/tvcg.2020.3030406"", ""10.1109/tvcg.2021.3114797"", ""10.1109/tvcg.2022.3209427"", ""10.1109/tvcg.2022.3209449"", ""10.1109/tvcg.2023.3327398""]"
A5037132971,1,101.0,0,Karl Kashofer,"[""10.1109/tvcg.2010.138""]"
A5037140526,3,298.0,0,Yves Chiricota,"[""10.1109/infvis.2003.1249011"", ""10.1109/infvis.2004.47"", ""10.1109/tvcg.2010.205""]"
A5037161857,63,2609.0,3,Kwan‐liu Ma,"[""10.1109/tvcg.2007.70516"", ""10.1109/tvcg.2008.158"", ""10.1109/tvcg.2009.136"", ""10.1109/tvcg.2009.189"", ""10.1109/tvcg.2012.194"", ""10.1109/tvcg.2012.212"", ""10.1109/tvcg.2012.227"", ""10.1109/tvcg.2012.244"", ""10.1109/tvcg.2012.285"", ""10.1109/tvcg.2013.123"", ""10.1109/tvcg.2013.172"", ""10.1109/tvcg.2014.2346319"", ""10.1109/tvcg.2014.2346423"", ""10.1109/tvcg.2014.2346594"", ""10.1109/tvcg.2016.2598789"", ""10.1109/tvcg.2017.2743858"", ""10.1109/tvcg.2017.2745139"", ""10.1109/tvcg.2018.2864841"", ""10.1109/tvcg.2018.2865021"", ""10.1109/tvcg.2019.2934251"", ""10.1109/tvcg.2019.2934396"", ""10.1109/tvcg.2019.2934401"", ""10.1109/tvcg.2019.2934433"", ""10.1109/tvcg.2019.2934537"", ""10.1109/tvcg.2020.3028889"", ""10.1109/tvcg.2020.3030385"", ""10.1109/tvcg.2020.3030412"", ""10.1109/tvcg.2020.3030453"", ""10.1109/tvcg.2021.3114807"", ""10.1109/tvcg.2022.3209465"", ""10.1109/tvcg.2022.3209473"", ""10.1109/tvcg.2022.3209498"", ""10.1109/tvcg.2023.3326578"", ""10.1109/tvcg.2023.3327107"", ""10.1109/tvcg.2023.3327187"", ""10.1109/tvcg.2024.3456373"", ""10.1109/tvcg.2024.3456398"", ""10.1109/vast.2009.5332593"", ""10.1109/vast.2009.5332611"", ""10.1109/vast.2010.5652460"", ""10.1109/vast.2012.6400494"", ""10.1109/vast.2014.7042479"", ""10.1109/vast.2015.7347626"", ""10.1109/vast.2017.8585646"", ""10.1109/vast50239.2020.00008"", ""10.1109/vast50239.2020.00010"", ""10.1109/visual.1992.235227"", ""10.1109/visual.1993.398876"", ""10.1109/visual.1994.346328"", ""10.1109/visual.1997.663894"", ""10.1109/visual.1999.809871"", ""10.1109/visual.1999.809910"", ""10.1109/visual.2000.885678"", ""10.1109/visual.2000.885742"", ""10.1109/visual.2001.964520"", ""10.1109/visual.2002.1183791"", ""10.1109/visual.2002.1183805"", ""10.1109/visual.2002.1183816"", ""10.1109/visual.2003.1250413"", ""10.1109/visual.2003.1250415"", ""10.1109/visual.2003.1250418"", ""10.1109/visual.2004.64"", ""10.1109/visual.2005.1532820""]"
A5037162594,4,178.0,0,Yixuan Zhang,"[""10.1109/tvcg.2018.2865076"", ""10.1109/tvcg.2020.3030366"", ""10.1109/tvcg.2020.3030442"", ""10.1109/tvcg.2022.3209493""]"
A5037170665,2,9.0,0,D. Silver,"[""10.1109/visual.1991.175770"", ""10.1109/visual.1992.235174""]"
A5037174849,1,19.0,0,Frank Bossen,"[""10.1109/visual.1999.809870""]"
A5037200145,1,6.0,0,Marc Najork,"[""10.1109/visual.1994.346323""]"
A5037207779,2,120.0,0,Jeromy Carrière,"[""10.1109/infvis.1995.528689"", ""10.1109/infvis.1996.559212""]"
A5037213900,1,1.0,0,B. Yamron,"[""10.1109/visual.1991.175787""]"
A5037226596,1,88.0,0,Jie Gao,"[""10.1109/tvcg.2013.135""]"
A5037234614,1,6.0,0,Ziqin Luo,"[""10.1109/tvcg.2023.3327353""]"
A5037287342,1,13.0,0,Hossein Siadati,"[""10.1109/tvcg.2018.2865023""]"
A5037329012,1,203.0,0,Keith Clarke,"[""10.1109/tvcg.2007.70570""]"
A5037361121,1,15.0,0,Y. Abdrazakov,"[""10.1109/tvcg.2008.126""]"
A5037387341,1,73.0,0,Joseph A. Konstan,"[""10.1109/infvis.1997.636761""]"
A5037414175,1,39.0,0,Zachary Gaston,"[""10.1109/tvcg.2011.260""]"
A5037451153,1,58.0,0,Pierre J. Magistretti,"[""10.1109/tvcg.2017.2744278""]"
A5037482596,2,57.0,0,Daniel Acevedo,"[""10.1109/tvcg.2006.180"", ""10.1109/visual.2001.964560""]"
A5037488031,2,84.0,0,Frank Enders,"[""10.1109/tvcg.2006.151"", ""10.1109/visual.2005.1532777""]"
A5037495122,5,211.0,1,Jeff W. Lichtman,"[""10.1109/tvcg.2010.168"", ""10.1109/tvcg.2014.2346312"", ""10.1109/tvcg.2014.2346371"", ""10.1109/tvcg.2015.2467441"", ""10.1109/tvcg.2023.3327388""]"
A5037522383,1,81.0,1,Yitao Wu,"[""10.1109/tvcg.2020.3030428""]"
A5037546466,1,1.0,0,Philippe Blanchard,"[""10.1109/visual.1994.346300""]"
A5037557529,1,18.0,0,Gregory R. Ganger,"[""10.1109/tvcg.2013.233""]"
A5037565801,1,1.0,0,J. Wejchert,"[""10.1109/visual.1991.175781""]"
A5037571749,4,123.0,0,Stefan Jänicke,"[""10.1109/tvcg.2010.217"", ""10.1109/tvcg.2015.2467620"", ""10.1109/tvcg.2020.3028975"", ""10.1109/vast.2017.8585505""]"
A5037572274,1,36.0,0,Charles Meneveau,"[""10.1109/tvcg.2012.274""]"
A5037578563,3,214.0,1,Thomas Torsney Weir,"[""10.1109/tvcg.2011.248"", ""10.1109/tvcg.2016.2598589"", ""10.1109/tvcg.2022.3209464""]"
A5037582388,1,15.0,0,Q. Zhang,"[""10.1109/visual.1991.175805""]"
A5037585630,1,53.0,0,Danielle Albers,"[""10.1109/tvcg.2011.232""]"
A5037585757,1,14.0,0,D. Dooley,"[""10.1109/visual.1990.146395""]"
A5037648163,1,66.0,0,Mingze Ma,"[""10.1109/tvcg.2020.3030458""]"
A5037675411,23,1101.0,0,Chris North,"[""10.1109/infvis.2002.1173142"", ""10.1109/infvis.2002.1173158"", ""10.1109/infvis.2003.1249020"", ""10.1109/infvis.2004.5"", ""10.1109/tvcg.2006.184"", ""10.1109/tvcg.2009.109"", ""10.1109/tvcg.2012.260"", ""10.1109/tvcg.2013.188"", ""10.1109/tvcg.2013.205"", ""10.1109/tvcg.2014.2346665"", ""10.1109/tvcg.2015.2467813"", ""10.1109/tvcg.2017.2745258"", ""10.1109/tvcg.2018.2865047"", ""10.1109/tvcg.2020.3028890"", ""10.1109/tvcg.2024.3456143"", ""10.1109/vast.2009.5333245"", ""10.1109/vast.2010.5652932"", ""10.1109/vast.2011.6102449"", ""10.1109/vast.2012.6400559"", ""10.1109/vast.2014.7042492"", ""10.1109/vast.2015.7347628"", ""10.1109/vast.2018.8802424"", ""10.1109/visual.2002.1183806""]"
A5037678012,1,19.0,0,K. Museth,"[""10.1109/visual.2005.1532823""]"
A5037687998,1,14.0,0,Xiao Li Qiao,"[""10.1109/tvcg.2023.3326516""]"
A5037696368,1,0.0,0,William Horn,"[""10.1109/visual.2000.885700""]"
A5037700111,1,5.0,0,Jean‐jacques Hublin,"[""10.1109/visual.1992.235179""]"
A5037702709,1,26.0,0,François Guimbretière,"[""10.1109/infvis.1999.801869""]"
A5037704134,1,322.0,1,Doug Fritz,"[""10.1109/tvcg.2017.2744878""]"
A5037711609,2,49.0,0,Rebecca Faust,"[""10.1109/tvcg.2018.2865194"", ""10.1109/tvcg.2024.3456143""]"
A5037765669,5,155.0,1,Dirk Bartz,"[""10.1109/tvcg.2010.166"", ""10.1109/vast.2009.5333911"", ""10.1109/visual.1999.809912"", ""10.1109/visual.2003.1250370"", ""10.1109/visual.2005.1532855""]"
A5037788925,1,13.0,0,Ling Li,"[""10.1109/visual.2003.1250367""]"
A5037803556,1,61.0,0,Caitlin Gutheil,"[""10.1109/tvcg.2016.2598588""]"
A5037840720,1,31.0,0,Kylie Lin,"[""10.1109/tvcg.2021.3114823""]"
A5037842761,1,60.0,1,Payal Chandak,"[""10.1109/tvcg.2022.3209435""]"
A5037866250,1,4.0,0,Qian Zhu,"[""10.1109/tvcg.2024.3456210""]"
A5037889170,1,41.0,0,Jonathan Komperda,"[""10.1109/tvcg.2018.2864849""]"
A5037890696,1,64.0,0,Mark Woodward,"[""10.1109/tvcg.2008.130""]"
A5037903144,1,18.0,0,N. Walker,"[""10.1109/visual.1990.146374""]"
A5037976392,2,32.0,0,Reinhard Klein,"[""10.1109/tvcg.2008.124"", ""10.1109/tvcg.2015.2467198""]"
A5037990016,1,61.0,0,Johannes Kuntner,"[""10.1109/tvcg.2017.2744758""]"
A5038006548,1,20.0,0,Saijun Wang,"[""10.1109/visual.1995.485142""]"
A5038011119,1,53.0,0,Tianyi Lao,"[""10.1109/tvcg.2017.2745139""]"
A5038023755,2,30.0,0,Alexis Pister,"[""10.1109/tvcg.2020.3030347"", ""10.1109/tvcg.2024.3456192""]"
A5038025289,1,18.0,0,Prasenjit Mitra,"[""10.1109/vast.2007.4388991""]"
A5038027438,4,87.0,1,Fritz Lekschas,"[""10.1109/tvcg.2017.2745978"", ""10.1109/tvcg.2019.2934555"", ""10.1109/tvcg.2020.3028948"", ""10.1109/tvcg.2024.3456370""]"
A5038032626,1,22.0,0,Ian T. Ruginski,"[""10.1109/tvcg.2019.2934286""]"
A5038034454,1,35.0,1,Alexander H. Dalpke,"[""10.1109/tvcg.2020.3030437""]"
A5038043083,1,13.0,0,Sanja Šćepanović,"[""10.1109/tvcg.2020.3030391""]"
A5038058828,2,47.0,0,Martin Falk,"[""10.1109/tvcg.2015.2467294"", ""10.1109/tvcg.2018.2864816""]"
A5038061388,1,98.0,0,Jared Hoberock,"[""10.1109/tvcg.2008.151""]"
A5038083385,1,52.0,0,Bruno Vallet,"[""10.1109/tvcg.2006.173""]"
A5038096249,2,438.0,1,Robert E. Roth,"[""10.1109/tvcg.2012.279"", ""10.1109/tvcg.2013.130""]"
A5038105931,1,55.0,0,Markus Sonntag,"[""10.1109/tvcg.2006.151""]"
A5038106228,1,3.0,1,Robert L. Judson‐torres,"[""10.1109/tvcg.2024.3456193""]"
A5038199169,1,39.0,0,K. Riley,"[""10.1109/visual.2003.1250383""]"
A5038204892,2,165.0,1,Ralph F. Fuchs,"[""10.1109/tvcg.2009.199"", ""10.1109/tvcg.2010.223""]"
A5038259784,1,8.0,0,G. Schussman,"[""10.1109/visual.2000.885742""]"
A5038280012,1,3.0,0,S. Kuschfeldt,"[""10.1109/visual.1997.663928""]"
A5038282791,1,8.0,0,E. Zhang,"[""10.1109/tvcg.2008.176""]"
A5038299474,2,219.0,0,Roeland Scheepens,"[""10.1109/tvcg.2011.181"", ""10.1109/tvcg.2015.2467112""]"
A5038304753,1,31.0,0,Scott Butner,"[""10.1109/vast.2009.5333437""]"
A5038331765,1,5.0,1,Catalina Vajiac,"[""10.1109/tvcg.2022.3209403""]"
A5038334907,2,103.0,0,Nancy Collins,"[""10.1109/visual.1991.175818"", ""10.1109/visual.1992.235219""]"
A5038358235,1,2.0,0,Mandar Sharma,"[""10.1109/tvcg.2020.3030358""]"
A5038377581,1,28.0,0,Jerome Salem,"[""10.1109/visual.1991.175777""]"
A5038378351,1,48.0,0,Mustafa Bilgic,"[""10.1109/vast.2006.261429""]"
A5038384093,2,79.0,0,Qingyang Xu,"[""10.1109/tvcg.2021.3114832"", ""10.1109/vast50239.2020.00009""]"
A5038395206,3,274.0,0,Josua Krause,"[""10.1109/tvcg.2014.2346482"", ""10.1109/tvcg.2015.2467622"", ""10.1109/vast.2017.8585720""]"
A5038405087,2,83.0,0,X. Wang,"[""10.1109/visual.1996.567807"", ""10.1109/visual.1998.745288""]"
A5038419345,1,43.0,0,James A. Sethian,"[""10.1109/tvcg.2012.200""]"
A5038443740,1,47.0,0,Ray Juang,"[""10.1109/tvcg.2007.70586""]"
A5038464567,2,141.0,0,H. Pfister,"[""10.1109/visual.1994.346340"", ""10.1109/visual.1996.568113""]"
A5038470265,1,50.0,0,J. Gjelberg,"[""10.1109/tvcg.2008.170""]"
A5038482291,1,29.0,0,David S. Ebertk,"[""10.1109/vast.2016.7883514""]"
A5038523801,1,98.0,0,Rohit Ashok Khot,"[""10.1109/tvcg.2014.2352953""]"
A5038561492,2,86.0,0,Alistair Morrison,"[""10.1109/infvis.2002.1173161"", ""10.1109/infvis.2003.1249012""]"
A5038564903,3,97.0,0,Shuainan Ye,"[""10.1109/tvcg.2020.3030392"", ""10.1109/tvcg.2022.3209388"", ""10.1109/tvcg.2024.3456181""]"
A5038566732,1,57.0,0,Won Dong Jang,"[""10.1109/tvcg.2019.2934547""]"
A5038584803,1,70.0,0,Zoë J. Wood,"[""10.1109/visual.2000.885705""]"
A5038588052,2,104.0,0,Markus Höferlin,"[""10.1109/tvcg.2012.222"", ""10.1109/vast.2012.6400492""]"
A5038620625,1,121.0,0,Kai Lun Chung,"[""10.1109/tvcg.2007.70523""]"
A5038629539,45,2080.0,4,Thomas Ertl,"[""10.1109/tvcg.2006.194"", ""10.1109/tvcg.2007.70614"", ""10.1109/tvcg.2009.157"", ""10.1109/tvcg.2012.277"", ""10.1109/tvcg.2012.282"", ""10.1109/tvcg.2012.284"", ""10.1109/tvcg.2013.186"", ""10.1109/tvcg.2014.2346319"", ""10.1109/tvcg.2014.2346442"", ""10.1109/tvcg.2014.2346677"", ""10.1109/tvcg.2015.2467621"", ""10.1109/tvcg.2015.2467871"", ""10.1109/tvcg.2015.2468091"", ""10.1109/tvcg.2016.2598824"", ""10.1109/tvcg.2016.2599042"", ""10.1109/tvcg.2018.2864506"", ""10.1109/tvcg.2020.3030420"", ""10.1109/tvcg.2020.3030467"", ""10.1109/tvcg.2021.3114800"", ""10.1109/tvcg.2023.3326931"", ""10.1109/vast.2009.5333564"", ""10.1109/vast.2012.6400557"", ""10.1109/vast.2014.7042495"", ""10.1109/vast.2016.7883507"", ""10.1109/vast.2016.7883520"", ""10.1109/visual.1997.663853"", ""10.1109/visual.1997.663907"", ""10.1109/visual.1999.809878"", ""10.1109/visual.1999.809892"", ""10.1109/visual.1999.809918"", ""10.1109/visual.1999.809934"", ""10.1109/visual.2000.885683"", ""10.1109/visual.2000.885688"", ""10.1109/visual.2000.885729"", ""10.1109/visual.2001.964514"", ""10.1109/visual.2001.964542"", ""10.1109/visual.2002.1183762"", ""10.1109/visual.2002.1183829"", ""10.1109/visual.2003.1250361"", ""10.1109/visual.2003.1250390"", ""10.1109/visual.2003.1250404"", ""10.1109/visual.2004.3"", ""10.1109/visual.2004.58"", ""10.1109/visual.2005.1532852"", ""10.1109/visual.2005.1532853""]"
A5038632839,1,10.0,1,Thomas Kroes,"[""10.1109/tvcg.2023.3326582""]"
A5038635168,2,60.0,0,Denis Lalanne,"[""10.1109/infvis.2000.885103"", ""10.1109/vast.2007.4389007""]"
A5038655759,1,29.0,0,Giuseppe Di Battista,"[""10.1109/tvcg.2006.185""]"
A5038669787,1,12.0,0,Oinghua Zheng,"[""10.1109/vast.2018.8802383""]"
A5038683560,2,9.0,0,Zhifan Zhu,"[""10.1109/visual.1993.398901"", ""10.1109/visual.1997.663872""]"
A5038688177,1,217.0,0,Funda Kivran Swaine,"[""10.1109/vast.2010.5652922""]"
A5038705854,6,1153.0,1,Dominik Sacha,"[""10.1109/tvcg.2014.2346481"", ""10.1109/tvcg.2015.2467591"", ""10.1109/tvcg.2016.2598495"", ""10.1109/tvcg.2017.2744805"", ""10.1109/tvcg.2018.2864838"", ""10.1109/vast.2014.7042477""]"
A5038750002,1,5.0,0,Jun Tao,"[""10.1109/tvcg.2023.3326575""]"
A5038771285,1,32.0,0,Finale Doshi‐velez,"[""10.1109/tvcg.2017.2745118""]"
A5038775008,27,3122.0,3,Shi‐xia Liu,"[""10.1109/tvcg.2010.154"", ""10.1109/tvcg.2010.183"", ""10.1109/tvcg.2011.239"", ""10.1109/tvcg.2012.253"", ""10.1109/tvcg.2012.291"", ""10.1109/tvcg.2013.196"", ""10.1109/tvcg.2013.221"", ""10.1109/tvcg.2014.2346433"", ""10.1109/tvcg.2014.2346912"", ""10.1109/tvcg.2014.2346919"", ""10.1109/tvcg.2014.2346920"", ""10.1109/tvcg.2015.2467554"", ""10.1109/tvcg.2016.2598831"", ""10.1109/tvcg.2017.2744378"", ""10.1109/tvcg.2017.2744938"", ""10.1109/tvcg.2018.2864843"", ""10.1109/tvcg.2020.3030428"", ""10.1109/tvcg.2020.3030432"", ""10.1109/tvcg.2020.3030471"", ""10.1109/tvcg.2021.3114694"", ""10.1109/tvcg.2021.3114800"", ""10.1109/vast.2010.5652931"", ""10.1109/vast.2014.7042494"", ""10.1109/vast.2016.7883511"", ""10.1109/vast.2018.8802509"", ""10.1109/vast47406.2019.8986943"", ""10.1109/vast50239.2020.00007""]"
A5038782529,1,18.0,0,Xumeng Wang,"[""10.1109/tvcg.2022.3209483""]"
A5038789350,2,129.0,0,Tom Polk,"[""10.1109/tvcg.2014.2346445"", ""10.1109/tvcg.2019.2934243""]"
A5038794027,1,137.0,0,Natalia Konevtsova,"[""10.1109/tvcg.2011.193""]"
A5038798411,1,10.0,0,Sanaz Golbabaei,"[""10.1109/tvcg.2017.2744038""]"
A5038821837,1,15.0,0,Vadim Slavin,"[""10.1109/tvcg.2006.182""]"
A5038827689,1,83.0,0,Zac Lucarelli,"[""10.1109/tvcg.2020.3030334""]"
A5038844127,1,17.0,0,Jiehui Zhou,"[""10.1109/tvcg.2022.3209391""]"
A5038844202,2,49.0,0,Donna J. Peuquet,"[""10.1109/tvcg.2009.130"", ""10.1109/vast.2006.261428""]"
A5038872222,1,107.0,0,Tobias Skog,"[""10.1109/infvis.2003.1249031""]"
A5038905934,1,261.0,0,Margaret‐anne Storey,"[""10.1109/tvcg.2010.164""]"
A5038943746,26,1441.0,2,Xiaoru Yuan,"[""10.1109/tvcg.2009.156"", ""10.1109/tvcg.2009.179"", ""10.1109/tvcg.2010.192"", ""10.1109/tvcg.2011.261"", ""10.1109/tvcg.2012.236"", ""10.1109/tvcg.2013.144"", ""10.1109/tvcg.2013.150"", ""10.1109/tvcg.2013.228"", ""10.1109/tvcg.2014.2346291"", ""10.1109/tvcg.2014.2346416"", ""10.1109/tvcg.2014.2346418"", ""10.1109/tvcg.2014.2346746"", ""10.1109/tvcg.2014.2346898"", ""10.1109/tvcg.2015.2467619"", ""10.1109/tvcg.2017.2744059"", ""10.1109/tvcg.2019.2934263"", ""10.1109/tvcg.2019.2934434"", ""10.1109/tvcg.2019.2934535"", ""10.1109/tvcg.2020.3030377"", ""10.1109/tvcg.2020.3030411"", ""10.1109/tvcg.2023.3326908"", ""10.1109/tvcg.2023.3326944"", ""10.1109/tvcg.2024.3456379"", ""10.1109/vast.2016.7883510"", ""10.1109/vast.2017.8585638"", ""10.1109/visual.2005.1532812""]"
A5038954689,1,16.0,0,John Rasure,"[""10.1109/visual.1992.235207""]"
A5038957718,1,9.0,0,Minh Hoai,"[""10.1109/tvcg.2020.3030384""]"
A5038994213,1,90.0,0,Peter J. Basser,"[""10.1109/visual.2001.964545""]"
A5038998698,5,90.0,0,Jihad El‐sana,"[""10.1109/visual.1997.663909"", ""10.1109/visual.1999.809877"", ""10.1109/visual.2000.885713"", ""10.1109/visual.2001.964534"", ""10.1109/visual.2002.1183760""]"
A5039024869,1,46.0,0,Mark Chignell,"[""10.1109/infvis.2005.1532129""]"
A5039027489,2,133.0,0,G. Scheuermann,"[""10.1109/tvcg.2007.70615"", ""10.1109/visual.2004.113""]"
A5039062710,1,3.0,0,Ryan Mckendrick,"[""10.1109/tvcg.2024.3456388""]"
A5039063170,1,49.0,0,David Glickenstein,"[""10.1109/tvcg.2018.2865194""]"
A5039074661,1,23.0,0,C. North,"[""10.1109/infvis.2005.1532151""]"
A5039117244,1,25.0,0,Hans Hasse,"[""10.1109/tvcg.2021.3114870""]"
A5039118804,2,8.0,1,Alexandra Zytek,"[""10.1109/tvcg.2021.3114836"", ""10.1109/tvcg.2021.3114864""]"
A5039174850,1,2.0,0,V.b. Tran,"[""10.1109/visual.1990.146392""]"
A5039180000,1,2.0,0,Stephen Tyson,"[""10.1109/visual.1993.398893""]"
A5039180428,9,801.0,0,Heidrun Schumann,"[""10.1109/infvis.2000.885088"", ""10.1109/infvis.2004.2"", ""10.1109/tvcg.2008.152"", ""10.1109/tvcg.2011.213"", ""10.1109/tvcg.2012.265"", ""10.1109/tvcg.2013.120"", ""10.1109/tvcg.2013.198"", ""10.1109/tvcg.2020.3030371"", ""10.1109/vast.2015.7347629""]"
A5039219845,1,1.0,0,D. Mccolgin,"[""10.1109/vast.2016.7883509""]"
A5039222119,1,8.0,0,Jon Reisner,"[""10.1109/visual.1997.663919""]"
A5039231102,5,274.0,0,Qiaomu Shen,"[""10.1109/tvcg.2015.2467691"", ""10.1109/tvcg.2016.2598465"", ""10.1109/tvcg.2016.2598867"", ""10.1109/tvcg.2017.2744159"", ""10.1109/tvcg.2023.3326930""]"
A5039241159,1,9.0,0,Benjamin C. Rowland,"[""10.1109/vast.2014.7042481""]"
A5039256169,3,233.0,0,Eric B. Lum,"[""10.1109/visual.2001.964520"", ""10.1109/visual.2003.1250413"", ""10.1109/visual.2004.64""]"
A5039268438,3,37.0,0,Mark Livingston,"[""10.1109/tvcg.2011.194"", ""10.1109/tvcg.2012.223"", ""10.1109/visual.1997.663929""]"
A5039276358,15,3559.0,5,Martin Wattenberg,"[""10.1109/infvis.2002.1173155"", ""10.1109/infvis.2003.1249005"", ""10.1109/infvis.2005.1532122"", ""10.1109/infvis.2005.1532145"", ""10.1109/tvcg.2007.70577"", ""10.1109/tvcg.2008.166"", ""10.1109/tvcg.2008.172"", ""10.1109/tvcg.2009.165"", ""10.1109/tvcg.2009.171"", ""10.1109/tvcg.2014.2346297"", ""10.1109/tvcg.2017.2744878"", ""10.1109/tvcg.2018.2864500"", ""10.1109/tvcg.2019.2934619"", ""10.1109/tvcg.2023.3327163"", ""10.1109/vast.2009.5333443""]"
A5039282270,1,0.0,0,T. Alexander,"[""10.1109/visual.1991.175776""]"
A5039289245,1,111.0,0,Eduardo M. Bringa,"[""10.1109/tvcg.2007.70603""]"
A5039303056,1,31.0,0,Julia K. L. Walker,"[""10.1109/vast.2009.5333437""]"
A5039316020,1,18.0,0,Sungsoo Ha,"[""10.1109/tvcg.2012.186""]"
A5039321552,1,23.0,0,Mehmet Adil Yalçın,"[""10.1109/tvcg.2015.2467051""]"
A5039343836,6,56.0,1,Jan Byška,"[""10.1109/tvcg.2015.2467434"", ""10.1109/tvcg.2019.2934258"", ""10.1109/tvcg.2019.2934333"", ""10.1109/tvcg.2020.3030438"", ""10.1109/tvcg.2022.3209411"", ""10.1109/tvcg.2024.3456401""]"
A5039352751,1,119.0,0,Hayder Mahdi AI Maneea,"[""10.1109/tvcg.2020.3030338""]"
A5039354466,2,1.0,0,E. S. Panduranga,"[""10.1109/visual.1990.146385"", ""10.1109/visual.1990.146393""]"
A5039357905,1,34.0,0,Brian Smits,"[""10.1109/visual.2000.885692""]"
A5039360877,1,60.0,0,Barry J. Dickson,"[""10.1109/tvcg.2009.121""]"
A5039367552,1,6.0,0,R. Lang,"[""10.1109/visual.1991.175812""]"
A5039378866,4,217.0,0,John Gerth,"[""10.1109/tvcg.2011.167"", ""10.1109/tvcg.2012.196"", ""10.1109/vast.2006.261436"", ""10.1109/vast.2008.4677357""]"
A5039387461,1,0.0,0,Shuaicheng Liu,"[""10.1109/tvcg.2024.3456326""]"
A5039489003,2,152.0,2,Stefan Wolfsberger,"[""10.1109/tvcg.2007.70560"", ""10.1109/visual.2004.98""]"
A5039489539,1,53.0,0,Michel A. Westenberg,"[""10.1109/tvcg.2012.208""]"
A5039512936,2,75.0,0,Christopher Mears,"[""10.1109/tvcg.2013.151"", ""10.1109/tvcg.2016.2598545""]"
A5039517392,30,891.0,0,Arie Kaufman,"[""10.1109/tvcg.2006.153"", ""10.1109/tvcg.2010.200"", ""10.1109/tvcg.2011.182"", ""10.1109/tvcg.2012.210"", ""10.1109/tvcg.2013.127"", ""10.1109/tvcg.2013.135"", ""10.1109/tvcg.2013.139"", ""10.1109/tvcg.2015.2467413"", ""10.1109/tvcg.2015.2467954"", ""10.1109/tvcg.2016.2598463"", ""10.1109/tvcg.2016.2598791"", ""10.1109/tvcg.2018.2864852"", ""10.1109/vast.2006.261439"", ""10.1109/visual.1992.235231"", ""10.1109/visual.1993.398854"", ""10.1109/visual.1994.346319"", ""10.1109/visual.1994.346340"", ""10.1109/visual.1995.485142"", ""10.1109/visual.1996.567603"", ""10.1109/visual.1998.745310"", ""10.1109/visual.1999.809872"", ""10.1109/visual.1999.809900"", ""10.1109/visual.2000.885675"", ""10.1109/visual.2003.1250359"", ""10.1109/visual.2003.1250382"", ""10.1109/visual.2003.1250388"", ""10.1109/visual.2003.1250405"", ""10.1109/visual.2004.24"", ""10.1109/visual.2004.27"", ""10.1109/visual.2005.1532818""]"
A5039539396,2,34.0,0,Bertjan Broeksema,"[""10.1109/tvcg.2012.205"", ""10.1109/tvcg.2013.146""]"
A5039626800,25,1024.0,2,Holger Theisel,"[""10.1109/tvcg.2006.165"", ""10.1109/tvcg.2007.70545"", ""10.1109/tvcg.2007.70602"", ""10.1109/tvcg.2008.163"", ""10.1109/tvcg.2009.154"", ""10.1109/tvcg.2010.146"", ""10.1109/tvcg.2010.169"", ""10.1109/tvcg.2010.198"", ""10.1109/tvcg.2011.200"", ""10.1109/tvcg.2012.202"", ""10.1109/tvcg.2013.182"", ""10.1109/tvcg.2013.189"", ""10.1109/tvcg.2014.2346415"", ""10.1109/tvcg.2015.2467132"", ""10.1109/tvcg.2015.2467200"", ""10.1109/tvcg.2016.2598998"", ""10.1109/tvcg.2016.2599016"", ""10.1109/tvcg.2018.2864813"", ""10.1109/tvcg.2018.2864828"", ""10.1109/vast.2009.5332628"", ""10.1109/vast.2010.5652433"", ""10.1109/visual.2003.1250376"", ""10.1109/visual.2004.99"", ""10.1109/visual.2005.1532842"", ""10.1109/visual.2005.1532851""]"
A5039638884,1,0.0,0,Gregor Schlosser,"[""10.1109/visual.2005.1532816""]"
A5039676788,1,1.0,0,Carl K. Chang,"[""10.1109/visual.2004.69""]"
A5039676790,1,10.0,0,Handi Chen,"[""10.1109/tvcg.2023.3326943""]"
A5039717418,1,33.0,1,Joscha Eirich,"[""10.1109/tvcg.2021.3114797""]"
A5039737488,1,4.0,0,Robert Stein,"[""10.1109/visual.2000.885744""]"
A5039742693,1,10.0,0,Bruno Pinaud,"[""10.1109/tvcg.2023.3327402""]"
A5039790178,1,27.0,0,Joseph D Gaggiano,"[""10.1109/tvcg.2022.3209493""]"
A5039792766,1,18.0,0,Chaitanya Chandurkar,"[""10.1109/tvcg.2018.2865039""]"
A5039800821,1,13.0,1,Neng Shi,"[""10.1109/tvcg.2022.3209413""]"
A5039819029,1,14.0,0,Christopher W. Starr,"[""10.1109/visual.1996.568109""]"
A5039822376,5,314.0,1,Evanthia Dimara,"[""10.1109/tvcg.2016.2598594"", ""10.1109/tvcg.2017.2745138"", ""10.1109/tvcg.2018.2865233"", ""10.1109/tvcg.2019.2934283"", ""10.1109/tvcg.2023.3326593""]"
A5039829249,1,21.0,0,Rachel Shadoan,"[""10.1109/tvcg.2013.220""]"
A5039841997,1,96.0,0,Bruno Gonçalves,"[""10.1109/tvcg.2016.2598585""]"
A5039842844,1,3.0,0,J.e. Swan,"[""10.1109/visual.2000.885727""]"
A5039874476,2,47.0,0,Guihua Shan,"[""10.1109/tvcg.2020.3030461"", ""10.1109/tvcg.2024.3456338""]"
A5039898691,1,83.0,0,Alan G Larson,"[""10.1109/tvcg.2009.164""]"
A5039900558,1,59.0,0,Sean Follmer,"[""10.1109/tvcg.2018.2865159""]"
A5039910512,5,230.0,1,Ingo Wald,"[""10.1109/scivis.2015.7429492"", ""10.1109/tvcg.2016.2599041"", ""10.1109/tvcg.2018.2864850"", ""10.1109/tvcg.2020.3030470"", ""10.1109/tvcg.2022.3209418""]"
A5039929397,7,216.0,1,Daniel Archambault,"[""10.1109/tvcg.2006.177"", ""10.1109/tvcg.2015.2467691"", ""10.1109/tvcg.2015.2467992"", ""10.1109/tvcg.2016.2598867"", ""10.1109/tvcg.2020.3030437"", ""10.1109/tvcg.2020.3030446"", ""10.1109/tvcg.2021.3114795""]"
A5039932090,1,98.0,0,W. X. Gu,"[""10.1109/tvcg.2014.2346594""]"
A5039942334,5,100.0,2,Thomas Theußl,"[""10.1109/tvcg.2018.2864839"", ""10.1109/tvcg.2021.3115565"", ""10.1109/tvcg.2023.3326915"", ""10.1109/visual.2001.964498"", ""10.1109/visual.2002.1183812""]"
A5039944209,1,58.0,0,Chang‐sung Jeong,"[""10.1109/infvis.1998.729555""]"
A5039968113,2,64.0,0,Michael Balzer,"[""10.1109/infvis.2005.1532128"", ""10.1109/tvcg.2006.126""]"
A5039974444,1,44.0,0,Carsten Stoll,"[""10.1109/visual.2005.1532859""]"
A5040009333,1,1.0,0,Richard Marciano,"[""10.1109/visual.1998.745341""]"
A5040011600,1,12.0,0,D. Kenchammana Hosekote,"[""10.1109/visual.1998.745347""]"
A5040013655,1,70.0,0,Bharathram Ganapathisubramani,"[""10.1109/visual.2003.1250362""]"
A5040019133,2,27.0,0,Shayan Monadjemi,"[""10.1109/tvcg.2020.3030430"", ""10.1109/tvcg.2022.3209476""]"
A5040037815,1,3.0,0,Monica K. Hurdal,"[""10.1109/visual.2001.964553""]"
A5040038608,1,57.0,0,Samana Shrestha,"[""10.1109/tvcg.2017.2743898""]"
A5040060768,2,13.0,0,Ulrich Lang,"[""10.1109/tvcg.2020.3030470"", ""10.1109/visual.2001.964513""]"
A5040077481,1,43.0,0,Andrea Bianchi,"[""10.1109/tvcg.2012.200""]"
A5040079787,1,0.0,0,Mark Bolstad,"[""10.1109/visual.1992.235175""]"
A5040080342,3,138.0,0,Jan Reininghaus,"[""10.1109/tvcg.2011.159"", ""10.1109/tvcg.2011.249"", ""10.1109/tvcg.2014.2346432""]"
A5040132381,1,123.0,0,Markus Merz,"[""10.1109/visual.2003.1250390""]"
A5040141831,1,13.0,0,William F. Garrett,"[""10.1109/visual.1996.568114""]"
A5040153657,1,6.0,0,J.j. Van Wijk,"[""10.1109/visual.2005.1532843""]"
A5040162497,1,70.0,0,Daniel Hubball,"[""10.1109/vast.2006.261425""]"
A5040165209,4,59.0,0,Christian Heine,"[""10.1109/tvcg.2006.196"", ""10.1109/tvcg.2010.217"", ""10.1109/tvcg.2014.2346447"", ""10.1109/tvcg.2020.3030395""]"
A5040166190,1,1.0,0,Paul Hoover,"[""10.1109/vast.2016.7883509""]"
A5040177392,1,9.0,0,S. Goswami,"[""10.1109/visual.2001.964497""]"
A5040178235,1,46.0,0,Chunyao Qian,"[""10.1109/tvcg.2020.3030448""]"
A5040191411,1,83.0,0,Larry Seiler,"[""10.1109/tvcg.2009.164""]"
A5040196689,2,5.0,0,Donghong Cui,"[""10.1109/visual.1996.568142"", ""10.1109/visual.1996.568143""]"
A5040197934,1,11.0,0,Gaëlle Richer,"[""10.1109/tvcg.2022.3209426""]"
A5040201243,1,59.0,0,Samuel Payne,"[""10.1109/tvcg.2016.2598544""]"
A5040201579,1,0.0,0,C. Falkenberg,"[""10.1109/visual.1995.485171""]"
A5040227533,1,66.0,0,Kevin P. Mcauliffe,"[""10.1109/visual.1992.235219""]"
A5040236693,5,241.0,0,Ingrid Hotz,"[""10.1109/tvcg.2007.70579"", ""10.1109/tvcg.2011.159"", ""10.1109/tvcg.2011.249"", ""10.1109/visual.2002.1183782"", ""10.1109/visual.2004.80""]"
A5040252651,2,12.0,0,Cynthia Bruyns,"[""10.1109/visual.2001.964548"", ""10.1109/visual.2001.964564""]"
A5040258424,1,8.0,0,S. Ozenne,"[""10.1109/visual.2001.964548""]"
A5040334148,1,261.0,1,B. Li,"[""10.1109/tvcg.2012.279""]"
A5040337866,4,181.0,2,David S. Goodsell,"[""10.1109/tvcg.2017.2744258"", ""10.1109/tvcg.2018.2864491"", ""10.1109/tvcg.2020.3030415"", ""10.1109/visual.2004.7""]"
A5040353906,1,20.0,0,Sven Mayer,"[""10.1109/tvcg.2020.3030400""]"
A5040363499,1,43.0,0,Hubert Mara,"[""10.1109/tvcg.2012.248""]"
A5040371404,2,107.0,0,Jens Kasten,"[""10.1109/tvcg.2011.159"", ""10.1109/tvcg.2011.249""]"
A5040374842,3,16.0,1,Tim Krake,"[""10.1109/tvcg.2022.3209420"", ""10.1109/tvcg.2022.3209429"", ""10.1109/tvcg.2022.3209437""]"
A5040396291,2,44.0,0,Michael Wimmer,"[""10.1109/tvcg.2013.215"", ""10.1109/vast.2014.7042491""]"
A5040410232,2,127.0,0,Yongsu Ahn,"[""10.1109/tvcg.2019.2934262"", ""10.1109/tvcg.2023.3326587""]"
A5040441308,1,8.0,0,Robert E. Hiromoto,"[""10.1109/visual.2005.1532784""]"
A5040448008,1,9.0,0,Wenkai Song,"[""10.1109/tvcg.2023.3326911""]"
A5040516099,1,28.0,0,Alina Gvozdik,"[""10.1109/tvcg.2016.2598469""]"
A5040517720,5,252.0,1,Michael Wybrow,"[""10.1109/tvcg.2008.130"", ""10.1109/tvcg.2012.245"", ""10.1109/tvcg.2015.2467451"", ""10.1109/tvcg.2019.2934557"", ""10.1109/tvcg.2020.3030459""]"
A5040526518,2,136.0,0,Desney Tan,"[""10.1109/tvcg.2006.142"", ""10.1109/tvcg.2007.70537""]"
A5040550254,1,10.0,0,Yi Han,"[""10.1109/vast.2009.5332596""]"
A5040558744,2,98.0,2,Cheuk Yiu Ip,"[""10.1109/tvcg.2011.231"", ""10.1109/tvcg.2012.231""]"
A5040573722,1,20.0,0,Karl Proctor,"[""10.1109/tvcg.2010.150""]"
A5040576750,1,12.0,0,P. Hanrahan,"[""10.1109/visual.1992.235189""]"
A5040631193,1,408.0,0,Michael Mateas,"[""10.1109/tvcg.2007.70541""]"
A5040659878,1,3.0,0,R.m. Adams,"[""10.1109/visual.2002.1183818""]"
A5040696359,1,56.0,0,Kristanto Sean Njotoprawiro,"[""10.1109/vast.2018.8802454""]"
A5040707287,2,38.0,0,Linquan Huang,"[""10.1109/tvcg.2022.3209423"", ""10.1109/tvcg.2023.3326515""]"
A5040707952,1,13.0,0,Susan M. Knoblach,"[""10.1109/tvcg.2009.146""]"
A5040717536,1,19.0,0,Andrei C. Jalba,"[""10.1109/tvcg.2007.70553""]"
A5040718082,1,29.0,0,M.h. Ghavamnia,"[""10.1109/visual.1995.480812""]"
A5040739360,4,74.0,1,Elsie Lee Robbins,"[""10.1109/tvcg.2020.3030375"", ""10.1109/tvcg.2021.3114811"", ""10.1109/tvcg.2022.3209402"", ""10.1109/tvcg.2022.3209500""]"
A5040756833,1,22.0,0,Daniel Cornel,"[""10.1109/tvcg.2014.2346930""]"
A5040772427,1,14.0,0,Mitchell Whitelaw,"[""10.1109/vast47406.2019.8986934""]"
A5040794392,11,444.0,1,Michael Behrisch,"[""10.1109/tvcg.2016.2598467"", ""10.1109/tvcg.2017.2744805"", ""10.1109/tvcg.2018.2865044"", ""10.1109/tvcg.2019.2934300"", ""10.1109/tvcg.2019.2934555"", ""10.1109/tvcg.2023.3327402"", ""10.1109/tvcg.2024.3456308"", ""10.1109/vast.2012.6400554"", ""10.1109/vast.2014.7042480"", ""10.1109/vast.2017.8585613"", ""10.1109/vast.2018.8802486""]"
A5040813877,1,57.0,0,Ming–chieh Lin,"[""10.1109/visual.2000.885687""]"
A5040827349,2,241.0,0,C.t. Silva,"[""10.1109/visual.1997.663895"", ""10.1109/visual.1998.745299""]"
A5040830361,1,64.0,0,Stefan Auer,"[""10.1109/tvcg.2010.148""]"
A5040889301,1,7.0,0,S. Kochhar,"[""10.1109/visual.1991.175819""]"
A5040897069,1,28.0,0,Alexander Pilhöfer,"[""10.1109/tvcg.2012.207""]"
A5040900232,1,28.0,0,Qinhan Liu,"[""10.1109/tvcg.2019.2934660""]"
A5040961656,5,110.0,0,Chris Shaw,"[""10.1109/vast.2007.4388997"", ""10.1109/vast.2009.5333020"", ""10.1109/visual.1996.568109"", ""10.1109/visual.1999.809882"", ""10.1109/visual.2003.1250409""]"
A5040984382,1,128.0,0,Norman Wittels,"[""10.1109/visual.1990.146386""]"
A5041010052,1,0.0,0,Charles Berret,"[""10.1109/tvcg.2020.3030462""]"
A5041025969,1,27.0,0,Yifan Sun,"[""10.1109/tvcg.2022.3209493""]"
A5041029596,1,28.0,0,Antony Unwin,"[""10.1109/tvcg.2012.207""]"
A5041046532,2,115.0,1,Steve Kieffer,"[""10.1109/tvcg.2015.2467251"", ""10.1109/tvcg.2015.2467451""]"
A5041047826,1,18.0,0,Florence Le Ber,"[""10.1109/vast.2014.7042488""]"
A5041069650,2,41.0,0,Mosab Khayat,"[""10.1109/tvcg.2019.2934264"", ""10.1109/tvcg.2019.2934266""]"
A5041083459,1,30.0,0,Qinghua Zheng,"[""10.1109/tvcg.2020.3030370""]"
A5041191852,3,146.0,0,Peter Filzmoser,"[""10.1109/tvcg.2011.178"", ""10.1109/tvcg.2013.222"", ""10.1109/tvcg.2023.3327203""]"
A5041275294,1,59.0,0,Mathieu Le Goc,"[""10.1109/tvcg.2018.2865159""]"
A5041287963,2,22.0,0,Charilaos Papadopoulos,"[""10.1109/tvcg.2013.127"", ""10.1109/tvcg.2015.2467954""]"
A5041318398,2,37.0,0,T. Roxborough,"[""10.1109/visual.1999.809899"", ""10.1109/visual.2000.885681""]"
A5041321734,1,37.0,0,Marjan Trutschl,"[""10.1109/infvis.2003.1249018""]"
A5041333766,1,6.0,0,P. Ermes,"[""10.1109/visual.2005.1532847""]"
A5041337919,1,14.0,0,Adrien Bibal,"[""10.1109/tvcg.2022.3209449""]"
A5041345169,1,18.0,1,Thomas Theubl,"[""10.1109/tvcg.2020.3030454""]"
A5041351483,1,88.0,0,Alfred R. Fuller,"[""10.1109/tvcg.2007.70590""]"
A5041380271,1,55.0,0,Dario Costanza,"[""10.1109/visual.2000.885680""]"
A5041384164,1,116.0,1,Birgit Schindler,"[""10.1109/tvcg.2010.223""]"
A5041404935,4,49.0,0,David Pugmire,"[""10.1109/tvcg.2010.133"", ""10.1109/tvcg.2022.3209424"", ""10.1109/tvcg.2023.3326592"", ""10.1109/tvcg.2024.3456393""]"
A5041405652,1,3.0,0,Been Kim,"[""10.1109/vast.2017.8585733""]"
A5041414404,1,9.0,0,J. Bern Jordan,"[""10.1109/tvcg.2023.3326937""]"
A5041418280,1,17.0,0,A. Kaufmann,"[""10.1109/visual.2000.885674""]"
A5041421653,3,157.0,0,P. Felkel,"[""10.1109/visual.2001.964555"", ""10.1109/visual.2002.1183754"", ""10.1109/visual.2002.1183812""]"
A5041423078,2,66.0,0,Junwon Sung,"[""10.1109/visual.1997.663871"", ""10.1109/visual.1997.663886""]"
A5041442214,1,39.0,0,Joel Kronander,"[""10.1109/tvcg.2012.232""]"
A5041468072,1,229.0,0,Deboshmita Ghosh,"[""10.1109/visual.2005.1532826""]"
A5041483688,1,25.0,0,Omar Eltayeby,"[""10.1109/vast.2015.7347631""]"
A5041484012,8,207.0,0,Jian Huang,"[""10.1109/tvcg.2006.175"", ""10.1109/tvcg.2008.184"", ""10.1109/tvcg.2010.192"", ""10.1109/tvcg.2013.144"", ""10.1109/tvcg.2014.2346418"", ""10.1109/visual.2003.1250391"", ""10.1109/visual.2004.110"", ""10.1109/visual.2005.1532794""]"
A5041495588,1,0.0,0,Marlen Promann,"[""10.1109/vast.2018.8802449""]"
A5041506287,5,107.0,0,Patrick Moran,"[""10.1109/tvcg.2006.128"", ""10.1109/tvcg.2011.252"", ""10.1109/visual.1999.809864"", ""10.1109/visual.2003.1250420"", ""10.1109/visual.2004.55""]"
A5041515579,1,17.0,0,R. Gurbat,"[""10.1109/tvcg.2012.261""]"
A5041529907,2,16.0,0,Rafael Veras,"[""10.1109/tvcg.2016.2598591"", ""10.1109/tvcg.2019.2934432""]"
A5041557267,1,36.0,0,Albert J. Sinusas,"[""10.1109/tvcg.2008.123""]"
A5041563611,1,17.0,0,T. Mihalisin,"[""10.1109/visual.1990.146389""]"
A5041587599,1,7.0,0,R. Kaehler,"[""10.1109/visual.2005.1532793""]"
A5041617337,1,18.0,0,Chris Hendrickson,"[""10.1109/infvis.1999.801856""]"
A5041617939,3,6.0,0,Carla Floricel,"[""10.1109/tvcg.2021.3114810"", ""10.1109/tvcg.2022.3209356"", ""10.1109/tvcg.2023.3326939""]"
A5041666965,2,470.0,0,Lucy Nowell,"[""10.1109/infvis.2000.885098"", ""10.1109/infvis.2002.1173146""]"
A5041678511,1,96.0,0,Pierre Marie Gandoin,"[""10.1109/visual.2000.885711""]"
A5041690226,1,100.0,0,Nathalie Bressa,"[""10.1109/tvcg.2021.3114835""]"
A5041694845,2,42.0,1,Will Epperson,"[""10.1109/tvcg.2023.3327367"", ""10.1109/vast47406.2019.8986948""]"
A5041704511,1,18.0,0,Thomas Jansen,"[""10.1109/visual.2004.29""]"
A5041714557,1,20.0,0,Carolina Ruiz,"[""10.1109/vast.2011.6102450""]"
A5041744005,1,302.0,0,Shachar Fleishman,"[""10.1109/visual.2001.964489""]"
A5041755435,1,32.0,0,Steven T. Landis,"[""10.1109/tvcg.2018.2864844""]"
A5041757977,1,28.0,0,Alexander Gribov,"[""10.1109/tvcg.2012.207""]"
A5041762807,1,9.0,0,D.r. Nadeau,"[""10.1109/visual.1991.175807""]"
A5041813529,1,57.0,0,David F. Tate,"[""10.1109/tvcg.2009.112""]"
A5041828460,3,124.0,1,Arvind Kumar Shekar,"[""10.1109/tvcg.2020.3030350"", ""10.1109/tvcg.2021.3114855"", ""10.1109/tvcg.2022.3209466""]"
A5041832797,1,10.0,0,Santhosh Nandhakumar,"[""10.1109/vast.2017.8585484""]"
A5041837234,1,68.0,0,Christoph S. Garbe,"[""10.1109/visual.2004.88""]"
A5041840951,1,1.0,0,B. Cummings,"[""10.1109/vast.2011.6102459""]"
A5041857191,1,3.0,0,P.a. Fletcher,"[""10.1109/visual.1993.398881""]"
A5041858893,1,12.0,0,Peter Robinson,"[""10.1109/tvcg.2019.2934594""]"
A5041875872,1,111.0,0,Andrew Higginbotham,"[""10.1109/tvcg.2007.70603""]"
A5041894100,1,63.0,0,Muchan Park,"[""10.1109/vast.2015.7347636""]"
A5041898226,1,13.0,0,Vasily Volkov,"[""10.1109/visual.2003.1250367""]"
A5041908392,1,1.0,0,Joseph N. Burchett,"[""10.1109/tvcg.2020.3030407""]"
A5041925521,3,251.0,0,Kwan Liu Ma,"[""10.1109/tvcg.2008.140"", ""10.1109/tvcg.2009.196"", ""10.1109/tvcg.2010.212""]"
A5041927293,1,0.0,0,Kristine Lee,"[""10.1109/tvcg.2017.2745280""]"
A5041957391,1,8.0,0,I.r. Mendez,"[""10.1109/visual.2005.1532845""]"
A5041991793,1,4.0,0,George K. Hutchinson,"[""10.1109/visual.2003.1250352""]"
A5042011044,1,37.0,0,Dani Or,"[""10.1109/visual.1996.567600""]"
A5042031329,1,33.0,0,Daniel Weiskopf,"[""10.1109/tvcg.2014.2346420""]"
A5042069415,1,9.0,0,Mia Tignor,"[""10.1109/visual.1999.809929""]"
A5042080340,17,1251.0,3,Marc Streit,"[""10.1109/tvcg.2010.138"", ""10.1109/tvcg.2011.183"", ""10.1109/tvcg.2011.250"", ""10.1109/tvcg.2013.154"", ""10.1109/tvcg.2013.173"", ""10.1109/tvcg.2014.2346260"", ""10.1109/tvcg.2014.2346578"", ""10.1109/tvcg.2014.2346752"", ""10.1109/tvcg.2016.2598468"", ""10.1109/tvcg.2016.2598589"", ""10.1109/tvcg.2017.2745298"", ""10.1109/tvcg.2018.2865024"", ""10.1109/tvcg.2018.2865149"", ""10.1109/tvcg.2023.3326525"", ""10.1109/tvcg.2023.3326936"", ""10.1109/tvcg.2024.3456186"", ""10.1109/tvcg.2024.3456347""]"
A5042096795,1,68.0,0,Benjamin Köhler,"[""10.1109/tvcg.2013.189""]"
A5042130063,1,16.0,0,Noa Fish,"[""10.1109/tvcg.2019.2934811""]"
A5042136139,1,58.0,1,Ishwinder Kaur,"[""10.1109/tvcg.2007.70621""]"
A5042159546,6,737.0,1,Yu‐ru Lin,"[""10.1109/tvcg.2012.291"", ""10.1109/tvcg.2014.2346922"", ""10.1109/tvcg.2015.2467196"", ""10.1109/tvcg.2017.2744419"", ""10.1109/tvcg.2019.2934262"", ""10.1109/tvcg.2023.3326587""]"
A5042196702,4,116.0,0,M. Gopi,"[""10.1109/tvcg.2009.124"", ""10.1109/tvcg.2011.214"", ""10.1109/vast.2011.6102459"", ""10.1109/visual.1998.745313""]"
A5042204958,2,59.0,0,Peng Xu,"[""10.1109/tvcg.2016.2598415"", ""10.1109/vast.2015.7347633""]"
A5042215239,1,75.0,0,Robert Woodbury,"[""10.1109/vast.2009.5333020""]"
A5042242296,1,3.0,0,S.l. Senft,"[""10.1109/visual.1990.146413""]"
A5042291530,1,7.0,0,C. Sharp,"[""10.1109/visual.1993.398856""]"
A5042323667,5,194.0,0,Bohyoung Kim,"[""10.1109/tvcg.2009.146"", ""10.1109/tvcg.2010.155"", ""10.1109/tvcg.2010.175"", ""10.1109/tvcg.2016.2598796"", ""10.1109/tvcg.2020.3030414""]"
A5042348675,1,9.0,0,Richard May,"[""10.1109/vast.2008.4677366""]"
A5042350842,7,903.0,0,Minsuk Kahng,"[""10.1109/tvcg.2014.2346444"", ""10.1109/tvcg.2017.2744718"", ""10.1109/tvcg.2018.2864500"", ""10.1109/tvcg.2020.3030418"", ""10.1109/tvcg.2022.3209425"", ""10.1109/tvcg.2024.3456354"", ""10.1109/vast47406.2019.8986948""]"
A5042377165,1,107.0,0,Maria Cristina Ferreira De Oliveira,"[""10.1109/infvis.2004.68""]"
A5042381427,1,9.0,0,Chengwei Feng,"[""10.1109/visual.2000.885737""]"
A5042382359,17,1547.0,3,Christopher Collins,"[""10.1109/tvcg.2007.70521"", ""10.1109/tvcg.2008.175"", ""10.1109/tvcg.2009.122"", ""10.1109/tvcg.2012.226"", ""10.1109/tvcg.2013.167"", ""10.1109/tvcg.2014.2346250"", ""10.1109/tvcg.2014.2346922"", ""10.1109/tvcg.2016.2598586"", ""10.1109/tvcg.2016.2598591"", ""10.1109/tvcg.2017.2745080"", ""10.1109/tvcg.2018.2864769"", ""10.1109/tvcg.2019.2934432"", ""10.1109/tvcg.2019.2934654"", ""10.1109/tvcg.2019.2934790"", ""10.1109/tvcg.2021.3114805"", ""10.1109/tvcg.2023.3327152"", ""10.1109/vast.2009.5333443""]"
A5042399932,1,13.0,0,L. Scarlatos,"[""10.1109/visual.1990.146379""]"
A5042411471,1,23.0,0,Richard F. Riesenfeld,"[""10.1109/tvcg.2008.187""]"
A5042420721,3,46.0,1,Georgios Sakas,"[""10.1109/visual.1992.235229"", ""10.1109/visual.1994.346294"", ""10.1109/visual.1996.568136""]"
A5042445410,1,6.0,0,Kenneth W. Waters,"[""10.1109/tvcg.2006.188""]"
A5042475787,1,10.0,0,Kenneth R. Sloan,"[""10.1109/visual.1997.663880""]"
A5042522958,1,37.0,0,Steffen A. Bass,"[""10.1109/tvcg.2015.2468093""]"
A5042540420,1,13.0,0,Arpan Mangal,"[""10.1109/tvcg.2019.2934657""]"
A5042541430,1,6.0,0,R. Van Der Rijt,"[""10.1109/visual.2005.1532847""]"
A5042543694,1,5.0,0,Patrick Wickenhäuser,"[""10.1109/tvcg.2017.2743979""]"
A5042550106,1,41.0,0,Michael Capps,"[""10.1109/visual.1998.745286""]"
A5042553752,1,15.0,0,Hien Thi Nguyen,"[""10.1109/visual.1997.663878""]"
A5042570828,1,3.0,0,K. Mueller,"[""10.1109/visual.2000.885698""]"
A5042661171,1,73.0,1,David E. Altobelli,"[""10.1109/visual.1993.398902""]"
A5042737237,1,51.0,0,S.w. Wang,"[""10.1109/visual.1993.398854""]"
A5042739321,1,18.0,0,Dong Xue,"[""10.1109/visual.2004.90""]"
A5042741006,1,10.0,0,P. Burger,"[""10.1109/visual.1991.175801""]"
A5042749880,1,10.0,0,Laurent Balmelli,"[""10.1109/visual.2002.1183809""]"
A5042776849,1,13.0,0,W.v. Wright,"[""10.1109/visual.1995.480793""]"
A5042796366,1,48.0,0,Pinaki Sinha,"[""10.1109/tvcg.2006.121""]"
A5042797107,1,2.0,0,Zoya Maslak,"[""10.1109/visual.1999.809915""]"
A5042815041,1,83.0,0,Jeff Yarch,"[""10.1109/tvcg.2017.2744079""]"
A5042848593,1,9.0,0,Hui Zhang,"[""10.1109/visual.2005.1532804""]"
A5042859241,1,136.0,1,Peter‐pike Sloan,"[""10.1109/visual.1998.745713""]"
A5042875512,1,8.0,1,Samuel Reinders,"[""10.1109/tvcg.2024.3456358""]"
A5042895577,2,58.0,0,Paola Valdivia,"[""10.1109/tvcg.2020.3030347"", ""10.1109/vast.2015.7347624""]"
A5042897510,1,22.0,0,Zhibin Niu,"[""10.1109/vast50239.2020.00013""]"
A5042938029,2,12.0,0,Juraj Pálenik,"[""10.1109/tvcg.2019.2934258"", ""10.1109/tvcg.2020.3030389""]"
A5042940478,1,86.0,1,Vivek Kothari,"[""10.1109/tvcg.2016.2598829""]"
A5042989375,1,30.0,0,Richard Pawlicki,"[""10.1109/tvcg.2007.70581""]"
A5042990540,2,14.0,0,Simon Stegmaier,"[""10.1109/visual.2002.1183829"", ""10.1109/visual.2004.3""]"
A5043007477,1,12.0,0,Andries Van Dam,"[""10.1109/visual.2000.885731""]"
A5043040182,2,155.0,0,Olivier Devillers,"[""10.1109/visual.2000.885711"", ""10.1109/visual.2005.1532832""]"
A5043045895,3,31.0,1,Caitlyn Mccoleman,"[""10.1109/tvcg.2020.3030345"", ""10.1109/tvcg.2020.3030422"", ""10.1109/tvcg.2021.3114684""]"
A5043076336,1,61.0,0,Sheizaf Rafaeli,"[""10.1109/tvcg.2015.2467322""]"
A5043102053,1,70.0,0,Christian Rieder,"[""10.1109/tvcg.2011.207""]"
A5043110166,1,18.0,0,M. Janus,"[""10.1109/visual.1999.809873""]"
A5043129522,1,401.0,1,E.r. Van Selow,"[""10.1109/infvis.1999.801851""]"
A5043129695,2,38.0,0,Kesheng Wu,"[""10.1109/vast.2006.261437"", ""10.1109/visual.2005.1532792""]"
A5043132001,1,24.0,0,Ravi Ramamurti,"[""10.1109/visual.1996.568128""]"
A5043151044,58,6762.0,10,Hanspeter Pfister,"[""10.1109/tvcg.2008.154"", ""10.1109/tvcg.2008.186"", ""10.1109/tvcg.2009.167"", ""10.1109/tvcg.2009.178"", ""10.1109/tvcg.2010.137"", ""10.1109/tvcg.2010.168"", ""10.1109/tvcg.2011.192"", ""10.1109/tvcg.2012.240"", ""10.1109/tvcg.2013.142"", ""10.1109/tvcg.2013.154"", ""10.1109/tvcg.2013.155"", ""10.1109/tvcg.2013.173"", ""10.1109/tvcg.2013.234"", ""10.1109/tvcg.2014.2346248"", ""10.1109/tvcg.2014.2346260"", ""10.1109/tvcg.2014.2346312"", ""10.1109/tvcg.2014.2346322"", ""10.1109/tvcg.2014.2346371"", ""10.1109/tvcg.2014.2346752"", ""10.1109/tvcg.2015.2467441"", ""10.1109/tvcg.2015.2467732"", ""10.1109/tvcg.2015.2467759"", ""10.1109/tvcg.2015.2467911"", ""10.1109/tvcg.2016.2598518"", ""10.1109/tvcg.2016.2598587"", ""10.1109/tvcg.2016.2598620"", ""10.1109/tvcg.2017.2744118"", ""10.1109/tvcg.2017.2744158"", ""10.1109/tvcg.2017.2744238"", ""10.1109/tvcg.2017.2744278"", ""10.1109/tvcg.2017.2745941"", ""10.1109/tvcg.2017.2745978"", ""10.1109/tvcg.2018.2864847"", ""10.1109/tvcg.2018.2865044"", ""10.1109/tvcg.2018.2865138"", ""10.1109/tvcg.2018.2865152"", ""10.1109/tvcg.2019.2934300"", ""10.1109/tvcg.2019.2934547"", ""10.1109/tvcg.2019.2934555"", ""10.1109/tvcg.2019.2934595"", ""10.1109/tvcg.2020.3028948"", ""10.1109/tvcg.2020.3030427"", ""10.1109/tvcg.2020.3030454"", ""10.1109/tvcg.2021.3114845"", ""10.1109/tvcg.2022.3209353"", ""10.1109/tvcg.2022.3209378"", ""10.1109/tvcg.2022.3209479"", ""10.1109/tvcg.2022.3209497"", ""10.1109/tvcg.2023.3326568"", ""10.1109/tvcg.2023.3326579"", ""10.1109/tvcg.2023.3326588"", ""10.1109/tvcg.2023.3327161"", ""10.1109/tvcg.2023.3327193"", ""10.1109/tvcg.2023.3327388"", ""10.1109/tvcg.2024.3456332"", ""10.1109/tvcg.2024.3456406"", ""10.1109/visual.2001.964490"", ""10.1109/visual.2004.38""]"
A5043159673,1,5.0,1,Reihaneh Rabbany,"[""10.1109/tvcg.2022.3209403""]"
A5043171974,1,1.0,0,J. Staudhammer,"[""10.1109/visual.1990.146394""]"
A5043176253,1,3.0,0,M. Wu,"[""10.1109/visual.1990.146368""]"
A5043220723,1,12.0,0,M.d. Doyle,"[""10.1109/visual.1994.346342""]"
A5043230526,1,64.0,0,Françoise Détienne,"[""10.1109/tvcg.2015.2467201""]"
A5043255121,3,40.0,0,Xiaoyang Mao,"[""10.1109/visual.1995.480796"", ""10.1109/visual.1995.480818"", ""10.1109/visual.1998.745295""]"
A5043288842,2,20.0,1,Andrey Krekhov,"[""10.1109/tvcg.2018.2864498"", ""10.1109/tvcg.2019.2934370""]"
A5043312249,1,4.0,0,Robert D. Russell,"[""10.1109/visual.1995.485148""]"
A5043312264,5,660.0,0,Martin Isenburg,"[""10.1109/tvcg.2006.143"", ""10.1109/visual.2001.964504"", ""10.1109/visual.2002.1183768"", ""10.1109/visual.2003.1250408"", ""10.1109/visual.2005.1532800""]"
A5043313196,1,27.0,0,R.s. Gallagher,"[""10.1109/visual.1991.175780""]"
A5043332743,1,408.0,0,Zachary Pousman,"[""10.1109/tvcg.2007.70541""]"
A5043346436,1,5.0,0,Tobias Åström,"[""10.1109/vast.2009.5332610""]"
A5043347770,1,79.0,0,Selim Balcısoy,"[""10.1109/tvcg.2016.2598470""]"
A5043378888,1,18.0,0,H. Rueter,"[""10.1109/visual.1990.146374""]"
A5043391973,9,222.0,0,Chris Bryan,"[""10.1109/tvcg.2016.2598789"", ""10.1109/tvcg.2016.2598876"", ""10.1109/tvcg.2018.2865021"", ""10.1109/tvcg.2022.3209380"", ""10.1109/tvcg.2022.3209384"", ""10.1109/tvcg.2023.3326919"", ""10.1109/tvcg.2024.3456304"", ""10.1109/tvcg.2024.3456344"", ""10.1109/vast.2015.7347626""]"
A5043405353,19,904.0,4,Steven Franconeri,"[""10.1109/tvcg.2013.183"", ""10.1109/tvcg.2014.2346424"", ""10.1109/tvcg.2014.2346979"", ""10.1109/tvcg.2017.2746018"", ""10.1109/tvcg.2018.2864884"", ""10.1109/tvcg.2018.2865233"", ""10.1109/tvcg.2019.2934399"", ""10.1109/tvcg.2019.2934400"", ""10.1109/tvcg.2019.2934786"", ""10.1109/tvcg.2019.2934801"", ""10.1109/tvcg.2020.3030345"", ""10.1109/tvcg.2020.3030422"", ""10.1109/tvcg.2020.3030429"", ""10.1109/tvcg.2021.3114684"", ""10.1109/tvcg.2021.3114823"", ""10.1109/tvcg.2022.3209405"", ""10.1109/tvcg.2023.3326589"", ""10.1109/tvcg.2023.3326590"", ""10.1109/tvcg.2023.3327356""]"
A5043405378,1,63.0,0,Jeff Inman,"[""10.1109/visual.2004.95""]"
A5043433191,1,31.0,0,Min Chen,"[""10.1109/tvcg.2013.207""]"
A5043545263,5,330.0,0,Claes Lundström,"[""10.1109/tvcg.2006.146"", ""10.1109/tvcg.2007.70518"", ""10.1109/tvcg.2010.195"", ""10.1109/tvcg.2011.224"", ""10.1109/tvcg.2018.2864816""]"
A5043608701,1,1.0,0,Khaled Al Thelaya,"[""10.1109/tvcg.2020.3030451""]"
A5043619803,1,45.0,0,N.d. Cornea,"[""10.1109/visual.2005.1532783""]"
A5043626252,1,425.0,1,Joseph M. Hellerstein,"[""10.1109/tvcg.2012.219""]"
A5043635119,1,36.0,0,Andrei Linţu,"[""10.1109/visual.2005.1532803""]"
A5043659434,1,3.0,0,Vikas Ashok,"[""10.1109/tvcg.2024.3456348""]"
A5043667487,1,36.0,0,Nicholas Seltzer,"[""10.1109/tvcg.2015.2467449""]"
A5043672607,7,312.0,0,Raimund Dachselt,"[""10.1109/tvcg.2017.2744019"", ""10.1109/tvcg.2018.2865235"", ""10.1109/tvcg.2020.3030371"", ""10.1109/tvcg.2020.3030460"", ""10.1109/tvcg.2021.3114866"", ""10.1109/tvcg.2022.3209390"", ""10.1109/tvcg.2022.3209400""]"
A5043708533,1,74.0,0,D. Xiping,"[""10.1109/infvis.2003.1249006""]"
A5043713217,3,59.0,0,R. Daniel Bergeron,"[""10.1109/infvis.1999.801859"", ""10.1109/visual.1995.480811"", ""10.1109/visual.1996.567800""]"
A5043734486,1,46.0,0,Brent D. Fogleman,"[""10.1109/tvcg.2010.202""]"
A5043781543,1,10.0,0,J.d. Cohen,"[""10.1109/visual.2005.1532809""]"
A5043827623,1,51.0,0,Zhenge Zhao,"[""10.1109/tvcg.2021.3114837""]"
A5043832270,1,3.0,1,Matthias Mitterreiter,"[""10.1109/tvcg.2022.3209374""]"
A5043848426,1,17.0,0,Neesha Kodagoda,"[""10.1109/tvcg.2013.211""]"
A5043852046,3,126.0,0,Hangzai Luo,"[""10.1109/vast.2006.261425"", ""10.1109/vast.2006.261433"", ""10.1109/vast.2007.4389003""]"
A5043872451,1,48.0,0,Lingxiao Zhao,"[""10.1109/tvcg.2006.158""]"
A5043880698,1,41.0,0,Marek Teichmann,"[""10.1109/visual.1998.745286""]"
A5043905996,1,51.0,0,Elizabeth Munch,"[""10.1109/tvcg.2019.2934242""]"
A5043908299,1,18.0,0,Pierre Accorsi,"[""10.1109/vast.2014.7042488""]"
A5043913136,2,102.0,0,Walter Berger,"[""10.1109/tvcg.2009.110"", ""10.1109/tvcg.2013.122""]"
A5043929479,1,9.0,0,D. Nuesch,"[""10.1109/visual.1995.480799""]"
A5043951647,1,5.0,0,Kenneth L. Summers,"[""10.1109/infvis.2003.1249021""]"
A5043954263,1,7.0,0,Daniel Kobras,"[""10.1109/visual.2000.885709""]"
A5043973007,2,1131.0,2,Danny Holten,"[""10.1109/tvcg.2006.147"", ""10.1109/tvcg.2015.2468078""]"
A5044017846,1,18.0,0,Arnaud Sallaberry,"[""10.1109/vast.2014.7042488""]"
A5044019424,1,5.0,0,R. Brannon,"[""10.1109/visual.2005.1532771""]"
A5044031615,3,14.0,0,Markus Rütten,"[""10.1109/tvcg.2006.119"", ""10.1109/tvcg.2012.269"", ""10.1109/visual.1999.809917""]"
A5044057604,1,16.0,0,Francis Lazarus,"[""10.1109/visual.1998.745327""]"
A5044070229,1,29.0,0,Shiping Huang,"[""10.1109/infvis.2004.71""]"
A5044079129,3,312.0,0,Charles D. Stolper,"[""10.1109/tvcg.2012.263"", ""10.1109/tvcg.2014.2346444"", ""10.1109/tvcg.2014.2346574""]"
A5044146574,1,22.0,0,Timothy S. Miller,"[""10.1109/visual.2001.964505""]"
A5044148984,1,0.0,0,N. Prevost,"[""10.1109/visual.1995.485147""]"
A5044180020,1,52.0,0,Ángel Del Rı́o,"[""10.1109/visual.2003.1250370""]"
A5044181405,1,38.0,0,Dr Ashraf Badawood,"[""10.1109/tvcg.2011.174""]"
A5044182284,1,13.0,0,Elizabeth Shoop,"[""10.1109/visual.1996.567796""]"
A5044186469,1,0.0,1,Egzon Miftari,"[""10.1109/tvcg.2023.3326519""]"
A5044197443,1,9.0,0,S.m. Legensky,"[""10.1109/visual.1990.146416""]"
A5044266730,1,88.0,0,Robert J. Zawadzki,"[""10.1109/tvcg.2007.70590""]"
A5044271949,1,71.0,0,Matt Williams,"[""10.1109/infvis.2004.60""]"
A5044275844,1,0.0,0,J. Thomas,"[""10.1109/visual.2000.885738""]"
A5044289462,1,0.0,0,E. Pepke,"[""10.1109/visual.1992.235175""]"
A5044324185,1,7.0,0,E. Gschwind,"[""10.1109/visual.1990.146381""]"
A5044360639,1,7.0,0,Ruizhi Shi,"[""10.1109/tvcg.2022.3209459""]"
A5044376354,1,41.0,0,Cassiano Sugiyama,"[""10.1109/tvcg.2018.2864849""]"
A5044388347,1,18.0,0,Lei Qin,"[""10.1109/tvcg.2019.2934402""]"
A5044403966,2,22.0,0,Chuhan Shi,"[""10.1109/tvcg.2022.3209434"", ""10.1109/tvcg.2023.3326522""]"
A5044419224,1,4.0,0,J.l. Kempf,"[""10.1109/visual.1990.146382""]"
A5044424052,1,0.0,0,H. Foote,"[""10.1109/visual.2000.885738""]"
A5044425959,2,98.0,0,Huihua Guan,"[""10.1109/tvcg.2017.2745139"", ""10.1109/tvcg.2018.2865021""]"
A5044426577,1,20.0,0,Aaron Ault,"[""10.1109/vast.2006.261434""]"
A5044438375,1,36.0,0,Mario Romero,"[""10.1109/tvcg.2008.185""]"
A5044442336,1,144.0,1,Paul L. Miller,"[""10.1109/tvcg.2006.186""]"
A5044546139,1,10.0,0,Gi‐yeul Bae,"[""10.1109/tvcg.2023.3326919""]"
A5044550362,1,19.0,0,Liu Da Jian,"[""10.1109/tvcg.2013.219""]"
A5044557847,1,88.0,0,John S. Werner,"[""10.1109/tvcg.2007.70590""]"
A5044587957,1,61.0,0,Ulderico Fugacci,"[""10.1109/tvcg.2017.2744321""]"
A5044649257,1,18.0,0,Ehud Sharlin,"[""10.1109/tvcg.2022.3209474""]"
A5044669967,1,37.0,0,Ray Grout,"[""10.1109/tvcg.2011.199""]"
A5044691513,2,298.0,0,Omar Shaikh,"[""10.1109/tvcg.2020.3030418"", ""10.1109/tvcg.2021.3114858""]"
A5044705924,1,7.0,0,Denis Declara,"[""10.1109/scivis.2015.7429489""]"
A5044714148,1,13.0,0,Krystal Kallarackal,"[""10.1109/tvcg.2024.3456354""]"
A5044715706,1,5.0,0,A. Wilson,"[""10.1109/visual.2005.1532771""]"
A5044724054,1,36.0,0,Haojing Jiang,"[""10.1109/tvcg.2019.2934208""]"
A5044733153,2,15.0,0,T.t. Elvins,"[""10.1109/visual.1991.175807"", ""10.1109/visual.1991.175814""]"
A5044775427,1,37.0,0,Yishay Levanoni,"[""10.1109/visual.1996.567600""]"
A5044776929,1,13.0,0,Aviv Madar,"[""10.1109/tvcg.2014.2346753""]"
A5044778534,1,6.0,0,David A. Rabenhorst,"[""10.1109/visual.2002.1183817""]"
A5044784936,1,18.0,0,Amir A. Zamani,"[""10.1109/tvcg.2019.2934402""]"
A5044786674,1,5.0,0,Guðbjörg Linda Rafnsdóttir,"[""10.1109/tvcg.2023.3327369""]"
A5044791875,1,30.0,0,Jie Tang,"[""10.1109/vast.2015.7347632""]"
A5044817078,1,0.0,0,C.s. Jones,"[""10.1109/visual.1992.235173""]"
A5044897470,1,10.0,1,David H. Porter,"[""10.1109/visual.2005.1532812""]"
A5044898565,1,209.0,0,Dino Pedreschi,"[""10.1109/vast.2009.5332584""]"
A5044898858,1,9.0,0,Gianluca Lazzi,"[""10.1109/visual.1996.568135""]"
A5044904222,2,33.0,0,Xiaoqiang Zheng,"[""10.1109/visual.2003.1250379"", ""10.1109/visual.2005.1532770""]"
A5044906443,1,28.0,0,Martin Menzel,"[""10.1109/visual.1997.663858""]"
A5044908366,1,9.0,0,Joachim Böttger,"[""10.1109/tvcg.2006.126""]"
A5044922438,1,19.0,0,Bharat K. Soni,"[""10.1109/tvcg.2008.183""]"
A5044929406,1,21.0,0,Reinhold Preiner,"[""10.1109/vast.2014.7042491""]"
A5044937250,1,7.0,0,Sean Ziegeler,"[""10.1109/visual.2001.964559""]"
A5044948170,1,1.0,0,R.m. Taylor,"[""10.1109/visual.2005.1532829""]"
A5044962213,1,54.0,0,Mahbubul Majumder,"[""10.1109/tvcg.2012.230""]"
A5044973138,1,58.0,0,Elisa Portes Dos Santos Amorim,"[""10.1109/vast.2012.6400489""]"
A5045004921,2,34.0,0,Yoshihiko Ichikawa,"[""10.1109/infvis.2000.885093"", ""10.1109/visual.1997.663889""]"
A5045015032,1,18.0,0,Mirjana Vukovic,"[""10.1109/infvis.2005.1532147""]"
A5045020503,1,7.0,0,Julian Kreiser,"[""10.1109/tvcg.2017.2744299""]"
A5045048041,1,17.0,0,J. Timlin,"[""10.1109/visual.1990.146389""]"
A5045086893,2,231.0,0,Mateu Sbert,"[""10.1109/tvcg.2006.152"", ""10.1109/tvcg.2011.173""]"
A5045099476,1,35.0,0,Peter Hanula,"[""10.1109/tvcg.2019.2934546""]"
A5045105070,5,119.0,0,Miloš Šrámek,"[""10.1109/vast.2012.6400555"", ""10.1109/visual.1994.346320"", ""10.1109/visual.2002.1183812"", ""10.1109/visual.2004.104"", ""10.1109/visual.2004.72""]"
A5045125867,1,156.0,0,Farhan Mohamed,"[""10.1109/tvcg.2012.197""]"
A5045131102,1,4.0,0,Zhengxin You,"[""10.1109/tvcg.2023.3326930""]"
A5045131748,1,32.0,0,Andreas Reh,"[""10.1109/tvcg.2013.177""]"
A5045148405,1,78.0,0,Seungyoon Lee,"[""10.1109/tvcg.2013.223""]"
A5045188560,1,11.0,0,Allison Woodruff,"[""10.1109/infvis.2000.885087""]"
A5045205518,1,13.0,0,Nigel W. John,"[""10.1109/tvcg.2018.2865025""]"
A5045224825,15,1498.0,3,Gordon Kindlmann,"[""10.1109/tvcg.2006.134"", ""10.1109/tvcg.2008.148"", ""10.1109/tvcg.2009.177"", ""10.1109/tvcg.2010.199"", ""10.1109/tvcg.2013.181"", ""10.1109/tvcg.2014.2346325"", ""10.1109/tvcg.2015.2467449"", ""10.1109/tvcg.2018.2864907"", ""10.1109/visual.1999.809886"", ""10.1109/visual.1999.809894"", ""10.1109/visual.2001.964519"", ""10.1109/visual.2002.1183788"", ""10.1109/visual.2003.1250414"", ""10.1109/visual.2004.113"", ""10.1109/visual.2004.18""]"
A5045256341,4,178.0,0,Shehzad Afzal,"[""10.1109/tvcg.2012.264"", ""10.1109/tvcg.2014.2346911"", ""10.1109/vast.2011.6102457"", ""10.1109/vast.2014.7042484""]"
A5045259592,1,12.0,0,V. Strela,"[""10.1109/visual.2001.964500""]"
A5045260862,1,57.0,0,Alden Morris Mascarenhas,"[""10.1109/visual.2000.885687""]"
A5045269847,1,32.0,0,Cristina Russo Dos Santos,"[""10.1109/infvis.2000.885104""]"
A5045274655,1,7.0,0,Kang Shi,"[""10.1109/infvis.2005.1532132""]"
A5045276198,1,13.0,0,D.c. Richardson,"[""10.1109/visual.1995.480793""]"
A5045289712,3,148.0,0,Martin Schulz,"[""10.1109/tvcg.2012.286"", ""10.1109/tvcg.2014.2346456"", ""10.1109/visual.1999.809918""]"
A5045299635,1,59.0,0,Abdelkrim Mebarki,"[""10.1109/visual.2005.1532832""]"
A5045303454,1,11.0,0,Shuh Yuan Liou,"[""10.1109/visual.2001.964518""]"
A5045306550,6,352.0,0,Bernice E. Rogowitz,"[""10.1109/tvcg.2008.155"", ""10.1109/visual.1993.398874"", ""10.1109/visual.1995.480803"", ""10.1109/visual.1999.809929"", ""10.1109/visual.2000.885739"", ""10.1109/visual.2001.964510""]"
A5045317869,1,20.0,0,John V. Harrison,"[""10.1109/infvis.1999.801862""]"
A5045340030,2,44.0,0,Zachary Leggon,"[""10.1109/tvcg.2019.2934536"", ""10.1109/tvcg.2020.3030434""]"
A5045352499,1,15.0,0,Firdaus Janoos,"[""10.1109/vast.2007.4388990""]"
A5045357328,1,3.0,0,Victoria Mcarthur,"[""10.1109/tvcg.2024.3456319""]"
A5045361309,2,176.0,0,Stephen Ingram,"[""10.1109/tvcg.2014.2346431"", ""10.1109/vast.2010.5652392""]"
A5045378026,3,239.0,1,Oh Hyun Kwon,"[""10.1109/tvcg.2017.2743858"", ""10.1109/tvcg.2019.2934251"", ""10.1109/tvcg.2019.2934396""]"
A5045379675,1,193.0,0,Carla E. Brodley,"[""10.1109/vast.2012.6400486""]"
A5045407993,2,25.0,0,T. Pavlidis,"[""10.1109/visual.1990.146379"", ""10.1109/visual.1992.235191""]"
A5045428567,1,2.0,0,Negar Naghashzadeh,"[""10.1109/tvcg.2022.3209356""]"
A5045433461,3,86.0,1,Carter Emmart,"[""10.1109/tvcg.2017.2743958"", ""10.1109/tvcg.2019.2934259"", ""10.1109/tvcg.2020.3030333""]"
A5045449467,1,15.0,0,Hossam Sharara,"[""10.1109/vast.2011.6102442""]"
A5045481063,1,12.0,0,Xinlong Zhang,"[""10.1109/vast50239.2020.00011""]"
A5045484599,1,25.0,0,Kevin Kreeger,"[""10.1109/visual.1999.809887""]"
A5045486160,1,46.0,0,Laura Tateosian,"[""10.1109/tvcg.2010.202""]"
A5045497184,1,5.0,0,R.d. Williams,"[""10.1109/visual.1992.235220""]"
A5045504703,2,49.0,0,I. Ari Sadarjoen,"[""10.1109/visual.1995.485158"", ""10.1109/visual.1998.745333""]"
A5045542854,1,0.0,0,Will Schroeder,"[""10.1109/visual.1997.663927""]"
A5045547142,1,4.0,0,J.f. Hughes,"[""10.1109/visual.1994.346306""]"
A5045592180,1,15.0,0,Jamie Morgenstern,"[""10.1109/vast47406.2019.8986948""]"
A5045593944,1,12.0,0,Alexander Eiselmayer,"[""10.1109/tvcg.2020.3028894""]"
A5045648348,1,64.0,0,Xinke Wu,"[""10.1109/tvcg.2020.3030467""]"
A5045671998,1,83.0,0,David W. Holmes,"[""10.1109/tvcg.2009.164""]"
A5045693423,1,242.0,0,Paul S. Heckbert,"[""10.1109/visual.1998.745312""]"
A5045696076,1,61.0,0,Chris Tector,"[""10.1109/visual.1994.346295""]"
A5045718502,4,42.0,1,Guande Wu,"[""10.1109/tvcg.2023.3326925"", ""10.1109/tvcg.2023.3327363"", ""10.1109/tvcg.2023.3327396"", ""10.1109/tvcg.2024.3456388""]"
A5045738980,4,203.0,0,Umeshwar Dayal,"[""10.1109/infvis.1999.801867"", ""10.1109/infvis.2005.1532148"", ""10.1109/vast.2007.4389001"", ""10.1109/vast.2009.5333919""]"
A5045739580,1,36.0,0,Fanbo Deng,"[""10.1109/tvcg.2010.172""]"
A5045751338,2,28.0,0,Stanislav L. Stoev,"[""10.1109/visual.2000.885672"", ""10.1109/visual.2002.1183826""]"
A5045775773,1,35.0,1,Martin Mladenov,"[""10.1109/vast.2010.5652478""]"
A5045801671,1,18.0,0,Thad﻿ Starner﻿﻿,"[""10.1109/visual.2002.1183802""]"
A5045827183,2,18.0,0,A. Kaufman,"[""10.1109/visual.1997.663869"", ""10.1109/visual.1997.663915""]"
A5045835385,14,1671.0,2,Maneesh Agrawala,"[""10.1109/tvcg.2006.163"", ""10.1109/tvcg.2006.178"", ""10.1109/tvcg.2007.70589"", ""10.1109/tvcg.2008.137"", ""10.1109/tvcg.2010.151"", ""10.1109/tvcg.2010.186"", ""10.1109/tvcg.2012.229"", ""10.1109/tvcg.2013.164"", ""10.1109/tvcg.2014.2346446"", ""10.1109/tvcg.2019.2934431"", ""10.1109/tvcg.2023.3327150"", ""10.1109/vast.2007.4389011"", ""10.1109/visual.2003.1250392"", ""10.1109/visual.2004.120""]"
A5045835701,1,18.0,0,V.l. Chi,"[""10.1109/visual.1997.663923""]"
A5045855094,1,88.0,0,Natalia Lopez,"[""10.1109/infvis.2000.885088""]"
A5045873117,1,3.0,0,T. Welsh,"[""10.1109/visual.2001.964556""]"
A5045900083,1,73.0,0,John W. Rick,"[""10.1109/visual.2003.1250392""]"
A5045927034,2,47.0,0,Yuan Zhou,"[""10.1109/tvcg.2006.154"", ""10.1109/visual.2004.81""]"
A5046000210,1,14.0,0,Mary Knapp,"[""10.1109/visual.2002.1183812""]"
A5046010727,1,0.0,0,Gregory W. Shirah,"[""10.1109/visual.2002.1183825""]"
A5046024163,1,4.0,0,Guang R. Gao,"[""10.1109/infvis.2002.1173154""]"
A5046026271,1,25.0,0,Matt Heun Hong,"[""10.1109/tvcg.2021.3114783""]"
A5046061686,1,59.0,0,John Harer,"[""10.1109/visual.2004.68""]"
A5046075769,2,28.0,0,Hannah K. Bako,"[""10.1109/tvcg.2022.3209490"", ""10.1109/tvcg.2024.3456407""]"
A5046081006,1,37.0,0,R.b. Haber,"[""10.1109/visual.1991.175818""]"
A5046130202,1,31.0,0,Yuanyuan Tang,"[""10.1109/tvcg.2020.3030351""]"
A5046158009,1,35.0,0,Fateme Rajabiyazdi,"[""10.1109/tvcg.2023.3327378""]"
A5046158024,1,33.0,0,Haihan Lin,"[""10.1109/tvcg.2022.3209451""]"
A5046219345,1,3.0,0,Yinan Chen,"[""10.1109/tvcg.2024.3456141""]"
A5046293742,1,15.0,0,G. B. Loriot,"[""10.1109/tvcg.2006.182""]"
A5046324646,4,159.0,2,Xingyu Lan,"[""10.1109/tvcg.2021.3114774"", ""10.1109/tvcg.2021.3114775"", ""10.1109/tvcg.2023.3327385"", ""10.1109/tvcg.2024.3456341""]"
A5046409172,1,11.0,0,Tianqing Fang,"[""10.1109/tvcg.2023.3327153""]"
A5046441109,1,6.0,0,Nicolas Médoc,"[""10.1109/tvcg.2024.3456167""]"
A5046453853,1,36.0,0,Charisee Chiw,"[""10.1109/tvcg.2015.2467449""]"
A5046473651,4,153.0,1,Pavol Klacansky,"[""10.1109/tvcg.2017.2744079"", ""10.1109/tvcg.2018.2864853"", ""10.1109/tvcg.2019.2934257"", ""10.1109/tvcg.2020.3030381""]"
A5046484658,1,98.0,0,Gareth Daniel,"[""10.1109/visual.2003.1250401""]"
A5046501868,3,131.0,1,Steven R. Gomez,"[""10.1109/tvcg.2012.214"", ""10.1109/tvcg.2015.2467613"", ""10.1109/vast.2014.7042482""]"
A5046515661,1,8.0,0,Yicheng Hu,"[""10.1109/tvcg.2022.3209434""]"
A5046542218,1,5.0,0,Diane T. Rover,"[""10.1109/visual.1993.398866""]"
A5046543877,1,63.0,0,Hock Soon Seah,"[""10.1109/tvcg.2007.70538""]"
A5046565976,2,46.0,0,Hui Fang,"[""10.1109/tvcg.2016.2599214"", ""10.1109/tvcg.2022.3209464""]"
A5046574356,1,156.0,0,Luciano Floridi,"[""10.1109/tvcg.2012.197""]"
A5046609142,1,31.0,0,B. Hibbard,"[""10.1109/visual.1990.146361""]"
A5046614342,1,7.0,0,Yunjeong Chang,"[""10.1109/tvcg.2023.3327354""]"
A5046620680,1,81.0,0,Joann Kuchera Morin,"[""10.1109/tvcg.2011.234""]"
A5046632395,2,133.0,0,Jayaraman J. Thiagarajan,"[""10.1109/tvcg.2017.2745141"", ""10.1109/tvcg.2019.2934594""]"
A5046646390,2,29.0,0,Sameep Mehta,"[""10.1109/vast.2006.261451"", ""10.1109/visual.2004.23""]"
A5046653731,1,15.0,0,Shaolun Ruan,"[""10.1109/tvcg.2022.3209455""]"
A5046667486,1,13.0,0,H. Hagen,"[""10.1109/visual.2000.885710""]"
A5046703129,2,180.0,0,Hongyuan Zha,"[""10.1109/tvcg.2017.2745320"", ""10.1109/tvcg.2018.2864885""]"
A5046724184,1,0.0,0,Shaun Canavan,"[""10.1109/tvcg.2021.3114784""]"
A5046739843,1,28.0,0,A. Kaufman,"[""10.1109/visual.1994.346333""]"
A5046751441,1,30.0,0,B. I. Rabinovich,"[""10.1109/visual.1997.663863""]"
A5046755175,1,3.0,0,Bradley Feest,"[""10.1109/tvcg.2024.3456388""]"
A5046771643,1,19.0,0,P. Kondratieva,"[""10.1109/visual.2005.1532780""]"
A5046772423,1,5.0,0,P.j. Moran,"[""10.1109/visual.1994.346337""]"
A5046778702,1,53.0,0,Pascal Volino,"[""10.1109/visual.1999.809885""]"
A5046793596,1,5.0,0,Margrét V. Bjarnadóttir,"[""10.1109/tvcg.2023.3327369""]"
A5046803850,1,21.0,0,Blair Lyons,"[""10.1109/tvcg.2017.2744518""]"
A5046814575,1,0.0,0,J.a. Baca,"[""10.1109/visual.1992.235173""]"
A5046828208,1,56.0,0,Chris Yi,"[""10.1109/vast.2018.8802454""]"
A5046834781,1,4.0,0,R. Van Drielf,"[""10.1109/visual.2000.885735""]"
A5046840747,1,15.0,0,Andrew Callan Jones,"[""10.1109/tvcg.2006.182""]"
A5046845415,1,52.0,0,Peggy Aldrich Kidwell,"[""10.1109/tvcg.2008.181""]"
A5046855147,1,53.0,0,Zui Chen,"[""10.1109/tvcg.2021.3114804""]"
A5046865751,1,31.0,0,Anton Strezhnev,"[""10.1109/tvcg.2016.2598518""]"
A5046880557,1,28.0,0,Jose C. Renteria,"[""10.1109/visual.2000.885714""]"
A5046896448,2,20.0,0,Nassir Navab,"[""10.1109/scivis.2015.7429489"", ""10.1109/tvcg.2014.2346317""]"
A5046927775,1,12.0,0,T. Klein,"[""10.1109/visual.2005.1532799""]"
A5046935702,1,14.0,0,F. Nossin,"[""10.1109/infvis.2005.1532125""]"
A5046964482,2,61.0,0,Thomas Löwe,"[""10.1109/tvcg.2011.237"", ""10.1109/tvcg.2015.2467612""]"
A5046974897,1,30.0,0,A. D. Pembroke,"[""10.1109/scivis.2015.7429487""]"
A5046982519,2,83.0,0,Peter Kerpedjiev,"[""10.1109/tvcg.2017.2745978"", ""10.1109/tvcg.2019.2934555""]"
A5047006333,2,45.0,0,Michael Schwärzler,"[""10.1109/tvcg.2015.2468011"", ""10.1109/tvcg.2019.2934658""]"
A5047006398,1,68.0,0,Robert Strzodka,"[""10.1109/visual.2004.88""]"
A5047029982,1,8.0,0,R. Rosenberg,"[""10.1109/visual.1998.745350""]"
A5047079466,1,11.0,0,Yuxing Zhou,"[""10.1109/tvcg.2023.3326934""]"
A5047104707,2,130.0,0,Horst K. Hahn,"[""10.1109/tvcg.2011.207"", ""10.1109/visual.2001.964538""]"
A5047111624,1,35.0,0,Baher Elgohari,"[""10.1109/tvcg.2019.2934546""]"
A5047120412,1,5.0,0,T.a. Foley,"[""10.1109/visual.1991.175804""]"
A5047125862,1,5.0,1,Giorgio Corani,"[""10.1109/tvcg.2011.168""]"
A5047130748,1,31.0,0,Kejie Yu,"[""10.1109/tvcg.2019.2934671""]"
A5047134476,4,105.0,0,A. Köchl,"[""10.1109/tvcg.2013.215"", ""10.1109/vast.2012.6400555"", ""10.1109/visual.2004.104"", ""10.1109/visual.2004.72""]"
A5047141984,1,23.0,0,P.k. Stone,"[""10.1109/visual.1990.146398""]"
A5047154919,1,42.0,0,Haomian Wang,"[""10.1109/tvcg.2009.144""]"
A5047160794,1,11.0,0,G.d. Montanaro,"[""10.1109/visual.1992.235205""]"
A5047165067,1,68.0,0,Jianlong Zhou,"[""10.1109/tvcg.2009.120""]"
A5047169723,1,168.0,0,Charles L. Feldman,"[""10.1109/tvcg.2011.192""]"
A5047199312,2,41.0,0,Markus Stommel,"[""10.1109/scivis.2015.7429491"", ""10.1109/tvcg.2018.2864846""]"
A5047215403,1,103.0,0,Michael Kerber,"[""10.1109/tvcg.2010.139""]"
A5047285781,1,10.0,0,G. Grinstein,"[""10.1109/visual.1991.175809""]"
A5047298428,1,35.0,0,Pablo Román,"[""10.1109/tvcg.2010.128""]"
A5047313892,1,2.0,0,M. Needels,"[""10.1109/visual.1991.175786""]"
A5047314988,2,73.0,0,Simon Walton,"[""10.1109/tvcg.2016.2599214"", ""10.1109/vast.2014.7042484""]"
A5047344510,1,110.0,0,Aaron Barsky,"[""10.1109/tvcg.2008.117""]"
A5047345230,1,90.0,0,Christian Viau,"[""10.1109/tvcg.2010.205""]"
A5047355672,1,22.0,0,John A. Mcginley,"[""10.1109/visual.1996.568138""]"
A5047368502,1,25.0,0,Xiangfei Meng,"[""10.1109/tvcg.2014.2346418""]"
A5047447282,2,49.0,0,J. Wilhelms,"[""10.1109/visual.1993.398853"", ""10.1109/visual.1996.567606""]"
A5047462600,1,103.0,1,David Whitney,"[""10.1109/tvcg.2012.233""]"
A5047493562,1,0.0,0,Frank Suits,"[""10.1109/visual.2000.885700""]"
A5047521612,1,22.0,0,Christopher Scannell,"[""10.1109/visual.1998.745344""]"
A5047546814,1,4.0,0,Muna Alebri,"[""10.1109/tvcg.2023.3326914""]"
A5047556327,2,50.0,1,Daniele Chiappalupi,"[""10.1109/tvcg.2022.3209353"", ""10.1109/tvcg.2023.3326568""]"
A5047566304,1,97.0,0,Robert Hendley,"[""10.1109/infvis.1995.528691""]"
A5047572210,2,45.0,0,Vanessa Peña Araya,"[""10.1109/tvcg.2019.2934807"", ""10.1109/tvcg.2022.3209480""]"
A5047588154,1,75.0,0,Alla Zelenyuk,"[""10.1109/vast.2007.4388999""]"
A5047601205,1,98.0,0,Simon Stusak,"[""10.1109/tvcg.2014.2352953""]"
A5047661898,1,111.0,0,Jiawei Tang,"[""10.1109/tvcg.2021.3114848""]"
A5047673441,1,37.0,0,Casimir J. H. Ludwig,"[""10.1109/tvcg.2019.2934400""]"
A5047677160,12,730.0,1,Attila Gyulassy,"[""10.1109/tvcg.2007.70552"", ""10.1109/tvcg.2007.70603"", ""10.1109/tvcg.2008.110"", ""10.1109/tvcg.2009.163"", ""10.1109/tvcg.2012.209"", ""10.1109/tvcg.2014.2346434"", ""10.1109/tvcg.2015.2467432"", ""10.1109/tvcg.2018.2864848"", ""10.1109/tvcg.2019.2934257"", ""10.1109/tvcg.2019.2934620"", ""10.1109/tvcg.2020.3030363"", ""10.1109/visual.2005.1532839""]"
A5047692348,1,2.0,0,Jack Van Wijk,"[""10.1109/visual.2004.99""]"
A5047713855,4,161.0,0,Klaus Hinrichs,"[""10.1109/tvcg.2008.136"", ""10.1109/tvcg.2009.169"", ""10.1109/tvcg.2010.208"", ""10.1109/visual.2000.885699""]"
A5047718241,1,9.0,0,M. Suter,"[""10.1109/visual.1995.480799""]"
A5047726449,1,3.0,0,Nan Chen Chen,"[""10.1109/vast.2017.8585733""]"
A5047790910,2,38.0,0,Katrin Angerbauer,"[""10.1109/tvcg.2020.3030400"", ""10.1109/tvcg.2022.3209427""]"
A5047803478,1,3.0,0,Elaine Huynh,"[""10.1109/tvcg.2020.3030464""]"
A5047809126,1,83.0,0,Anthony D. Nguyen,"[""10.1109/tvcg.2009.164""]"
A5047827833,21,1709.0,2,Melanie Tory,"[""10.1109/infvis.2004.59"", ""10.1109/tvcg.2007.70596"", ""10.1109/tvcg.2009.127"", ""10.1109/tvcg.2010.149"", ""10.1109/tvcg.2010.164"", ""10.1109/tvcg.2013.153"", ""10.1109/tvcg.2013.156"", ""10.1109/tvcg.2013.197"", ""10.1109/tvcg.2014.2346573"", ""10.1109/tvcg.2016.2598466"", ""10.1109/tvcg.2017.2744319"", ""10.1109/tvcg.2017.2744684"", ""10.1109/tvcg.2018.2864903"", ""10.1109/tvcg.2021.3114830"", ""10.1109/tvcg.2023.3327158"", ""10.1109/vast.2010.5652392"", ""10.1109/vast.2010.5652879"", ""10.1109/vast47406.2019.8986918"", ""10.1109/visual.2001.964554"", ""10.1109/visual.2003.1250396"", ""10.1109/visual.2005.1532837""]"
A5047863978,1,18.0,0,Barry Drake,"[""10.1109/vast47406.2019.8986922""]"
A5047872236,2,153.0,0,Sixiao Yang,"[""10.1109/tvcg.2015.2467691"", ""10.1109/tvcg.2015.2468151""]"
A5047880072,2,8.0,0,R. Van Liere,"[""10.1109/visual.2001.964546"", ""10.1109/visual.2002.1183804""]"
A5047898395,3,142.0,0,Min Chen,"[""10.1109/tvcg.2006.144"", ""10.1109/tvcg.2010.150"", ""10.1109/visual.2000.885696""]"
A5047899161,2,97.0,0,Zheng Zhou,"[""10.1109/tvcg.2019.2934630"", ""10.1109/tvcg.2022.3209352""]"
A5047904851,1,8.0,0,G. Medioni,"[""10.1109/visual.1996.568122""]"
A5047912015,12,1176.0,1,Jaegul Choo,"[""10.1109/tvcg.2013.212"", ""10.1109/tvcg.2015.2467555"", ""10.1109/tvcg.2015.2467615"", ""10.1109/tvcg.2016.2598445"", ""10.1109/tvcg.2016.2598446"", ""10.1109/tvcg.2017.2744478"", ""10.1109/tvcg.2018.2865027"", ""10.1109/tvcg.2020.3030380"", ""10.1109/tvcg.2022.3209462"", ""10.1109/vast.2009.5332629"", ""10.1109/vast.2010.5652443"", ""10.1109/vast.2015.7347631""]"
A5047916823,1,42.0,0,Raphael Ferreira De Ávila,"[""10.1109/visual.1994.346340""]"
A5047920772,1,103.0,1,Steve Haroz,"[""10.1109/tvcg.2012.233""]"
A5047932211,1,5.0,0,F.l. Wefer,"[""10.1109/visual.1992.235220""]"
A5047976541,1,31.0,0,Delyar Tabatabai,"[""10.1109/tvcg.2022.3209425""]"
A5047978398,1,229.0,0,Eric Delson,"[""10.1109/visual.2005.1532826""]"
A5047985305,1,20.0,0,Antonio Zorcolo,"[""10.1109/visual.1998.745337""]"
A5047993611,1,5.0,0,G. Muccioli,"[""10.1109/visual.1993.398904""]"
A5048047909,8,419.0,1,Dieter Schmalstieg,"[""10.1109/tvcg.2010.138"", ""10.1109/tvcg.2011.183"", ""10.1109/tvcg.2011.184"", ""10.1109/tvcg.2011.250"", ""10.1109/tvcg.2013.154"", ""10.1109/tvcg.2013.180"", ""10.1109/tvcg.2014.2346752"", ""10.1109/tvcg.2023.3327398""]"
A5048111120,1,69.0,0,Shimei Pan,"[""10.1109/tvcg.2015.2467554""]"
A5048189898,1,0.0,0,Bernd Finkbeiner,"[""10.1109/tvcg.2021.3114866""]"
A5048194226,22,1199.0,3,Benjamin Bach,"[""10.1109/tvcg.2015.2467851"", ""10.1109/tvcg.2016.2598467"", ""10.1109/tvcg.2016.2598958"", ""10.1109/tvcg.2017.2744118"", ""10.1109/tvcg.2017.2745941"", ""10.1109/tvcg.2017.2745978"", ""10.1109/tvcg.2018.2865152"", ""10.1109/tvcg.2019.2934555"", ""10.1109/tvcg.2020.3028948"", ""10.1109/tvcg.2020.3030396"", ""10.1109/tvcg.2020.3030433"", ""10.1109/tvcg.2021.3114823"", ""10.1109/tvcg.2021.3114828"", ""10.1109/tvcg.2021.3114849"", ""10.1109/tvcg.2022.3209386"", ""10.1109/tvcg.2022.3209448"", ""10.1109/tvcg.2022.3209487"", ""10.1109/tvcg.2023.3327378"", ""10.1109/tvcg.2024.3456192"", ""10.1109/tvcg.2024.3456311"", ""10.1109/tvcg.2024.3456334"", ""10.1109/tvcg.2024.3456352""]"
A5048229839,8,300.0,2,Elmar Eisemann,"[""10.1109/tvcg.2015.2467435"", ""10.1109/tvcg.2015.2467872"", ""10.1109/tvcg.2016.2598826"", ""10.1109/tvcg.2017.2744358"", ""10.1109/tvcg.2019.2934307"", ""10.1109/tvcg.2019.2934658"", ""10.1109/tvcg.2020.3030452"", ""10.1109/tvcg.2023.3326582""]"
A5048296805,1,9.0,0,Santiago Lombeyda,"[""10.1109/visual.2004.102""]"
A5048305243,1,51.0,0,Rebecca Randell,"[""10.1109/tvcg.2020.3030424""]"
A5048335856,1,83.0,0,Dennis P. Hanson,"[""10.1109/tvcg.2009.164""]"
A5048341979,1,0.0,0,L. Jorgenson,"[""10.1109/visual.1995.485147""]"
A5048364702,1,40.0,0,Jiun Yi Tsai,"[""10.1109/tvcg.2015.2467991""]"
A5048367091,1,8.0,0,Steven R. Brandt,"[""10.1109/tvcg.2022.3209375""]"
A5048398447,1,3.0,0,Sampath Jayarathna,"[""10.1109/tvcg.2024.3456348""]"
A5048407252,1,22.0,0,Chufeng Wang,"[""10.1109/tvcg.2021.3114874""]"
A5048413277,1,11.0,0,Krzysztof Niski,"[""10.1109/tvcg.2007.70587""]"
A5048438758,1,20.0,0,Haris Mumtaz,"[""10.1109/tvcg.2019.2934669""]"
A5048466428,1,34.0,0,Arun Reddy Nelakurthi,"[""10.1109/tvcg.2020.3028888""]"
A5048468459,1,21.0,0,Daniel Dunlavy,"[""10.1109/vast.2009.5333428""]"
A5048468645,1,26.0,0,Renata G. Raidou,"[""10.1109/tvcg.2015.2467872""]"
A5048471884,2,103.0,0,Chad A. Steed,"[""10.1109/tvcg.2018.2865029"", ""10.1109/vast.2009.5332586""]"
A5048503528,1,11.0,0,D. Silver,"[""10.1109/visual.2005.1532817""]"
A5048546438,1,11.0,0,A. Ćeller,"[""10.1109/visual.2001.964554""]"
A5048552211,1,4.0,0,Jianbin Qin,"[""10.1109/tvcg.2023.3326930""]"
A5048552378,1,2.0,0,Henrik Weimer,"[""10.1109/visual.1998.745293""]"
A5048567843,1,1.0,0,Songwen Hu,"[""10.1109/tvcg.2024.3456405""]"
A5048579079,1,6.0,0,M. Gao,"[""10.1109/visual.1991.175770""]"
A5048580797,1,14.0,0,Zan Armstrong,"[""10.1109/tvcg.2014.2346297""]"
A5048586204,1,84.0,0,Christof Seeger,"[""10.1109/tvcg.2016.2598695""]"
A5048635200,3,18.0,0,Anjul Tyagi,"[""10.1109/tvcg.2022.3209361"", ""10.1109/tvcg.2022.3209392"", ""10.1109/vast47406.2019.8986923""]"
A5048638435,1,0.0,0,Jasmina Orman,"[""10.1109/visual.2001.964544""]"
A5048647256,16,588.0,3,Anders Ynnerman,"[""10.1109/scivis.2015.7429487"", ""10.1109/tvcg.2006.146"", ""10.1109/tvcg.2007.70518"", ""10.1109/tvcg.2010.195"", ""10.1109/tvcg.2011.211"", ""10.1109/tvcg.2011.224"", ""10.1109/tvcg.2012.232"", ""10.1109/tvcg.2014.2346351"", ""10.1109/tvcg.2015.2467294"", ""10.1109/tvcg.2016.2598430"", ""10.1109/tvcg.2017.2743958"", ""10.1109/tvcg.2018.2864816"", ""10.1109/tvcg.2019.2934259"", ""10.1109/tvcg.2020.3030333"", ""10.1109/tvcg.2023.3327198"", ""10.1109/visual.2000.885734""]"
A5048654383,1,0.0,0,Q.e. Dolecek,"[""10.1109/visual.1990.146418""]"
A5048659639,1,35.0,1,Vanessa M. Eichel,"[""10.1109/tvcg.2020.3030437""]"
A5048716011,3,201.0,0,L.m. Sobierajski,"[""10.1109/visual.1992.235231"", ""10.1109/visual.1995.480792"", ""10.1109/visual.1996.568108""]"
A5048743316,1,9.0,0,R.a. Cross,"[""10.1109/visual.1994.346324""]"
A5048743653,5,199.0,0,Donald H. House,"[""10.1109/tvcg.2006.183"", ""10.1109/tvcg.2007.70559"", ""10.1109/tvcg.2018.2865193"", ""10.1109/visual.1998.745303"", ""10.1109/visual.2005.1532782""]"
A5048752833,1,2.0,0,J.l. Pajon,"[""10.1109/visual.1990.146392""]"
A5048755737,1,11.0,0,Melissa A. Schoenlein,"[""10.1109/tvcg.2022.3209443""]"
A5048780291,11,311.0,0,Chris R. Johnson,"[""10.1109/tvcg.2018.2864505"", ""10.1109/tvcg.2018.2864850"", ""10.1109/tvcg.2020.3030394"", ""10.1109/tvcg.2020.3030473"", ""10.1109/tvcg.2022.3209424"", ""10.1109/tvcg.2024.3456393"", ""10.1109/visual.1994.346321"", ""10.1109/visual.1995.480806"", ""10.1109/visual.1996.568121"", ""10.1109/visual.2000.885688"", ""10.1109/visual.2004.25""]"
A5048805931,1,17.0,0,Huanliang Wang,"[""10.1109/tvcg.2022.3209391""]"
A5048833289,1,18.0,0,Jihye Yun,"[""10.1109/tvcg.2010.155""]"
A5048860923,1,14.0,0,John George,"[""10.1109/visual.1993.398885""]"
A5048864545,1,17.0,0,Pearl Pu,"[""10.1109/infvis.2000.885103""]"
A5048873258,1,3.0,0,Ruike Jiang,"[""10.1109/tvcg.2023.3326908""]"
A5048919402,2,49.0,0,Mingming Fan,"[""10.1109/tvcg.2018.2864887"", ""10.1109/tvcg.2019.2934797""]"
A5048928683,1,32.0,0,Aaron Striegel,"[""10.1109/vast.2011.6102458""]"
A5048963954,1,6.0,0,Zhihua Zhu,"[""10.1109/tvcg.2022.3209463""]"
A5048978959,1,64.0,0,Louis Eveillard,"[""10.1109/tvcg.2015.2467201""]"
A5048992354,17,1079.0,4,Jo Wood,"[""10.1109/tvcg.2007.70570"", ""10.1109/tvcg.2008.165"", ""10.1109/tvcg.2009.128"", ""10.1109/tvcg.2010.191"", ""10.1109/tvcg.2011.174"", ""10.1109/tvcg.2011.197"", ""10.1109/tvcg.2012.262"", ""10.1109/tvcg.2013.132"", ""10.1109/tvcg.2013.145"", ""10.1109/tvcg.2014.2346265"", ""10.1109/tvcg.2014.2346274"", ""10.1109/tvcg.2014.2346323"", ""10.1109/tvcg.2016.2598542"", ""10.1109/tvcg.2016.2598862"", ""10.1109/tvcg.2018.2864836"", ""10.1109/tvcg.2019.2934790"", ""10.1109/vast.2011.6102446""]"
A5049012090,2,22.0,1,Ayse D. Lokmanoglu,"[""10.1109/tvcg.2023.3327356"", ""10.1109/tvcg.2024.3456366""]"
A5049016095,1,32.0,0,Eugene Wu,"[""10.1109/tvcg.2018.2865264""]"
A5049042655,1,14.0,0,H. Neely,"[""10.1109/visual.1999.809923""]"
A5049050148,9,394.0,2,Dazhen Deng,"[""10.1109/tvcg.2018.2865041"", ""10.1109/tvcg.2019.2934630"", ""10.1109/tvcg.2020.3030359"", ""10.1109/tvcg.2022.3209360"", ""10.1109/tvcg.2022.3209373"", ""10.1109/tvcg.2022.3209447"", ""10.1109/tvcg.2022.3209468"", ""10.1109/tvcg.2023.3327162"", ""10.1109/tvcg.2024.3456150""]"
A5049066620,1,18.0,0,Raja R. Sambasivan,"[""10.1109/tvcg.2013.233""]"
A5049086940,1,60.0,1,Kexin Huang,"[""10.1109/tvcg.2022.3209435""]"
A5049093433,1,25.0,0,Pascale Proulx,"[""10.1109/vast.2006.261427""]"
A5049104260,1,2.0,0,Laura J. Perovich,"[""10.1109/tvcg.2020.3030472""]"
A5049109394,1,13.0,0,Benjamin P. Bowen,"[""10.1109/tvcg.2017.2744479""]"
A5049134847,2,240.0,0,Jonathan J. H. Zhu,"[""10.1109/tvcg.2013.221"", ""10.1109/tvcg.2014.2346919""]"
A5049140163,1,3.0,0,Brian Montambault,"[""10.1109/tvcg.2024.3456391""]"
A5049166156,2,30.0,1,Abhraneel Sarma,"[""10.1109/tvcg.2021.3114782"", ""10.1109/tvcg.2022.3209348""]"
A5049166417,1,18.0,0,N. Hanssen,"[""10.1109/visual.2004.29""]"
A5049188592,2,102.0,0,Kecheng Lu,"[""10.1109/tvcg.2017.2745919"", ""10.1109/tvcg.2020.3030406""]"
A5049231168,1,46.0,0,Falko Kuester,"[""10.1109/tvcg.2007.70532""]"
A5049237676,1,6.0,0,Tulika Mitra,"[""10.1109/visual.2000.885682""]"
A5049241635,6,311.0,1,Ali K. Al Awami,"[""10.1109/tvcg.2013.142"", ""10.1109/tvcg.2014.2346312"", ""10.1109/tvcg.2015.2467441"", ""10.1109/tvcg.2017.2744238"", ""10.1109/tvcg.2017.2744278"", ""10.1109/tvcg.2018.2864847""]"
A5049259877,1,24.0,0,Giuseppe Carenini,"[""10.1109/infvis.1998.729564""]"
A5049298894,5,148.0,0,Jan‐henrik Haunert,"[""10.1109/tvcg.2011.191"", ""10.1109/tvcg.2012.193"", ""10.1109/tvcg.2013.187"", ""10.1109/tvcg.2020.3030399"", ""10.1109/tvcg.2022.3209485""]"
A5049302273,1,10.0,0,Frank Dachille,"[""10.1109/visual.1999.809872""]"
A5049315614,1,50.0,0,Robert F. Dougherty,"[""10.1109/visual.2004.30""]"
A5049317554,1,48.0,0,Carsten Colditz,"[""10.1109/visual.2002.1183778""]"
A5049319779,1,21.0,0,Eitan Grinspun,"[""10.1109/visual.2001.964529""]"
A5049355010,1,7.0,0,William L. Barth,"[""10.1109/tvcg.2007.70610""]"
A5049372719,1,55.0,0,Qian Tang,"[""10.1109/visual.1999.809914""]"
A5049441601,8,753.0,1,Paolo Cignoni,"[""10.1109/tvcg.2006.115"", ""10.1109/tvcg.2010.136"", ""10.1109/tvcg.2011.165"", ""10.1109/visual.1998.745285"", ""10.1109/visual.2000.885680"", ""10.1109/visual.2003.1250366"", ""10.1109/visual.2003.1250407"", ""10.1109/visual.2005.1532797""]"
A5049449495,1,14.0,0,Lexing Xie,"[""10.1109/vast47406.2019.8986934""]"
A5049451858,1,38.0,0,E. Mark Haacke,"[""10.1109/tvcg.2020.3030374""]"
A5049474187,1,295.0,0,Soon‐wook Kwon,"[""10.1109/tvcg.2018.2865027""]"
A5049496836,1,3.0,0,Hae Na Lee,"[""10.1109/tvcg.2024.3456348""]"
A5049539242,1,14.0,0,Vincent Bloemen,"[""10.1109/tvcg.2019.2934289""]"
A5049577340,4,495.0,0,Eli T. Brown,"[""10.1109/tvcg.2014.2346575"", ""10.1109/tvcg.2016.2598839"", ""10.1109/tvcg.2017.2745078"", ""10.1109/vast.2012.6400486""]"
A5049594027,1,7.0,0,Ying Chen,"[""10.1109/tvcg.2023.3327200""]"
A5049607294,1,28.0,0,Peter Gyory,"[""10.1109/tvcg.2022.3209442""]"
A5049609802,1,130.0,0,J. H. T. Claessen,"[""10.1109/tvcg.2011.201""]"
A5049649342,2,68.0,0,Veronika Šoltészová,"[""10.1109/tvcg.2009.121"", ""10.1109/tvcg.2012.188""]"
A5049659355,1,2.0,0,Yasuyo Kita,"[""10.1109/visual.2000.885693""]"
A5049684321,1,37.0,0,Xilong Shen,"[""10.1109/tvcg.2020.3030440""]"
A5049695068,1,13.0,0,Mary Ross,"[""10.1109/visual.1998.745336""]"
A5049695343,1,56.0,0,Mikael Vejdemo‐johansson,"[""10.1109/tvcg.2011.177""]"
A5049696189,1,16.0,0,Lucas Nadolskis,"[""10.1109/tvcg.2023.3327393""]"
A5049739035,1,65.0,0,Heiko Ramm,"[""10.1109/tvcg.2013.159""]"
A5049745718,1,12.0,0,C.s. Ang,"[""10.1109/visual.1994.346342""]"
A5049765565,2,16.0,0,Mohamed Ibrahim,"[""10.1109/tvcg.2017.2743979"", ""10.1109/tvcg.2021.3114788""]"
A5049805631,1,166.0,0,Victor Sanh,"[""10.1109/tvcg.2022.3209479""]"
A5049830796,6,200.0,1,Marcos Lage,"[""10.1109/tvcg.2016.2598585"", ""10.1109/tvcg.2022.3209474"", ""10.1109/tvcg.2023.3326514"", ""10.1109/tvcg.2023.3326598"", ""10.1109/tvcg.2024.3456353"", ""10.1109/vast.2015.7347636""]"
A5049881687,1,45.0,0,Jason P. Leboe,"[""10.1109/tvcg.2007.70528""]"
A5049883737,1,12.0,0,Xijie Huang,"[""10.1109/tvcg.2023.3326586""]"
A5049886136,1,39.0,0,Bo Qiao,"[""10.1109/tvcg.2019.2934613""]"
A5049897427,1,31.0,0,Bilkis Jamal Ferdosi,"[""10.1109/vast.2010.5652450""]"
A5049903568,1,0.0,0,D. Adams,"[""10.1109/visual.2000.885738""]"
A5049952020,1,65.0,0,Florian Block,"[""10.1109/tvcg.2012.272""]"
A5049959252,1,269.0,0,Ryan P. Russell,"[""10.1109/tvcg.2015.2467091""]"
A5049992511,1,108.0,1,Nan Kong,"[""10.1109/tvcg.2010.186""]"
A5050013747,1,1.0,1,Sarah Nason,"[""10.1109/tvcg.2021.3114818""]"
A5050022060,2,410.0,1,R. Amar,"[""10.1109/infvis.2004.10"", ""10.1109/infvis.2005.1532136""]"
A5050064511,9,601.0,3,Caroline Ziemkiewicz,"[""10.1109/tvcg.2008.171"", ""10.1109/tvcg.2010.174"", ""10.1109/tvcg.2012.214"", ""10.1109/tvcg.2015.2467613"", ""10.1109/tvcg.2015.2467758"", ""10.1109/vast.2007.4389009"", ""10.1109/vast.2010.5653599"", ""10.1109/vast.2011.6102445"", ""10.1109/vast.2014.7042482""]"
A5050098410,1,15.0,0,Daniel R. Tesone,"[""10.1109/vast.2007.4388998""]"
A5050124335,1,2.0,0,H. G. Pagendarm,"[""10.1109/visual.1995.485156""]"
A5050126617,7,341.0,2,Yalong Yang,"[""10.1109/tvcg.2016.2598885"", ""10.1109/tvcg.2018.2865192"", ""10.1109/tvcg.2020.3030427"", ""10.1109/tvcg.2020.3030459"", ""10.1109/tvcg.2022.3209353"", ""10.1109/tvcg.2023.3326568"", ""10.1109/tvcg.2024.3456210""]"
A5050127998,2,50.0,0,Jan Kretschmer,"[""10.1109/tvcg.2013.169"", ""10.1109/tvcg.2014.2346405""]"
A5050162114,1,0.0,0,A.a. Muller,"[""10.1109/visual.1995.485149""]"
A5050232533,1,8.0,0,M. Zatloukal,"[""10.1109/visual.2005.1532845""]"
A5050252059,1,24.0,1,Hongzeng Zhang,"[""10.1109/tvcg.2022.3209373""]"
A5050252486,1,8.0,0,Sunwoo Ha,"[""10.1109/tvcg.2022.3209476""]"
A5050276927,1,43.0,0,Daniela Ushizima,"[""10.1109/tvcg.2012.200""]"
A5050280036,1,0.0,0,M.s. Peercy,"[""10.1109/visual.1993.398871""]"
A5050305432,1,0.0,0,Glenn Sun,"[""10.1109/tvcg.2021.3114842""]"
A5050314106,1,55.0,0,Min Zhu,"[""10.1109/tvcg.2015.2467691""]"
A5050321930,1,23.0,0,Klaus Hildebrandt,"[""10.1109/tvcg.2016.2598603""]"
A5050326979,3,103.0,0,Luke Gosink,"[""10.1109/tvcg.2007.70519"", ""10.1109/tvcg.2008.157"", ""10.1109/tvcg.2013.138""]"
A5050342469,1,20.0,0,Karoline Villinger,"[""10.1109/vast.2018.8802486""]"
A5050365477,1,185.0,0,T.j. Grabowski,"[""10.1109/tvcg.2015.2467851""]"
A5050391966,1,136.0,0,G. Marchand,"[""10.1109/tvcg.2009.187""]"
A5050433080,1,20.0,0,Britta Renner,"[""10.1109/vast.2018.8802486""]"
A5050455034,2,10.0,1,Daniel De Oliveira,"[""10.1109/tvcg.2023.3326514"", ""10.1109/tvcg.2024.3456353""]"
A5050501251,1,21.0,0,R. D'eletto,"[""10.1109/infvis.1999.801867""]"
A5050543367,4,46.0,0,Lawrence Roy,"[""10.1109/tvcg.2017.2744038"", ""10.1109/tvcg.2018.2864768"", ""10.1109/tvcg.2019.2934314"", ""10.1109/tvcg.2020.3030431""]"
A5050571638,1,13.0,0,R. L. Twiddy,"[""10.1109/visual.1994.346317""]"
A5050588038,1,19.0,0,Johannes Schmidt Ehrenberg,"[""10.1109/visual.2002.1183780""]"
A5050595151,5,115.0,0,Morteza Karimzadeh,"[""10.1109/tvcg.2019.2934264"", ""10.1109/tvcg.2019.2934266"", ""10.1109/tvcg.2019.2934603"", ""10.1109/tvcg.2019.2934614"", ""10.1109/vast50239.2020.00012""]"
A5050598711,1,30.0,0,P. Vincent,"[""10.1109/tvcg.2011.170""]"
A5050608183,1,44.0,0,Zezheng Feng,"[""10.1109/tvcg.2020.3030469""]"
A5050632485,3,64.0,1,Johannes Knittel,"[""10.1109/tvcg.2020.3030420"", ""10.1109/tvcg.2020.3030467"", ""10.1109/tvcg.2021.3114800""]"
A5050639579,5,99.0,1,J. Edward Swan,"[""10.1109/vast.2009.5332586"", ""10.1109/visual.1997.663882"", ""10.1109/visual.1998.745344"", ""10.1109/visual.1998.745350"", ""10.1109/visual.1999.809900""]"
A5050640461,7,377.0,2,Karen B. Schloss,"[""10.1109/tvcg.2014.2346983"", ""10.1109/tvcg.2016.2598918"", ""10.1109/tvcg.2018.2865147"", ""10.1109/tvcg.2019.2934536"", ""10.1109/tvcg.2020.3030434"", ""10.1109/tvcg.2021.3114780"", ""10.1109/tvcg.2022.3209443""]"
A5050656871,1,93.0,0,Aniket Kittur,"[""10.1109/vast.2007.4389010""]"
A5050657606,1,42.0,0,Tong‐yee Lee,"[""10.1109/tvcg.2008.132""]"
A5050668117,2,61.0,0,Joshua Shrestha,"[""10.1109/tvcg.2019.2934209"", ""10.1109/tvcg.2019.2934661""]"
A5050670374,2,417.0,0,Chelsea Yeh,"[""10.1109/tvcg.2013.155"", ""10.1109/tvcg.2015.2467732""]"
A5050686380,1,23.0,0,S.s. Fisher,"[""10.1109/visual.1990.146398""]"
A5050688852,1,1.0,0,J.j. Ventrella,"[""10.1109/visual.1990.146415""]"
A5050715942,1,11.0,0,Iwo W. O. Serlie,"[""10.1109/visual.2003.1250397""]"
A5050743821,1,11.0,0,Robert Schulze,"[""10.1109/visual.2001.964513""]"
A5050744810,1,9.0,0,W. Strasser,"[""10.1109/visual.2005.1532855""]"
A5050750924,1,126.0,0,Xiao Hu,"[""10.1109/tvcg.2020.3030450""]"
A5050757518,1,6.0,0,A. Kaufman,"[""10.1109/visual.1997.663851""]"
A5050762735,1,70.0,0,Christian Schumann,"[""10.1109/tvcg.2011.207""]"
A5050779255,1,48.0,0,Bianca Tost,"[""10.1109/tvcg.2017.2745178""]"
A5050789731,1,39.0,0,O. Mallo,"[""10.1109/visual.2005.1532772""]"
A5050792352,1,23.0,0,P. Lee,"[""10.1109/infvis.2005.1532151""]"
A5050795073,1,0.0,0,John E. Blendell,"[""10.1109/visual.1996.568141""]"
A5050804797,1,6.0,0,Clemens Simmer,"[""10.1109/visual.2002.1183823""]"
A5050842662,1,10.0,0,Guohua Geng,"[""10.1109/tvcg.2022.3209388""]"
A5050846738,1,9.0,0,Jason Pui Yin Cheung,"[""10.1109/tvcg.2023.3327192""]"
A5050853661,1,147.0,0,Robert L. Grossman,"[""10.1109/infvis.2005.1532142""]"
A5050854022,1,113.0,0,Matthew Tobiasz,"[""10.1109/tvcg.2009.162""]"
A5050869372,1,4.0,0,Kin Chung Kwan,"[""10.1109/tvcg.2023.3327149""]"
A5050928586,1,48.0,0,Louis Licamele,"[""10.1109/vast.2006.261429""]"
A5050932001,1,10.0,0,Erich P. Stuntebeck,"[""10.1109/vast.2009.5332596""]"
A5050934788,1,15.0,0,K. Koyamada,"[""10.1109/visual.1994.346334""]"
A5050938227,1,29.0,0,Maurizio Patrignani,"[""10.1109/tvcg.2006.185""]"
A5050965018,1,322.0,1,Daniel Smilkov,"[""10.1109/tvcg.2017.2744878""]"
A5050979241,1,14.0,0,Minoru Maruyama,"[""10.1109/infvis.1997.636778""]"
A5050988023,1,4.0,0,Noëlle Rakotondravony,"[""10.1109/tvcg.2022.3209367""]"
A5050995848,1,3.0,0,G. Golovchinsky,"[""10.1109/visual.1995.480815""]"
A5051009099,1,19.0,0,Colin Mollenhour,"[""10.1109/tvcg.2006.175""]"
A5051018472,1,35.0,1,Tom Baumgartl,"[""10.1109/tvcg.2020.3030437""]"
A5051025031,34,2881.0,5,Jarke J. Van Wijk,"[""10.1109/infvis.1999.801851"", ""10.1109/infvis.1999.801860"", ""10.1109/infvis.2002.1173153"", ""10.1109/infvis.2003.1249004"", ""10.1109/infvis.2004.43"", ""10.1109/tvcg.2006.165"", ""10.1109/tvcg.2006.192"", ""10.1109/tvcg.2006.200"", ""10.1109/tvcg.2011.181"", ""10.1109/tvcg.2011.201"", ""10.1109/tvcg.2012.208"", ""10.1109/tvcg.2014.2346437"", ""10.1109/tvcg.2014.2346441"", ""10.1109/tvcg.2014.2352952"", ""10.1109/tvcg.2015.2467112"", ""10.1109/tvcg.2015.2468078"", ""10.1109/tvcg.2017.2745278"", ""10.1109/tvcg.2018.2865043"", ""10.1109/tvcg.2019.2934289"", ""10.1109/tvcg.2020.3030383"", ""10.1109/vast.2011.6102453"", ""10.1109/visual.1993.398849"", ""10.1109/visual.1993.398859"", ""10.1109/visual.1993.398875"", ""10.1109/visual.1995.480817"", ""10.1109/visual.1999.809865"", ""10.1109/visual.2001.964495"", ""10.1109/visual.2003.1250363"", ""10.1109/visual.2003.1250376"", ""10.1109/visual.2003.1250377"", ""10.1109/visual.2003.1250399"", ""10.1109/visual.2004.18"", ""10.1109/visual.2005.1532779"", ""10.1109/visual.2005.1532781""]"
A5051043883,1,10.0,0,Hamed Bouzari,"[""10.1109/vast.2012.6400555""]"
A5051077300,2,90.0,0,Gregory Abram,"[""10.1109/tvcg.2019.2934260"", ""10.1109/visual.1992.235219""]"
A5051079407,1,5.0,0,E.o. Miller,"[""10.1109/visual.1990.146369""]"
A5051107402,1,18.0,0,Gian Italo Bischi,"[""10.1109/visual.2000.885697""]"
A5051133137,1,31.0,0,Fábio Dias,"[""10.1109/vast.2015.7347624""]"
A5051168420,1,7.0,0,Alexander Hann,"[""10.1109/tvcg.2017.2744299""]"
A5051172582,1,6.0,0,Romain Giot,"[""10.1109/tvcg.2023.3326596""]"
A5051177962,1,394.0,0,E. Zhang,"[""10.1109/infvis.2000.885091""]"
A5051193196,6,278.0,0,Aritra Dasgupta,"[""10.1109/tvcg.2010.184"", ""10.1109/tvcg.2011.163"", ""10.1109/tvcg.2014.2346755"", ""10.1109/tvcg.2016.2598544"", ""10.1109/tvcg.2019.2934540"", ""10.1109/vast.2017.8585720""]"
A5051212175,1,19.0,0,Michael G. Vicker,"[""10.1109/visual.1996.568136""]"
A5051260332,1,9.0,0,Zhanna Kaufman,"[""10.1109/tvcg.2023.3327192""]"
A5051278816,1,14.0,0,Clifton R. Haider,"[""10.1109/visual.2003.1250411""]"
A5051283175,1,3.0,0,Michael Holzner,"[""10.1109/visual.1997.663928""]"
A5051307646,3,60.0,0,Voicu Popescu,"[""10.1109/tvcg.2010.127"", ""10.1109/visual.1998.745305"", ""10.1109/visual.2003.1250422""]"
A5051320432,1,8.0,0,Hartmut Kaiser,"[""10.1109/tvcg.2022.3209375""]"
A5051354114,1,4.0,0,Tobias Kauer,"[""10.1109/tvcg.2024.3456334""]"
A5051400014,2,82.0,1,Jorge Piazentin Ono,"[""10.1109/tvcg.2020.3030361"", ""10.1109/tvcg.2022.3209465""]"
A5051400237,1,30.0,0,Jian Cui,"[""10.1109/tvcg.2010.127""]"
A5051425334,1,19.0,0,O. Nilsson,"[""10.1109/visual.2005.1532823""]"
A5051448088,1,7.0,0,S. J. Cox,"[""10.1109/tvcg.2011.204""]"
A5051476847,1,7.0,0,M. Lapolla,"[""10.1109/visual.1991.175819""]"
A5051480012,1,22.0,0,A. Filbois,"[""10.1109/visual.2005.1532785""]"
A5051501490,1,29.0,0,Pascal Aschwanden,"[""10.1109/tvcg.2020.3030357""]"
A5051520705,4,403.0,0,Krist Wongsuphasawat,"[""10.1109/tvcg.2012.225"", ""10.1109/tvcg.2016.2598590"", ""10.1109/vast.2009.5332595"", ""10.1109/vast.2014.7042487""]"
A5051526027,3,122.0,0,Wenchao Wu,"[""10.1109/tvcg.2015.2467194"", ""10.1109/tvcg.2016.2599378"", ""10.1109/vast.2014.7042490""]"
A5051526909,1,16.0,0,Rajeev Batra,"[""10.1109/visual.1999.809874""]"
A5051532808,3,159.0,0,Sebastian Bremm,"[""10.1109/vast.2011.6102439"", ""10.1109/vast.2012.6400553"", ""10.1109/vast.2014.7042485""]"
A5051587196,1,10.0,0,G. Knittel,"[""10.1109/visual.1995.480810""]"
A5051590071,5,106.0,1,Marco Ament,"[""10.1109/tvcg.2010.145"", ""10.1109/tvcg.2012.281"", ""10.1109/tvcg.2013.129"", ""10.1109/tvcg.2014.2346333"", ""10.1109/tvcg.2015.2467963""]"
A5051599395,1,37.0,0,N. Fanst,"[""10.1109/visual.1999.809924""]"
A5051610081,1,18.0,0,Morgan Leborgne,"[""10.1109/tvcg.2018.2864507""]"
A5051666919,2,111.0,0,Roland Fraedrich,"[""10.1109/tvcg.2009.142"", ""10.1109/tvcg.2010.148""]"
A5051680646,1,30.0,0,Martina Maritan,"[""10.1109/tvcg.2020.3030415""]"
A5051696341,1,235.0,1,Kanupriya Singhal,"[""10.1109/vast.2007.4389006""]"
A5051701696,1,43.0,0,Wei Chen,"[""10.1109/tvcg.2018.2865139""]"
A5051740940,1,35.0,1,Simone Scheithauer,"[""10.1109/tvcg.2020.3030437""]"
A5051741164,1,22.0,0,James S. Davidson,"[""10.1109/visual.2001.964505""]"
A5051743997,1,21.0,0,Daniel Toloudis,"[""10.1109/tvcg.2017.2744518""]"
A5051753754,1,16.0,0,Silvia Mabel Castro,"[""10.1109/tvcg.2014.2346754""]"
A5051755944,1,39.0,0,Stephen Webb,"[""10.1109/visual.2001.964509""]"
A5051836187,1,2.0,0,Joshua D. Shrout,"[""10.1109/visual.1998.745293""]"
A5051850767,1,73.0,0,Johanna Fulda,"[""10.1109/tvcg.2015.2467531""]"
A5051941811,1,1.0,0,Yilin Ye,"[""10.1109/tvcg.2024.3456387""]"
A5051948556,4,189.0,0,Peter Schröder,"[""10.1109/visual.2000.885705"", ""10.1109/visual.2001.964527"", ""10.1109/visual.2001.964529"", ""10.1109/visual.2004.47""]"
A5051967871,2,129.0,0,Tamara Flemisch,"[""10.1109/tvcg.2020.3030460"", ""10.1109/tvcg.2021.3114866""]"
A5052011548,3,20.0,0,T.s. Yoo,"[""10.1109/visual.1991.175778"", ""10.1109/visual.1999.809913"", ""10.1109/visual.2002.1183828""]"
A5052035815,1,104.0,0,Richard Alligier,"[""10.1109/tvcg.2018.2865191""]"
A5052039493,2,20.0,0,Georgia Panagiotidou,"[""10.1109/tvcg.2022.3209436"", ""10.1109/tvcg.2023.3326914""]"
A5052042062,1,41.0,0,R. P. Sujit Kanna,"[""10.1109/vast.2010.5652932""]"
A5052058643,1,6.0,0,Mark S. Drew,"[""10.1109/visual.2002.1183763""]"
A5052101351,1,145.0,0,Emma Lundberg,"[""10.1109/visual.1999.809894""]"
A5052105828,1,37.0,0,Claude Andriot,"[""10.1109/tvcg.2006.189""]"
A5052119291,1,5.0,1,Alessandro Giusti,"[""10.1109/tvcg.2011.168""]"
A5052147846,1,10.0,0,R.h. Taylor,"[""10.1109/visual.2005.1532809""]"
A5052149154,1,14.0,0,Audrey L. Michal,"[""10.1109/tvcg.2022.3209467""]"
A5052151056,3,457.0,1,Anthony C. Robinson,"[""10.1109/vast.2006.261428"", ""10.1109/vast.2008.4677358"", ""10.1109/vast.2011.6102456""]"
A5052152060,1,8.0,0,K.r. Sloan,"[""10.1109/visual.1995.480820""]"
A5052156616,1,5.0,0,A.p. Woodfield,"[""10.1109/visual.1994.346338""]"
A5052168623,1,48.0,0,Kevin Roundy,"[""10.1109/tvcg.2017.2744898""]"
A5052168991,1,41.0,0,Michael Beham,"[""10.1109/tvcg.2014.2346626""]"
A5052169874,1,16.0,0,Gitta Domik,"[""10.1109/visual.1994.346316""]"
A5052208717,3,86.0,0,Tom Horak,"[""10.1109/tvcg.2017.2744019"", ""10.1109/tvcg.2020.3030371"", ""10.1109/tvcg.2021.3114866""]"
A5052234283,4,52.0,0,Clifton D. Fuller,"[""10.1109/tvcg.2019.2934546"", ""10.1109/tvcg.2021.3114810"", ""10.1109/tvcg.2023.3326939"", ""10.1109/tvcg.2024.3456160""]"
A5052272013,1,1.0,0,Ephraim P. Glinert,"[""10.1109/visual.1997.663856""]"
A5052324728,1,122.0,0,Hao Wei,"[""10.1109/tvcg.2014.2346433""]"
A5052337056,3,99.0,0,Robert Krueger,"[""10.1109/tvcg.2019.2934547"", ""10.1109/tvcg.2021.3114845"", ""10.1109/tvcg.2022.3209378""]"
A5052342374,1,28.0,0,Megan Olson Hunt,"[""10.1109/tvcg.2013.161""]"
A5052352851,1,15.0,0,S.p. Callahan,"[""10.1109/visual.2005.1532796""]"
A5052364420,1,3.0,0,S Nowak,"[""10.1109/tvcg.2023.3326571""]"
A5052391925,1,80.0,1,Yuhang Zhao,"[""10.1109/tvcg.2021.3114846""]"
A5052409698,2,14.0,1,Alper Sahistan,"[""10.1109/tvcg.2022.3209418"", ""10.1109/tvcg.2023.3327366""]"
A5052417609,1,46.0,0,Ashley Wheat,"[""10.1109/tvcg.2015.2467611""]"
A5052428595,1,306.0,0,Gerald Penn,"[""10.1109/tvcg.2009.122""]"
A5052445776,5,217.0,2,Jagoda Walny,"[""10.1109/tvcg.2011.251"", ""10.1109/tvcg.2012.275"", ""10.1109/tvcg.2017.2745958"", ""10.1109/tvcg.2019.2934538"", ""10.1109/tvcg.2023.3326917""]"
A5052473265,1,67.0,0,Anne E. Carpenter,"[""10.1109/tvcg.2011.253""]"
A5052479150,1,6.0,0,Rhema Vaithianathan,"[""10.1109/tvcg.2021.3114864""]"
A5052486843,1,12.0,0,Dora Kiesel,"[""10.1109/tvcg.2020.3030425""]"
A5052535884,1,0.0,0,D. Lasser,"[""10.1109/visual.1990.146403""]"
A5052540148,1,64.0,0,Charles Swindells,"[""10.1109/tvcg.2010.149""]"
A5052562269,1,23.0,0,J.j. Van Wijk,"[""10.1109/visual.1992.235226""]"
A5052577630,1,5.0,0,Cláudio Silva,"[""10.1109/tvcg.2020.3030441""]"
A5052585693,1,2.0,0,Douglas J. Steel,"[""10.1109/visual.1999.809915""]"
A5052608937,1,8.0,1,David Hägele,"[""10.1109/tvcg.2022.3209420""]"
A5052623072,11,1862.0,2,Ben Shneiderman,"[""10.1109/infvis.1997.636790"", ""10.1109/infvis.2004.3"", ""10.1109/tvcg.2006.122"", ""10.1109/tvcg.2006.166"", ""10.1109/tvcg.2009.187"", ""10.1109/tvcg.2013.200"", ""10.1109/tvcg.2013.231"", ""10.1109/vast.2006.261421"", ""10.1109/vast.2006.261429"", ""10.1109/vast.2016.7883512"", ""10.1109/visual.1991.175815""]"
A5052626296,1,10.0,0,Sai Prashanth Dasari,"[""10.1109/vast.2017.8585484""]"
A5052627555,1,54.0,0,John Bodnar,"[""10.1109/vast.2006.261450""]"
A5052630735,1,52.0,0,Quang Vinh Nguyễn,"[""10.1109/infvis.2002.1173152""]"
A5052673316,10,253.0,0,Lloyd A. Treinish,"[""10.1109/visual.1992.235175"", ""10.1109/visual.1993.398874"", ""10.1109/visual.1993.398899"", ""10.1109/visual.1994.346298"", ""10.1109/visual.1995.480803"", ""10.1109/visual.1995.480821"", ""10.1109/visual.1998.745330"", ""10.1109/visual.2000.885736"", ""10.1109/visual.2000.885745"", ""10.1109/visual.2002.1183827""]"
A5052673631,5,78.0,0,Steffen Frey,"[""10.1109/tvcg.2012.284"", ""10.1109/tvcg.2014.2346319"", ""10.1109/tvcg.2016.2599042"", ""10.1109/tvcg.2018.2864506"", ""10.1109/tvcg.2023.3326931""]"
A5052699089,2,71.0,0,Michael Reiter,"[""10.1109/tvcg.2010.214"", ""10.1109/tvcg.2011.228""]"
A5052702092,1,27.0,0,Leonid Ulitsky,"[""10.1109/infvis.1998.729561""]"
A5052710697,2,10.0,0,Willy Scheibel,"[""10.1109/tvcg.2023.3326569"", ""10.1109/tvcg.2024.3456308""]"
A5052713932,1,10.0,0,Dani Tost,"[""10.1109/visual.1997.663917""]"
A5052724297,1,165.0,0,Sheelash Carpendale,"[""10.1109/tvcg.2010.194""]"
A5052748246,1,192.0,1,Michiel Van De Panne,"[""10.1109/visual.2004.96""]"
A5052752621,1,8.0,0,Liqi Cheng,"[""10.1109/tvcg.2024.3456200""]"
A5052801042,1,8.0,0,R. Van Liere,"[""10.1109/visual.2000.885733""]"
A5052802019,1,73.0,0,Edward Clarkson,"[""10.1109/tvcg.2009.176""]"
A5052812610,2,82.0,0,Joachim Spoerhase,"[""10.1109/tvcg.2012.193"", ""10.1109/tvcg.2013.187""]"
A5052823224,1,45.0,0,Roger Gatti,"[""10.1109/visual.1995.480805""]"
A5052824737,2,163.0,0,Florian Spechtenhauser,"[""10.1109/tvcg.2016.2598589"", ""10.1109/tvcg.2016.2598592""]"
A5052834375,1,4.0,0,Janice E. Cuny,"[""10.1109/visual.1992.235209""]"
A5052877871,1,47.0,0,Marc Olano,"[""10.1109/visual.1997.663908""]"
A5052896700,1,2.0,0,Suzanne Mason,"[""10.1109/tvcg.2021.3114868""]"
A5052921346,1,14.0,0,Xianyuan Zhan,"[""10.1109/tvcg.2022.3209430""]"
A5052922425,2,48.0,1,Danhang Tang,"[""10.1109/infvis.2002.1173141"", ""10.1109/infvis.2003.1249007""]"
A5052937079,1,44.0,0,Sven Schulte,"[""10.1109/tvcg.2012.190""]"
A5052995018,1,57.0,0,José Gustavo S. Paiva,"[""10.1109/tvcg.2011.212""]"
A5053012503,1,61.0,0,Dennis Dingen,"[""10.1109/tvcg.2018.2865043""]"
A5053022580,1,29.0,0,Ingmar Bitter,"[""10.1109/visual.2000.885675""]"
A5053027660,1,4.0,0,B. Chen,"[""10.1109/tvcg.2023.3327149""]"
A5053067282,1,1.0,0,Marina Evers,"[""10.1109/tvcg.2024.3456394""]"
A5053084661,1,13.0,0,Paolo Crisafulli,"[""10.1109/tvcg.2013.146""]"
A5053097987,11,1132.0,3,Adam Perer,"[""10.1109/tvcg.2006.122"", ""10.1109/tvcg.2009.108"", ""10.1109/tvcg.2014.2346482"", ""10.1109/tvcg.2014.2346574"", ""10.1109/tvcg.2015.2467622"", ""10.1109/tvcg.2017.2745085"", ""10.1109/tvcg.2018.2865044"", ""10.1109/tvcg.2019.2934261"", ""10.1109/tvcg.2023.3327367"", ""10.1109/vast.2011.6102441"", ""10.1109/vast.2011.6102443""]"
A5053100765,1,59.0,0,Hirotaka Saito,"[""10.1109/infvis.2005.1532144""]"
A5053109913,3,236.0,1,Kevin Verbeek,"[""10.1109/tvcg.2010.180"", ""10.1109/tvcg.2011.202"", ""10.1109/tvcg.2017.2745140""]"
A5053118584,1,61.0,0,Yael Albo,"[""10.1109/tvcg.2015.2467322""]"
A5053136336,4,58.0,1,Monique Meuschke,"[""10.1109/tvcg.2016.2598795"", ""10.1109/tvcg.2018.2864509"", ""10.1109/tvcg.2022.3209374"", ""10.1109/tvcg.2023.3326574""]"
A5053144226,1,628.0,1,Anne Schur,"[""10.1109/infvis.1995.528686""]"
A5053155534,1,13.0,0,Mary C. Whitton,"[""10.1109/visual.1996.568114""]"
A5053209325,1,4.0,0,Arthur Van Goethem,"[""10.1109/tvcg.2014.2346274""]"
A5053220954,1,8.0,0,Dingdong Liu,"[""10.1109/tvcg.2024.3456363""]"
A5053222363,1,36.0,0,Ligan Cai,"[""10.1109/tvcg.2022.3209428""]"
A5053235466,2,70.0,0,Phil Legg,"[""10.1109/tvcg.2011.208"", ""10.1109/tvcg.2013.207""]"
A5053252177,1,155.0,0,Jan J. Michalak,"[""10.1109/visual.1991.175794""]"
A5053259123,1,65.0,0,Alla Sheffer,"[""10.1109/visual.2002.1183787""]"
A5053301712,2,56.0,0,Shaun J. Grannis,"[""10.1109/vast.2007.4388993"", ""10.1109/vast.2008.4677354""]"
A5053332086,2,26.0,0,Ka Kei Chung,"[""10.1109/tvcg.2008.159"", ""10.1109/tvcg.2009.156""]"
A5053349373,6,1378.0,0,Ji Soo Yi,"[""10.1109/tvcg.2007.70515"", ""10.1109/tvcg.2012.215"", ""10.1109/tvcg.2013.223"", ""10.1109/tvcg.2015.2467195"", ""10.1109/tvcg.2015.2467555"", ""10.1109/vast.2011.6102435""]"
A5053360336,1,46.0,0,Carl Hirsch,"[""10.1109/tvcg.2011.225""]"
A5053361220,2,91.0,0,Tong Ge,"[""10.1109/tvcg.2018.2864912"", ""10.1109/tvcg.2019.2934541""]"
A5053366318,1,5.0,0,Peilin Yu,"[""10.1109/tvcg.2024.3456187""]"
A5053396841,1,4.0,0,Alan M. Ratner,"[""10.1109/vast.2006.261417""]"
A5053402290,2,19.0,0,Eddy Kuo,"[""10.1109/visual.1998.745350"", ""10.1109/visual.1999.809900""]"
A5053417612,2,108.0,1,Behzad Sajadi,"[""10.1109/tvcg.2009.124"", ""10.1109/tvcg.2009.166""]"
A5053418697,2,140.0,0,Anbang Xu,"[""10.1109/tvcg.2007.70523"", ""10.1109/vast.2016.7883513""]"
A5053487546,1,0.0,0,R. Machiraju,"[""10.1109/visual.1997.663872""]"
A5053489771,1,4.0,0,G.w. Oliver,"[""10.1109/visual.1995.485170""]"
A5053493751,2,63.0,0,Simon Attfield,"[""10.1109/tvcg.2013.211"", ""10.1109/tvcg.2015.2467611""]"
A5053494397,1,2.0,0,Paul Adams,"[""10.1109/visual.2003.1250419""]"
A5053500555,1,40.0,0,Ben Maule,"[""10.1109/vast.2011.6102460""]"
A5053528251,1,8.0,0,Min Song,"[""10.1109/infvis.1998.729569""]"
A5053579952,1,61.0,0,Louise Barrett,"[""10.1109/tvcg.2013.193""]"
A5053580386,4,127.0,0,Marc Stamminger,"[""10.1109/tvcg.2013.169"", ""10.1109/tvcg.2014.2346405"", ""10.1109/visual.2002.1183778"", ""10.1109/visual.2005.1532777""]"
A5053588403,1,229.0,0,Dan A. Alcantara,"[""10.1109/visual.2005.1532826""]"
A5053646618,1,35.0,0,Jan Aerts,"[""10.1109/tvcg.2023.3327378""]"
A5053666302,1,36.0,0,Charles Hansen,"[""10.1109/tvcg.2019.2934259""]"
A5053686308,1,4.0,0,David L. Strayer,"[""10.1109/visual.2003.1250352""]"
A5053686599,1,28.0,0,Sven Hermann,"[""10.1109/tvcg.2009.169""]"
A5053726723,1,82.0,0,Themis Palpanas,"[""10.1109/tvcg.2018.2865077""]"
A5053727705,1,12.0,0,Osamu Saeki,"[""10.1109/tvcg.2015.2467433""]"
A5053740039,1,3.0,0,P.k. Robertson,"[""10.1109/visual.1993.398881""]"
A5053770691,1,64.0,0,Yan Bao,"[""10.1109/tvcg.2006.179""]"
A5053775923,1,0.0,0,Adam Coscia,"[""10.1109/tvcg.2021.3114827""]"
A5053780707,2,321.0,0,Samuel G. Fadel,"[""10.1109/tvcg.2014.2346276"", ""10.1109/tvcg.2016.2598838""]"
A5053839499,1,1.0,0,F. Suits,"[""10.1109/visual.2001.964547""]"
A5053862853,1,29.0,0,Sabin Devkota,"[""10.1109/tvcg.2020.3030357""]"
A5053875220,1,63.0,0,Bart A. Singer,"[""10.1109/visual.1994.346327""]"
A5053909459,1,35.0,0,David M. Vock,"[""10.1109/tvcg.2019.2934546""]"
A5053996253,1,15.0,0,Qingmin Shi,"[""10.1109/tvcg.2006.157""]"
A5053996578,1,7.0,0,Paul Croft,"[""10.1109/visual.2001.964559""]"
A5054001020,2,94.0,0,Joachim Georgii,"[""10.1109/tvcg.2006.110"", ""10.1109/tvcg.2009.184""]"
A5054009736,1,11.0,0,Denis Koschichow,"[""10.1109/tvcg.2019.2934367""]"
A5054015080,4,282.0,0,Andrea Batch,"[""10.1109/tvcg.2017.2743990"", ""10.1109/tvcg.2018.2865237"", ""10.1109/tvcg.2019.2934803"", ""10.1109/tvcg.2023.3326580""]"
A5054027927,1,32.0,0,D. Loisel,"[""10.1109/infvis.2000.885104""]"
A5054038232,1,9.0,0,Daniel M. Best,"[""10.1109/vast.2008.4677366""]"
A5054068625,1,33.0,0,José Matute,"[""10.1109/tvcg.2017.2744339""]"
A5054070013,1,21.0,0,Gregorio Palmas,"[""10.1109/tvcg.2014.2346311""]"
A5054073344,1,37.0,0,J. Shalf,"[""10.1109/visual.2005.1532792""]"
A5054102790,1,27.0,0,Shahid Shafi Dar,"[""10.1109/infvis.1995.528690""]"
A5054111486,3,107.0,0,Stéphane Marchesin,"[""10.1109/tvcg.2009.149"", ""10.1109/tvcg.2010.187"", ""10.1109/tvcg.2010.212""]"
A5054141042,3,58.0,0,C.r. Volpe,"[""10.1109/visual.1991.175789"", ""10.1109/visual.1992.235205"", ""10.1109/visual.1997.663856""]"
A5054156401,1,14.0,0,Ji Qi,"[""10.1109/tvcg.2019.2934289""]"
A5054178885,1,8.0,0,Yige Xu,"[""10.1109/tvcg.2022.3209434""]"
A5054181879,1,182.0,0,Kai Yan,"[""10.1109/tvcg.2014.2346920""]"
A5054189045,1,23.0,0,Cindy Grimm,"[""10.1109/tvcg.2012.258""]"
A5054189757,1,34.0,0,Beverly E. Faulkner Jones,"[""10.1109/tvcg.2010.168""]"
A5054229279,1,16.0,0,Masahiro Sato,"[""10.1109/visual.2002.1183821""]"
A5054248372,1,217.0,0,Mor Naaman,"[""10.1109/vast.2010.5652922""]"
A5054248452,2,124.0,0,Paolo Federico,"[""10.1109/tvcg.2015.2467752"", ""10.1109/vast.2017.8585498""]"
A5054266030,1,16.0,0,Dirk Bauer,"[""10.1109/visual.2002.1183821""]"
A5054275509,1,35.0,0,Scott Kruger,"[""10.1109/tvcg.2010.133""]"
A5054284441,1,1.0,0,Moez Baccouche,"[""10.1109/tvcg.2021.3114683""]"
A5054301725,4,113.0,0,Eduard Deines,"[""10.1109/tvcg.2006.125"", ""10.1109/tvcg.2007.70575"", ""10.1109/visual.2004.113"", ""10.1109/visual.2005.1532790""]"
A5054301814,1,50.0,0,R. Mackenzie,"[""10.1109/visual.2004.30""]"
A5054328654,1,67.0,0,Anton Leuski,"[""10.1109/infvis.2000.885099""]"
A5054328918,1,56.0,0,Nikolaus F. Troje,"[""10.1109/tvcg.2006.139""]"
A5054331966,2,17.0,1,Jianben He,"[""10.1109/tvcg.2021.3114794"", ""10.1109/tvcg.2023.3326586""]"
A5054339045,1,6.0,0,Ying Yang,"[""10.1109/tvcg.2019.2934557""]"
A5054382056,15,577.0,0,Chi‐wing Fu,"[""10.1109/tvcg.2006.176"", ""10.1109/tvcg.2007.70530"", ""10.1109/tvcg.2008.182"", ""10.1109/tvcg.2009.147"", ""10.1109/tvcg.2010.172"", ""10.1109/tvcg.2014.2346893"", ""10.1109/tvcg.2017.2745919"", ""10.1109/tvcg.2018.2864911"", ""10.1109/tvcg.2018.2864912"", ""10.1109/tvcg.2018.2865266"", ""10.1109/tvcg.2019.2934332"", ""10.1109/tvcg.2019.2934541"", ""10.1109/tvcg.2019.2934783"", ""10.1109/tvcg.2019.2934805"", ""10.1109/tvcg.2021.3114880""]"
A5054388396,1,7.0,0,Zhe Xu,"[""10.1109/tvcg.2023.3326925""]"
A5054405778,1,3.0,0,M. Wax,"[""10.1109/visual.1997.663915""]"
A5054427024,1,17.0,0,K.l. Duffin,"[""10.1109/visual.1994.346318""]"
A5054437060,1,5.0,0,S. L.c. Wang,"[""10.1109/visual.1990.146397""]"
A5054441753,1,5.0,0,David Dean,"[""10.1109/visual.1992.235179""]"
A5054445163,1,14.0,0,Ronald Azuma,"[""10.1109/visual.1999.809923""]"
A5054475206,1,6.0,0,P.m. Mahadev,"[""10.1109/visual.1994.346292""]"
A5054476528,1,8.0,0,M. Falk,"[""10.1109/visual.2005.1532845""]"
A5054505042,1,20.0,0,S Ruble,"[""10.1109/tvcg.2010.222""]"
A5054509473,2,37.0,0,Natascha Sauber,"[""10.1109/tvcg.2006.165"", ""10.1109/visual.2005.1532777""]"
A5054509798,1,6.0,0,Sara Tandon,"[""10.1109/tvcg.2022.3209491""]"
A5054523299,9,499.0,0,Michelle X. Zhou,"[""10.1109/infvis.1996.559211"", ""10.1109/infvis.2002.1173143"", ""10.1109/infvis.2005.1532146"", ""10.1109/tvcg.2008.129"", ""10.1109/vast.2006.261430"", ""10.1109/vast.2008.4677365"", ""10.1109/vast.2010.5652931"", ""10.1109/vast.2012.6400485"", ""10.1109/vast.2014.7042496""]"
A5054533523,2,20.0,0,Zixin Chen,"[""10.1109/tvcg.2023.3326586"", ""10.1109/tvcg.2024.3456363""]"
A5054544594,1,5.0,0,M.l. Evans,"[""10.1109/visual.1997.663925""]"
A5054572713,2,95.0,0,Ezekiel S. Bhasker,"[""10.1109/tvcg.2006.121"", ""10.1109/tvcg.2007.70586""]"
A5054578676,1,51.0,0,Chris P Gale,"[""10.1109/tvcg.2020.3030424""]"
A5054613619,1,18.0,0,Cecily C. Ritch,"[""10.1109/tvcg.2022.3209378""]"
A5054621440,1,107.0,0,Almir Olivette Artero,"[""10.1109/infvis.2004.68""]"
A5054628250,1,6.0,0,Siyu Liu,"[""10.1109/tvcg.2009.183""]"
A5054629198,1,9.0,0,Cynthia Furse,"[""10.1109/visual.1996.568135""]"
A5054633336,1,403.0,0,J. Feinberg,"[""10.1109/tvcg.2009.171""]"
A5054634532,1,6.0,0,W.c. Couvillion,"[""10.1109/visual.1996.568149""]"
A5054681723,1,0.0,0,Jan Harkes,"[""10.1109/visual.1998.745307""]"
A5054725183,2,122.0,0,Emmanuel Pietriga,"[""10.1109/tvcg.2011.195"", ""10.1109/tvcg.2019.2934807""]"
A5054737927,1,54.0,0,Rathiah Hashim,"[""10.1109/tvcg.2006.194""]"
A5054742697,1,17.0,0,Suzana Djurcilov,"[""10.1109/visual.1999.809916""]"
A5054749881,15,415.0,2,Hanqi Guo,"[""10.1109/tvcg.2010.192"", ""10.1109/tvcg.2011.261"", ""10.1109/tvcg.2013.144"", ""10.1109/tvcg.2014.2346416"", ""10.1109/tvcg.2014.2346418"", ""10.1109/tvcg.2015.2466838"", ""10.1109/tvcg.2017.2744059"", ""10.1109/tvcg.2018.2864808"", ""10.1109/tvcg.2019.2934312"", ""10.1109/tvcg.2022.3209413"", ""10.1109/tvcg.2023.3326905"", ""10.1109/tvcg.2023.3326920"", ""10.1109/tvcg.2023.3327194"", ""10.1109/tvcg.2024.3456337"", ""10.1109/tvcg.2024.3456357""]"
A5054751297,1,62.0,0,Margo Seltzer,"[""10.1109/tvcg.2013.155""]"
A5054762743,2,136.0,0,Lars Erik Holmquist,"[""10.1109/infvis.1999.801857"", ""10.1109/infvis.2003.1249031""]"
A5054793421,3,321.0,1,Connor Gramazio,"[""10.1109/tvcg.2014.2346983"", ""10.1109/tvcg.2016.2598918"", ""10.1109/tvcg.2018.2865147""]"
A5054804686,1,45.0,0,Nivedita R. Kadaba,"[""10.1109/tvcg.2007.70528""]"
A5054816213,1,3.0,0,David R. Bauer,"[""10.1109/tvcg.2023.3327107""]"
A5054864049,1,202.0,0,Philipp Roskosch,"[""10.1109/tvcg.2015.2468111""]"
A5054881346,1,0.0,0,M.j. Laszlo,"[""10.1109/visual.1990.146400""]"
A5054903605,1,2.0,1,Carola Wenk,"[""10.1109/tvcg.2024.3456395""]"
A5054911291,1,14.0,0,Andreas M. Tillmann,"[""10.1109/tvcg.2012.281""]"
A5054942062,1,1.0,0,Georg Zotti,"[""10.1109/infvis.2005.1532123""]"
A5054991337,2,16.0,0,Guoren Wang,"[""10.1109/tvcg.2022.3209354"", ""10.1109/tvcg.2024.3456389""]"
A5055008961,1,34.0,0,William B. Thompson,"[""10.1109/visual.2000.885692""]"
A5055025904,1,1.0,0,Raymundo Navarrete,"[""10.1109/tvcg.2020.3030373""]"
A5055052124,2,49.0,0,Tran Minh Quan,"[""10.1109/tvcg.2014.2346322"", ""10.1109/tvcg.2017.2744078""]"
A5055055699,1,32.0,1,Timothy Sullivan,"[""10.1109/tvcg.2009.180""]"
A5055106396,1,35.0,1,Mark J. Lieser,"[""10.1109/tvcg.2020.3030437""]"
A5055141682,1,23.0,0,Erik Trostmann,"[""10.1109/tvcg.2016.2598603""]"
A5055150195,1,8.0,0,T. Evans,"[""10.1109/visual.2000.885742""]"
A5055161766,1,8.0,0,Elizabeth A. Mack,"[""10.1109/tvcg.2023.3327359""]"
A5055167808,1,1.0,0,W.r. Feeney,"[""10.1109/visual.1991.175791""]"
A5055175414,4,410.0,0,Yuanzhe Chen,"[""10.1109/tvcg.2017.2745083"", ""10.1109/tvcg.2019.2934275"", ""10.1109/vast.2016.7883517"", ""10.1109/vast.2017.8585721""]"
A5055188702,1,117.0,0,Rafael M. Martins,"[""10.1109/tvcg.2020.3030352""]"
A5055203249,1,13.0,0,Richard Bonneau,"[""10.1109/tvcg.2014.2346753""]"
A5055204153,4,328.0,1,Jorik Blaas,"[""10.1109/tvcg.2008.131"", ""10.1109/tvcg.2009.181"", ""10.1109/tvcg.2015.2468078"", ""10.1109/visual.2005.1532778""]"
A5055241025,1,27.0,0,Peter Hamilton,"[""10.1109/tvcg.2015.2467733""]"
A5055273892,2,122.0,0,K. Joy,"[""10.1109/tvcg.2009.190"", ""10.1109/visual.2004.80""]"
A5055279742,3,69.0,1,E. Wes Bethel,"[""10.1109/tvcg.2008.157"", ""10.1109/tvcg.2012.200"", ""10.1109/visual.2003.1250423""]"
A5055302193,1,59.0,0,Johannes Zagermann,"[""10.1109/tvcg.2019.2934804""]"
A5055311360,2,37.0,0,Tobias Rapp,"[""10.1109/tvcg.2019.2934335"", ""10.1109/tvcg.2020.3030379""]"
A5055338447,1,51.0,0,David S. Warren,"[""10.1109/vast.2006.261439""]"
A5055376474,1,38.0,0,Graziano Blasilli,"[""10.1109/tvcg.2018.2865028""]"
A5055405318,1,22.0,0,A. Trott,"[""10.1109/visual.1996.568138""]"
A5055407434,2,29.0,0,Ed Boring,"[""10.1109/visual.1996.568139"", ""10.1109/visual.1998.745316""]"
A5055426585,6,111.0,1,Guoning Chen,"[""10.1109/tvcg.2010.133"", ""10.1109/tvcg.2011.170"", ""10.1109/tvcg.2018.2864817"", ""10.1109/tvcg.2018.2864827"", ""10.1109/tvcg.2020.3028892"", ""10.1109/tvcg.2023.3326603""]"
A5055472986,5,190.0,0,William Wright,"[""10.1109/infvis.1995.528682"", ""10.1109/infvis.2004.27"", ""10.1109/vast.2006.261427"", ""10.1109/vast.2007.4388992"", ""10.1109/vast.2008.4677355""]"
A5055477300,1,20.0,0,Xuan Zhong,"[""10.1109/vast.2006.261434""]"
A5055480874,1,4.0,0,Elias Theil,"[""10.1109/visual.1991.175834""]"
A5055507757,2,91.0,0,Vahan Yoghourdjian,"[""10.1109/tvcg.2015.2467251"", ""10.1109/tvcg.2020.3030459""]"
A5055520064,2,10.0,0,Tyler Estro,"[""10.1109/tvcg.2022.3209392"", ""10.1109/vast47406.2019.8986923""]"
A5055531990,1,46.0,0,André Schulz,"[""10.1109/tvcg.2012.193""]"
A5055537694,1,88.0,0,Zeqian Shen,"[""10.1109/vast.2012.6400494""]"
A5055548499,1,27.0,0,Amin Abbasloo,"[""10.1109/tvcg.2015.2467031""]"
A5055548595,1,32.0,1,André Neubauer,"[""10.1109/visual.2004.98""]"
A5055566265,1,10.0,0,Jürgen Freund,"[""10.1109/visual.1997.663880""]"
A5055571891,1,28.0,0,Douglas Markant,"[""10.1109/tvcg.2020.3029412""]"
A5055587193,1,18.0,0,Lars Kühne,"[""10.1109/tvcg.2012.186""]"
A5055644473,1,154.0,0,Zhiqiang Ma,"[""10.1109/tvcg.2013.162""]"
A5055656807,2,150.0,1,Igor Jurišica,"[""10.1109/tvcg.2009.151"", ""10.1109/tvcg.2010.205""]"
A5055660368,1,12.0,0,Mark Guzdial,"[""10.1109/infvis.1996.559227""]"
A5055671238,1,35.0,0,N. Schunck,"[""10.1109/tvcg.2012.287""]"
A5055690572,2,227.0,1,Guillaume Favelier,"[""10.1109/tvcg.2017.2743938"", ""10.1109/tvcg.2018.2864432""]"
A5055692138,1,7.0,0,Lorraine Johnston,"[""10.1109/infvis.1995.528695""]"
A5055744764,1,36.0,1,Michal Jacovi,"[""10.1109/vast.2011.6102443""]"
A5055748729,1,5.0,0,Vahid Taimouri,"[""10.1109/tvcg.2013.230""]"
A5055750487,7,256.0,0,Dirk J. Lehmann,"[""10.1109/tvcg.2010.146"", ""10.1109/tvcg.2012.202"", ""10.1109/tvcg.2013.182"", ""10.1109/tvcg.2015.2467132"", ""10.1109/tvcg.2017.2744686"", ""10.1109/tvcg.2020.3030376"", ""10.1109/vast.2010.5652433""]"
A5055786408,1,0.0,0,Marianna Farmakis Serebryakova,"[""10.1109/tvcg.2020.3030456""]"
A5055786452,1,16.0,0,P.a. Heng,"[""10.1109/visual.1992.235222""]"
A5055813085,1,306.0,1,Adam M. Smith,"[""10.1109/tvcg.2018.2865240""]"
A5055844239,1,53.0,0,Youhao Wei,"[""10.1109/tvcg.2016.2598694""]"
A5055879921,1,15.0,0,Robert A. Pelcovits,"[""10.1109/tvcg.2006.182""]"
A5055889375,2,20.0,0,Kenneth Weiss,"[""10.1109/tvcg.2009.186"", ""10.1109/tvcg.2015.2467412""]"
A5055902347,1,0.0,0,Niklas Metzger,"[""10.1109/tvcg.2021.3114866""]"
A5055932717,1,67.0,0,David Koller,"[""10.1109/visual.1995.480800""]"
A5055992752,11,674.0,0,Wenwen Dou,"[""10.1109/tvcg.2013.162"", ""10.1109/tvcg.2020.3029412"", ""10.1109/vast.2008.4677360"", ""10.1109/vast.2010.5653598"", ""10.1109/vast.2010.5653599"", ""10.1109/vast.2011.6102461"", ""10.1109/vast.2011.6102463"", ""10.1109/vast.2012.6400485"", ""10.1109/vast.2015.7347631"", ""10.1109/vast.2017.8585658"", ""10.1109/vast.2017.8585665""]"
A5056000267,1,17.0,0,S.v. Klimenko,"[""10.1109/visual.1994.346315""]"
A5056062979,1,12.0,0,Jim Gaffney,"[""10.1109/tvcg.2019.2934594""]"
A5056069234,9,268.0,0,Denis Gračanin,"[""10.1109/tvcg.2008.145"", ""10.1109/tvcg.2009.155"", ""10.1109/tvcg.2010.171"", ""10.1109/tvcg.2014.2346744"", ""10.1109/tvcg.2019.2934784"", ""10.1109/tvcg.2022.3209478"", ""10.1109/tvcg.2024.3456356"", ""10.1109/vast.2015.7347635"", ""10.1109/visual.2005.1532821""]"
A5056082747,1,0.0,0,K.s. Eo,"[""10.1109/visual.1991.175776""]"
A5056087167,1,19.0,0,Ivo Herrmann,"[""10.1109/vast.2014.7042483""]"
A5056104510,8,171.0,0,G. Elisabeta Marai,"[""10.1109/tvcg.2013.161"", ""10.1109/tvcg.2017.2744459"", ""10.1109/tvcg.2018.2864849"", ""10.1109/tvcg.2019.2934546"", ""10.1109/tvcg.2021.3114810"", ""10.1109/tvcg.2022.3209356"", ""10.1109/tvcg.2023.3326939"", ""10.1109/tvcg.2024.3456160""]"
A5056111015,1,199.0,0,Nikhil Thorat,"[""10.1109/tvcg.2018.2864500""]"
A5056115552,1,40.0,0,Qiang Du,"[""10.1109/visual.2004.13""]"
A5056117639,1,4.0,0,Geoff Kuenning,"[""10.1109/tvcg.2022.3209392""]"
A5056124181,1,6.0,0,Thomas Ertl,"[""10.1109/visual.1998.745321""]"
A5056165486,1,4.0,0,G. Greiner,"[""10.1109/visual.2005.1532805""]"
A5056175399,1,16.0,1,Yuqing Yang,"[""10.1109/tvcg.2024.3456320""]"
A5056201973,1,14.0,0,Prateek Mantri,"[""10.1109/tvcg.2022.3209467""]"
A5056211536,10,1105.0,1,Michael J. Mcguffin,"[""10.1109/infvis.2005.1532124"", ""10.1109/infvis.2005.1532129"", ""10.1109/tvcg.2007.70582"", ""10.1109/tvcg.2009.151"", ""10.1109/tvcg.2010.205"", ""10.1109/tvcg.2013.149"", ""10.1109/tvcg.2013.160"", ""10.1109/tvcg.2019.2934535"", ""10.1109/tvcg.2023.3326907"", ""10.1109/visual.2003.1250400""]"
A5056213747,1,37.0,0,D. Gotz,"[""10.1109/visual.2001.964508""]"
A5056214245,7,406.0,0,Christoph Heinzl,"[""10.1109/tvcg.2007.70598"", ""10.1109/tvcg.2010.214"", ""10.1109/tvcg.2011.228"", ""10.1109/tvcg.2013.177"", ""10.1109/tvcg.2014.2346321"", ""10.1109/tvcg.2018.2864510"", ""10.1109/vast.2016.7883516""]"
A5056219662,1,166.0,0,Albert Webson,"[""10.1109/tvcg.2022.3209479""]"
A5056234242,1,20.0,0,Michelle Annett,"[""10.1109/tvcg.2018.2864887""]"
A5056247138,1,23.0,0,R. Quimby,"[""10.1109/vast.2008.4677353""]"
A5056248594,1,13.0,0,Brian Y. Lim,"[""10.1109/tvcg.2019.2934657""]"
A5056294184,4,154.0,0,Scott Barlowe,"[""10.1109/tvcg.2014.2346913"", ""10.1109/vast.2008.4677368"", ""10.1109/vast.2010.5652885"", ""10.1109/vast.2011.6102447""]"
A5056308697,2,62.0,0,Ming Jiang,"[""10.1109/tvcg.2006.201"", ""10.1109/visual.2002.1183789""]"
A5056317020,1,3.0,0,Camelia D. Brumar,"[""10.1109/tvcg.2024.3456391""]"
A5056347240,1,3.0,0,Daniel Fleischer,"[""10.1109/infvis.2005.1532135""]"
A5056355204,12,580.0,0,Robert Moorhead,"[""10.1109/tvcg.2006.116"", ""10.1109/tvcg.2009.114"", ""10.1109/tvcg.2010.181"", ""10.1109/visual.1994.346297"", ""10.1109/visual.1996.568138"", ""10.1109/visual.1996.568147"", ""10.1109/visual.1996.568149"", ""10.1109/visual.2000.885691"", ""10.1109/visual.2001.964535"", ""10.1109/visual.2001.964559"", ""10.1109/visual.2003.1250376"", ""10.1109/visual.2003.1250399""]"
A5056359403,1,0.0,0,Y. Kim,"[""10.1109/visual.1991.175776""]"
A5056362617,2,36.0,0,Jianping Kelvin Li,"[""10.1109/tvcg.2019.2934537"", ""10.1109/tvcg.2020.3030453""]"
A5056363324,1,29.0,0,Wanqi Hu,"[""10.1109/vast.2016.7883514""]"
A5056368954,1,4.0,0,Sheng Chuan Wang,"[""10.1109/visual.2005.1532849""]"
A5056376778,1,1.0,0,D.w. Williams,"[""10.1109/visual.1991.175781""]"
A5056385750,1,202.0,0,Felix Brodkorb,"[""10.1109/tvcg.2015.2468111""]"
A5056388611,1,8.0,0,Fei Nie,"[""10.1109/tvcg.2022.3209434""]"
A5056389929,1,42.0,0,Xing Mu,"[""10.1109/tvcg.2018.2864825""]"
A5056406678,1,106.0,0,Rongwen Zhao,"[""10.1109/tvcg.2017.2745320""]"
A5056413615,2,74.0,0,Gregory D. Richardson,"[""10.1109/tvcg.2018.2865029"", ""10.1109/tvcg.2022.3209495""]"
A5056438986,6,561.0,1,Arjun Srinivasan,"[""10.1109/tvcg.2017.2744843"", ""10.1109/tvcg.2017.2745219"", ""10.1109/tvcg.2018.2865145"", ""10.1109/tvcg.2020.3030378"", ""10.1109/tvcg.2022.3209421"", ""10.1109/tvcg.2022.3209456""]"
A5056499019,1,121.0,0,Alexis K.h. Lau,"[""10.1109/tvcg.2007.70523""]"
A5056511545,1,16.0,0,Carissa Mai Ping Knipe,"[""10.1109/tvcg.2014.2346451""]"
A5056517746,1,57.0,0,S. H. Langer,"[""10.1109/tvcg.2012.286""]"
A5056530126,1,32.0,0,Nitin Jain,"[""10.1109/visual.2004.37""]"
A5056537418,1,1.0,0,N.e. Hurlburt,"[""10.1109/visual.1991.175831""]"
A5056555647,1,91.0,0,Sandy Napel,"[""10.1109/visual.2003.1250369""]"
A5056557824,1,65.0,0,Brenda Phillips,"[""10.1109/tvcg.2012.272""]"
A5056560522,1,4.0,0,Melissa Ward,"[""10.1109/visual.1999.809936""]"
A5056572216,1,9.0,0,Jonathan Larson,"[""10.1109/tvcg.2017.2745180""]"
A5056574974,1,15.0,0,Matthias Labschutz,"[""10.1109/tvcg.2015.2467331""]"
A5056585168,3,125.0,0,Stephen M. Pizer,"[""10.1109/visual.1991.175778"", ""10.1109/visual.1995.480795"", ""10.1109/visual.1996.568110""]"
A5056610892,1,23.0,1,Ching‐shan Chou,"[""10.1109/tvcg.2019.2934591""]"
A5056629578,1,61.0,0,Astri J. Lundervold,"[""10.1109/tvcg.2012.256""]"
A5056641267,4,148.0,0,Shigeo Takahashi,"[""10.1109/tvcg.2006.167"", ""10.1109/tvcg.2009.119"", ""10.1109/tvcg.2015.2467433"", ""10.1109/visual.2005.1532834""]"
A5056647443,6,120.0,1,Robert Haimes,"[""10.1109/tvcg.2011.206"", ""10.1109/tvcg.2012.218"", ""10.1109/tvcg.2017.2744058"", ""10.1109/visual.1991.175837"", ""10.1109/visual.1997.663910"", ""10.1109/visual.2004.91""]"
A5056651101,1,9.0,0,Douglas M. Rice,"[""10.1109/vast.2008.4677366""]"
A5056684559,1,37.0,0,Elisabeth André,"[""10.1109/tvcg.2017.2743859""]"
A5056690945,2,61.0,0,R.s. Avila,"[""10.1109/visual.1992.235231"", ""10.1109/visual.1995.480792""]"
A5056700514,1,82.0,0,Jack Gundrum,"[""10.1109/infvis.2000.885102""]"
A5056703770,1,76.0,0,I. Dillingham,"[""10.1109/tvcg.2013.145""]"
A5056706946,1,12.0,0,D.c. Martin,"[""10.1109/visual.1994.346342""]"
A5056742721,1,7.0,1,Adeel Zafar,"[""10.1109/tvcg.2023.3326603""]"
A5056768201,1,48.0,0,John Clyne,"[""10.1109/visual.2001.964520""]"
A5056785481,1,24.0,0,Bridger Herman,"[""10.1109/tvcg.2019.2934260""]"
A5056785820,1,14.0,0,Q. Shen,"[""10.1109/visual.1998.745332""]"
A5056788018,1,0.0,1,Daniel Durstewitz,"[""10.1109/tvcg.2023.3326519""]"
A5056806073,2,103.0,0,Dominic Schneider,"[""10.1109/tvcg.2007.70557"", ""10.1109/tvcg.2008.143""]"
A5056817428,2,48.0,0,Michelle Dowling,"[""10.1109/tvcg.2018.2865047"", ""10.1109/vast.2018.8802424""]"
A5056819808,2,195.0,0,Magnus Heitzler,"[""10.1109/tvcg.2013.120"", ""10.1109/tvcg.2020.3030456""]"
A5056861456,1,18.0,0,Philipp Berg,"[""10.1109/tvcg.2018.2864509""]"
A5056869820,1,98.0,0,J. Michael Boyle,"[""10.1109/tvcg.2012.263""]"
A5056895547,1,2.0,0,Toshiharu Nakai,"[""10.1109/visual.2000.885693""]"
A5056898219,1,6.0,0,Fahai Zhong,"[""10.1109/tvcg.2022.3209371""]"
A5056903170,13,410.0,4,Danielle Albers Szafir,"[""10.1109/tvcg.2017.2744359"", ""10.1109/tvcg.2018.2864914"", ""10.1109/tvcg.2019.2934282"", ""10.1109/tvcg.2019.2934284"", ""10.1109/tvcg.2020.3029413"", ""10.1109/tvcg.2020.3030439"", ""10.1109/tvcg.2021.3114783"", ""10.1109/tvcg.2021.3114805"", ""10.1109/tvcg.2022.3209442"", ""10.1109/tvcg.2023.3327198"", ""10.1109/tvcg.2023.3327201"", ""10.1109/tvcg.2024.3456359"", ""10.1109/tvcg.2024.3456385""]"
A5056910392,1,40.0,0,Juncong Lin,"[""10.1109/tvcg.2020.3030410""]"
A5056912277,2,459.0,1,Hugues Hoppe,"[""10.1109/visual.1998.745282"", ""10.1109/visual.1999.809869""]"
A5056923138,1,13.0,0,S.j. Harrington,"[""10.1109/visual.1991.175792""]"
A5056931882,1,42.0,0,Michael Smuc,"[""10.1109/tvcg.2012.273""]"
A5056953351,1,635.0,0,Shashank Sunkavalli,"[""10.1109/tvcg.2013.234""]"
A5056962479,2,10.0,0,Daniel Atzberger,"[""10.1109/tvcg.2023.3326569"", ""10.1109/tvcg.2024.3456308""]"
A5056963592,3,163.0,0,Morten Lind,"[""10.1109/infvis.2001.963291"", ""10.1109/infvis.2002.1173147"", ""10.1109/infvis.2005.1532137""]"
A5056968920,1,22.0,0,Aditya Johri,"[""10.1109/tvcg.2014.2346747""]"
A5056999690,7,313.0,1,Shunan Guo,"[""10.1109/tvcg.2017.2745320"", ""10.1109/tvcg.2018.2864885"", ""10.1109/tvcg.2020.3030465"", ""10.1109/tvcg.2021.3114774"", ""10.1109/tvcg.2022.3209348"", ""10.1109/tvcg.2023.3327363"", ""10.1109/tvcg.2024.3456210""]"
A5057004360,1,48.0,0,Marlene Baumgart,"[""10.1109/tvcg.2017.2745178""]"
A5057011942,1,4.0,0,Xin Liang,"[""10.1109/tvcg.2024.3456337""]"
A5057018104,2,15.0,0,Louis H. Kauffman,"[""10.1109/visual.1990.146384"", ""10.1109/visual.1996.568120""]"
A5057053812,1,35.0,0,Jinbin Huang,"[""10.1109/tvcg.2022.3209384""]"
A5057085103,1,7.0,0,E. Retzel,"[""10.1109/visual.1995.480794""]"
A5057119434,3,45.0,0,Kalpathi Subramanian,"[""10.1109/tvcg.2017.2745086"", ""10.1109/visual.1990.146377"", ""10.1109/visual.1992.235214""]"
A5057142727,1,72.0,0,Wojciech Basalaj,"[""10.1109/infvis.1999.801855""]"
A5057186073,1,36.0,0,Avital Steinitz,"[""10.1109/tvcg.2013.164""]"
A5057187054,1,5.0,0,John Walter,"[""10.1109/visual.2001.964501""]"
A5057190776,1,45.0,0,Xiaomin Zhu,"[""10.1109/tvcg.2013.144""]"
A5057193188,1,1.0,0,Evan Greene,"[""10.1109/tvcg.2024.3456370""]"
A5057213694,1,6.0,0,O. Engelsen,"[""10.1109/visual.1991.175784""]"
A5057253726,1,1.0,0,Trevor Manz,"[""10.1109/tvcg.2024.3456370""]"
A5057257940,2,81.0,0,Greg Ross,"[""10.1109/infvis.2002.1173161"", ""10.1109/infvis.2003.1249013""]"
A5057265169,1,37.0,0,J. Agutter,"[""10.1109/infvis.2005.1532134""]"
A5057269672,1,8.0,0,Zheng Wei,"[""10.1109/tvcg.2024.3456330""]"
A5057272815,1,31.0,0,Oliver Lehmann,"[""10.1109/infvis.2003.1249027""]"
A5057284689,1,10.0,0,Running Zhao,"[""10.1109/tvcg.2023.3326943""]"
A5057285516,1,20.0,0,Jens G. Magnus,"[""10.1109/tvcg.2017.2744438""]"
A5057286132,1,9.0,0,Thomas A. Foley,"[""10.1109/visual.1990.146388""]"
A5057291277,1,16.0,0,Zhiyuan Lin,"[""10.1109/tvcg.2014.2346444""]"
A5057328396,1,0.0,0,A.j. Maeder,"[""10.1109/visual.1990.146366""]"
A5057351444,1,9.0,0,Lars Hufnagel,"[""10.1109/tvcg.2015.2467291""]"
A5057360982,1,13.0,0,D. Manocha,"[""10.1109/visual.1995.480793""]"
A5057364804,1,32.0,0,Frank Reck,"[""10.1109/visual.1999.809918""]"
A5057374067,1,134.0,0,Richard Souvenir,"[""10.1109/tvcg.2014.2346575""]"
A5057376907,1,1.0,0,Grigory Antipov,"[""10.1109/tvcg.2021.3114683""]"
A5057396201,1,18.0,0,Martin Imre,"[""10.1109/tvcg.2018.2864808""]"
A5057408334,1,11.0,0,A.e. Kaufman,"[""10.1109/visual.1993.398862""]"
A5057416382,1,12.0,0,Yongheng Wang,"[""10.1109/tvcg.2022.3209470""]"
A5057417134,1,2.0,0,Jessica Magallanes,"[""10.1109/tvcg.2021.3114868""]"
A5057447590,1,12.0,0,M. Buser,"[""10.1109/tvcg.2008.177""]"
A5057461751,1,17.0,0,M. Sato,"[""10.1109/visual.2000.885674""]"
A5057472200,2,87.0,0,Paul Hinker,"[""10.1109/visual.1992.235223"", ""10.1109/visual.1993.398868""]"
A5057479477,1,10.0,0,L. Carter,"[""10.1109/visual.1993.398867""]"
A5057491936,1,4.0,0,M.s.t. Carpendale,"[""10.1109/visual.1998.745334""]"
A5057504177,1,8.0,0,Dinesh K. Pai,"[""10.1109/visual.2002.1183755""]"
A5057515797,2,16.0,0,Maryam Hosseini,"[""10.1109/tvcg.2023.3326598"", ""10.1109/tvcg.2024.3456353""]"
A5057538550,15,1678.0,3,Natalia Andrienko,"[""10.1109/tvcg.2011.181"", ""10.1109/tvcg.2012.265"", ""10.1109/tvcg.2012.276"", ""10.1109/tvcg.2013.193"", ""10.1109/tvcg.2015.2468111"", ""10.1109/tvcg.2017.2744322"", ""10.1109/tvcg.2018.2864811"", ""10.1109/tvcg.2019.2934609"", ""10.1109/tvcg.2020.3030411"", ""10.1109/vast.2007.4388995"", ""10.1109/vast.2008.4677356"", ""10.1109/vast.2009.5332584"", ""10.1109/vast.2010.5652478"", ""10.1109/vast.2011.6102454"", ""10.1109/vast.2012.6400553""]"
A5057541630,2,287.0,0,Saleema Amershi,"[""10.1109/tvcg.2016.2598828"", ""10.1109/vast.2015.7347637""]"
A5057552402,1,85.0,0,Roberto A. Boto,"[""10.1109/tvcg.2014.2346403""]"
A5057582080,2,23.0,0,Lily W. Ge,"[""10.1109/tvcg.2023.3327165"", ""10.1109/tvcg.2024.3456309""]"
A5057612088,1,16.0,0,Tom Peterka,"[""10.1109/tvcg.2015.2468031""]"
A5057647519,2,121.0,0,Linhao Meng,"[""10.1109/tvcg.2018.2864503"", ""10.1109/tvcg.2023.3326600""]"
A5057655212,1,7.0,0,Guoxi Liu,"[""10.1109/tvcg.2023.3327182""]"
A5057661347,1,6.0,0,Monika Büscher,"[""10.1109/infvis.2000.885105""]"
A5057674322,1,32.0,0,Jason Bryan,"[""10.1109/visual.2001.964561""]"
A5057690103,1,110.0,0,Andreas Rauber,"[""10.1109/tvcg.2014.2346660""]"
A5057693492,1,37.0,0,S. Foresti,"[""10.1109/infvis.2005.1532134""]"
A5057709184,1,32.0,0,Fabian Günther,"[""10.1109/tvcg.2018.2864846""]"
A5057713461,1,3.0,0,Federica Bucchieri,"[""10.1109/tvcg.2024.3456319""]"
A5057720379,1,252.0,0,M. Hanfler,"[""10.1109/infvis.2005.1532152""]"
A5057757147,2,59.0,0,Daniel Patel,"[""10.1109/tvcg.2008.170"", ""10.1109/tvcg.2020.3030436""]"
A5057757200,1,1.0,0,Rahul Duggal,"[""10.1109/tvcg.2021.3114858""]"
A5057777900,1,61.0,0,A. Brandt,"[""10.1109/visual.1994.346295""]"
A5057782648,1,26.0,0,Tadija Kekić,"[""10.1109/tvcg.2017.2743981""]"
A5057788754,1,15.0,0,B.g. Becker,"[""10.1109/visual.1995.485146""]"
A5057823291,1,69.0,0,Fatih Korkmaz,"[""10.1109/vast.2014.7042480""]"
A5057828898,1,3.0,0,Myoungkyu Lee,"[""10.1109/tvcg.2022.3209473""]"
A5057841191,1,46.0,0,Shiping Huang,"[""10.1109/vast.2006.261424""]"
A5057852152,1,24.0,0,R.y. Novoselov,"[""10.1109/visual.2000.885686""]"
A5057924291,1,46.0,0,Takeo Kanade,"[""10.1109/visual.1997.663893""]"
A5057952459,1,30.0,0,Zhongzang Lin,"[""10.1109/tvcg.2011.170""]"
A5057953221,1,14.0,0,Bryan Genest,"[""10.1109/tvcg.2016.2598587""]"
A5057979018,1,22.0,0,Woodie C. Flowers,"[""10.1109/infvis.2000.885096""]"
A5057984570,1,10.0,0,Sami A. Kilic,"[""10.1109/visual.2003.1250422""]"
A5057996752,1,43.0,0,Long Wang,"[""10.1109/vast.2014.7042486""]"
A5058007277,1,33.0,0,Arnulph Fuhrmann,"[""10.1109/visual.1998.745317""]"
A5058010834,1,44.0,0,Colin Swindells,"[""10.1109/tvcg.2009.127""]"
A5058028526,10,431.0,1,Hans‐peter Seidel,"[""10.1109/tvcg.2007.70602"", ""10.1109/tvcg.2008.128"", ""10.1109/tvcg.2008.163"", ""10.1109/tvcg.2014.2346311"", ""10.1109/tvcg.2014.2346432"", ""10.1109/tvcg.2015.2467292"", ""10.1109/visual.2001.964530"", ""10.1109/visual.2003.1250399"", ""10.1109/visual.2005.1532851"", ""10.1109/visual.2005.1532859""]"
A5058034886,1,20.0,0,Massimiliano Tuveri,"[""10.1109/visual.1998.745337""]"
A5058039138,3,6.0,0,Andrew Mcnutt,"[""10.1109/tvcg.2023.3326907"", ""10.1109/tvcg.2024.3456317"", ""10.1109/tvcg.2024.3456343""]"
A5058051881,3,54.0,0,Balázs Csébfalvi,"[""10.1109/visual.2002.1183812"", ""10.1109/visual.2003.1250406"", ""10.1109/visual.2005.1532810""]"
A5058068009,1,1.0,0,Rosemarie Mckeon,"[""10.1109/visual.1998.745341""]"
A5058076540,1,1.0,0,R. Manley,"[""10.1109/visual.1991.175838""]"
A5058093304,1,3.0,0,Levente Sipeki,"[""10.1109/tvcg.2013.229""]"
A5058099040,1,59.0,0,Joon‐yong Lee,"[""10.1109/tvcg.2016.2598544""]"
A5058111856,1,111.0,0,Kyle Koh,"[""10.1109/tvcg.2010.175""]"
A5058143784,1,3.0,0,K. Mueller,"[""10.1109/visual.2001.964556""]"
A5058156675,2,51.0,0,Claudio Delrieux,"[""10.1109/tvcg.2019.2934784"", ""10.1109/tvcg.2022.3209432""]"
A5058158315,8,274.0,0,Alireza Entezari,"[""10.1109/tvcg.2006.141"", ""10.1109/tvcg.2008.115"", ""10.1109/tvcg.2011.230"", ""10.1109/tvcg.2013.208"", ""10.1109/tvcg.2015.2467958"", ""10.1109/tvcg.2018.2864815"", ""10.1109/tvcg.2020.3030394"", ""10.1109/visual.2004.65""]"
A5058162843,1,0.0,0,Carter Blair,"[""10.1109/tvcg.2024.3456361""]"
A5058170430,1,23.0,0,Niloy J. Mitra,"[""10.1109/tvcg.2010.151""]"
A5058188259,1,26.0,0,Ivan Barišić,"[""10.1109/tvcg.2017.2743981""]"
A5058190042,1,65.0,0,E. Margaret Evans,"[""10.1109/tvcg.2012.272""]"
A5058194080,2,113.0,0,Mengdie Hu,"[""10.1109/tvcg.2013.209"", ""10.1109/tvcg.2016.2598590""]"
A5058196703,6,362.0,1,Kuno Kurzhals,"[""10.1109/tvcg.2012.222"", ""10.1109/tvcg.2013.194"", ""10.1109/tvcg.2015.2467871"", ""10.1109/tvcg.2015.2468091"", ""10.1109/tvcg.2016.2598695"", ""10.1109/tvcg.2022.3209427""]"
A5058228488,1,5.0,0,Meng Ling,"[""10.1109/tvcg.2023.3327369""]"
A5058228910,1,19.0,0,Meg Pirrung,"[""10.1109/vast.2017.8585487""]"
A5058252467,1,341.0,0,Zekai J. Gao,"[""10.1109/tvcg.2011.239""]"
A5058266453,1,22.0,1,Jing Qian,"[""10.1109/tvcg.2023.3327396""]"
A5058325888,1,3.0,0,Jiacheng Yu,"[""10.1109/tvcg.2022.3209482""]"
A5058345780,1,149.0,0,R. Pompl,"[""10.1109/vast.2012.6400554""]"
A5058347132,1,5.0,0,D. Rossiter,"[""10.1109/visual.1996.568129""]"
A5058352860,1,5.0,0,G. Daiber,"[""10.1109/visual.1993.398847""]"
A5058353646,1,30.0,0,Randall K. Smith,"[""10.1109/tvcg.2007.70581""]"
A5058360336,10,385.0,3,Daniel F. Keefe,"[""10.1109/tvcg.2009.152"", ""10.1109/tvcg.2013.121"", ""10.1109/tvcg.2013.147"", ""10.1109/tvcg.2014.2346451"", ""10.1109/tvcg.2015.2467153"", ""10.1109/tvcg.2018.2865051"", ""10.1109/tvcg.2019.2934260"", ""10.1109/tvcg.2024.3456377"", ""10.1109/visual.2001.964545"", ""10.1109/visual.2001.964563""]"
A5058364844,6,248.0,0,Siwei Fu,"[""10.1109/tvcg.2016.2598444"", ""10.1109/tvcg.2017.2744080"", ""10.1109/tvcg.2018.2865232"", ""10.1109/tvcg.2020.3030392"", ""10.1109/tvcg.2020.3030393"", ""10.1109/tvcg.2022.3209470""]"
A5058426115,1,3.0,0,William Yurcik,"[""10.1109/visual.2001.964541""]"
A5058495937,1,22.0,0,Julie Anshun Yang Pelaez,"[""10.1109/infvis.2000.885096""]"
A5058542108,1,34.0,0,P. Tarantino,"[""10.1109/visual.1996.567606""]"
A5058565457,1,41.0,1,Marc Wolter,"[""10.1109/tvcg.2008.142""]"
A5058572359,1,69.0,0,Peter Passmore,"[""10.1109/tvcg.2012.189""]"
A5058611515,1,6.0,1,Shouling Ji,"[""10.1109/tvcg.2024.3456150""]"
A5058615764,1,11.0,0,E.l. Raible,"[""10.1109/visual.1992.235202""]"
A5058618544,1,34.0,0,Steven Schkolne,"[""10.1109/visual.2004.47""]"
A5058628582,1,25.0,0,G. Grigoryan,"[""10.1109/visual.2002.1183769""]"
A5058659840,1,14.0,0,A. Brambilla,"[""10.1109/tvcg.2013.158""]"
A5058676844,1,28.0,0,S. Sandra Bae,"[""10.1109/tvcg.2022.3209442""]"
A5058678073,12,875.0,2,Christophe Hurter,"[""10.1109/tvcg.2009.145"", ""10.1109/tvcg.2011.223"", ""10.1109/tvcg.2011.233"", ""10.1109/tvcg.2015.2467112"", ""10.1109/tvcg.2016.2598958"", ""10.1109/tvcg.2017.2744338"", ""10.1109/tvcg.2018.2864690"", ""10.1109/tvcg.2018.2865191"", ""10.1109/tvcg.2019.2934783"", ""10.1109/tvcg.2019.2934805"", ""10.1109/tvcg.2020.3030435"", ""10.1109/vast.2011.6102454""]"
A5058684461,1,15.0,0,Nguyễn Thị Thanh Thủy,"[""10.1109/visual.1997.663878""]"
A5058687503,1,26.0,0,Kenneth C. Cox,"[""10.1109/infvis.1995.528697""]"
A5058703729,1,2.0,0,S. Ghosh,"[""10.1109/visual.1993.398865""]"
A5058715670,1,27.0,0,Jin Chen,"[""10.1109/tvcg.2009.130""]"
A5058720963,1,28.0,0,George Legrady,"[""10.1109/tvcg.2010.126""]"
A5058722948,1,5.0,0,O. Staubli,"[""10.1109/visual.2005.1532813""]"
A5058725831,1,15.0,0,Quanjie Zhang,"[""10.1109/tvcg.2020.3030404""]"
A5058764721,1,90.0,0,Meeshu Agnihotri,"[""10.1109/tvcg.2018.2865146""]"
A5058829886,1,9.0,0,E. J. Mayland,"[""10.1109/visual.1999.809929""]"
A5058831244,1,20.0,0,Z Hosssain,"[""10.1109/tvcg.2010.147""]"
A5058848657,1,41.0,0,H. Clemens,"[""10.1109/tvcg.2013.198""]"
A5058864798,1,46.0,0,Larry A. Curtiss,"[""10.1109/tvcg.2015.2467432""]"
A5058880771,1,4.0,1,Olivier Gladin,"[""10.1109/tvcg.2024.3456335""]"
A5058894015,1,14.0,0,Clement Shimizu,"[""10.1109/visual.2005.1532846""]"
A5058910937,1,7.0,0,Neil W. Ashton,"[""10.1109/visual.1995.485153""]"
A5058912459,2,23.0,0,Aida Nordman,"[""10.1109/tvcg.2018.2865042"", ""10.1109/tvcg.2024.3456187""]"
A5058918302,1,3.0,1,Madison Elliott,"[""10.1109/tvcg.2020.3029413""]"
A5058941354,1,50.0,0,R. Van Uitert,"[""10.1109/visual.2005.1532807""]"
A5058956938,3,151.0,2,Arthur J. Olson,"[""10.1109/tvcg.2017.2744258"", ""10.1109/tvcg.2018.2864491"", ""10.1109/visual.2004.7""]"
A5058983568,1,4.0,0,C. Woodbury,"[""10.1109/visual.1996.568145""]"
A5059010508,1,89.0,0,Ines Färber,"[""10.1109/vast.2012.6400488""]"
A5059011560,1,31.0,0,Noeska Smit,"[""10.1109/tvcg.2016.2598826""]"
A5059017367,1,0.0,0,Behnam Tabatabai,"[""10.1109/visual.1993.398896""]"
A5059021869,3,79.0,0,Hujun Bao,"[""10.1109/tvcg.2011.164"", ""10.1109/tvcg.2012.267"", ""10.1109/vast.2014.7042486""]"
A5059033742,1,90.0,0,E. Antonio Chiocca,"[""10.1109/visual.2001.964545""]"
A5059045145,1,67.0,0,Mark‐anthony Bray,"[""10.1109/tvcg.2011.253""]"
A5059070871,1,16.0,0,Arin M. Ellingson,"[""10.1109/tvcg.2014.2346451""]"
A5059096880,3,99.0,0,Joel Lanir,"[""10.1109/tvcg.2015.2467322"", ""10.1109/tvcg.2019.2934811"", ""10.1109/tvcg.2021.3114874""]"
A5059119847,2,85.0,0,Frederick Federer,"[""10.1109/tvcg.2017.2744079"", ""10.1109/tvcg.2020.3030363""]"
A5059125158,2,488.0,0,Tolga Taşdizen,"[""10.1109/visual.2002.1183766"", ""10.1109/visual.2003.1250414""]"
A5059159716,2,4.0,0,Klaus Eckelt,"[""10.1109/tvcg.2023.3326936"", ""10.1109/tvcg.2024.3456186""]"
A5059179417,1,6.0,0,Stephen Smart,"[""10.1109/tvcg.2019.2934284""]"
A5059201602,1,14.0,0,Lucian Voinea,"[""10.1109/infvis.2005.1532125""]"
A5059206106,2,220.0,0,Johansson Jimmy,"[""10.1109/tvcg.2009.117"", ""10.1109/tvcg.2015.2466992""]"
A5059219821,1,39.0,0,A. Finkelstein,"[""10.1109/visual.2000.885685""]"
A5059407422,4,61.0,0,Usman Alim,"[""10.1109/tvcg.2010.160"", ""10.1109/tvcg.2016.2598866"", ""10.1109/tvcg.2022.3209474"", ""10.1109/tvcg.2024.3456316""]"
A5059410695,2,117.0,0,Nina Mccurdy,"[""10.1109/tvcg.2015.2467811"", ""10.1109/tvcg.2018.2864913""]"
A5059426161,1,55.0,0,Sarah H. Creem,"[""10.1109/visual.2002.1183788""]"
A5059426440,1,30.0,0,Björn Zehner,"[""10.1109/visual.1999.809884""]"
A5059446980,2,230.0,0,Jaakko Peltonen,"[""10.1109/tvcg.2016.2598495"", ""10.1109/tvcg.2021.3114795""]"
A5059447967,1,97.0,0,Russell Beale,"[""10.1109/infvis.1995.528691""]"
A5059452338,3,79.0,0,Alethea Bair,"[""10.1109/tvcg.2006.183"", ""10.1109/tvcg.2007.70559"", ""10.1109/visual.2005.1532782""]"
A5059489155,1,36.0,0,Sujin Jang,"[""10.1109/tvcg.2015.2468292""]"
A5059515531,1,96.0,0,Mondrian Hsieh,"[""10.1109/tvcg.2016.2598585""]"
A5059535412,1,3.0,0,Ravi Samtaney,"[""10.1109/visual.1994.346301""]"
A5059546193,1,61.0,0,S. Peter Henzi,"[""10.1109/tvcg.2013.193""]"
A5059548467,2,70.0,0,Ren Zhong Li,"[""10.1109/tvcg.2020.3030467"", ""10.1109/tvcg.2023.3327376""]"
A5059555128,1,23.0,0,François Gygi,"[""10.1109/tvcg.2009.196""]"
A5059565490,1,31.0,0,Jing Su,"[""10.1109/vast.2016.7883511""]"
A5059565977,2,104.0,0,Benjamin Höferlin,"[""10.1109/tvcg.2012.222"", ""10.1109/vast.2012.6400492""]"
A5059594867,10,2881.0,4,Fernanda Viégas,"[""10.1109/infvis.2004.8"", ""10.1109/tvcg.2007.70577"", ""10.1109/tvcg.2008.172"", ""10.1109/tvcg.2009.165"", ""10.1109/tvcg.2009.171"", ""10.1109/tvcg.2017.2744878"", ""10.1109/tvcg.2018.2864500"", ""10.1109/tvcg.2019.2934619"", ""10.1109/tvcg.2023.3327163"", ""10.1109/vast.2009.5333443""]"
A5059599640,1,75.0,0,Russell Gayle,"[""10.1109/visual.2004.86""]"
A5059628846,1,35.0,0,D. Hempel,"[""10.1109/visual.2001.964515""]"
A5059641706,1,8.0,0,Frank Keul,"[""10.1109/vast.2014.7042485""]"
A5059655101,2,94.0,0,Jean Scholtz,"[""10.1109/vast.2006.261416"", ""10.1109/vast.2009.5333245""]"
A5059686266,1,83.0,0,Jatin Chhugani,"[""10.1109/tvcg.2009.164""]"
A5059697947,1,28.0,0,René Caubet,"[""10.1109/visual.2002.1183776""]"
A5059702452,1,107.0,0,Erik‐jan Van Der Linden,"[""10.1109/tvcg.2006.200""]"
A5059711728,1,76.0,0,J. Ebling,"[""10.1109/visual.2003.1250372""]"
A5059742070,6,797.0,0,Enrico Bertini,"[""10.1109/tvcg.2011.179"", ""10.1109/tvcg.2011.229"", ""10.1109/tvcg.2014.2346419"", ""10.1109/tvcg.2014.2346426"", ""10.1109/tvcg.2016.2598447"", ""10.1109/vast.2012.6400488""]"
A5059755187,2,8.0,0,Sven Gedicke,"[""10.1109/tvcg.2020.3030399"", ""10.1109/tvcg.2022.3209485""]"
A5059772181,2,30.0,0,Jonathan W. Decker,"[""10.1109/tvcg.2011.194"", ""10.1109/tvcg.2012.223""]"
A5059776687,1,1.0,0,Jed Marti,"[""10.1109/visual.1997.663924""]"
A5059778636,1,16.0,1,Kan Ren,"[""10.1109/tvcg.2024.3456320""]"
A5059858286,1,50.0,0,Christopher Giertsen,"[""10.1109/tvcg.2008.170""]"
A5059880235,1,30.0,0,Anselm Spoerri,"[""10.1109/visual.1993.398863""]"
A5059913680,1,42.0,0,Younis Hijazi,"[""10.1109/tvcg.2009.204""]"
A5059923148,2,142.0,0,Yueqi Hu,"[""10.1109/tvcg.2014.2346445"", ""10.1109/tvcg.2014.2346913""]"
A5059940816,1,1.0,0,D. Kamins,"[""10.1109/visual.1994.346300""]"
A5059958789,2,125.0,0,Gill Barequet,"[""10.1109/visual.1996.567804"", ""10.1109/visual.1997.663904""]"
A5059975572,1,7.0,0,J.c. Bennett,"[""10.1109/visual.2005.1532825""]"
A5059995018,1,7.0,0,Anyi Li,"[""10.1109/tvcg.2022.3209450""]"
A5060029992,2,57.0,0,Helwig Löffelmann,"[""10.1109/visual.1997.663867"", ""10.1109/visual.1997.663921""]"
A5060030701,2,28.0,0,Justin Raynor,"[""10.1109/tvcg.2022.3209412"", ""10.1109/tvcg.2023.3327368""]"
A5060051494,2,134.0,0,Christopher J. Headleand,"[""10.1109/tvcg.2015.2467271"", ""10.1109/tvcg.2017.2745878""]"
A5060051655,2,86.0,0,Matthew Berger,"[""10.1109/tvcg.2016.2598667"", ""10.1109/tvcg.2020.3028976""]"
A5060059718,1,17.0,0,Michel Wijkstra,"[""10.1109/tvcg.2023.3326593""]"
A5060085720,1,27.0,0,Martin Haidacher,"[""10.1109/tvcg.2011.258""]"
A5060113946,1,2.0,0,Douglas G. Dommermuth,"[""10.1109/visual.2003.1250419""]"
A5060129988,1,32.0,0,Yuan He,"[""10.1109/vast.2011.6102458""]"
A5060146626,1,9.0,0,Christopher Kappe,"[""10.1109/tvcg.2015.2467291""]"
A5060159205,1,80.0,0,Alice Thudt,"[""10.1109/tvcg.2015.2467831""]"
A5060162507,1,15.0,0,Ángel Alexander Cabrera,"[""10.1109/vast47406.2019.8986948""]"
A5060176991,1,9.0,0,Nadir Weibel,"[""10.1109/tvcg.2018.2865075""]"
A5060182416,1,44.0,0,Thomas Zichner,"[""10.1109/tvcg.2018.2865024""]"
A5060225217,2,50.0,0,Nathan Conklin,"[""10.1109/infvis.2002.1173142"", ""10.1109/infvis.2002.1173158""]"
A5060227214,2,212.0,1,Dianne Cook,"[""10.1109/tvcg.2010.161"", ""10.1109/tvcg.2012.230""]"
A5060289662,1,1.0,0,Eli Dart,"[""10.1109/vast.2006.261437""]"
A5060306552,1,4.0,0,C. Gotsman,"[""10.1109/visual.1994.346336""]"
A5060314525,1,46.0,0,Shengdong Zhao,"[""10.1109/infvis.2005.1532129""]"
A5060325633,1,61.0,0,Arvid Lundervold,"[""10.1109/tvcg.2012.256""]"
A5060335365,1,4.0,0,Duncan P. Brumby,"[""10.1109/tvcg.2023.3326914""]"
A5060363706,4,386.0,0,Jie Bao,"[""10.1109/tvcg.2016.2598432"", ""10.1109/tvcg.2019.2934670"", ""10.1109/tvcg.2020.3030458"", ""10.1109/tvcg.2021.3114875""]"
A5060428081,1,14.0,0,Shengbin Yue,"[""10.1109/tvcg.2024.3456145""]"
A5060468015,1,43.0,0,Dmitriy Morozov,"[""10.1109/tvcg.2012.200""]"
A5060479755,1,3.0,0,M Christon,"[""10.1109/visual.1992.235192""]"
A5060526863,1,0.0,0,L. Petterson,"[""10.1109/visual.1992.235175""]"
A5060570293,2,81.0,0,Katrin Hegenscheid,"[""10.1109/tvcg.2014.2346591"", ""10.1109/tvcg.2015.2468291""]"
A5060574964,2,18.0,0,Keke Wu,"[""10.1109/tvcg.2019.2934282"", ""10.1109/tvcg.2019.2934284""]"
A5060588353,1,40.0,0,X. Wang,"[""10.1109/visual.2004.13""]"
A5060608833,6,201.0,0,Tingshu He,"[""10.1109/visual.1994.346333"", ""10.1109/visual.1994.346340"", ""10.1109/visual.1995.485142"", ""10.1109/visual.1996.568113"", ""10.1109/visual.1997.663851"", ""10.1109/visual.1997.663900""]"
A5060626774,3,64.0,0,Khairi Reda,"[""10.1109/tvcg.2020.3030439"", ""10.1109/tvcg.2024.3456182"", ""10.1109/vast.2017.8585646""]"
A5060647975,1,31.0,0,Alec Jacobson,"[""10.1109/tvcg.2014.2346432""]"
A5060664606,26,1937.0,2,Torsten Möller,"[""10.1109/infvis.2004.59"", ""10.1109/tvcg.2006.113"", ""10.1109/tvcg.2006.141"", ""10.1109/tvcg.2009.150"", ""10.1109/tvcg.2010.147"", ""10.1109/tvcg.2010.152"", ""10.1109/tvcg.2010.160"", ""10.1109/tvcg.2010.190"", ""10.1109/tvcg.2011.248"", ""10.1109/tvcg.2013.126"", ""10.1109/tvcg.2014.2346321"", ""10.1109/tvcg.2014.2346324"", ""10.1109/tvcg.2016.2598827"", ""10.1109/tvcg.2017.2745158"", ""10.1109/tvcg.2024.3456406"", ""10.1109/vast.2010.5652392"", ""10.1109/visual.1997.663848"", ""10.1109/visual.1997.663882"", ""10.1109/visual.1998.745325"", ""10.1109/visual.1999.809909"", ""10.1109/visual.2001.964498"", ""10.1109/visual.2001.964499"", ""10.1109/visual.2001.964554"", ""10.1109/visual.2002.1183763"", ""10.1109/visual.2003.1250414"", ""10.1109/visual.2004.65""]"
A5060672357,1,100.0,0,Samuel Gerber,"[""10.1109/tvcg.2010.213""]"
A5060698638,2,34.0,0,Vı́ctor Guallar,"[""10.1109/tvcg.2015.2467293"", ""10.1109/tvcg.2016.2598825""]"
A5060699796,1,38.0,0,Michael Delz,"[""10.1109/tvcg.2016.2598467""]"
A5060725233,27,3243.0,4,Jean‐daniel Fekete,"[""10.1109/infvis.2002.1173156"", ""10.1109/infvis.2004.1"", ""10.1109/infvis.2004.64"", ""10.1109/tvcg.2006.160"", ""10.1109/tvcg.2007.70582"", ""10.1109/tvcg.2008.141"", ""10.1109/tvcg.2008.153"", ""10.1109/tvcg.2010.159"", ""10.1109/tvcg.2011.160"", ""10.1109/tvcg.2012.199"", ""10.1109/tvcg.2012.220"", ""10.1109/tvcg.2013.163"", ""10.1109/tvcg.2013.192"", ""10.1109/tvcg.2013.227"", ""10.1109/tvcg.2014.2346279"", ""10.1109/tvcg.2014.2346435"", ""10.1109/tvcg.2014.2346984"", ""10.1109/tvcg.2015.2467201"", ""10.1109/tvcg.2016.2598467"", ""10.1109/tvcg.2018.2865141"", ""10.1109/tvcg.2018.2865159"", ""10.1109/tvcg.2020.3030347"", ""10.1109/tvcg.2021.3114880"", ""10.1109/tvcg.2022.3209426"", ""10.1109/tvcg.2022.3209487"", ""10.1109/vast.2010.5652896"", ""10.1109/vast.2011.6102446""]"
A5060741187,1,96.0,0,Steven Skiena,"[""10.1109/visual.1996.568125""]"
A5060758333,1,7.0,0,Gregory A. Dasch,"[""10.1109/vast.2007.4388997""]"
A5060766689,1,66.0,0,Alberto L. Vazquez,"[""10.1109/tvcg.2009.178""]"
A5060767743,1,18.0,0,I. E. Spektor,"[""10.1109/visual.1990.146378""]"
A5060791463,1,5.0,0,Marc D.h. Hansen,"[""10.1109/infvis.1998.729566""]"
A5060805711,1,266.0,1,Rongjian Lan,"[""10.1109/tvcg.2013.200""]"
A5060853040,5,155.0,0,Robert Van Liere,"[""10.1109/tvcg.2006.118"", ""10.1109/tvcg.2006.195"", ""10.1109/visual.1993.398859"", ""10.1109/visual.1999.809907"", ""10.1109/visual.2000.885735""]"
A5060860322,2,14.0,0,Ashok Jallepalli,"[""10.1109/tvcg.2017.2744058"", ""10.1109/tvcg.2019.2934338""]"
A5060873298,1,30.0,0,Ulrike Hoffmann,"[""10.1109/visual.1999.809889""]"
A5060888358,5,86.0,1,Sehi L’yi,"[""10.1109/tvcg.2020.3030419"", ""10.1109/tvcg.2022.3209398"", ""10.1109/tvcg.2022.3209407"", ""10.1109/tvcg.2024.3456298"", ""10.1109/tvcg.2024.3456598""]"
A5060901632,1,36.0,0,Danny Z. Chen,"[""10.1109/tvcg.2020.3030346""]"
A5060920196,1,94.0,0,Emil Praun,"[""10.1109/visual.2003.1250412""]"
A5060924462,1,2.0,0,N. Thune,"[""10.1109/visual.1991.175802""]"
A5060926433,1,141.0,0,Matthias Zeppelzauer,"[""10.1109/tvcg.2017.2744818""]"
A5060935547,1,30.0,0,Thomas Vetter,"[""10.1109/tvcg.2007.70581""]"
A5060939423,2,49.0,0,Ralf Kähler,"[""10.1109/visual.2002.1183824"", ""10.1109/visual.2004.51""]"
A5060939522,1,137.0,0,M. Hoeferlin,"[""10.1109/tvcg.2011.193""]"
A5060995530,1,13.0,0,Charles Rozhon,"[""10.1109/tvcg.2018.2864841""]"
A5061021795,1,33.0,0,Michael Gertz,"[""10.1109/visual.2002.1183791""]"
A5061025905,1,4.0,0,B. Rundell,"[""10.1109/visual.1996.568145""]"
A5061027107,6,513.0,0,Florian Heimerl,"[""10.1109/tvcg.2012.277"", ""10.1109/tvcg.2013.186"", ""10.1109/tvcg.2015.2467621"", ""10.1109/tvcg.2015.2468091"", ""10.1109/tvcg.2020.3030443"", ""10.1109/vast.2016.7883507""]"
A5061039154,1,16.0,0,Paula Goolkasian,"[""10.1109/tvcg.2017.2745086""]"
A5061046887,1,19.0,0,Glen N. Williams,"[""10.1109/visual.1997.663931""]"
A5061059879,13,400.0,0,Timo Ropinski,"[""10.1109/scivis.2015.7429487"", ""10.1109/tvcg.2008.136"", ""10.1109/tvcg.2009.169"", ""10.1109/tvcg.2010.208"", ""10.1109/tvcg.2011.161"", ""10.1109/tvcg.2011.211"", ""10.1109/tvcg.2012.206"", ""10.1109/tvcg.2012.232"", ""10.1109/tvcg.2015.2467293"", ""10.1109/tvcg.2016.2598825"", ""10.1109/tvcg.2017.2744299"", ""10.1109/tvcg.2018.2864851"", ""10.1109/tvcg.2020.3030344""]"
A5061064862,1,128.0,0,D.r. Schikore,"[""10.1109/visual.1997.663875""]"
A5061093749,5,68.0,0,Sara Di Bartolomeo,"[""10.1109/tvcg.2020.3030442"", ""10.1109/tvcg.2022.3209412"", ""10.1109/tvcg.2023.3327368"", ""10.1109/tvcg.2024.3456312"", ""10.1109/tvcg.2024.3456349""]"
A5061098540,1,1.0,0,W.e. Fordyce,"[""10.1109/visual.1990.146415""]"
A5061103977,1,353.0,1,Scott Pezanowski,"[""10.1109/vast.2011.6102456""]"
A5061106600,4,190.0,1,Manuela Waldner,"[""10.1109/tvcg.2011.183"", ""10.1109/tvcg.2014.2346352"", ""10.1109/tvcg.2019.2934784"", ""10.1109/tvcg.2022.3209411""]"
A5061113615,2,8.0,0,Annika Bonerath,"[""10.1109/tvcg.2020.3030399"", ""10.1109/tvcg.2022.3209485""]"
A5061115862,2,92.0,0,Arlind Nocaj,"[""10.1109/tvcg.2012.250"", ""10.1109/tvcg.2016.2598919""]"
A5061160324,1,9.0,0,D. G. Toll,"[""10.1109/visual.2000.885707""]"
A5061160663,1,22.0,0,Brad Colbert,"[""10.1109/visual.1998.745344""]"
A5061164871,1,13.0,0,Sagar Joglekar,"[""10.1109/tvcg.2020.3030391""]"
A5061182946,1,17.0,0,Sharmin Choudhury,"[""10.1109/tvcg.2013.211""]"
A5061183466,1,35.0,0,Daniel R. Schikore,"[""10.1109/visual.1998.745284""]"
A5061191410,1,4.0,0,L. H. Kellogg,"[""10.1109/tvcg.2012.283""]"
A5061223874,2,117.0,1,J. Thompson,"[""10.1109/tvcg.2019.2934281"", ""10.1109/tvcg.2023.3326585""]"
A5061232045,1,34.0,0,Russ Burtner,"[""10.1109/vast.2015.7347625""]"
A5061244643,1,4.0,0,Andreas Reimer,"[""10.1109/tvcg.2014.2346274""]"
A5061254832,1,61.0,0,Erik Korsten,"[""10.1109/tvcg.2018.2865043""]"
A5061307853,1,20.0,0,Brian Bue,"[""10.1109/vast.2006.261434""]"
A5061311189,4,144.0,0,John Wenskovitch,"[""10.1109/tvcg.2017.2745258"", ""10.1109/tvcg.2018.2865047"", ""10.1109/tvcg.2020.3028890"", ""10.1109/vast.2018.8802424""]"
A5061319610,1,18.0,0,Lutz Ritter,"[""10.1109/visual.2004.29""]"
A5061319921,1,30.0,0,L. Rastäetter,"[""10.1109/scivis.2015.7429487""]"
A5061336187,1,46.0,0,WU Ya,"[""10.1109/vast.2016.7883510""]"
A5061338315,1,10.0,0,Golina Hulstein,"[""10.1109/tvcg.2022.3209480""]"
A5061393594,1,263.0,0,Hansi Senaratne,"[""10.1109/tvcg.2015.2467591""]"
A5061442851,1,4.0,0,F. Vega Higuera,"[""10.1109/visual.2005.1532805""]"
A5061444760,2,162.0,0,Fereshteh Amini,"[""10.1109/tvcg.2016.2598647"", ""10.1109/vast.2016.7883506""]"
A5061448746,1,5.0,1,Xiaoyu Qi,"[""10.1109/tvcg.2023.3327387""]"
A5061454658,4,128.0,0,Joseph Marino,"[""10.1109/tvcg.2010.200"", ""10.1109/tvcg.2011.182"", ""10.1109/tvcg.2015.2467413"", ""10.1109/tvcg.2016.2598791""]"
A5061467967,2,310.0,0,Junghoon Chae,"[""10.1109/vast.2012.6400557"", ""10.1109/vast.2014.7042484""]"
A5061469520,1,3.0,0,Haibin Ling,"[""10.1109/tvcg.2024.3456141""]"
A5061470055,1,32.0,0,Benjamin F. Gregorski,"[""10.1109/visual.2002.1183810""]"
A5061476653,1,70.0,0,Brittany Kondo,"[""10.1109/tvcg.2014.2346250""]"
A5061485712,1,24.0,0,Robert B. Cook,"[""10.1109/tvcg.2014.2346755""]"
A5061526935,3,132.0,0,P. Samuel Quinan,"[""10.1109/tvcg.2015.2467754"", ""10.1109/tvcg.2016.2599106"", ""10.1109/tvcg.2019.2934286""]"
A5061536888,1,15.0,0,T. Itoh,"[""10.1109/visual.1994.346334""]"
A5061568946,2,122.0,0,Eun Kyoung Choe,"[""10.1109/tvcg.2018.2865234"", ""10.1109/tvcg.2019.2934397""]"
A5061570075,3,27.0,1,Pepe Eulzer,"[""10.1109/tvcg.2019.2934337"", ""10.1109/tvcg.2020.3030388"", ""10.1109/tvcg.2022.3209374""]"
A5061586847,1,22.0,0,Kay Nieselt,"[""10.1109/vast.2009.5333911""]"
A5061644705,3,99.0,0,David E. Breen,"[""10.1109/visual.2000.885705"", ""10.1109/visual.2001.964524"", ""10.1109/visual.2002.1183773""]"
A5061676394,1,5.0,0,Florent Cabric,"[""10.1109/tvcg.2023.3327369""]"
A5061682032,6,665.0,0,Christian Tominski,"[""10.1109/tvcg.2009.110"", ""10.1109/tvcg.2012.237"", ""10.1109/tvcg.2012.265"", ""10.1109/tvcg.2016.2598468"", ""10.1109/tvcg.2020.3030371"", ""10.1109/tvcg.2023.3327152""]"
A5061692602,1,62.0,0,Renaud Blanch,"[""10.1109/tvcg.2007.70540""]"
A5061693039,1,37.0,0,Sheikh Sohel Moon,"[""10.1109/infvis.2005.1532134""]"
A5061762301,1,28.0,0,Robert Bosch,"[""10.1109/infvis.1999.801852""]"
A5061782578,1,19.0,0,Jing Ye,"[""10.1109/tvcg.2006.117""]"
A5061797219,1,1.0,0,Kazi Tasnim Zinat,"[""10.1109/tvcg.2024.3456510""]"
A5061817648,1,11.0,0,Cláudio D. G. Linhares,"[""10.1109/tvcg.2022.3209477""]"
A5061839283,3,133.0,1,Brian Ondov,"[""10.1109/tvcg.2018.2864884"", ""10.1109/tvcg.2019.2934786"", ""10.1109/tvcg.2020.3030429""]"
A5061850907,2,92.0,0,Zhihua Dong,"[""10.1109/tvcg.2012.215"", ""10.1109/tvcg.2014.2346747""]"
A5061851752,1,18.0,0,Ramana Rao,"[""10.1109/infvis.1997.636787""]"
A5061859149,4,121.0,0,Katerina Vrotsou,"[""10.1109/tvcg.2009.117"", ""10.1109/tvcg.2018.2865042"", ""10.1109/tvcg.2024.3456187"", ""10.1109/vast.2016.7883518""]"
A5061885176,1,8.0,0,Joshua Vander Hook,"[""10.1109/vast50239.2020.00008""]"
A5061898871,1,51.0,0,Wes Bethel,"[""10.1109/tvcg.2007.70519""]"
A5061917686,1,24.0,0,Sergey V. Matveyev,"[""10.1109/visual.1994.346307""]"
A5061951606,1,13.0,0,Ryan Cotterell,"[""10.1109/tvcg.2022.3209458""]"
A5061957179,3,168.0,0,Jia‐kai Chou,"[""10.1109/tvcg.2017.2745139"", ""10.1109/tvcg.2018.2865021"", ""10.1109/tvcg.2019.2934433""]"
A5061966723,1,28.0,0,P. J. Butler,"[""10.1109/vast.2012.6400560""]"
A5061969149,1,10.0,0,Henrik Buchholz,"[""10.1109/visual.2005.1532798""]"
A5061990452,1,16.0,0,Cheonbok Park,"[""10.1109/tvcg.2022.3209462""]"
A5062000568,1,17.0,0,Louise C. Abbott,"[""10.1109/tvcg.2008.179""]"
A5062007756,1,39.0,1,Kree Cole Mclaughlin,"[""10.1109/visual.2002.1183774""]"
A5062015463,1,34.0,0,Arlen Fan,"[""10.1109/tvcg.2020.3028888""]"
A5062026103,1,42.0,0,Jia Zeng,"[""10.1109/tvcg.2019.2934275""]"
A5062034448,1,9.0,0,Kevin G. Yager,"[""10.1109/tvcg.2020.3030384""]"
A5062039514,3,159.0,0,Christian Sigg,"[""10.1109/visual.2003.1250358"", ""10.1109/visual.2005.1532772"", ""10.1109/visual.2005.1532813""]"
A5062050694,1,24.0,0,Lucy Y. Pao,"[""10.1109/visual.2000.885686""]"
A5062063748,1,14.0,0,D. Colucci,"[""10.1109/visual.2005.1532846""]"
A5062104077,1,8.0,0,Γ. Σπανός,"[""10.1109/visual.1998.745350""]"
A5062129811,1,87.0,0,Gina Venolia,"[""10.1109/tvcg.2011.251""]"
A5062159291,1,30.0,1,Mark Giereth,"[""10.1109/vast.2009.5333564""]"
A5062185996,4,174.0,0,Isaac Cho,"[""10.1109/tvcg.2015.2467971"", ""10.1109/vast.2015.7347631"", ""10.1109/vast.2017.8585658"", ""10.1109/vast.2017.8585665""]"
A5062209759,1,185.0,0,Tara Madhyastha,"[""10.1109/tvcg.2015.2467851""]"
A5062248644,2,23.0,0,Md Naimul Hoque,"[""10.1109/tvcg.2022.3209466"", ""10.1109/tvcg.2023.3326594""]"
A5062254329,1,229.0,0,F. James Rohlf,"[""10.1109/visual.2005.1532826""]"
A5062270059,1,16.0,0,Kuang Chih Lee,"[""10.1109/visual.2001.964532""]"
A5062285844,1,109.0,1,Meredith Ringel Morris,"[""10.1109/vast.2010.5652880""]"
A5062288375,1,10.0,0,Matthew C. Fleenor,"[""10.1109/tvcg.2006.155""]"
A5062288739,4,169.0,0,Ken Brodlie,"[""10.1109/visual.1993.398857"", ""10.1109/visual.1996.567610"", ""10.1109/visual.2000.885707"", ""10.1109/visual.2004.112""]"
A5062317598,1,46.0,0,Vid Petrovic,"[""10.1109/tvcg.2007.70532""]"
A5062325991,2,266.0,0,Chao Ma,"[""10.1109/tvcg.2015.2467771"", ""10.1109/tvcg.2016.2598416""]"
A5062405330,1,29.0,0,Wee Siong Ng,"[""10.1109/vast.2015.7347630""]"
A5062410342,1,83.0,0,Fraser Anderson,"[""10.1109/tvcg.2020.3030334""]"
A5062412211,1,39.0,0,Christopher Koehler,"[""10.1109/tvcg.2011.260""]"
A5062415693,1,83.0,0,Brendan Moyle,"[""10.1109/tvcg.2020.3030334""]"
A5062463120,3,10.0,0,P. Stevens,"[""10.1109/visual.1998.745348"", ""10.1109/visual.1999.809926"", ""10.1109/visual.2000.885743""]"
A5062478612,1,0.0,0,David Wessel,"[""10.1109/visual.1998.745338""]"
A5062488503,1,11.0,0,Jochen Fröhlich,"[""10.1109/tvcg.2019.2934367""]"
A5062494091,1,144.0,1,Ajith Mascarenhas,"[""10.1109/tvcg.2006.186""]"
A5062508174,1,37.0,0,B. Alpern,"[""10.1109/visual.1991.175790""]"
A5062534271,1,1.0,0,E.t. O'brien,"[""10.1109/visual.2005.1532829""]"
A5062546146,5,567.0,1,Alexander M. Rush,"[""10.1109/tvcg.2017.2744158"", ""10.1109/tvcg.2018.2865044"", ""10.1109/tvcg.2019.2934595"", ""10.1109/tvcg.2021.3114845"", ""10.1109/tvcg.2022.3209479""]"
A5062554035,2,107.0,0,Matthias Hopf,"[""10.1109/visual.1999.809934"", ""10.1109/visual.2003.1250404""]"
A5062586683,1,3.0,0,Mardelle Mccuskey Shepley,"[""10.1109/visual.1994.346293""]"
A5062614232,4,114.0,2,Wouter Meulemans,"[""10.1109/tvcg.2016.2598542"", ""10.1109/tvcg.2016.2598862"", ""10.1109/tvcg.2020.3028953"", ""10.1109/tvcg.2024.3456168""]"
A5062642598,3,62.0,0,Jie Li,"[""10.1109/tvcg.2020.3030411"", ""10.1109/tvcg.2022.3209382"", ""10.1109/vast.2014.7042489""]"
A5062659292,1,3.0,0,K. Junyaprasert,"[""10.1109/visual.1997.663915""]"
A5062702770,1,10.0,0,Raad Mohiaddin,"[""10.1109/visual.1991.175801""]"
A5062703856,7,472.0,0,Armin Kanitsar,"[""10.1109/tvcg.2007.70576"", ""10.1109/visual.2001.964555"", ""10.1109/visual.2002.1183754"", ""10.1109/visual.2002.1183812"", ""10.1109/visual.2003.1250353"", ""10.1109/visual.2003.1250387"", ""10.1109/visual.2004.48""]"
A5062711342,5,384.0,0,Scotland Leman,"[""10.1109/tvcg.2013.188"", ""10.1109/tvcg.2017.2745258"", ""10.1109/tvcg.2018.2865047"", ""10.1109/vast.2011.6102449"", ""10.1109/vast.2014.7042492""]"
A5062738795,1,14.0,0,Jennifer Konieczny,"[""10.1109/visual.2005.1532846""]"
A5062749833,1,35.0,1,Michael Möck,"[""10.1109/vast.2010.5652478""]"
A5062751205,1,14.0,0,Lin Gao,"[""10.1109/tvcg.2024.3456145""]"
A5062758812,1,1.0,0,D. Marshburn,"[""10.1109/visual.2005.1532829""]"
A5062766883,1,365.0,1,Florian Stoffel,"[""10.1109/tvcg.2014.2346481""]"
A5062771767,2,72.0,0,Zachary Wartell,"[""10.1109/tvcg.2008.149"", ""10.1109/visual.1998.745344""]"
A5062786312,1,20.0,0,Magdalena Schwarzl,"[""10.1109/tvcg.2020.3030400""]"
A5062793472,1,100.0,0,Haohui Chen,"[""10.1109/tvcg.2018.2865192""]"
A5062795084,2,70.0,0,Matthew L. Parry,"[""10.1109/tvcg.2011.208"", ""10.1109/tvcg.2013.207""]"
A5062797157,2,83.0,0,Mário Costa Sousa,"[""10.1109/tvcg.2016.2598866"", ""10.1109/vast.2012.6400489""]"
A5062797994,1,46.0,0,P. J. Narayanan,"[""10.1109/visual.1997.663893""]"
A5062805121,1,21.0,0,Tino Ebbers,"[""10.1109/visual.2002.1183797""]"
A5062809062,1,3.0,0,P. K. Hsiung,"[""10.1109/visual.1990.146368""]"
A5062859783,3,163.0,0,Daniel Haehn,"[""10.1109/tvcg.2014.2346371"", ""10.1109/tvcg.2015.2467441"", ""10.1109/tvcg.2018.2865138""]"
A5062867814,1,13.0,0,Gabor Heinemann,"[""10.1109/tvcg.2012.259""]"
A5062939867,1,7.0,0,Daniel Klötzl,"[""10.1109/tvcg.2022.3209437""]"
A5062963076,1,8.0,0,Connor Scully Allison,"[""10.1109/tvcg.2022.3209375""]"
A5062987526,1,173.0,0,Yuzuru Tanahashi,"[""10.1109/tvcg.2012.212""]"
A5063002460,1,149.0,0,H. Wéber,"[""10.1109/vast.2012.6400554""]"
A5063003315,1,21.0,0,Timothy M. Shead,"[""10.1109/vast.2009.5333428""]"
A5063015907,1,2.0,1,Brittany Terese Fasy,"[""10.1109/tvcg.2024.3456395""]"
A5063020962,1,5.0,0,A. Kaufman,"[""10.1109/visual.2002.1183775""]"
A5063030920,1,37.0,0,Vaidyanathan Krishnamoorthy,"[""10.1109/tvcg.2011.199""]"
A5063037457,1,203.0,0,Amin Jourabloo,"[""10.1109/tvcg.2017.2744683""]"
A5063059765,1,50.0,0,A. Stephens,"[""10.1109/visual.2005.1532807""]"
A5063064518,1,190.0,1,Charles Gueunet,"[""10.1109/tvcg.2017.2743938""]"
A5063070612,1,17.0,0,Jimmy Moore,"[""10.1109/tvcg.2021.3114798""]"
A5063093511,2,77.0,0,Steffen Oeltze,"[""10.1109/tvcg.2007.70569"", ""10.1109/tvcg.2011.217""]"
A5063095344,2,238.0,0,Anshul Vikram Pandey,"[""10.1109/tvcg.2014.2346419"", ""10.1109/tvcg.2016.2598447""]"
A5063110936,4,98.0,0,Changbo Wang,"[""10.1109/tvcg.2019.2934806"", ""10.1109/tvcg.2020.3030343"", ""10.1109/tvcg.2021.3114762"", ""10.1109/tvcg.2023.3326597""]"
A5063230893,7,199.0,0,Cody Dunne,"[""10.1109/tvcg.2018.2865076"", ""10.1109/tvcg.2019.2934402"", ""10.1109/tvcg.2020.3030366"", ""10.1109/tvcg.2020.3030442"", ""10.1109/tvcg.2022.3209412"", ""10.1109/tvcg.2023.3327368"", ""10.1109/tvcg.2024.3456349""]"
A5063248557,1,65.0,0,Joel Shapiro,"[""10.1109/tvcg.2019.2934399""]"
A5063254269,1,10.0,0,Caroline Paxson,"[""10.1109/visual.1993.398855""]"
A5063258480,1,53.0,0,Catherine Vance Yeh,"[""10.1109/tvcg.2023.3327163""]"
A5063269254,1,47.0,0,Clemens Nylandsted Klokmose,"[""10.1109/tvcg.2018.2865144""]"
A5063273054,1,22.0,0,Chris Henze,"[""10.1109/visual.1998.745289""]"
A5063337503,1,37.0,0,Christine Mégard,"[""10.1109/tvcg.2006.189""]"
A5063358260,2,53.0,0,Yubo Zhang,"[""10.1109/tvcg.2013.123"", ""10.1109/tvcg.2013.172""]"
A5063362314,2,84.0,0,Holger Stitz,"[""10.1109/tvcg.2017.2745298"", ""10.1109/tvcg.2018.2865024""]"
A5063369767,1,53.0,0,Aarthy Sankari Bhaskar,"[""10.1109/tvcg.2016.2598694""]"
A5063377786,2,24.0,0,Dylan Wootton,"[""10.1109/tvcg.2022.3209369"", ""10.1109/tvcg.2024.3456217""]"
A5063379704,1,3.0,0,Boris Bedic,"[""10.1109/tvcg.2022.3209478""]"
A5063419107,1,8.0,0,Sarah Bardin,"[""10.1109/tvcg.2023.3327359""]"
A5063426870,4,82.0,0,Peter K. Sorger,"[""10.1109/tvcg.2019.2934547"", ""10.1109/tvcg.2022.3209378"", ""10.1109/tvcg.2023.3327193"", ""10.1109/tvcg.2024.3456406""]"
A5063443025,5,441.0,0,Ravin Balakrishnan,"[""10.1109/infvis.2005.1532124"", ""10.1109/tvcg.2011.195"", ""10.1109/tvcg.2012.226"", ""10.1109/tvcg.2013.167"", ""10.1109/visual.2003.1250400""]"
A5063468572,1,107.0,0,Yong Wan,"[""10.1109/tvcg.2009.118""]"
A5063485695,1,36.0,0,Weixing Lin,"[""10.1109/tvcg.2022.3209423""]"
A5063502813,1,0.0,0,Qian Gong,"[""10.1109/tvcg.2024.3456393""]"
A5063512797,1,6.0,0,M.j. Wozny,"[""10.1109/visual.1990.146367""]"
A5063519388,2,239.0,0,Xun Zhao,"[""10.1109/tvcg.2017.2744738"", ""10.1109/tvcg.2018.2864475""]"
A5063533296,1,0.0,0,Mikayla Biggs,"[""10.1109/tvcg.2021.3114810""]"
A5063536272,1,22.0,0,Rui A. P. Perdigão,"[""10.1109/tvcg.2014.2346930""]"
A5063547875,1,128.0,0,Jeffrey Leblanc,"[""10.1109/visual.1990.146386""]"
A5063552978,2,43.0,0,Julio Daniel Silva,"[""10.1109/tvcg.2016.2598866"", ""10.1109/tvcg.2022.3209474""]"
A5063555642,2,130.0,0,Andreas Butz,"[""10.1109/tvcg.2012.255"", ""10.1109/tvcg.2014.2352953""]"
A5063561782,1,6.0,0,Devora Shapiro,"[""10.1109/infvis.2000.885105""]"
A5063572090,1,28.0,0,Stephen Mann,"[""10.1109/visual.2002.1183786""]"
A5063602485,1,85.0,0,Tobias Ruppert,"[""10.1109/vast.2011.6102448""]"
A5063603168,5,368.0,0,Martin Rumpf,"[""10.1109/visual.1999.809904"", ""10.1109/visual.2000.885715"", ""10.1109/visual.2000.885721"", ""10.1109/visual.2001.964494"", ""10.1109/visual.2004.32""]"
A5063619308,1,124.0,0,Gargi Bhattacharya,"[""10.1109/tvcg.2009.114""]"
A5063625747,5,137.0,1,Brian Summa,"[""10.1109/tvcg.2011.177"", ""10.1109/tvcg.2013.174"", ""10.1109/tvcg.2018.2864432"", ""10.1109/tvcg.2020.3030381"", ""10.1109/tvcg.2024.3456395""]"
A5063629557,3,127.0,1,Christine Nothelfer,"[""10.1109/tvcg.2013.183"", ""10.1109/tvcg.2019.2934801"", ""10.1109/tvcg.2020.3029413""]"
A5063654457,1,6.0,0,U. Lang,"[""10.1109/visual.1991.175812""]"
A5063667052,1,21.0,1,Chenglong Wang,"[""10.1109/tvcg.2023.3326585""]"
A5063685742,1,185.0,0,Yang Liu,"[""10.1109/tvcg.2013.196""]"
A5063698637,1,19.0,0,Reto Wettach,"[""10.1109/vast.2014.7042483""]"
A5063784301,1,10.0,1,B. Chen,"[""10.1109/visual.2005.1532812""]"
A5063799775,1,31.0,0,Michelle Gregory,"[""10.1109/vast.2009.5333437""]"
A5063841582,1,57.0,0,Stephen Correia,"[""10.1109/tvcg.2009.112""]"
A5063877576,1,111.0,0,Mário Popolin Neto,"[""10.1109/tvcg.2020.3030354""]"
A5063887911,1,3.0,0,Tanmay Kotha,"[""10.1109/tvcg.2023.3326592""]"
A5063890041,1,8.0,0,Kay Hamacher,"[""10.1109/vast.2014.7042485""]"
A5063919540,1,4.0,0,R.e. Gooch,"[""10.1109/visual.1995.485155""]"
A5063964395,2,115.0,0,Roxana Bujack,"[""10.1109/tvcg.2017.2743978"", ""10.1109/tvcg.2020.3028955""]"
A5063965880,24,1051.0,1,Stefan Brückner,"[""10.1109/tvcg.2006.140"", ""10.1109/tvcg.2007.70555"", ""10.1109/tvcg.2007.70576"", ""10.1109/tvcg.2007.70591"", ""10.1109/tvcg.2009.121"", ""10.1109/tvcg.2010.190"", ""10.1109/tvcg.2011.258"", ""10.1109/tvcg.2013.213"", ""10.1109/tvcg.2013.215"", ""10.1109/tvcg.2014.2346318"", ""10.1109/tvcg.2014.2346321"", ""10.1109/tvcg.2015.2467331"", ""10.1109/tvcg.2016.2598602"", ""10.1109/tvcg.2016.2598826"", ""10.1109/tvcg.2016.2598870"", ""10.1109/tvcg.2016.2599211"", ""10.1109/tvcg.2017.2744438"", ""10.1109/tvcg.2018.2864656"", ""10.1109/tvcg.2019.2934258"", ""10.1109/tvcg.2021.3114860"", ""10.1109/tvcg.2024.3456327"", ""10.1109/vast.2012.6400555"", ""10.1109/vast.2014.7042491"", ""10.1109/visual.2005.1532856""]"
A5064018186,3,37.0,0,William L. Hibbard,"[""10.1109/visual.1992.235175"", ""10.1109/visual.1992.235215"", ""10.1109/visual.1994.346304""]"
A5064020522,2,325.0,1,Carsten Görg,"[""10.1109/vast.2007.4389006"", ""10.1109/vast.2009.5333878""]"
A5064039493,2,11.0,1,Baldur Van Lew,"[""10.1109/tvcg.2019.2934307"", ""10.1109/tvcg.2023.3326582""]"
A5064044080,1,8.0,0,U. Kraus,"[""10.1109/visual.2005.1532845""]"
A5064049630,2,56.0,0,Yating Wei,"[""10.1109/tvcg.2019.2934208"", ""10.1109/tvcg.2019.2934800""]"
A5064070779,1,24.0,0,C. Williams,"[""10.1109/visual.1996.568128""]"
A5064073065,1,73.0,0,Kena Desai,"[""10.1109/tvcg.2009.176""]"
A5064073240,1,8.0,0,Hester Huitema,"[""10.1109/visual.2000.885733""]"
A5064075576,3,324.0,0,C.t. Silva,"[""10.1109/visual.2001.964489"", ""10.1109/visual.2001.964534"", ""10.1109/visual.2003.1250421""]"
A5064086312,1,36.0,0,Kenichi Okada,"[""10.1109/infvis.1999.801861""]"
A5064087967,1,0.0,0,Ratanond Koonchanok,"[""10.1109/tvcg.2024.3456182""]"
A5064090120,1,96.0,0,Francine Evans,"[""10.1109/visual.1996.568125""]"
A5064119940,1,91.0,0,Beth Yost,"[""10.1109/tvcg.2006.184""]"
A5064127720,1,6.0,0,Jeremy E. Block,"[""10.1109/tvcg.2022.3209495""]"
A5064144223,1,0.0,0,W. Renz,"[""10.1109/visual.1993.398911""]"
A5064155521,1,61.0,0,Ryutarou Ohbuchi,"[""10.1109/visual.1994.346295""]"
A5064202954,1,28.0,0,William Layton,"[""10.1109/tvcg.2013.161""]"
A5064219476,1,27.0,0,Paolo Buono,"[""10.1109/tvcg.2020.3030347""]"
A5064234075,1,1.0,0,R. Kopelman,"[""10.1109/visual.1991.175831""]"
A5064234695,1,0.0,0,Y. Yacoob,"[""10.1109/visual.1990.146364""]"
A5064239794,1,3.0,0,Paul Parsons,"[""10.1109/tvcg.2021.3114959""]"
A5064259306,1,90.0,0,Bing Ni,"[""10.1109/tvcg.2015.2467194""]"
A5064300637,4,52.0,0,Guadalupe Canahuate,"[""10.1109/tvcg.2019.2934546"", ""10.1109/tvcg.2021.3114810"", ""10.1109/tvcg.2023.3326939"", ""10.1109/tvcg.2024.3456160""]"
A5064306421,24,1642.0,0,Alex Endert,"[""10.1109/tvcg.2012.260"", ""10.1109/tvcg.2014.2346575"", ""10.1109/tvcg.2015.2467551"", ""10.1109/tvcg.2015.2467615"", ""10.1109/tvcg.2016.2598446"", ""10.1109/tvcg.2016.2598460"", ""10.1109/tvcg.2016.2598839"", ""10.1109/tvcg.2017.2744843"", ""10.1109/tvcg.2017.2744898"", ""10.1109/tvcg.2017.2745078"", ""10.1109/tvcg.2018.2865075"", ""10.1109/tvcg.2018.2865145"", ""10.1109/tvcg.2018.2865146"", ""10.1109/tvcg.2019.2934534"", ""10.1109/tvcg.2019.2934656"", ""10.1109/tvcg.2020.3030382"", ""10.1109/tvcg.2020.3030443"", ""10.1109/tvcg.2021.3114827"", ""10.1109/tvcg.2024.3456144"", ""10.1109/vast.2009.5333245"", ""10.1109/vast.2011.6102449"", ""10.1109/vast.2015.7347625"", ""10.1109/vast.2017.8585669"", ""10.1109/vast47406.2019.8986922""]"
A5064357435,2,83.0,0,Carolina Vicente Moraes,"[""10.1109/tvcg.2009.184"", ""10.1109/tvcg.2011.189""]"
A5064384210,1,98.0,0,Cícero A. L. Pahins,"[""10.1109/tvcg.2016.2598624""]"
A5064425512,1,39.0,0,D.w. Clark,"[""10.1109/visual.2000.885685""]"
A5064464260,1,12.0,0,Bastien Liutkus,"[""10.1109/tvcg.2015.2467035""]"
A5064465394,1,16.0,0,Greg Eisenhauer,"[""10.1109/visual.1995.485157""]"
A5064472477,1,8.0,0,Greg Davidson,"[""10.1109/visual.1996.568133""]"
A5064478231,1,5.0,0,P. Palamidese,"[""10.1109/visual.1993.398904""]"
A5064479602,1,32.0,0,Christian Gusenbauer,"[""10.1109/tvcg.2013.177""]"
A5064480048,12,1633.0,1,Bum Chul Kwon,"[""10.1109/tvcg.2013.223"", ""10.1109/tvcg.2014.2346481"", ""10.1109/tvcg.2015.2467555"", ""10.1109/tvcg.2015.2467591"", ""10.1109/tvcg.2015.2467759"", ""10.1109/tvcg.2016.2598446"", ""10.1109/tvcg.2016.2598920"", ""10.1109/tvcg.2017.2745085"", ""10.1109/tvcg.2018.2865027"", ""10.1109/tvcg.2022.3209384"", ""10.1109/tvcg.2024.3456340"", ""10.1109/vast.2011.6102435""]"
A5064493803,1,15.0,0,E. Coalho,"[""10.1109/tvcg.2008.126""]"
A5064504410,1,28.0,0,Ruhan Yang,"[""10.1109/tvcg.2022.3209442""]"
A5064561288,1,113.0,0,Brian Meyers,"[""10.1109/tvcg.2006.142""]"
A5064569774,1,12.0,0,Stuart Levy,"[""10.1109/visual.2002.1183824""]"
A5064609689,2,66.0,0,Irene Baeza Rojo,"[""10.1109/tvcg.2019.2934313"", ""10.1109/tvcg.2019.2934375""]"
A5064638062,5,19.0,0,Holly Rushmeier,"[""10.1109/visual.1994.346291"", ""10.1109/visual.1996.568141"", ""10.1109/visual.1997.663922"", ""10.1109/visual.2004.18"", ""10.1109/visual.2004.99""]"
A5064667546,1,25.0,0,Oleg Davydov,"[""10.1109/visual.2001.964530""]"
A5064682013,1,35.0,0,Kate Herd,"[""10.1109/vast.2016.7883515""]"
A5064684360,1,18.0,0,Johannes Roth,"[""10.1109/tvcg.2012.282""]"
A5064720873,6,926.0,3,Huy T. Vo,"[""10.1109/tvcg.2007.70584"", ""10.1109/tvcg.2013.226"", ""10.1109/tvcg.2023.3327396"", ""10.1109/vast.2014.7042478"", ""10.1109/vast.2015.7347636"", ""10.1109/visual.2005.1532788""]"
A5064723143,3,210.0,0,Fabio Marton,"[""10.1109/tvcg.2011.214"", ""10.1109/visual.2003.1250366"", ""10.1109/visual.2005.1532797""]"
A5064747056,2,84.0,0,Dorit Merhof,"[""10.1109/tvcg.2006.151"", ""10.1109/visual.2005.1532777""]"
A5064771528,1,48.0,0,Aran Lunzer,"[""10.1109/infvis.1997.636789""]"
A5064783559,1,1.0,0,Corentin Kervadec,"[""10.1109/tvcg.2021.3114683""]"
A5064789947,1,38.0,0,Stephen Curial,"[""10.1109/visual.2005.1532819""]"
A5064807273,1,52.0,0,Claus Peter Heußel,"[""10.1109/visual.2003.1250370""]"
A5064819643,1,55.0,0,Julie Gerdes,"[""10.1109/tvcg.2018.2864913""]"
A5064828426,1,27.0,0,Ingo Wald,"[""10.1109/tvcg.2007.70566""]"
A5064835819,1,27.0,0,Frits Koning,"[""10.1109/tvcg.2017.2744318""]"
A5064839018,1,64.0,0,Peter J. Stuckey,"[""10.1109/tvcg.2008.130""]"
A5064855107,2,311.0,0,Enxun Wei,"[""10.1109/tvcg.2013.196"", ""10.1109/tvcg.2013.221""]"
A5064858427,1,2.0,0,Alexandre Gerussi,"[""10.1109/visual.1998.745287""]"
A5064910105,1,5.0,1,Andreas Olligschlaeger,"[""10.1109/tvcg.2022.3209403""]"
A5064921467,1,0.0,0,R.d. Bergeron,"[""10.1109/visual.1995.480816""]"
A5064923375,2,10.0,0,Erez Zadok,"[""10.1109/tvcg.2022.3209392"", ""10.1109/vast47406.2019.8986923""]"
A5064927253,1,31.0,0,Olga Sorkine‐hornung,"[""10.1109/tvcg.2014.2346432""]"
A5064929296,1,98.0,0,Zhiqi Liu,"[""10.1109/tvcg.2014.2346594""]"
A5064931337,9,510.0,2,Eytan Adar,"[""10.1109/tvcg.2011.175"", ""10.1109/tvcg.2013.119"", ""10.1109/tvcg.2016.2599338"", ""10.1109/tvcg.2018.2865231"", ""10.1109/tvcg.2020.3030375"", ""10.1109/tvcg.2021.3114679"", ""10.1109/tvcg.2021.3114811"", ""10.1109/tvcg.2022.3209402"", ""10.1109/tvcg.2022.3209500""]"
A5064940551,1,29.0,0,Hui Min Watt,"[""10.1109/vast.2015.7347630""]"
A5064972852,1,18.0,0,Shuirun Wei,"[""10.1109/vast50239.2020.00014""]"
A5064977849,1,11.0,0,Kevin J. Lande,"[""10.1109/tvcg.2022.3209443""]"
A5065022341,1,52.0,0,Dirk Mayer,"[""10.1109/visual.2003.1250370""]"
A5065024394,1,66.0,0,Lester Kwock,"[""10.1109/tvcg.2010.176""]"
A5065034146,3,71.0,1,Xiaohan Jiao,"[""10.1109/tvcg.2021.3114775"", ""10.1109/tvcg.2022.3209409"", ""10.1109/tvcg.2023.3327200""]"
A5065039357,1,31.0,0,Rhodri Bown,"[""10.1109/tvcg.2013.207""]"
A5065040154,14,636.0,2,Çağatay Turkay,"[""10.1109/tvcg.2011.178"", ""10.1109/tvcg.2012.188"", ""10.1109/tvcg.2012.256"", ""10.1109/tvcg.2014.2346265"", ""10.1109/tvcg.2015.2467199"", ""10.1109/tvcg.2016.2598470"", ""10.1109/tvcg.2016.2598542"", ""10.1109/tvcg.2016.2598862"", ""10.1109/tvcg.2019.2934609"", ""10.1109/tvcg.2020.3030410"", ""10.1109/tvcg.2021.3114828"", ""10.1109/tvcg.2022.3209448"", ""10.1109/tvcg.2022.3209464"", ""10.1109/tvcg.2023.3327353""]"
A5065040704,1,2.0,0,Roberto Paoli,"[""10.1109/tvcg.2022.3209356""]"
A5065053120,3,109.0,0,Doris Dransch,"[""10.1109/tvcg.2012.190"", ""10.1109/tvcg.2012.191"", ""10.1109/tvcg.2014.2346751""]"
A5065102984,1,64.0,1,Axel Wendt,"[""10.1109/tvcg.2020.3030350""]"
A5065154799,1,12.0,0,Daniel Engel,"[""10.1109/tvcg.2012.280""]"
A5065165477,1,18.0,0,Marius Horga,"[""10.1109/tvcg.2022.3209474""]"
A5065203565,2,8.0,0,Holger Steeb,"[""10.1109/tvcg.2018.2864506"", ""10.1109/tvcg.2023.3326931""]"
A5065217532,1,6.0,0,O. Ancuta,"[""10.1109/tvcg.2009.183""]"
A5065218054,3,49.0,0,Eren Cakmak,"[""10.1109/tvcg.2018.2865049"", ""10.1109/tvcg.2020.3030398"", ""10.1109/tvcg.2022.3209458""]"
A5065275615,1,37.0,0,L. Carter,"[""10.1109/visual.1991.175790""]"
A5065310344,1,20.0,0,Maximilian Weib,"[""10.1109/tvcg.2020.3030400""]"
A5065310800,8,449.0,0,Fabian Beck,"[""10.1109/tvcg.2010.209"", ""10.1109/tvcg.2011.226"", ""10.1109/tvcg.2015.2467757"", ""10.1109/tvcg.2018.2865022"", ""10.1109/tvcg.2019.2934669"", ""10.1109/tvcg.2021.3114802"", ""10.1109/tvcg.2024.3456199"", ""10.1109/vast.2016.7883520""]"
A5065313897,2,69.0,0,Simon Breslav,"[""10.1109/tvcg.2015.2467733"", ""10.1109/tvcg.2016.2598543""]"
A5065331110,2,5.0,0,Stefan Zellmann,"[""10.1109/tvcg.2020.3030470"", ""10.1109/tvcg.2023.3327366""]"
A5065341054,1,425.0,1,Sean Kandel,"[""10.1109/tvcg.2012.219""]"
A5065366998,1,8.0,0,Lalitha Sankar,"[""10.1109/tvcg.2022.3209380""]"
A5065371627,5,153.0,0,Panagiotis D. Ritsos,"[""10.1109/tvcg.2015.2467271"", ""10.1109/tvcg.2017.2745878"", ""10.1109/tvcg.2023.3326580"", ""10.1109/tvcg.2024.3456300"", ""10.1109/tvcg.2024.3456323""]"
A5065378241,1,41.0,0,Yi Mao,"[""10.1109/tvcg.2007.70592""]"
A5065394114,1,52.0,0,Wan Chiu Li,"[""10.1109/tvcg.2006.173""]"
A5065450674,1,34.0,0,Christopher J. Kocmoud,"[""10.1109/visual.1998.745303""]"
A5065522093,1,11.0,0,Debbie Payne,"[""10.1109/infvis.2005.1532133""]"
A5065526744,1,2.0,0,J. D. Joannopoulos,"[""10.1109/visual.1991.175786""]"
A5065573589,1,18.0,0,Noel F.c.c. De Miranda,"[""10.1109/tvcg.2020.3030336""]"
A5065590971,1,5.0,0,M. Olree,"[""10.1109/visual.1996.568134""]"
A5065630217,41,1992.0,6,Han‐wei Shen,"[""10.1109/tvcg.2006.137"", ""10.1109/tvcg.2006.159"", ""10.1109/tvcg.2006.164"", ""10.1109/tvcg.2007.70529"", ""10.1109/tvcg.2008.114"", ""10.1109/tvcg.2009.200"", ""10.1109/tvcg.2010.131"", ""10.1109/tvcg.2011.219"", ""10.1109/tvcg.2013.133"", ""10.1109/tvcg.2015.2467431"", ""10.1109/tvcg.2015.2467436"", ""10.1109/tvcg.2016.2598604"", ""10.1109/tvcg.2016.2598830"", ""10.1109/tvcg.2016.2598869"", ""10.1109/tvcg.2016.2599049"", ""10.1109/tvcg.2017.2744099"", ""10.1109/tvcg.2018.2864504"", ""10.1109/tvcg.2018.2864801"", ""10.1109/tvcg.2019.2934312"", ""10.1109/tvcg.2019.2934591"", ""10.1109/tvcg.2020.3030461"", ""10.1109/tvcg.2022.3209413"", ""10.1109/tvcg.2022.3209419"", ""10.1109/tvcg.2023.3327171"", ""10.1109/tvcg.2023.3327194"", ""10.1109/tvcg.2024.3456339"", ""10.1109/tvcg.2024.3456357"", ""10.1109/vast.2009.5333917"", ""10.1109/vast.2016.7883513"", ""10.1109/visual.1994.346321"", ""10.1109/visual.1995.480806"", ""10.1109/visual.1996.568121"", ""10.1109/visual.1997.663898"", ""10.1109/visual.1998.745298"", ""10.1109/visual.1999.809910"", ""10.1109/visual.2003.1250373"", ""10.1109/visual.2003.1250378"", ""10.1109/visual.2003.1250391"", ""10.1109/visual.2003.1250402"", ""10.1109/visual.2004.110"", ""10.1109/visual.2005.1532833""]"
A5065631636,1,60.0,0,John L. Sibert,"[""10.1109/infvis.1998.729568""]"
A5065644953,23,1798.0,3,Bongshin Lee,"[""10.1109/tvcg.2007.70537"", ""10.1109/tvcg.2009.109"", ""10.1109/tvcg.2009.146"", ""10.1109/tvcg.2010.175"", ""10.1109/tvcg.2012.204"", ""10.1109/tvcg.2012.275"", ""10.1109/tvcg.2013.119"", ""10.1109/tvcg.2013.191"", ""10.1109/tvcg.2016.2598647"", ""10.1109/tvcg.2018.2865142"", ""10.1109/tvcg.2018.2865158"", ""10.1109/tvcg.2018.2865234"", ""10.1109/tvcg.2019.2934281"", ""10.1109/tvcg.2019.2934397"", ""10.1109/tvcg.2019.2934783"", ""10.1109/tvcg.2020.3030423"", ""10.1109/tvcg.2020.3030435"", ""10.1109/tvcg.2022.3209450"", ""10.1109/tvcg.2023.3326585"", ""10.1109/tvcg.2023.3327354"", ""10.1109/vast.2006.261426"", ""10.1109/vast.2010.5652910"", ""10.1109/vast.2015.7347637""]"
A5065645994,20,1150.0,2,Charles Hansen,"[""10.1109/tvcg.2007.70566"", ""10.1109/tvcg.2009.118"", ""10.1109/tvcg.2014.2346351"", ""10.1109/tvcg.2020.3030333"", ""10.1109/visual.1992.235207"", ""10.1109/visual.1993.398868"", ""10.1109/visual.1996.568121"", ""10.1109/visual.1998.745713"", ""10.1109/visual.1999.809879"", ""10.1109/visual.2001.964519"", ""10.1109/visual.2001.964525"", ""10.1109/visual.2002.1183758"", ""10.1109/visual.2002.1183764"", ""10.1109/visual.2003.1250357"", ""10.1109/visual.2003.1250381"", ""10.1109/visual.2003.1250383"", ""10.1109/visual.2003.1250412"", ""10.1109/visual.2004.113"", ""10.1109/visual.2004.18"", ""10.1109/visual.2004.95""]"
A5065678560,1,1.0,0,Jan Moorman,"[""10.1109/visual.1993.398892""]"
A5065701116,1,19.0,0,Rama Akkiraju,"[""10.1109/vast.2016.7883513""]"
A5065725754,1,57.0,0,Hélio Pedrini,"[""10.1109/tvcg.2011.212""]"
A5065727903,1,7.0,0,Stefan Seipel,"[""10.1109/infvis.2005.1532137""]"
A5065773703,1,3.0,0,Tarek K. Alameldin,"[""10.1109/visual.1994.346293""]"
A5065776273,1,2.0,0,Andreas J. Lind,"[""10.1109/tvcg.2016.2598602""]"
A5065789205,1,8.0,0,Federico Rossi,"[""10.1109/vast50239.2020.00008""]"
A5065796620,1,31.0,0,Hessam Sokooti,"[""10.1109/tvcg.2016.2598826""]"
A5065799404,1,55.0,0,Andre Schmeißer,"[""10.1109/tvcg.2015.2467411""]"
A5065813500,3,89.0,0,Ingrid Carlbom,"[""10.1109/visual.1993.398851"", ""10.1109/visual.2001.964496"", ""10.1109/visual.2002.1183792""]"
A5065822896,2,396.0,0,Li Tan,"[""10.1109/tvcg.2011.239"", ""10.1109/vast.2010.5652931""]"
A5065868869,8,801.0,1,Nivan Ferreira,"[""10.1109/tvcg.2011.176"", ""10.1109/tvcg.2013.226"", ""10.1109/tvcg.2014.2346449"", ""10.1109/tvcg.2016.2598694"", ""10.1109/tvcg.2022.3209474"", ""10.1109/tvcg.2023.3326598"", ""10.1109/tvcg.2024.3456353"", ""10.1109/vast.2015.7347636""]"
A5065873350,2,325.0,0,Manuel M. Oliveira,"[""10.1109/tvcg.2008.112"", ""10.1109/tvcg.2009.113""]"
A5065885664,5,194.0,0,J. L. Zhao,"[""10.1109/tvcg.2014.2346575"", ""10.1109/tvcg.2014.2346911"", ""10.1109/tvcg.2019.2934266"", ""10.1109/tvcg.2019.2934603"", ""10.1109/tvcg.2023.3326584""]"
A5065890293,1,14.0,0,Liqun Jin,"[""10.1109/infvis.1996.559229""]"
A5065909000,1,57.0,0,Robert S. Schulman,"[""10.1109/infvis.2002.1173146""]"
A5065913646,1,10.0,0,R. Bosche,"[""10.1109/infvis.2003.1249007""]"
A5065943691,8,1285.0,0,Michelle A. Borkin,"[""10.1109/tvcg.2011.192"", ""10.1109/tvcg.2013.155"", ""10.1109/tvcg.2013.234"", ""10.1109/tvcg.2015.2467732"", ""10.1109/tvcg.2019.2934402"", ""10.1109/tvcg.2020.3030366"", ""10.1109/tvcg.2022.3209359"", ""10.1109/tvcg.2022.3209407""]"
A5065952170,1,72.0,0,Martina Ziefle,"[""10.1109/tvcg.2017.2744138""]"
A5065954205,1,11.0,1,Hamed Alhoori,"[""10.1109/tvcg.2021.3114801""]"
A5065970500,2,124.0,0,Dominikus Baur,"[""10.1109/tvcg.2010.206"", ""10.1109/tvcg.2015.2467831""]"
A5066017612,1,22.0,0,Mihaela Vorvoreanu,"[""10.1109/tvcg.2014.2346747""]"
A5066036637,2,161.0,0,Paul K. J. Han,"[""10.1109/tvcg.2015.2467758"", ""10.1109/tvcg.2016.2598588""]"
A5066042572,1,1.0,0,J.k. Fisher,"[""10.1109/visual.2005.1532829""]"
A5066055220,1,261.0,0,Lars Grammel,"[""10.1109/tvcg.2010.164""]"
A5066063583,1,19.0,0,Caleb Robinson,"[""10.1109/tvcg.2019.2934659""]"
A5066087105,4,133.0,0,B. L. William Wong,"[""10.1109/tvcg.2013.132"", ""10.1109/tvcg.2013.211"", ""10.1109/tvcg.2015.2467611"", ""10.1109/vast.2016.7883515""]"
A5066087528,1,38.0,0,Christopher E. Henze,"[""10.1109/tvcg.2006.128""]"
A5066103350,1,12.0,0,Walter Schubert,"[""10.1109/tvcg.2011.217""]"
A5066107323,1,91.0,0,Rahul Sukthankar,"[""10.1109/visual.2002.1183793""]"
A5066119149,1,4.0,0,Eric Newburger,"[""10.1109/tvcg.2023.3326521""]"
A5066126749,1,18.0,0,Raymond Y. Huang,"[""10.1109/tvcg.2019.2934402""]"
A5066129879,1,19.0,0,Johan N Siebert,"[""10.1109/visual.1996.568117""]"
A5066189200,1,21.0,0,Dominik Engel,"[""10.1109/tvcg.2020.3030344""]"
A5066231441,3,269.0,1,James T. Klosowski,"[""10.1109/tvcg.2013.179"", ""10.1109/visual.1999.809875"", ""10.1109/visual.2000.885700""]"
A5066288593,1,10.0,0,Xinchen Zhang,"[""10.1109/tvcg.2023.3326943""]"
A5066300885,1,13.0,0,Markus Jakobsson,"[""10.1109/tvcg.2018.2865023""]"
A5066302709,1,0.0,0,Jeffery Chieh Liu,"[""10.1109/tvcg.2020.3030456""]"
A5066309452,2,107.0,0,Tomoyuki Nishita,"[""10.1109/tvcg.2006.167"", ""10.1109/visual.2005.1532834""]"
A5066335313,14,2806.0,6,Nils Gehlenborg,"[""10.1109/tvcg.2013.173"", ""10.1109/tvcg.2014.2346248"", ""10.1109/tvcg.2014.2346260"", ""10.1109/tvcg.2017.2745978"", ""10.1109/tvcg.2019.2934555"", ""10.1109/tvcg.2020.3028948"", ""10.1109/tvcg.2022.3209398"", ""10.1109/tvcg.2022.3209407"", ""10.1109/tvcg.2022.3209408"", ""10.1109/tvcg.2022.3209435"", ""10.1109/tvcg.2024.3456298"", ""10.1109/tvcg.2024.3456370"", ""10.1109/tvcg.2024.3456406"", ""10.1109/tvcg.2024.3456598""]"
A5066348455,1,30.0,0,M. L. Mays,"[""10.1109/scivis.2015.7429487""]"
A5066351376,1,0.0,0,E. Jurrus,"[""10.1109/visual.2000.885738""]"
A5066369450,4,68.0,1,Weikai Yang,"[""10.1109/tvcg.2023.3326588"", ""10.1109/tvcg.2023.3326934"", ""10.1109/tvcg.2024.3456386"", ""10.1109/vast50239.2020.00007""]"
A5066379340,1,5.0,0,C.l. Bajaj,"[""10.1109/visual.2002.1183820""]"
A5066384533,1,16.0,0,Jeroen Poblome,"[""10.1109/tvcg.2022.3209436""]"
A5066432601,1,27.0,0,Rudolf Benedik,"[""10.1109/vast.2012.6400556""]"
A5066452819,1,47.0,0,Emmanuel Frécon,"[""10.1109/infvis.1998.729553""]"
A5066479023,1,7.0,0,Yumian Cui,"[""10.1109/tvcg.2022.3209422""]"
A5066489048,1,14.0,0,Benjamin T. Readshaw,"[""10.1109/vast47406.2019.8986934""]"
A5066496299,2,20.0,0,Zekai Shao,"[""10.1109/tvcg.2023.3327353"", ""10.1109/tvcg.2024.3456145""]"
A5066502063,1,81.0,0,André Skupin,"[""10.1109/infvis.2000.885095""]"
A5066527489,1,41.0,0,Xuejun Hao,"[""10.1109/visual.2004.62""]"
A5066551739,1,35.0,1,Nico T. Mutters,"[""10.1109/tvcg.2020.3030437""]"
A5066553010,1,68.0,0,Stephen M. Smith,"[""10.1109/tvcg.2009.177""]"
A5066572455,1,0.0,0,Adrian Freed,"[""10.1109/visual.1998.745338""]"
A5066582909,1,8.0,0,Constantine Pavlakos,"[""10.1109/visual.1996.568133""]"
A5066590358,2,69.0,0,H. Towles,"[""10.1109/visual.2000.885684"", ""10.1109/visual.2000.885712""]"
A5066610665,1,25.0,0,Jan‐tobias Sohns,"[""10.1109/tvcg.2021.3114870""]"
A5066639486,2,3.0,0,Andreas Hinterreiter,"[""10.1109/tvcg.2023.3326936"", ""10.1109/tvcg.2024.3456347""]"
A5066653225,1,1.0,0,Simon D. Duque Antón,"[""10.1109/tvcg.2021.3114687""]"
A5066723434,1,4.0,0,K.w. Bedford,"[""10.1109/visual.1990.146382""]"
A5066743992,1,117.0,0,Maik Keller,"[""10.1109/tvcg.2006.148""]"
A5066760437,1,4.0,0,M.s. Atkins,"[""10.1109/visual.1998.745334""]"
A5066767949,1,255.0,0,Alison R. Mercer,"[""10.1109/tvcg.2010.181""]"
A5066809273,1,16.0,0,Florian Foerster,"[""10.1109/tvcg.2014.2346444""]"
A5066821697,1,22.0,0,Dan J. Thoma,"[""10.1109/tvcg.2007.70543""]"
A5066844464,1,3.0,0,M.o. Ward,"[""10.1109/visual.1991.175797""]"
A5066851412,1,0.0,0,Yansong Chua,"[""10.1109/tvcg.2024.3456375""]"
A5066854463,1,41.0,1,Marek Behr,"[""10.1109/tvcg.2008.142""]"
A5066876119,1,62.0,0,Katharine Coles,"[""10.1109/tvcg.2015.2467811""]"
A5066881473,1,154.0,0,Li Yu,"[""10.1109/tvcg.2013.162""]"
A5066884090,1,93.0,0,A. Roman,"[""10.1109/visual.2004.50""]"
A5066904286,1,49.0,0,Cheng Deng,"[""10.1109/tvcg.2016.2599058""]"
A5066910344,1,23.0,0,Mark Last,"[""10.1109/vast.2008.4677359""]"
A5066917584,1,11.0,1,Abdul Rahman Shaikh,"[""10.1109/tvcg.2021.3114801""]"
A5066927815,4,236.0,0,Rosane Minghim,"[""10.1109/tvcg.2008.138"", ""10.1109/tvcg.2011.212"", ""10.1109/vast.2007.4389002"", ""10.1109/visual.1995.480802""]"
A5066997182,1,31.0,0,Shengjie Gao,"[""10.1109/tvcg.2019.2934671""]"
A5067032784,1,59.0,0,Hiroko Nakamura Miyamura,"[""10.1109/infvis.2005.1532144""]"
A5067038712,1,276.0,0,Ulrich Clarenz,"[""10.1109/visual.2000.885721""]"
A5067050903,1,38.0,0,Lijing Lin,"[""10.1109/vast.2017.8585638""]"
A5067074940,1,19.0,0,Bernd Sevenich,"[""10.1109/visual.2001.964521""]"
A5067091709,1,20.0,0,Deborah R. Wahl,"[""10.1109/vast.2018.8802486""]"
A5067150602,2,66.0,0,Feng Qiu,"[""10.1109/tvcg.2007.70573"", ""10.1109/visual.2004.24""]"
A5067163020,1,74.0,0,Eugene J. Lengerich,"[""10.1109/infvis.2003.1249006""]"
A5067200501,1,18.0,0,Scott Paulson,"[""10.1109/visual.1997.663923""]"
A5067203735,1,26.0,0,M. Mccool,"[""10.1109/visual.1995.480790""]"
A5067212091,4,187.0,0,Alark Joshi,"[""10.1109/tvcg.2007.70599"", ""10.1109/tvcg.2008.123"", ""10.1109/tvcg.2008.150"", ""10.1109/visual.2005.1532857""]"
A5067224066,2,246.0,0,Joachim Heinrich,"[""10.1109/tvcg.2009.131"", ""10.1109/tvcg.2011.193""]"
A5067251509,1,36.0,1,Inbal Ronen,"[""10.1109/vast.2011.6102443""]"
A5067262667,1,9.0,0,Christopher White,"[""10.1109/tvcg.2017.2745180""]"
A5067273223,1,46.0,0,Uwe Mikolajewicz,"[""10.1109/tvcg.2009.197""]"
A5067274220,7,693.0,0,Marian Dörk,"[""10.1109/tvcg.2008.175"", ""10.1109/tvcg.2010.129"", ""10.1109/tvcg.2012.252"", ""10.1109/tvcg.2015.2467717"", ""10.1109/tvcg.2023.3327185"", ""10.1109/tvcg.2024.3456334"", ""10.1109/vast.2014.7042483""]"
A5067299224,1,6.0,0,M.h. Brown,"[""10.1109/visual.1994.346323""]"
A5067299655,2,75.0,0,Peiying Zhang,"[""10.1109/tvcg.2019.2934806"", ""10.1109/tvcg.2020.3030343""]"
A5067352490,3,72.0,1,Kalyan Veeramachaneni,"[""10.1109/tvcg.2021.3114836"", ""10.1109/tvcg.2021.3114864"", ""10.1109/vast.2016.7883517""]"
A5067399018,2,1.0,0,Nikolaus Piccolotto,"[""10.1109/tvcg.2023.3327203"", ""10.1109/tvcg.2024.3456314""]"
A5067400866,1,118.0,0,Andrea J. Liu,"[""10.1109/tvcg.2018.2865040""]"
A5067406221,1,18.0,0,Jürgen Pleiss,"[""10.1109/tvcg.2016.2598824""]"
A5067409217,2,12.0,0,Simon Wildermuth,"[""10.1109/visual.2001.964548"", ""10.1109/visual.2001.964564""]"
A5067409391,1,6.0,0,M. Mlejnek,"[""10.1109/visual.2005.1532847""]"
A5067411932,1,39.0,0,Zexian Chen,"[""10.1109/vast50239.2020.00006""]"
A5067426492,1,12.0,0,Leslie Carr,"[""10.1109/visual.1999.809927""]"
A5067436265,1,7.0,0,Bangxin Li,"[""10.1109/infvis.2005.1532132""]"
A5067447713,1,353.0,1,Alexander Savelyev,"[""10.1109/vast.2011.6102456""]"
A5067456877,6,235.0,0,Greg Turk,"[""10.1109/visual.1998.745314"", ""10.1109/visual.2000.885723"", ""10.1109/visual.2002.1183784"", ""10.1109/visual.2003.1250376"", ""10.1109/visual.2003.1250399"", ""10.1109/visual.2004.99""]"
A5067457861,1,27.0,0,Eli Packer,"[""10.1109/tvcg.2013.224""]"
A5067465930,1,4.0,0,B.l. Tierney,"[""10.1109/visual.1991.175834""]"
A5067525108,1,21.0,0,Harry Li,"[""10.1109/tvcg.2023.3326904""]"
A5067529252,2,35.0,0,Oliver Van Kaick,"[""10.1109/tvcg.2019.2934799"", ""10.1109/tvcg.2022.3209481""]"
A5067567951,1,40.0,0,Leslie Wu,"[""10.1109/tvcg.2008.178""]"
A5067621853,1,49.0,0,Alon Halevy,"[""10.1109/tvcg.2007.70617""]"
A5067631224,6,194.0,0,Mike Sips,"[""10.1109/infvis.2004.57"", ""10.1109/tvcg.2006.198"", ""10.1109/tvcg.2012.191"", ""10.1109/tvcg.2014.2346751"", ""10.1109/tvcg.2017.2744686"", ""10.1109/vast.2006.261423""]"
A5067696548,1,0.0,0,Rebecca Nowak,"[""10.1109/tvcg.2020.3030409""]"
A5067702248,1,56.0,0,Qiaoan Chen,"[""10.1109/vast.2018.8802454""]"
A5067708245,3,69.0,0,G.m. Nielson,"[""10.1109/visual.1997.663871"", ""10.1109/visual.1997.663886"", ""10.1109/visual.1998.745318""]"
A5067716657,1,3.0,0,Geoffrey P. Bingham,"[""10.1109/infvis.2002.1173147""]"
A5067722075,2,179.0,0,Enamul Hoque,"[""10.1109/tvcg.2017.2744684"", ""10.1109/tvcg.2019.2934431""]"
A5067734926,1,31.0,0,Natallia Kotava,"[""10.1109/tvcg.2011.159""]"
A5067753398,2,25.0,0,Jianguang Weng,"[""10.1109/tvcg.2012.242"", ""10.1109/tvcg.2014.2346425""]"
A5067755451,1,15.0,0,William H. Alexander,"[""10.1109/tvcg.2020.3030449""]"
A5067791733,4,204.0,0,Yasuhiro Takeshima,"[""10.1109/infvis.2000.885093"", ""10.1109/visual.1997.663889"", ""10.1109/visual.1999.809932"", ""10.1109/visual.2005.1532834""]"
A5067806552,1,18.0,0,Sanjeev Balakrishnan,"[""10.1109/tvcg.2016.2598898""]"
A5067806910,1,22.0,0,Brant K. Peterson,"[""10.1109/tvcg.2015.2467911""]"
A5067811410,2,77.0,0,Haleh Hagh Shenas,"[""10.1109/infvis.2003.1249022"", ""10.1109/tvcg.2007.70623""]"
A5067812040,1,0.0,0,Walter Fontana,"[""10.1109/tvcg.2017.2745280""]"
A5067830242,3,16.0,1,Katarína Furmanová,"[""10.1109/tvcg.2019.2934333"", ""10.1109/tvcg.2022.3209411"", ""10.1109/tvcg.2024.3456401""]"
A5067833205,1,3.0,0,Sebastian Cmentowski,"[""10.1109/tvcg.2019.2934370""]"
A5067836089,1,39.0,0,Haibo Dong,"[""10.1109/tvcg.2011.260""]"
A5067850699,1,4.0,0,Yu‐kun Lai,"[""10.1109/tvcg.2023.3326932""]"
A5067858887,14,283.0,1,Cindy Xiong,"[""10.1109/tvcg.2019.2934399"", ""10.1109/tvcg.2019.2934400"", ""10.1109/tvcg.2020.3029413"", ""10.1109/tvcg.2020.3030422"", ""10.1109/tvcg.2021.3114823"", ""10.1109/tvcg.2022.3209377"", ""10.1109/tvcg.2022.3209405"", ""10.1109/tvcg.2022.3209456"", ""10.1109/tvcg.2022.3209467"", ""10.1109/tvcg.2023.3326512"", ""10.1109/tvcg.2023.3326579"", ""10.1109/tvcg.2023.3327192"", ""10.1109/tvcg.2024.3456378"", ""10.1109/tvcg.2024.3456405""]"
A5067871964,1,3.0,0,Il Hyo Jung,"[""10.1109/visual.1998.745318""]"
A5067876179,1,41.0,0,R. Kevin Mccabe,"[""10.1109/visual.1990.146360""]"
A5067882992,1,35.0,0,Areti Manataki,"[""10.1109/tvcg.2023.3327378""]"
A5067898673,1,17.0,0,John J. Socha,"[""10.1109/scivis.2015.7429485""]"
A5067921828,1,0.0,0,K. Voegele,"[""10.1109/visual.1990.146396""]"
A5067935131,1,8.0,0,Abraham Kupfer,"[""10.1109/visual.1996.568133""]"
A5067957455,1,32.0,0,Jean Pierre Paris,"[""10.1109/infvis.2000.885104""]"
A5067970551,1,29.0,0,N.d. Gershon,"[""10.1109/visual.1992.235199""]"
A5067973188,1,58.0,0,Ramsay Dyer,"[""10.1109/visual.2004.65""]"
A5068008545,22,1539.0,5,Jessica Hullman,"[""10.1109/tvcg.2011.175"", ""10.1109/tvcg.2011.255"", ""10.1109/tvcg.2013.119"", ""10.1109/tvcg.2017.2743898"", ""10.1109/tvcg.2017.2744198"", ""10.1109/tvcg.2017.2745240"", ""10.1109/tvcg.2018.2864889"", ""10.1109/tvcg.2018.2864909"", ""10.1109/tvcg.2019.2934287"", ""10.1109/tvcg.2019.2934399"", ""10.1109/tvcg.2020.3028984"", ""10.1109/tvcg.2020.3030335"", ""10.1109/tvcg.2021.3114679"", ""10.1109/tvcg.2021.3114782"", ""10.1109/tvcg.2021.3114824"", ""10.1109/tvcg.2021.3114842"", ""10.1109/tvcg.2023.3326513"", ""10.1109/tvcg.2023.3326516"", ""10.1109/tvcg.2023.3326583"", ""10.1109/tvcg.2023.3326591"", ""10.1109/tvcg.2023.3327356"", ""10.1109/tvcg.2024.3456402""]"
A5068010140,1,70.0,0,Offir Remez,"[""10.1109/visual.1999.10189410""]"
A5068022404,1,8.0,0,Francis Kilian,"[""10.1109/tvcg.2020.3030388""]"
A5068043486,4,92.0,0,Hanghang Tong,"[""10.1109/tvcg.2016.2598472"", ""10.1109/tvcg.2020.3028958"", ""10.1109/tvcg.2021.3114850"", ""10.1109/tvcg.2023.3326925""]"
A5068076769,5,196.0,0,Ruediger Westermann,"[""10.1109/tvcg.2008.120"", ""10.1109/tvcg.2009.154"", ""10.1109/tvcg.2009.184"", ""10.1109/tvcg.2010.169"", ""10.1109/visual.2000.885688""]"
A5068080620,1,5.0,1,Yifan Qian,"[""10.1109/tvcg.2023.3327387""]"
A5068085968,1,129.0,0,Brandon Heller,"[""10.1109/tvcg.2011.190""]"
A5068088058,1,10.0,0,Stefan Eilemann,"[""10.1109/visual.2005.1532786""]"
A5068097374,1,59.0,0,P. Alliezy,"[""10.1109/visual.2005.1532832""]"
A5068100112,1,76.0,0,Ethan Kerzner,"[""10.1109/tvcg.2018.2865241""]"
A5068115280,1,8.0,0,Lynette Hirschman,"[""10.1109/infvis.1995.528693""]"
A5068157871,1,18.0,0,Nitesh V. Chawla,"[""10.1109/tvcg.2018.2864808""]"
A5068161656,3,48.0,0,Layne T. Watson,"[""10.1109/tvcg.2012.258"", ""10.1109/visual.1998.745351"", ""10.1109/visual.1999.809921""]"
A5068182445,1,46.0,0,Whitney K. Huang,"[""10.1109/vast.2012.6400491""]"
A5068183954,1,11.0,1,Michael L. Rivera,"[""10.1109/tvcg.2023.3327198""]"
A5068184256,1,30.0,0,Pedro Szekely,"[""10.1109/vast.2010.5652890""]"
A5068206659,1,0.0,0,Brian Mayer,"[""10.1109/tvcg.2024.3456143""]"
A5068233377,1,13.0,0,Patrick Degener,"[""10.1109/tvcg.2008.124""]"
A5068236602,1,11.0,0,Michael W. Czabaj,"[""10.1109/tvcg.2019.2934620""]"
A5068312712,1,37.0,0,Evatt R. Hawkes,"[""10.1109/tvcg.2011.199""]"
A5068325176,1,1.0,0,D. Varnadore,"[""10.1109/visual.1991.175838""]"
A5068340439,1,1.0,1,Kushin Mukherjee,"[""10.1109/tvcg.2021.3114780""]"
A5068342498,1,59.0,0,Dan Adams,"[""10.1109/infvis.2003.1249014""]"
A5068352067,1,96.0,0,Thomas Grechenig,"[""10.1109/tvcg.2012.221""]"
A5068366580,3,67.0,1,Max Sondag,"[""10.1109/tvcg.2017.2745140"", ""10.1109/tvcg.2020.3028953"", ""10.1109/tvcg.2023.3326576""]"
A5068367960,3,10.0,0,Paul Chapman,"[""10.1109/visual.1998.745348"", ""10.1109/visual.1999.809926"", ""10.1109/visual.2000.885743""]"
A5068372464,1,29.0,0,Claurissa J. Tuttle,"[""10.1109/tvcg.2010.185""]"
A5068373092,3,71.0,0,Thomas Sprenger,"[""10.1109/infvis.1997.636759"", ""10.1109/infvis.1998.729562"", ""10.1109/visual.2000.885677""]"
A5068397167,1,37.0,0,Andrei Hutanu,"[""10.1109/visual.2004.51""]"
A5068399763,1,14.0,0,Thomas Kamps,"[""10.1109/infvis.1995.528681""]"
A5068407611,1,69.0,0,Eric Hoffman,"[""10.1109/infvis.1996.559226""]"
A5068425605,4,260.0,0,T.a. Keahey,"[""10.1109/infvis.1996.559214"", ""10.1109/infvis.1997.636786"", ""10.1109/infvis.1998.729558"", ""10.1109/infvis.2002.1173163""]"
A5068438408,1,13.0,0,G. Albertelli,"[""10.1109/visual.1997.663885""]"
A5068438875,4,136.0,2,William E. Lorensen,"[""10.1109/visual.1992.235205"", ""10.1109/visual.1993.398878"", ""10.1109/visual.1993.398902"", ""10.1109/visual.1994.346339""]"
A5068490260,1,7.0,0,Yansong Huang,"[""10.1109/tvcg.2023.3326921""]"
A5068502851,1,23.0,0,Jeremy Millar,"[""10.1109/tvcg.2017.2744418""]"
A5068526974,22,566.0,1,Yunhai Wang,"[""10.1109/scivis.2015.7429488"", ""10.1109/tvcg.2017.2745859"", ""10.1109/tvcg.2017.2745919"", ""10.1109/tvcg.2018.2864911"", ""10.1109/tvcg.2018.2864912"", ""10.1109/tvcg.2018.2865020"", ""10.1109/tvcg.2018.2865266"", ""10.1109/tvcg.2019.2934541"", ""10.1109/tvcg.2019.2934783"", ""10.1109/tvcg.2019.2934796"", ""10.1109/tvcg.2019.2934805"", ""10.1109/tvcg.2020.3030368"", ""10.1109/tvcg.2020.3030404"", ""10.1109/tvcg.2020.3030406"", ""10.1109/tvcg.2021.3114694"", ""10.1109/tvcg.2021.3114765"", ""10.1109/tvcg.2021.3114834"", ""10.1109/tvcg.2021.3114880"", ""10.1109/tvcg.2022.3209371"", ""10.1109/tvcg.2022.3209450"", ""10.1109/tvcg.2023.3327149"", ""10.1109/tvcg.2023.3327354""]"
A5068562407,1,47.0,0,John A. Guerra‐gomez,"[""10.1109/tvcg.2013.231""]"
A5068628473,1,1.0,0,V. Kindratenko,"[""10.1109/visual.2005.1532791""]"
A5068628707,1,70.0,0,Ivan Maruŝiĉ,"[""10.1109/visual.2003.1250362""]"
A5068634259,1,33.0,0,Joel A. Ferstay,"[""10.1109/tvcg.2013.214""]"
A5068638895,4,80.0,0,H.‐g. Pagendarm,"[""10.1109/visual.1994.346329"", ""10.1109/visual.1996.568140"", ""10.1109/visual.1998.745333"", ""10.1109/visual.1999.809917""]"
A5068640078,1,103.0,0,Anna Barford,"[""10.1109/tvcg.2006.202""]"
A5068697849,1,79.0,0,D. Weiskopf,"[""10.1109/visual.2004.59""]"
A5068712059,1,6.0,0,Allen Mcpherson,"[""10.1109/visual.1998.745346""]"
A5068726823,1,83.0,0,Dohyung Kim,"[""10.1109/tvcg.2009.164""]"
A5068728742,1,4.0,0,Dwayne R. Westenskow,"[""10.1109/visual.2003.1250352""]"
A5068739413,1,61.0,0,Marcus J. Dostie,"[""10.1109/tvcg.2013.193""]"
A5068745544,1,12.0,0,Kaoji Xu,"[""10.1109/tvcg.2018.2864827""]"
A5068761590,1,29.0,0,Michael A. Bender,"[""10.1109/visual.2000.885675""]"
A5068784452,1,55.0,0,Katy Börner,"[""10.1109/tvcg.2014.2346422""]"
A5068799512,13,1464.0,0,Nathalie Henry Riche,"[""10.1109/tvcg.2010.194"", ""10.1109/tvcg.2010.210"", ""10.1109/tvcg.2011.251"", ""10.1109/tvcg.2012.204"", ""10.1109/tvcg.2012.252"", ""10.1109/tvcg.2012.275"", ""10.1109/tvcg.2013.119"", ""10.1109/tvcg.2013.151"", ""10.1109/tvcg.2016.2598647"", ""10.1109/tvcg.2016.2598958"", ""10.1109/tvcg.2017.2745180"", ""10.1109/tvcg.2018.2865191"", ""10.1109/tvcg.2021.3114849""]"
A5068805525,4,185.0,0,Kai Xu,"[""10.1109/tvcg.2012.189"", ""10.1109/tvcg.2013.132"", ""10.1109/tvcg.2015.2467611"", ""10.1109/vast.2016.7883515""]"
A5068819751,1,56.0,0,Marta Kersten‐oertel,"[""10.1109/tvcg.2006.139""]"
A5068843624,1,32.0,0,Jung‐hong Chuang,"[""10.1109/vast.2017.8585594""]"
A5068887375,1,41.0,1,M. Probst,"[""10.1109/tvcg.2008.142""]"
A5068901197,1,4.0,0,V.l. Jacobson,"[""10.1109/visual.1991.175834""]"
A5068935138,1,64.0,1,Nanxiang Li,"[""10.1109/tvcg.2020.3030350""]"
A5068955789,2,49.0,0,Laurent Castanié,"[""10.1109/tvcg.2006.135"", ""10.1109/visual.2005.1532802""]"
A5068987191,1,11.0,1,Marcus O.w. Grimm,"[""10.1109/visual.1994.346294""]"
A5068995314,2,62.0,0,Yves D. Jean,"[""10.1109/visual.1995.485157"", ""10.1109/visual.2001.964496""]"
A5069003426,1,39.0,0,Uli Niemann,"[""10.1109/tvcg.2015.2468291""]"
A5069020320,1,114.0,0,Julian Stahnke,"[""10.1109/tvcg.2015.2467717""]"
A5069045598,1,28.0,0,Wolf Spindler,"[""10.1109/visual.2002.1183752""]"
A5069050676,1,3.0,0,A.e. Mynett,"[""10.1109/visual.1995.485158""]"
A5069058817,1,38.0,0,Xiaoliang Zhao,"[""10.1109/visual.2002.1183816""]"
A5069061531,3,73.0,0,Harsh Bhatia,"[""10.1109/tvcg.2018.2864853"", ""10.1109/tvcg.2019.2934594"", ""10.1109/tvcg.2020.3030381""]"
A5069073490,1,53.0,0,Madelaine Daianu,"[""10.1109/tvcg.2016.2598472""]"
A5069089076,1,24.0,0,Christophe Lenglet,"[""10.1109/tvcg.2019.2934260""]"
A5069091804,1,2.0,0,B. Olstad,"[""10.1109/visual.1991.175802""]"
A5069122334,1,109.0,1,Kori Inkpen,"[""10.1109/vast.2010.5652880""]"
A5069124257,3,27.0,0,Frank Zeilfelder,"[""10.1109/visual.2001.964530"", ""10.1109/visual.2003.1250399"", ""10.1109/visual.2005.1532816""]"
A5069141892,1,5.0,0,Suting Hong,"[""10.1109/tvcg.2022.3209351""]"
A5069151044,1,20.0,0,M.f. Webster,"[""10.1109/visual.2002.1183790""]"
A5069169190,1,19.0,0,F. S. Nooruddin,"[""10.1109/visual.2000.885723""]"
A5069196767,1,1.0,0,Greg Finak,"[""10.1109/tvcg.2024.3456370""]"
A5069201086,1,61.0,0,Nathan D. Winters,"[""10.1109/tvcg.2016.2598588""]"
A5069204507,2,38.0,0,Xiaoming Wei,"[""10.1109/visual.2003.1250382"", ""10.1109/visual.2004.24""]"
A5069231162,1,8.0,0,A.v. Nelson,"[""10.1109/visual.1991.175800""]"
A5069232944,3,98.0,1,Søren Knudsen,"[""10.1109/tvcg.2013.166"", ""10.1109/tvcg.2019.2934538"", ""10.1109/tvcg.2023.3327378""]"
A5069237103,1,49.0,0,Adam Bradley,"[""10.1109/tvcg.2019.2934790""]"
A5069238142,1,90.0,0,Hausi Müller,"[""10.1109/infvis.1997.636784""]"
A5069258780,1,81.0,0,Michael Brooks,"[""10.1109/vast.2015.7347637""]"
A5069276789,2,130.0,0,Harinarayan Krishnan,"[""10.1109/tvcg.2008.133"", ""10.1109/tvcg.2009.190""]"
A5069325685,1,0.0,0,K. Morla,"[""10.1109/visual.1996.568132""]"
A5069345038,1,2.0,0,Peter Cahoon,"[""10.1109/visual.1997.663855""]"
A5069353502,1,12.0,0,Jianwei Yin,"[""10.1109/tvcg.2023.3327148""]"
A5069354316,1,26.0,0,W. Heidrich,"[""10.1109/visual.1995.480790""]"
A5069361331,1,20.0,0,Yun Wang,"[""10.1109/tvcg.2018.2864887""]"
A5069363449,1,17.0,0,Xumeng Wang,"[""10.1109/tvcg.2022.3209391""]"
A5069364285,2,33.0,0,Gabriel Mistelbauer,"[""10.1109/tvcg.2013.215"", ""10.1109/vast.2012.6400555""]"
A5069370648,1,70.0,0,Daniel Fink,"[""10.1109/tvcg.2011.176""]"
A5069394495,1,29.0,0,Anushiya Arunan,"[""10.1109/vast.2015.7347630""]"
A5069422375,1,4.0,0,Y. Zhang,"[""10.1109/visual.2003.1250352""]"
A5069428198,2,151.0,0,Peter Kohlmann,"[""10.1109/tvcg.2006.148"", ""10.1109/tvcg.2007.70576""]"
A5069432916,1,33.0,0,David Turo,"[""10.1109/visual.1992.235217""]"
A5069438601,1,261.0,1,Mark Gahegan,"[""10.1109/tvcg.2012.279""]"
A5069465197,1,44.0,0,Paula Pfeifle,"[""10.1109/visual.1996.567595""]"
A5069520656,1,0.0,0,R.l. Phillips,"[""10.1109/visual.1990.146399""]"
A5069553149,1,3.0,1,Cullen D. Jackson,"[""10.1109/tvcg.2024.3456377""]"
A5069561569,2,30.0,0,Natkamon Tovanich,"[""10.1109/tvcg.2021.3114787"", ""10.1109/tvcg.2021.3114821""]"
A5069573218,1,12.0,0,Foroozan Daneshzand,"[""10.1109/tvcg.2022.3209365""]"
A5069593762,2,72.0,1,Eric A. Bier,"[""10.1109/vast.2008.4677362"", ""10.1109/vast.2011.6102463""]"
A5069593831,1,7.0,0,Craig Burton,"[""10.1109/infvis.1995.528695""]"
A5069603364,1,43.0,0,Dmitry A. Storchak,"[""10.1109/tvcg.2016.2599214""]"
A5069605631,1,32.0,0,David G. C. Hildebrand,"[""10.1109/tvcg.2014.2346322""]"
A5069607494,3,14.0,0,Kay A. Robbins,"[""10.1109/visual.1998.745306"", ""10.1109/visual.2000.885725"", ""10.1109/visual.2004.121""]"
A5069623056,1,15.0,0,Senthil Chandrasegaran,"[""10.1109/tvcg.2020.3030385""]"
A5069654367,1,5.0,0,Yannick Assogba,"[""10.1109/tvcg.2024.3456371""]"
A5069671253,1,62.0,0,Peter Macko,"[""10.1109/tvcg.2013.155""]"
A5069672953,1,43.0,0,Emanuel Zgraggen,"[""10.1109/tvcg.2014.2346293""]"
A5069699303,1,14.0,0,Dirk A. Lorenz,"[""10.1109/tvcg.2012.281""]"
A5069708834,1,44.0,0,Volker Klemann,"[""10.1109/tvcg.2012.190""]"
A5069713271,1,87.0,0,Björn Krüger,"[""10.1109/tvcg.2013.178""]"
A5069735203,1,3.0,0,W. Smith,"[""10.1109/visual.1994.346310""]"
A5069793576,2,639.0,1,V.l. Crow,"[""10.1109/infvis.1995.528686"", ""10.1109/infvis.2005.1532133""]"
A5069794837,1,166.0,0,Benjamin Hoover,"[""10.1109/tvcg.2022.3209479""]"
A5069796262,1,8.0,0,T. Schafhitzel,"[""10.1109/visual.2005.1532845""]"
A5069800147,2,74.0,0,Jiřı́ Hladůvka,"[""10.1109/tvcg.2009.121"", ""10.1109/visual.2002.1183812""]"
A5069807913,1,11.0,0,Jordi Ventosa Molina,"[""10.1109/tvcg.2019.2934367""]"
A5069812590,1,134.0,1,Jeff Senn,"[""10.1109/infvis.1996.559210""]"
A5069832903,1,8.0,0,P.l. Nunez,"[""10.1109/visual.1991.175800""]"
A5069853790,3,87.0,0,Doug A. Bowman,"[""10.1109/scivis.2015.7429485"", ""10.1109/tvcg.2007.70544"", ""10.1109/tvcg.2008.126""]"
A5069861564,2,38.0,0,Koji Koyamada,"[""10.1109/tvcg.2020.3028956"", ""10.1109/visual.1996.568123""]"
A5069863105,1,12.0,0,C. Henze,"[""10.1109/visual.1999.809864""]"
A5069865106,1,6.0,0,Qiangqiang Liu,"[""10.1109/tvcg.2022.3209463""]"
A5069869295,1,22.0,0,Dawei Cheng,"[""10.1109/vast50239.2020.00013""]"
A5069909173,1,9.0,0,Brock A. Wester,"[""10.1109/tvcg.2023.3327388""]"
A5069909357,1,75.0,0,Sabrina Bresciani,"[""10.1109/tvcg.2009.188""]"
A5069923620,6,163.0,0,Rahul C. Basole,"[""10.1109/tvcg.2013.209"", ""10.1109/tvcg.2017.2744843"", ""10.1109/tvcg.2018.2864526"", ""10.1109/tvcg.2018.2864886"", ""10.1109/tvcg.2018.2865151"", ""10.1109/vast.2018.8802415""]"
A5069933095,1,3.0,0,Ji‐hee Sung,"[""10.1109/visual.1998.745318""]"
A5069933365,2,64.0,1,Mengdi Sun,"[""10.1109/tvcg.2022.3209428"", ""10.1109/tvcg.2022.3209486""]"
A5069939725,3,52.0,0,Stefan Lindholm,"[""10.1109/tvcg.2010.195"", ""10.1109/tvcg.2012.203"", ""10.1109/tvcg.2014.2346351""]"
A5069943922,1,0.0,0,Kathleen C. Howell,"[""10.1109/tvcg.2020.3030402""]"
A5069974313,6,382.0,1,Jonathan Woodring,"[""10.1109/tvcg.2006.164"", ""10.1109/tvcg.2013.133"", ""10.1109/tvcg.2015.2467411"", ""10.1109/tvcg.2016.2598876"", ""10.1109/tvcg.2022.3209413"", ""10.1109/visual.2003.1250402""]"
A5069999967,3,223.0,0,Herbert Edelsbrunner,"[""10.1109/tvcg.2010.139"", ""10.1109/visual.2003.1250365"", ""10.1109/visual.2004.68""]"
A5070010340,1,14.0,0,James T. Enns,"[""10.1109/visual.1998.745292""]"
A5070017368,1,17.0,0,Jason Wiese,"[""10.1109/tvcg.2021.3114798""]"
A5070054672,1,49.0,0,Bart D. Peters,"[""10.1109/visual.2005.1532778""]"
A5070061774,3,1575.0,2,Kanit Wongsuphasawat,"[""10.1109/tvcg.2015.2467191"", ""10.1109/tvcg.2016.2599030"", ""10.1109/tvcg.2017.2744878""]"
A5070075266,1,6.0,0,Huayuan Ye,"[""10.1109/tvcg.2023.3326597""]"
A5070100758,4,270.0,0,Yi‐jen Chiang,"[""10.1109/tvcg.2009.160"", ""10.1109/visual.1997.663895"", ""10.1109/visual.1998.745299"", ""10.1109/visual.2003.1250375""]"
A5070138738,1,6.0,0,P. Mackerras,"[""10.1109/visual.1993.398879""]"
A5070145454,1,1.0,0,Viswanath Aluru,"[""10.1109/tvcg.2019.2934280""]"
A5070145952,1,28.0,0,James Vanderhyde,"[""10.1109/visual.2003.1250356""]"
A5070162998,4,282.0,0,Bernhard Jenny,"[""10.1109/tvcg.2012.192"", ""10.1109/tvcg.2018.2865192"", ""10.1109/tvcg.2020.3030450"", ""10.1109/tvcg.2020.3030456""]"
A5070173161,1,4.0,0,Matthew C. Humphrey,"[""10.1109/visual.2000.885676""]"
A5070181158,1,40.0,0,Jincheng Jiang,"[""10.1109/tvcg.2020.3030410""]"
A5070188725,1,46.0,0,Shizhao Sun,"[""10.1109/tvcg.2020.3030448""]"
A5070235827,1,83.0,0,A. Kyker,"[""10.1109/tvcg.2009.164""]"
A5070284079,2,301.0,0,Bruce H. Thomas,"[""10.1109/tvcg.2016.2599107"", ""10.1109/tvcg.2019.2934803""]"
A5070293533,1,45.0,0,G.n. Phillips,"[""10.1109/tvcg.2009.168""]"
A5070297369,1,28.0,0,Trenton C. Pulsipher,"[""10.1109/tvcg.2013.138""]"
A5070324349,1,28.0,0,Adrian Maries,"[""10.1109/tvcg.2013.161""]"
A5070355275,2,43.0,0,S. Stegmaier,"[""10.1109/visual.2005.1532799"", ""10.1109/visual.2005.1532830""]"
A5070362915,1,48.0,0,P. Cotture,"[""10.1109/infvis.1997.636789""]"
A5070375205,1,96.0,0,Junlin Liu,"[""10.1109/tvcg.2017.2744378""]"
A5070417318,1,1.0,0,X. Wu,"[""10.1109/visual.1992.235216""]"
A5070420968,1,51.0,0,Angela Mellema,"[""10.1109/vast.2007.4388994""]"
A5070422569,1,1.0,0,Jan Mičan,"[""10.1109/tvcg.2020.3030438""]"
A5070424474,1,266.0,1,Megan Monroe,"[""10.1109/tvcg.2013.200""]"
A5070427400,2,100.0,0,Tom Bobach,"[""10.1109/tvcg.2008.133"", ""10.1109/visual.2001.964506""]"
A5070430680,1,134.0,0,Kenney Ng,"[""10.1109/tvcg.2017.2745085""]"
A5070461768,1,49.0,0,Zhenhua Xu,"[""10.1109/tvcg.2020.3030471""]"
A5070470137,1,7.0,0,Peter Kochevar,"[""10.1109/visual.1993.398856""]"
A5070473813,1,18.0,0,Sandra Bringay,"[""10.1109/vast.2014.7042488""]"
A5070476541,1,126.0,0,Eston Schweickart,"[""10.1109/tvcg.2016.2598620""]"
A5070488104,1,117.0,0,Angelos Chatzimparmpas,"[""10.1109/tvcg.2020.3030352""]"
A5070490534,1,12.0,0,W. Krueger,"[""10.1109/visual.1990.146391""]"
A5070551319,3,88.0,0,David M. Krum,"[""10.1109/tvcg.2007.70544"", ""10.1109/tvcg.2008.126"", ""10.1109/visual.2002.1183802""]"
A5070554434,1,6.0,1,Minxin Cheng,"[""10.1109/tvcg.2014.2346412""]"
A5070561741,1,26.0,0,E. Fanea,"[""10.1109/infvis.2005.1532141""]"
A5070589478,1,31.0,0,David Santek,"[""10.1109/visual.1990.146361""]"
A5070654925,1,15.0,0,E.b. Lum,"[""10.1109/visual.2002.1183805""]"
A5070656779,1,61.0,0,M. Ewert,"[""10.1109/tvcg.2009.152""]"
A5070664464,1,265.0,0,Waqas Javed,"[""10.1109/tvcg.2010.162""]"
A5070664467,1,2.0,0,М. Б. Шнеерсон,"[""10.1109/visual.1997.663920""]"
A5070668582,1,8.0,0,Milo V. Kral,"[""10.1109/visual.1998.745350""]"
A5070670810,26,996.0,3,Klaus Mueller,"[""10.1109/tvcg.2007.70542"", ""10.1109/tvcg.2007.70573"", ""10.1109/tvcg.2008.118"", ""10.1109/tvcg.2010.211"", ""10.1109/tvcg.2011.218"", ""10.1109/tvcg.2013.190"", ""10.1109/tvcg.2015.2467552"", ""10.1109/tvcg.2015.2467931"", ""10.1109/tvcg.2016.2598479"", ""10.1109/tvcg.2018.2865026"", ""10.1109/tvcg.2022.3209361"", ""10.1109/tvcg.2022.3209392"", ""10.1109/tvcg.2022.3209484"", ""10.1109/vast.2006.261439"", ""10.1109/vast.2008.4677352"", ""10.1109/vast.2010.5652484"", ""10.1109/vast.2017.8585647"", ""10.1109/vast47406.2019.8986923"", ""10.1109/visual.1997.663848"", ""10.1109/visual.1997.663882"", ""10.1109/visual.1998.745309"", ""10.1109/visual.2003.1250388"", ""10.1109/visual.2003.1250403"", ""10.1109/visual.2004.24"", ""10.1109/visual.2004.70"", ""10.1109/visual.2005.1532818""]"
A5070679434,1,2.0,0,Nikolaos Karadimitriou,"[""10.1109/tvcg.2023.3326931""]"
A5070684680,5,126.0,0,Marcel Worring,"[""10.1109/tvcg.2020.3030383"", ""10.1109/tvcg.2020.3030408"", ""10.1109/vast.2010.5652398"", ""10.1109/vast.2011.6102451"", ""10.1109/vast.2014.7042476""]"
A5070761053,1,2.0,0,Sarah Schöttler,"[""10.1109/tvcg.2024.3456352""]"
A5070772234,1,141.0,0,Dieter W. Fellner,"[""10.1109/tvcg.2017.2744818""]"
A5070786820,1,53.0,0,Susanne K. Suter,"[""10.1109/tvcg.2011.214""]"
A5070786833,1,9.0,0,R. Mcdermott,"[""10.1109/visual.1996.568135""]"
A5070809474,1,6.0,0,H. G. Pagendarm,"[""10.1109/visual.1993.398894""]"
A5070883643,1,5.0,0,Anas Daghistani,"[""10.1109/vast50239.2020.00012""]"
A5070909977,1,55.0,0,Edwin De Jonge,"[""10.1109/tvcg.2014.2346277""]"
A5070927396,1,20.0,0,Tavi Murray,"[""10.1109/tvcg.2010.150""]"
A5070949080,1,4.0,0,E.m.m. Manders,"[""10.1109/visual.2000.885735""]"
A5070956346,7,304.0,1,Joshua A. Levine,"[""10.1109/tvcg.2012.286"", ""10.1109/tvcg.2014.2346434"", ""10.1109/tvcg.2017.2743938"", ""10.1109/tvcg.2019.2934338"", ""10.1109/tvcg.2022.3209395"", ""10.1109/tvcg.2024.3456345"", ""10.1109/tvcg.2024.3456355""]"
A5070966718,3,237.0,0,Guy Mélançon,"[""10.1109/infvis.2000.885090"", ""10.1109/infvis.2003.1249011"", ""10.1109/infvis.2004.47""]"
A5070975377,3,114.0,0,James Tompkin,"[""10.1109/tvcg.2016.2598518"", ""10.1109/tvcg.2018.2865138"", ""10.1109/tvcg.2020.3030366""]"
A5070997520,2,166.0,0,Edward L. Robertson,"[""10.1109/infvis.1996.559214"", ""10.1109/infvis.1997.636786""]"
A5071007779,3,54.0,1,Eunyee Koh,"[""10.1109/tvcg.2021.3114823"", ""10.1109/tvcg.2022.3209348"", ""10.1109/tvcg.2023.3327363""]"
A5071052343,2,66.0,0,Boris Jeremić,"[""10.1109/visual.2004.80"", ""10.1109/visual.2005.1532774""]"
A5071066797,7,388.0,0,Samuel Huron,"[""10.1109/tvcg.2013.227"", ""10.1109/tvcg.2014.2346292"", ""10.1109/tvcg.2015.2467831"", ""10.1109/tvcg.2017.2745958"", ""10.1109/tvcg.2019.2934534"", ""10.1109/tvcg.2019.2934790"", ""10.1109/tvcg.2023.3327378""]"
A5071070416,1,22.0,0,Ronnel B. King,"[""10.1109/visual.1998.745344""]"
A5071074745,1,8.0,0,S.k. Law,"[""10.1109/visual.1991.175800""]"
A5071094223,1,0.0,0,Takayuki Itoh,"[""10.1109/tvcg.2024.3456389""]"
A5071098711,2,37.0,0,Juri Buchmüller,"[""10.1109/tvcg.2018.2865049"", ""10.1109/tvcg.2020.3030386""]"
A5071098748,1,4.0,0,A.e. Kaufman,"[""10.1109/visual.2005.1532824""]"
A5071106803,1,27.0,0,Beresford Ν. Parlett,"[""10.1109/visual.2005.1532841""]"
A5071122261,1,15.0,0,Shantanu Singh,"[""10.1109/vast.2007.4388990""]"
A5071156124,1,19.0,0,Brian Barr,"[""10.1109/tvcg.2022.3209489""]"
A5071170000,1,6.0,0,Dominik Meier,"[""10.1109/visual.2003.1250424""]"
A5071180150,1,125.0,0,Isaac Dykeman,"[""10.1109/tvcg.2017.2744684""]"
A5071183334,2,45.0,0,Miguel Á. Otaduy,"[""10.1109/visual.2001.964526"", ""10.1109/visual.2004.37""]"
A5071220385,5,399.0,0,Hans Hagen,"[""10.1109/tvcg.2007.70551"", ""10.1109/tvcg.2007.70579"", ""10.1109/tvcg.2012.283"", ""10.1109/visual.2000.885716"", ""10.1109/visual.2001.964507""]"
A5071234214,4,272.0,0,Camilla Forsell,"[""10.1109/infvis.2005.1532137"", ""10.1109/tvcg.2011.224"", ""10.1109/tvcg.2012.237"", ""10.1109/tvcg.2015.2466992""]"
A5071275461,1,140.0,0,Patrick Fiaux,"[""10.1109/tvcg.2012.260""]"
A5071286871,1,19.0,0,Anja C. Schunke,"[""10.1109/tvcg.2015.2467198""]"
A5071340641,1,158.0,0,Andreas Lamprecht,"[""10.1109/tvcg.2017.2745181""]"
A5071356824,8,357.0,0,Aoyu Wu,"[""10.1109/tvcg.2019.2934656"", ""10.1109/tvcg.2020.3030396"", ""10.1109/tvcg.2020.3030423"", ""10.1109/tvcg.2021.3114826"", ""10.1109/tvcg.2022.3209360"", ""10.1109/tvcg.2022.3209468"", ""10.1109/tvcg.2023.3327163"", ""10.1109/tvcg.2023.3327170""]"
A5071390048,3,41.0,0,Martin Nöllenburg,"[""10.1109/tvcg.2020.3030475"", ""10.1109/tvcg.2021.3114795"", ""10.1109/tvcg.2022.3209485""]"
A5071409292,2,11.0,0,Yun Hsin Kuo,"[""10.1109/tvcg.2023.3327187"", ""10.1109/tvcg.2024.3456373""]"
A5071409576,1,50.0,0,A. Gay,"[""10.1109/visual.1993.398857""]"
A5071444700,2,95.0,0,Xiangtong Chu,"[""10.1109/tvcg.2020.3030392"", ""10.1109/tvcg.2022.3209388""]"
A5071520445,1,19.0,0,M. Hadwiger,"[""10.1109/tvcg.2009.115""]"
A5071520966,1,63.0,1,James L. Helman,"[""10.1109/visual.1990.146359""]"
A5071523897,1,27.0,0,László Szirmay‐kalos,"[""10.1109/visual.2003.1250406""]"
A5071545016,1,143.0,0,Benjamin Tissoires,"[""10.1109/tvcg.2009.145""]"
A5071560359,11,505.0,2,Ying Zhao,"[""10.1109/tvcg.2018.2864503"", ""10.1109/tvcg.2018.2865020"", ""10.1109/tvcg.2019.2934208"", ""10.1109/tvcg.2019.2934655"", ""10.1109/tvcg.2019.2934800"", ""10.1109/tvcg.2020.3030428"", ""10.1109/tvcg.2020.3030440"", ""10.1109/tvcg.2022.3209423"", ""10.1109/tvcg.2022.3209469"", ""10.1109/vast50239.2020.00011"", ""10.1109/vast50239.2020.00014""]"
A5071602354,1,12.0,0,Gerald M. Pao,"[""10.1109/tvcg.2020.3028956""]"
A5071641412,1,2.0,0,Arjun Choudhry,"[""10.1109/tvcg.2020.3030358""]"
A5071662958,1,32.0,1,Genghuai Bai,"[""10.1109/tvcg.2022.3209469""]"
A5071681891,12,810.0,3,Aidan Slingsby,"[""10.1109/tvcg.2007.70570"", ""10.1109/tvcg.2009.128"", ""10.1109/tvcg.2010.191"", ""10.1109/tvcg.2011.174"", ""10.1109/tvcg.2011.197"", ""10.1109/tvcg.2012.262"", ""10.1109/tvcg.2013.132"", ""10.1109/tvcg.2013.145"", ""10.1109/tvcg.2014.2346265"", ""10.1109/tvcg.2015.2467199"", ""10.1109/tvcg.2016.2598542"", ""10.1109/tvcg.2016.2598862""]"
A5071682938,1,0.0,0,S.j. Young,"[""10.1109/visual.1992.235177""]"
A5071706843,1,71.0,0,Tear Marie Green,"[""10.1109/vast.2010.5653587""]"
A5071723951,4,416.0,0,Halldór Janetzko,"[""10.1109/tvcg.2009.182"", ""10.1109/tvcg.2017.2745181"", ""10.1109/vast.2009.5333919"", ""10.1109/vast.2014.7042477""]"
A5071733793,1,67.0,0,Sasha Schriber,"[""10.1109/tvcg.2017.2744118""]"
A5071755113,1,425.0,1,Andreas Paepcke,"[""10.1109/tvcg.2012.219""]"
A5071758656,1,15.0,0,Harald Garcke,"[""10.1109/visual.2000.885715""]"
A5071777317,1,8.0,0,Rongzheng Bian,"[""10.1109/tvcg.2020.3030368""]"
A5071829277,1,10.0,0,Hee‐joon Bae,"[""10.1109/tvcg.2024.3456215""]"
A5071837282,1,38.0,0,Davood Rafiei,"[""10.1109/visual.2005.1532819""]"
A5071857918,1,66.0,0,W. De Leeuw,"[""10.1109/visual.1999.809907""]"
A5071892737,3,46.0,1,Ellen Yi–luen,"[""10.1109/infvis.2003.1249032"", ""10.1109/tvcg.2022.3209442"", ""10.1109/tvcg.2023.3327198""]"
A5071893913,2,84.0,0,Timothy Major,"[""10.1109/tvcg.2014.2346249"", ""10.1109/tvcg.2018.2865151""]"
A5071898071,19,832.0,2,Christoph Garth,"[""10.1109/tvcg.2007.70551"", ""10.1109/tvcg.2007.70575"", ""10.1109/tvcg.2007.70579"", ""10.1109/tvcg.2008.133"", ""10.1109/tvcg.2009.190"", ""10.1109/tvcg.2010.156"", ""10.1109/tvcg.2010.173"", ""10.1109/tvcg.2011.254"", ""10.1109/tvcg.2012.280"", ""10.1109/tvcg.2013.141"", ""10.1109/tvcg.2014.2346447"", ""10.1109/tvcg.2019.2934368"", ""10.1109/tvcg.2020.3030353"", ""10.1109/tvcg.2021.3114687"", ""10.1109/tvcg.2023.3326526"", ""10.1109/tvcg.2023.3326601"", ""10.1109/visual.2004.107"", ""10.1109/visual.2004.113"", ""10.1109/visual.2005.1532850""]"
A5071922502,1,6.0,0,Marian Talbert,"[""10.1109/scivis.2015.7429486""]"
A5071924144,1,32.0,0,Christian Blecha,"[""10.1109/tvcg.2018.2864846""]"
A5071925791,1,38.0,0,Simone Lenti,"[""10.1109/tvcg.2018.2865028""]"
A5071936673,1,18.0,0,Tyler Jacks,"[""10.1109/tvcg.2022.3209378""]"
A5071994103,1,18.0,0,J. M. Jessup,"[""10.1109/tvcg.2022.3209378""]"
A5072003057,1,4.0,0,E. Bayer,"[""10.1109/visual.1996.568145""]"
A5072030504,1,3.0,0,R.h. Thibadeau,"[""10.1109/visual.1990.146368""]"
A5072037690,1,0.0,0,G. Domokos,"[""10.1109/visual.1994.346299""]"
A5072048687,1,494.0,0,Mark V. Pauly,"[""10.1109/visual.2002.1183771""]"
A5072051036,3,122.0,0,Juhee Bae,"[""10.1109/tvcg.2010.159"", ""10.1109/tvcg.2011.187"", ""10.1109/tvcg.2014.2346998""]"
A5072067957,1,62.0,0,Paul Issartel,"[""10.1109/tvcg.2016.2599217""]"
A5072128914,1,23.0,0,Sylvie Ranwez,"[""10.1109/tvcg.2009.201""]"
A5072130557,1,164.0,0,Erik Wistrand,"[""10.1109/infvis.1995.528688""]"
A5072137303,1,7.0,0,Z. Ahmed,"[""10.1109/visual.1993.398856""]"
A5072140184,1,7.0,0,S. Prohaska,"[""10.1109/visual.2005.1532793""]"
A5072182270,1,0.0,0,T.t. Elvins,"[""10.1109/visual.1992.235177""]"
A5072183933,1,13.0,0,Christoph Hafemeister,"[""10.1109/tvcg.2014.2346753""]"
A5072207781,2,111.0,0,Keith Andrews,"[""10.1109/infvis.1995.528692"", ""10.1109/infvis.2004.19""]"
A5072234144,1,3.0,0,Yuanyang Zhong,"[""10.1109/tvcg.2023.3326941""]"
A5072242598,1,11.0,0,E. Golin,"[""10.1109/visual.1993.398860""]"
A5072243347,3,202.0,0,Brian Fisher,"[""10.1109/vast.2008.4677361"", ""10.1109/vast.2010.5653587"", ""10.1109/vast.2011.6102435""]"
A5072249624,1,32.0,0,Lei Shi,"[""10.1109/vast.2011.6102458""]"
A5072259452,2,72.0,0,Matús Straka,"[""10.1109/visual.2004.104"", ""10.1109/visual.2004.72""]"
A5072277937,2,86.0,0,Chris Rooney,"[""10.1109/tvcg.2012.189"", ""10.1109/tvcg.2013.211""]"
A5072282499,1,69.0,0,Kc Claffy,"[""10.1109/infvis.1996.559226""]"
A5072301014,1,12.0,0,Gordon Woodhull,"[""10.1109/vast.2015.7347627""]"
A5072306303,1,9.0,0,Lucas Schütz,"[""10.1109/tvcg.2015.2467291""]"
A5072311778,1,31.0,0,Marco C. Deruiter,"[""10.1109/tvcg.2016.2598826""]"
A5072338549,1,16.0,0,Steve Sylvester,"[""10.1109/visual.2002.1183808""]"
A5072366651,1,3.0,0,Juergen Lerner,"[""10.1109/infvis.2005.1532135""]"
A5072366959,1,9.0,0,Nagaraju Dhanyasi,"[""10.1109/tvcg.2023.3327388""]"
A5072369536,1,18.0,0,T. Tenev,"[""10.1109/infvis.1997.636787""]"
A5072370411,1,136.0,0,Bernard J Kerr,"[""10.1109/infvis.2003.1249028""]"
A5072386149,1,9.0,0,Anne Laprie,"[""10.1109/vast.2014.7042481""]"
A5072391184,1,5.0,0,M. Bert,"[""10.1109/visual.2005.1532828""]"
A5072393155,1,83.0,0,Florian Lindemann,"[""10.1109/tvcg.2011.161""]"
A5072397278,1,5.0,1,Namyong Park,"[""10.1109/tvcg.2022.3209403""]"
A5072418452,1,5.0,1,M. Cristina Magli,"[""10.1109/tvcg.2011.168""]"
A5072464496,1,1.0,0,Thomas Spengler,"[""10.1109/tvcg.2020.3030389""]"
A5072475394,2,85.0,0,Alessandra Angelucci,"[""10.1109/tvcg.2017.2744079"", ""10.1109/tvcg.2020.3030363""]"
A5072551350,1,8.0,0,Sayef Azad Sakin,"[""10.1109/tvcg.2022.3209375""]"
A5072566909,2,83.0,0,Rainer Burgkart,"[""10.1109/tvcg.2009.184"", ""10.1109/tvcg.2011.189""]"
A5072582272,1,1.0,0,Anna‐pia Lohfink,"[""10.1109/tvcg.2021.3114687""]"
A5072584079,1,46.0,0,Helena Mitášová,"[""10.1109/tvcg.2010.202""]"
A5072598654,7,482.0,1,Daniela Oelke,"[""10.1109/tvcg.2009.139"", ""10.1109/tvcg.2015.2467759"", ""10.1109/tvcg.2019.2934395"", ""10.1109/vast.2007.4389004"", ""10.1109/vast.2008.4677359"", ""10.1109/vast.2009.5333919"", ""10.1109/vast.2010.5652926""]"
A5072621491,2,24.0,0,T. He,"[""10.1109/visual.1993.398862"", ""10.1109/visual.1996.567603""]"
A5072624020,1,156.0,0,Irene Reppa,"[""10.1109/tvcg.2012.197""]"
A5072631742,1,7.0,0,Thomas Schreiber,"[""10.1109/visual.1990.146381""]"
A5072633418,1,13.0,0,Shauli Ravfogel,"[""10.1109/tvcg.2022.3209458""]"
A5072638742,1,45.0,0,Sonia Castelo,"[""10.1109/tvcg.2020.3030361""]"
A5072646878,1,16.0,0,Sunghyo Chung,"[""10.1109/tvcg.2022.3209472""]"
A5072651383,1,206.0,0,Jina Suh,"[""10.1109/tvcg.2016.2598828""]"
A5072665632,1,106.0,0,Terece L. Turton,"[""10.1109/tvcg.2017.2743978""]"
A5072682773,1,13.0,0,Michael Xieyang Liu,"[""10.1109/tvcg.2024.3456354""]"
A5072684302,1,37.0,0,Ghassan Hamarneh,"[""10.1109/tvcg.2010.152""]"
A5072687280,4,95.0,1,Daniel Jönsson,"[""10.1109/tvcg.2012.232"", ""10.1109/tvcg.2014.2346351"", ""10.1109/tvcg.2015.2467294"", ""10.1109/tvcg.2016.2598430""]"
A5072697451,3,96.0,1,Norbert Lindow,"[""10.1109/tvcg.2011.259"", ""10.1109/tvcg.2014.2346404"", ""10.1109/tvcg.2018.2864507""]"
A5072700322,12,214.0,3,Peter Rautek,"[""10.1109/tvcg.2006.123"", ""10.1109/tvcg.2007.70591"", ""10.1109/tvcg.2014.2346318"", ""10.1109/tvcg.2015.2467331"", ""10.1109/tvcg.2016.2599043"", ""10.1109/tvcg.2017.2743979"", ""10.1109/tvcg.2018.2864839"", ""10.1109/tvcg.2020.3030454"", ""10.1109/tvcg.2021.3114788"", ""10.1109/tvcg.2021.3115565"", ""10.1109/tvcg.2022.3209439"", ""10.1109/tvcg.2023.3326915""]"
A5072704951,2,109.0,0,Biswaksen Patnaik,"[""10.1109/tvcg.2018.2865237"", ""10.1109/tvcg.2021.3114829""]"
A5072729601,1,6.0,1,Yuwen Pu,"[""10.1109/tvcg.2024.3456150""]"
A5072790987,1,13.0,0,Mario L. Arrieta‐ortiz,"[""10.1109/tvcg.2014.2346753""]"
A5072794464,1,0.0,0,Wayne Schlei,"[""10.1109/tvcg.2020.3030402""]"
A5072801804,1,15.0,0,Richard E. Parent,"[""10.1109/vast.2007.4388990""]"
A5072827199,1,302.0,0,Marc Alexa,"[""10.1109/visual.2001.964489""]"
A5072912898,1,1.0,0,Eric Mörth,"[""10.1109/tvcg.2024.3456406""]"
A5072913146,1,46.0,0,D. F. Scollan,"[""10.1109/visual.2000.885739""]"
A5072913460,1,2.0,1,Yu Qin,"[""10.1109/tvcg.2024.3456395""]"
A5072951828,3,152.0,0,Yu Shuen Wang,"[""10.1109/tvcg.2008.132"", ""10.1109/tvcg.2011.205"", ""10.1109/vast.2017.8585594""]"
A5073000458,6,225.0,1,Furui Cheng,"[""10.1109/tvcg.2019.2934267"", ""10.1109/tvcg.2020.3030342"", ""10.1109/tvcg.2021.3114836"", ""10.1109/tvcg.2022.3209360"", ""10.1109/tvcg.2022.3209408"", ""10.1109/tvcg.2023.3326929""]"
A5073004897,1,0.0,0,Yi Li,"[""10.1109/tvcg.2024.3456399""]"
A5073022588,1,35.0,1,Markus Höhn,"[""10.1109/tvcg.2020.3030437""]"
A5073023637,1,6.0,0,R. Vickery,"[""10.1109/visual.1996.568149""]"
A5073025632,1,1.0,0,B.m. Collins,"[""10.1109/visual.1991.175781""]"
A5073040942,1,19.0,0,Gerhard Pittino,"[""10.1109/tvcg.2009.115""]"
A5073048518,1,1.0,0,Po Yu Tsai,"[""10.1109/visual.1996.568147""]"
A5073054870,1,2.0,0,Shiyu Cheng,"[""10.1109/tvcg.2024.3456338""]"
A5073072534,1,8.0,0,O. Fechtig,"[""10.1109/visual.2005.1532845""]"
A5073076477,1,13.0,0,Michael Stephanides,"[""10.1109/visual.1998.745336""]"
A5073093566,1,23.0,0,Amir Hossein Hajizadeh,"[""10.1109/tvcg.2013.197""]"
A5073099181,1,57.0,0,L. Florian,"[""10.1109/tvcg.2011.212""]"
A5073124436,2,107.0,0,Jun Han,"[""10.1109/tvcg.2019.2934255"", ""10.1109/tvcg.2020.3030346""]"
A5073133012,2,213.0,0,Paul Whitney,"[""10.1109/infvis.1998.729570"", ""10.1109/infvis.1999.801866""]"
A5073158087,1,34.0,0,Jingrui He,"[""10.1109/tvcg.2020.3028888""]"
A5073160850,1,1.0,0,Daniel Baumgärtner,"[""10.1109/tvcg.2022.3209429""]"
A5073188354,3,63.0,1,Aditeya Pandey,"[""10.1109/tvcg.2019.2934402"", ""10.1109/tvcg.2022.3209407"", ""10.1109/tvcg.2022.3209421""]"
A5073217289,3,66.0,1,Matej Mlejnek,"[""10.1109/tvcg.2018.2864839"", ""10.1109/tvcg.2020.3030454"", ""10.1109/visual.2004.56""]"
A5073223235,1,19.0,0,Jianyi Lee,"[""10.1109/visual.1995.480801""]"
A5073294201,1,37.0,0,Lisa Tweedie,"[""10.1109/infvis.1995.528680""]"
A5073303697,1,7.0,0,Christopher Burns,"[""10.1109/tvcg.2007.70610""]"
A5073315969,1,18.0,0,Geoffrey S. Young,"[""10.1109/tvcg.2019.2934402""]"
A5073317592,1,19.0,0,D. Breeny,"[""10.1109/visual.2005.1532823""]"
A5073325011,1,75.0,0,Eun Ju Nam,"[""10.1109/vast.2007.4388999""]"
A5073334482,1,2.0,0,Amy Rae Fox,"[""10.1109/tvcg.2024.3456217""]"
A5073352990,1,14.0,0,Haoran Xu,"[""10.1109/tvcg.2022.3209430""]"
A5073361458,1,5.0,0,V. Siddavanahalli,"[""10.1109/visual.2002.1183820""]"
A5073367627,1,0.0,0,Klaus Nordhausen,"[""10.1109/tvcg.2023.3327203""]"
A5073380270,1,9.0,0,J. Giesen,"[""10.1109/visual.2001.964497""]"
A5073389678,1,16.0,0,Hyeshin Chu,"[""10.1109/tvcg.2022.3209462""]"
A5073390127,1,143.0,0,Nancy J. Nersessian,"[""10.1109/tvcg.2008.121""]"
A5073390361,1,37.0,0,Chen Shi,"[""10.1109/tvcg.2020.3030440""]"
A5073411496,1,0.0,0,Philip Peterson,"[""10.1109/visual.1994.346296""]"
A5073413849,1,5.0,0,M. Braun,"[""10.1109/visual.1992.235179""]"
A5073416704,1,0.0,0,W. Krueger,"[""10.1109/visual.1993.398911""]"
A5073455439,1,51.0,0,Mai Elshehaly,"[""10.1109/tvcg.2020.3030424""]"
A5073465792,2,200.0,0,Al Globus,"[""10.1109/visual.1990.146360"", ""10.1109/visual.1991.175773""]"
A5073468085,1,11.0,0,M.p. Persoon,"[""10.1109/visual.2003.1250397""]"
A5073501210,1,10.0,0,Saikumar Jayaraman,"[""10.1109/visual.2002.1183806""]"
A5073513100,1,1.0,0,Alice Chu,"[""10.1109/tvcg.2019.2934280""]"
A5073516753,5,201.0,2,Fan Du,"[""10.1109/tvcg.2018.2864885"", ""10.1109/tvcg.2020.3028957"", ""10.1109/tvcg.2021.3114836"", ""10.1109/tvcg.2022.3209348"", ""10.1109/vast.2016.7883512""]"
A5073517181,1,15.0,0,J.k. Rayson,"[""10.1109/infvis.1999.801863""]"
A5073518798,1,9.0,0,R.j. Moorehead,"[""10.1109/visual.1993.398901""]"
A5073601420,1,57.0,0,D. Manocha,"[""10.1109/visual.2000.885687""]"
A5073612551,1,2.0,0,M. Marietta,"[""10.1109/visual.1995.485169""]"
A5073619125,45,2397.0,3,Daniel Weiskopf,"[""10.1109/tvcg.2006.113"", ""10.1109/tvcg.2006.194"", ""10.1109/tvcg.2008.119"", ""10.1109/tvcg.2009.131"", ""10.1109/tvcg.2009.150"", ""10.1109/tvcg.2010.145"", ""10.1109/tvcg.2010.196"", ""10.1109/tvcg.2011.193"", ""10.1109/tvcg.2011.203"", ""10.1109/tvcg.2011.226"", ""10.1109/tvcg.2012.222"", ""10.1109/tvcg.2012.276"", ""10.1109/tvcg.2012.281"", ""10.1109/tvcg.2013.129"", ""10.1109/tvcg.2013.194"", ""10.1109/tvcg.2013.232"", ""10.1109/tvcg.2014.2346333"", ""10.1109/tvcg.2015.2467757"", ""10.1109/tvcg.2015.2468091"", ""10.1109/tvcg.2016.2598495"", ""10.1109/tvcg.2016.2598695"", ""10.1109/tvcg.2016.2598898"", ""10.1109/tvcg.2016.2598919"", ""10.1109/tvcg.2017.2743959"", ""10.1109/tvcg.2017.2744018"", ""10.1109/tvcg.2018.2865266"", ""10.1109/tvcg.2019.2934669"", ""10.1109/tvcg.2019.2934812"", ""10.1109/tvcg.2020.3030368"", ""10.1109/tvcg.2020.3030465"", ""10.1109/tvcg.2020.3030473"", ""10.1109/tvcg.2022.3209420"", ""10.1109/tvcg.2022.3209427"", ""10.1109/tvcg.2022.3209429"", ""10.1109/tvcg.2022.3209437"", ""10.1109/tvcg.2024.3456346"", ""10.1109/vast.2012.6400492"", ""10.1109/vast.2016.7883520"", ""10.1109/visual.2000.885709"", ""10.1109/visual.2000.885728"", ""10.1109/visual.2002.1183762"", ""10.1109/visual.2003.1250361"", ""10.1109/visual.2004.73"", ""10.1109/visual.2005.1532852"", ""10.1109/visual.2005.1532853""]"
A5073630563,1,23.0,0,Donald J. Jacobs,"[""10.1109/vast.2008.4677368""]"
A5073654463,1,10.0,0,Cory Quammen,"[""10.1109/tvcg.2006.155""]"
A5073678051,1,6.0,0,Romain Bourqui,"[""10.1109/tvcg.2023.3326596""]"
A5073689447,1,20.0,0,Alexandra Voit,"[""10.1109/tvcg.2020.3030400""]"
A5073690794,1,144.0,0,Christoph Berger,"[""10.1109/visual.2003.1250386""]"
A5073712698,1,61.0,0,Wolfgang Heidrich,"[""10.1109/visual.2003.1250410""]"
A5073731680,7,345.0,0,Justin Talbot,"[""10.1109/tvcg.2007.70617"", ""10.1109/tvcg.2008.178"", ""10.1109/tvcg.2010.130"", ""10.1109/tvcg.2011.167"", ""10.1109/tvcg.2012.196"", ""10.1109/tvcg.2014.2346320"", ""10.1109/tvcg.2015.2467323""]"
A5073766158,1,14.0,0,D. Dovey,"[""10.1109/visual.1995.480819""]"
A5073784823,3,165.0,1,Jos B. T. M. Roerdink,"[""10.1109/tvcg.2007.70553"", ""10.1109/tvcg.2009.138"", ""10.1109/vast.2010.5652450""]"
A5073803727,1,16.0,0,Ernesto Bjerg,"[""10.1109/tvcg.2014.2346754""]"
A5073824469,1,9.0,0,O.p. Gandhi,"[""10.1109/visual.1996.568135""]"
A5073826947,1,39.0,0,T.c. Housel,"[""10.1109/visual.2000.885685""]"
A5073851063,1,25.0,0,Jörg Haber,"[""10.1109/visual.2001.964530""]"
A5073864158,1,2.0,0,T. Bernadin,"[""10.1109/tvcg.2012.239""]"
A5073867643,1,2.0,0,Martin Riemer,"[""10.1109/visual.1992.235218""]"
A5073883269,1,11.0,0,Tom Welsh,"[""10.1109/visual.2003.1250403""]"
A5073883651,1,3.0,0,D. Small,"[""10.1109/visual.2002.1183818""]"
A5073887866,1,16.0,0,Sungbok Shin,"[""10.1109/tvcg.2022.3209472""]"
A5073903190,1,1.0,0,S. H. Zhang,"[""10.1109/tvcg.2024.3456325""]"
A5073919282,44,3602.0,3,Daniel A. Keim,"[""10.1109/infvis.1998.729559"", ""10.1109/infvis.2002.1173144"", ""10.1109/infvis.2004.57"", ""10.1109/infvis.2005.1532148"", ""10.1109/tvcg.2006.198"", ""10.1109/tvcg.2007.70522"", ""10.1109/tvcg.2009.139"", ""10.1109/tvcg.2009.182"", ""10.1109/tvcg.2011.179"", ""10.1109/tvcg.2011.229"", ""10.1109/tvcg.2014.2346481"", ""10.1109/tvcg.2015.2467553"", ""10.1109/tvcg.2015.2467591"", ""10.1109/tvcg.2016.2598495"", ""10.1109/tvcg.2017.2744805"", ""10.1109/tvcg.2017.2745080"", ""10.1109/tvcg.2017.2745181"", ""10.1109/tvcg.2018.2864769"", ""10.1109/tvcg.2018.2864838"", ""10.1109/tvcg.2018.2865049"", ""10.1109/tvcg.2019.2934395"", ""10.1109/tvcg.2019.2934654"", ""10.1109/tvcg.2020.3030386"", ""10.1109/tvcg.2020.3030398"", ""10.1109/tvcg.2020.3030408"", ""10.1109/tvcg.2023.3326940"", ""10.1109/tvcg.2024.3456312"", ""10.1109/vast.2006.261423"", ""10.1109/vast.2006.261438"", ""10.1109/vast.2007.4389001"", ""10.1109/vast.2007.4389004"", ""10.1109/vast.2008.4677359"", ""10.1109/vast.2009.5332628"", ""10.1109/vast.2009.5333919"", ""10.1109/vast.2010.5652530"", ""10.1109/vast.2010.5652926"", ""10.1109/vast.2012.6400488"", ""10.1109/vast.2014.7042477"", ""10.1109/vast.2017.8585613"", ""10.1109/vast.2018.8802486"", ""10.1109/visual.1993.398864"", ""10.1109/visual.1995.485140"", ""10.1109/visual.1998.745301"", ""10.1109/visual.1999.809930""]"
A5073919810,4,58.0,0,Xavier Cavin,"[""10.1109/tvcg.2006.135"", ""10.1109/visual.1999.809922"", ""10.1109/visual.2001.964511"", ""10.1109/visual.2005.1532785""]"
A5073935117,3,138.0,0,Rudolf Netzel,"[""10.1109/tvcg.2014.2346420"", ""10.1109/tvcg.2016.2598898"", ""10.1109/vast.2012.6400492""]"
A5073944724,1,14.0,0,Rory James Zauner,"[""10.1109/tvcg.2024.3456145""]"
A5073946580,1,36.0,0,Xiaoning Qian,"[""10.1109/tvcg.2008.123""]"
A5073968910,1,28.0,0,Sikun Li,"[""10.1109/tvcg.2014.2346416""]"
A5073981209,1,83.0,0,Kurt E. Augustine,"[""10.1109/tvcg.2009.164""]"
A5073985902,1,44.0,0,Sabine Girod,"[""10.1109/visual.1996.567595""]"
A5073986937,50,2479.0,5,Yingcai Wu,"[""10.1109/scivis.2015.7429488"", ""10.1109/tvcg.2008.159"", ""10.1109/tvcg.2009.144"", ""10.1109/tvcg.2009.156"", ""10.1109/tvcg.2009.172"", ""10.1109/tvcg.2010.183"", ""10.1109/tvcg.2012.285"", ""10.1109/tvcg.2013.196"", ""10.1109/tvcg.2013.221"", ""10.1109/tvcg.2014.2346912"", ""10.1109/tvcg.2014.2346919"", ""10.1109/tvcg.2014.2346920"", ""10.1109/tvcg.2016.2598432"", ""10.1109/tvcg.2017.2744218"", ""10.1109/tvcg.2018.2864899"", ""10.1109/tvcg.2018.2865041"", ""10.1109/tvcg.2018.2865126"", ""10.1109/tvcg.2019.2934630"", ""10.1109/tvcg.2019.2934670"", ""10.1109/tvcg.2020.3028957"", ""10.1109/tvcg.2020.3030359"", ""10.1109/tvcg.2020.3030392"", ""10.1109/tvcg.2020.3030393"", ""10.1109/tvcg.2020.3030396"", ""10.1109/tvcg.2020.3030458"", ""10.1109/tvcg.2020.3030467"", ""10.1109/tvcg.2021.3114800"", ""10.1109/tvcg.2021.3114832"", ""10.1109/tvcg.2021.3114875"", ""10.1109/tvcg.2021.3114877"", ""10.1109/tvcg.2021.3114878"", ""10.1109/tvcg.2022.3209352"", ""10.1109/tvcg.2022.3209373"", ""10.1109/tvcg.2022.3209385"", ""10.1109/tvcg.2022.3209388"", ""10.1109/tvcg.2022.3209430"", ""10.1109/tvcg.2022.3209447"", ""10.1109/tvcg.2022.3209452"", ""10.1109/tvcg.2022.3209468"", ""10.1109/tvcg.2022.3209470"", ""10.1109/tvcg.2022.3209497"", ""10.1109/tvcg.2023.3326524"", ""10.1109/tvcg.2023.3327162"", ""10.1109/tvcg.2023.3327376"", ""10.1109/tvcg.2024.3456150"", ""10.1109/tvcg.2024.3456181"", ""10.1109/tvcg.2024.3456200"", ""10.1109/tvcg.2024.3456216"", ""10.1109/tvcg.2024.3456328"", ""10.1109/vast50239.2020.00009""]"
A5073997373,1,5.0,0,P. Brewster,"[""10.1109/visual.2001.964563""]"
A5074006931,7,296.0,2,Takanori Fujiwara,"[""10.1109/tvcg.2019.2934251"", ""10.1109/tvcg.2019.2934433"", ""10.1109/tvcg.2020.3028889"", ""10.1109/tvcg.2021.3114807"", ""10.1109/tvcg.2023.3327198"", ""10.1109/vast.2017.8585646"", ""10.1109/vast50239.2020.00010""]"
A5074011246,1,50.0,0,Brian A. Wandell,"[""10.1109/visual.2004.30""]"
A5074020575,1,29.0,0,Adam Kunen,"[""10.1109/tvcg.2020.3030357""]"
A5074038943,3,83.0,0,Junxiu Tang,"[""10.1109/tvcg.2020.3030396"", ""10.1109/tvcg.2021.3114878"", ""10.1109/tvcg.2024.3456192""]"
A5074051310,1,18.0,0,Michael Suehling,"[""10.1109/tvcg.2014.2346405""]"
A5074061303,3,304.0,1,Jack Snoeyink,"[""10.1109/visual.2001.964499"", ""10.1109/visual.2003.1250408"", ""10.1109/visual.2004.96""]"
A5074068834,1,1.0,0,Axel J. Soto,"[""10.1109/tvcg.2020.3030438""]"
A5074072259,2,55.0,0,Dongming Han,"[""10.1109/tvcg.2018.2865139"", ""10.1109/tvcg.2023.3327148""]"
A5074126331,2,247.0,0,Udo Schlegel,"[""10.1109/tvcg.2019.2934629"", ""10.1109/tvcg.2020.3030398""]"
A5074158275,1,25.0,0,Md Amiruzzaman,"[""10.1109/tvcg.2021.3114853""]"
A5074161314,2,76.0,0,Paolo Simonetto,"[""10.1109/tvcg.2014.2346422"", ""10.1109/tvcg.2015.2467992""]"
A5074196720,1,26.0,0,Rob Hess,"[""10.1109/tvcg.2010.216""]"
A5074232458,1,3.0,0,J. Meade,"[""10.1109/visual.2001.964556""]"
A5074246360,1,9.0,0,Shenghan Gao,"[""10.1109/tvcg.2023.3326911""]"
A5074260102,1,27.0,0,Andrew Lumsdaine,"[""10.1109/vast.2012.6400552""]"
A5074273683,1,1.0,0,Fan Mu,"[""10.1109/tvcg.2024.3456216""]"
A5074306833,2,110.0,0,Xian Teng,"[""10.1109/tvcg.2017.2744419"", ""10.1109/tvcg.2023.3326587""]"
A5074351233,3,114.0,2,Ko Chih Wang,"[""10.1109/tvcg.2019.2934312"", ""10.1109/tvcg.2019.2934591"", ""10.1109/tvcg.2024.3456338""]"
A5074352715,3,57.0,0,David Duke,"[""10.1109/tvcg.2006.145"", ""10.1109/tvcg.2012.287"", ""10.1109/tvcg.2015.2467433""]"
A5074352820,3,55.0,0,Bruno Lévy,"[""10.1109/tvcg.2006.135"", ""10.1109/visual.2001.964511"", ""10.1109/visual.2005.1532802""]"
A5074353293,1,84.0,0,Lee M. Seversky,"[""10.1109/tvcg.2016.2598667""]"
A5074354806,1,19.0,0,Ádám Stefkovics,"[""10.1109/tvcg.2023.3326579""]"
A5074356338,1,5.0,0,Kyla J. Hildebrand,"[""10.1109/infvis.2005.1532127""]"
A5074371974,1,38.0,0,Tiziana Catarci,"[""10.1109/tvcg.2018.2865028""]"
A5074461084,1,4.0,1,Lanxi Xiao,"[""10.1109/tvcg.2024.3456386""]"
A5074502941,1,100.0,0,Holly A. Taylor,"[""10.1109/tvcg.2015.2467758""]"
A5074503362,1,118.0,0,Cindy Jin,"[""10.1109/tvcg.2018.2865040""]"
A5074505450,1,0.0,0,Laurin Herr,"[""10.1109/visual.1990.146414""]"
A5074529716,1,105.0,0,Zhiyong Guo,"[""10.1109/tvcg.2018.2864503""]"
A5074536820,1,26.0,0,Elisa De Llano,"[""10.1109/tvcg.2017.2743981""]"
A5074546601,1,37.0,0,Martha Sharp Joukowsky,"[""10.1109/visual.2001.964560""]"
A5074614288,1,4.0,0,C. C.j. Yen,"[""10.1109/visual.1990.146382""]"
A5074689835,1,7.0,0,Thomas Frühauf,"[""10.1109/visual.1996.567780""]"
A5074718306,1,36.0,0,Hao Zheng,"[""10.1109/tvcg.2020.3030346""]"
A5074720071,2,79.0,0,Mikael Jern,"[""10.1109/infvis.2005.1532138"", ""10.1109/vast.2009.5332610""]"
A5074724644,3,39.0,0,Michael Stonebraker,"[""10.1109/tvcg.2019.2934556"", ""10.1109/tvcg.2020.3030372"", ""10.1109/visual.1993.398855""]"
A5074734666,14,614.0,4,Julien Tierny,"[""10.1109/tvcg.2009.163"", ""10.1109/tvcg.2012.228"", ""10.1109/tvcg.2014.2346403"", ""10.1109/tvcg.2014.2346434"", ""10.1109/tvcg.2016.2599017"", ""10.1109/tvcg.2017.2743938"", ""10.1109/tvcg.2018.2864432"", ""10.1109/tvcg.2019.2934256"", ""10.1109/tvcg.2020.3030353"", ""10.1109/tvcg.2020.3030441"", ""10.1109/tvcg.2021.3114839"", ""10.1109/tvcg.2023.3326601"", ""10.1109/tvcg.2024.3456345"", ""10.1109/tvcg.2024.3456355""]"
A5074749667,1,13.0,0,Vanessa Serrano,"[""10.1109/tvcg.2022.3209487""]"
A5074768455,1,4.0,0,L. Nyland,"[""10.1109/visual.2000.885712""]"
A5074769385,1,13.0,0,Bruno Raffin,"[""10.1109/visual.2005.1532787""]"
A5074812706,1,3.0,0,Jeffrey Uhlmann,"[""10.1109/visual.2000.885727""]"
A5074812838,1,10.0,0,Denis M. Larkin,"[""10.1109/tvcg.2016.2598789""]"
A5074825049,1,1.0,0,Kurt Stockinger,"[""10.1109/vast.2006.261437""]"
A5074826919,1,18.0,0,Nathalie Lalande,"[""10.1109/vast.2014.7042488""]"
A5074842294,1,13.0,0,Hans‐peter Bunge,"[""10.1109/visual.1996.568144""]"
A5074870798,1,8.0,0,C.t. Silva,"[""10.1109/visual.1994.346319""]"
A5074871409,2,39.0,0,Michael Hund,"[""10.1109/tvcg.2016.2598467"", ""10.1109/vast.2017.8585613""]"
A5074943736,4,154.0,1,David Kenwright,"[""10.1109/visual.1995.485145"", ""10.1109/visual.1996.568115"", ""10.1109/visual.1997.663910"", ""10.1109/visual.1998.745297""]"
A5074948196,1,6.0,0,B.m. Dennis,"[""10.1109/visual.2002.1183803""]"
A5074955847,1,18.0,0,Chi Chun Pan,"[""10.1109/vast.2007.4388991""]"
A5074985413,7,655.0,1,Yvonne Jansen,"[""10.1109/tvcg.2013.134"", ""10.1109/tvcg.2014.2346292"", ""10.1109/tvcg.2015.2467951"", ""10.1109/tvcg.2016.2598498"", ""10.1109/tvcg.2016.2598608"", ""10.1109/tvcg.2017.2744298"", ""10.1109/tvcg.2021.3114844""]"
A5074995621,1,68.0,0,Uta Preim,"[""10.1109/tvcg.2013.189""]"
A5075016588,1,0.0,0,E. Nolazco,"[""10.1109/visual.1996.568132""]"
A5075020027,2,159.0,0,Luc Wilson,"[""10.1109/tvcg.2016.2598585"", ""10.1109/vast.2015.7347636""]"
A5075030851,1,23.0,0,Xiaohong Ye,"[""10.1109/visual.2005.1532831""]"
A5075039720,1,6.0,0,A.b. Rebello,"[""10.1109/visual.1995.485152""]"
A5075052652,2,99.0,0,Eamonn Maguire,"[""10.1109/tvcg.2012.271"", ""10.1109/tvcg.2013.225""]"
A5075056899,1,42.0,0,Karrie Karahalios,"[""10.1109/tvcg.2019.2934666""]"
A5075091403,1,27.0,0,T. Leibfried,"[""10.1109/infvis.1995.528690""]"
A5075105267,1,3.0,0,Thomas J. True,"[""10.1109/visual.1992.235194""]"
A5075129418,1,18.0,0,Marc R. Ilgen,"[""10.1109/infvis.1996.559228""]"
A5075135613,2,75.0,0,Michael S. Brown,"[""10.1109/tvcg.2010.172"", ""10.1109/visual.2001.964509""]"
A5075158351,1,0.0,0,M. Roth,"[""10.1109/visual.1994.346290""]"
A5075163834,1,1.0,0,C. Weigle,"[""10.1109/visual.2005.1532829""]"
A5075164471,1,18.0,0,Serge Aluker,"[""10.1109/infvis.2005.1532147""]"
A5075178545,1,2.0,0,Guan Li,"[""10.1109/tvcg.2024.3456338""]"
A5075186536,1,1.0,0,R. Superfine,"[""10.1109/visual.2005.1532829""]"
A5075195058,1,19.0,0,Magnus Borga,"[""10.1109/tvcg.2012.203""]"
A5075203791,1,11.0,0,P. Rheingans,"[""10.1109/infvis.2005.1532149""]"
A5075206197,1,22.0,0,Minsu Ahn,"[""10.1109/tvcg.2006.169""]"
A5075208956,2,110.0,0,Jan Sahner,"[""10.1109/tvcg.2007.70545"", ""10.1109/visual.2005.1532851""]"
A5075221940,1,91.0,0,Jonathan Stray,"[""10.1109/tvcg.2014.2346431""]"
A5075239258,1,81.0,1,Yaqi Qin,"[""10.1109/tvcg.2020.3030428""]"
A5075259746,1,0.0,0,Hans Seidel,"[""10.1109/visual.2005.1532816""]"
A5075262449,1,107.0,0,Hideo Otsuna,"[""10.1109/tvcg.2009.118""]"
A5075266751,1,6.0,0,R. Yagel,"[""10.1109/visual.1995.485152""]"
A5075295171,3,136.0,0,Alireza Karduni,"[""10.1109/tvcg.2020.3029412"", ""10.1109/tvcg.2021.3114820"", ""10.1109/vast.2017.8585665""]"
A5075308601,1,29.0,0,Michael S. Marshall,"[""10.1109/infvis.2000.885090""]"
A5075309604,1,55.0,0,Derek Xiaoyu Wang,"[""10.1109/tvcg.2015.2467971""]"
A5075318719,1,18.0,0,Maguelonne Teisseire,"[""10.1109/vast.2014.7042488""]"
A5075360338,3,77.0,0,Craig Gotsman,"[""10.1109/visual.1997.663863"", ""10.1109/visual.2001.964504"", ""10.1109/visual.2002.1183794""]"
A5075380505,1,34.0,0,A. Van Gelder,"[""10.1109/visual.1996.567606""]"
A5075396066,1,51.0,0,Natasha Alvarado,"[""10.1109/tvcg.2020.3030424""]"
A5075473605,1,5.0,0,José F. De Queiroz Neto,"[""10.1109/vast50239.2020.00012""]"
A5075500139,1,19.0,0,Venkatram Vishwanath,"[""10.1109/vast.2017.8585646""]"
A5075507551,1,4.0,0,Rolf Ernst,"[""10.1109/infvis.1995.528683""]"
A5075539047,3,304.0,0,Bernd Froehlich,"[""10.1109/infvis.2005.1532152"", ""10.1109/tvcg.2007.70534"", ""10.1109/tvcg.2020.3030425""]"
A5075543149,1,48.0,0,Chris Gates,"[""10.1109/tvcg.2017.2744898""]"
A5075562509,2,86.0,0,Tim Lammarsch,"[""10.1109/tvcg.2013.206"", ""10.1109/tvcg.2013.222""]"
A5075564747,1,4.0,0,Kevin Wampler,"[""10.1109/infvis.2004.49""]"
A5075567046,1,41.0,0,C.h. Lee,"[""10.1109/visual.2004.62""]"
A5075572197,1,31.0,0,Colin Fredericks,"[""10.1109/tvcg.2016.2598518""]"
A5075591650,1,5.0,0,Matthew A. Barish,"[""10.1109/tvcg.2016.2598463""]"
A5075596050,1,55.0,0,Imma Boada,"[""10.1109/tvcg.2011.173""]"
A5075610337,1,6.0,0,David Uribe,"[""10.1109/tvcg.2018.2864506""]"
A5075620925,1,11.0,0,Zhiyang Shen,"[""10.1109/tvcg.2023.3326934""]"
A5075642225,1,8.0,0,David Day,"[""10.1109/infvis.1995.528693""]"
A5075651562,4,18.0,1,Nate Morrical,"[""10.1109/tvcg.2020.3030363"", ""10.1109/tvcg.2020.3030470"", ""10.1109/tvcg.2022.3209418"", ""10.1109/tvcg.2023.3327366""]"
A5075657569,1,22.0,0,Florence Nicol,"[""10.1109/tvcg.2017.2744338""]"
A5075684728,1,153.0,1,Richard J. Lobb,"[""10.1109/visual.1994.346331""]"
A5075684986,3,143.0,1,C. Hansen,"[""10.1109/tvcg.2009.204"", ""10.1109/visual.1998.745300"", ""10.1109/visual.2002.1183777""]"
A5075706330,1,27.0,0,Lvkeshen Shen,"[""10.1109/tvcg.2021.3114877""]"
A5075706889,2,27.0,1,Jakob Troidl,"[""10.1109/tvcg.2020.3030454"", ""10.1109/tvcg.2023.3327388""]"
A5075722001,4,110.0,0,Angus G. Forbes,"[""10.1109/tvcg.2010.126"", ""10.1109/tvcg.2011.234"", ""10.1109/tvcg.2017.2745280"", ""10.1109/tvcg.2020.3030407""]"
A5075733431,1,10.0,0,Thomas M. Hamill,"[""10.1109/scivis.2015.7429488""]"
A5075733920,1,6.0,0,Eric J. Rawdon,"[""10.1109/visual.2005.1532844""]"
A5075766572,1,40.0,0,Sarah Burke,"[""10.1109/tvcg.2015.2467991""]"
A5075773750,3,85.0,0,Werner Purgathofer,"[""10.1109/tvcg.2014.2346352"", ""10.1109/tvcg.2014.2346744"", ""10.1109/visual.2002.1183812""]"
A5075780861,5,128.0,0,Gordon Erlebacher,"[""10.1109/visual.2000.885689"", ""10.1109/visual.2001.964493"", ""10.1109/visual.2002.1183813"", ""10.1109/visual.2002.1183822"", ""10.1109/visual.2003.1250361""]"
A5075797943,1,59.0,0,Y. Hoshiya,"[""10.1109/infvis.2005.1532144""]"
A5075817746,1,4.0,0,Peter Lüders,"[""10.1109/infvis.1995.528683""]"
A5075846286,1,38.0,0,Bhavya Ghai,"[""10.1109/tvcg.2022.3209484""]"
A5075850097,1,18.0,0,Agnès Braud,"[""10.1109/vast.2014.7042488""]"
A5075870288,2,9.0,0,Zhaohua Ding,"[""10.1109/visual.1997.663925"", ""10.1109/visual.2001.964549""]"
A5075876111,2,44.0,0,Dong Hyun Jeong,"[""10.1109/vast.2008.4677360"", ""10.1109/vast.2010.5653599""]"
A5075918903,1,14.0,0,Gene Golovchinsky,"[""10.1109/infvis.1995.528681""]"
A5075939839,2,31.0,0,Shishi Xiao,"[""10.1109/tvcg.2023.3326913"", ""10.1109/tvcg.2024.3456387""]"
A5075947472,5,779.0,1,Conglei Shi,"[""10.1109/tvcg.2011.239"", ""10.1109/tvcg.2012.253"", ""10.1109/tvcg.2014.2346912"", ""10.1109/tvcg.2015.2467196"", ""10.1109/tvcg.2015.2467851""]"
A5075970233,1,5.0,0,Andrew V. Royappa,"[""10.1109/visual.1994.346335""]"
A5076001214,2,49.0,1,Minh X. Nguyen,"[""10.1109/visual.2001.964492"", ""10.1109/visual.2005.1532812""]"
A5076034475,1,55.0,0,Shenghui Cheng,"[""10.1109/tvcg.2015.2467552""]"
A5076036737,1,1.0,1,Brian Yin,"[""10.1109/tvcg.2021.3114780""]"
A5076075267,1,18.0,0,Byonghyo Shim,"[""10.1109/tvcg.2010.155""]"
A5076081056,1,40.0,0,Haipeng Cai,"[""10.1109/tvcg.2012.216""]"
A5076085101,1,16.0,0,K. Santilli,"[""10.1109/visual.2004.34""]"
A5076189854,1,113.0,0,Michael S. Bernstein,"[""10.1109/tvcg.2014.2346978""]"
A5076199482,1,11.0,0,Takaharu Miyoshi,"[""10.1109/visual.1998.745281""]"
A5076210591,1,130.0,0,Xi Zhu,"[""10.1109/tvcg.2014.2346271""]"
A5076214057,1,38.0,0,Olivier Thonnard,"[""10.1109/tvcg.2019.2934609""]"
A5076238397,1,12.0,0,G. Stoll,"[""10.1109/visual.1992.235189""]"
A5076239296,1,163.0,1,Luana Micallef,"[""10.1109/tvcg.2012.199""]"
A5076261285,1,4.0,0,Jiali Wang,"[""10.1109/tvcg.2023.3326905""]"
A5076306018,1,0.0,0,Danni Liu,"[""10.1109/tvcg.2024.3456343""]"
A5076331387,2,32.0,0,Katrien Verbert,"[""10.1109/tvcg.2020.3030426"", ""10.1109/tvcg.2022.3209436""]"
A5076364495,2,25.0,1,Erin Mcgowan,"[""10.1109/tvcg.2023.3327396"", ""10.1109/tvcg.2024.3456388""]"
A5076411627,1,6.0,0,P. Gritsai,"[""10.1109/tvcg.2009.183""]"
A5076423724,1,182.0,0,Fangzhao Wu,"[""10.1109/tvcg.2014.2346920""]"
A5076428998,1,35.0,1,Marcel Wunderlich,"[""10.1109/tvcg.2020.3030437""]"
A5076430518,2,180.0,0,Dipayan Maiti,"[""10.1109/tvcg.2013.188"", ""10.1109/vast.2011.6102449""]"
A5076446487,1,77.0,1,Dave Brown,"[""10.1109/tvcg.2020.3030435""]"
A5076455568,1,7.0,0,Jean M. Favre,"[""10.1109/visual.1997.663913""]"
A5076466786,1,2.0,0,Manlio Massiris Fernandez,"[""10.1109/tvcg.2022.3209432""]"
A5076477022,1,5.0,0,P.j. Smith,"[""10.1109/visual.1992.235227""]"
A5076519275,2,112.0,0,James Agutter,"[""10.1109/tvcg.2014.2346331"", ""10.1109/visual.2003.1250352""]"
A5076524203,2,242.0,0,Ruigang Yang,"[""10.1109/visual.1999.809883"", ""10.1109/visual.2001.964508""]"
A5076532363,9,1853.0,2,Frank Van Ham,"[""10.1109/infvis.2002.1173153"", ""10.1109/infvis.2003.1249030"", ""10.1109/infvis.2004.43"", ""10.1109/infvis.2004.46"", ""10.1109/tvcg.2006.120"", ""10.1109/tvcg.2007.70577"", ""10.1109/tvcg.2008.155"", ""10.1109/tvcg.2009.108"", ""10.1109/tvcg.2009.165""]"
A5076545746,2,120.0,0,Rick Kazman,"[""10.1109/infvis.1995.528689"", ""10.1109/infvis.1996.559212""]"
A5076551093,3,121.0,1,Jochen Görtler,"[""10.1109/tvcg.2017.2743959"", ""10.1109/tvcg.2019.2934812"", ""10.1109/tvcg.2021.3114834""]"
A5076558585,1,0.0,0,P.j. Mercurio,"[""10.1109/visual.1992.235177""]"
A5076564852,2,0.0,0,R. Vanliere,"[""10.1109/visual.1998.745307"", ""10.1109/visual.1998.745324""]"
A5076567941,1,47.0,0,Christoph Kubisch,"[""10.1109/tvcg.2008.161""]"
A5076580436,1,9.0,0,Maria M. Loughlin,"[""10.1109/visual.1994.346309""]"
A5076584054,1,713.0,1,Jesse Kriss,"[""10.1109/tvcg.2007.70577""]"
A5076622540,3,79.0,1,Subhashis Hazarika,"[""10.1109/tvcg.2017.2744099"", ""10.1109/tvcg.2018.2864801"", ""10.1109/tvcg.2019.2934591""]"
A5076643407,1,108.0,1,Zening Qu,"[""10.1109/tvcg.2017.2744198""]"
A5076694922,2,56.0,0,Jessie Kennedy,"[""10.1109/infvis.2003.1249023"", ""10.1109/tvcg.2007.70556""]"
A5076733321,3,189.0,0,Florian Mansmann,"[""10.1109/tvcg.2007.70522"", ""10.1109/tvcg.2009.182"", ""10.1109/vast.2006.261438""]"
A5076734836,1,10.0,0,Zafar Ahmed,"[""10.1109/vast.2012.6400493""]"
A5076741848,1,273.0,1,Danilo Barbosa Coimbra,"[""10.1109/tvcg.2011.220""]"
A5076756639,1,35.0,1,Markus Petzold,"[""10.1109/tvcg.2020.3030437""]"
A5076768552,3,43.0,0,Peter Wonka,"[""10.1109/tvcg.2008.176"", ""10.1109/tvcg.2020.3030415"", ""10.1109/visual.2003.1250409""]"
A5076776861,1,37.0,0,Charles W. Grant,"[""10.1109/visual.1994.346312""]"
A5076798669,1,90.0,0,Thomas S. Deisboeck,"[""10.1109/visual.2001.964545""]"
A5076808965,1,10.0,0,Ugo Varetto,"[""10.1109/tvcg.2009.158""]"
A5076832321,1,153.0,0,Monica Tavanti,"[""10.1109/infvis.2001.963291""]"
A5076852435,1,58.0,0,Katharina Reinecke,"[""10.1109/tvcg.2017.2745240""]"
A5076860785,5,182.0,0,Ayan Biswas,"[""10.1109/tvcg.2013.133"", ""10.1109/tvcg.2016.2598869"", ""10.1109/tvcg.2017.2744099"", ""10.1109/tvcg.2018.2865051"", ""10.1109/tvcg.2022.3209419""]"
A5076870800,1,36.0,1,Karl Bladin,"[""10.1109/tvcg.2017.2743958""]"
A5076895332,1,13.0,0,Steven P. Reiss,"[""10.1109/infvis.1997.636785""]"
A5076924738,1,166.0,0,C.t. Silva,"[""10.1109/visual.2005.1532788""]"
A5076925843,1,42.0,0,Shuxin Wang,"[""10.1109/visual.1994.346340""]"
A5076939820,1,4.0,0,J. De Corral,"[""10.1109/visual.2005.1532827""]"
A5076947913,4,280.0,1,Honghui Mei,"[""10.1109/tvcg.2014.2346594"", ""10.1109/tvcg.2016.2598664"", ""10.1109/tvcg.2019.2934208"", ""10.1109/tvcg.2019.2934800""]"
A5076956337,2,51.0,0,Malgorzata Migut,"[""10.1109/vast.2010.5652398"", ""10.1109/vast.2011.6102451""]"
A5076979824,1,40.0,0,Filip Dabek,"[""10.1109/tvcg.2016.2598471""]"
A5077000036,1,16.0,1,Nan Chen,"[""10.1109/tvcg.2024.3456320""]"
A5077003401,1,4.0,0,M. Margaliot,"[""10.1109/visual.1994.346336""]"
A5077096282,1,32.0,0,Olaf Kolditz,"[""10.1109/tvcg.2018.2864846""]"
A5077119810,1,11.0,0,C.t. Silva,"[""10.1109/visual.1995.480813""]"
A5077148853,6,901.0,0,Anushka Anand,"[""10.1109/infvis.2005.1532142"", ""10.1109/tvcg.2010.197"", ""10.1109/tvcg.2014.2346320"", ""10.1109/tvcg.2015.2467191"", ""10.1109/tvcg.2015.2467323"", ""10.1109/vast.2012.6400490""]"
A5077182970,1,0.0,0,Jean Krivine,"[""10.1109/tvcg.2017.2745280""]"
A5077188850,1,11.0,0,Baldwin Nsonga,"[""10.1109/tvcg.2019.2934367""]"
A5077190153,1,26.0,0,Jeffrey A. Stevens,"[""10.1109/visual.1995.480790""]"
A5077191719,28,1922.0,1,Bernd Hamann,"[""10.1109/tvcg.2007.70543"", ""10.1109/tvcg.2007.70552"", ""10.1109/tvcg.2007.70579"", ""10.1109/tvcg.2007.70590"", ""10.1109/tvcg.2007.70603"", ""10.1109/tvcg.2008.110"", ""10.1109/tvcg.2010.173"", ""10.1109/tvcg.2011.162"", ""10.1109/tvcg.2012.239"", ""10.1109/tvcg.2012.280"", ""10.1109/tvcg.2014.2346456"", ""10.1109/visual.1990.146363"", ""10.1109/visual.1991.175782"", ""10.1109/visual.1996.568147"", ""10.1109/visual.1997.663906"", ""10.1109/visual.1998.745315"", ""10.1109/visual.1999.809863"", ""10.1109/visual.1999.809908"", ""10.1109/visual.2000.885720"", ""10.1109/visual.2001.964506"", ""10.1109/visual.2001.964525"", ""10.1109/visual.2002.1183772"", ""10.1109/visual.2003.1250365"", ""10.1109/visual.2003.1250389"", ""10.1109/visual.2003.1250423"", ""10.1109/visual.2004.80"", ""10.1109/visual.2005.1532826"", ""10.1109/visual.2005.1532839""]"
A5077204103,5,199.0,0,Marcel Breeuwer,"[""10.1109/tvcg.2007.70550"", ""10.1109/tvcg.2008.180"", ""10.1109/tvcg.2010.153"", ""10.1109/tvcg.2011.215"", ""10.1109/tvcg.2015.2467872""]"
A5077206384,1,15.0,0,P. Shirley,"[""10.1109/visual.2005.1532796""]"
A5077256212,1,39.0,0,Jason J. Levit,"[""10.1109/visual.2003.1250383""]"
A5077257816,1,20.0,0,Andrew W. Moore,"[""10.1109/infvis.1999.801862""]"
A5077258803,2,183.0,0,Jan Van Gemert,"[""10.1109/tvcg.2017.2744358"", ""10.1109/vast.2011.6102451""]"
A5077270817,1,3.0,0,L. Voinea,"[""10.1109/infvis.2004.25""]"
A5077297224,2,309.0,0,B. Mcdonnel,"[""10.1109/tvcg.2009.191"", ""10.1109/tvcg.2010.162""]"
A5077297626,2,157.0,0,Federico Ponchio,"[""10.1109/visual.2003.1250366"", ""10.1109/visual.2005.1532797""]"
A5077298065,1,8.0,0,Aoxue Liu,"[""10.1109/visual.1991.175806""]"
A5077314929,1,58.0,0,Emílio Vital Brazil,"[""10.1109/vast.2012.6400489""]"
A5077317339,1,10.0,0,Edith C.‐h. Ngai,"[""10.1109/tvcg.2023.3326943""]"
A5077331168,2,163.0,0,Peter Zolliker,"[""10.1109/tvcg.2007.70542"", ""10.1109/tvcg.2008.118""]"
A5077344773,1,155.0,0,Sven Bachthaler,"[""10.1109/tvcg.2008.119""]"
A5077379829,1,75.0,0,Yiping W. Han,"[""10.1109/vast.2007.4388999""]"
A5077397211,1,14.0,0,Klaus Reichenberger,"[""10.1109/infvis.1995.528681""]"
A5077410212,1,7.0,0,Zhengxiang Wang,"[""10.1109/tvcg.2022.3209422""]"
A5077436220,1,142.0,1,Alexei A. Efros,"[""10.1109/tvcg.2014.2346446""]"
A5077439244,2,164.0,1,W.e. Lorensen,"[""10.1109/visual.1991.175789"", ""10.1109/visual.1996.567752""]"
A5077448787,1,1.0,0,M. Hall,"[""10.1109/visual.2005.1532791""]"
A5077450520,2,13.0,0,Vaishali Dhanoa,"[""10.1109/tvcg.2023.3326525"", ""10.1109/tvcg.2024.3456347""]"
A5077488582,1,59.0,0,Xiaoyan Kui,"[""10.1109/tvcg.2019.2934655""]"
A5077490455,1,133.0,0,Kevin Buchin,"[""10.1109/tvcg.2011.202""]"
A5077494833,1,73.0,0,James D. Foley,"[""10.1109/tvcg.2009.176""]"
A5077522919,1,67.0,0,Maria Tekusova,"[""10.1109/vast.2012.6400553""]"
A5077525727,1,38.0,0,Giuseppe Santucci,"[""10.1109/tvcg.2018.2865028""]"
A5077551675,1,89.0,0,Fabian Maas,"[""10.1109/vast.2012.6400488""]"
A5077554409,1,9.0,0,Scott Atchley,"[""10.1109/visual.2005.1532794""]"
A5077564236,1,18.0,0,J. Lohse,"[""10.1109/visual.1990.146374""]"
A5077567327,1,24.0,0,Daniel Olson,"[""10.1109/tvcg.2019.2934260""]"
A5077578999,1,7.0,0,Ikhyun Park,"[""10.1109/vast.2008.4677369""]"
A5077620183,1,17.0,0,Andreas Glatz,"[""10.1109/tvcg.2015.2466838""]"
A5077645218,1,53.0,0,Ralph Brecheisen,"[""10.1109/tvcg.2009.170""]"
A5077663928,5,184.0,0,Colin Ware,"[""10.1109/tvcg.2006.183"", ""10.1109/tvcg.2009.175"", ""10.1109/tvcg.2016.2598448"", ""10.1109/tvcg.2017.2743978"", ""10.1109/visual.2005.1532782""]"
A5077676989,1,2.0,0,Eric Cowgill,"[""10.1109/tvcg.2012.239""]"
A5077712580,18,1355.0,1,David Gotz,"[""10.1109/tvcg.2010.154"", ""10.1109/tvcg.2011.188"", ""10.1109/tvcg.2012.225"", ""10.1109/tvcg.2014.2346574"", ""10.1109/tvcg.2014.2346682"", ""10.1109/tvcg.2017.2745320"", ""10.1109/tvcg.2018.2864885"", ""10.1109/tvcg.2019.2934209"", ""10.1109/tvcg.2019.2934661"", ""10.1109/tvcg.2020.3030455"", ""10.1109/tvcg.2020.3030465"", ""10.1109/tvcg.2021.3114779"", ""10.1109/tvcg.2022.3209445"", ""10.1109/tvcg.2024.3456369"", ""10.1109/tvcg.2024.3456381"", ""10.1109/vast.2006.261430"", ""10.1109/vast.2008.4677365"", ""10.1109/vast.2009.5333023""]"
A5077783676,8,1256.0,1,Arvind Satyanarayan,"[""10.1109/tvcg.2015.2467091"", ""10.1109/tvcg.2016.2599030"", ""10.1109/tvcg.2019.2934281"", ""10.1109/tvcg.2020.3030367"", ""10.1109/tvcg.2022.3209369"", ""10.1109/tvcg.2022.3209383"", ""10.1109/tvcg.2023.3327158"", ""10.1109/tvcg.2024.3456217""]"
A5077811422,1,18.0,0,Byeonghun Lee,"[""10.1109/tvcg.2010.155""]"
A5077824437,1,52.0,0,Mao Lin Huang,"[""10.1109/infvis.2002.1173152""]"
A5077866666,1,7.0,0,Nan Chen,"[""10.1109/tvcg.2023.3326925""]"
A5077897234,1,32.0,0,Pascal Gros,"[""10.1109/infvis.2000.885104""]"
A5077903750,1,1.0,0,Larry Smithmier,"[""10.1109/visual.1997.663926""]"
A5077940635,5,168.0,0,Johann Kastner,"[""10.1109/tvcg.2007.70598"", ""10.1109/tvcg.2011.228"", ""10.1109/tvcg.2013.177"", ""10.1109/tvcg.2018.2864510"", ""10.1109/vast.2016.7883516""]"
A5077955263,4,79.0,0,Thomas Butkiewicz,"[""10.1109/tvcg.2008.149"", ""10.1109/tvcg.2015.2467962"", ""10.1109/tvcg.2016.2598448"", ""10.1109/vast.2011.6102463""]"
A5077973472,1,73.0,0,Frank Losasso,"[""10.1109/visual.2003.1250392""]"
A5078009095,1,28.0,0,Robert M. Boudreau,"[""10.1109/tvcg.2013.161""]"
A5078024533,1,17.0,0,E. Gawlinski,"[""10.1109/visual.1990.146389""]"
A5078046532,1,2.0,0,Derek Gray,"[""10.1109/tvcg.2020.3030358""]"
A5078083248,1,31.0,0,Robert A. Cross,"[""10.1109/visual.1993.398869""]"
A5078086722,6,404.0,1,Jürgen Bernard,"[""10.1109/tvcg.2013.178"", ""10.1109/tvcg.2017.2744805"", ""10.1109/tvcg.2017.2744818"", ""10.1109/tvcg.2021.3114797"", ""10.1109/tvcg.2024.3456329"", ""10.1109/vast.2008.4677350""]"
A5078104762,1,38.0,0,Laura Von Rüden,"[""10.1109/tvcg.2016.2598467""]"
A5078112255,1,75.0,0,Nazanin Kadivar,"[""10.1109/vast.2009.5333020""]"
A5078127596,2,41.0,0,Bernhard Kainz,"[""10.1109/tvcg.2011.184"", ""10.1109/tvcg.2013.180""]"
A5078137076,3,34.0,0,Stéfanie Hahmann,"[""10.1109/visual.1992.235224"", ""10.1109/visual.1996.567602"", ""10.1109/visual.2000.885719""]"
A5078138445,2,144.0,0,Guang Lin,"[""10.1109/tvcg.2016.2598830"", ""10.1109/tvcg.2016.2598869""]"
A5078148971,1,65.0,0,Hans Lamecker,"[""10.1109/tvcg.2013.159""]"
A5078150260,2,46.0,0,Haichao Miao,"[""10.1109/tvcg.2017.2743981"", ""10.1109/tvcg.2019.2934334""]"
A5078150331,1,16.0,0,D.g. Kerlick,"[""10.1109/visual.1990.146373""]"
A5078170988,1,8.0,1,Matthew Butler,"[""10.1109/tvcg.2024.3456358""]"
A5078173428,4,189.0,0,Sung‐eui Yoon,"[""10.1109/tvcg.2006.162"", ""10.1109/tvcg.2007.70585"", ""10.1109/visual.2003.1250368"", ""10.1109/visual.2004.86""]"
A5078198844,1,18.0,0,Jiacheng Pan,"[""10.1109/tvcg.2020.3030393""]"
A5078212008,1,35.0,0,Luiz Morais,"[""10.1109/tvcg.2023.3327378""]"
A5078217605,1,13.0,0,S. Ethier,"[""10.1109/visual.2004.122""]"
A5078222237,1,11.0,0,Samuel Leventhal,"[""10.1109/tvcg.2019.2934620""]"
A5078247403,1,18.0,0,Frederick P. Brooks,"[""10.1109/visual.1997.663923""]"
A5078255818,2,90.0,0,Radu Jianu,"[""10.1109/tvcg.2009.141"", ""10.1109/tvcg.2012.214""]"
A5078268469,2,70.0,0,John Plate,"[""10.1109/tvcg.2007.70534"", ""10.1109/visual.1999.809884""]"
A5078268992,1,2.0,0,Hanze Jia,"[""10.1109/tvcg.2024.3456181""]"
A5078275988,1,7.0,0,Christophe Winkler,"[""10.1109/visual.1999.809922""]"
A5078297482,1,75.0,0,Victor Chen,"[""10.1109/vast.2009.5333020""]"
A5078304037,2,24.0,0,Gabriel Appleby,"[""10.1109/tvcg.2023.3326904"", ""10.1109/tvcg.2024.3456391""]"
A5078317897,4,151.0,0,Ryan Wesslen,"[""10.1109/tvcg.2020.3029412"", ""10.1109/tvcg.2021.3114820"", ""10.1109/vast.2017.8585658"", ""10.1109/vast.2017.8585665""]"
A5078324359,1,90.0,0,Carlo Pierpaoli,"[""10.1109/visual.2001.964545""]"
A5078340650,1,30.0,0,Jarrett L. Johnson,"[""10.1109/tvcg.2007.70526""]"
A5078390327,3,468.0,0,Dennis Thom,"[""10.1109/tvcg.2013.186"", ""10.1109/vast.2012.6400557"", ""10.1109/vast.2014.7042495""]"
A5078394037,2,30.0,0,Siwei Tan,"[""10.1109/tvcg.2022.3209483"", ""10.1109/tvcg.2023.3327148""]"
A5078424052,2,23.0,1,Samer S. Barakat,"[""10.1109/tvcg.2012.269"", ""10.1109/tvcg.2013.128""]"
A5078452051,1,85.0,0,Georg Fuchs,"[""10.1109/tvcg.2017.2744322""]"
A5078465566,1,29.0,0,Maurizio Pizzonia,"[""10.1109/tvcg.2006.185""]"
A5078466092,1,10.0,0,Kurt Kremer,"[""10.1109/visual.1998.745304""]"
A5078468440,1,17.0,0,J.r. Wright,"[""10.1109/visual.1992.235190""]"
A5078494006,1,33.0,0,Lawrence H. Staib,"[""10.1109/tvcg.2008.150""]"
A5078505477,1,11.0,0,R. Spell,"[""10.1109/infvis.2003.1249029""]"
A5078526118,1,27.0,0,Clio Andris,"[""10.1109/tvcg.2022.3209493""]"
A5078536303,7,687.0,2,Samuel Gratzl,"[""10.1109/tvcg.2013.154"", ""10.1109/tvcg.2013.173"", ""10.1109/tvcg.2014.2346260"", ""10.1109/tvcg.2014.2346578"", ""10.1109/tvcg.2018.2865024"", ""10.1109/tvcg.2020.3030334"", ""10.1109/tvcg.2020.3030364""]"
A5078538935,2,74.0,0,Ian M. Thornton,"[""10.1109/tvcg.2006.194"", ""10.1109/tvcg.2010.150""]"
A5078554761,1,20.0,0,B. B. Van Der Horst,"[""10.1109/vast.2007.4388996""]"
A5078565296,13,463.0,1,Xiao Xie,"[""10.1109/tvcg.2018.2865041"", ""10.1109/tvcg.2019.2934630"", ""10.1109/tvcg.2020.3028957"", ""10.1109/tvcg.2020.3030359"", ""10.1109/tvcg.2021.3114875"", ""10.1109/tvcg.2021.3114877"", ""10.1109/tvcg.2022.3209352"", ""10.1109/tvcg.2022.3209373"", ""10.1109/tvcg.2022.3209497"", ""10.1109/tvcg.2023.3326524"", ""10.1109/tvcg.2023.3327376"", ""10.1109/tvcg.2024.3456200"", ""10.1109/tvcg.2024.3456216""]"
A5078567249,1,49.0,0,Naohisa Sakamoto,"[""10.1109/tvcg.2020.3028889""]"
A5078588110,1,27.0,0,Vitalis Wiens,"[""10.1109/tvcg.2015.2467031""]"
A5078618116,1,9.0,0,J. Fischer,"[""10.1109/visual.2005.1532855""]"
A5078653899,3,110.0,0,Cristian Felix,"[""10.1109/tvcg.2016.2598447"", ""10.1109/tvcg.2017.2746018"", ""10.1109/tvcg.2018.2865023""]"
A5078687182,1,65.0,0,Michael Horn,"[""10.1109/tvcg.2012.272""]"
A5078691743,1,1.0,0,Yan Jen Su,"[""10.1109/visual.2004.69""]"
A5078697519,1,4.0,0,Jeroen Van Der Zijp,"[""10.1109/visual.1996.568145""]"
A5078715930,1,24.0,0,Richard Beigel,"[""10.1109/infvis.1997.636790""]"
A5078720904,1,21.0,0,Eike Nagel,"[""10.1109/tvcg.2008.180""]"
A5078735794,1,7.0,0,Atul Rungta,"[""10.1109/tvcg.2013.174""]"
A5078755914,5,201.0,0,Arpit Narechania,"[""10.1109/tvcg.2020.3030378"", ""10.1109/tvcg.2020.3030382"", ""10.1109/tvcg.2021.3114820"", ""10.1109/tvcg.2021.3114827"", ""10.1109/tvcg.2024.3456144""]"
A5078786321,1,113.0,1,Jean‐marc Verbavatz,"[""10.1109/tvcg.2011.248""]"
A5078797277,1,12.0,0,María Esteva,"[""10.1109/vast.2011.6102462""]"
A5078798965,1,96.0,0,Éric Sanjuan,"[""10.1109/vast.2006.261431""]"
A5078815230,1,40.0,0,Christina Niederer,"[""10.1109/tvcg.2017.2745298""]"
A5078850645,1,17.0,0,Thomas Wilde,"[""10.1109/tvcg.2018.2864813""]"
A5078869477,1,8.0,0,John R. Grant,"[""10.1109/visual.2002.1183822""]"
A5078873032,1,110.0,0,Jennifer L. Gardy,"[""10.1109/tvcg.2008.117""]"
A5078876685,1,12.0,0,David Hysom,"[""10.1109/tvcg.2019.2934594""]"
A5078907679,4,289.0,0,Pourang Irani,"[""10.1109/tvcg.2007.70528"", ""10.1109/tvcg.2013.168"", ""10.1109/tvcg.2016.2598647"", ""10.1109/vast.2016.7883506""]"
A5078912963,2,12.0,1,Michael Oppermann,"[""10.1109/tvcg.2020.3030387"", ""10.1109/tvcg.2021.3114841""]"
A5078960085,1,107.0,0,Chaoguang Lin,"[""10.1109/tvcg.2017.2744419""]"
A5078971011,1,173.0,0,Paul Hoffman,"[""10.1109/visual.1997.663916""]"
A5078987756,3,32.0,0,Botong Qu,"[""10.1109/tvcg.2019.2934314"", ""10.1109/tvcg.2020.3030431"", ""10.1109/tvcg.2021.3114759""]"
A5078989577,1,110.0,0,Chee Yap,"[""10.1109/tvcg.2006.136""]"
A5078997509,1,31.0,0,Anita Ruangrotsakun,"[""10.1109/tvcg.2022.3209425""]"
A5079006352,1,108.0,0,Lars Erik Haug,"[""10.1109/vast.2009.5333919""]"
A5079015255,1,69.0,0,F.j. Post,"[""10.1109/visual.1995.485141""]"
A5079085366,8,206.0,0,Lichan Hong,"[""10.1109/vast.2006.261418"", ""10.1109/visual.1994.346340"", ""10.1109/visual.1995.480796"", ""10.1109/visual.1995.480818"", ""10.1109/visual.1995.485142"", ""10.1109/visual.1996.568113"", ""10.1109/visual.1997.663915"", ""10.1109/visual.1998.745310""]"
A5079089831,6,390.0,1,Sarah Goodwin,"[""10.1109/tvcg.2013.145"", ""10.1109/tvcg.2015.2467199"", ""10.1109/tvcg.2016.2598545"", ""10.1109/tvcg.2016.2598885"", ""10.1109/tvcg.2018.2865241"", ""10.1109/tvcg.2020.3030334""]"
A5079108174,1,16.0,0,Bernhard Geiger,"[""10.1109/visual.1993.398903""]"
A5079119405,1,1.0,0,George Celniker,"[""10.1109/visual.1993.398892""]"
A5079133757,1,63.0,0,Brian Rexroad,"[""10.1109/tvcg.2007.70522""]"
A5079135329,1,38.0,0,Toshiyuki Masui,"[""10.1109/infvis.1998.729567""]"
A5079152739,2,32.0,0,Houda Lamqaddam,"[""10.1109/tvcg.2020.3030426"", ""10.1109/tvcg.2022.3209436""]"
A5079183364,3,827.0,0,Alfred Inselberg,"[""10.1109/infvis.1997.636793"", ""10.1109/infvis.1999.801865"", ""10.1109/visual.1990.146402""]"
A5079222963,5,777.0,1,Nicholas Diakopoulos,"[""10.1109/tvcg.2011.255"", ""10.1109/tvcg.2017.2744478"", ""10.1109/tvcg.2023.3327356"", ""10.1109/tvcg.2024.3456366"", ""10.1109/vast.2010.5652922""]"
A5079223076,1,16.0,0,Lauren Thorson,"[""10.1109/tvcg.2014.2346451""]"
A5079260713,1,1.0,0,J. Burnetti,"[""10.1109/visual.1991.175838""]"
A5079267936,1,65.0,0,Clemens Arbesser,"[""10.1109/tvcg.2016.2598592""]"
A5079272514,4,149.0,0,Bahador Saket,"[""10.1109/tvcg.2014.2346422"", ""10.1109/tvcg.2016.2598839"", ""10.1109/tvcg.2018.2865075"", ""10.1109/tvcg.2019.2934534""]"
A5079275693,1,32.0,0,Thomas Nagel,"[""10.1109/tvcg.2018.2864846""]"
A5079282430,1,2.0,0,Yutian Zhang,"[""10.1109/tvcg.2024.3456392""]"
A5079287966,1,10.0,0,R. Balakrishnan,"[""10.1109/infvis.2004.21""]"
A5079289629,2,55.0,0,Berk Geveci,"[""10.1109/tvcg.2007.70600"", ""10.1109/visual.2004.15""]"
A5079291115,1,9.0,0,William Pike,"[""10.1109/vast.2008.4677366""]"
A5079350674,1,38.0,0,Marc Alexander Schweitzer,"[""10.1109/visual.2004.32""]"
A5079369129,21,1496.0,4,Jason Dykes,"[""10.1109/tvcg.2007.70558"", ""10.1109/tvcg.2007.70570"", ""10.1109/tvcg.2008.165"", ""10.1109/tvcg.2009.128"", ""10.1109/tvcg.2010.191"", ""10.1109/tvcg.2011.174"", ""10.1109/tvcg.2011.197"", ""10.1109/tvcg.2011.209"", ""10.1109/tvcg.2012.262"", ""10.1109/tvcg.2013.132"", ""10.1109/tvcg.2013.145"", ""10.1109/tvcg.2014.2346265"", ""10.1109/tvcg.2014.2346323"", ""10.1109/tvcg.2015.2467199"", ""10.1109/tvcg.2016.2598542"", ""10.1109/tvcg.2016.2598619"", ""10.1109/tvcg.2016.2598862"", ""10.1109/tvcg.2018.2864836"", ""10.1109/tvcg.2018.2865241"", ""10.1109/tvcg.2019.2934539"", ""10.1109/tvcg.2023.3327378""]"
A5079373108,1,5.0,0,J.a. Sutliff,"[""10.1109/visual.1994.346338""]"
A5079420045,1,28.0,0,Kevin Bensema,"[""10.1109/tvcg.2013.138""]"
A5079421746,1,5.0,0,J. Bernhardt,"[""10.1109/visual.2005.1532828""]"
A5079448223,2,25.0,0,Eli Holder,"[""10.1109/tvcg.2022.3209377"", ""10.1109/tvcg.2023.3326512""]"
A5079469658,8,643.0,3,Wesley Willett,"[""10.1109/tvcg.2007.70589"", ""10.1109/tvcg.2013.163"", ""10.1109/tvcg.2013.164"", ""10.1109/tvcg.2014.2346435"", ""10.1109/tvcg.2016.2598608"", ""10.1109/tvcg.2019.2934538"", ""10.1109/tvcg.2021.3114844"", ""10.1109/tvcg.2023.3326917""]"
A5079507712,6,187.0,1,Dominik Jäckle,"[""10.1109/tvcg.2015.2467553"", ""10.1109/tvcg.2018.2865049"", ""10.1109/tvcg.2019.2934243"", ""10.1109/tvcg.2020.3030398"", ""10.1109/tvcg.2021.3114797"", ""10.1109/vast.2017.8585613""]"
A5079524619,1,46.0,0,Dhiraj Barnwal,"[""10.1109/tvcg.2020.3030367""]"
A5079537893,4,261.0,0,Nadia Boukhelifa,"[""10.1109/tvcg.2012.220"", ""10.1109/tvcg.2012.262"", ""10.1109/tvcg.2019.2934593"", ""10.1109/vast.2010.5652896""]"
A5079543434,1,36.0,0,Gene Payne,"[""10.1109/tvcg.2019.2934259""]"
A5079547103,1,68.0,0,Matthias Gutberlet,"[""10.1109/tvcg.2013.189""]"
A5079619886,1,20.0,0,Thomas Funkhouser,"[""10.1109/visual.2002.1183792""]"
A5079624151,1,1.0,0,W.e. Lorensen,"[""10.1109/visual.1991.175787""]"
A5079639116,1,20.0,0,M. Andrew Eick,"[""10.1109/vast.2007.4388996""]"
A5079670764,1,23.0,0,Boyang Xie,"[""10.1109/tvcg.2021.3114878""]"
A5079673812,1,3.0,0,Martin Rieth,"[""10.1109/tvcg.2022.3209473""]"
A5079709359,1,6.0,0,Juho Kim,"[""10.1109/tvcg.2023.3327150""]"
A5079742046,1,79.0,0,Sashank Santhanam,"[""10.1109/vast.2017.8585665""]"
A5079762310,1,18.0,0,P. Thiansathaporn,"[""10.1109/visual.1997.663923""]"
A5079808637,1,35.0,0,Shivaraj Tenginakai,"[""10.1109/visual.2001.964516""]"
A5079825775,1,31.0,0,Christoph Csallner,"[""10.1109/infvis.2003.1249027""]"
A5079856131,1,4.0,0,Kevin Maher,"[""10.1109/tvcg.2023.3326932""]"
A5079891721,1,42.0,0,Tarique Siddiqui,"[""10.1109/tvcg.2019.2934666""]"
A5079897672,2,251.0,0,Başak Alper,"[""10.1109/tvcg.2011.186"", ""10.1109/tvcg.2011.234""]"
A5079905341,1,22.0,0,Frederick W. B. Li,"[""10.1109/tvcg.2006.114""]"
A5079916657,27,3940.0,6,Tamara Munzner,"[""10.1109/infvis.1996.559226"", ""10.1109/infvis.1997.636718"", ""10.1109/infvis.1999.801869"", ""10.1109/infvis.2004.60"", ""10.1109/tvcg.2006.127"", ""10.1109/tvcg.2006.177"", ""10.1109/tvcg.2007.70583"", ""10.1109/tvcg.2007.70596"", ""10.1109/tvcg.2008.117"", ""10.1109/tvcg.2009.111"", ""10.1109/tvcg.2009.167"", ""10.1109/tvcg.2010.137"", ""10.1109/tvcg.2012.213"", ""10.1109/tvcg.2012.255"", ""10.1109/tvcg.2013.124"", ""10.1109/tvcg.2013.153"", ""10.1109/tvcg.2013.214"", ""10.1109/tvcg.2014.2346431"", ""10.1109/tvcg.2015.2466971"", ""10.1109/tvcg.2015.2467531"", ""10.1109/tvcg.2017.2744319"", ""10.1109/tvcg.2020.3030387"", ""10.1109/tvcg.2020.3030462"", ""10.1109/tvcg.2021.3114841"", ""10.1109/tvcg.2024.3456174"", ""10.1109/vast.2007.4389008"", ""10.1109/vast.2010.5652392""]"
A5079984513,1,19.0,0,Gunnar Läthén,"[""10.1109/tvcg.2012.203""]"
A5079986783,14,623.0,1,Jiazhi Xia,"[""10.1109/tvcg.2017.2744098"", ""10.1109/tvcg.2018.2865020"", ""10.1109/tvcg.2018.2865139"", ""10.1109/tvcg.2019.2934800"", ""10.1109/tvcg.2020.3030410"", ""10.1109/tvcg.2020.3030428"", ""10.1109/tvcg.2020.3030432"", ""10.1109/tvcg.2021.3114694"", ""10.1109/tvcg.2022.3209347"", ""10.1109/tvcg.2022.3209423"", ""10.1109/tvcg.2023.3326515"", ""10.1109/vast47406.2019.8986943"", ""10.1109/vast50239.2020.00006"", ""10.1109/vast50239.2020.00015""]"
A5079994866,1,9.0,0,J. Hudson,"[""10.1109/visual.2001.964497""]"
A5079997473,4,369.0,0,Theresia Gschwandtner,"[""10.1109/tvcg.2015.2467752"", ""10.1109/tvcg.2016.2598468"", ""10.1109/tvcg.2017.2744758"", ""10.1109/tvcg.2019.2934658""]"
A5080002287,1,7.0,0,Eugen Zizer,"[""10.1109/tvcg.2017.2744299""]"
A5080030247,1,7.0,0,Yuval Levy,"[""10.1109/visual.1997.663857""]"
A5080033774,2,25.0,0,Aimen Gaba,"[""10.1109/tvcg.2022.3209456"", ""10.1109/tvcg.2023.3327192""]"
A5080075412,1,18.0,0,Ajit J. Nirmal,"[""10.1109/tvcg.2022.3209378""]"
A5080082057,1,13.0,0,Chittayong Surakitbanharn,"[""10.1109/tvcg.2019.2934603""]"
A5080082986,2,76.0,1,Ludovic Autin,"[""10.1109/tvcg.2017.2744258"", ""10.1109/tvcg.2020.3030415""]"
A5080086653,1,17.0,0,Chi Fai Cheung,"[""10.1109/tvcg.2011.242""]"
A5080089561,1,0.0,0,Jozef Bátrna,"[""10.1109/tvcg.2020.3030356""]"
A5080103945,1,39.0,0,Richard Franke,"[""10.1109/visual.1997.663887""]"
A5080127688,2,203.0,0,Michael Wörner,"[""10.1109/tvcg.2013.186"", ""10.1109/tvcg.2014.2346677""]"
A5080137012,1,7.0,0,F. Bertel,"[""10.1109/visual.2005.1532776""]"
A5080160526,1,18.0,0,Tobias Kulschewski,"[""10.1109/tvcg.2016.2598824""]"
A5080174595,2,34.0,0,A. Sagristà Sellés,"[""10.1109/tvcg.2016.2599018"", ""10.1109/tvcg.2018.2864508""]"
A5080181424,1,75.0,0,Dustin Dunsmuir,"[""10.1109/vast.2009.5333020""]"
A5080200184,1,31.0,0,Md Montaser Hamid,"[""10.1109/tvcg.2022.3209425""]"
A5080203120,2,163.0,0,Zhenhuang Wang,"[""10.1109/tvcg.2015.2467619"", ""10.1109/vast.2016.7883510""]"
A5080208364,1,97.0,0,Kartik Chanana,"[""10.1109/tvcg.2018.2865076""]"
A5080214212,1,115.0,1,Allison Silverman,"[""10.1109/tvcg.2018.2865147""]"
A5080248408,2,68.0,0,Jonathan Zong,"[""10.1109/tvcg.2020.3030367"", ""10.1109/tvcg.2022.3209369""]"
A5080263515,1,12.0,0,Frank Grave,"[""10.1109/tvcg.2008.177""]"
A5080263583,1,2.0,1,Haomin Li,"[""10.1109/tvcg.2021.3114836""]"
A5080267853,1,5.0,0,Bruce Lowekamp,"[""10.1109/visual.2002.1183828""]"
A5080272618,1,7.0,0,Rebecca K Tan,"[""10.1109/infvis.2003.1249032""]"
A5080292005,7,159.0,0,Tushar M. Athawale,"[""10.1109/tvcg.2013.208"", ""10.1109/tvcg.2015.2467958"", ""10.1109/tvcg.2018.2864505"", ""10.1109/tvcg.2020.3030394"", ""10.1109/tvcg.2022.3209424"", ""10.1109/tvcg.2023.3326592"", ""10.1109/tvcg.2024.3456393""]"
A5080342876,1,8.0,0,H. Ruder,"[""10.1109/visual.2005.1532845""]"
A5080348698,1,186.0,0,Rubaiat Habib Kazi,"[""10.1109/tvcg.2013.191""]"
A5080359624,1,1.0,0,Chin Tseng,"[""10.1109/tvcg.2024.3456385""]"
A5080378073,1,44.0,0,Sebastian Boring,"[""10.1109/tvcg.2010.206""]"
A5080392759,1,93.0,0,Sean Mccullough,"[""10.1109/tvcg.2014.2346926""]"
A5080393799,1,64.0,0,Sébastien Boyer,"[""10.1109/vast.2016.7883517""]"
A5080411826,1,93.0,0,Taeko Azuma,"[""10.1109/visual.1999.809932""]"
A5080427073,1,63.0,0,W.c. De Leeuw,"[""10.1109/visual.1993.398849""]"
A5080437616,1,6.0,0,Graham D. Finlayson,"[""10.1109/visual.2002.1183763""]"
A5080438656,8,316.0,1,R. Wegenkittl,"[""10.1109/visual.1997.663897"", ""10.1109/visual.2000.885732"", ""10.1109/visual.2001.964540"", ""10.1109/visual.2001.964555"", ""10.1109/visual.2002.1183754"", ""10.1109/visual.2002.1183812"", ""10.1109/visual.2003.1250353"", ""10.1109/visual.2004.98""]"
A5080474398,1,12.0,0,M. Strengert,"[""10.1109/visual.2005.1532799""]"
A5080477172,1,0.0,0,Patrick Oesterling,"[""10.1109/vast.2010.5652940""]"
A5080478642,1,19.0,0,Reshika Palaniyappan Velumani,"[""10.1109/tvcg.2020.3030337""]"
A5080483655,2,9.0,0,W. Strasser,"[""10.1109/visual.1993.398847"", ""10.1109/visual.2001.964557""]"
A5080488883,1,6.0,0,Siming Lu,"[""10.1109/visual.1995.485152""]"
A5080503099,1,6.0,0,Melissa E. Swift,"[""10.1109/tvcg.2022.3209454""]"
A5080513075,1,30.0,0,G.l. Schussman,"[""10.1109/visual.1997.663906""]"
A5080555595,2,176.0,0,Y. Frishman,"[""10.1109/infvis.2004.18"", ""10.1109/tvcg.2007.70580""]"
A5080591014,4,91.0,0,Ken Joy,"[""10.1109/tvcg.2008.157"", ""10.1109/visual.1997.663906"", ""10.1109/visual.2001.964506"", ""10.1109/visual.2001.964525""]"
A5080592510,1,59.0,0,Fearn Bishop,"[""10.1109/tvcg.2019.2934804""]"
A5080605005,1,2.0,0,W. Lierse,"[""10.1109/visual.1992.235218""]"
A5080609811,1,0.0,0,Zhe Wang,"[""10.1109/tvcg.2024.3456393""]"
A5080609957,2,92.0,0,Hanjun Xian,"[""10.1109/tvcg.2012.215"", ""10.1109/tvcg.2014.2346747""]"
A5080615708,3,37.0,0,Charles R. Dyer,"[""10.1109/visual.1992.235175"", ""10.1109/visual.1992.235215"", ""10.1109/visual.1994.346304""]"
A5080627217,1,207.0,0,Anjali Manivannan,"[""10.1109/tvcg.2014.2346419""]"
A5080631353,1,62.0,0,Julie Gonnering Lein,"[""10.1109/tvcg.2015.2467811""]"
A5080665667,1,1.0,0,Austin P. Wright,"[""10.1109/tvcg.2021.3114858""]"
A5080679300,1,30.0,0,Darrel Palke,"[""10.1109/tvcg.2011.170""]"
A5080701169,3,74.0,0,Shuyue Zhou,"[""10.1109/tvcg.2019.2934208"", ""10.1109/tvcg.2019.2934800"", ""10.1109/tvcg.2020.3030393""]"
A5080740692,1,59.0,0,M. Yamamoto,"[""10.1109/infvis.2005.1532144""]"
A5080754201,2,1.0,0,Theresa Marie Rhyne,"[""10.1109/infvis.1995.528694"", ""10.1109/visual.1992.235175""]"
A5080761699,1,8.0,0,C. Hasser,"[""10.1109/visual.2001.964548""]"
A5080765061,8,257.0,0,Xiaolong Zhang,"[""10.1109/tvcg.2011.247"", ""10.1109/tvcg.2015.2467619"", ""10.1109/tvcg.2018.2865139"", ""10.1109/tvcg.2022.3209482"", ""10.1109/tvcg.2023.3326515"", ""10.1109/vast.2012.6400558"", ""10.1109/vast.2017.8585638"", ""10.1109/vast50239.2020.00015""]"
A5080784100,1,114.0,0,Boris Müller,"[""10.1109/tvcg.2015.2467717""]"
A5080798381,1,10.0,0,Lei Zhang,"[""10.1109/vast50239.2020.00015""]"
A5080823228,1,2.0,0,Sara Wylie,"[""10.1109/tvcg.2020.3030472""]"
A5080839799,2,43.0,0,T. Ertl,"[""10.1109/visual.2005.1532799"", ""10.1109/visual.2005.1532830""]"
A5080855632,1,38.0,0,Limei Che,"[""10.1109/tvcg.2012.236""]"
A5080887618,1,55.0,0,Purvi Saraiya,"[""10.1109/infvis.2004.5""]"
A5080894318,1,14.0,0,Jun‐hai Yong,"[""10.1109/tvcg.2020.3030377""]"
A5080954876,1,10.0,0,Jaebum Kim,"[""10.1109/tvcg.2016.2598789""]"
A5080987337,3,476.0,0,Andrada Tatu,"[""10.1109/tvcg.2011.229"", ""10.1109/vast.2009.5332628"", ""10.1109/vast.2012.6400488""]"
A5080997507,1,18.0,0,Reuven Bakalash,"[""10.1109/visual.1990.146378""]"
A5081008532,1,13.0,0,Daniele Quercia,"[""10.1109/tvcg.2020.3030391""]"
A5081019709,1,25.0,0,Fabian Jirasek,"[""10.1109/tvcg.2021.3114870""]"
A5081043223,1,18.0,0,Nivedita Sahasrabudhe,"[""10.1109/visual.1999.809873""]"
A5081073195,3,75.0,0,Zhe Fan,"[""10.1109/tvcg.2007.70573"", ""10.1109/visual.2003.1250382"", ""10.1109/visual.2004.24""]"
A5081082727,3,37.0,0,K. G. Bemis,"[""10.1109/visual.1998.745347"", ""10.1109/visual.2000.885737"", ""10.1109/visual.2004.34""]"
A5081083896,1,68.0,0,Leonardo A. Martucci,"[""10.1109/infvis.1998.729570""]"
A5081108403,1,12.0,0,H. Hagen,"[""10.1109/visual.1992.235224""]"
A5081125645,1,30.0,0,Xinzhu Mu,"[""10.1109/vast.2015.7347632""]"
A5081133008,2,42.0,0,Yingmei Lavin,"[""10.1109/visual.1997.663857"", ""10.1109/visual.1998.745291""]"
A5081147881,1,64.0,0,Peiran Ren,"[""10.1109/tvcg.2020.3030467""]"
A5081152152,1,34.0,0,L. De Fioriani,"[""10.1109/visual.1997.663865""]"
A5081155583,1,1.0,0,D. Gresh,"[""10.1109/visual.2001.964547""]"
A5081205856,2,33.0,0,Ivan Baclija,"[""10.1109/tvcg.2013.215"", ""10.1109/vast.2012.6400555""]"
A5081228191,1,2.0,1,Joan Planas Iglesias,"[""10.1109/tvcg.2024.3456401""]"
A5081246092,4,52.0,0,Jürgen Döllner,"[""10.1109/tvcg.2023.3326569"", ""10.1109/tvcg.2024.3456308"", ""10.1109/visual.2000.885699"", ""10.1109/visual.2005.1532798""]"
A5081274814,2,111.0,0,Shouxing Xiang,"[""10.1109/tvcg.2020.3030432"", ""10.1109/vast47406.2019.8986943""]"
A5081281752,1,38.0,0,Timothy Sandstrom,"[""10.1109/tvcg.2006.128""]"
A5081285219,1,69.0,0,P. Leube,"[""10.1109/tvcg.2011.203""]"
A5081290775,1,149.0,0,Sebastian Mittelstädt,"[""10.1109/vast.2012.6400554""]"
A5081298505,1,7.0,0,E. Kirby,"[""10.1109/visual.1993.398895""]"
A5081299245,2,23.0,0,Nahum Gershon,"[""10.1109/infvis.1995.528696"", ""10.1109/visual.1990.146376""]"
A5081339413,2,122.0,1,Konstantinos Efstathiou,"[""10.1109/tvcg.2012.217"", ""10.1109/tvcg.2015.2467202""]"
A5081346568,10,267.0,0,Mingliang Xu,"[""10.1109/tvcg.2019.2934671"", ""10.1109/tvcg.2020.3030458"", ""10.1109/tvcg.2021.3114875"", ""10.1109/tvcg.2022.3209371"", ""10.1109/tvcg.2022.3209470"", ""10.1109/tvcg.2022.3209475"", ""10.1109/tvcg.2023.3326524"", ""10.1109/tvcg.2023.3327148"", ""10.1109/tvcg.2023.3327162"", ""10.1109/vast50239.2020.00006""]"
A5081375557,1,3.0,0,N. Volkow,"[""10.1109/visual.2001.964556""]"
A5081381214,2,17.0,0,Miguel A. Nacenta,"[""10.1109/tvcg.2020.3030446"", ""10.1109/tvcg.2024.3456403""]"
A5081393180,1,16.0,0,J. Schwegler,"[""10.1109/visual.1991.175796""]"
A5081397237,1,1.0,0,A. Mankofsky,"[""10.1109/visual.1994.346300""]"
A5081432563,1,6.0,0,Jason Cantarella,"[""10.1109/visual.2005.1532844""]"
A5081435013,1,1.0,0,D. Watson,"[""10.1109/visual.1991.175781""]"
A5081436027,1,35.0,0,A. Staszczak,"[""10.1109/tvcg.2012.287""]"
A5081437173,1,266.0,0,Ronald A. Rensink,"[""10.1109/tvcg.2014.2346984""]"
A5081456690,3,153.0,0,Bart M. Ter Haar Romeny,"[""10.1109/tvcg.2009.170"", ""10.1109/tvcg.2010.153"", ""10.1109/tvcg.2011.215""]"
A5081467444,1,12.0,0,André Ancel,"[""10.1109/tvcg.2010.187""]"
A5081482791,1,10.0,0,F. Gyorgy,"[""10.1109/visual.1990.146380""]"
A5081506338,2,116.0,0,Abhinav Bhatelé,"[""10.1109/tvcg.2012.286"", ""10.1109/tvcg.2014.2346456""]"
A5081520352,1,83.0,0,Sébastien Rufiange,"[""10.1109/tvcg.2013.149""]"
A5081539340,1,5.0,0,Van Quan Ho,"[""10.1109/vast.2009.5332610""]"
A5081553336,1,591.0,0,Mark Mineev Weinstein,"[""10.1109/visual.1997.663860""]"
A5081572822,1,36.0,0,Florian Reichl,"[""10.1109/tvcg.2012.274""]"
A5081576889,1,9.0,0,Sebastian Mazza,"[""10.1109/tvcg.2020.3030436""]"
A5081589066,1,50.0,0,Dean Frederick Jerding,"[""10.1109/infvis.1995.528685""]"
A5081589998,1,1.0,0,Matías Nicolás Selzer,"[""10.1109/tvcg.2020.3030438""]"
A5081597480,2,157.0,0,Fabio Ganovelli,"[""10.1109/visual.2003.1250366"", ""10.1109/visual.2005.1532797""]"
A5081622405,9,570.0,1,Robert Kosara,"[""10.1109/infvis.2005.1532139"", ""10.1109/tvcg.2007.70574"", ""10.1109/tvcg.2008.171"", ""10.1109/tvcg.2010.174"", ""10.1109/tvcg.2010.184"", ""10.1109/tvcg.2011.163"", ""10.1109/tvcg.2021.3114760"", ""10.1109/tvcg.2021.3114792"", ""10.1109/vast.2007.4389009""]"
A5081668763,1,6.0,0,Amnon Shabo,"[""10.1109/visual.2002.1183817""]"
A5081672617,1,98.0,0,Yuntao Jia,"[""10.1109/tvcg.2008.151""]"
A5081676434,1,18.0,0,S. Okimoto,"[""10.1109/visual.1997.663923""]"
A5081681790,1,17.0,0,Roberto Therón,"[""10.1109/vast.2006.261452""]"
A5081686907,1,591.0,0,Charles G. Aldrich,"[""10.1109/visual.1997.663860""]"
A5081687047,1,2.0,0,Maria‐cruz Villa‐uriol,"[""10.1109/tvcg.2021.3114868""]"
A5081718999,1,12.0,0,Zhenhui Peng,"[""10.1109/tvcg.2022.3209440""]"
A5081738752,1,143.0,0,Stéphane Conversy,"[""10.1109/tvcg.2009.145""]"
A5081755176,1,17.0,0,Rob Ingram,"[""10.1109/visual.1995.480814""]"
A5081767590,3,59.0,0,Alan D. Kalvin,"[""10.1109/visual.1992.235179"", ""10.1109/visual.1996.568132"", ""10.1109/visual.2001.964510""]"
A5081780591,1,20.0,0,James F. Hudson,"[""10.1109/visual.2002.1183770""]"
A5081781046,1,2.0,0,S.m. Ervin,"[""10.1109/visual.1992.235188""]"
A5081796122,3,155.0,1,Daniel Laney,"[""10.1109/tvcg.2006.186"", ""10.1109/visual.2001.964525"", ""10.1109/visual.2005.1532815""]"
A5081809692,3,815.0,1,James Wexler,"[""10.1109/tvcg.2017.2744878"", ""10.1109/tvcg.2019.2934619"", ""10.1109/tvcg.2024.3456354""]"
A5081816373,1,33.0,0,Hugo Romat,"[""10.1109/tvcg.2021.3114849""]"
A5081850948,1,8.0,0,A. King,"[""10.1109/visual.2005.1532845""]"
A5081885843,1,57.0,0,Artem Sokolov,"[""10.1109/tvcg.2019.2934547""]"
A5081925377,1,76.0,0,Noreen Kamal,"[""10.1109/tvcg.2015.2467325""]"
A5081950809,1,134.0,0,Jian Guan Lou,"[""10.1109/tvcg.2019.2934785""]"
A5081959207,4,42.0,0,Christian Rössl,"[""10.1109/tvcg.2016.2598998"", ""10.1109/tvcg.2018.2864813"", ""10.1109/visual.2003.1250399"", ""10.1109/visual.2005.1532816""]"
A5082066959,1,31.0,0,Connor Huff,"[""10.1109/tvcg.2016.2598518""]"
A5082090092,1,3.0,0,Parikshit Solunke,"[""10.1109/tvcg.2024.3456388""]"
A5082093150,1,32.0,0,Jadran Vrabec,"[""10.1109/tvcg.2007.70614""]"
A5082103604,1,214.0,0,Florian Ledermann,"[""10.1109/infvis.2002.1173157""]"
A5082115677,1,3.0,0,Thomas E. Spelce,"[""10.1109/visual.1992.235192""]"
A5082171014,1,34.0,0,John J. Rieser,"[""10.1109/visual.2000.885692""]"
A5082178510,1,480.0,0,Tolga Bolukbasi,"[""10.1109/tvcg.2019.2934619""]"
A5082193236,2,117.0,0,Eric Shaffer,"[""10.1109/visual.2001.964503"", ""10.1109/visual.2002.1183765""]"
A5082195784,1,17.0,0,J. Schwegler,"[""10.1109/visual.1990.146389""]"
A5082204611,1,22.0,0,M. Da Silva,"[""10.1109/visual.2001.964505""]"
A5082209080,3,164.0,0,Rocco Gasteiger,"[""10.1109/tvcg.2011.243"", ""10.1109/tvcg.2012.202"", ""10.1109/tvcg.2013.189""]"
A5082209298,1,61.0,0,Jaeseok Huh,"[""10.1109/tvcg.2014.2346454""]"
A5082213932,6,277.0,0,Zikun Deng,"[""10.1109/tvcg.2018.2865126"", ""10.1109/tvcg.2019.2934670"", ""10.1109/tvcg.2020.3030458"", ""10.1109/tvcg.2021.3114875"", ""10.1109/tvcg.2022.3209430"", ""10.1109/tvcg.2023.3327162""]"
A5082234726,11,410.0,1,Tino Weinkauf,"[""10.1109/tvcg.2007.70545"", ""10.1109/tvcg.2008.163"", ""10.1109/tvcg.2010.198"", ""10.1109/tvcg.2014.2346432"", ""10.1109/tvcg.2015.2467292"", ""10.1109/tvcg.2018.2865265"", ""10.1109/tvcg.2022.3209387"", ""10.1109/visual.2003.1250376"", ""10.1109/visual.2004.99"", ""10.1109/visual.2005.1532842"", ""10.1109/visual.2005.1532851""]"
A5082235583,1,15.0,0,Ulrich Neumann,"[""10.1109/visual.1991.175778""]"
A5082282639,1,18.0,0,Gulshan Panjwani,"[""10.1109/infvis.2005.1532147""]"
A5082287400,1,18.0,0,David Sturtz,"[""10.1109/infvis.2005.1532147""]"
A5082289640,1,8.0,0,Hiroko Nakamura,"[""10.1109/visual.2002.1183811""]"
A5082300315,1,55.0,0,Anton Bardera,"[""10.1109/tvcg.2011.173""]"
A5082319203,1,2.0,0,Laura Lukes,"[""10.1109/tvcg.2024.3456174""]"
A5082334156,5,319.0,1,Heike Hofmann,"[""10.1109/tvcg.2010.161"", ""10.1109/tvcg.2011.227"", ""10.1109/tvcg.2012.230"", ""10.1109/tvcg.2013.140"", ""10.1109/tvcg.2015.2469125""]"
A5082346052,1,4.0,0,Raghavendra Sridharamurthy,"[""10.1109/tvcg.2024.3456383""]"
A5082350263,1,98.0,0,Naveen Pitipornvivat,"[""10.1109/tvcg.2015.2468151""]"
A5082391073,2,7.0,0,Zherui Zhang,"[""10.1109/tvcg.2023.3326921"", ""10.1109/tvcg.2024.3456142""]"
A5082399272,1,0.0,0,L.v. Sluis,"[""10.1109/visual.1991.175835""]"
A5082407088,1,24.0,0,C.d. Lee,"[""10.1109/visual.2000.885686""]"
A5082419776,1,17.0,0,Joel Winstead,"[""10.1109/infvis.1995.528696""]"
A5082431329,1,13.0,0,Ian Tenney,"[""10.1109/tvcg.2024.3456354""]"
A5082437427,1,6.0,0,Wendy J. Plesniak,"[""10.1109/visual.2003.1250424""]"
A5082491006,1,3.0,0,Kevin W. Kurtz,"[""10.1109/visual.2001.964553""]"
A5082507303,1,35.0,0,Hai Ah Nam,"[""10.1109/tvcg.2012.287""]"
A5082522967,1,28.0,0,Jean‐pierre Jessel,"[""10.1109/visual.2002.1183776""]"
A5082534076,1,14.0,0,Yuan Tian,"[""10.1109/tvcg.2022.3209430""]"
A5082548228,1,19.0,0,Preeti Malakar,"[""10.1109/vast.2017.8585646""]"
A5082598478,3,107.0,0,Zichun Zhong,"[""10.1109/tvcg.2016.2598790"", ""10.1109/tvcg.2019.2934369"", ""10.1109/tvcg.2020.3030374""]"
A5082614315,1,14.0,0,Audace Nakeshimana,"[""10.1109/tvcg.2019.2934556""]"
A5082645764,1,0.0,0,D. Kuhn,"[""10.1109/visual.1993.398898""]"
A5082668404,32,4708.0,5,John Stasko,"[""10.1109/infvis.1995.528685"", ""10.1109/infvis.2000.885091"", ""10.1109/infvis.2003.1249027"", ""10.1109/infvis.2004.10"", ""10.1109/infvis.2005.1532136"", ""10.1109/tvcg.2006.165"", ""10.1109/tvcg.2007.70515"", ""10.1109/tvcg.2007.70541"", ""10.1109/tvcg.2008.121"", ""10.1109/tvcg.2008.125"", ""10.1109/tvcg.2008.185"", ""10.1109/tvcg.2009.180"", ""10.1109/tvcg.2010.177"", ""10.1109/tvcg.2012.224"", ""10.1109/tvcg.2012.263"", ""10.1109/tvcg.2013.209"", ""10.1109/tvcg.2014.2346249"", ""10.1109/tvcg.2014.2346444"", ""10.1109/tvcg.2016.2598590"", ""10.1109/tvcg.2017.2745219"", ""10.1109/tvcg.2018.2865145"", ""10.1109/tvcg.2018.2865146"", ""10.1109/tvcg.2019.2934281"", ""10.1109/tvcg.2020.3030378"", ""10.1109/tvcg.2023.3326910"", ""10.1109/tvcg.2024.3456155"", ""10.1109/vast.2007.4389006"", ""10.1109/vast.2007.4389013"", ""10.1109/vast.2009.5332596"", ""10.1109/vast.2009.5333878"", ""10.1109/vast.2011.6102438"", ""10.1109/vast.2011.6102440""]"
A5082683641,1,158.0,0,Thorsten Breitkreutz,"[""10.1109/tvcg.2017.2745181""]"
A5082689282,1,6.0,0,Nimisha Roy,"[""10.1109/tvcg.2023.3327181""]"
A5082712854,2,13.0,0,Yair Kurzion,"[""10.1109/visual.1994.346314"", ""10.1109/visual.1998.745325""]"
A5082726401,1,11.0,0,Jun Liao,"[""10.1109/tvcg.2009.203""]"
A5082739993,1,59.0,0,Ilir Jusufi,"[""10.1109/tvcg.2014.2346456""]"
A5082749324,1,168.0,0,Carson Brownlee,"[""10.1109/tvcg.2016.2599041""]"
A5082751676,2,77.0,0,Ove Daae Lampe,"[""10.1109/tvcg.2007.70517"", ""10.1109/tvcg.2009.136""]"
A5082779100,1,36.0,0,Annemarie Herrmann,"[""10.1109/visual.1998.745301""]"
A5082781108,1,41.0,1,Bernd Hentschel,"[""10.1109/tvcg.2008.142""]"
A5082788381,1,3.0,0,P.a. Olbrich,"[""10.1109/visual.1990.146368""]"
A5082790087,11,420.0,2,Zhutian Chen,"[""10.1109/tvcg.2019.2934332"", ""10.1109/tvcg.2019.2934810"", ""10.1109/tvcg.2020.3030392"", ""10.1109/tvcg.2020.3030471"", ""10.1109/tvcg.2022.3209353"", ""10.1109/tvcg.2022.3209386"", ""10.1109/tvcg.2022.3209388"", ""10.1109/tvcg.2022.3209497"", ""10.1109/tvcg.2023.3326568"", ""10.1109/tvcg.2023.3327161"", ""10.1109/tvcg.2024.3456332""]"
A5082796790,8,350.0,0,Uta Hinrichs,"[""10.1109/tvcg.2008.127"", ""10.1109/tvcg.2015.2467452"", ""10.1109/tvcg.2019.2934790"", ""10.1109/tvcg.2019.2934804"", ""10.1109/tvcg.2022.3209487"", ""10.1109/tvcg.2023.3327378"", ""10.1109/tvcg.2024.3456311"", ""10.1109/tvcg.2024.3456352""]"
A5082797803,1,0.0,0,B.s. Nilsson,"[""10.1109/visual.1993.398898""]"
A5082808731,1,12.0,0,Klaus Greff,"[""10.1109/tvcg.2012.280""]"
A5082892178,1,61.0,0,Chris Brunsdon,"[""10.1109/tvcg.2007.70558""]"
A5082899087,1,63.0,0,Jie Guang Song,"[""10.1109/tvcg.2021.3114694""]"
A5082910814,1,4.0,0,R.e. Marshall,"[""10.1109/visual.1990.146382""]"
A5082928240,1,22.0,0,Sandeep Prabhakar,"[""10.1109/infvis.2002.1173158""]"
A5082930100,1,8.0,0,M. Borchers,"[""10.1109/visual.2005.1532845""]"
A5082971754,2,97.0,0,Mona Hosseinkhani Loorak,"[""10.1109/tvcg.2015.2467325"", ""10.1109/tvcg.2016.2598586""]"
A5082991852,1,1.0,0,W. Mitchell,"[""10.1109/visual.1991.175838""]"
A5082992995,2,185.0,0,Gustavo Mello Machado,"[""10.1109/tvcg.2009.113"", ""10.1109/tvcg.2014.2346442""]"
A5082997975,1,26.0,0,Jimmy Lin,"[""10.1109/vast.2014.7042487""]"
A5083001015,1,32.0,0,Konstantin Baumann,"[""10.1109/visual.2000.885699""]"
A5083023771,1,11.0,1,Rao P. Gullapalli,"[""10.1109/tvcg.2014.2346411""]"
A5083083039,1,9.0,0,Arthur E. Kirkpatrick,"[""10.1109/visual.2005.1532837""]"
A5083091649,1,13.0,0,Hanyi Chen,"[""10.1109/tvcg.2019.2934657""]"
A5083095334,1,23.0,0,María García De La Banda,"[""10.1109/tvcg.2016.2598545""]"
A5083143514,1,3.0,0,Tyson Neuroth,"[""10.1109/tvcg.2022.3209473""]"
A5083145026,1,37.0,0,Elvir Azanli,"[""10.1109/visual.1999.809877""]"
A5083152658,1,1.0,0,D.g. Fabricant,"[""10.1109/visual.1992.235181""]"
A5083182139,1,38.0,0,Josef Focht,"[""10.1109/tvcg.2015.2467620""]"
A5083194357,1,18.0,0,Florian Frieß,"[""10.1109/tvcg.2016.2598824""]"
A5083194565,1,628.0,1,K.a. Pennock,"[""10.1109/infvis.1995.528686""]"
A5083220583,5,137.0,1,Fábio Miranda,"[""10.1109/tvcg.2016.2598585"", ""10.1109/tvcg.2022.3209474"", ""10.1109/tvcg.2023.3326514"", ""10.1109/tvcg.2023.3326598"", ""10.1109/tvcg.2024.3456353""]"
A5083231405,1,5.0,0,M. S. Chong,"[""10.1109/tvcg.2006.119""]"
A5083255118,1,13.0,0,Eitan Bachmat,"[""10.1109/visual.2002.1183760""]"
A5083260911,2,200.0,0,Nicolas Heulot,"[""10.1109/tvcg.2015.2467851"", ""10.1109/tvcg.2021.3114821""]"
A5083271735,3,58.0,0,Pramod Chundury,"[""10.1109/tvcg.2020.3030358"", ""10.1109/tvcg.2021.3114829"", ""10.1109/tvcg.2023.3326937""]"
A5083345538,1,78.0,0,Ming Te Chi,"[""10.1109/tvcg.2011.205""]"
A5083349475,1,5.0,0,D. Skaley,"[""10.1109/visual.1999.809920""]"
A5083386256,2,39.0,0,Bernhard Sadransky,"[""10.1109/tvcg.2012.261"", ""10.1109/tvcg.2014.2346930""]"
A5083408678,1,134.0,0,Christopher De Filippi,"[""10.1109/tvcg.2017.2745085""]"
A5083438172,6,164.0,0,Heike Leitte,"[""10.1109/tvcg.2012.248"", ""10.1109/tvcg.2015.2467291"", ""10.1109/tvcg.2017.2744321"", ""10.1109/tvcg.2019.2934368"", ""10.1109/tvcg.2021.3114687"", ""10.1109/tvcg.2021.3114870""]"
A5083441023,1,98.0,0,Sean A. Stephens,"[""10.1109/tvcg.2016.2598624""]"
A5083454802,20,1131.0,3,Tobias Isenberg,"[""10.1109/infvis.2005.1532141"", ""10.1109/tvcg.2009.138"", ""10.1109/tvcg.2010.157"", ""10.1109/tvcg.2012.217"", ""10.1109/tvcg.2012.220"", ""10.1109/tvcg.2012.262"", ""10.1109/tvcg.2013.126"", ""10.1109/tvcg.2015.2467202"", ""10.1109/tvcg.2015.2467961"", ""10.1109/tvcg.2016.2598827"", ""10.1109/tvcg.2016.2599217"", ""10.1109/tvcg.2017.2743981"", ""10.1109/tvcg.2019.2934334"", ""10.1109/tvcg.2022.3209390"", ""10.1109/tvcg.2023.3326517"", ""10.1109/tvcg.2023.3326941"", ""10.1109/tvcg.2024.3456318"", ""10.1109/tvcg.2024.3456327"", ""10.1109/tvcg.2024.3456368"", ""10.1109/tvcg.2024.3456404""]"
A5083475713,1,3.0,0,W. Smith,"[""10.1109/visual.2000.885727""]"
A5083522280,1,0.0,0,Jürgen Hesser,"[""10.1109/visual.2005.1532816""]"
A5083523340,8,324.0,0,Robert M. Kirby,"[""10.1109/tvcg.2007.70604"", ""10.1109/tvcg.2008.154"", ""10.1109/tvcg.2009.194"", ""10.1109/tvcg.2012.218"", ""10.1109/visual.1999.809905"", ""10.1109/visual.2000.885731"", ""10.1109/visual.2001.964505"", ""10.1109/visual.2004.25""]"
A5083540777,2,76.0,0,Timothy Luciani,"[""10.1109/tvcg.2018.2864849"", ""10.1109/tvcg.2019.2934546""]"
A5083555203,1,11.0,0,A. Tuchman,"[""10.1109/visual.1991.175810""]"
A5083575573,1,56.0,0,Trustin Clear,"[""10.1109/tvcg.2013.209""]"
A5083587340,1,7.0,0,Weixia Huang,"[""10.1109/vast.2008.4677369""]"
A5083599546,2,8.0,0,W. De Leeuw,"[""10.1109/visual.2001.964546"", ""10.1109/visual.2002.1183804""]"
A5083624725,1,18.0,0,Sietse J. Luk,"[""10.1109/tvcg.2020.3030336""]"
A5083645031,1,120.0,0,Alan M. Wilson,"[""10.1109/tvcg.2016.2598797""]"
A5083651238,1,33.0,0,Kuangyu Shi,"[""10.1109/visual.2005.1532842""]"
A5083684003,1,98.0,0,Krystle Quinn,"[""10.1109/tvcg.2009.109""]"
A5083688498,1,79.0,0,Samira Shaikh,"[""10.1109/vast.2017.8585665""]"
A5083735800,4,107.0,0,Daniel Wigdor,"[""10.1109/tvcg.2015.2467733"", ""10.1109/tvcg.2016.2598469"", ""10.1109/tvcg.2017.2745118"", ""10.1109/tvcg.2018.2864887""]"
A5083743875,1,7.0,0,Ulrich Bartling,"[""10.1109/vast.2007.4388995""]"
A5083746484,1,14.0,0,Chengzhong Liu,"[""10.1109/tvcg.2023.3326522""]"
A5083754593,1,24.0,0,Jambay Kinley,"[""10.1109/tvcg.2021.3114845""]"
A5083779826,2,377.0,0,Carey Williamson,"[""10.1109/tvcg.2008.175"", ""10.1109/tvcg.2010.129""]"
A5083797440,1,9.0,0,Naiyu Wang,"[""10.1109/tvcg.2023.3327077""]"
A5083806955,5,322.0,0,Alvitta Ottley,"[""10.1109/tvcg.2014.2346575"", ""10.1109/tvcg.2015.2467758"", ""10.1109/tvcg.2016.2598588"", ""10.1109/tvcg.2020.3030430"", ""10.1109/tvcg.2022.3209476""]"
A5083859043,1,12.0,0,Daisuke Sakurai,"[""10.1109/tvcg.2015.2467433""]"
A5083864266,3,90.0,0,Guangyu Zou,"[""10.1109/tvcg.2009.159"", ""10.1109/tvcg.2011.171"", ""10.1109/tvcg.2014.2346457""]"
A5083885019,1,565.0,0,Bernard Dimsdale,"[""10.1109/visual.1990.146402""]"
A5083912451,1,14.0,0,Stephan Reiling,"[""10.1109/tvcg.2016.2598587""]"
A5083915579,1,118.0,0,Sara Alspaugh,"[""10.1109/tvcg.2018.2865040""]"
A5083931343,1,41.0,0,F. Merritt,"[""10.1109/visual.1990.146360""]"
A5083947664,1,97.0,0,Ling Jen Chiang,"[""10.1109/visual.1999.809910""]"
A5083949511,2,246.0,0,Mira Dontcheva,"[""10.1109/tvcg.2016.2598620"", ""10.1109/tvcg.2016.2598797""]"
A5083968592,1,46.0,0,Kah Chun Lau,"[""10.1109/tvcg.2015.2467432""]"
A5083973432,1,63.0,0,Ziyan Liu,"[""10.1109/tvcg.2021.3114774""]"
A5083989376,8,462.0,0,Vijay Natarajan,"[""10.1109/tvcg.2007.70552"", ""10.1109/tvcg.2007.70603"", ""10.1109/tvcg.2011.236"", ""10.1109/tvcg.2013.131"", ""10.1109/tvcg.2013.148"", ""10.1109/tvcg.2014.2346332"", ""10.1109/visual.2004.68"", ""10.1109/visual.2005.1532839""]"
A5083994967,1,32.0,1,M. T. Forster,"[""10.1109/visual.2004.98""]"
A5083995476,1,20.0,0,José Martínez Carranza,"[""10.1109/visual.2001.964524""]"
A5084017761,1,23.0,0,Jeremy De Oliveira Kumar,"[""10.1109/tvcg.2009.201""]"
A5084024959,1,42.0,0,Eva Mayr,"[""10.1109/tvcg.2012.273""]"
A5084035008,1,37.0,0,Liangjun Liu,"[""10.1109/tvcg.2020.3030447""]"
A5084040979,1,103.0,0,Elias A. Fayyad,"[""10.1109/visual.1996.568127""]"
A5084069506,1,41.0,1,Torsten Kuhlen,"[""10.1109/tvcg.2008.142""]"
A5084071586,1,5.0,0,A. Rockwood,"[""10.1109/visual.1990.146401""]"
A5084075723,1,18.0,0,Katrin Scharnowski,"[""10.1109/tvcg.2016.2598824""]"
A5084091640,1,49.0,0,Lee Lawrence,"[""10.1109/tvcg.2020.3030459""]"
A5084098357,5,484.0,0,Lyn Bartram,"[""10.1109/tvcg.2011.196"", ""10.1109/tvcg.2011.242"", ""10.1109/tvcg.2018.2864903"", ""10.1109/tvcg.2021.3114830"", ""10.1109/tvcg.2023.3326571""]"
A5084119599,1,10.0,0,Hongsen Liao,"[""10.1109/scivis.2015.7429488""]"
A5084148624,1,22.0,0,Benjamin Karer,"[""10.1109/tvcg.2020.3030376""]"
A5084162655,1,15.0,0,A. Kaufman,"[""10.1109/visual.2001.964517""]"
A5084203791,4,50.0,0,Gabriel Taubin,"[""10.1109/visual.1998.745327"", ""10.1109/visual.1999.809870"", ""10.1109/visual.2002.1183807"", ""10.1109/visual.2002.1183809""]"
A5084240918,1,14.0,0,George Almási,"[""10.1109/visual.1997.663922""]"
A5084244911,1,18.0,0,Kenneth Allendoerfer,"[""10.1109/infvis.2005.1532147""]"
A5084279065,3,570.0,0,Jimeng Sun,"[""10.1109/tvcg.2010.154"", ""10.1109/tvcg.2011.188"", ""10.1109/tvcg.2018.2865027""]"
A5084296353,1,8.0,0,Peter Rottmann,"[""10.1109/tvcg.2022.3209485""]"
A5084369189,1,75.0,0,Alexandre Gillet,"[""10.1109/visual.2004.7""]"
A5084376052,1,40.0,0,Reem Hourieh,"[""10.1109/tvcg.2017.2745298""]"
A5084378679,1,3.0,0,Scott Parker,"[""10.1109/visual.1994.346301""]"
A5084388481,1,8.0,0,B. Hegedust,"[""10.1109/visual.2000.885732""]"
A5084392598,1,13.0,0,Xinyuan Yan,"[""10.1109/tvcg.2019.2934805""]"
A5084407224,1,10.0,1,Alexander Vieth,"[""10.1109/tvcg.2023.3326582""]"
A5084411100,1,21.0,0,Andreas Sigfridsson,"[""10.1109/visual.2002.1183797""]"
A5084430026,2,78.0,0,Shuhan Liu,"[""10.1109/tvcg.2020.3030467"", ""10.1109/tvcg.2022.3209430""]"
A5084447019,1,6.0,0,Warren A. Hunt,"[""10.1109/tvcg.2007.70572""]"
A5084459196,15,3217.0,3,Hendrik Strobelt,"[""10.1109/tvcg.2009.139"", ""10.1109/tvcg.2012.238"", ""10.1109/tvcg.2014.2346248"", ""10.1109/tvcg.2014.2346312"", ""10.1109/tvcg.2014.2346752"", ""10.1109/tvcg.2015.2467759"", ""10.1109/tvcg.2015.2467911"", ""10.1109/tvcg.2016.2598518"", ""10.1109/tvcg.2016.2598587"", ""10.1109/tvcg.2017.2744158"", ""10.1109/tvcg.2018.2865044"", ""10.1109/tvcg.2019.2934261"", ""10.1109/tvcg.2019.2934595"", ""10.1109/tvcg.2021.3114845"", ""10.1109/tvcg.2022.3209479""]"
A5084471891,10,380.0,0,Chris Weaver,"[""10.1109/infvis.2004.12"", ""10.1109/infvis.2005.1532143"", ""10.1109/tvcg.2009.129"", ""10.1109/tvcg.2013.220"", ""10.1109/vast.2006.261428"", ""10.1109/vast.2006.261431"", ""10.1109/vast.2008.4677370"", ""10.1109/vast.2010.5652520"", ""10.1109/vast.2012.6400493"", ""10.1109/vast.2012.6400552""]"
A5084475345,3,91.0,0,Chase Stokes,"[""10.1109/tvcg.2022.3209383"", ""10.1109/tvcg.2022.3209405"", ""10.1109/tvcg.2024.3456324""]"
A5084507075,2,58.0,0,Ashley Suh,"[""10.1109/tvcg.2019.2934802"", ""10.1109/tvcg.2023.3326904""]"
A5084533941,1,49.0,0,Jorji Nonaka,"[""10.1109/tvcg.2020.3028889""]"
A5084536188,1,10.0,0,Philip J. Smith,"[""10.1109/visual.1993.398876""]"
A5084575646,3,121.0,0,Lauren Bradel,"[""10.1109/tvcg.2013.188"", ""10.1109/vast.2014.7042492"", ""10.1109/vast.2018.8802424""]"
A5084586922,2,135.0,0,Ricardo Langner,"[""10.1109/tvcg.2017.2744019"", ""10.1109/tvcg.2018.2865235""]"
A5084633844,1,1.0,0,M.j. Geller,"[""10.1109/visual.1992.235181""]"
A5084660341,1,4.0,0,Xiaoming Deng,"[""10.1109/tvcg.2023.3326932""]"
A5084668442,6,277.0,1,Yea‐seul Kim,"[""10.1109/tvcg.2017.2743898"", ""10.1109/tvcg.2017.2745240"", ""10.1109/tvcg.2020.3028984"", ""10.1109/tvcg.2021.3114846"", ""10.1109/tvcg.2022.3209405"", ""10.1109/tvcg.2022.3209422""]"
A5084701162,2,72.0,0,Yinggang Li,"[""10.1109/tvcg.2006.176"", ""10.1109/tvcg.2007.70530""]"
A5084707380,6,171.0,0,Will Usher,"[""10.1109/scivis.2015.7429492"", ""10.1109/tvcg.2017.2744079"", ""10.1109/tvcg.2018.2864850"", ""10.1109/tvcg.2020.3030363"", ""10.1109/tvcg.2020.3030381"", ""10.1109/tvcg.2020.3030470""]"
A5084711039,1,2.0,0,Sabine Iserhardt Bauer,"[""10.1109/visual.2001.964542""]"
A5084721447,1,13.0,0,Minsuk Chang,"[""10.1109/tvcg.2024.3456354""]"
A5084744343,1,46.0,0,Bob Fields,"[""10.1109/tvcg.2015.2467611""]"
A5084754494,2,63.0,0,Roger Tam,"[""10.1109/visual.1997.663855"", ""10.1109/visual.2003.1250410""]"
A5084778474,14,1196.0,1,Michael Gleicher,"[""10.1109/tvcg.2007.70578"", ""10.1109/tvcg.2008.168"", ""10.1109/tvcg.2009.168"", ""10.1109/tvcg.2011.232"", ""10.1109/tvcg.2013.157"", ""10.1109/tvcg.2013.183"", ""10.1109/tvcg.2014.2346298"", ""10.1109/tvcg.2015.2467618"", ""10.1109/tvcg.2017.2744184"", ""10.1109/tvcg.2017.2744199"", ""10.1109/tvcg.2020.3030443"", ""10.1109/tvcg.2024.3456305"", ""10.1109/vast.2014.7042493"", ""10.1109/vast.2016.7883519""]"
A5084779835,1,11.0,0,Alan Turner,"[""10.1109/infvis.2005.1532133""]"
A5084781695,1,40.0,0,Hasan Davulcu,"[""10.1109/tvcg.2015.2467991""]"
A5084781916,1,11.0,1,L. A. Schreyer,"[""10.1109/visual.1994.346294""]"
A5084803112,1,3.0,0,E. Kuo,"[""10.1109/visual.2000.885727""]"
A5084869623,1,4.0,0,David Coblentz,"[""10.1109/visual.2004.115""]"
A5084870136,2,19.0,0,Mingliang Xue,"[""10.1109/tvcg.2019.2934805"", ""10.1109/tvcg.2022.3209371""]"
A5084882214,1,6.0,0,A.m. Cohen,"[""10.1109/visual.2005.1532843""]"
A5084895364,1,56.0,0,J. Dean Brederson,"[""10.1109/visual.2003.1250381""]"
A5084897593,1,14.0,0,Duane Knill,"[""10.1109/visual.1998.745351""]"
A5084913586,4,160.0,1,R. Jordan Crouser,"[""10.1109/tvcg.2012.195"", ""10.1109/tvcg.2016.2598460"", ""10.1109/tvcg.2019.2934556"", ""10.1109/vast.2011.6102445""]"
A5084942405,1,10.0,0,Nobuko Nathan,"[""10.1109/visual.1993.398855""]"
A5084942434,1,0.0,0,S.v. Klimenko,"[""10.1109/visual.1993.398911""]"
A5084963622,1,8.0,0,A.f. Westdorp,"[""10.1109/visual.1991.175800""]"
A5084965768,1,36.0,0,Björn Hartmann,"[""10.1109/tvcg.2013.164""]"
A5084971891,2,68.0,0,Xiaowei Chu,"[""10.1109/tvcg.2017.2745859"", ""10.1109/tvcg.2019.2934783""]"
A5085014218,1,5.0,0,F.h. Posti,"[""10.1109/visual.1996.568134""]"
A5085017488,1,19.0,0,S. M. Smith,"[""10.1109/visual.1997.663931""]"
A5085028960,1,18.0,0,D. Glick,"[""10.1109/visual.1997.663923""]"
A5085036036,1,9.0,0,Guang‐zhong Yang,"[""10.1109/visual.2005.1532837""]"
A5085041872,1,91.0,0,G. Wallace,"[""10.1109/visual.2002.1183793""]"
A5085053856,3,353.0,0,James Abello,"[""10.1109/infvis.2000.885089"", ""10.1109/infvis.2004.46"", ""10.1109/tvcg.2006.120""]"
A5085054708,1,80.0,1,Crescentia Jung,"[""10.1109/tvcg.2021.3114846""]"
A5085086912,1,75.0,0,Daniel Stoffler,"[""10.1109/visual.2004.7""]"
A5085126765,1,39.0,0,William C. Ward,"[""10.1109/visual.2003.1250418""]"
A5085140104,2,80.0,0,Chengbo Zheng,"[""10.1109/tvcg.2020.3030458"", ""10.1109/tvcg.2023.3326522""]"
A5085147134,1,2.0,0,Torin Mcdonald,"[""10.1109/tvcg.2020.3030363""]"
A5085208857,1,13.0,0,I. Hotz,"[""10.1109/visual.2000.885710""]"
A5085246385,5,90.0,0,Alex Bigelow,"[""10.1109/tvcg.2016.2598609"", ""10.1109/tvcg.2019.2934285"", ""10.1109/tvcg.2020.3030355"", ""10.1109/tvcg.2022.3209375"", ""10.1109/vast47406.2019.8986909""]"
A5085259428,1,93.0,0,Sherry Towers,"[""10.1109/tvcg.2014.2346926""]"
A5085283552,1,47.0,1,L.m. Hwa,"[""10.1109/visual.2004.4""]"
A5085284883,1,88.0,0,Neel Sundaresan,"[""10.1109/vast.2012.6400494""]"
A5085286384,1,7.0,0,Shizhuo Long,"[""10.1109/tvcg.2022.3209459""]"
A5085289050,1,59.0,0,Lorenz Linhardt,"[""10.1109/tvcg.2017.2745158""]"
A5085294981,5,327.0,0,Geórgia Albuquerque,"[""10.1109/tvcg.2011.237"", ""10.1109/tvcg.2015.2467612"", ""10.1109/vast.2009.5332628"", ""10.1109/vast.2010.5652433"", ""10.1109/vast.2011.6102437""]"
A5085297899,1,15.0,0,T.t. Elvins,"[""10.1109/visual.1992.235221""]"
A5085298151,1,0.0,0,N. Max,"[""10.1109/visual.1991.175785""]"
A5085301885,1,10.0,0,Malcolm Wallace,"[""10.1109/tvcg.2006.145""]"
A5085342992,17,1826.0,1,Peter Lindström,"[""10.1109/tvcg.2006.143"", ""10.1109/tvcg.2006.162"", ""10.1109/tvcg.2007.70585"", ""10.1109/tvcg.2011.244"", ""10.1109/tvcg.2011.245"", ""10.1109/tvcg.2014.2346458"", ""10.1109/tvcg.2015.2467412"", ""10.1109/tvcg.2018.2864853"", ""10.1109/tvcg.2020.3030381"", ""10.1109/tvcg.2023.3327186"", ""10.1109/visual.1995.480800"", ""10.1109/visual.1998.745314"", ""10.1109/visual.2001.964502"", ""10.1109/visual.2001.964533"", ""10.1109/visual.2002.1183810"", ""10.1109/visual.2003.1250408"", ""10.1109/visual.2005.1532800""]"
A5085365474,1,9.0,0,Donglai Wei,"[""10.1109/tvcg.2023.3327388""]"
A5085384388,3,108.0,0,William S. Cleveland,"[""10.1109/tvcg.2008.181"", ""10.1109/vast.2007.4388993"", ""10.1109/vast.2008.4677354""]"
A5085460170,1,120.0,0,Wolfgang Stuerzlinger,"[""10.1109/tvcg.2019.2934415""]"
A5085507158,4,221.0,2,Katja Bühler,"[""10.1109/tvcg.2007.70560"", ""10.1109/tvcg.2009.121"", ""10.1109/vast.2014.7042481"", ""10.1109/visual.2004.98""]"
A5085509176,1,20.0,0,Lars Huettenberger,"[""10.1109/tvcg.2014.2346447""]"
A5085517240,2,10.0,0,James Slack,"[""10.1109/infvis.2005.1532127"", ""10.1109/tvcg.2006.127""]"
A5085517250,1,13.0,0,Robert Carnecky,"[""10.1109/tvcg.2012.243""]"
A5085521539,2,63.0,0,I.j. Trotts,"[""10.1109/visual.1997.663906"", ""10.1109/visual.1998.745315""]"
A5085525770,1,64.0,0,Nathan Litke,"[""10.1109/visual.2001.964527""]"
A5085528889,2,26.0,0,F.p. Brooks,"[""10.1109/visual.1993.398882"", ""10.1109/visual.1995.480793""]"
A5085552629,1,42.0,0,L. Sobierajski,"[""10.1109/visual.1994.346340""]"
A5085572000,2,802.0,1,Jimbo Wilson,"[""10.1109/tvcg.2017.2744878"", ""10.1109/tvcg.2019.2934619""]"
A5085616869,1,11.0,0,G. Erlebacher,"[""10.1109/visual.2005.1532852""]"
A5085648933,2,77.0,1,Joseph F. Jájá,"[""10.1109/tvcg.2006.157"", ""10.1109/tvcg.2012.231""]"
A5085693728,1,28.0,0,Z. Karni,"[""10.1109/visual.2002.1183794""]"
A5085695563,16,1098.0,3,Kim Marriott,"[""10.1109/tvcg.2006.156"", ""10.1109/tvcg.2008.130"", ""10.1109/tvcg.2012.245"", ""10.1109/tvcg.2013.151"", ""10.1109/tvcg.2015.2467251"", ""10.1109/tvcg.2015.2467451"", ""10.1109/tvcg.2016.2598885"", ""10.1109/tvcg.2016.2598958"", ""10.1109/tvcg.2016.2599107"", ""10.1109/tvcg.2017.2744418"", ""10.1109/tvcg.2018.2865192"", ""10.1109/tvcg.2019.2934803"", ""10.1109/tvcg.2020.3030364"", ""10.1109/tvcg.2020.3030427"", ""10.1109/tvcg.2020.3030459"", ""10.1109/tvcg.2024.3456358""]"
A5085707483,1,16.0,0,Carrie Varley,"[""10.1109/vast.2009.5333245""]"
A5085716366,1,137.0,0,Daniel Kern,"[""10.1109/vast.2007.4389009""]"
A5085748011,6,969.0,1,J. Joshua Thomas,"[""10.1109/infvis.1995.528686"", ""10.1109/infvis.1998.729570"", ""10.1109/infvis.1999.801866"", ""10.1109/infvis.2000.885097"", ""10.1109/infvis.2003.1249014"", ""10.1109/infvis.2005.1532131""]"
A5085823262,1,23.0,0,Xiaodan Lin,"[""10.1109/visual.1992.235198""]"
A5085847955,1,37.0,0,Kaiyuan Zhang,"[""10.1109/tvcg.2020.3030447""]"
A5085871644,1,46.0,0,Raimond L. Winslow,"[""10.1109/visual.2000.885739""]"
A5085890755,5,166.0,0,Wong Kam Kwai,"[""10.1109/tvcg.2020.3030370"", ""10.1109/tvcg.2022.3209391"", ""10.1109/tvcg.2022.3209483"", ""10.1109/tvcg.2023.3326586"", ""10.1109/tvcg.2023.3327168""]"
A5085906659,3,27.0,0,Yiren Ding,"[""10.1109/tvcg.2022.3209367"", ""10.1109/tvcg.2023.3327165"", ""10.1109/tvcg.2024.3456309""]"
A5085919087,1,8.0,1,Lauren Klein,"[""10.1109/tvcg.2024.3456171""]"
A5085936546,1,61.0,0,Anzu Hakone,"[""10.1109/tvcg.2016.2598588""]"
A5085957643,2,32.0,0,Koenraad Brosens,"[""10.1109/tvcg.2020.3030426"", ""10.1109/tvcg.2022.3209436""]"
A5086036018,3,30.0,1,Tingying He,"[""10.1109/tvcg.2022.3209390"", ""10.1109/tvcg.2023.3326941"", ""10.1109/tvcg.2024.3456318""]"
A5086047097,1,16.0,0,Michael G. Christel,"[""10.1109/infvis.2003.1249019""]"
A5086052373,1,60.0,1,Marinka Žitnik,"[""10.1109/tvcg.2022.3209435""]"
A5086053967,1,0.0,0,Q.e. Dolecek,"[""10.1109/visual.1991.175832""]"
A5086054864,1,85.0,0,Ravish Chawla,"[""10.1109/tvcg.2017.2745078""]"
A5086065061,1,17.0,0,Mark S. Keller,"[""10.1109/tvcg.2022.3209408""]"
A5086088688,1,13.0,0,Eric P. Hoffman,"[""10.1109/tvcg.2009.146""]"
A5086098017,2,137.0,0,Jo Vermeulen,"[""10.1109/tvcg.2017.2743859"", ""10.1109/tvcg.2021.3114835""]"
A5086100491,1,17.0,0,H. C. Rodrian,"[""10.1109/visual.1994.346315""]"
A5086100757,1,39.0,0,Mihaela Jarema,"[""10.1109/vast.2015.7347634""]"
A5086122336,1,2.0,0,Alexander Frings,"[""10.1109/tvcg.2024.3456312""]"
A5086131860,1,10.0,0,Sihyeon Lee,"[""10.1109/tvcg.2024.3456215""]"
A5086147721,1,37.0,0,J. Hensley,"[""10.1109/visual.2001.964508""]"
A5086163328,1,25.0,0,D.n. Kenwright,"[""10.1109/visual.1992.235225""]"
A5086169451,2,63.0,0,Lise Getoor,"[""10.1109/vast.2006.261429"", ""10.1109/vast.2011.6102442""]"
A5086180500,1,0.0,0,K. Moorjani,"[""10.1109/visual.1990.146418""]"
A5086212139,2,125.0,0,Éric Sauda,"[""10.1109/tvcg.2007.70574"", ""10.1109/tvcg.2015.2467971""]"
A5086223886,20,738.0,1,Anna Vilanova,"[""10.1109/tvcg.2007.70550"", ""10.1109/tvcg.2008.180"", ""10.1109/tvcg.2009.170"", ""10.1109/tvcg.2010.153"", ""10.1109/tvcg.2011.215"", ""10.1109/tvcg.2012.202"", ""10.1109/tvcg.2015.2467435"", ""10.1109/tvcg.2015.2467872"", ""10.1109/tvcg.2015.2467961"", ""10.1109/tvcg.2016.2598826"", ""10.1109/tvcg.2017.2744318"", ""10.1109/tvcg.2017.2744358"", ""10.1109/tvcg.2019.2934307"", ""10.1109/tvcg.2023.3326582"", ""10.1109/tvcg.2023.3326600"", ""10.1109/tvcg.2024.3456298"", ""10.1109/visual.2000.885732"", ""10.1109/visual.2004.56"", ""10.1109/visual.2005.1532779"", ""10.1109/visual.2005.1532847""]"
A5086224045,1,18.0,0,Zengsheng Zhong,"[""10.1109/vast50239.2020.00014""]"
A5086248166,1,8.0,0,Alex Pang,"[""10.1109/tvcg.2006.165""]"
A5086260296,1,3.0,0,B. Stancampiano,"[""10.1109/visual.2002.1183818""]"
A5086264589,1,6.0,0,Max Mahdi Roozbahani,"[""10.1109/tvcg.2023.3327181""]"
A5086272851,2,139.0,1,N. Max,"[""10.1109/visual.1993.398846"", ""10.1109/visual.1993.398877""]"
A5086311840,7,266.0,0,Jiawan Zhang,"[""10.1109/tvcg.2013.219"", ""10.1109/tvcg.2014.2346898"", ""10.1109/tvcg.2015.2467619"", ""10.1109/tvcg.2019.2934667"", ""10.1109/tvcg.2021.3114793"", ""10.1109/tvcg.2022.3209459"", ""10.1109/vast50239.2020.00013""]"
A5086326351,6,182.0,1,Xingbo Wang,"[""10.1109/tvcg.2019.2934656"", ""10.1109/tvcg.2021.3114794"", ""10.1109/tvcg.2023.3326586"", ""10.1109/tvcg.2023.3326911"", ""10.1109/tvcg.2023.3327153"", ""10.1109/tvcg.2023.3327168""]"
A5086334362,1,55.0,0,Marc Ruiz,"[""10.1109/tvcg.2011.173""]"
A5086335700,1,17.0,0,R.a. Crawfis,"[""10.1109/visual.1991.175811""]"
A5086339713,1,5.0,0,D. Breitschwerdt,"[""10.1109/visual.1999.809920""]"
A5086341216,3,70.0,0,Raphael Fuchs,"[""10.1109/tvcg.2009.173"", ""10.1109/tvcg.2011.225"", ""10.1109/tvcg.2012.243""]"
A5086396255,1,18.0,0,Tobias Roth,"[""10.1109/visual.1994.346322""]"
A5086403404,2,65.0,0,Paul Rosenthal,"[""10.1109/tvcg.2008.164"", ""10.1109/tvcg.2008.167""]"
A5086432913,1,5.0,0,Abdul Waheed,"[""10.1109/visual.1993.398866""]"
A5086440196,12,594.0,3,Amitabh Varshney,"[""10.1109/tvcg.2006.174"", ""10.1109/tvcg.2011.231"", ""10.1109/tvcg.2012.231"", ""10.1109/tvcg.2014.2346411"", ""10.1109/visual.1993.398882"", ""10.1109/visual.1995.480793"", ""10.1109/visual.1995.485142"", ""10.1109/visual.1996.568125"", ""10.1109/visual.1996.568126"", ""10.1109/visual.1997.663909"", ""10.1109/visual.1999.809877"", ""10.1109/visual.2004.62""]"
A5086442093,1,16.0,0,Len Kne,"[""10.1109/tvcg.2014.2346911""]"
A5086446492,3,96.0,0,K. Mueller,"[""10.1109/visual.1996.567608"", ""10.1109/visual.1999.809909"", ""10.1109/visual.2004.35""]"
A5086448003,2,87.0,0,Leixian Shen,"[""10.1109/tvcg.2022.3209357"", ""10.1109/tvcg.2023.3327197""]"
A5086454426,1,17.0,0,Luc Girardin,"[""10.1109/infvis.2003.1249026""]"
A5086461942,8,438.0,1,Thomas Schultz,"[""10.1109/tvcg.2007.70602"", ""10.1109/tvcg.2008.128"", ""10.1109/tvcg.2010.199"", ""10.1109/tvcg.2013.181"", ""10.1109/tvcg.2015.2467031"", ""10.1109/tvcg.2015.2467198"", ""10.1109/tvcg.2015.2467435"", ""10.1109/tvcg.2018.2864845""]"
A5086472608,2,20.0,0,M. Stella Atkins,"[""10.1109/visual.2001.964554"", ""10.1109/visual.2005.1532837""]"
A5086487407,1,72.0,0,Kenneth R. Wood,"[""10.1109/infvis.1999.801855""]"
A5086497666,1,77.0,0,L J Schreiner,"[""10.1109/tvcg.2006.149""]"
A5086508640,1,18.0,0,Yang Chen,"[""10.1109/vast.2011.6102447""]"
A5086520196,1,43.0,0,Johnson Chuang,"[""10.1109/tvcg.2009.150""]"
A5086539903,1,12.0,0,G.e. Kafniadakis,"[""10.1109/visual.2000.885731""]"
A5086562058,1,83.0,0,Doug Carmean,"[""10.1109/tvcg.2009.164""]"
A5086576776,1,53.0,0,Jiazhe Wang,"[""10.1109/tvcg.2021.3114804""]"
A5086597264,1,5.0,0,Angie Boggust,"[""10.1109/tvcg.2024.3456371""]"
A5086610229,1,44.0,0,Steve Linthicum,"[""10.1109/visual.1994.346339""]"
A5086643675,3,51.0,0,Yilin Ye,"[""10.1109/tvcg.2023.3326913"", ""10.1109/tvcg.2023.3327389"", ""10.1109/tvcg.2024.3456159""]"
A5086690079,1,62.0,0,Tengfei Ma,"[""10.1109/tvcg.2019.2934798""]"
A5086722983,1,13.0,0,Fritz Gschwantner,"[""10.1109/tvcg.2012.259""]"
A5086725824,1,17.0,0,Steve Benford,"[""10.1109/visual.1995.480814""]"
A5086727322,1,29.0,0,Jing Xia,"[""10.1109/vast.2016.7883514""]"
A5086732355,6,658.0,1,Donghao Ren,"[""10.1109/tvcg.2013.150"", ""10.1109/tvcg.2014.2346291"", ""10.1109/tvcg.2016.2598828"", ""10.1109/tvcg.2018.2865158"", ""10.1109/tvcg.2019.2934281"", ""10.1109/tvcg.2024.3456371""]"
A5086735275,1,34.0,0,Étienne Parkinson,"[""10.1109/visual.2004.128""]"
A5086736624,2,12.0,0,T. Ertl,"[""10.1109/visual.1997.663928"", ""10.1109/visual.2001.964512""]"
A5086751914,2,88.0,0,Craig M. Wittenbrink,"[""10.1109/visual.1995.480798"", ""10.1109/visual.1996.568116""]"
A5086753450,1,53.0,0,Pierre Alliez,"[""10.1109/visual.2002.1183768""]"
A5086764360,6,330.0,0,Victoria Interrante,"[""10.1109/infvis.2003.1249022"", ""10.1109/tvcg.2007.70623"", ""10.1109/visual.1995.480795"", ""10.1109/visual.1996.568110"", ""10.1109/visual.1997.663912"", ""10.1109/visual.2003.1250362""]"
A5086780511,1,30.0,0,Volker Bromm,"[""10.1109/tvcg.2007.70526""]"
A5086856121,1,53.0,0,Andreas Elsener,"[""10.1109/tvcg.2011.214""]"
A5086868908,1,168.0,0,Frank J. Rybicki,"[""10.1109/tvcg.2011.192""]"
A5086899416,1,16.0,0,David Van Riper,"[""10.1109/tvcg.2014.2346911""]"
A5086900754,1,4.0,0,Justin Mauger,"[""10.1109/vast.2006.261417""]"
A5086902270,1,29.0,0,Shah Rukh Humayoun,"[""10.1109/tvcg.2020.3030443""]"
A5086910442,1,22.0,0,Hiroshi Sato,"[""10.1109/visual.1995.480807""]"
A5086910660,1,307.0,0,Jesse Grosjean,"[""10.1109/infvis.2002.1173148""]"
A5086923749,1,33.0,1,Kai Fischbach,"[""10.1109/tvcg.2021.3114797""]"
A5086990150,1,10.0,0,Przemysław Prusinkiewicz,"[""10.1109/visual.2002.1183781""]"
A5087031768,1,0.0,0,Norine Coenen,"[""10.1109/tvcg.2021.3114866""]"
A5087042012,2,161.0,0,Eric Alexander,"[""10.1109/tvcg.2015.2467618"", ""10.1109/vast.2014.7042493""]"
A5087063362,3,77.0,0,Johannes Sorger,"[""10.1109/tvcg.2015.2468011"", ""10.1109/tvcg.2017.2743981"", ""10.1109/tvcg.2017.2744518""]"
A5087146581,10,514.0,0,Lane Harrison,"[""10.1109/tvcg.2014.2346979"", ""10.1109/tvcg.2015.2467758"", ""10.1109/tvcg.2016.2598588"", ""10.1109/tvcg.2016.2599058"", ""10.1109/tvcg.2018.2865117"", ""10.1109/tvcg.2020.3030345"", ""10.1109/tvcg.2022.3209367"", ""10.1109/tvcg.2023.3327165"", ""10.1109/tvcg.2024.3456309"", ""10.1109/vast.2010.5653599""]"
A5087199227,1,35.0,0,Duong Thi Anh Hoang,"[""10.1109/tvcg.2020.3030381""]"
A5087201620,1,28.0,0,Caterina Rosano,"[""10.1109/tvcg.2013.161""]"
A5087236918,1,8.0,0,Kento Shigyo,"[""10.1109/tvcg.2024.3456363""]"
A5087250175,1,35.0,0,James R. Jackson,"[""10.1109/tvcg.2017.2745878""]"
A5087268805,2,109.0,0,Stefan Zachow,"[""10.1109/tvcg.2009.198"", ""10.1109/tvcg.2013.159""]"
A5087287236,1,59.0,0,Tanya Clement,"[""10.1109/vast.2009.5333248""]"
A5087292248,1,23.0,0,S.h. Foster,"[""10.1109/visual.1990.146398""]"
A5087312966,1,26.0,0,Zuobin Wang,"[""10.1109/vast50239.2020.00009""]"
A5087317081,6,86.0,0,Guido Reina,"[""10.1109/tvcg.2007.70614"", ""10.1109/tvcg.2012.282"", ""10.1109/tvcg.2016.2598824"", ""10.1109/tvcg.2017.2743979"", ""10.1109/tvcg.2021.3114788"", ""10.1109/tvcg.2023.3326931""]"
A5087319127,1,25.0,0,J. Temkin,"[""10.1109/visual.1999.809891""]"
A5087360152,1,50.0,0,Eduard Gr�ller,"[""10.1109/tvcg.2008.170""]"
A5087402778,1,0.0,0,L. Ruby Leung,"[""10.1109/visual.2000.885738""]"
A5087421071,1,31.0,0,Gary King,"[""10.1109/tvcg.2016.2598518""]"
A5087425453,1,75.0,0,Eric Lee,"[""10.1109/vast.2009.5333020""]"
A5087430192,1,19.0,0,Brent Nelson,"[""10.1109/tvcg.2011.206""]"
A5087449583,5,359.0,2,Jens Krüger,"[""10.1109/scivis.2015.7429490"", ""10.1109/tvcg.2014.2346324"", ""10.1109/tvcg.2018.2864498"", ""10.1109/tvcg.2019.2934370"", ""10.1109/visual.2003.1250384""]"
A5087450533,1,35.0,0,Andreas Ammer,"[""10.1109/tvcg.2010.171""]"
A5087450905,1,32.0,0,Benjamin Tyner,"[""10.1109/vast.2007.4388993""]"
A5087453656,2,70.0,1,Wai Ho Mak,"[""10.1109/tvcg.2008.159"", ""10.1109/tvcg.2009.172""]"
A5087469228,1,11.0,0,Ashley D. Spear,"[""10.1109/tvcg.2019.2934620""]"
A5087472834,1,36.0,0,Shaojie Zhuo,"[""10.1109/tvcg.2010.172""]"
A5087499523,1,4.0,0,Patrick Paetzold,"[""10.1109/tvcg.2023.3327149""]"
A5087518165,2,190.0,0,Junyoung Choi,"[""10.1109/tvcg.2017.2744078"", ""10.1109/tvcg.2018.2865152""]"
A5087541737,1,3.0,0,Angela Nyhout,"[""10.1109/tvcg.2020.3030464""]"
A5087545747,6,353.0,1,Patric Ljung,"[""10.1109/infvis.2005.1532138"", ""10.1109/tvcg.2006.146"", ""10.1109/tvcg.2007.70518"", ""10.1109/tvcg.2010.195"", ""10.1109/tvcg.2017.2743958"", ""10.1109/visual.2000.885734""]"
A5087561934,3,21.0,0,Anjana Arunkumar,"[""10.1109/tvcg.2022.3209380"", ""10.1109/tvcg.2023.3326919"", ""10.1109/tvcg.2024.3456344""]"
A5087573299,2,8.0,0,G. Brookes,"[""10.1109/visual.1998.745348"", ""10.1109/visual.2000.885743""]"
A5087581749,1,41.0,0,Roberto Lario,"[""10.1109/visual.2002.1183800""]"
A5087614760,2,35.0,0,R. Wegenkittl,"[""10.1109/visual.1997.663867"", ""10.1109/visual.2000.885726""]"
A5087614901,1,14.0,0,Ananda Montoly,"[""10.1109/tvcg.2019.2934556""]"
A5087647732,2,195.0,0,Aaron Lefohn,"[""10.1109/visual.2003.1250357"", ""10.1109/visual.2003.1250412""]"
A5087660055,1,16.0,0,Yindalon Aphinyanaphongs,"[""10.1109/vast.2017.8585720""]"
A5087718701,1,33.0,0,Anna Ritz,"[""10.1109/tvcg.2010.163""]"
A5087781429,1,66.0,0,Theodoros Damoulas,"[""10.1109/tvcg.2014.2346449""]"
A5087781818,1,2.0,0,Adam B. Forgang,"[""10.1109/visual.1996.568146""]"
A5087785265,1,4.0,1,Zelin Jia,"[""10.1109/tvcg.2024.3456386""]"
A5087805627,2,14.0,0,Xingchen Zeng,"[""10.1109/tvcg.2024.3456159"", ""10.1109/tvcg.2024.3456387""]"
A5087808632,1,36.0,0,Micah Acinapura,"[""10.1109/tvcg.2019.2934259""]"
A5087834951,1,32.0,0,Karim Magdi Mahrous,"[""10.1109/visual.2001.964506""]"
A5087836838,1,68.0,0,Martin J. Neugebauer,"[""10.1109/tvcg.2011.243""]"
A5087889244,5,161.0,0,Lonni Besançon,"[""10.1109/tvcg.2016.2599217"", ""10.1109/tvcg.2018.2865142"", ""10.1109/tvcg.2022.3209433"", ""10.1109/tvcg.2024.3456187"", ""10.1109/tvcg.2024.3456399""]"
A5087938573,1,1.0,1,Ann Sherlock,"[""10.1109/tvcg.2021.3114818""]"
A5087948617,1,6.0,0,Pradeep Sen,"[""10.1109/tvcg.2007.70572""]"
A5087960974,4,179.0,0,Andrew Vande Moere,"[""10.1109/infvis.2004.65"", ""10.1109/tvcg.2012.221"", ""10.1109/tvcg.2020.3030426"", ""10.1109/tvcg.2022.3209436""]"
A5087971684,1,1.0,0,Oskár Elek,"[""10.1109/tvcg.2020.3030407""]"
A5087974395,2,9.0,0,Shaozhang Dai,"[""10.1109/tvcg.2022.3209433"", ""10.1109/tvcg.2024.3456399""]"
A5087990689,1,108.0,0,Dominika Mazur,"[""10.1109/tvcg.2014.2346331""]"
A5088016700,11,314.0,1,Roni Yagel,"[""10.1109/visual.1990.146378"", ""10.1109/visual.1991.175805"", ""10.1109/visual.1993.398852"", ""10.1109/visual.1994.346314"", ""10.1109/visual.1996.567608"", ""10.1109/visual.1996.568127"", ""10.1109/visual.1996.568142"", ""10.1109/visual.1996.568143"", ""10.1109/visual.1997.663848"", ""10.1109/visual.1997.663882"", ""10.1109/visual.1998.745325""]"
A5088027921,1,12.0,0,Marzieh Berenjkoub,"[""10.1109/tvcg.2018.2864817""]"
A5088051797,2,107.0,0,Christof Rezk‐salama,"[""10.1109/tvcg.2008.147"", ""10.1109/visual.1999.809892""]"
A5088066148,1,76.0,0,Niklas Weiler,"[""10.1109/tvcg.2019.2934395""]"
A5088085186,5,1356.0,0,Younah Kang,"[""10.1109/tvcg.2007.70515"", ""10.1109/tvcg.2012.224"", ""10.1109/tvcg.2015.2467195"", ""10.1109/vast.2009.5333878"", ""10.1109/vast.2011.6102438""]"
A5088109190,2,127.0,0,Mark Petersen,"[""10.1109/tvcg.2011.162"", ""10.1109/tvcg.2015.2467411""]"
A5088113508,1,12.0,0,Ted Selker,"[""10.1109/visual.1990.146371""]"
A5088124321,1,5.0,0,Ran Shao,"[""10.1109/visual.2003.1250405""]"
A5088132685,1,29.0,0,S. Yoakum Stover,"[""10.1109/visual.2004.24""]"
A5088137293,1,16.0,0,Sandy Engelhardt,"[""10.1109/tvcg.2019.2934337""]"
A5088141761,3,51.0,0,Jonathan D. Cohen,"[""10.1109/tvcg.2007.70587"", ""10.1109/visual.2000.885701"", ""10.1109/visual.2001.964491""]"
A5088150992,3,151.0,0,Nathaniel Fout,"[""10.1109/tvcg.2007.70516"", ""10.1109/tvcg.2012.194"", ""10.1109/tvcg.2012.227""]"
A5088154886,1,20.0,0,Marie Vendettuoli,"[""10.1109/tvcg.2013.140""]"
A5088157983,2,44.0,0,A. R. Forrest,"[""10.1109/visual.1995.480802"", ""10.1109/visual.1996.568104""]"
A5088199295,10,510.0,0,Di Weng,"[""10.1109/tvcg.2016.2598432"", ""10.1109/tvcg.2018.2865126"", ""10.1109/tvcg.2019.2934670"", ""10.1109/tvcg.2020.3030458"", ""10.1109/tvcg.2021.3114875"", ""10.1109/tvcg.2021.3114878"", ""10.1109/tvcg.2022.3209385"", ""10.1109/tvcg.2022.3209430"", ""10.1109/tvcg.2023.3327162"", ""10.1109/tvcg.2024.3456328""]"
A5088209296,1,55.0,0,Xiaoxiao Lian,"[""10.1109/vast.2010.5652931""]"
A5088220929,1,4.0,0,Tao Lu,"[""10.1109/tvcg.2024.3456210""]"
A5088222500,1,1.0,0,A. Betts,"[""10.1109/visual.2005.1532791""]"
A5088223542,2,77.0,0,Martin Luboschik,"[""10.1109/tvcg.2008.152"", ""10.1109/vast.2015.7347629""]"
A5088230024,1,8.0,0,B. Henne,"[""10.1109/visual.1999.809917""]"
A5088230949,1,147.0,1,Hao Yang,"[""10.1109/tvcg.2018.2864504""]"
A5088234443,1,27.0,0,Heiko Friedrich,"[""10.1109/tvcg.2007.70566""]"
A5088246039,2,56.0,0,R. Crawfis,"[""10.1109/visual.2000.885704"", ""10.1109/visual.2001.964518""]"
A5088255721,4,546.0,0,Hans‐jörg Schulz,"[""10.1109/tvcg.2011.213"", ""10.1109/tvcg.2011.250"", ""10.1109/tvcg.2013.120"", ""10.1109/tvcg.2016.2598468""]"
A5088281102,1,23.0,0,P. Saraiya,"[""10.1109/infvis.2005.1532151""]"
A5088298192,1,19.0,0,Kris Cook,"[""10.1109/tvcg.2016.2598460""]"
A5088299135,1,1.0,0,D. Mcnabb,"[""10.1109/visual.1994.346300""]"
A5088301806,1,43.0,0,Robert C. Zeleznik,"[""10.1109/tvcg.2014.2346293""]"
A5088325807,1,1.0,0,K. Desai,"[""10.1109/visual.2005.1532829""]"
A5088340901,1,14.0,0,Jennifer K. Ryan,"[""10.1109/tvcg.2017.2744058""]"
A5088361669,5,191.0,1,Soumya Dutta,"[""10.1109/tvcg.2013.133"", ""10.1109/tvcg.2015.2467436"", ""10.1109/tvcg.2015.2467952"", ""10.1109/tvcg.2016.2598604"", ""10.1109/tvcg.2018.2864801""]"
A5088379177,2,66.0,0,Felesia Stukes,"[""10.1109/vast.2008.4677360"", ""10.1109/vast.2010.5653598""]"
A5088384298,1,11.0,0,Dingjie Song,"[""10.1109/visual.1993.398860""]"
A5088385566,1,35.0,0,Del Lamb,"[""10.1109/visual.1990.146365""]"
A5088393129,2,266.0,0,Xinyue Ye,"[""10.1109/tvcg.2015.2467771"", ""10.1109/tvcg.2016.2598416""]"
A5088394147,2,38.0,0,Pedro Hermosilla,"[""10.1109/tvcg.2016.2598825"", ""10.1109/tvcg.2018.2864851""]"
A5088457703,1,16.0,0,Yanwei Huang,"[""10.1109/tvcg.2022.3209385""]"
A5088482365,1,22.0,0,Josh Pollock,"[""10.1109/tvcg.2022.3209369""]"
A5088492233,1,2.0,0,Philipp Meschenmoser,"[""10.1109/tvcg.2020.3030386""]"
A5088494328,2,115.0,1,Euan Freeman,"[""10.1109/tvcg.2021.3114828"", ""10.1109/tvcg.2022.3209448""]"
A5088506741,1,4.0,0,Hansjorq Schmauder,"[""10.1109/tvcg.2018.2865266""]"
A5088520658,1,59.0,0,Gerald L. Lohse,"[""10.1109/visual.1993.398872""]"
A5088565793,1,34.0,0,Martin Graham,"[""10.1109/tvcg.2007.70556""]"
A5088584992,2,11.0,0,Marco Lanzagorta,"[""10.1109/visual.1998.745350"", ""10.1109/visual.2000.885727""]"
A5088589430,1,35.0,0,Amit Bandopadhay,"[""10.1109/visual.1990.146365""]"
A5088612835,1,8.0,0,D. Roy,"[""10.1109/visual.2005.1532806""]"
A5088613243,1,32.0,0,W. Bertelheimer,"[""10.1109/visual.1999.809918""]"
A5088614523,3,57.0,0,Peter Mindek,"[""10.1109/tvcg.2017.2744518"", ""10.1109/tvcg.2019.2934612"", ""10.1109/tvcg.2020.3030415""]"
A5088633029,2,87.0,0,S. Felix Wu,"[""10.1109/visual.2002.1183816"", ""10.1109/visual.2003.1250415""]"
A5088672772,3,92.0,0,Anqi Cao,"[""10.1109/tvcg.2019.2934630"", ""10.1109/tvcg.2023.3326524"", ""10.1109/tvcg.2024.3456216""]"
A5088697168,1,29.0,0,Arpita Patro,"[""10.1109/infvis.2004.71""]"
A5088700947,1,44.0,0,Tran Van Long,"[""10.1109/tvcg.2008.167""]"
A5088714003,1,42.0,0,Ragini Rathore,"[""10.1109/tvcg.2019.2934536""]"
A5088762006,1,10.0,0,Brian Bollen,"[""10.1109/tvcg.2022.3209395""]"
A5088763686,1,635.0,0,Azalea A. Vo,"[""10.1109/tvcg.2013.234""]"
A5088765893,1,74.0,0,Angela Mayhua Quispe,"[""10.1109/tvcg.2017.2744320""]"
A5088769444,1,24.0,0,E. Howe,"[""10.1109/infvis.2004.8""]"
A5088778612,1,130.0,0,David Harel,"[""10.1109/infvis.2002.1173159""]"
A5088801169,1,9.0,0,Pascal Nardini,"[""10.1109/tvcg.2020.3028955""]"
A5088809053,1,1.0,0,N.c. Schaller,"[""10.1109/visual.1991.175836""]"
A5088827158,1,8.0,0,J.k. Johnstone,"[""10.1109/visual.1995.480820""]"
A5088844445,1,8.0,0,Robert Rohling,"[""10.1109/visual.2002.1183755""]"
A5088860259,9,192.0,2,Tobias Günther,"[""10.1109/tvcg.2014.2346415"", ""10.1109/tvcg.2015.2467200"", ""10.1109/tvcg.2016.2599016"", ""10.1109/tvcg.2018.2864509"", ""10.1109/tvcg.2018.2864828"", ""10.1109/tvcg.2019.2934375"", ""10.1109/tvcg.2020.3028947"", ""10.1109/tvcg.2022.3209374"", ""10.1109/tvcg.2024.3456384""]"
A5088861439,1,58.0,0,Zhongchen Shi,"[""10.1109/visual.1993.398852""]"
A5088875263,1,1.0,0,Haili Ma,"[""10.1109/visual.1998.745345""]"
A5088912607,1,91.0,0,Michael Houston,"[""10.1109/visual.2003.1250369""]"
A5088929822,1,59.0,0,Thomas Pabel,"[""10.1109/tvcg.2008.147""]"
A5088950204,1,21.0,0,Hyung Kwon Ko,"[""10.1109/tvcg.2021.3114833""]"
A5088951387,1,2.0,0,Alexander Straub,"[""10.1109/tvcg.2023.3326931""]"
A5088977284,3,480.0,1,Marco Tarini,"[""10.1109/tvcg.2006.115"", ""10.1109/tvcg.2010.136"", ""10.1109/visual.2003.1250407""]"
A5089000736,1,70.0,0,Tien N. Nguyen,"[""10.1109/tvcg.2006.111""]"
A5089058921,1,1.0,0,D. Pointer,"[""10.1109/visual.2005.1532791""]"
A5089069817,2,65.0,0,U. Tiede,"[""10.1109/visual.1992.235218"", ""10.1109/visual.1998.745311""]"
A5089101881,1,18.0,0,Mickaël Fabrègue,"[""10.1109/vast.2014.7042488""]"
A5089122189,1,35.0,0,Hesham Elhalawani,"[""10.1109/tvcg.2019.2934546""]"
A5089129937,5,244.0,0,Matthew Chalmers,"[""10.1109/infvis.1997.636789"", ""10.1109/infvis.2002.1173161"", ""10.1109/infvis.2003.1249012"", ""10.1109/infvis.2003.1249013"", ""10.1109/visual.1996.567787""]"
A5089153801,1,15.0,0,F. Dachille,"[""10.1109/visual.2001.964517""]"
A5089177147,1,13.0,0,Wonyoung So,"[""10.1109/tvcg.2020.3030391""]"
A5089220047,2,94.0,1,Roger Beecham,"[""10.1109/tvcg.2014.2346323"", ""10.1109/tvcg.2016.2598862""]"
A5089227387,2,153.0,0,Michael Joseph Haass,"[""10.1109/tvcg.2017.2743939"", ""10.1109/tvcg.2018.2865146""]"
A5089258041,2,74.0,0,Dirk Streeb,"[""10.1109/tvcg.2019.2934812"", ""10.1109/tvcg.2020.3030408""]"
A5089271689,1,63.0,0,Heidi Werner,"[""10.1109/vast.2015.7347636""]"
A5089272942,1,11.0,0,Sudhanshu Sane,"[""10.1109/tvcg.2022.3209424""]"
A5089292730,2,55.0,0,P. Bhaniramka,"[""10.1109/visual.2000.885704"", ""10.1109/visual.2005.1532786""]"
A5089309220,1,57.0,0,S. Ehmann,"[""10.1109/visual.2000.885687""]"
A5089320763,1,8.0,0,J.e. Bossert,"[""10.1109/visual.1997.663919""]"
A5089328357,1,16.0,0,W. Horn,"[""10.1109/visual.1998.745327""]"
A5089336832,1,4.0,0,Shengfeng Qin,"[""10.1109/tvcg.2023.3326932""]"
A5089341123,1,10.0,0,G. Davison,"[""10.1109/infvis.2004.21""]"
A5089358991,2,102.0,0,Steffen Hadlak,"[""10.1109/tvcg.2011.213"", ""10.1109/tvcg.2013.198""]"
A5089373476,1,10.0,0,N. Gokhale,"[""10.1109/visual.1994.346341""]"
A5089383499,1,6.0,0,J.v. Miller,"[""10.1109/visual.1990.146367""]"
A5089405476,1,45.0,0,Peng Mi,"[""10.1109/tvcg.2015.2467813""]"
A5089427732,1,2.0,0,Borys Flak,"[""10.1109/visual.1997.663855""]"
A5089451178,24,1568.0,1,Remco Chang,"[""10.1109/tvcg.2007.70574"", ""10.1109/tvcg.2008.149"", ""10.1109/tvcg.2009.152"", ""10.1109/tvcg.2012.195"", ""10.1109/tvcg.2014.2346575"", ""10.1109/tvcg.2014.2346979"", ""10.1109/tvcg.2015.2467758"", ""10.1109/tvcg.2016.2598588"", ""10.1109/tvcg.2018.2865264"", ""10.1109/tvcg.2019.2934261"", ""10.1109/tvcg.2019.2934556"", ""10.1109/tvcg.2020.3030338"", ""10.1109/tvcg.2020.3030372"", ""10.1109/tvcg.2020.3030443"", ""10.1109/tvcg.2023.3326904"", ""10.1109/tvcg.2024.3456305"", ""10.1109/tvcg.2024.3456391"", ""10.1109/vast.2007.4389009"", ""10.1109/vast.2008.4677360"", ""10.1109/vast.2010.5653598"", ""10.1109/vast.2010.5653599"", ""10.1109/vast.2011.6102445"", ""10.1109/vast.2011.6102461"", ""10.1109/vast.2012.6400486""]"
A5089466528,1,5.0,0,Kurt Severance,"[""10.1109/visual.2001.964563""]"
A5089500765,1,23.0,0,Rolf Müller,"[""10.1109/tvcg.2012.258""]"
A5089538913,1,0.0,0,José Manuel Blanco Prado,"[""10.1109/visual.1996.568132""]"
A5089540620,1,2.0,0,J.t. Foley,"[""10.1109/visual.1997.663918""]"
A5089605137,14,634.0,4,Matthew Kay,"[""10.1109/tvcg.2015.2467671"", ""10.1109/tvcg.2017.2743898"", ""10.1109/tvcg.2018.2864889"", ""10.1109/tvcg.2018.2864909"", ""10.1109/tvcg.2020.3030335"", ""10.1109/tvcg.2020.3030429"", ""10.1109/tvcg.2022.3209348"", ""10.1109/tvcg.2023.3327165"", ""10.1109/tvcg.2023.3327195"", ""10.1109/tvcg.2023.3327356"", ""10.1109/tvcg.2024.3456291"", ""10.1109/tvcg.2024.3456309"", ""10.1109/tvcg.2024.3456366"", ""10.1109/tvcg.2024.3456402""]"
A5089660348,2,45.0,0,Jan Zahálka,"[""10.1109/tvcg.2020.3030383"", ""10.1109/vast.2014.7042476""]"
A5089665046,1,107.0,0,Qiuhan Zhu,"[""10.1109/tvcg.2017.2744419""]"
A5089670374,1,37.0,0,K. Stockinger,"[""10.1109/visual.2005.1532792""]"
A5089688638,17,912.0,2,Anastasia Bezerianos,"[""10.1109/tvcg.2008.141"", ""10.1109/tvcg.2010.159"", ""10.1109/tvcg.2011.160"", ""10.1109/tvcg.2012.220"", ""10.1109/tvcg.2012.251"", ""10.1109/tvcg.2013.163"", ""10.1109/tvcg.2014.2346426"", ""10.1109/tvcg.2016.2598594"", ""10.1109/tvcg.2017.2745138"", ""10.1109/tvcg.2018.2865077"", ""10.1109/tvcg.2018.2865142"", ""10.1109/tvcg.2018.2865233"", ""10.1109/tvcg.2019.2934807"", ""10.1109/tvcg.2021.3114805"", ""10.1109/tvcg.2022.3209480"", ""10.1109/tvcg.2024.3456319"", ""10.1109/tvcg.2024.3456335""]"
A5089718561,1,45.0,0,Rusheng Pan,"[""10.1109/tvcg.2018.2865021""]"
A5089720959,1,34.0,0,J. Gibbs,"[""10.1109/visual.1996.567606""]"
A5089723214,1,7.0,0,John Canny,"[""10.1109/infvis.2003.1249032""]"
A5089729939,1,33.0,0,Kenneth P. Vives,"[""10.1109/tvcg.2008.150""]"
A5089749790,2,5.0,0,Jason D. Hartline,"[""10.1109/tvcg.2021.3114842"", ""10.1109/tvcg.2023.3326513""]"
A5089782077,1,15.0,0,D. Bekins,"[""10.1109/visual.2005.1532789""]"
A5089798202,2,38.0,1,Jules Vidal,"[""10.1109/tvcg.2019.2934256"", ""10.1109/tvcg.2021.3114839""]"
A5089849867,1,50.0,0,T. Tasdizen,"[""10.1109/visual.2005.1532807""]"
A5089865252,1,0.0,0,Sabine Brunswicker,"[""10.1109/vast.2018.8802449""]"
A5089881940,1,18.0,0,Saad Nadeem,"[""10.1109/tvcg.2016.2598791""]"
A5089885105,1,44.0,0,Roland Heilmann,"[""10.1109/infvis.2004.57""]"
A5089895616,1,1.0,1,Lora Oehlberg,"[""10.1109/tvcg.2021.3114844""]"
A5089904045,1,41.0,0,Paul G. Kelaita,"[""10.1109/visual.1990.146360""]"
A5089912211,4,42.0,0,Georges‐pierre Bonneau,"[""10.1109/visual.1996.567602"", ""10.1109/visual.1998.745287"", ""10.1109/visual.1999.809898"", ""10.1109/visual.2000.885719""]"
A5089915762,1,4.0,0,Wei Chao Wen,"[""10.1109/visual.2000.885712""]"
A5089918221,2,41.0,0,Andrew Burks,"[""10.1109/tvcg.2017.2745280"", ""10.1109/tvcg.2018.2864849""]"
A5089933160,1,82.0,0,John Sharko,"[""10.1109/tvcg.2008.173""]"
A5089933973,2,62.0,0,Erwin Keeve,"[""10.1109/visual.1996.567595"", ""10.1109/visual.2004.29""]"
A5089950885,1,34.0,0,Ralf Kaehler,"[""10.1109/tvcg.2012.187""]"
A5089966552,1,13.0,1,Farooq Naeem,"[""10.1109/tvcg.2022.3209444""]"
A5090060844,1,5.0,0,Tabitha C. Peck,"[""10.1109/tvcg.2024.3456381""]"
A5090138830,1,5.0,1,Pierluigi Taddei,"[""10.1109/tvcg.2011.168""]"
A5090140316,1,34.0,0,Susan Vanderplas,"[""10.1109/tvcg.2015.2469125""]"
A5090150936,1,37.0,0,Anatole Lécuyer,"[""10.1109/tvcg.2006.189""]"
A5090171111,1,29.0,0,See Kiong Ng,"[""10.1109/vast.2015.7347630""]"
A5090175598,1,35.0,0,Isabel Meirelles,"[""10.1109/tvcg.2023.3327378""]"
A5090247961,2,198.0,0,Aurélien Tabard,"[""10.1109/tvcg.2014.2352953"", ""10.1109/tvcg.2021.3114835""]"
A5090261891,1,70.0,0,Steve Kelling,"[""10.1109/tvcg.2011.176""]"
A5090268064,1,12.0,0,Hiroaki Natsukawa,"[""10.1109/tvcg.2020.3028956""]"
A5090274388,1,42.0,0,Nathalie Reuter,"[""10.1109/tvcg.2007.70517""]"
A5090283742,1,130.0,1,Jaeyeon Kihm,"[""10.1109/vast.2010.5652443""]"
A5090287162,1,7.0,0,Christoph Hennersperger,"[""10.1109/scivis.2015.7429489""]"
A5090333096,1,100.0,0,Michael Zinsmaier,"[""10.1109/tvcg.2012.238""]"
A5090335927,1,20.0,0,Zhicong Lu,"[""10.1109/tvcg.2018.2864887""]"
A5090345450,2,343.0,0,Gonzalo Ramos,"[""10.1109/tvcg.2011.186"", ""10.1109/tvcg.2012.252""]"
A5090346230,1,46.0,0,Tim Mcgraw,"[""10.1109/tvcg.2007.70597""]"
A5090346908,1,7.0,0,Matthias Trapp,"[""10.1109/tvcg.2023.3326569""]"
A5090354265,1,30.0,0,Il Hong Jung,"[""10.1109/visual.1997.663871""]"
A5090380211,1,41.0,0,Till Wollenberg,"[""10.1109/tvcg.2013.198""]"
A5090388199,1,76.0,0,Alison Duffy,"[""10.1109/tvcg.2013.145""]"
A5090414723,7,154.0,0,Daniel G. Aliaga,"[""10.1109/tvcg.2010.189"", ""10.1109/visual.1996.567774"", ""10.1109/visual.1997.663903"", ""10.1109/visual.1998.745305"", ""10.1109/visual.2001.964491"", ""10.1109/visual.2002.1183792"", ""10.1109/visual.2005.1532789""]"
A5090435854,1,18.0,0,Bartosz Von Rymon Lipinski,"[""10.1109/visual.2004.29""]"
A5090440421,1,9.0,0,Katarina Younkin,"[""10.1109/vast.2008.4677366""]"
A5090465368,1,20.0,0,Dimah Yanovsky,"[""10.1109/visual.2002.1183792""]"
A5090479069,1,36.0,1,Erik Broberg,"[""10.1109/tvcg.2017.2743958""]"
A5090502474,1,85.0,0,Julia Contreras‐garcía,"[""10.1109/tvcg.2014.2346403""]"
A5090522837,1,5.0,0,H. H. Ehricke,"[""10.1109/visual.1993.398847""]"
A5090528474,1,0.0,0,V.v. Gusev,"[""10.1109/visual.1993.398911""]"
A5090554299,1,11.0,1,Sujal Bista,"[""10.1109/tvcg.2014.2346411""]"
A5090559121,1,7.0,0,Philippe Pébaÿ,"[""10.1109/visual.2005.1532776""]"
A5090570042,34,9919.0,8,Jeffrey Heer,"[""10.1109/infvis.2005.1532126"", ""10.1109/tvcg.2006.163"", ""10.1109/tvcg.2006.178"", ""10.1109/tvcg.2007.70539"", ""10.1109/tvcg.2007.70589"", ""10.1109/tvcg.2008.137"", ""10.1109/tvcg.2009.174"", ""10.1109/tvcg.2010.144"", ""10.1109/tvcg.2010.179"", ""10.1109/tvcg.2010.186"", ""10.1109/tvcg.2011.185"", ""10.1109/tvcg.2011.190"", ""10.1109/tvcg.2012.219"", ""10.1109/tvcg.2014.2346452"", ""10.1109/tvcg.2014.2346978"", ""10.1109/tvcg.2015.2467091"", ""10.1109/tvcg.2015.2467191"", ""10.1109/tvcg.2015.2467671"", ""10.1109/tvcg.2016.2598618"", ""10.1109/tvcg.2016.2599030"", ""10.1109/tvcg.2017.2744320"", ""10.1109/tvcg.2018.2865240"", ""10.1109/tvcg.2019.2934281"", ""10.1109/tvcg.2020.3028985"", ""10.1109/tvcg.2020.3030360"", ""10.1109/tvcg.2023.3326516"", ""10.1109/tvcg.2023.3326527"", ""10.1109/tvcg.2023.3327172"", ""10.1109/tvcg.2023.3327189"", ""10.1109/tvcg.2024.3456317"", ""10.1109/tvcg.2024.3456350"", ""10.1109/vast.2006.261450"", ""10.1109/vast.2007.4389011"", ""10.1109/vast.2011.6102441""]"
A5090571318,1,42.0,0,Juan R. Cebral,"[""10.1109/tvcg.2015.2467203""]"
A5090601084,1,8.0,0,Bingchen Liu,"[""10.1109/tvcg.2012.206""]"
A5090633067,1,8.0,0,H. P. Nollert,"[""10.1109/visual.2005.1532845""]"
A5090650844,1,4.0,0,J. J. Wang,"[""10.1109/tvcg.2024.3456311""]"
A5090675791,1,6.0,0,Stéphane Conreaux,"[""10.1109/visual.2001.964511""]"
A5090693390,2,85.0,0,Larry F. Hodges,"[""10.1109/visual.1995.480800"", ""10.1109/visual.2002.1183802""]"
A5090713275,1,85.0,0,Andreas Bannach,"[""10.1109/vast.2011.6102448""]"
A5090713755,2,34.0,0,S. Jordan,"[""10.1109/tvcg.2016.2599018"", ""10.1109/tvcg.2018.2864508""]"
A5090717297,2,84.0,0,Christopher Nimsky,"[""10.1109/tvcg.2006.151"", ""10.1109/visual.2005.1532777""]"
A5090728511,2,164.0,0,Yu‐hsuan Chan,"[""10.1109/vast.2009.5332611"", ""10.1109/vast.2010.5652460""]"
A5090732180,1,141.0,0,Nelson Wong,"[""10.1109/infvis.2003.1249008""]"
A5090771774,2,197.0,1,Maarten H. Everts,"[""10.1109/tvcg.2009.138"", ""10.1109/tvcg.2010.157""]"
A5090775158,2,19.0,0,Hamza Elhamdadi,"[""10.1109/tvcg.2021.3114784"", ""10.1109/tvcg.2023.3326579""]"
A5090775534,1,15.0,0,Ulrich Weikard,"[""10.1109/visual.2000.885715""]"
A5090836057,1,12.0,0,Keith J. Bein,"[""10.1109/tvcg.2012.280""]"
A5090860305,1,14.0,0,A. Entezari,"[""10.1109/visual.2005.1532811""]"
A5090876108,2,245.0,0,Corinna Vehlow,"[""10.1109/tvcg.2011.226"", ""10.1109/tvcg.2013.232""]"
A5090887035,1,45.0,0,Cesar Palomo,"[""10.1109/tvcg.2015.2467592""]"
A5090901796,1,51.0,0,Jingmin Chen,"[""10.1109/tvcg.2018.2865126""]"
A5090903423,1,35.0,0,J. Schneider,"[""10.1109/visual.2005.1532850""]"
A5090908824,1,41.0,1,I. Tedjo,"[""10.1109/tvcg.2008.142""]"
A5090930182,3,307.0,0,Eric D. Ragan,"[""10.1109/tvcg.2015.2467551"", ""10.1109/tvcg.2018.2865029"", ""10.1109/tvcg.2022.3209495""]"
A5090930477,1,36.0,0,Kristian Hildebrand,"[""10.1109/visual.2005.1532803""]"
A5090970785,1,87.0,0,Phil Fawcett,"[""10.1109/tvcg.2011.251""]"
A5091009938,1,16.0,0,Nico Pietroni,"[""10.1109/tvcg.2011.165""]"
A5091018063,9,253.0,0,Patricia J. Crossno,"[""10.1109/vast.2009.5333428"", ""10.1109/visual.1996.568133"", ""10.1109/visual.1997.663930"", ""10.1109/visual.1999.809903"", ""10.1109/visual.1999.809919"", ""10.1109/visual.2001.964543"", ""10.1109/visual.2002.1183819"", ""10.1109/visual.2004.115"", ""10.1109/visual.2005.1532788""]"
A5091023123,1,11.0,0,Robert C. Miller,"[""10.1109/tvcg.2013.137""]"
A5091026913,2,28.0,0,Y. G. Wu,"[""10.1109/tvcg.2023.3326911"", ""10.1109/tvcg.2023.3326929""]"
A5091036340,1,10.0,0,Keon‐joo Lee,"[""10.1109/tvcg.2024.3456215""]"
A5091077068,2,7.0,0,Randy K. Scoggins,"[""10.1109/visual.2000.885691"", ""10.1109/visual.2001.964535""]"
A5091108255,1,117.0,0,Christof Rezk Salama,"[""10.1109/tvcg.2006.148""]"
A5091111194,1,2.0,0,T. Gerhold,"[""10.1109/visual.1995.485156""]"
A5091130051,1,107.0,0,Tangzhi Ye,"[""10.1109/tvcg.2014.2346746""]"
A5091133814,1,12.0,0,Reyk Hillert,"[""10.1109/tvcg.2011.217""]"
A5091144609,3,88.0,0,Artem Amirkhanov,"[""10.1109/tvcg.2010.214"", ""10.1109/tvcg.2011.228"", ""10.1109/vast.2016.7883516""]"
A5091157999,1,47.0,0,Michael L. Pack,"[""10.1109/tvcg.2013.231""]"
A5091162922,1,12.0,0,Yijing Ren,"[""10.1109/tvcg.2022.3209440""]"
A5091174785,1,165.0,0,Miloš Krstajić,"[""10.1109/tvcg.2011.179""]"
A5091175785,1,22.0,1,Kyunghyun Cho,"[""10.1109/tvcg.2023.3327396""]"
A5091252762,1,17.0,0,Jhen Hsieh,"[""10.1109/visual.1992.235190""]"
A5091260693,3,153.0,0,Dani Lischinski,"[""10.1109/tvcg.2020.3030406"", ""10.1109/visual.2001.964539"", ""10.1109/visual.2002.1183795""]"
A5091278432,1,3128.0,1,V. Ogievetsky,"[""10.1109/tvcg.2011.185""]"
A5091282740,1,10.0,0,M.j. Mcguffin,"[""10.1109/infvis.2004.21""]"
A5091296386,1,15.0,0,Adam Sah,"[""10.1109/tvcg.2020.3030372""]"
A5091297067,1,19.0,0,David Duran,"[""10.1109/tvcg.2018.2864851""]"
A5091300565,4,241.0,1,Narayanan Kasthuri,"[""10.1109/tvcg.2013.142"", ""10.1109/tvcg.2014.2346312"", ""10.1109/tvcg.2014.2346371"", ""10.1109/tvcg.2015.2467441""]"
A5091314206,4,152.0,1,Wenbin He,"[""10.1109/tvcg.2019.2934312"", ""10.1109/tvcg.2021.3114855"", ""10.1109/tvcg.2022.3209466"", ""10.1109/tvcg.2023.3326577""]"
A5091316601,1,4.0,0,Rachel Meyers,"[""10.1109/visual.1990.146390""]"
A5091324880,1,13.0,0,Stefan Barp,"[""10.1109/tvcg.2012.243""]"
A5091339389,1,18.0,0,Grzegorz Soza,"[""10.1109/tvcg.2014.2346405""]"
A5091354130,1,69.0,0,Wolfgang Nowak,"[""10.1109/tvcg.2011.203""]"
A5091360778,3,67.0,0,Sebastian Grottel,"[""10.1109/tvcg.2007.70614"", ""10.1109/tvcg.2010.196"", ""10.1109/tvcg.2012.282""]"
A5091361515,1,5.0,0,A. Sadiq,"[""10.1109/visual.2002.1183775""]"
A5091363610,4,25.0,1,Rebecca Kehlbeck,"[""10.1109/tvcg.2019.2934654"", ""10.1109/tvcg.2021.3114834"", ""10.1109/tvcg.2023.3327149"", ""10.1109/vast47406.2019.8986917""]"
A5091379507,6,223.0,0,Phong H. Nguyen,"[""10.1109/tvcg.2012.189"", ""10.1109/tvcg.2013.132"", ""10.1109/tvcg.2015.2467611"", ""10.1109/tvcg.2019.2934609"", ""10.1109/tvcg.2021.3114828"", ""10.1109/vast.2016.7883515""]"
A5091393556,5,137.0,0,Donna L. Gresh,"[""10.1109/visual.1992.235219"", ""10.1109/visual.1999.809929"", ""10.1109/visual.2000.885739"", ""10.1109/visual.2002.1183817"", ""10.1109/visual.2003.1250416""]"
A5091398218,4,84.0,0,Gromit Yeuk Yin Chan,"[""10.1109/tvcg.2016.2598415"", ""10.1109/tvcg.2018.2864826"", ""10.1109/tvcg.2019.2934280"", ""10.1109/tvcg.2023.3327363""]"
A5091408797,7,287.0,0,Hong Qin,"[""10.1109/tvcg.2007.70538"", ""10.1109/tvcg.2008.134"", ""10.1109/visual.1997.663905"", ""10.1109/visual.2003.1250359"", ""10.1109/visual.2003.1250382"", ""10.1109/visual.2004.101"", ""10.1109/visual.2005.1532840""]"
A5091423720,1,94.0,0,Farah Kamw,"[""10.1109/tvcg.2016.2598416""]"
A5091444900,1,11.0,0,Conny Walchshofer,"[""10.1109/tvcg.2023.3326525""]"
A5091451238,1,32.0,0,Francesco Parisio,"[""10.1109/tvcg.2018.2864846""]"
A5091459619,1,29.0,0,Iván Herman,"[""10.1109/infvis.2000.885090""]"
A5091466289,70,4687.0,5,Huamin Qu,"[""10.1109/tvcg.2007.70523"", ""10.1109/tvcg.2008.135"", ""10.1109/tvcg.2008.159"", ""10.1109/tvcg.2009.112"", ""10.1109/tvcg.2009.144"", ""10.1109/tvcg.2009.156"", ""10.1109/tvcg.2009.172"", ""10.1109/tvcg.2009.179"", ""10.1109/tvcg.2010.183"", ""10.1109/tvcg.2011.188"", ""10.1109/tvcg.2011.239"", ""10.1109/tvcg.2012.253"", ""10.1109/tvcg.2012.291"", ""10.1109/tvcg.2013.221"", ""10.1109/tvcg.2014.2346746"", ""10.1109/tvcg.2014.2346893"", ""10.1109/tvcg.2014.2346912"", ""10.1109/tvcg.2015.2467194"", ""10.1109/tvcg.2015.2467691"", ""10.1109/tvcg.2015.2468151"", ""10.1109/tvcg.2016.2598415"", ""10.1109/tvcg.2016.2598432"", ""10.1109/tvcg.2016.2598444"", ""10.1109/tvcg.2016.2598465"", ""10.1109/tvcg.2016.2598867"", ""10.1109/tvcg.2016.2599378"", ""10.1109/tvcg.2017.2744080"", ""10.1109/tvcg.2017.2744159"", ""10.1109/tvcg.2017.2744738"", ""10.1109/tvcg.2018.2864812"", ""10.1109/tvcg.2018.2865232"", ""10.1109/tvcg.2019.2934267"", ""10.1109/tvcg.2019.2934275"", ""10.1109/tvcg.2019.2934332"", ""10.1109/tvcg.2019.2934613"", ""10.1109/tvcg.2019.2934656"", ""10.1109/tvcg.2019.2934660"", ""10.1109/tvcg.2019.2934798"", ""10.1109/tvcg.2019.2934810"", ""10.1109/tvcg.2020.3030337"", ""10.1109/tvcg.2020.3030342"", ""10.1109/tvcg.2020.3030370"", ""10.1109/tvcg.2020.3030396"", ""10.1109/tvcg.2020.3030423"", ""10.1109/tvcg.2020.3030449"", ""10.1109/tvcg.2020.3030469"", ""10.1109/tvcg.2020.3030471"", ""10.1109/tvcg.2021.3114774"", ""10.1109/tvcg.2021.3114794"", ""10.1109/tvcg.2021.3114826"", ""10.1109/tvcg.2021.3114836"", ""10.1109/tvcg.2022.3209360"", ""10.1109/tvcg.2022.3209386"", ""10.1109/tvcg.2022.3209391"", ""10.1109/tvcg.2022.3209408"", ""10.1109/tvcg.2022.3209468"", ""10.1109/tvcg.2022.3209483"", ""10.1109/tvcg.2023.3326586"", ""10.1109/tvcg.2023.3327153"", ""10.1109/tvcg.2023.3327155"", ""10.1109/tvcg.2023.3327170"", ""10.1109/tvcg.2024.3456333"", ""10.1109/tvcg.2024.3456363"", ""10.1109/vast.2011.6102455"", ""10.1109/vast.2014.7042490"", ""10.1109/vast.2015.7347633"", ""10.1109/vast.2016.7883517"", ""10.1109/vast.2017.8585721"", ""10.1109/visual.2000.885702"", ""10.1109/visual.2003.1250405""]"
A5091466574,1,66.0,0,Yueh Z. Lee,"[""10.1109/tvcg.2010.176""]"
A5091509457,1,17.0,0,W. Djatschin,"[""10.1109/visual.1994.346315""]"
A5091537826,1,15.0,0,Robert B. Haber,"[""10.1109/visual.2004.81""]"
A5091549680,1,28.0,0,Enya Shen,"[""10.1109/tvcg.2014.2346416""]"
A5091561129,1,59.0,0,Jiewen Lai,"[""10.1109/tvcg.2018.2864899""]"
A5091569809,1,7.0,0,Boyan Zheng,"[""10.1109/tvcg.2020.3030466""]"
A5091572336,1,5.0,0,Ambre Assor,"[""10.1109/tvcg.2023.3327361""]"
A5091619219,1,332.0,0,Pierre Andrews,"[""10.1109/tvcg.2017.2744718""]"
A5091622251,1,13.0,0,Ernest F. Retzel,"[""10.1109/visual.1996.567796""]"
A5091630951,19,843.0,3,Hans‐christian Hege,"[""10.1109/tvcg.2007.70545"", ""10.1109/tvcg.2009.198"", ""10.1109/tvcg.2011.248"", ""10.1109/tvcg.2011.249"", ""10.1109/tvcg.2011.259"", ""10.1109/tvcg.2012.191"", ""10.1109/tvcg.2012.292"", ""10.1109/tvcg.2013.159"", ""10.1109/tvcg.2014.2346404"", ""10.1109/tvcg.2018.2864507"", ""10.1109/visual.1996.567777"", ""10.1109/visual.2002.1183753"", ""10.1109/visual.2002.1183780"", ""10.1109/visual.2002.1183824"", ""10.1109/visual.2003.1250376"", ""10.1109/visual.2004.51"", ""10.1109/visual.2004.99"", ""10.1109/visual.2005.1532842"", ""10.1109/visual.2005.1532851""]"
A5091682332,1,27.0,0,Harold Ship,"[""10.1109/tvcg.2013.224""]"
A5091708147,1,5.0,0,M. Wilson,"[""10.1109/visual.1990.146397""]"
A5091720743,1,93.0,0,Nicholas Kong,"[""10.1109/tvcg.2012.229""]"
A5091723096,1,14.0,0,Stephan Wenger,"[""10.1109/tvcg.2012.281""]"
A5091752548,1,1.0,0,Yngve S. Kristiansen,"[""10.1109/tvcg.2021.3114860""]"
A5091757106,2,60.0,1,Gregory Heinlein,"[""10.1109/tvcg.2015.2467952"", ""10.1109/tvcg.2016.2598604""]"
A5091779580,1,5.0,0,Rami Hietala,"[""10.1109/visual.2000.885673""]"
A5091823247,1,4.0,0,J. Govindarajan,"[""10.1109/visual.1999.809936""]"
A5091827588,2,140.0,0,Guangfeng Ji,"[""10.1109/tvcg.2006.137"", ""10.1109/visual.2003.1250374""]"
A5091867930,4,183.0,0,Bruno Jobard,"[""10.1109/visual.1997.663899"", ""10.1109/visual.2000.885689"", ""10.1109/visual.2001.964493"", ""10.1109/visual.2003.1250364""]"
A5091868032,1,12.0,0,Mingyang Gray,"[""10.1109/infvis.1996.559227""]"
A5091882831,1,5.0,0,Martin Hachet,"[""10.1109/tvcg.2023.3327361""]"
A5091887368,1,68.0,0,Jason Laska,"[""10.1109/tvcg.2018.2865029""]"
A5092109868,2,6.0,0,Anna Sterzik,"[""10.1109/tvcg.2023.3326523"", ""10.1109/tvcg.2023.3326574""]"
A5092498989,1,3.0,0,Bryan Triana,"[""10.1109/tvcg.2023.3326592""]"
A5092513707,1,0.0,0,Tim J. A. De Jong,"[""10.1109/tvcg.2023.3327178""]"
A5092528206,1,1.0,0,Kevin Sidak,"[""10.1109/tvcg.2024.3456406""]"
A5092538664,2,22.0,1,Hoda Fakhari,"[""10.1109/tvcg.2023.3327356"", ""10.1109/tvcg.2024.3456366""]"
A5092543582,1,22.0,0,Alexandre Aouididi,"[""10.1109/tvcg.2023.3327161""]"
A5092543676,1,1.0,0,Bernhard Pointner,"[""10.1109/tvcg.2023.3326912""]"
A5092616558,1,9.0,0,Marie Shvakel,"[""10.1109/tvcg.2023.3327192""]"
A5092622516,1,27.0,1,Vaishnavi Gorantla,"[""10.1109/tvcg.2023.3327367""]"
A5092645216,1,2.0,0,Nicolas Klenert,"[""10.1109/tvcg.2023.3327403""]"
A5092691906,1,2.0,0,Rostyslav Hnatyshyn,"[""10.1109/tvcg.2023.3326584""]"
A5092691958,1,8.0,1,Anne Flore Cabouat,"[""10.1109/tvcg.2024.3456318""]"
A5092795852,1,1.0,0,Anna Scimone,"[""10.1109/tvcg.2023.3326936""]"
A5092801509,1,13.0,0,Md Nafiul Alam Nipu,"[""10.1109/tvcg.2023.3326598""]"
A5092849810,1,6.0,0,Lukas Herzberger,"[""10.1109/tvcg.2023.3327193""]"
A5092968364,1,2.0,0,Eduardo Puerta,"[""10.1109/tvcg.2024.3456349""]"
A5093104403,1,6.0,0,Vivian Pednekar,"[""10.1109/tvcg.2023.3327181""]"
A5093104404,1,6.0,0,Hannah Murray,"[""10.1109/tvcg.2023.3327181""]"
A5093104405,1,6.0,0,Emmanuel Tung,"[""10.1109/tvcg.2023.3327181""]"
A5093121494,1,4.0,0,Linfang Li,"[""10.1109/tvcg.2023.3326944""]"
A5093121495,1,5.0,1,Bernhard Woschizka,"[""10.1109/tvcg.2023.3326915""]"
A5093483372,1,0.0,0,Daniel Palamarchuk,"[""10.1109/tvcg.2024.3456143""]"
A5093598220,2,124.0,1,Chen Zhu Tian,"[""10.1109/tvcg.2021.3114806"", ""10.1109/tvcg.2021.3114861""]"
A5093932113,1,1.0,0,Haoran Jiang,"[""10.1109/tvcg.2024.3456325""]"
A5093984088,1,0.0,0,Steven Van Den Broek,"[""10.1109/tvcg.2024.3456168""]"
A5094210168,1,2.0,0,Maria Viktoria Heinle,"[""10.1109/tvcg.2024.3456312""]"
A5095094591,1,0.0,0,Zainab Alsuwaykit,"[""10.1109/tvcg.2024.3456404""]"
A5095767196,1,6.0,0,Johannes Ellemose,"[""10.1109/tvcg.2024.3456300""]"
A5096058722,1,35.0,1,Hepfreepak Consortium,"[""10.1109/tvcg.2020.3030437""]"
A5096530578,1,149.0,0,Daniel Keim,"[""10.1109/vast.2012.6400554""]"
A5096868770,1,45.0,0,Dominik Morent,"[""10.1109/vast.2007.4389001""]"
A5097051717,1,23.0,1,N. Shareel,"[""10.1109/visual.1997.663882""]"
A5097080945,1,9.0,0,David Grab,"[""10.1109/tvcg.2022.3209400""]"
A5097232042,1,110.0,0,Eli Daiches,"[""10.1109/tvcg.2006.136""]"
A5097484928,1,61.0,0,Thorsten Buering,"[""10.1109/tvcg.2006.187""]"
A5097510174,1,20.0,0,Maxim Khailo,"[""10.1109/vast.2007.4388996""]"
A5097511412,1,97.0,0,N. Hoobler,"[""10.1109/visual.2004.120""]"
A5097524419,1,47.0,0,R. Crawlis,"[""10.1109/visual.1999.809909""]"
A5097573644,1,36.0,0,Stefan Radisuhli,"[""10.1109/tvcg.2019.2934310""]"
A5097749307,1,68.0,0,A. Thane,"[""10.1109/visual.2004.103""]"
A5097923558,1,53.0,0,E. Bongarter,"[""10.1109/visual.1999.809885""]"
A5097965785,1,106.0,0,Joe Groner,"[""10.1109/tvcg.2006.116""]"
A5098113210,1,96.0,0,Boesch Christoph,"[""10.1109/tvcg.2012.221""]"
A5098292069,1,69.0,0,Manuel Heringer,"[""10.1109/tvcg.2007.70579""]"
A5098292583,1,51.0,0,Timothy Collinss,"[""10.1109/vast.2007.4388994""]"
A5098373176,1,77.0,0,J. Duce,"[""10.1109/visual.2004.112""]"
A5098416906,1,37.0,0,Neophytou Neophytos,"[""10.1109/tvcg.2007.70573""]"
A5098504607,1,40.0,0,Thorsten Holtkaemper,"[""10.1109/tvcg.2007.70534""]"
A5098652324,1,9.0,0,V. Jaswa,"[""10.1109/visual.1997.663896""]"
A5099879300,1,0.0,0,Larry Deschaine,"[""10.1109/tvcg.2024.3456143""]"
A5100317841,1,104.0,0,He Liu,"[""10.1109/vast.2011.6102455""]"
A5100318215,1,17.0,0,Wei Li,"[""10.1109/visual.2002.1183779""]"
A5100318366,1,104.0,0,Wei Li,"[""10.1109/visual.2003.1250388""]"
A5100318892,1,78.0,0,Lijun Wang,"[""10.1109/tvcg.2009.140""]"
A5100320944,1,353.0,1,Xiao Zhang,"[""10.1109/vast.2011.6102456""]"
A5100321897,1,89.0,0,Sijia Wang,"[""10.1109/tvcg.2023.3327168""]"
A5100323364,1,20.0,0,Hui Zhang,"[""10.1109/tvcg.2007.70593""]"
A5100323369,2,21.0,0,Hui Zhang,"[""10.1109/tvcg.2014.2346425"", ""10.1109/tvcg.2020.3028893""]"
A5100323371,1,13.0,0,Hui Zhang,"[""10.1109/tvcg.2012.242""]"
A5100325128,1,91.0,0,Han Chen,"[""10.1109/visual.2002.1183793""]"
A5100325337,2,64.0,0,Hongwei Li,"[""10.1109/tvcg.2007.70530"", ""10.1109/tvcg.2008.182""]"
A5100326436,1,40.0,0,Jian Chen,"[""10.1109/tvcg.2012.216""]"
A5100326468,1,233.0,0,Jian Chen,"[""10.1109/tvcg.2015.2467551""]"
A5100326501,2,97.0,0,Jian Chen,"[""10.1109/tvcg.2016.2598827"", ""10.1109/tvcg.2020.3030393""]"
A5100327659,1,55.0,0,Young Hoon Kim,"[""10.1109/tvcg.2020.3030360""]"
A5100329909,1,13.0,0,Xi Chen,"[""10.1109/tvcg.2014.2346753""]"
A5100329989,1,119.0,0,Xi Chen,"[""10.1109/tvcg.2020.3030338""]"
A5100331327,1,42.0,0,Nan Zhang,"[""10.1109/visual.2004.27""]"
A5100331329,1,4.0,0,Nan Zhang,"[""10.1109/tvcg.2010.221""]"
A5100331488,6,472.0,0,Dongmei Zhang,"[""10.1109/tvcg.2019.2934398"", ""10.1109/tvcg.2019.2934785"", ""10.1109/tvcg.2020.3030351"", ""10.1109/tvcg.2020.3030448"", ""10.1109/tvcg.2021.3114826"", ""10.1109/tvcg.2022.3209357""]"
A5100331624,1,29.0,0,Cong Liu,"[""10.1109/tvcg.2020.3030443""]"
A5100331710,1,13.0,0,Xu Liu,"[""10.1109/tvcg.2019.2934657""]"
A5100332272,1,82.0,0,Zhibin Wang,"[""10.1109/tvcg.2019.2934670""]"
A5100332661,4,767.0,0,Zhen Li,"[""10.1109/tvcg.2016.2598831"", ""10.1109/tvcg.2018.2865232"", ""10.1109/vast.2017.8585721"", ""10.1109/vast50239.2020.00007""]"
A5100333516,1,8.0,0,Lei Chen,"[""10.1109/tvcg.2022.3209434""]"
A5100333760,9,69.0,0,Yue Zhang,"[""10.1109/tvcg.2017.2744038"", ""10.1109/tvcg.2018.2864768"", ""10.1109/tvcg.2019.2934314"", ""10.1109/tvcg.2020.3030431"", ""10.1109/tvcg.2021.3114759"", ""10.1109/tvcg.2023.3326599"", ""10.1109/tvcg.2023.3326927"", ""10.1109/tvcg.2023.3326933"", ""10.1109/tvcg.2024.3456367""]"
A5100337178,13,661.0,2,Min Chen,"[""10.1109/tvcg.2011.208"", ""10.1109/tvcg.2012.197"", ""10.1109/tvcg.2012.271"", ""10.1109/tvcg.2016.2598829"", ""10.1109/tvcg.2018.2864838"", ""10.1109/tvcg.2018.2865025"", ""10.1109/tvcg.2020.3030449"", ""10.1109/tvcg.2021.3114828"", ""10.1109/tvcg.2022.3209379"", ""10.1109/tvcg.2022.3209448"", ""10.1109/tvcg.2022.3209464"", ""10.1109/tvcg.2023.3327178"", ""10.1109/vast.2014.7042484""]"
A5100337209,3,172.0,0,Min Chen,"[""10.1109/tvcg.2006.194"", ""10.1109/visual.2002.1183790"", ""10.1109/visual.2003.1250401""]"
A5100337295,1,105.0,0,Youngmin Kim,"[""10.1109/tvcg.2006.174""]"
A5100338511,1,29.0,0,Xiaohui Li,"[""10.1109/vast.2015.7347630""]"
A5100338921,1,9.0,0,Huan Liu,"[""10.1109/tvcg.2020.3028893""]"
A5100339289,1,3.0,0,Wei Zhu,"[""10.1109/visual.2001.964556""]"
A5100340833,2,109.0,0,Xiaotong Liu,"[""10.1109/tvcg.2015.2467952"", ""10.1109/tvcg.2016.2598830""]"
A5100340834,2,91.0,0,Xiaotong Liu,"[""10.1109/tvcg.2015.2467431"", ""10.1109/tvcg.2016.2598869""]"
A5100340840,1,19.0,0,Xiaotong Liu,"[""10.1109/vast.2016.7883513""]"
A5100341745,4,77.0,0,Wenyuan Wang,"[""10.1109/tvcg.2019.2934209"", ""10.1109/tvcg.2019.2934661"", ""10.1109/tvcg.2022.3209445"", ""10.1109/tvcg.2024.3456381""]"
A5100341891,1,17.0,0,Hang Su,"[""10.1109/tvcg.2023.3326588""]"
A5100341893,1,54.0,0,Hang Su,"[""10.1109/vast.2018.8802509""]"
A5100344294,1,11.0,0,Wei Chen,"[""10.1109/tvcg.2009.203""]"
A5100344403,2,80.0,1,Wei Chen,"[""10.1109/tvcg.2012.253"", ""10.1109/tvcg.2021.3114800""]"
A5100344494,27,1168.0,2,Wei Chen,"[""10.1109/scivis.2015.7429488"", ""10.1109/tvcg.2011.164"", ""10.1109/tvcg.2014.2346594"", ""10.1109/tvcg.2016.2598664"", ""10.1109/tvcg.2017.2745139"", ""10.1109/tvcg.2018.2865020"", ""10.1109/tvcg.2018.2865021"", ""10.1109/tvcg.2018.2865041"", ""10.1109/tvcg.2019.2934208"", ""10.1109/tvcg.2019.2934655"", ""10.1109/tvcg.2020.3028948"", ""10.1109/tvcg.2020.3030359"", ""10.1109/tvcg.2020.3030393"", ""10.1109/tvcg.2020.3030410"", ""10.1109/tvcg.2020.3030440"", ""10.1109/tvcg.2020.3030447"", ""10.1109/tvcg.2021.3114875"", ""10.1109/tvcg.2022.3209347"", ""10.1109/tvcg.2022.3209391"", ""10.1109/tvcg.2022.3209423"", ""10.1109/tvcg.2022.3209475"", ""10.1109/tvcg.2022.3209483"", ""10.1109/tvcg.2023.3327148"", ""10.1109/tvcg.2023.3327168"", ""10.1109/tvcg.2023.3327371"", ""10.1109/vast50239.2020.00006"", ""10.1109/vast50239.2020.00011""]"
A5100344515,1,57.0,0,Wei Chen,"[""10.1109/tvcg.2009.112""]"
A5100344522,5,293.0,0,Wei Chen,"[""10.1109/tvcg.2016.2598416"", ""10.1109/tvcg.2018.2864503"", ""10.1109/tvcg.2019.2934671"", ""10.1109/tvcg.2019.2934800"", ""10.1109/vast.2014.7042486""]"
A5100344647,2,38.0,0,Jae Young Kim,"[""10.1109/tvcg.2020.3030414"", ""10.1109/tvcg.2024.3456215""]"
A5100346965,1,38.0,0,Ying Wang,"[""10.1109/tvcg.2020.3030374""]"
A5100349956,10,336.0,0,Bei Wang,"[""10.1109/tvcg.2011.177"", ""10.1109/tvcg.2015.2467432"", ""10.1109/tvcg.2017.2745141"", ""10.1109/tvcg.2019.2934242"", ""10.1109/tvcg.2019.2934802"", ""10.1109/tvcg.2023.3326905"", ""10.1109/tvcg.2023.3326920"", ""10.1109/tvcg.2024.3456322"", ""10.1109/tvcg.2024.3456337"", ""10.1109/tvcg.2024.3456383""]"
A5100350382,1,67.0,0,Yang Chen,"[""10.1109/vast47406.2019.8986943""]"
A5100350400,1,36.0,0,Yang Chen,"[""10.1109/tvcg.2022.3209423""]"
A5100350437,1,63.0,0,Yang Chen,"[""10.1109/tvcg.2021.3114694""]"
A5100350503,3,102.0,0,Yang Chen,"[""10.1109/vast.2010.5652885"", ""10.1109/vast.2016.7883511"", ""10.1109/vast50239.2020.00015""]"
A5100351175,1,7.0,0,Yan Liu,"[""10.1109/tvcg.2022.3209459""]"
A5100353783,1,64.0,0,Xin Li,"[""10.1109/tvcg.2006.179""]"
A5100354225,1,22.0,0,Cheng Li,"[""10.1109/tvcg.2016.2599049""]"
A5100355230,1,5.0,1,Yifei Li,"[""10.1109/tvcg.2022.3209403""]"
A5100355692,1,68.0,0,Yang Liu,"[""10.1109/tvcg.2020.3028985""]"
A5100357616,1,16.0,0,Xiaoyu Wang,"[""10.1109/vast.2010.5653599""]"
A5100357631,3,288.0,0,Xiaoyu Wang,"[""10.1109/tvcg.2014.2346911"", ""10.1109/vast.2011.6102461"", ""10.1109/vast.2012.6400485""]"
A5100357633,1,25.0,0,Xiaoyu Wang,"[""10.1109/vast.2015.7347631""]"
A5100357981,1,54.0,0,Ye Zhao,"[""10.1109/visual.2005.1532818""]"
A5100358570,3,42.0,2,Haoyu Li,"[""10.1109/tvcg.2019.2934591"", ""10.1109/tvcg.2022.3209413"", ""10.1109/tvcg.2022.3209419""]"
A5100358696,1,0.0,0,Xing Li,"[""10.1109/tvcg.2017.2745280""]"
A5100358936,3,58.0,0,Ying Lü,"[""10.1109/tvcg.2021.3114877"", ""10.1109/tvcg.2022.3209447"", ""10.1109/tvcg.2024.3456181""]"
A5100359760,1,8.0,0,Song Han,"[""10.1109/visual.1996.568122""]"
A5100359961,1,39.0,0,Yong Xu,"[""10.1109/tvcg.2019.2934613""]"
A5100363117,1,22.0,0,Xin Chen,"[""10.1109/tvcg.2014.2346747""]"
A5100363961,1,4.0,0,Abdallah Mohamed,"[""10.1109/tvcg.2023.3326939""]"
A5100365307,1,3.0,0,Mingxuan Li,"[""10.1109/tvcg.2022.3209482""]"
A5100365355,1,58.0,0,Jiaqi Wang,"[""10.1109/tvcg.2022.3209357""]"
A5100365548,1,17.0,0,Junjie Chen,"[""10.1109/tvcg.2021.3114762""]"
A5100366001,1,104.0,0,Lu Lu,"[""10.1109/vast.2011.6102455""]"
A5100366549,1,255.0,0,Song Zhang,"[""10.1109/tvcg.2010.181""]"
A5100366946,1,32.0,1,Qiang Wei,"[""10.1109/tvcg.2022.3209469""]"
A5100367825,1,306.0,1,Chenglong Wang,"[""10.1109/tvcg.2018.2865240""]"
A5100370897,1,32.0,0,Hong Wang,"[""10.1109/tvcg.2018.2864844""]"
A5100371015,1,40.0,0,Hong Wang,"[""10.1109/tvcg.2015.2467991""]"
A5100371357,4,156.0,0,Qing Chen,"[""10.1109/tvcg.2021.3114804"", ""10.1109/tvcg.2022.3209461"", ""10.1109/tvcg.2023.3326925"", ""10.1109/vast.2016.7883517""]"
A5100371883,1,19.0,0,Xiaotong Li,"[""10.1109/tvcg.2019.2934783""]"
A5100371984,1,11.0,0,Yue Wang,"[""10.1109/tvcg.2022.3209445""]"
A5100372368,1,72.0,0,Bin Wang,"[""10.1109/tvcg.2018.2864843""]"
A5100373606,1,8.0,0,Lei Fan,"[""10.1109/tvcg.2023.3327359""]"
A5100374581,1,6.0,0,Dae Hyun Kim,"[""10.1109/tvcg.2023.3327150""]"
A5100376110,1,56.0,0,Feng Qiu,"[""10.1109/tvcg.2006.112""]"
A5100376370,1,6.0,0,Zhi Wang,"[""10.1109/tvcg.2022.3209371""]"
A5100377647,1,39.0,0,Yun Wang,"[""10.1109/tvcg.2019.2934613""]"
A5100377649,1,42.0,0,Yun Wang,"[""10.1109/tvcg.2018.2864825""]"
A5100377652,9,602.0,0,Yun Wang,"[""10.1109/tvcg.2016.2598415"", ""10.1109/tvcg.2019.2934398"", ""10.1109/tvcg.2019.2934785"", ""10.1109/tvcg.2019.2934810"", ""10.1109/tvcg.2020.3030351"", ""10.1109/tvcg.2021.3114826"", ""10.1109/tvcg.2022.3209357"", ""10.1109/tvcg.2023.3327197"", ""10.1109/tvcg.2023.3327376""]"
A5100377802,1,26.0,0,Ji‐hoon Kim,"[""10.1109/tvcg.2020.3030380""]"
A5100379176,2,24.0,0,Li Chen,"[""10.1109/scivis.2015.7429488"", ""10.1109/tvcg.2020.3030377""]"
A5100379697,3,9.0,1,Arran Zeyu Wang,"[""10.1109/tvcg.2024.3456369"", ""10.1109/tvcg.2024.3456381"", ""10.1109/tvcg.2024.3456385""]"
A5100380453,1,11.0,0,Yan Li,"[""10.1109/visual.2001.964518""]"
A5100380931,1,13.0,0,Xinhua Zhang,"[""10.1109/tvcg.2024.3456160""]"
A5100382493,1,18.0,0,Bing Wang,"[""10.1109/tvcg.2013.190""]"
A5100382905,1,42.0,0,Dong Sun,"[""10.1109/tvcg.2019.2934275""]"
A5100383827,1,28.0,1,Pei Liu,"[""10.1109/tvcg.2022.3209486""]"
A5100383910,1,42.0,0,J. Jack Lee,"[""10.1109/tvcg.2019.2934666""]"
A5100383960,1,9.0,0,Boyu Wang,"[""10.1109/tvcg.2020.3030384""]"
A5100386958,1,37.0,0,Minho Kim,"[""10.1109/tvcg.2008.115""]"
A5100387388,1,58.0,0,Young J. Kim,"[""10.1109/visual.2003.1250360""]"
A5100387858,1,29.0,0,Yue Li,"[""10.1109/tvcg.2019.2934797""]"
A5100388805,2,73.0,0,Yanyan Wang,"[""10.1109/tvcg.2017.2745919"", ""10.1109/tvcg.2019.2934805""]"
A5100389169,1,63.0,0,Ying He,"[""10.1109/tvcg.2007.70538""]"
A5100390339,1,82.0,0,Jiahui Chen,"[""10.1109/tvcg.2019.2934670""]"
A5100390479,1,13.0,0,Cong Wang,"[""10.1109/tvcg.2009.160""]"
A5100393137,1,64.0,0,Yuxi Wang,"[""10.1109/tvcg.2006.179""]"
A5100393571,1,28.0,0,Young Ho Kim,"[""10.1109/tvcg.2020.3030414""]"
A5100395670,2,28.0,0,Xinyi Liu,"[""10.1109/tvcg.2022.3209490"", ""10.1109/tvcg.2024.3456407""]"
A5100396549,1,25.0,0,Lu Liu,"[""10.1109/tvcg.2014.2346418""]"
A5100397330,2,78.0,0,Haotian Li,"[""10.1109/tvcg.2020.3030469"", ""10.1109/tvcg.2023.3327170""]"
A5100397725,1,30.0,0,Yang Yang,"[""10.1109/vast.2014.7042484""]"
A5100398577,1,85.0,0,Yifan Wang,"[""10.1109/tvcg.2020.3030392""]"
A5100398611,2,100.0,0,Yifan Wang,"[""10.1109/tvcg.2019.2934369"", ""10.1109/tvcg.2020.3030374""]"
A5100399667,1,29.0,0,Haifeng Zhang,"[""10.1109/tvcg.2018.2864911""]"
A5100399797,1,13.0,0,Kai Liu,"[""10.1109/tvcg.2019.2934657""]"
A5100399944,2,130.0,0,Kai Li,"[""10.1109/visual.2000.885685"", ""10.1109/visual.2002.1183793""]"
A5100400800,3,71.0,0,Ran Chen,"[""10.1109/tvcg.2018.2865126"", ""10.1109/tvcg.2022.3209385"", ""10.1109/tvcg.2024.3456328""]"
A5100400896,1,87.0,0,Yuan Chen,"[""10.1109/tvcg.2007.70595""]"
A5100400903,1,47.0,0,Yuan Chen,"[""10.1109/tvcg.2017.2744738""]"
A5100401482,1,12.0,0,Di Wang,"[""10.1109/tvcg.2019.2934594""]"
A5100404535,6,370.0,0,Jiachen Wang,"[""10.1109/tvcg.2017.2744218"", ""10.1109/tvcg.2018.2865041"", ""10.1109/tvcg.2019.2934630"", ""10.1109/tvcg.2020.3030359"", ""10.1109/tvcg.2022.3209352"", ""10.1109/tvcg.2024.3456363""]"
A5100406022,1,70.0,0,Jin Zhang,"[""10.1109/tvcg.2006.111""]"
A5100406614,1,67.0,0,Siyuan Liu,"[""10.1109/tvcg.2018.2864814""]"
A5100406620,1,104.0,0,Siyuan Liu,"[""10.1109/vast.2011.6102455""]"
A5100407973,1,6.0,1,Xu Wang,"[""10.1109/tvcg.2014.2346412""]"
A5100408359,1,13.0,0,Chao Chen,"[""10.1109/tvcg.2019.2934657""]"
A5100409027,1,203.0,0,Xiaoming Liu,"[""10.1109/tvcg.2017.2744683""]"
A5100409994,1,36.0,0,Jian Zhang,"[""10.1109/tvcg.2009.202""]"
A5100410001,1,26.0,0,Jian Zhang,"[""10.1109/tvcg.2019.2934541""]"
A5100410058,3,36.0,0,Jian Zhang,"[""10.1109/tvcg.2020.3030368"", ""10.1109/tvcg.2020.3030404"", ""10.1109/tvcg.2021.3114880""]"
A5100413125,1,55.0,0,Jiali Liu,"[""10.1109/tvcg.2019.2934593""]"
A5100415663,2,139.0,0,Qi Han,"[""10.1109/tvcg.2015.2467621"", ""10.1109/vast.2016.7883507""]"
A5100416234,1,74.0,0,Minjeong Kim,"[""10.1109/tvcg.2016.2598445""]"
A5100418560,2,8.0,1,Chen Chen,"[""10.1109/tvcg.2023.3327354"", ""10.1109/tvcg.2024.3456296""]"
A5100418578,1,8.0,0,Chen Chen,"[""10.1109/tvcg.2019.2934806""]"
A5100419419,2,171.0,1,Xiaoyu Zhang,"[""10.1109/tvcg.2019.2934785"", ""10.1109/tvcg.2022.3209465""]"
A5100420423,2,68.0,0,Hong Chen,"[""10.1109/infvis.2003.1249024"", ""10.1109/visual.1994.346295""]"
A5100421682,1,6.0,0,Yang Li,"[""10.1109/tvcg.2023.3326597""]"
A5100421963,1,13.0,1,Rui Zhang,"[""10.1109/tvcg.2024.3456364""]"
A5100422950,1,25.0,0,Jiang Zhang,"[""10.1109/tvcg.2014.2346418""]"
A5100422952,1,38.0,0,Jiang Zhang,"[""10.1109/tvcg.2017.2744059""]"
A5100423029,1,32.0,1,Zhao Zhang,"[""10.1109/tvcg.2022.3209469""]"
A5100424317,1,63.0,0,Yuchen Zhang,"[""10.1109/tvcg.2021.3114694""]"
A5100424394,12,474.0,1,Yong Wang,"[""10.1109/tvcg.2015.2467691"", ""10.1109/tvcg.2017.2744738"", ""10.1109/tvcg.2019.2934275"", ""10.1109/tvcg.2019.2934656"", ""10.1109/tvcg.2019.2934798"", ""10.1109/tvcg.2019.2934810"", ""10.1109/tvcg.2020.3030337"", ""10.1109/tvcg.2020.3030370"", ""10.1109/tvcg.2020.3030471"", ""10.1109/tvcg.2021.3114794"", ""10.1109/tvcg.2022.3209371"", ""10.1109/tvcg.2022.3209455""]"
A5100424818,1,10.0,0,Rui Zhou,"[""10.1109/tvcg.2023.3326943""]"
A5100425172,3,41.0,0,Liang Zhou,"[""10.1109/tvcg.2020.3030368"", ""10.1109/tvcg.2020.3030473"", ""10.1109/tvcg.2024.3456346""]"
A5100425176,1,55.0,0,Zhen Liang,"[""10.1109/visual.1999.809914""]"
A5100425320,1,9.0,0,Xueying Wang,"[""10.1109/tvcg.2023.3327388""]"
A5100425352,2,60.0,0,Mingwei Li,"[""10.1109/tvcg.2018.2864907"", ""10.1109/tvcg.2024.3456391""]"
A5100425850,1,12.0,0,Tianyu Zhang,"[""10.1109/tvcg.2022.3209440""]"
A5100426931,1,11.0,0,Xiaonan Luo,"[""10.1109/tvcg.2023.3326934""]"
A5100427270,1,11.0,0,Bo Chen,"[""10.1109/visual.1999.809900""]"
A5100428456,1,0.0,0,Qian Chen,"[""10.1109/visual.1997.663892""]"
A5100429585,2,15.0,0,Yan Lin,"[""10.1109/tvcg.2023.3326920"", ""10.1109/tvcg.2024.3456337""]"
A5100432244,1,34.0,0,Kang Zhang,"[""10.1109/vast.2014.7042489""]"
A5100432606,1,52.0,0,Wei Chen,"[""10.1109/tvcg.2014.2346913""]"
A5100436103,1,4.0,0,Lei Wang,"[""10.1109/tvcg.2012.210""]"
A5100436460,1,10.0,0,Guang Yang,"[""10.1109/visual.1991.175801""]"
A5100437457,1,23.0,0,Tianyi Zhang,"[""10.1109/vast.2008.4677368""]"
A5100438883,1,26.0,0,Qin Li,"[""10.1109/infvis.2003.1249020""]"
A5100441705,1,18.0,0,Wei Zhang,"[""10.1109/tvcg.2022.3209483""]"
A5100442542,1,193.0,0,Jingjing Liu,"[""10.1109/vast.2012.6400486""]"
A5100442802,1,12.0,0,Xiaoyi Wang,"[""10.1109/tvcg.2020.3028894""]"
A5100442866,1,43.0,0,Nan Chen,"[""10.1109/tvcg.2020.3030465""]"
A5100443473,1,32.0,0,Yixuan Li,"[""10.1109/tvcg.2022.3209461""]"
A5100444409,1,22.0,0,Wen Zhang,"[""10.1109/tvcg.2021.3114874""]"
A5100447162,13,248.0,0,Quan Li,"[""10.1109/tvcg.2016.2598415"", ""10.1109/tvcg.2019.2934656"", ""10.1109/tvcg.2020.3030377"", ""10.1109/tvcg.2022.3209351"", ""10.1109/tvcg.2022.3209440"", ""10.1109/tvcg.2022.3209463"", ""10.1109/tvcg.2023.3326911"", ""10.1109/tvcg.2023.3326929"", ""10.1109/tvcg.2023.3327077"", ""10.1109/tvcg.2024.3456325"", ""10.1109/tvcg.2024.3456392"", ""10.1109/vast.2015.7347633"", ""10.1109/vast.2018.8802454""]"
A5100447633,1,35.0,0,Jinho Lee,"[""10.1109/visual.2001.964516""]"
A5100447868,2,22.0,0,Can Liu,"[""10.1109/tvcg.2019.2934434"", ""10.1109/tvcg.2023.3326908""]"
A5100450141,1,18.0,0,Jun Chen,"[""10.1109/visual.1997.663923""]"
A5100451576,1,111.0,0,Guoliang Li,"[""10.1109/tvcg.2021.3114848""]"
A5100451791,2,38.0,0,Rong Zhang,"[""10.1109/tvcg.2020.3030370"", ""10.1109/tvcg.2024.3456363""]"
A5100452126,1,280.0,0,Xiaoming Li,"[""10.1109/tvcg.2008.135""]"
A5100454062,2,41.0,0,Jie Liu,"[""10.1109/tvcg.2017.2744418"", ""10.1109/tvcg.2020.3030364""]"
A5100454595,1,8.0,0,Hai‐tao Zhang,"[""10.1109/tvcg.2006.153""]"
A5100454615,2,34.0,0,Seung Hyun Kim,"[""10.1109/tvcg.2015.2468031"", ""10.1109/tvcg.2018.2864808""]"
A5100455066,3,69.0,0,Zeyu Li,"[""10.1109/tvcg.2019.2934667"", ""10.1109/tvcg.2021.3114793"", ""10.1109/tvcg.2022.3209459""]"
A5100455919,2,137.0,0,Fei Wang,"[""10.1109/tvcg.2016.2598416"", ""10.1109/vast.2014.7042486""]"
A5100455958,1,76.0,0,Fei Wang,"[""10.1109/vast.2014.7042496""]"
A5100456047,1,4.0,0,Dan Zeng,"[""10.1109/tvcg.2023.3326930""]"
A5100459985,1,29.0,0,Jing Yang,"[""10.1109/infvis.2004.71""]"
A5100462292,1,63.0,0,Zhiyuan Wang,"[""10.1109/tvcg.2017.2743939""]"
A5100462860,1,216.0,0,Jiawei Zhang,"[""10.1109/tvcg.2018.2864499""]"
A5100546136,1,67.0,0,YU Zhe Qing,"[""10.1109/tvcg.2018.2864814""]"
A5100566791,1,180.0,1,Yale Song,"[""10.1109/tvcg.2014.2346922""]"
A5100594357,1,5.0,0,Md Dilshadur Rahman,"[""10.1109/tvcg.2024.3456359""]"
A5100603617,1,8.0,0,C. C. W. Taylor,"[""10.1109/tvcg.2022.3209375""]"
A5100604593,2,30.0,0,Deng Luo,"[""10.1109/tvcg.2020.3030415"", ""10.1109/tvcg.2024.3456404""]"
A5100604885,1,13.0,0,Bowen Yu,"[""10.1109/tvcg.2014.2346753""]"
A5100604886,2,189.0,1,Bowen Yu,"[""10.1109/tvcg.2016.2598497"", ""10.1109/tvcg.2019.2934668""]"
A5100606557,1,53.0,0,Paul M. Thompson,"[""10.1109/tvcg.2016.2598472""]"
A5100606995,4,812.0,0,Jun Zhu,"[""10.1109/tvcg.2016.2598831"", ""10.1109/tvcg.2017.2744378"", ""10.1109/tvcg.2017.2744938"", ""10.1109/vast.2018.8802509""]"
A5100607707,11,511.0,0,Xianfeng Gu,"[""10.1109/tvcg.2007.70538"", ""10.1109/tvcg.2008.134"", ""10.1109/tvcg.2009.159"", ""10.1109/tvcg.2010.200"", ""10.1109/tvcg.2011.171"", ""10.1109/tvcg.2011.182"", ""10.1109/tvcg.2013.135"", ""10.1109/tvcg.2013.139"", ""10.1109/tvcg.2016.2598791"", ""10.1109/visual.2004.75"", ""10.1109/visual.2005.1532840""]"
A5100609372,1,15.0,0,Dongping Zhang,"[""10.1109/tvcg.2021.3114679""]"
A5100609686,10,378.0,2,Qianwen Wang,"[""10.1109/tvcg.2018.2865232"", ""10.1109/tvcg.2019.2934798"", ""10.1109/tvcg.2019.2934810"", ""10.1109/tvcg.2020.3030404"", ""10.1109/tvcg.2020.3030449"", ""10.1109/tvcg.2020.3030471"", ""10.1109/tvcg.2022.3209407"", ""10.1109/tvcg.2022.3209408"", ""10.1109/tvcg.2022.3209435"", ""10.1109/tvcg.2024.3456364""]"
A5100610544,1,16.0,0,Yu Fu,"[""10.1109/tvcg.2023.3326910""]"
A5100610862,1,8.0,0,Ziqi Li,"[""10.1109/tvcg.2023.3327359""]"
A5100613649,2,128.0,0,Yi Chen,"[""10.1109/tvcg.2018.2865020"", ""10.1109/tvcg.2019.2934655""]"
A5100614732,1,111.0,0,Yuyu Luo,"[""10.1109/tvcg.2021.3114848""]"
A5100615975,1,78.0,0,Yanhua Chen,"[""10.1109/tvcg.2009.140""]"
A5100616988,1,6.0,0,Justin Chen,"[""10.1109/tvcg.2023.3327181""]"
A5100619290,2,31.0,0,Yu Zhang,"[""10.1109/tvcg.2019.2934535"", ""10.1109/tvcg.2023.3326908""]"
A5100619501,1,31.0,0,Ge Song,"[""10.1109/tvcg.2020.3030351""]"
A5100623943,1,31.0,0,Weixia Xu,"[""10.1109/tvcg.2019.2934671""]"
A5100624798,4,146.0,0,Xin Chen,"[""10.1109/tvcg.2018.2864912"", ""10.1109/tvcg.2019.2934541"", ""10.1109/tvcg.2020.3030406"", ""10.1109/tvcg.2021.3114880""]"
A5100626225,1,6.0,0,Hong Zhou,"[""10.1109/tvcg.2023.3327376""]"
A5100626893,1,10.0,0,Jian Ma,"[""10.1109/tvcg.2016.2598789""]"
A5100627882,3,33.0,0,Yang Ouyang,"[""10.1109/tvcg.2022.3209351"", ""10.1109/tvcg.2023.3326929"", ""10.1109/tvcg.2023.3327077""]"
A5100629376,1,6.0,0,Lin Gao,"[""10.1109/tvcg.2023.3327353""]"
A5100629476,1,5.0,0,Haoxuan Li,"[""10.1109/tvcg.2023.3327371""]"
A5100632219,1,18.0,0,Xiaodong Zhao,"[""10.1109/tvcg.2020.3030393""]"
A5100632826,1,14.0,0,Xiangyu Zhu,"[""10.1109/tvcg.2022.3209430""]"
A5100636019,1,16.0,0,Yang Yue,"[""10.1109/tvcg.2019.2934811""]"
A5100638703,2,303.0,0,Zijie J. Wang,"[""10.1109/tvcg.2020.3030418"", ""10.1109/tvcg.2023.3327181""]"
A5100639872,2,87.0,0,Jinsong Wang,"[""10.1109/tvcg.2019.2934535"", ""10.1109/tvcg.2019.2934655""]"
A5100641283,1,70.0,0,Jianfei Chen,"[""10.1109/vast.2014.7042494""]"
A5100641549,1,17.0,0,Kui Wu,"[""10.1109/tvcg.2016.2599040""]"
A5100642010,1,0.0,0,Yong Wang,"[""10.1109/tvcg.2024.3456321""]"
A5100643523,2,159.0,0,Huimin Xie,"[""10.1109/visual.2003.1250359"", ""10.1109/visual.2004.101""]"
A5100645160,1,24.0,1,Yihong Wu,"[""10.1109/tvcg.2022.3209373""]"
A5100645223,1,18.0,0,Kai Liu,"[""10.1109/tvcg.2022.3209483""]"
A5100649746,4,98.0,0,Chenhui Li,"[""10.1109/tvcg.2019.2934806"", ""10.1109/tvcg.2020.3030343"", ""10.1109/tvcg.2021.3114762"", ""10.1109/tvcg.2023.3326597""]"
A5100653962,22,2069.0,0,Weiwei Cui,"[""10.1109/tvcg.2008.135"", ""10.1109/tvcg.2009.144"", ""10.1109/tvcg.2010.183"", ""10.1109/tvcg.2011.239"", ""10.1109/tvcg.2012.253"", ""10.1109/tvcg.2014.2346433"", ""10.1109/tvcg.2016.2598444"", ""10.1109/tvcg.2016.2598465"", ""10.1109/tvcg.2016.2598867"", ""10.1109/tvcg.2017.2744080"", ""10.1109/tvcg.2017.2744738"", ""10.1109/tvcg.2018.2864475"", ""10.1109/tvcg.2018.2864899"", ""10.1109/tvcg.2018.2865232"", ""10.1109/tvcg.2019.2934398"", ""10.1109/tvcg.2019.2934785"", ""10.1109/tvcg.2019.2934798"", ""10.1109/tvcg.2020.3030351"", ""10.1109/tvcg.2020.3030448"", ""10.1109/tvcg.2022.3209428"", ""10.1109/tvcg.2023.3326522"", ""10.1109/tvcg.2023.3327376""]"
A5100654446,1,7.0,0,Sung Hee Kim,"[""10.1109/infvis.2003.1249022""]"
A5100654454,5,585.0,0,Sung Hee Kim,"[""10.1109/tvcg.2007.70623"", ""10.1109/tvcg.2012.215"", ""10.1109/tvcg.2015.2467195"", ""10.1109/tvcg.2015.2467555"", ""10.1109/tvcg.2016.2598920""]"
A5100655132,1,17.0,0,Zhaowei Wang,"[""10.1109/tvcg.2023.3326588""]"
A5100657544,1,81.0,1,Chen Qian,"[""10.1109/tvcg.2020.3030428""]"
A5100658547,3,138.0,0,Lei Shi,"[""10.1109/tvcg.2016.2598472"", ""10.1109/vast.2010.5652931"", ""10.1109/vast.2015.7347632""]"
A5100660111,1,5.0,0,Jiaying Lu,"[""10.1109/tvcg.2023.3327371""]"
A5100660205,14,684.0,0,Wei Zeng,"[""10.1109/tvcg.2010.200"", ""10.1109/tvcg.2011.182"", ""10.1109/tvcg.2013.139"", ""10.1109/tvcg.2014.2346893"", ""10.1109/tvcg.2017.2744159"", ""10.1109/tvcg.2019.2934332"", ""10.1109/tvcg.2020.3030338"", ""10.1109/tvcg.2020.3030393"", ""10.1109/tvcg.2020.3030410"", ""10.1109/tvcg.2020.3030469"", ""10.1109/tvcg.2022.3209475"", ""10.1109/tvcg.2023.3326913"", ""10.1109/tvcg.2024.3456159"", ""10.1109/tvcg.2024.3456387""]"
A5100660431,1,1.0,0,Yiwen Xing,"[""10.1109/tvcg.2023.3326923""]"
A5100664249,2,49.0,0,Yuhua Liu,"[""10.1109/tvcg.2020.3030440"", ""10.1109/vast50239.2020.00011""]"
A5100664401,1,6.0,0,Li Dai,"[""10.1109/tvcg.2022.3209463""]"
A5100665814,1,4.0,0,Ke Xu,"[""10.1109/tvcg.2023.3326930""]"
A5100667713,1,8.0,0,Qiong Luo,"[""10.1109/tvcg.2022.3209434""]"
A5100669433,4,337.0,2,Junpeng Wang,"[""10.1109/tvcg.2016.2598830"", ""10.1109/tvcg.2018.2864504"", ""10.1109/tvcg.2019.2934312"", ""10.1109/tvcg.2024.3456338""]"
A5100669438,1,45.0,0,Junpeng Wang,"[""10.1109/tvcg.2020.3030461""]"
A5100670084,1,7.0,0,Bin Chen,"[""10.1109/tvcg.2022.3209481""]"
A5100672275,3,54.0,1,Yifang Wang,"[""10.1109/tvcg.2019.2934613"", ""10.1109/tvcg.2023.3326943"", ""10.1109/tvcg.2023.3327387""]"
A5100674437,3,445.0,0,Sukwon Lee,"[""10.1109/tvcg.2015.2467195"", ""10.1109/tvcg.2015.2467555"", ""10.1109/tvcg.2016.2598920""]"
A5100675221,1,99.0,0,Miao Jin,"[""10.1109/visual.2004.75""]"
A5100675577,2,187.0,0,Jie Lü,"[""10.1109/tvcg.2015.2467196"", ""10.1109/vast.2009.5333023""]"
A5100675683,1,61.0,0,David Chen,"[""10.1109/visual.1994.346295""]"
A5100678189,1,69.0,0,Ming‐hui Chen,"[""10.1109/tvcg.2018.2865020""]"
A5100681023,4,386.0,0,Yu Zheng,"[""10.1109/tvcg.2016.2598432"", ""10.1109/tvcg.2019.2934670"", ""10.1109/tvcg.2020.3030458"", ""10.1109/tvcg.2021.3114875""]"
A5100681338,1,53.0,0,Wenlong Chen,"[""10.1109/tvcg.2017.2745139""]"
A5100682509,2,14.0,0,Longfei Chen,"[""10.1109/tvcg.2022.3209351"", ""10.1109/tvcg.2023.3327077""]"
A5100682790,1,203.0,0,Mao Ye,"[""10.1109/tvcg.2017.2744683""]"
A5100683461,1,88.0,0,Feng Luo,"[""10.1109/tvcg.2013.135""]"
A5100685274,1,6.0,0,Hui Zhang,"[""10.1109/tvcg.2018.2864506""]"
A5100688179,2,89.0,0,Le Liu,"[""10.1109/tvcg.2018.2865193"", ""10.1109/tvcg.2022.3209482""]"
A5100692898,1,36.0,0,Weiqiang Zhang,"[""10.1109/visual.2001.964491""]"
A5100693798,1,0.0,0,Yoon Kim,"[""10.1109/tvcg.2021.3114802""]"
A5100696429,1,324.0,0,Junping Zhang,"[""10.1109/tvcg.2013.228""]"
A5100698914,1,270.0,0,Changhyun Lee,"[""10.1109/tvcg.2013.212""]"
A5100699674,1,24.0,0,Hyunwoo Park,"[""10.1109/tvcg.2017.2744843""]"
A5100700905,1,24.0,0,Jian Kang,"[""10.1109/tvcg.2021.3114850""]"
A5100701131,1,88.0,0,Jian Sun,"[""10.1109/tvcg.2013.135""]"
A5100702380,1,65.0,0,He Zhu,"[""10.1109/visual.2000.885684""]"
A5100706689,1,3.0,0,Huaiyu Wang,"[""10.1109/tvcg.2024.3456346""]"
A5100706751,1,10.0,0,Min Chen,"[""10.1109/infvis.2002.1173143""]"
A5100708726,2,68.0,0,Yifan Hu,"[""10.1109/tvcg.2012.236"", ""10.1109/vast.2015.7347632""]"
A5100711793,1,12.0,0,Miao Jin,"[""10.1109/visual.2005.1532840""]"
A5100712971,2,9.0,0,Chang Han,"[""10.1109/tvcg.2022.3209450"", ""10.1109/tvcg.2024.3456351""]"
A5100714477,1,30.0,0,Qingsong Liu,"[""10.1109/vast.2015.7347632""]"
A5100714578,2,336.0,0,Yang Wang,"[""10.1109/tvcg.2016.2598797"", ""10.1109/tvcg.2018.2864499""]"
A5100715525,1,0.0,0,Yang Chen,"[""10.1109/tvcg.2024.3456321""]"
A5100716322,1,8.0,0,Youwei Zhang,"[""10.1109/visual.2002.1183755""]"
A5100716788,1,7.0,0,Caixia Zhang,"[""10.1109/visual.2002.1183761""]"
A5100717642,1,35.0,0,Yongjun Zheng,"[""10.1109/tvcg.2013.132""]"
A5100720869,1,42.0,0,Jaewoo Kim,"[""10.1109/tvcg.2019.2934666""]"
A5100726331,1,205.0,0,Wei Chao Chen,"[""10.1109/visual.1999.809883""]"
A5100726571,2,23.0,0,Lixiang Zhao,"[""10.1109/tvcg.2023.3326517"", ""10.1109/tvcg.2024.3456368""]"
A5100727864,1,1.0,0,Md. Iqbal Hossain,"[""10.1109/tvcg.2020.3030373""]"
A5100728059,1,61.0,1,Steven J.m. Jones,"[""10.1109/tvcg.2009.116""]"
A5100728564,3,126.0,0,Jianping Fan,"[""10.1109/vast.2006.261425"", ""10.1109/vast.2006.261433"", ""10.1109/vast.2007.4389003""]"
A5100730147,1,85.0,0,Seungyeon Kim,"[""10.1109/tvcg.2017.2744478""]"
A5100731725,3,50.0,1,Qi Wu,"[""10.1109/tvcg.2018.2864850"", ""10.1109/tvcg.2022.3209498"", ""10.1109/tvcg.2023.3327107""]"
A5100735999,1,17.0,0,Zhongwei Wang,"[""10.1109/tvcg.2022.3209391""]"
A5100736732,5,259.0,2,Fangfang Zhou,"[""10.1109/tvcg.2018.2865020"", ""10.1109/tvcg.2019.2934655"", ""10.1109/tvcg.2020.3030428"", ""10.1109/tvcg.2022.3209469"", ""10.1109/vast50239.2020.00014""]"
A5100736999,1,6.0,0,Seulgi Choi,"[""10.1109/tvcg.2023.3327150""]"
A5100737034,1,6.0,0,Rui Ding,"[""10.1109/tvcg.2023.3327376""]"
A5100738314,1,16.0,0,Zhongjie Wang,"[""10.1109/tvcg.2015.2467292""]"
A5100740158,1,33.0,0,Nuo Chen,"[""10.1109/tvcg.2021.3114793""]"
A5100740616,3,177.0,1,Wei Chen,"[""10.1109/tvcg.2009.172"", ""10.1109/tvcg.2009.185"", ""10.1109/vast.2014.7042490""]"
A5100740729,2,23.0,0,Hyeok Kim,"[""10.1109/tvcg.2021.3114782"", ""10.1109/tvcg.2023.3326583""]"
A5100740828,1,99.0,0,Yalin Wang,"[""10.1109/visual.2004.75""]"
A5100745763,1,251.0,0,Zhicheng Liu,"[""10.1109/tvcg.2010.177""]"
A5100745766,15,1267.0,3,Zhicheng Liu,"[""10.1109/tvcg.2008.121"", ""10.1109/tvcg.2009.180"", ""10.1109/tvcg.2014.2346452"", ""10.1109/tvcg.2016.2598620"", ""10.1109/tvcg.2016.2598797"", ""10.1109/tvcg.2018.2864886"", ""10.1109/tvcg.2018.2865119"", ""10.1109/tvcg.2019.2934281"", ""10.1109/tvcg.2022.3209490"", ""10.1109/tvcg.2023.3327354"", ""10.1109/tvcg.2024.3456407"", ""10.1109/tvcg.2024.3456510"", ""10.1109/vast.2007.4389006"", ""10.1109/vast.2010.5652910"", ""10.1109/vast.2011.6102440""]"
A5100747388,2,71.0,0,Zezhong Wang,"[""10.1109/tvcg.2020.3030433"", ""10.1109/tvcg.2021.3114849""]"
A5100747973,1,30.0,0,Yutao Zhang,"[""10.1109/vast.2015.7347632""]"
A5100755351,2,29.0,0,Srinivasan Parthasarathy,"[""10.1109/vast.2006.261451"", ""10.1109/visual.2004.23""]"
A5100755370,1,37.0,0,Fang Xu,"[""10.1109/tvcg.2007.70573""]"
A5100756751,1,45.0,0,Jian Chen,"[""10.1109/tvcg.2009.126""]"
A5100758732,1,5.0,0,Haipeng Zhang,"[""10.1109/tvcg.2022.3209351""]"
A5100760119,1,134.0,0,Bei Chen,"[""10.1109/tvcg.2019.2934785""]"
A5100760567,1,5.0,0,Chenhao Yu,"[""10.1109/tvcg.2023.3327371""]"
A5100763132,4,611.0,2,Benjamin Lee,"[""10.1109/tvcg.2008.125"", ""10.1109/tvcg.2020.3030435"", ""10.1109/tvcg.2020.3030450"", ""10.1109/tvcg.2023.3327398""]"
A5100763365,1,38.0,0,Xin Zhang,"[""10.1109/tvcg.2012.236""]"
A5100763487,1,24.0,0,Kyoung Ho Lee,"[""10.1109/tvcg.2016.2598796""]"
A5100763687,2,16.0,0,Kai Xiong,"[""10.1109/tvcg.2022.3209470"", ""10.1109/tvcg.2024.3456328""]"
A5100767423,1,59.0,0,Hairong Wang,"[""10.1109/tvcg.2019.2934655""]"
A5100770632,1,76.0,0,Michael D. Hill,"[""10.1109/tvcg.2015.2467325""]"
A5100774068,1,173.0,0,Jiabao Li,"[""10.1109/tvcg.2018.2865152""]"
A5100778980,1,32.0,1,Yun Lin,"[""10.1109/tvcg.2022.3209469""]"
A5100781916,1,8.0,0,Xue Bai,"[""10.1109/tvcg.2019.2934806""]"
A5100784734,2,363.0,0,Xin Tong,"[""10.1109/tvcg.2011.239"", ""10.1109/tvcg.2016.2599049""]"
A5100786691,1,10.0,0,Kang Li,"[""10.1109/tvcg.2022.3209388""]"
A5100800645,1,137.0,0,Yu Ru Lin,"[""10.1109/tvcg.2010.154""]"
A5100815366,1,138.0,0,Lijie Xu,"[""10.1109/tvcg.2010.131""]"
A5100863703,1,28.0,0,Varun Saini,"[""10.1109/infvis.2002.1173142""]"
A5100867302,1,49.0,0,Geng Zhao,"[""10.1109/tvcg.2011.166""]"
A5100880042,1,13.0,1,Yu Hou,"[""10.1109/tvcg.2024.3456364""]"
A5100895649,1,87.0,0,Ningyu Mao,"[""10.1109/tvcg.2011.261""]"
A5101046136,3,186.0,0,Jesus J. Caban,"[""10.1109/tvcg.2007.70599"", ""10.1109/tvcg.2008.169"", ""10.1109/tvcg.2016.2598471""]"
A5101060059,2,57.0,0,Yuanzhe Hu,"[""10.1109/tvcg.2019.2934800"", ""10.1109/tvcg.2020.3030447""]"
A5101111637,1,8.0,0,Qing Shi,"[""10.1109/tvcg.2023.3327389""]"
A5101116565,1,19.0,0,Magdalena Jankowska,"[""10.1109/vast.2012.6400484""]"
A5101137673,1,3.0,0,Suya You,"[""10.1109/visual.1997.663915""]"
A5101146662,1,22.0,0,Yucong Yao,"[""10.1109/tvcg.2021.3114874""]"
A5101147725,1,23.0,0,Graham Smith,"[""10.1109/tvcg.2007.70537""]"
A5101179807,1,11.0,0,A. Goel,"[""10.1109/visual.1999.809921""]"
A5101184621,1,70.0,0,Jim Zhu,"[""10.1109/vast.2014.7042494""]"
A5101250362,2,81.0,0,Xinxin Huang,"[""10.1109/tvcg.2014.2346913"", ""10.1109/vast.2016.7883514""]"
A5101259226,1,29.0,0,Zhongwen Huang,"[""10.1109/vast.2015.7347630""]"
A5101259347,1,3.0,0,Tianhong Ding,"[""10.1109/tvcg.2023.3326908""]"
A5101264201,2,22.0,1,Mandi Cai,"[""10.1109/tvcg.2023.3327356"", ""10.1109/tvcg.2024.3456366""]"
A5101288188,1,30.0,0,Yating Lin,"[""10.1109/tvcg.2020.3030370""]"
A5101289240,1,49.0,0,Keiji Yamamoto,"[""10.1109/tvcg.2020.3028889""]"
A5101296393,1,0.0,0,Zhida Sun,"[""10.1109/tvcg.2024.3456321""]"
A5101312518,1,1.0,0,James Jackson,"[""10.1109/tvcg.2024.3456323""]"
A5101313928,1,12.0,0,Sam Yu Te Lee,"[""10.1109/tvcg.2024.3456398""]"
A5101317827,1,2.0,0,Yang Liu,"[""10.1109/tvcg.2024.3456338""]"
A5101321062,1,16.0,1,Jiahang Xu,"[""10.1109/tvcg.2024.3456320""]"
A5101335345,1,2.0,0,Yiping Sun,"[""10.1109/tvcg.2023.3326515""]"
A5101404387,1,19.0,0,Rui Shi,"[""10.1109/tvcg.2013.139""]"
A5101406258,2,173.0,0,Xiaoyu Wang,"[""10.1109/tvcg.2013.162"", ""10.1109/vast.2011.6102463""]"
A5101406351,1,49.0,0,Dong Xin,"[""10.1109/tvcg.2007.70617""]"
A5101408509,1,22.0,0,Seungyong Lee,"[""10.1109/tvcg.2006.169""]"
A5101409792,8,229.0,0,Yuxin Ma,"[""10.1109/tvcg.2017.2744098"", ""10.1109/tvcg.2019.2934631"", ""10.1109/tvcg.2020.3028888"", ""10.1109/tvcg.2020.3028958"", ""10.1109/tvcg.2021.3114850"", ""10.1109/tvcg.2023.3326921"", ""10.1109/tvcg.2023.3327359"", ""10.1109/tvcg.2024.3456142""]"
A5101409834,2,49.0,0,Youngtaek Kim,"[""10.1109/tvcg.2020.3030414"", ""10.1109/tvcg.2021.3114833""]"
A5101411295,1,13.0,0,Gustavo Moreira,"[""10.1109/tvcg.2023.3326598""]"
A5101416492,1,41.0,0,Seungwon Yang,"[""10.1109/vast.2010.5652932""]"
A5101416806,3,128.0,1,Yanqiu Wu,"[""10.1109/tvcg.2021.3114775"", ""10.1109/tvcg.2022.3209428"", ""10.1109/tvcg.2023.3327385""]"
A5101418877,1,18.0,0,Yeong Gil Shin,"[""10.1109/tvcg.2010.155""]"
A5101424248,1,6.0,0,Arvind Srinivasan,"[""10.1109/tvcg.2024.3456300""]"
A5101430356,1,6.0,1,Ye Duan,"[""10.1109/tvcg.2014.2346412""]"
A5101435406,1,5.0,0,Tin Kam Ho,"[""10.1109/vast.2008.4677367""]"
A5101442992,1,6.0,0,Seongmin Lee,"[""10.1109/tvcg.2023.3327181""]"
A5101447377,1,16.0,0,Shuaiqi Wang,"[""10.1109/tvcg.2019.2934811""]"
A5101448737,2,70.0,0,Yi Wang,"[""10.1109/tvcg.2007.70544"", ""10.1109/tvcg.2008.126""]"
A5101451813,7,260.0,0,Gunther H. Weber,"[""10.1109/tvcg.2007.70601"", ""10.1109/tvcg.2012.200"", ""10.1109/tvcg.2019.2934368"", ""10.1109/tvcg.2023.3326526"", ""10.1109/tvcg.2024.3456322"", ""10.1109/visual.1999.809863"", ""10.1109/visual.2002.1183772""]"
A5101455930,1,4.0,0,Bo Tang,"[""10.1109/tvcg.2023.3326930""]"
A5101457725,1,25.0,0,Richen Liu,"[""10.1109/tvcg.2014.2346418""]"
A5101458443,4,594.0,0,Yao Ming,"[""10.1109/tvcg.2018.2864812"", ""10.1109/tvcg.2019.2934267"", ""10.1109/tvcg.2020.3030342"", ""10.1109/vast.2017.8585721""]"
A5101460914,1,85.0,0,Zicheng Liao,"[""10.1109/vast.2010.5652467""]"
A5101462636,1,22.0,1,Chen Zhao,"[""10.1109/tvcg.2023.3327396""]"
A5101464031,1,2.0,0,Jiayao Wang,"[""10.1109/tvcg.2020.3028976""]"
A5101481095,1,96.0,0,Kai Zhao,"[""10.1109/tvcg.2016.2598585""]"
A5101484305,1,17.0,0,Xiaoyu Yang,"[""10.1109/tvcg.2022.3209391""]"
A5101484570,1,12.0,0,Min Zhu,"[""10.1109/tvcg.2023.3326586""]"
A5101491935,1,2.0,1,Yifan Wu,"[""10.1109/tvcg.2021.3114824""]"
A5101494292,1,12.0,0,Takahiro Yamamoto,"[""10.1109/tvcg.2015.2467433""]"
A5101495078,2,83.0,0,Wei Chen,"[""10.1109/tvcg.2017.2744098"", ""10.1109/vast50239.2020.00015""]"
A5101495888,1,63.0,0,Andrew T. Wilson,"[""10.1109/tvcg.2017.2743939""]"
A5101497511,1,7.0,0,Tian Gao,"[""10.1109/tvcg.2023.3327200""]"
A5101498642,1,84.0,0,Martin Heß,"[""10.1109/vast.2011.6102439""]"
A5101500495,1,13.0,0,Ke Zhou,"[""10.1109/tvcg.2020.3030391""]"
A5101504537,1,114.0,0,Guodao Sun,"[""10.1109/tvcg.2014.2346919""]"
A5101506748,5,82.0,1,Hyeon Jeon,"[""10.1109/tvcg.2020.3030414"", ""10.1109/tvcg.2021.3114833"", ""10.1109/tvcg.2023.3327187"", ""10.1109/tvcg.2023.3327201"", ""10.1109/tvcg.2024.3456215""]"
A5101509953,1,12.0,0,Xiyuan Wang,"[""10.1109/tvcg.2022.3209440""]"
A5101510653,1,35.0,0,Aditi Mishra,"[""10.1109/tvcg.2022.3209384""]"
A5101512458,1,5.0,0,Mingjie Tang,"[""10.1109/vast50239.2020.00012""]"
A5101513179,2,88.0,0,Feng Wang,"[""10.1109/tvcg.2018.2864844"", ""10.1109/vast.2014.7042495""]"
A5101515385,2,67.0,0,Jianning Wang,"[""10.1109/visual.2003.1250359"", ""10.1109/visual.2005.1532824""]"
A5101515386,1,29.0,0,Jianning Wang,"[""10.1109/visual.2004.24""]"
A5101519023,1,8.0,0,Daniel Wägner,"[""10.1109/visual.2000.885732""]"
A5101522343,3,77.0,0,Jonathan Zhang,"[""10.1109/tvcg.2019.2934209"", ""10.1109/tvcg.2019.2934661"", ""10.1109/tvcg.2020.3030455""]"
A5101523076,1,45.0,0,Li Guan,"[""10.1109/tvcg.2020.3030461""]"
A5101523517,3,182.0,0,Shusen Liu,"[""10.1109/tvcg.2017.2745141"", ""10.1109/tvcg.2018.2865230"", ""10.1109/tvcg.2019.2934594""]"
A5101524540,2,101.0,0,Xiting Wang,"[""10.1109/vast.2014.7042494"", ""10.1109/vast.2016.7883511""]"
A5101526271,4,196.0,0,Jian Zhao,"[""10.1109/tvcg.2012.226"", ""10.1109/tvcg.2015.2468151"", ""10.1109/tvcg.2017.2744080"", ""10.1109/tvcg.2017.2744458""]"
A5101528850,1,148.0,0,Danqing Shi,"[""10.1109/tvcg.2020.3030403""]"
A5101529436,1,60.0,0,Liu Feng,"[""10.1109/visual.2004.80""]"
A5101529579,1,2.0,0,Zhiwei Deng,"[""10.1109/tvcg.2023.3326515""]"
A5101531442,1,2.0,0,Weiqun Cao,"[""10.1109/tvcg.2024.3456338""]"
A5101536052,1,51.0,0,Yusu Wang,"[""10.1109/tvcg.2019.2934242""]"
A5101536207,1,6.0,0,Haibo Hu,"[""10.1109/tvcg.2023.3327353""]"
A5101538820,1,53.0,0,Yida Chen,"[""10.1109/tvcg.2023.3327163""]"
A5101547534,2,223.0,0,Yanhong Wu,"[""10.1109/tvcg.2018.2864475"", ""10.1109/tvcg.2018.2864526""]"
A5101553508,1,98.0,0,Haidong Chen,"[""10.1109/tvcg.2014.2346594""]"
A5101555623,1,5.0,0,Xiaolei Shi,"[""10.1109/visual.2004.106""]"
A5101561288,1,1.0,0,Minkyu Choi,"[""10.1109/visual.1994.346291""]"
A5101564894,3,131.0,1,Hua Guo,"[""10.1109/tvcg.2012.214"", ""10.1109/tvcg.2015.2467613"", ""10.1109/vast.2014.7042482""]"
A5101567215,2,21.0,0,Xiaomeng Fan,"[""10.1109/tvcg.2022.3209440"", ""10.1109/tvcg.2023.3326911""]"
A5101569034,1,202.0,0,Daniel M. Gruen,"[""10.1109/tvcg.2010.129""]"
A5101579765,1,10.0,0,Tianxiang Chen,"[""10.1109/vast50239.2020.00015""]"
A5101586565,1,10.0,0,Jing Deng,"[""10.1109/tvcg.2023.3326943""]"
A5101588019,1,39.0,0,Jinyan Chen,"[""10.1109/tvcg.2014.2346898""]"
A5101598415,1,90.0,0,Xosé Manuel Dasilva,"[""10.1109/visual.2001.964545""]"
A5101602915,1,17.0,0,Ji Ma,"[""10.1109/tvcg.2022.3209352""]"
A5101603009,1,47.0,0,Mengyu Zhou,"[""10.1109/tvcg.2021.3114826""]"
A5101613966,1,1.0,0,Christian Wolf,"[""10.1109/tvcg.2021.3114683""]"
A5101619976,1,11.0,0,Mingxu Zhou,"[""10.1109/tvcg.2023.3326524""]"
A5101621126,2,127.0,0,Yang Jing,"[""10.1109/tvcg.2014.2346445"", ""10.1109/vast.2006.261433""]"
A5101626365,2,15.0,1,Jiashu Chen,"[""10.1109/tvcg.2023.3326934"", ""10.1109/tvcg.2024.3456386""]"
A5101634159,1,5.0,1,Meng Chieh Lee,"[""10.1109/tvcg.2022.3209403""]"
A5101635167,1,19.0,0,Ye Yuan,"[""10.1109/tvcg.2013.219""]"
A5101637594,1,5.0,0,Guizhen Wang,"[""10.1109/vast50239.2020.00012""]"
A5101637750,1,10.0,0,Jiang Wu,"[""10.1109/visual.1993.398855""]"
A5101640687,1,8.0,0,David Groß,"[""10.1109/tvcg.2020.3028954""]"
A5101645589,1,32.0,0,Qi Liao,"[""10.1109/vast.2011.6102458""]"
A5101646087,1,16.0,1,Yuge Zhang,"[""10.1109/tvcg.2024.3456320""]"
A5101648116,1,0.0,0,R. Franco,"[""10.1109/visual.1996.568132""]"
A5101657309,2,34.0,0,Xinyi Huang,"[""10.1109/tvcg.2020.3030384"", ""10.1109/tvcg.2021.3114853""]"
A5101658503,1,9.0,0,Stefan Günther,"[""10.1109/tvcg.2015.2467291""]"
A5101659527,2,24.0,0,Adam Huang,"[""10.1109/visual.2002.1183808"", ""10.1109/visual.2005.1532806""]"
A5101659707,2,87.0,0,Feng Luo,"[""10.1109/tvcg.2018.2865020"", ""10.1109/vast50239.2020.00014""]"
A5101663815,1,78.0,0,Sohaib Ghani,"[""10.1109/tvcg.2013.223""]"
A5101666011,3,111.0,0,Baining Guo,"[""10.1109/vast.2014.7042494"", ""10.1109/vast.2016.7883511"", ""10.1109/visual.1995.480789""]"
A5101678991,1,17.0,0,Yukai Guo,"[""10.1109/tvcg.2023.3326588""]"
A5101683904,3,116.0,0,Shuai Chen,"[""10.1109/tvcg.2019.2934263"", ""10.1109/vast.2016.7883510"", ""10.1109/vast.2017.8585638""]"
A5101687497,1,59.0,0,A. Ravishankar Rao,"[""10.1109/visual.1993.398872""]"
A5101693655,1,5.0,0,Yiyao Wang,"[""10.1109/tvcg.2023.3327371""]"
A5101695356,2,40.0,0,Christoph M. Hoffmann,"[""10.1109/tvcg.2010.127"", ""10.1109/visual.2003.1250422""]"
A5101697214,1,37.0,1,Huan Song,"[""10.1109/tvcg.2022.3209465""]"
A5101700128,1,14.0,0,Mingdong Zhang,"[""10.1109/tvcg.2020.3030377""]"
A5101701031,1,103.0,0,Ye Yu,"[""10.1109/tvcg.2017.2744159""]"
A5101701414,1,4.0,0,Yuxiao Li,"[""10.1109/tvcg.2024.3456337""]"
A5101702273,1,5.0,0,Liying Sun,"[""10.1109/visual.2004.106""]"
A5101702914,1,172.0,0,Xiaoke Huang,"[""10.1109/tvcg.2015.2467771""]"
A5101703488,1,5.0,0,Yifan Wu,"[""10.1109/tvcg.2023.3326513""]"
A5101708967,1,7.0,0,Shuai Wei,"[""10.1109/tvcg.2023.3326925""]"
A5101716397,1,24.0,0,Tae Jung Kim,"[""10.1109/tvcg.2016.2598796""]"
A5101716674,1,47.0,0,Mi Chen,"[""10.1109/tvcg.2007.70565""]"
A5101722804,1,78.0,0,Francisco Javier Rodríguez Díaz,"[""10.1109/tvcg.2015.2467324""]"
A5101723114,1,7.0,0,Chen Yu,"[""10.1109/vast.2008.4677369""]"
A5101724128,1,30.0,0,Kenji Shimada,"[""10.1109/tvcg.2006.167""]"
A5101724217,1,7.0,0,Thomas G. Smith,"[""10.1109/vast.2008.4677369""]"
A5101724996,2,66.0,0,Fan Hong,"[""10.1109/tvcg.2014.2346416"", ""10.1109/tvcg.2017.2744059""]"
A5101728710,6,628.0,1,Haesun Park,"[""10.1109/tvcg.2013.212"", ""10.1109/tvcg.2015.2467615"", ""10.1109/tvcg.2016.2598446"", ""10.1109/vast.2009.5332629"", ""10.1109/vast.2010.5652443"", ""10.1109/vast47406.2019.8986922""]"
A5101731167,1,23.0,0,Huaqiang Zhang,"[""10.1109/tvcg.2021.3114878""]"
A5101731429,1,38.0,0,Jingtao Zhou,"[""10.1109/tvcg.2020.3030433""]"
A5101738811,2,88.0,0,Zhenyu Cheryl Qian,"[""10.1109/tvcg.2019.2934603"", ""10.1109/vast.2009.5333020""]"
A5101751664,1,17.0,1,Tian Gao,"[""10.1109/tvcg.2022.3209409""]"
A5101752888,1,29.0,0,Changhong Zhang,"[""10.1109/tvcg.2019.2934667""]"
A5101757192,1,45.0,0,Kaixin Chen,"[""10.1109/tvcg.2020.3030461""]"
A5101764191,1,64.0,1,Michael Hofmann,"[""10.1109/tvcg.2020.3030350""]"
A5101768831,1,32.0,0,Rui Li,"[""10.1109/vast.2011.6102458""]"
A5101769619,8,387.0,2,Dongyu Liu,"[""10.1109/tvcg.2016.2598432"", ""10.1109/tvcg.2018.2865018"", ""10.1109/tvcg.2021.3114832"", ""10.1109/tvcg.2021.3114836"", ""10.1109/tvcg.2021.3114864"", ""10.1109/tvcg.2022.3209452"", ""10.1109/tvcg.2024.3456373"", ""10.1109/tvcg.2024.3456398""]"
A5101776978,2,31.0,0,Chenyang Zhang,"[""10.1109/tvcg.2022.3209440"", ""10.1109/tvcg.2023.3326929""]"
A5101789267,1,6.0,0,Tianqi Song,"[""10.1109/tvcg.2023.3327376""]"
A5101789836,10,560.0,0,Haidong Zhang,"[""10.1109/tvcg.2019.2934398"", ""10.1109/tvcg.2019.2934613"", ""10.1109/tvcg.2019.2934785"", ""10.1109/tvcg.2020.3030351"", ""10.1109/tvcg.2020.3030448"", ""10.1109/tvcg.2021.3114826"", ""10.1109/tvcg.2022.3209357"", ""10.1109/tvcg.2023.3326522"", ""10.1109/tvcg.2023.3327197"", ""10.1109/tvcg.2023.3327376""]"
A5101793577,1,58.0,1,Yuri Ivanov,"[""10.1109/tvcg.2007.70621""]"
A5101795131,1,13.0,0,Yubo Tao,"[""10.1109/tvcg.2012.267""]"
A5101797040,1,111.0,0,Chengliang Chai,"[""10.1109/tvcg.2021.3114848""]"
A5101808237,1,1.0,0,Jinta Zheng,"[""10.1109/tvcg.2023.3326927""]"
A5101809615,2,7.0,0,Daniel Braun,"[""10.1109/tvcg.2023.3326576"", ""10.1109/tvcg.2024.3456305""]"
A5101815630,3,67.0,0,Shahid Latif,"[""10.1109/tvcg.2018.2865022"", ""10.1109/tvcg.2019.2934669"", ""10.1109/tvcg.2021.3114802""]"
A5101819708,2,35.0,0,Sihang Li,"[""10.1109/tvcg.2019.2934263"", ""10.1109/tvcg.2022.3209482""]"
A5101824064,1,24.0,0,Jeongjin Lee,"[""10.1109/tvcg.2016.2598796""]"
A5101824160,1,111.0,0,Nan Tang,"[""10.1109/tvcg.2021.3114848""]"
A5101829011,2,29.0,0,Jun Tao,"[""10.1109/tvcg.2018.2864808"", ""10.1109/tvcg.2022.3209453""]"
A5101829426,1,19.0,0,Chang Jiang,"[""10.1109/tvcg.2023.3326929""]"
A5101839682,1,9.0,0,Steffen Lemke,"[""10.1109/tvcg.2015.2467291""]"
A5101839749,1,21.0,0,Yongxian Zhang,"[""10.1109/tvcg.2010.192""]"
A5101842842,1,50.0,1,Jan Friedrich,"[""10.1109/tvcg.2010.166""]"
A5101848597,1,13.0,0,Yan Lyu,"[""10.1109/tvcg.2019.2934657""]"
A5101854577,1,4.0,0,Simon Schröder,"[""10.1109/tvcg.2012.283""]"
A5101855382,1,12.0,0,Yuanyuan Chen,"[""10.1109/vast50239.2020.00011""]"
A5101862600,1,66.0,0,Ran Tao,"[""10.1109/tvcg.2007.70571""]"
A5101866229,1,122.0,0,Zhuofeng Wu,"[""10.1109/tvcg.2014.2346433""]"
A5101866911,1,18.0,0,Jian Chen,"[""10.1109/vast.2015.7347628""]"
A5101867156,1,69.0,0,Yingchao Wang,"[""10.1109/tvcg.2018.2865020""]"
A5101880832,3,133.0,0,Bao Chen,"[""10.1109/tvcg.2017.2745859"", ""10.1109/tvcg.2018.2864912"", ""10.1109/tvcg.2019.2934783""]"
A5101881825,1,24.0,1,Jie Xu,"[""10.1109/tvcg.2022.3209373""]"
A5101883722,1,12.0,0,Weijia Xu,"[""10.1109/vast.2011.6102462""]"
A5101886244,1,43.0,0,Hong Han,"[""10.1109/vast.2014.7042486""]"
A5101892069,1,50.0,1,Chunming Chen,"[""10.1109/tvcg.2016.2598604""]"
A5101893193,1,43.0,0,Fangzhou Guo,"[""10.1109/tvcg.2018.2865139""]"
A5101894423,1,69.0,0,Lin Shao,"[""10.1109/vast.2014.7042480""]"
A5101896195,1,98.0,0,Guowei Huang,"[""10.1109/tvcg.2015.2468151""]"
A5101897241,1,78.0,0,Ming Dong,"[""10.1109/tvcg.2009.140""]"
A5101898507,2,113.0,0,I. Demir,"[""10.1109/tvcg.2014.2346448"", ""10.1109/vast.2015.7347634""]"
A5101907560,3,34.0,1,Hyunwook Lee,"[""10.1109/tvcg.2022.3209462"", ""10.1109/tvcg.2023.3327201"", ""10.1109/tvcg.2024.3456340""]"
A5101908670,8,378.0,2,Yang Shi,"[""10.1109/tvcg.2020.3030403"", ""10.1109/tvcg.2021.3114774"", ""10.1109/tvcg.2021.3114775"", ""10.1109/tvcg.2022.3209409"", ""10.1109/tvcg.2022.3209428"", ""10.1109/tvcg.2022.3209461"", ""10.1109/tvcg.2022.3209486"", ""10.1109/tvcg.2023.3327200""]"
A5101912154,1,28.0,0,Lu Chen,"[""10.1109/tvcg.2021.3114765""]"
A5101913449,9,462.0,0,Chaoli Wang,"[""10.1109/tvcg.2006.159"", ""10.1109/tvcg.2008.140"", ""10.1109/tvcg.2011.246"", ""10.1109/tvcg.2015.2468031"", ""10.1109/tvcg.2018.2864808"", ""10.1109/tvcg.2019.2934255"", ""10.1109/tvcg.2020.3030346"", ""10.1109/tvcg.2024.3456342"", ""10.1109/visual.2003.1250402""]"
A5101919507,1,12.0,0,Zhendong Yang,"[""10.1109/vast50239.2020.00011""]"
A5101921643,1,7.0,0,Ziqi Ye,"[""10.1109/tvcg.2022.3209481""]"
A5101922351,1,11.0,0,Ameya Patil,"[""10.1109/tvcg.2022.3209426""]"
A5101928782,1,55.0,0,James S. Walker,"[""10.1109/tvcg.2015.2467751""]"
A5101933711,1,81.0,0,Ashish Kapoor,"[""10.1109/vast.2015.7347637""]"
A5101934910,1,12.0,0,Binjie Chen,"[""10.1109/vast50239.2020.00011""]"
A5101940061,3,434.0,1,G. Robertson,"[""10.1109/infvis.1999.801869"", ""10.1109/tvcg.2008.125"", ""10.1109/vast.2008.4677364""]"
A5101940168,1,22.0,0,Thomas Ernst,"[""10.1109/visual.2004.70""]"
A5101942464,1,73.0,0,Yusi Wang,"[""10.1109/tvcg.2017.2744098""]"
A5101947686,1,19.0,0,Kaiyi Zhang,"[""10.1109/tvcg.2019.2934783""]"
A5101949918,1,22.0,1,Shaoyu Chen,"[""10.1109/tvcg.2023.3327396""]"
A5101952408,1,6.0,1,Tao Ju,"[""10.1109/tvcg.2014.2346412""]"
A5101954311,1,4.0,0,Yongfeng Qiu,"[""10.1109/tvcg.2024.3456337""]"
A5101958227,1,31.0,0,Bin Zhu,"[""10.1109/tvcg.2020.3030351""]"
A5101961269,1,4.0,0,Duc Minh Nguyen,"[""10.1109/tvcg.2024.3456340""]"
A5101963152,1,5.0,0,Ayush Kumar,"[""10.1109/visual.2003.1250405""]"
A5101967249,1,45.0,0,Zhonghua Lu,"[""10.1109/tvcg.2020.3030461""]"
A5101970468,1,7.0,0,Wei Xu,"[""10.1109/tvcg.2010.211""]"
A5101970777,1,5.0,0,Bo Pan,"[""10.1109/tvcg.2023.3327371""]"
A5101971518,1,94.0,0,Yingyu Wu,"[""10.1109/tvcg.2016.2598416""]"
A5101971581,1,19.0,0,Haibin Liu,"[""10.1109/vast.2016.7883513""]"
A5101976576,1,34.0,0,Han Hu,"[""10.1109/visual.2000.885692""]"
A5101982517,1,6.0,1,Chuhan Zhang,"[""10.1109/tvcg.2024.3456150""]"
A5101984980,1,19.0,0,Cong Wu,"[""10.1109/tvcg.2019.2934434""]"
A5101985412,1,270.0,0,Chandan K. Reddy,"[""10.1109/tvcg.2013.212""]"
A5101994805,3,394.0,0,David Levin,"[""10.1109/visual.1996.567812"", ""10.1109/visual.1999.10189410"", ""10.1109/visual.2001.964489""]"
A5101997668,4,203.0,0,Ming Hao,"[""10.1109/infvis.1999.801867"", ""10.1109/infvis.2005.1532148"", ""10.1109/vast.2007.4389001"", ""10.1109/vast.2009.5333919""]"
A5101998785,1,39.0,0,Liting Sun,"[""10.1109/tvcg.2014.2346898""]"
A5102002124,2,134.0,0,Jonathan Cohen,"[""10.1109/tvcg.2007.70595"", ""10.1109/visual.1997.663908""]"
A5102006509,1,31.0,0,Mingjie Tang,"[""10.1109/tvcg.2019.2934671""]"
A5102007073,1,19.0,0,Yuanwu Cao,"[""10.1109/tvcg.2023.3326929""]"
A5102008970,1,49.0,0,Tao Li,"[""10.1109/tvcg.2018.2865230""]"
A5102013272,3,44.0,0,Guozheng Li,"[""10.1109/tvcg.2019.2934535"", ""10.1109/tvcg.2022.3209354"", ""10.1109/tvcg.2024.3456389""]"
A5102013833,2,38.0,0,Erik Sundén,"[""10.1109/tvcg.2011.211"", ""10.1109/tvcg.2012.206""]"
A5102013894,5,206.0,1,Lingyun Yu,"[""10.1109/tvcg.2012.217"", ""10.1109/tvcg.2015.2467202"", ""10.1109/tvcg.2019.2934332"", ""10.1109/tvcg.2023.3326517"", ""10.1109/tvcg.2024.3456368""]"
A5102015112,2,223.0,0,Cong Guo,"[""10.1109/tvcg.2013.150"", ""10.1109/tvcg.2015.2467619""]"
A5102018107,1,49.0,0,Zhimin Li,"[""10.1109/tvcg.2018.2865230""]"
A5102022483,7,245.0,0,Jing Hua,"[""10.1109/tvcg.2008.134"", ""10.1109/tvcg.2009.159"", ""10.1109/tvcg.2014.2346457"", ""10.1109/tvcg.2016.2598790"", ""10.1109/tvcg.2019.2934369"", ""10.1109/tvcg.2020.3030374"", ""10.1109/visual.2003.1250359""]"
A5102023823,4,190.0,0,Matthew Cooper,"[""10.1109/infvis.2005.1532138"", ""10.1109/tvcg.2009.117"", ""10.1109/tvcg.2018.2865042"", ""10.1109/vast.2016.7883518""]"
A5102024007,1,53.0,0,Zhipeng Wang,"[""10.1109/tvcg.2016.2598415""]"
A5102025383,1,29.0,0,Yuchen Yang,"[""10.1109/tvcg.2022.3209447""]"
A5102026182,2,45.0,0,Bo Ma,"[""10.1109/tvcg.2018.2864815"", ""10.1109/tvcg.2020.3030394""]"
A5102027050,2,75.0,0,John C. Anderson,"[""10.1109/tvcg.2007.70519"", ""10.1109/tvcg.2008.157""]"
A5102077545,1,46.0,0,Katherine J. Weaver,"[""10.1109/tvcg.2010.202""]"
A5102082175,1,48.0,0,Charl Botha,"[""10.1109/tvcg.2006.158""]"
A5102086582,2,106.0,0,José Manuel Cordero García,"[""10.1109/tvcg.2017.2744322"", ""10.1109/tvcg.2018.2864811""]"
A5102099828,1,3.0,0,Wenli Cai,"[""10.1109/visual.1997.663859""]"
A5102131000,2,176.0,0,Hongye Liang,"[""10.1109/tvcg.2018.2865041"", ""10.1109/tvcg.2020.3030359""]"
A5102139772,1,105.0,0,Cheng Tang,"[""10.1109/tvcg.2018.2864503""]"
A5102139936,1,88.0,0,Zhengyu Su,"[""10.1109/tvcg.2013.135""]"
A5102145315,1,69.0,0,Qinying Liao,"[""10.1109/tvcg.2015.2467554""]"
A5102148168,1,70.0,0,Yuli Gao,"[""10.1109/vast.2006.261425""]"
A5102150262,1,62.0,0,Wing Yan So,"[""10.1109/tvcg.2007.70596""]"
A5102152465,1,22.0,0,Hyunmo Kang,"[""10.1109/vast.2006.261426""]"
A5102185920,1,60.0,0,Diane Tang,"[""10.1109/vast.2007.4389008""]"
A5102234375,1,23.0,0,M. Shahriar Hossain,"[""10.1109/tvcg.2012.258""]"
A5102237129,1,12.0,0,Jianbo Peng,"[""10.1109/visual.2001.964500""]"
A5102266919,1,13.0,0,Min Shih,"[""10.1109/tvcg.2018.2864841""]"
A5102306926,4,82.0,0,Jinzhu Gao,"[""10.1109/tvcg.2006.175"", ""10.1109/visual.2003.1250391"", ""10.1109/visual.2004.110"", ""10.1109/visual.2005.1532794""]"
A5102325661,1,20.0,0,Hua‐lin Zhou,"[""10.1109/visual.2002.1183790""]"
A5102392400,1,50.0,0,Mike Roberts,"[""10.1109/tvcg.2014.2346371""]"
A5102490631,1,40.0,0,Xinran Hu,"[""10.1109/tvcg.2013.188""]"
A5102503989,1,2.0,0,Xu Liwen,"[""10.1109/tvcg.2024.3456392""]"
A5102535013,3,45.0,0,Ziyi Zheng,"[""10.1109/tvcg.2010.211"", ""10.1109/tvcg.2011.218"", ""10.1109/tvcg.2012.234""]"
A5102570823,1,14.0,0,Yun Hsin Kuo,"[""10.1109/tvcg.2023.3326578""]"
A5102571256,1,4.0,0,Keer Lu,"[""10.1109/tvcg.2023.3326944""]"
A5102706250,1,37.0,0,Haoxuan Wang,"[""10.1109/tvcg.2020.3030440""]"
A5102720655,1,11.0,0,Robert C. Cooper,"[""10.1109/tvcg.2009.203""]"
A5102725723,1,29.0,0,Yanyan Wang,"[""10.1109/tvcg.2018.2864911""]"
A5102737743,2,89.0,0,Mario Hlawitschka,"[""10.1109/tvcg.2008.143"", ""10.1109/visual.2005.1532773""]"
A5102742264,1,57.0,0,Zhang Song,"[""10.1109/tvcg.2009.112""]"
A5102743927,2,56.0,0,Shin’ichi Satoh,"[""10.1109/vast.2006.261433"", ""10.1109/vast.2007.4389003""]"
A5102751625,1,16.0,0,Sanghyun Hong,"[""10.1109/tvcg.2022.3209472""]"
A5102754191,2,28.0,0,He Wang,"[""10.1109/tvcg.2023.3326929"", ""10.1109/tvcg.2023.3327077""]"
A5102759669,9,511.0,0,Ye Zhao,"[""10.1109/tvcg.2014.2346445"", ""10.1109/tvcg.2015.2467771"", ""10.1109/tvcg.2016.2598416"", ""10.1109/tvcg.2019.2934671"", ""10.1109/tvcg.2020.3030384"", ""10.1109/tvcg.2021.3114853"", ""10.1109/vast.2011.6102447"", ""10.1109/vast.2014.7042486"", ""10.1109/visual.2004.24""]"
A5102762247,1,37.0,0,Wei Chen,"[""10.1109/visual.2004.38""]"
A5102771812,1,22.0,0,Wu Junqi,"[""10.1109/vast50239.2020.00013""]"
A5102773082,12,1074.0,2,Matthew O. Ward,"[""10.1109/infvis.1999.801858"", ""10.1109/infvis.2002.1173151"", ""10.1109/infvis.2003.1249015"", ""10.1109/infvis.2003.1249016"", ""10.1109/infvis.2004.15"", ""10.1109/infvis.2004.71"", ""10.1109/vast.2007.4389000"", ""10.1109/vast.2009.5333431"", ""10.1109/vast.2011.6102450"", ""10.1109/visual.1990.146386"", ""10.1109/visual.1994.346302"", ""10.1109/visual.1999.809866""]"
A5102773192,1,53.0,0,Cynthia Chen,"[""10.1109/tvcg.2023.3327163""]"
A5102773366,1,11.0,0,Junnan Hu,"[""10.1109/tvcg.2022.3209453""]"
A5102774532,1,29.0,0,Eric Liu,"[""10.1109/tvcg.2012.218""]"
A5102774906,1,26.0,0,Martin Eisemann,"[""10.1109/tvcg.2015.2467872""]"
A5102776250,2,24.0,0,Christopher R. Johnson,"[""10.1109/visual.1992.235178"", ""10.1109/visual.2005.1532794""]"
A5102787759,1,15.0,0,Qiang Guan,"[""10.1109/tvcg.2022.3209455""]"
A5102789360,4,92.0,0,Tobias Preußer,"[""10.1109/visual.1999.809904"", ""10.1109/visual.2000.885715"", ""10.1109/visual.2001.964494"", ""10.1109/visual.2004.32""]"
A5102792847,1,4.0,0,Jana Wilms,"[""10.1109/tvcg.2023.3326523""]"
A5102798174,1,6.0,0,Johanna Hartmann,"[""10.1109/tvcg.2023.3327185""]"
A5102801523,1,6.0,0,Michael J. Douma,"[""10.1109/tvcg.2009.183""]"
A5102817883,1,28.0,0,Yu Dong,"[""10.1109/tvcg.2019.2934535""]"
A5102818872,1,5.0,0,Konstantin Dmitriev,"[""10.1109/tvcg.2016.2598463""]"
A5102819951,2,50.0,0,Jonathas Costa,"[""10.1109/tvcg.2019.2934259"", ""10.1109/tvcg.2020.3030333""]"
A5102823484,1,1.0,0,Scott Campbell,"[""10.1109/vast.2006.261437""]"
A5102823810,1,61.0,0,Jonghun Park,"[""10.1109/tvcg.2014.2346454""]"
A5102831353,1,12.0,0,Suyog Dutt Jain,"[""10.1109/vast.2011.6102462""]"
A5102833835,2,32.0,0,Kenneth Moreland,"[""10.1109/tvcg.2007.70600"", ""10.1109/tvcg.2024.3456393""]"
A5102835648,1,18.0,0,Sarang Joshi,"[""10.1109/vast.2015.7347628""]"
A5102836607,1,31.0,0,Jiayun Fu,"[""10.1109/tvcg.2020.3030351""]"
A5102848944,1,59.0,0,Takafumi Saito,"[""10.1109/infvis.2005.1532144""]"
A5102858982,1,55.0,1,Chi Lun Lin,"[""10.1109/tvcg.2013.147""]"
A5102859075,1,0.0,0,Brian Hayden,"[""10.1109/visual.1994.346296""]"
A5102862658,2,21.0,0,Xiaoming Wei,"[""10.1109/visual.2001.964552"", ""10.1109/visual.2002.1183779""]"
A5102864747,1,29.0,0,Tingting Liu,"[""10.1109/tvcg.2019.2934796""]"
A5102867647,1,5.0,0,Xiuwen Liu,"[""10.1109/visual.1997.663925""]"
A5102869650,1,32.0,0,Cheng Zheng,"[""10.1109/vast.2007.4388993""]"
A5102870124,1,13.0,0,Carlos E. Ruiz,"[""10.1109/tvcg.2014.2346459""]"
A5102872139,1,22.0,0,Julian Heinrich,"[""10.1109/vast.2009.5333911""]"
A5102875460,1,19.0,0,Yuyan Song,"[""10.1109/tvcg.2006.117""]"
A5102878981,2,45.0,0,Ming C. Lin,"[""10.1109/visual.2001.964526"", ""10.1109/visual.2004.37""]"
A5102879101,1,3.0,0,Attila Szabo,"[""10.1109/tvcg.2024.3456315""]"
A5102880817,1,19.0,0,Kai Kang,"[""10.1109/tvcg.2013.219""]"
A5102881467,1,4.0,0,Qiang He,"[""10.1109/tvcg.2023.3326932""]"
A5102883524,1,141.0,0,Marco Hutter,"[""10.1109/tvcg.2017.2744818""]"
A5102901072,2,51.0,1,Graham T. Johnson,"[""10.1109/tvcg.2017.2744518"", ""10.1109/tvcg.2018.2864491""]"
A5102902131,11,718.0,3,Steffen Koch,"[""10.1109/tvcg.2012.277"", ""10.1109/tvcg.2013.186"", ""10.1109/tvcg.2014.2346677"", ""10.1109/tvcg.2015.2467621"", ""10.1109/tvcg.2015.2467871"", ""10.1109/tvcg.2020.3030420"", ""10.1109/tvcg.2020.3030467"", ""10.1109/tvcg.2021.3114800"", ""10.1109/vast.2009.5333564"", ""10.1109/vast.2014.7042495"", ""10.1109/vast.2016.7883507""]"
A5102908621,1,83.0,0,P.k. Dubey,"[""10.1109/tvcg.2009.164""]"
A5102912445,1,6.0,0,Hui Ma,"[""10.1109/visual.1995.480804""]"
A5102913756,1,4.0,1,Francis Nguyen,"[""10.1109/tvcg.2023.3326589""]"
A5102922863,1,30.0,0,Ngan Nguyen,"[""10.1109/tvcg.2020.3030415""]"
A5102923184,2,16.0,0,Chi Harold Liu,"[""10.1109/tvcg.2022.3209354"", ""10.1109/tvcg.2024.3456389""]"
A5102923390,11,923.0,1,Enrico Bertini,"[""10.1109/tvcg.2014.2346482"", ""10.1109/tvcg.2014.2346755"", ""10.1109/tvcg.2014.2346984"", ""10.1109/tvcg.2017.2746018"", ""10.1109/tvcg.2018.2864812"", ""10.1109/tvcg.2018.2865023"", ""10.1109/tvcg.2020.3030361"", ""10.1109/tvcg.2022.3209457"", ""10.1109/tvcg.2023.3326590"", ""10.1109/vast.2007.4389007"", ""10.1109/vast.2017.8585720""]"
A5102943951,1,12.0,0,Wen Jin,"[""10.1109/vast50239.2020.00011""]"
A5102949974,2,36.0,0,Xinwei Shi,"[""10.1109/visual.2004.36"", ""10.1109/visual.2005.1532822""]"
A5102956206,1,17.0,0,Yunzhe Wang,"[""10.1109/tvcg.2021.3114762""]"
A5102958138,1,5.0,0,Kaiyuan Tang,"[""10.1109/tvcg.2024.3456342""]"
A5102959274,6,195.0,0,Jaemin Jo,"[""10.1109/tvcg.2014.2346454"", ""10.1109/tvcg.2018.2865141"", ""10.1109/tvcg.2020.3030419"", ""10.1109/tvcg.2021.3114765"", ""10.1109/tvcg.2021.3114833"", ""10.1109/tvcg.2022.3209450""]"
A5102981760,2,114.0,0,Subhajit Das,"[""10.1109/tvcg.2017.2745078"", ""10.1109/tvcg.2020.3030443""]"
A5102981924,1,7.0,0,Ziheng Guo,"[""10.1109/tvcg.2022.3209459""]"
A5102985946,1,78.0,0,Yuki M. Asano,"[""10.1109/tvcg.2017.2744805""]"
A5102988664,3,102.0,0,Xiaoqiang Zheng,"[""10.1109/visual.2002.1183798"", ""10.1109/visual.2004.105"", ""10.1109/visual.2005.1532841""]"
A5102990231,1,3.0,0,Gustavo Moreira,"[""10.1109/tvcg.2024.3456353""]"
A5102993647,1,7.0,0,Federico Iuricich,"[""10.1109/tvcg.2023.3327182""]"
A5102996367,1,15.0,0,Svitlana Volkova,"[""10.1109/vast.2017.8585658""]"
A5103024385,1,20.0,0,Raquel Fernández,"[""10.1109/tvcg.2010.222""]"
A5103024860,1,111.0,0,Subodh Kumar,"[""10.1109/visual.1997.663904""]"
A5103027685,1,16.0,0,Robert Jacob,"[""10.1109/tvcg.2015.2468031""]"
A5103027961,1,15.0,0,Fábio Felix Dias,"[""10.1109/tvcg.2016.2599018""]"
A5103029140,1,0.0,0,Dilpreet Singh,"[""10.1109/tvcg.2020.3030456""]"
A5103032812,1,10.0,1,Soumyadeep Basu,"[""10.1109/tvcg.2023.3326582""]"
A5103036411,1,36.0,0,Seon Joo Kim,"[""10.1109/tvcg.2010.172""]"
A5103036749,1,0.0,0,Julián Méndez,"[""10.1109/tvcg.2021.3114866""]"
A5103039195,1,11.0,0,Richard Niemeier,"[""10.1109/visual.2001.964513""]"
A5103045373,1,23.0,0,Tim Gerrits,"[""10.1109/tvcg.2016.2598998""]"
A5103054696,1,43.0,0,Devin Singh,"[""10.1109/tvcg.2018.2864905""]"
A5103060523,1,88.0,0,S. S. Choi,"[""10.1109/tvcg.2007.70590""]"
A5103064768,1,11.0,0,Xin Liang,"[""10.1109/tvcg.2023.3326920""]"
A5103082414,1,22.0,0,Paul Craig,"[""10.1109/infvis.2003.1249023""]"
A5103082632,1,0.0,0,Christopher Hahn,"[""10.1109/tvcg.2021.3114866""]"
A5103083233,1,322.0,1,Dilip Krishnan,"[""10.1109/tvcg.2017.2744878""]"
A5103084682,10,450.0,3,Liang Gou,"[""10.1109/tvcg.2011.247"", ""10.1109/tvcg.2018.2864504"", ""10.1109/tvcg.2020.3030350"", ""10.1109/tvcg.2021.3114855"", ""10.1109/tvcg.2022.3209465"", ""10.1109/tvcg.2022.3209466"", ""10.1109/tvcg.2023.3326577"", ""10.1109/vast.2012.6400558"", ""10.1109/vast.2014.7042496"", ""10.1109/vast.2016.7883513""]"
A5103100469,1,2.0,0,Nigar Sultana,"[""10.1109/tvcg.2024.3456174""]"
A5103105055,1,28.0,0,Yinqiao Wang,"[""10.1109/tvcg.2021.3114765""]"
A5103112555,1,15.0,0,Thomas J. Kennedy,"[""10.1109/tvcg.2008.126""]"
A5103114181,1,141.0,0,Saul Greenberg,"[""10.1109/infvis.2003.1249008""]"
A5103119505,1,17.0,0,Kangping Hu,"[""10.1109/tvcg.2022.3209352""]"
A5103124754,1,29.0,0,Masato Okada,"[""10.1109/tvcg.2009.119""]"
A5103125479,1,2.0,0,Richard A. Miller,"[""10.1109/visual.1996.568142""]"
A5103144718,2,107.0,0,Michael Kern,"[""10.1109/tvcg.2017.2743989"", ""10.1109/tvcg.2018.2864806""]"
A5103151594,1,33.0,0,Dennis D. Spencer,"[""10.1109/tvcg.2008.150""]"
A5103154375,1,28.0,0,Prithwish Chakraborty,"[""10.1109/vast.2012.6400560""]"
A5103156716,1,12.0,0,Fengjie Wang,"[""10.1109/tvcg.2023.3326586""]"
A5103159534,1,13.0,0,Lucas Dixon,"[""10.1109/tvcg.2024.3456354""]"
A5103168454,1,3.0,0,Jiajing Guo,"[""10.1109/tvcg.2023.3326577""]"
A5103175735,2,37.0,0,Edward Angel,"[""10.1109/visual.1997.663930"", ""10.1109/visual.1999.809903""]"
A5103200303,1,36.0,0,Jiexun Li,"[""10.1109/tvcg.2009.202""]"
A5103201287,1,29.0,0,Sharon Lin,"[""10.1109/tvcg.2010.130""]"
A5103205115,3,85.0,0,Robert A. Harper,"[""10.1109/vast.2006.261427"", ""10.1109/vast.2007.4388992"", ""10.1109/vast.2008.4677355""]"
A5103210628,1,2.0,0,Paul Morris,"[""10.1109/tvcg.2021.3114868""]"
A5103210856,1,22.0,1,He He,"[""10.1109/tvcg.2023.3327396""]"
A5103213401,1,25.0,1,Lin Ping Yuan,"[""10.1109/tvcg.2022.3209386""]"
A5103234063,1,27.0,0,Neha Kumar,"[""10.1109/tvcg.2022.3209493""]"
A5103242037,2,52.0,0,Hyunjoo Song,"[""10.1109/tvcg.2016.2598796"", ""10.1109/tvcg.2020.3030414""]"
A5103242473,1,192.0,0,Ruixiang Zhang,"[""10.1109/vast.2017.8585721""]"
A5103246485,1,206.0,0,J. D. Williams,"[""10.1109/tvcg.2016.2598828""]"
A5103250875,1,72.0,0,Sean Williams,"[""10.1109/tvcg.2011.162""]"
A5103260186,1,42.0,0,Haiyan Yang,"[""10.1109/tvcg.2016.2598465""]"
A5103268247,2,12.0,0,Yumeng Xue,"[""10.1109/tvcg.2020.3030368"", ""10.1109/tvcg.2023.3327149""]"
A5103278717,2,8.0,0,Peter Oliver,"[""10.1109/tvcg.2023.3326599"", ""10.1109/tvcg.2024.3456367""]"
A5103280801,1,32.0,0,Ben Jacobsen,"[""10.1109/tvcg.2020.3030475""]"
A5103283733,1,3.0,0,Mengjie Fan,"[""10.1109/tvcg.2024.3456346""]"
A5103329632,2,299.0,0,Greg Smith,"[""10.1109/tvcg.2006.142"", ""10.1109/tvcg.2013.191""]"
A5103331862,1,27.0,0,Patrick Chiu,"[""10.1109/tvcg.2017.2744458""]"
A5103333640,1,486.0,0,Chris Stolte,"[""10.1109/tvcg.2007.70594""]"
A5103351381,1,9.0,0,D.a. Roberts,"[""10.1109/visual.1999.809882""]"
A5103395894,1,26.0,0,Ella Hendriks,"[""10.1109/tvcg.2010.134""]"
A5103403657,1,17.0,0,Carolyn L. Phillips,"[""10.1109/tvcg.2015.2466838""]"
A5103406484,8,516.0,1,Bilal Alsallakh,"[""10.1109/tvcg.2012.254"", ""10.1109/tvcg.2013.184"", ""10.1109/tvcg.2013.206"", ""10.1109/tvcg.2014.2346660"", ""10.1109/tvcg.2015.2467911"", ""10.1109/tvcg.2016.2598496"", ""10.1109/tvcg.2017.2744683"", ""10.1109/vast.2015.7347629""]"
A5103442618,1,16.0,0,J. D. Boissonnat,"[""10.1109/visual.1993.398903""]"
A5103446832,1,142.0,0,Jun Chao Xia,"[""10.1109/visual.1996.568126""]"
A5103450068,1,24.0,0,David L. Kao,"[""10.1109/visual.1997.663898""]"
A5103457231,1,22.0,0,Deryck W. Holdsworth,"[""10.1109/vast.2006.261428""]"
A5103479651,1,30.0,0,D M Hughes,"[""10.1109/tvcg.2009.161""]"
A5103494560,2,186.0,0,Meister Eduard Gröller,"[""10.1109/tvcg.2006.152"", ""10.1109/vast.2012.6400555""]"
A5103498607,1,8.0,0,Mark C. Price,"[""10.1109/tvcg.2012.188""]"
A5103506691,1,0.0,0,T. David,"[""10.1109/visual.2000.885730""]"
A5103507544,1,150.0,0,Jeroen Van Baar,"[""10.1109/visual.2001.964490""]"
A5103514631,1,35.0,0,Alan Lež,"[""10.1109/tvcg.2010.171""]"
A5103517898,1,16.0,0,Roxanne Ryan,"[""10.1109/vast.2010.5653599""]"
A5103524335,1,24.0,0,Mohamed Yakout,"[""10.1109/vast.2008.4677354""]"
A5103535994,1,28.0,0,Kim F. Wong,"[""10.1109/tvcg.2013.161""]"
A5103538662,1,22.0,0,Lewis W.f. Li,"[""10.1109/tvcg.2006.114""]"
A5103541115,1,47.0,0,Arno Kruger,"[""10.1109/tvcg.2008.161""]"
A5103543715,1,55.0,0,Enylton M. Coelho,"[""10.1109/tvcg.2007.70544""]"
A5103547404,1,16.0,0,Mudita Singhal,"[""10.1109/tvcg.2014.2346743""]"
A5103547883,1,29.0,0,Peter L. Williams,"[""10.1109/visual.1992.235228""]"
A5103551037,1,90.0,0,M. A. Storey,"[""10.1109/infvis.1997.636784""]"
A5103585576,1,11.0,0,William H. Mason,"[""10.1109/visual.1999.809921""]"
A5103598016,1,57.0,0,John Michael Schreiner,"[""10.1109/tvcg.2008.160""]"
A5103602555,1,3.0,0,R. A. Miller,"[""10.1109/visual.1996.568143""]"
A5103616614,1,10.0,0,P. Chen Robert,"[""10.1109/visual.2005.1532786""]"
A5103642464,3,29.0,0,John F. Hughes,"[""10.1109/tvcg.2009.125"", ""10.1109/visual.1992.235194"", ""10.1109/visual.1994.346309""]"
A5103649164,1,74.0,0,Christian Dick,"[""10.1109/tvcg.2014.2346448""]"
A5103711055,2,743.0,1,Matt Mckeon,"[""10.1109/tvcg.2007.70577"", ""10.1109/tvcg.2009.148""]"
A5103725392,15,976.0,4,Liu Ren,"[""10.1109/tvcg.2016.2598496"", ""10.1109/tvcg.2016.2598664"", ""10.1109/tvcg.2017.2744683"", ""10.1109/tvcg.2017.2745083"", ""10.1109/tvcg.2018.2864826"", ""10.1109/tvcg.2018.2865018"", ""10.1109/tvcg.2019.2934267"", ""10.1109/tvcg.2019.2934433"", ""10.1109/tvcg.2020.3030350"", ""10.1109/tvcg.2021.3114837"", ""10.1109/tvcg.2021.3114855"", ""10.1109/tvcg.2022.3209465"", ""10.1109/tvcg.2022.3209466"", ""10.1109/tvcg.2023.3326577"", ""10.1109/visual.2004.38""]"
A5103752748,5,407.0,0,Robert M. Kirby,"[""10.1109/tvcg.2011.206"", ""10.1109/tvcg.2013.143"", ""10.1109/tvcg.2014.2346455"", ""10.1109/tvcg.2017.2744058"", ""10.1109/tvcg.2019.2934338""]"
A5103778313,1,89.0,1,Mukund Raj,"[""10.1109/tvcg.2019.2934312""]"
A5103783835,2,94.0,0,Feiran Wu,"[""10.1109/tvcg.2018.2865126"", ""10.1109/vast.2014.7042486""]"
A5103803190,1,10.0,0,Bohyoung Kim,"[""10.1109/tvcg.2024.3456215""]"
A5103805703,1,90.0,0,B. D. Greenberg,"[""10.1109/visual.2001.964545""]"
A5103818338,2,62.0,1,Wei Xu,"[""10.1109/tvcg.2018.2865026"", ""10.1109/tvcg.2020.3030384""]"
A5103834156,1,4.0,0,Jiajun Zhu,"[""10.1109/tvcg.2024.3456328""]"
A5103851787,1,59.0,0,Amit Kumar,"[""10.1109/vast.2009.5333248""]"
A5103878806,1,23.0,0,Rollin Thomas,"[""10.1109/vast.2008.4677353""]"
A5103886740,2,25.0,0,Prashant Kumar,"[""10.1109/tvcg.2017.2744038"", ""10.1109/tvcg.2018.2864768""]"
A5103889000,1,628.0,1,James A. Wise,"[""10.1109/infvis.1995.528686""]"
A5103964376,1,1.0,0,Byeong Seok Shin,"[""10.1109/visual.1995.480808""]"
A5103971587,1,18.0,0,Ronghua Shi,"[""10.1109/vast50239.2020.00014""]"
A5104000427,1,27.0,0,Valentin Polishchuk,"[""10.1109/tvcg.2013.224""]"
A5104038125,11,1265.0,3,Matthew Brehmer,"[""10.1109/tvcg.2013.124"", ""10.1109/tvcg.2014.2346431"", ""10.1109/tvcg.2015.2466971"", ""10.1109/tvcg.2018.2865158"", ""10.1109/tvcg.2018.2865234"", ""10.1109/tvcg.2019.2934281"", ""10.1109/tvcg.2019.2934397"", ""10.1109/tvcg.2020.3030424"", ""10.1109/tvcg.2021.3114760"", ""10.1109/tvcg.2021.3114792"", ""10.1109/tvcg.2023.3326520""]"
A5104050325,1,15.0,0,Awalin Sopan,"[""10.1109/vast.2011.6102442""]"
A5104088352,1,322.0,1,Dandelion Mané,"[""10.1109/tvcg.2017.2744878""]"
A5104092128,1,13.0,0,Min Yu Huang,"[""10.1109/visual.2004.122""]"
A5104102818,1,98.0,0,Gautam Kumar,"[""10.1109/tvcg.2006.193""]"
A5104108869,1,13.0,0,Haichuan Lin,"[""10.1109/tvcg.2024.3456159""]"
A5104121600,1,67.0,0,Dimitrios Papadopoulos,"[""10.1109/tvcg.2018.2864814""]"
A5104157412,1,45.0,0,Wenlong Chen,"[""10.1109/tvcg.2018.2865021""]"
A5104270513,2,14.0,0,Jian Huang,"[""10.1109/visual.2000.885698"", ""10.1109/visual.2001.964518""]"
A5104331804,1,59.0,0,Ryan Wilson,"[""10.1109/tvcg.2016.2598544""]"
A5104385228,1,8.0,0,Kevin Huck,"[""10.1109/tvcg.2022.3209375""]"
A5104534360,1,18.0,0,Christoph Müller,"[""10.1109/tvcg.2012.282""]"
A5104884760,1,12.0,0,Aurelie Cohe,"[""10.1109/tvcg.2015.2467035""]"
A5104956003,1,0.0,0,Haon Park,"[""10.1109/visual.1991.175776""]"
A5105085040,1,134.0,0,Quan Lin,"[""10.1109/tvcg.2014.2346575""]"
A5105206771,1,18.0,0,Michelle L. Mazurek,"[""10.1109/tvcg.2013.233""]"
A5105295332,1,16.0,0,Greg Abram,"[""10.1109/tvcg.2014.2346911""]"
A5105350004,1,18.0,0,Flavie Cernesson,"[""10.1109/vast.2014.7042488""]"
A5105359225,1,16.0,0,William Tolone,"[""10.1109/tvcg.2014.2346911""]"
A5105473461,1,100.0,0,Michael Witmore,"[""10.1109/vast.2014.7042493""]"
A5105692598,1,73.0,0,Jeff W. Lichtman,"[""10.1109/tvcg.2013.142""]"
A5105697746,3,52.0,0,Hans‐peter Seidel,"[""10.1109/tvcg.2006.165"", ""10.1109/visual.2003.1250376"", ""10.1109/visual.2004.99""]"
A5105806010,1,12.0,0,M. Brasher,"[""10.1109/visual.2004.91""]"
A5105838696,2,66.0,0,S.g. Eick,"[""10.1109/infvis.1997.636782"", ""10.1109/visual.1992.235206""]"
A5105938577,1,31.0,0,Melissa Perez,"[""10.1109/tvcg.2022.3209425""]"
A5105945412,1,73.0,0,Matthew Brehmel,"[""10.1109/tvcg.2015.2467531""]"
A5105978161,5,66.0,1,Shixia Liu,"[""10.1109/tvcg.2022.3209360"", ""10.1109/tvcg.2022.3209404"", ""10.1109/tvcg.2023.3326588"", ""10.1109/tvcg.2023.3326934"", ""10.1109/tvcg.2024.3456386""]"
A5105986048,1,7.0,0,Marina E. Eremeeva,"[""10.1109/vast.2007.4388997""]"
A5106059833,1,3.0,1,Bridger Herman,"[""10.1109/tvcg.2024.3456377""]"
A5106066920,1,0.0,0,Harper Schwab,"[""10.1109/tvcg.2024.3456343""]"
A5106085270,1,106.0,0,Ben Shneiderman,"[""10.1109/vast.2009.5332595""]"
A5106113018,1,1.0,0,Shuangcheng Jiao,"[""10.1109/tvcg.2024.3456304""]"
A5106163697,1,0.0,0,Maria Gabriela Ayala,"[""10.1109/tvcg.2024.3456343""]"
A5106183469,1,12.0,0,Arif Ghafoor,"[""10.1109/tvcg.2019.2934264""]"
A5106186163,1,1.0,0,Yongfeng Ji,"[""10.1109/tvcg.2024.3456403""]"
A5106236427,1,371.0,0,G. Ellis,"[""10.1109/tvcg.2007.70535""]"
A5106247112,1,14.0,0,Chiokit Ieong,"[""10.1109/tvcg.2024.3456145""]"
A5106276284,1,0.0,0,Adam Štěpánek,"[""10.1109/tvcg.2024.3456306""]"
A5106406020,2,242.0,0,Michael S. Brown,"[""10.1109/visual.1999.809883"", ""10.1109/visual.2001.964508""]"
A5106406705,1,10.0,0,Yi Li,"[""10.1109/tvcg.2022.3209388""]"
A5106421474,2,72.0,0,Sylvia Glaber,"[""10.1109/tvcg.2015.2467961"", ""10.1109/tvcg.2015.2468291""]"
A5106486061,1,25.0,0,Kenneth Martin,"[""10.1109/visual.1999.809891""]"
A5106572355,1,6.0,0,Nora Al Naami,"[""10.1109/tvcg.2024.3456167""]"
A5106653022,1,328.0,1,L. Byron,"[""10.1109/tvcg.2008.166""]"
A5106710451,1,13.0,0,Jing Lin,"[""10.1109/tvcg.2012.242""]"
A5106723036,6,151.0,2,Cong Xie,"[""10.1109/tvcg.2014.2346913"", ""10.1109/tvcg.2016.2598479"", ""10.1109/tvcg.2018.2865026"", ""10.1109/tvcg.2022.3209361"", ""10.1109/tvcg.2023.3326943"", ""10.1109/vast50239.2020.00015""]"
A5106729977,1,4.0,0,Xiao Yan,"[""10.1109/tvcg.2023.3326930""]"
A5106832991,1,0.0,0,Tanner Finken,"[""10.1109/tvcg.2024.3456355""]"
A5106979225,1,58.0,0,Nico Korn,"[""10.1109/tvcg.2012.249""]"
A5107079519,1,4.0,0,Kaustubh Odak,"[""10.1109/tvcg.2024.3456144""]"
A5107079522,1,12.0,0,Aryaman Bahukhandi,"[""10.1109/tvcg.2024.3456398""]"
A5107079571,1,0.0,0,Holger Theise,"[""10.1109/tvcg.2024.3456384""]"
A5107093497,2,23.0,0,Fuqi Xie,"[""10.1109/tvcg.2023.3326517"", ""10.1109/tvcg.2024.3456368""]"
A5107099358,1,0.0,0,Alexander Wyss,"[""10.1109/tvcg.2024.3456329""]"
A5107099359,1,0.0,0,Amanda Hirsch Hüsler,"[""10.1109/tvcg.2024.3456329""]"
A5107100052,1,0.0,0,Hamza Afzaal,"[""10.1109/tvcg.2024.3456316""]"
A5107100061,1,2.0,1,Jan Štouracˇ,"[""10.1109/tvcg.2024.3456401""]"
A5107100062,1,2.0,1,David Bednáˇr,"[""10.1109/tvcg.2024.3456401""]"
A5107104358,1,3.0,0,Enyu Che,"[""10.1109/tvcg.2024.3456141""]"
A5107104365,1,0.0,0,Ondˇrej Strnad,"[""10.1109/tvcg.2024.3456404""]"
A5107104372,1,3.0,0,Lucas Alexandre,"[""10.1109/tvcg.2024.3456353""]"
A5107124370,1,6.0,0,Sao Myat Thazin Thane,"[""10.1109/tvcg.2024.3456378""]"
A5107124371,1,6.0,0,Victor S. Bursztyn,"[""10.1109/tvcg.2024.3456378""]"
A5107131205,1,2.0,0,Vanessa Fediuk,"[""10.1109/tvcg.2024.3456347""]"
A5107138911,1,6.0,0,Huichen Will Wang,"[""10.1109/tvcg.2024.3456378""]"
A5107293586,1,1.0,0,Saimadhav Naga Sakhamuri,"[""10.1109/tvcg.2024.3456510""]"
A5107293625,1,0.0,0,Róbert Zvara,"[""10.1109/tvcg.2024.3456306""]"
A5107293626,1,0.0,0,Vojtech ˇ Rehák ˇ,"[""10.1109/tvcg.2024.3456306""]"
A5107329767,1,16.0,0,Shaun Kennedy,"[""10.1109/tvcg.2014.2346911""]"
A5107340651,1,28.0,0,Ke Li,"[""10.1109/tvcg.2019.2934660""]"
A5107388446,1,17.0,0,Tao Hai,"[""10.1109/visual.1994.346332""]"
A5107403663,1,3.0,0,Pathan Aseef Khan,"[""10.1109/tvcg.2024.3456348""]"
A5107442042,1,46.0,0,Matthew Ward,"[""10.1109/vast.2006.261424""]"
A5107486717,1,64.0,0,Hoi Ying Tsang,"[""10.1109/tvcg.2010.149""]"
A5107542425,1,64.0,0,N. Henr,"[""10.1109/tvcg.2008.141""]"
A5107836252,1,16.0,0,Alexander G. Hauptmann,"[""10.1109/infvis.2003.1249019""]"
A5107845542,1,14.0,0,Jing Lu,"[""10.1109/tvcg.2024.3456145""]"
A5107848298,1,2.0,0,Y. Kim,"[""10.1109/visual.2004.94""]"
A5107856777,2,20.0,0,Gordon Clapworthy,"[""10.1109/tvcg.2012.267"", ""10.1109/visual.2001.964537""]"
A5107858068,3,63.0,0,J.a. Kohl,"[""10.1109/visual.2003.1250391"", ""10.1109/visual.2004.110"", ""10.1109/visual.2005.1532794""]"
A5107868159,9,211.0,0,Arie Kaufman,"[""10.1109/tvcg.2007.70573"", ""10.1109/visual.1990.146378"", ""10.1109/visual.1991.175805"", ""10.1109/visual.1995.480796"", ""10.1109/visual.1995.480813"", ""10.1109/visual.1999.809887"", ""10.1109/visual.1999.809911"", ""10.1109/visual.1999.809914"", ""10.1109/visual.2004.63""]"
A5107904995,7,1011.0,0,Mengchen Liu,"[""10.1109/tvcg.2014.2346920"", ""10.1109/tvcg.2015.2467554"", ""10.1109/tvcg.2016.2598831"", ""10.1109/tvcg.2017.2744938"", ""10.1109/tvcg.2022.3209404"", ""10.1109/vast.2018.8802509"", ""10.1109/vast50239.2020.00007""]"
A5107914650,1,22.0,0,A. Li,"[""10.1109/visual.2004.70""]"
A5107936557,1,47.0,0,Xinyi He,"[""10.1109/tvcg.2021.3114826""]"
A5107941027,1,23.0,0,Yujie Liu,"[""10.1109/vast.2008.4677368""]"
A5107941559,1,185.0,0,Mengchen Liu,"[""10.1109/tvcg.2013.196""]"
A5108035744,10,416.0,1,Hui Zhang,"[""10.1109/scivis.2015.7429488"", ""10.1109/tvcg.2017.2744218"", ""10.1109/tvcg.2018.2865041"", ""10.1109/tvcg.2019.2934630"", ""10.1109/tvcg.2020.3030359"", ""10.1109/tvcg.2022.3209352"", ""10.1109/tvcg.2022.3209373"", ""10.1109/tvcg.2023.3326524"", ""10.1109/tvcg.2024.3456200"", ""10.1109/tvcg.2024.3456216""]"
A5108060511,1,60.0,0,Ana M. Cuadros,"[""10.1109/vast.2007.4389002""]"
A5108076543,1,21.0,0,Andrea J. S. Hin,"[""10.1109/visual.1993.398850""]"
A5108089001,1,70.0,0,Philippe Rocca Serra,"[""10.1109/tvcg.2012.271""]"
A5108095510,1,121.0,0,Wing Yi Chan,"[""10.1109/tvcg.2007.70523""]"
A5108096533,5,159.0,1,Tom Peterka,"[""10.1109/tvcg.2015.2466838"", ""10.1109/tvcg.2017.2744059"", ""10.1109/tvcg.2019.2934312"", ""10.1109/tvcg.2023.3327194"", ""10.1109/tvcg.2024.3456357""]"
A5108098662,3,122.0,0,Yixian Zheng,"[""10.1109/tvcg.2015.2467194"", ""10.1109/tvcg.2016.2599378"", ""10.1109/vast.2014.7042490""]"
A5108110335,1,13.0,0,Scott Klasky,"[""10.1109/visual.2004.122""]"
A5108128870,1,71.0,0,Andreas Müller,"[""10.1109/tvcg.2014.2346677""]"
A5108131775,3,379.0,1,Bongshin Lee,"[""10.1109/tvcg.2010.194"", ""10.1109/tvcg.2016.2598828"", ""10.1109/tvcg.2024.3456358""]"
A5108140284,1,20.0,0,Christian Döring,"[""10.1109/tvcg.2008.136""]"
A5108152977,1,13.0,0,Serageldin Attia,"[""10.1109/tvcg.2024.3456160""]"
A5108189263,1,42.0,0,E. Koutsofios,"[""10.1109/visual.1999.809930""]"
A5108192133,1,6.0,0,Christopher J. Garasi,"[""10.1109/visual.2002.1183819""]"
A5108206290,1,85.0,0,James Davey,"[""10.1109/vast.2011.6102448""]"
A5108217088,1,0.0,0,S.j. Braun,"[""10.1109/visual.2001.964544""]"
A5108227925,1,32.0,0,Monika Jankun Kelly,"[""10.1109/tvcg.2006.201""]"
A5108228257,1,10.0,0,Airong Luo,"[""10.1109/vast.2012.6400558""]"
A5108254488,2,33.0,0,Zeyu Wang,"[""10.1109/tvcg.2018.2865266"", ""10.1109/tvcg.2019.2934796""]"
A5108255640,1,55.0,0,Hans Hagen,"[""10.1109/tvcg.2015.2467411""]"
A5108267469,1,229.0,0,William E. H. Harcourt‐smith,"[""10.1109/visual.2005.1532826""]"
A5108271365,1,30.0,0,Devanshu Arya,"[""10.1109/tvcg.2020.3030408""]"
A5108279292,1,112.0,1,Stefan Wrobel,"[""10.1109/vast.2011.6102454""]"
A5108322734,2,21.0,1,Hanning Shao,"[""10.1109/tvcg.2019.2934434"", ""10.1109/tvcg.2024.3456379""]"
A5108332991,1,13.0,1,Youfu Yan,"[""10.1109/tvcg.2024.3456364""]"
A5108333035,1,1.0,0,Clara Hu,"[""10.1109/tvcg.2024.3456324""]"
A5108334375,1,0.0,0,Xiangyuan Chen,"[""10.1109/tvcg.2024.3456321""]"
A5108353230,1,16.0,0,David Kriegman,"[""10.1109/visual.2001.964532""]"
A5108369244,1,18.0,0,Ralph Wickenhöfer,"[""10.1109/tvcg.2018.2864509""]"
A5108369464,1,6.0,0,H. Sobieczky,"[""10.1109/visual.1995.485151""]"
A5108370529,1,5.0,0,J.a. Trapp,"[""10.1109/visual.1996.568140""]"
A5108373086,2,78.0,0,Nickolas L. Faust,"[""10.1109/visual.1995.480800"", ""10.1109/visual.1998.745342""]"
A5108376919,5,181.0,0,Ming Wan,"[""10.1109/visual.1999.809911"", ""10.1109/visual.1999.809914"", ""10.1109/visual.2000.885674"", ""10.1109/visual.2000.885675"", ""10.1109/visual.2003.1250380""]"
A5108385048,1,44.0,0,Steve Corman,"[""10.1109/infvis.2002.1173160""]"
A5108398863,1,12.0,0,Jae Seung Yeom,"[""10.1109/tvcg.2019.2934594""]"
A5108411357,1,1.0,0,C. C. Goodrich,"[""10.1109/visual.1994.346300""]"
A5108428297,10,252.0,0,Hans Hagen,"[""10.1109/tvcg.2006.125"", ""10.1109/tvcg.2012.280"", ""10.1109/tvcg.2020.3030376"", ""10.1109/visual.1994.346315"", ""10.1109/visual.1999.809895"", ""10.1109/visual.1999.809897"", ""10.1109/visual.2001.964506"", ""10.1109/visual.2002.1183772"", ""10.1109/visual.2004.80"", ""10.1109/visual.2005.1532790""]"
A5108429764,1,40.0,0,Steven R. Corman,"[""10.1109/tvcg.2015.2467991""]"
A5108439015,3,442.0,1,Harald Bosch,"[""10.1109/tvcg.2013.186"", ""10.1109/vast.2009.5333564"", ""10.1109/vast.2012.6400557""]"
A5108445695,1,2.0,0,W. Correa,"[""10.1109/visual.2003.1250421""]"
A5108447612,4,229.0,0,Jie Liang,"[""10.1109/tvcg.2015.2467619"", ""10.1109/tvcg.2019.2934535"", ""10.1109/vast.2016.7883510"", ""10.1109/vast.2017.8585638""]"
A5108450802,1,33.0,0,Michel Burch,"[""10.1109/tvcg.2014.2346420""]"
A5108453065,1,19.0,0,L. Fritz,"[""10.1109/tvcg.2009.115""]"
A5108471520,1,45.0,0,P. Min,"[""10.1109/visual.2005.1532783""]"
A5108473644,1,3.0,0,D. Williams,"[""10.1109/visual.1999.809925""]"
A5108478426,2,158.0,0,He Xiao,"[""10.1109/tvcg.2009.179"", ""10.1109/tvcg.2010.192""]"
A5108510297,1,19.0,0,Mike Baldwin,"[""10.1109/tvcg.2006.117""]"
A5108515145,1,121.0,0,Wing Yi Chan,"[""10.1109/tvcg.2007.70523""]"
A5108515757,1,35.0,0,Andy Bardill,"[""10.1109/vast.2016.7883515""]"
A5108523119,1,39.0,0,Ming Dong,"[""10.1109/tvcg.2008.134""]"
A5108524080,2,93.0,0,Nick Cramer,"[""10.1109/tvcg.2016.2598544"", ""10.1109/vast.2015.7347625""]"
A5108525217,1,47.0,0,Guo Xun Yuan,"[""10.1109/tvcg.2012.285""]"
A5108525733,1,26.0,0,Jennifer Dungan,"[""10.1109/visual.2001.964550""]"
A5108537978,1,53.0,0,Roy Van Pelt,"[""10.1109/tvcg.2010.153""]"
A5108541705,1,34.0,0,Jamison Daniel,"[""10.1109/tvcg.2008.184""]"
A5108554343,2,37.0,0,Stuart Rose,"[""10.1109/infvis.1999.801868"", ""10.1109/vast.2009.5333437""]"
A5108557359,1,85.0,0,Yizhou Yu,"[""10.1109/vast.2010.5652467""]"
A5108568057,1,6.0,0,Daniel N. Fox,"[""10.1109/visual.1996.568149""]"
A5108568278,1,89.0,0,Heinz‐otto Peitgen,"[""10.1109/tvcg.2006.172""]"
A5108576299,1,29.0,0,Yizhi Zhang,"[""10.1109/tvcg.2023.3327197""]"
A5108580059,1,57.0,0,Qunsheng Peng,"[""10.1109/tvcg.2009.112""]"
A5108589516,2,82.0,0,Martin Fink,"[""10.1109/tvcg.2012.193"", ""10.1109/tvcg.2013.187""]"
A5108598229,1,52.0,0,Bruno Levy,"[""10.1109/tvcg.2006.173""]"
A5108600965,4,297.0,0,Steven P. Callahan,"[""10.1109/tvcg.2006.171"", ""10.1109/tvcg.2008.174"", ""10.1109/visual.2005.1532788"", ""10.1109/visual.2005.1532815""]"
A5108605811,1,16.0,0,K. L. D’amico,"[""10.1109/tvcg.2014.2346743""]"
A5108607908,1,7.0,0,J. Paul,"[""10.1109/visual.1999.809922""]"
A5108618167,1,143.0,0,H. Bosch,"[""10.1109/tvcg.2012.277""]"
A5108643002,2,123.0,1,Mathias Hummel,"[""10.1109/tvcg.2010.173"", ""10.1109/tvcg.2013.141""]"
A5108647063,1,6.0,0,Christopher S. Co,"[""10.1109/tvcg.2006.188""]"
A5108654136,1,58.0,1,Alexander Sorokin,"[""10.1109/tvcg.2007.70621""]"
A5108666122,1,14.0,0,D.m. Ranken,"[""10.1109/visual.1993.398885""]"
A5108666434,2,53.0,0,Zhenyu Guo,"[""10.1109/vast.2009.5333431"", ""10.1109/vast.2011.6102450""]"
A5108676162,1,113.0,0,J. Christie Rodgers,"[""10.1109/tvcg.2011.196""]"
A5108688291,1,99.0,0,Shing Tung Yau,"[""10.1109/visual.2004.75""]"
A5108691146,1,13.0,0,Nancy D. O'brien,"[""10.1109/tvcg.2019.2934540""]"
A5108704622,1,4.0,0,Cuixia Ma,"[""10.1109/tvcg.2023.3326932""]"
A5108718797,1,13.0,0,Claudio T. Silva,"[""10.1109/tvcg.2014.2346753""]"
A5108720368,1,2.0,0,K. Gwinner,"[""10.1109/tvcg.2012.239""]"
A5108734944,1,15.0,0,Claire F. Michaels,"[""10.1109/visual.1997.663891""]"
A5108737739,2,164.0,0,Carlos D. Correa,"[""10.1109/vast.2009.5332611"", ""10.1109/vast.2010.5652460""]"
A5108743532,3,25.0,0,Kevin Montgomery,"[""10.1109/visual.1998.745336"", ""10.1109/visual.2001.964548"", ""10.1109/visual.2001.964564""]"
A5108794610,1,13.0,0,David Crawford,"[""10.1109/visual.2004.122""]"
A5108797534,1,25.0,0,Chace Co,"[""10.1109/visual.2003.1250389""]"
A5108800050,1,26.0,0,A. König,"[""10.1109/visual.2001.964540""]"
A5108804931,1,93.0,0,Marc Levoy,"[""10.1109/visual.2004.50""]"
A5108818069,1,8.0,0,Burkhard C. Wünsche,"[""10.1109/tvcg.2012.206""]"
A5108821109,1,26.0,0,Yingcai Wu,"[""10.1109/tvcg.2022.3209360""]"
A5108823863,1,171.0,0,Florian Gerhardt,"[""10.1109/tvcg.2007.70551""]"
A5108824539,1,72.0,0,Fangxin Ouyang,"[""10.1109/tvcg.2018.2864843""]"
A5108833512,1,0.0,0,M. Gorman,"[""10.1109/visual.2000.885725""]"
A5108851816,1,14.0,0,J. Albert Robbins,"[""10.1109/visual.2004.46""]"
A5108872962,1,12.0,0,Jieyi Chen,"[""10.1109/tvcg.2023.3327148""]"
A5108901039,1,9.0,0,Yuansong Xu,"[""10.1109/tvcg.2023.3326911""]"
A5108961510,1,19.0,0,Eric Moerth,"[""10.1109/tvcg.2023.3326579""]"
A5108963741,1,4.0,1,Yu Liu,"[""10.1109/tvcg.2024.3456341""]"
A5108982981,1,1.0,0,Grace Ko,"[""10.1109/tvcg.2024.3456407""]"
A5108982982,1,1.0,0,Hyemi Song,"[""10.1109/tvcg.2024.3456407""]"
A5108982991,1,8.0,0,Huamin Qu,"[""10.1109/tvcg.2024.3456330""]"
A5108990430,2,75.0,0,R. Van Pelt,"[""10.1109/tvcg.2011.215"", ""10.1109/tvcg.2012.202""]"
A5108998800,1,2.0,0,Yuhan Duan,"[""10.1109/tvcg.2024.3456372""]"
A5109011007,1,9.0,0,Rick Riensche,"[""10.1109/vast.2008.4677366""]"
A5109030283,1,77.0,0,Chris Ho,"[""10.1109/tvcg.2010.212""]"
A5109035905,3,436.0,2,Stuart K. Card,"[""10.1109/infvis.1997.636792"", ""10.1109/infvis.1999.801853"", ""10.1109/vast.2008.4677362""]"
A5109036417,1,190.0,0,Yuhong Li,"[""10.1109/tvcg.2016.2598432""]"
A5109040635,1,246.0,0,Hanna Schäfer,"[""10.1109/tvcg.2019.2934629""]"
A5109054554,1,23.0,0,Elizabeth M. Wenzel,"[""10.1109/visual.1990.146398""]"
A5109057211,1,39.0,0,Matthias Bernhard,"[""10.1109/tvcg.2014.2346352""]"
A5109058443,1,73.0,1,H. E. Cline,"[""10.1109/visual.1993.398902""]"
A5109074176,1,36.0,0,Donald P. Dione,"[""10.1109/tvcg.2008.123""]"
A5109081047,1,34.0,0,Marcus E. Brewster,"[""10.1109/visual.1998.745302""]"
A5109089684,1,4.0,0,Robert Albert,"[""10.1109/visual.2003.1250352""]"
A5109129845,1,46.0,0,James Fallon,"[""10.1109/tvcg.2007.70532""]"
A5109139516,1,0.0,0,Bo Yang,"[""10.1109/tvcg.2024.3456375""]"
A5109145756,1,63.0,0,Xuexiang Xie,"[""10.1109/tvcg.2007.70538""]"
A5109147481,1,73.0,1,R. Kikinis,"[""10.1109/visual.1993.398902""]"
A5109158457,1,23.0,0,Ольга Александровна Карпенко,"[""10.1109/tvcg.2010.151""]"
A5109163772,9,407.0,0,Wolfgang Straßer,"[""10.1109/visual.1996.568124"", ""10.1109/visual.1999.809868"", ""10.1109/visual.1999.809889"", ""10.1109/visual.1999.809912"", ""10.1109/visual.2000.885672"", ""10.1109/visual.2001.964531"", ""10.1109/visual.2002.1183757"", ""10.1109/visual.2002.1183826"", ""10.1109/visual.2003.1250370""]"
A5109166599,1,11.0,0,R.m. Mclaughlin,"[""10.1109/tvcg.2009.203""]"
A5109177988,1,75.0,0,Dan Imre,"[""10.1109/vast.2007.4388999""]"
A5109181732,2,87.0,0,Soon Tee Teoh,"[""10.1109/visual.2002.1183816"", ""10.1109/visual.2003.1250415""]"
A5109182210,2,65.0,0,Κ. H. Höhne,"[""10.1109/visual.1992.235218"", ""10.1109/visual.1998.745311""]"
A5109182814,1,58.0,1,Christopher Wren,"[""10.1109/tvcg.2007.70621""]"
A5109188615,1,7.0,0,Ea Sonenberg,"[""10.1109/infvis.1995.528695""]"
A5109193118,1,77.0,0,Julian Gallop,"[""10.1109/visual.2004.112""]"
A5109197974,1,0.0,0,John G. Hagedorn,"[""10.1109/visual.1996.568141""]"
A5109201974,1,51.0,0,Sung Ye Kim,"[""10.1109/vast.2007.4388994""]"
A5109211487,1,81.0,0,Patrice Simard,"[""10.1109/vast.2015.7347637""]"
A5109214905,1,18.0,0,Philipp Beck,"[""10.1109/tvcg.2012.282""]"
A5109216322,6,314.0,1,Steven F. Roth,"[""10.1109/infvis.1995.528684"", ""10.1109/infvis.1996.559210"", ""10.1109/infvis.1996.559213"", ""10.1109/infvis.1997.636788"", ""10.1109/infvis.1998.729564"", ""10.1109/infvis.1999.801862""]"
A5109218884,1,12.0,0,James D. Hollan,"[""10.1109/visual.1991.175820""]"
A5109221960,1,12.0,0,Albert Badre,"[""10.1109/infvis.1996.559227""]"
A5109222584,1,69.0,1,Sara L. Su,"[""10.1109/vast.2011.6102445""]"
A5109222951,2,74.0,0,Andrei State,"[""10.1109/visual.1994.346295"", ""10.1109/visual.1996.568114""]"
A5109223725,1,77.0,0,M. Sagar,"[""10.1109/visual.2004.112""]"
A5109224153,1,70.0,0,Michael Burch,"[""10.1109/tvcg.2010.209""]"
A5109229937,4,396.0,0,Kwan‐liu Ma,"[""10.1109/infvis.2003.1249009"", ""10.1109/tvcg.2008.162"", ""10.1109/tvcg.2009.123"", ""10.1109/tvcg.2010.215""]"
A5109230686,1,56.0,0,Anna Tikhonova,"[""10.1109/tvcg.2010.215""]"
A5109232507,1,41.0,0,E. Grundy,"[""10.1109/tvcg.2009.181""]"
A5109232728,3,249.0,0,Jörn Schneidewind,"[""10.1109/vast.2006.261423"", ""10.1109/vast.2006.261438"", ""10.1109/vast.2009.5332628""]"
A5109233250,2,132.0,0,Mingxuan Yuan,"[""10.1109/tvcg.2015.2467194"", ""10.1109/tvcg.2019.2934275""]"
A5109233918,1,10.0,0,Chen Chun Ming,"[""10.1109/tvcg.2015.2467952""]"
A5109234117,5,246.0,0,Kai Bürger,"[""10.1109/tvcg.2008.120"", ""10.1109/tvcg.2009.154"", ""10.1109/tvcg.2010.169"", ""10.1109/tvcg.2012.274"", ""10.1109/tvcg.2015.2467204""]"
A5109244259,1,39.0,0,C. Jaynes,"[""10.1109/visual.2001.964509""]"
A5109247506,1,12.0,0,Jean‐michel Dischler,"[""10.1109/tvcg.2010.187""]"
A5109247542,1,21.0,0,J. Schneidewind,"[""10.1109/infvis.2002.1173144""]"
A5109248181,1,62.0,0,Mehdi Ammi,"[""10.1109/tvcg.2016.2599217""]"
A5109251464,1,45.0,0,Joern Schneidewind,"[""10.1109/vast.2007.4389001""]"
A5109253083,1,254.0,1,Philippe Castagliola,"[""10.1109/infvis.2004.1""]"
A5109257024,2,42.0,0,Shiqing He,"[""10.1109/tvcg.2016.2599338"", ""10.1109/tvcg.2021.3114811""]"
A5109257375,2,38.0,0,Nafees Ahmed,"[""10.1109/tvcg.2011.218"", ""10.1109/tvcg.2012.234""]"
A5109259472,6,222.0,0,Ayellet Tal,"[""10.1109/infvis.1998.729561"", ""10.1109/infvis.2004.18"", ""10.1109/tvcg.2007.70580"", ""10.1109/visual.1994.346325"", ""10.1109/visual.1996.567804"", ""10.1109/visual.1997.663920""]"
A5109262430,1,89.0,0,Chenyang Ji,"[""10.1109/tvcg.2017.2744218""]"
A5109264459,1,99.0,1,D. Stalling,"[""10.1109/visual.1996.567777""]"
A5109278581,2,74.0,0,Rock Leung,"[""10.1109/tvcg.2013.160"", ""10.1109/tvcg.2013.197""]"
A5109286843,1,22.0,0,Krishna Madhavan,"[""10.1109/tvcg.2014.2346747""]"
A5109301008,1,14.0,0,Shihan Wang,"[""10.1109/tvcg.2019.2934289""]"
A5109307699,3,118.0,0,Maureen Stone,"[""10.1109/tvcg.2011.242"", ""10.1109/tvcg.2015.2467471"", ""10.1109/tvcg.2024.3456317""]"
A5109312690,1,0.0,0,Reinhard Männer,"[""10.1109/visual.2005.1532816""]"
A5109335900,1,168.0,0,GP Johnson,"[""10.1109/tvcg.2016.2599041""]"
A5109341575,1,17.0,0,Joshua Levasseur,"[""10.1109/infvis.1995.528696""]"
A5109343398,1,64.0,0,Falk Schreiber,"[""10.1109/tvcg.2008.130""]"
A5109345368,6,821.0,1,Mark A. Duchaineau,"[""10.1109/tvcg.2007.70603"", ""10.1109/visual.1997.663860"", ""10.1109/visual.2000.885720"", ""10.1109/visual.2001.964525"", ""10.1109/visual.2002.1183810"", ""10.1109/visual.2004.4""]"
A5109366152,1,3.0,0,Goran Todorović,"[""10.1109/tvcg.2022.3209478""]"
A5109389598,1,8.0,0,Wei Zeng,"[""10.1109/tvcg.2023.3327389""]"
A5109392646,1,6.0,0,Seung‐hoon Cha,"[""10.1109/scivis.2015.7429493""]"
A5109403506,1,46.0,0,Andreas Schatler,"[""10.1109/tvcg.2018.2864806""]"
A5109404977,1,115.0,1,Madeline L. Parker,"[""10.1109/tvcg.2018.2865147""]"
A5109433885,1,36.0,0,Robin Bader,"[""10.1109/tvcg.2019.2934310""]"
A5109436306,1,4.0,0,Thomas Peterka,"[""10.1109/tvcg.2023.3326905""]"
A5109437922,1,11.0,0,Christopher Jermaine,"[""10.1109/tvcg.2022.3209426""]"
A5109447623,3,219.0,0,Carlos Correa,"[""10.1109/tvcg.2006.144"", ""10.1109/tvcg.2007.70565"", ""10.1109/vast.2009.5332593""]"
A5109455937,1,22.0,0,Terry Welsh,"[""10.1109/visual.1998.745344""]"
A5109478560,2,70.0,0,David Chung,"[""10.1109/tvcg.2011.208"", ""10.1109/tvcg.2013.207""]"
A5109495591,1,6.0,0,N. Andersson,"[""10.1109/visual.2000.885734""]"
A5109505961,2,6.0,0,Thomas Gerstner,"[""10.1109/visual.2000.885703"", ""10.1109/visual.2002.1183823""]"
A5109508738,1,22.0,0,W. H. Warren,"[""10.1109/visual.2001.964505""]"
A5109522032,1,28.0,0,H. Krüger,"[""10.1109/visual.1997.663858""]"
A5109526081,1,0.0,0,Atul Kumar,"[""10.1109/tvcg.2024.3456360""]"
A5109533956,1,5.0,1,Luca Maria Gambardella,"[""10.1109/tvcg.2011.168""]"
A5109535463,1,4.0,0,Lin Yan,"[""10.1109/tvcg.2023.3326905""]"
A5109539324,1,56.0,0,Randy E. Ellis,"[""10.1109/tvcg.2006.139""]"
A5109551977,2,69.0,0,Stuart Card,"[""10.1109/vast.2006.261418"", ""10.1109/vast.2006.261450""]"
A5109555554,1,8.0,0,Martin C. Freund,"[""10.1109/visual.2000.885732""]"
A5109559450,2,630.0,0,B. Johnson,"[""10.1109/visual.1991.175815"", ""10.1109/visual.1992.235217""]"
A5109576204,1,0.0,0,Andres Lalama,"[""10.1109/tvcg.2020.3030420""]"
A5109616081,11,359.0,0,Siming Chen,"[""10.1109/tvcg.2015.2467619"", ""10.1109/tvcg.2019.2934263"", ""10.1109/tvcg.2019.2934609"", ""10.1109/tvcg.2020.3030411"", ""10.1109/tvcg.2022.3209461"", ""10.1109/tvcg.2022.3209483"", ""10.1109/tvcg.2023.3326908"", ""10.1109/tvcg.2023.3327353"", ""10.1109/tvcg.2024.3456145"", ""10.1109/vast.2016.7883510"", ""10.1109/vast.2017.8585638""]"
A5109624713,1,37.0,0,Hua Su,"[""10.1109/infvis.1995.528680""]"
A5109625534,1,18.0,0,C. Zhang,"[""10.1109/visual.2004.90""]"
A5109625638,1,9.0,0,Zhiheng Nie,"[""10.1109/tvcg.2023.3326911""]"
A5109659800,1,42.0,0,M. Schott,"[""10.1109/tvcg.2009.204""]"
A5109661297,2,25.0,1,Sonia Castelo,"[""10.1109/tvcg.2023.3327396"", ""10.1109/tvcg.2024.3456388""]"
A5109687011,1,29.0,0,M. Legendre,"[""10.1109/tvcg.2020.3030357""]"
A5109700467,2,54.0,0,S. Prohaska,"[""10.1109/visual.2002.1183753"", ""10.1109/visual.2004.51""]"
A5109701993,1,9.0,0,V. Pandit,"[""10.1109/visual.1996.568135""]"
A5109722197,8,339.0,0,Lingyun Yu,"[""10.1109/tvcg.2010.157"", ""10.1109/tvcg.2018.2864899"", ""10.1109/tvcg.2020.3030432"", ""10.1109/tvcg.2020.3030467"", ""10.1109/tvcg.2021.3114877"", ""10.1109/tvcg.2021.3114878"", ""10.1109/tvcg.2022.3209447"", ""10.1109/tvcg.2023.3326934""]"
A5109760472,1,0.0,1,Etowah Adams,"[""10.1109/tvcg.2024.3456598""]"
A5109763676,1,50.0,0,W. Dou,"[""10.1109/tvcg.2008.149""]"
A5109779164,1,14.0,0,Yi Sun,"[""10.1109/tvcg.2024.3456145""]"
A5109779273,1,8.0,0,Yihong Wu,"[""10.1109/tvcg.2024.3456200""]"
A5109786318,1,0.0,0,Peifeng Lai,"[""10.1109/tvcg.2024.3456321""]"
A5109792165,1,31.0,0,Xiaojing Ma,"[""10.1109/tvcg.2020.3030351""]"
A5109811954,1,65.0,0,Chia Shen,"[""10.1109/tvcg.2012.272""]"
A5109832145,2,205.0,1,David Koop,"[""10.1109/tvcg.2007.70584"", ""10.1109/tvcg.2008.174""]"
A5109839360,1,16.0,0,Weiming Gu,"[""10.1109/visual.1995.485157""]"
A5109840277,12,1337.0,0,Ross Whitaker,"[""10.1109/tvcg.2007.70571"", ""10.1109/tvcg.2007.70604"", ""10.1109/tvcg.2008.154"", ""10.1109/tvcg.2009.178"", ""10.1109/tvcg.2010.213"", ""10.1109/tvcg.2013.143"", ""10.1109/tvcg.2014.2346455"", ""10.1109/visual.1991.175778"", ""10.1109/visual.2002.1183766"", ""10.1109/visual.2002.1183773"", ""10.1109/visual.2003.1250357"", ""10.1109/visual.2003.1250414""]"
A5109847267,2,33.0,0,Rüdiger Schernthaner,"[""10.1109/tvcg.2013.215"", ""10.1109/vast.2012.6400555""]"
A5109851187,1,120.0,0,Matthew D. Hoffman,"[""10.1109/tvcg.2016.2598797""]"
A5109855094,1,143.0,0,Ching‐yung Lin,"[""10.1109/tvcg.2015.2467196""]"
A5109857294,1,34.0,0,Nancy E. Miller,"[""10.1109/visual.1998.745302""]"
A5109877953,3,122.0,0,Suresh K. Lodha,"[""10.1109/visual.1996.568105"", ""10.1109/visual.1996.568116"", ""10.1109/visual.2000.885714""]"
A5109879434,1,3.0,0,Larry Brumbaugh,"[""10.1109/visual.2001.964541""]"
A5109881550,2,88.0,0,Christopher Olston,"[""10.1109/infvis.2000.885087"", ""10.1109/infvis.2002.1173145""]"
A5109885375,1,30.0,0,Bernd Fröhlich,"[""10.1109/visual.1999.809884""]"
A5109896026,1,13.0,0,Ankur Kapoor,"[""10.1109/tvcg.2014.2346317""]"
A5109913235,1,42.0,0,Rick Kennell,"[""10.1109/tvcg.2006.150""]"
A5109918057,5,219.0,0,Mei C. Chuah,"[""10.1109/infvis.1995.528684"", ""10.1109/infvis.1996.559213"", ""10.1109/infvis.1997.636782"", ""10.1109/infvis.1998.729557"", ""10.1109/infvis.2002.1173162""]"
A5109923670,1,7.0,0,Ao Jiao,"[""10.1109/tvcg.2023.3326921""]"
A5109926697,1,18.0,0,H R Trebin,"[""10.1109/tvcg.2012.282""]"
A5109927089,1,56.0,0,James Stewart,"[""10.1109/tvcg.2006.139""]"
A5109928029,39,1465.0,3,M. Eduard Gröller,"[""10.1109/infvis.2002.1173149"", ""10.1109/infvis.2005.1532123"", ""10.1109/tvcg.2006.123"", ""10.1109/tvcg.2006.140"", ""10.1109/tvcg.2007.70576"", ""10.1109/tvcg.2008.180"", ""10.1109/tvcg.2009.115"", ""10.1109/tvcg.2009.121"", ""10.1109/tvcg.2009.199"", ""10.1109/tvcg.2010.153"", ""10.1109/tvcg.2011.215"", ""10.1109/tvcg.2011.225"", ""10.1109/tvcg.2011.258"", ""10.1109/tvcg.2012.254"", ""10.1109/tvcg.2012.261"", ""10.1109/tvcg.2013.122"", ""10.1109/tvcg.2013.177"", ""10.1109/tvcg.2013.213"", ""10.1109/tvcg.2013.215"", ""10.1109/tvcg.2014.2346318"", ""10.1109/tvcg.2014.2346626"", ""10.1109/tvcg.2014.2346930"", ""10.1109/tvcg.2015.2467331"", ""10.1109/tvcg.2015.2467434"", ""10.1109/tvcg.2017.2743981"", ""10.1109/tvcg.2017.2744258"", ""10.1109/tvcg.2017.2744518"", ""10.1109/tvcg.2018.2864491"", ""10.1109/tvcg.2019.2934334"", ""10.1109/tvcg.2022.3209432"", ""10.1109/vast.2014.7042491"", ""10.1109/visual.2000.885697"", ""10.1109/visual.2001.964498"", ""10.1109/visual.2002.1183812"", ""10.1109/visual.2003.1250353"", ""10.1109/visual.2003.1250387"", ""10.1109/visual.2004.48"", ""10.1109/visual.2004.56"", ""10.1109/visual.2005.1532856""]"
A5109932888,1,50.0,0,Markus Ruetten,"[""10.1109/visual.2004.113""]"
A5109938967,1,2.0,0,Rainer Schubert,"[""10.1109/visual.1992.235218""]"
A5109945954,1,1.0,0,Yuxin Tian,"[""10.1109/tvcg.2024.3456216""]"
A5109956730,1,29.0,0,Blake Nelson,"[""10.1109/tvcg.2012.218""]"
A5109966143,1,16.0,0,Jereme Haack,"[""10.1109/vast.2009.5333245""]"
A5109966989,1,130.0,0,Kevin T. Mcdonnell,"[""10.1109/tvcg.2008.118""]"
A5109967838,3,107.0,0,Russell M. Taylor,"[""10.1109/tvcg.2010.176"", ""10.1109/visual.1997.663923"", ""10.1109/visual.2005.1532835""]"
A5109972884,1,15.0,0,T Cullip,"[""10.1109/visual.1991.175778""]"
A5109996927,1,75.0,0,John C. Dill,"[""10.1109/vast.2009.5333020""]"
A5110010093,11,564.0,0,Gregory M. Nielson,"[""10.1109/tvcg.2006.125"", ""10.1109/visual.1990.146363"", ""10.1109/visual.1991.175782"", ""10.1109/visual.1996.567602"", ""10.1109/visual.1997.663887"", ""10.1109/visual.1999.809899"", ""10.1109/visual.2000.885681"", ""10.1109/visual.2002.1183808"", ""10.1109/visual.2003.1250355"", ""10.1109/visual.2004.28"", ""10.1109/visual.2004.87""]"
A5110028950,1,47.0,0,Gero Strauß,"[""10.1109/tvcg.2008.161""]"
A5110041119,1,67.0,0,Tung Yuen Lau,"[""10.1109/tvcg.2013.121""]"
A5110041711,2,39.0,0,Jim Thomas,"[""10.1109/vast.2006.261432"", ""10.1109/vast.2009.5333245""]"
A5110045561,1,6.0,0,R.d. Christie,"[""10.1109/visual.1994.346292""]"
A5110060027,2,33.0,0,Joyce Ma,"[""10.1109/tvcg.2019.2934401"", ""10.1109/tvcg.2020.3030412""]"
A5110068428,1,8.0,0,E. Angel,"[""10.1109/visual.1999.809919""]"
A5110077901,1,4.0,0,David A. Yuen,"[""10.1109/visual.2002.1183813""]"
A5110081972,1,10.0,0,Alan Su,"[""10.1109/visual.1993.398855""]"
A5110091560,4,25.0,0,Samuel P. Uselton,"[""10.1109/visual.1997.663911"", ""10.1109/visual.1998.745331"", ""10.1109/visual.1998.745332"", ""10.1109/visual.2002.1183830""]"
A5110094928,2,5.0,0,A. B. Rebello,"[""10.1109/visual.1996.568142"", ""10.1109/visual.1996.568143""]"
A5110103090,1,13.0,0,Alex Telea,"[""10.1109/tvcg.2013.146""]"
A5110111555,1,5.0,0,Snehal Pokharkar,"[""10.1109/vast.2008.4677367""]"
A5110115424,1,78.0,0,Sye Min Chan,"[""10.1109/vast.2008.4677357""]"
A5110121255,3,638.0,0,George Robertson,"[""10.1109/tvcg.2006.142"", ""10.1109/tvcg.2007.70539"", ""10.1109/tvcg.2009.109""]"
A5110142234,1,21.0,0,Nelson Chang,"[""10.1109/tvcg.2007.70536""]"
A5110146825,1,5.0,0,A. J. S. Wilson,"[""10.1109/visual.1993.398861""]"
A5110149984,1,13.0,0,Stephen A. Schendel,"[""10.1109/visual.1998.745336""]"
A5110156434,1,0.0,0,Mark D. Vaudin,"[""10.1109/visual.1996.568141""]"
A5110160613,2,56.0,0,Alyn Rockwood,"[""10.1109/visual.1997.663858"", ""10.1109/visual.2002.1183786""]"
A5110183530,2,126.0,0,C. F. Westin,"[""10.1109/tvcg.2008.148"", ""10.1109/tvcg.2009.177""]"
A5110190720,1,129.0,1,H. Lam,"[""10.1109/tvcg.2008.109""]"
A5110192503,1,50.0,0,Shawn Bohn,"[""10.1109/vast.2009.5332629""]"
A5110200187,1,173.0,0,Eugene Stanley,"[""10.1109/visual.1997.663916""]"
A5110205365,1,56.0,1,Denby Brian,"[""10.1109/tvcg.2006.168""]"
A5110206816,2,21.0,0,A. Telea,"[""10.1109/infvis.2005.1532125"", ""10.1109/visual.2001.964495""]"
A5110208682,26,1387.0,1,William Ribarsky,"[""10.1109/tvcg.2007.70574"", ""10.1109/tvcg.2008.149"", ""10.1109/tvcg.2009.152"", ""10.1109/tvcg.2013.162"", ""10.1109/tvcg.2014.2346911"", ""10.1109/tvcg.2015.2467971"", ""10.1109/vast.2006.261425"", ""10.1109/vast.2006.261433"", ""10.1109/vast.2007.4389003"", ""10.1109/vast.2007.4389005"", ""10.1109/vast.2007.4389009"", ""10.1109/vast.2008.4677360"", ""10.1109/vast.2008.4677361"", ""10.1109/vast.2010.5653599"", ""10.1109/vast.2011.6102445"", ""10.1109/vast.2011.6102461"", ""10.1109/vast.2011.6102463"", ""10.1109/vast.2012.6400485"", ""10.1109/vast.2015.7347631"", ""10.1109/vast.2017.8585658"", ""10.1109/visual.1995.480800"", ""10.1109/visual.1995.485157"", ""10.1109/visual.1998.745342"", ""10.1109/visual.1999.809924"", ""10.1109/visual.2002.1183802"", ""10.1109/visual.2003.1250409""]"
A5110211093,1,142.0,1,H. Jaenicke,"[""10.1109/tvcg.2010.132""]"
A5110215305,1,110.0,0,H. P. Kriegel,"[""10.1109/visual.1995.485140""]"
A5110217180,2,35.0,0,J. Korn,"[""10.1109/infvis.1998.729554"", ""10.1109/infvis.2000.885089""]"
A5110218178,1,10.0,0,Charles A. Baker,"[""10.1109/visual.2002.1183781""]"
A5110225948,1,10.0,0,Ying Feng,"[""10.1109/infvis.2002.1173143""]"
A5110230418,1,137.0,0,Huamin Qu,"[""10.1109/tvcg.2010.154""]"
A5110234511,1,17.0,0,Haejin Jeong,"[""10.1109/tvcg.2017.2744078""]"
A5110236358,1,56.0,0,Arie Kaufman,"[""10.1109/tvcg.2006.112""]"
A5110239218,1,14.0,0,Wim De Leeuw,"[""10.1109/tvcg.2006.195""]"
A5110243598,1,13.0,0,Jérémie Allard,"[""10.1109/visual.2005.1532787""]"
A5110245181,1,67.0,0,Faisal Taher,"[""10.1109/tvcg.2016.2598498""]"
A5110248799,1,5.0,0,Wai Yin Ng,"[""10.1109/visual.1996.568129""]"
A5110255766,1,32.0,0,D Stredney,"[""10.1109/visual.2001.964561""]"
A5110270006,2,209.0,0,Neil Spring,"[""10.1109/tvcg.2009.187"", ""10.1109/vast.2016.7883512""]"
A5110308970,2,39.0,0,K. L. Ma,"[""10.1109/visual.2004.122"", ""10.1109/visual.2004.5""]"
A5110321988,30,984.0,1,Eduard Gröller,"[""10.1109/tvcg.2006.165"", ""10.1109/tvcg.2007.70550"", ""10.1109/tvcg.2007.70555"", ""10.1109/tvcg.2007.70591"", ""10.1109/tvcg.2007.70598"", ""10.1109/tvcg.2010.214"", ""10.1109/tvcg.2010.223"", ""10.1109/tvcg.2011.216"", ""10.1109/tvcg.2011.228"", ""10.1109/tvcg.2014.2346754"", ""10.1109/tvcg.2015.2468011"", ""10.1109/tvcg.2018.2864510"", ""10.1109/tvcg.2019.2934612"", ""10.1109/tvcg.2020.3030409"", ""10.1109/tvcg.2023.3327193"", ""10.1109/tvcg.2024.3456315"", ""10.1109/tvcg.2024.3456347"", ""10.1109/vast.2014.7042490"", ""10.1109/vast.2016.7883516"", ""10.1109/visual.1997.663867"", ""10.1109/visual.1997.663897"", ""10.1109/visual.1998.745317"", ""10.1109/visual.2000.885726"", ""10.1109/visual.2000.885732"", ""10.1109/visual.2001.964540"", ""10.1109/visual.2001.964555"", ""10.1109/visual.2002.1183754"", ""10.1109/visual.2004.104"", ""10.1109/visual.2004.72"", ""10.1109/visual.2005.1532847""]"
A5110322946,1,3.0,0,Zhengrong Liang,"[""10.1109/visual.1997.663915""]"
A5110327007,4,342.0,1,Heidi Lam,"[""10.1109/tvcg.2007.70583"", ""10.1109/tvcg.2015.2467195"", ""10.1109/tvcg.2017.2744319"", ""10.1109/vast.2007.4389008""]"
A5110367005,1,23.0,0,Yuhua Zhou,"[""10.1109/tvcg.2021.3114878""]"
A5110386745,2,223.0,0,Ozan Ersoy,"[""10.1109/tvcg.2011.223"", ""10.1109/tvcg.2011.233""]"
A5110390560,1,0.0,0,Harald Mayer,"[""10.1109/visual.1993.398896""]"
A5110429168,1,2.0,0,N. Duric,"[""10.1109/visual.2004.18""]"
A5110435937,1,16.0,0,Raffaele De Simone,"[""10.1109/tvcg.2019.2934337""]"
A5110453288,1,0.0,0,M. Zhu,"[""10.1109/visual.1990.146393""]"
A5110466417,1,140.0,0,Ricardo S. Avila,"[""10.1109/visual.1996.568108""]"
A5110467360,3,146.0,0,Charl P. Botha,"[""10.1109/tvcg.2008.131"", ""10.1109/tvcg.2010.134"", ""10.1109/visual.2005.1532778""]"
A5110470142,1,84.0,0,Ely S. Simon,"[""10.1109/tvcg.2009.163""]"
A5110474366,1,23.0,0,George G. Robertson,"[""10.1109/tvcg.2007.70537""]"
A5110478999,1,103.0,0,J. Fredrick Cornhill,"[""10.1109/visual.1996.568127""]"
A5110490385,1,155.0,0,Ya‐hsin Hung,"[""10.1109/tvcg.2015.2467195""]"
A5110497903,2,0.0,0,W.c. Deleeuw,"[""10.1109/visual.1998.745307"", ""10.1109/visual.1998.745324""]"
A5110506074,1,24.0,0,Stephan Kerpedjiev,"[""10.1109/infvis.1998.729564""]"
A5110515495,1,10.0,0,Kan Dai,"[""10.1109/scivis.2015.7429488""]"
A5110532339,1,69.0,0,Michael Schlemmer,"[""10.1109/tvcg.2007.70579""]"
A5110532835,1,83.0,0,R. A. Robb,"[""10.1109/tvcg.2009.164""]"
A5110533822,1,5.0,0,D. V. Holliday,"[""10.1109/visual.1999.809899""]"
A5110539266,1,23.0,0,Guy Danon,"[""10.1109/vast.2008.4677359""]"
A5110551419,1,12.0,0,Weichao Wang,"[""10.1109/vast.2006.261435""]"
A5110584068,1,98.0,0,Torsten Müller,"[""10.1109/tvcg.2016.2598589""]"
A5110631057,3,239.0,1,Steven Bergner,"[""10.1109/tvcg.2006.113"", ""10.1109/tvcg.2011.248"", ""10.1109/vast.2010.5652392""]"
A5110633723,1,36.0,0,Fangfang Sheng,"[""10.1109/tvcg.2020.3030442""]"
A5110639918,1,49.0,0,Ronald Yeh,"[""10.1109/infvis.2005.1532150""]"
A5110655140,1,7.0,0,Vladimir Molchanov,"[""10.1109/tvcg.2018.2865118""]"
A5110671171,1,13.0,0,Hong Wang,"[""10.1109/tvcg.2019.2934540""]"
A5110687741,1,12.0,0,Chat Wacharamanotham,"[""10.1109/tvcg.2020.3028894""]"
A5110690377,1,51.0,0,Greg Zelinsky,"[""10.1109/vast.2006.261439""]"
A5110696883,3,373.0,1,Lauro Lins,"[""10.1109/tvcg.2009.195"", ""10.1109/tvcg.2011.176"", ""10.1109/tvcg.2013.179""]"
A5110702946,2,33.0,0,P. Chopra,"[""10.1109/visual.2002.1183767"", ""10.1109/visual.2002.1183814""]"
A5110709331,1,20.0,0,Philip K. Berger,"[""10.1109/tvcg.2020.3030371""]"
A5110737673,1,66.0,0,David Epstein,"[""10.1109/visual.1992.235219""]"
A5110754903,1,90.0,0,S. Zhang,"[""10.1109/visual.2001.964545""]"
A5110760354,1,34.0,0,Sean Ahern,"[""10.1109/tvcg.2008.184""]"
A5110798952,1,20.0,0,Laurent Saroul,"[""10.1109/visual.2003.1250351""]"
A5110810014,1,5.0,0,Weifeng Chen,"[""10.1109/tvcg.2023.3327371""]"
A5110816930,1,115.0,1,Yulei Fan,"[""10.1109/tvcg.2022.3209448""]"
A5110823564,3,207.0,0,Çağatay Demiralp,"[""10.1109/tvcg.2014.2346978"", ""10.1109/tvcg.2018.2864477"", ""10.1109/visual.2001.964545""]"
A5110827633,2,797.0,0,Nathalie Henry,"[""10.1109/tvcg.2006.160"", ""10.1109/tvcg.2007.70582""]"
A5110871918,2,379.0,0,P. Amburn,"[""10.1109/tvcg.2009.114"", ""10.1109/tvcg.2010.181""]"
A5110877700,1,2.0,0,Brennan Williams,"[""10.1109/visual.1993.398893""]"
A5110914530,1,35.0,0,Raj Batra,"[""10.1109/visual.1998.745291""]"
A5110917883,4,31.0,0,Ming Wan,"[""10.1109/visual.1997.663915"", ""10.1109/visual.2000.885702"", ""10.1109/visual.2001.964517"", ""10.1109/visual.2002.1183775""]"
A5110921557,1,30.0,1,Stephen Linton,"[""10.1109/visual.2003.1250354""]"
A5110972863,1,17.0,0,Woon Jae Ruh,"[""10.1109/infvis.1995.528696""]"
A5110998886,8,294.0,3,L. Hesselink,"[""10.1109/visual.1990.146359"", ""10.1109/visual.1992.235193"", ""10.1109/visual.1993.398845"", ""10.1109/visual.1994.346326"", ""10.1109/visual.1997.663857"", ""10.1109/visual.1998.745291"", ""10.1109/visual.1999.809874"", ""10.1109/visual.2004.106""]"
A5111023543,1,17.0,0,Jing Wu,"[""10.1109/tvcg.2023.3326588""]"
A5111027772,1,5.0,0,R. R. Johnson,"[""10.1109/visual.2000.885708""]"
A5111035260,1,14.0,0,B. Pham,"[""10.1109/visual.1990.146383""]"
A5111046341,1,136.0,1,S. Parker,"[""10.1109/visual.1998.745713""]"
A5111056004,3,35.0,0,Hariharan Subramonyam,"[""10.1109/tvcg.2018.2865231"", ""10.1109/tvcg.2022.3209467"", ""10.1109/tvcg.2023.3326591""]"
A5111062893,1,7.0,0,Ke Xu,"[""10.1109/tvcg.2023.3327200""]"
A5111105324,1,6.0,0,S. Bergner,"[""10.1109/visual.2002.1183763""]"
A5111217403,2,125.0,0,K.t. Mcdonnell,"[""10.1109/visual.2000.885675"", ""10.1109/visual.2004.101""]"
A5111244981,3,10.0,0,D. Wills,"[""10.1109/visual.1998.745348"", ""10.1109/visual.1999.809926"", ""10.1109/visual.2000.885743""]"
A5111249520,1,61.0,0,Zhiguang Yang,"[""10.1109/tvcg.2019.2934332""]"
A5111253938,1,13.0,0,T. Milo,"[""10.1109/visual.1997.663868""]"
A5111314141,3,137.0,0,Jing Hua,"[""10.1109/tvcg.2009.140"", ""10.1109/tvcg.2011.171"", ""10.1109/tvcg.2013.230""]"
A5111321527,1,2.0,0,Jianing Yin,"[""10.1109/tvcg.2024.3456181""]"
A5111322014,1,67.0,0,Gregory A. Turner,"[""10.1109/visual.1995.480800""]"
A5111372776,1,18.0,0,S. Washburn,"[""10.1109/visual.1997.663923""]"
A5111373264,3,171.0,0,John C. Hart,"[""10.1109/tvcg.2008.151"", ""10.1109/visual.1990.146384"", ""10.1109/visual.2002.1183787""]"
A5111374231,2,57.0,0,M. Yousuff Hussaini,"[""10.1109/visual.2000.885689"", ""10.1109/visual.2001.964493""]"
A5111374621,1,9.0,0,James A. Hall,"[""10.1109/visual.1999.809882""]"
A5111376244,1,16.0,0,Riccardo Scopigno,"[""10.1109/tvcg.2011.165""]"
A5111379899,1,13.0,0,C. Schwartz,"[""10.1109/tvcg.2008.124""]"
A5111387237,1,0.0,0,M. Botts,"[""10.1109/visual.1992.235175""]"
A5111410481,4,83.0,0,C. Weigle,"[""10.1109/tvcg.2008.108"", ""10.1109/visual.1996.568103"", ""10.1109/visual.2004.46"", ""10.1109/visual.2005.1532835""]"
A5111420760,2,59.0,0,Roel Truyen,"[""10.1109/tvcg.2006.158"", ""10.1109/visual.2003.1250397""]"
A5111427389,1,16.0,0,Bobbie Nguyen,"[""10.1109/visual.1993.398883""]"
A5111430017,1,3.0,0,Haw Jye Shyu,"[""10.1109/visual.2000.885727""]"
A5111457898,1,16.0,0,C. Massimiliano,"[""10.1109/tvcg.2011.165""]"
A5111474310,1,10.0,0,Fausto Bernardini,"[""10.1109/visual.2002.1183809""]"
A5111476242,2,36.0,0,Ho Lun Cheng,"[""10.1109/visual.2004.36"", ""10.1109/visual.2005.1532822""]"
A5111478001,2,23.0,0,Jurriaan D. Mulder,"[""10.1109/visual.1995.485143"", ""10.1109/visual.1998.745323""]"
A5111480813,1,12.0,0,C. K. Tang,"[""10.1109/visual.1998.745290""]"
A5111483107,1,16.0,0,Karsten Schwan,"[""10.1109/visual.1995.485157""]"
A5111487759,1,14.0,0,Richard D. Lawrence,"[""10.1109/visual.1997.663922""]"
A5111503347,1,36.0,0,Hidekazu Shiozawa,"[""10.1109/infvis.1999.801861""]"
A5111504608,2,73.0,0,Barry Becker,"[""10.1109/infvis.1997.636791"", ""10.1109/infvis.1998.729565""]"
A5111512427,1,143.0,0,Sabrina Lin,"[""10.1109/tvcg.2015.2467196""]"
A5111526853,1,57.0,0,Deborah Hix,"[""10.1109/infvis.2002.1173146""]"
A5111532092,1,30.0,0,Sungahnn Ko,"[""10.1109/vast.2014.7042484""]"
A5111533246,1,23.0,0,Sarah Poon,"[""10.1109/vast.2008.4677353""]"
A5111539577,3,46.0,0,Patrick Mackey,"[""10.1109/infvis.2005.1532131"", ""10.1109/vast.2006.261432"", ""10.1109/vast.2009.5333880""]"
A5111543429,1,11.0,0,Chuck Baker,"[""10.1109/visual.1999.809921""]"
A5111545544,1,199.0,0,Michael Cox,"[""10.1109/visual.1997.663888""]"
A5111552264,2,5.0,0,G. L. Kinzel,"[""10.1109/visual.1996.568142"", ""10.1109/visual.1996.568143""]"
A5111556221,1,63.0,0,Gerhard Roth,"[""10.1109/visual.2004.95""]"
A5111569276,1,40.0,0,Gaël Guennebaud,"[""10.1109/tvcg.2008.186""]"
A5111575546,1,91.0,0,Deborah Silver,"[""10.1109/tvcg.2006.144""]"
A5111602424,1,22.0,0,M. J. Tarr,"[""10.1109/visual.2001.964505""]"
A5111607390,1,10.0,0,Stephen P. Meador,"[""10.1109/visual.2003.1250422""]"
A5111607979,1,37.0,0,K. R. Tate,"[""10.1109/tvcg.2015.2466971""]"
A5111638399,1,173.0,0,Susan Dumais,"[""10.1109/tvcg.2012.252""]"
A5111647528,3,33.0,0,Joerg Meyer,"[""10.1109/tvcg.2012.278"", ""10.1109/visual.2002.1183767"", ""10.1109/visual.2002.1183814""]"
A5111648214,1,61.0,0,Bohyoung Kim,"[""10.1109/tvcg.2014.2346454""]"
A5111651034,1,73.0,1,Lisa Gleason,"[""10.1109/visual.1993.398902""]"
A5111653605,2,6.0,0,C. F. Cerco,"[""10.1109/visual.1996.568146"", ""10.1109/visual.2000.885744""]"
A5111683172,2,65.0,0,Th. Schiemann,"[""10.1109/visual.1992.235218"", ""10.1109/visual.1998.745311""]"
A5111688622,2,61.0,0,Han Wei Shen,"[""10.1109/tvcg.2024.3456372"", ""10.1109/visual.2003.1250374""]"
A5111693969,1,18.0,0,Dongjin Choi,"[""10.1109/vast47406.2019.8986922""]"
A5111699781,2,14.0,0,David M. Senseman,"[""10.1109/visual.1998.745306"", ""10.1109/visual.2004.121""]"
A5111715935,1,164.0,0,C. Ahlberg,"[""10.1109/infvis.1995.528688""]"
A5111722902,1,28.0,0,Michael J. Henry,"[""10.1109/tvcg.2013.138""]"
A5111748591,1,6.0,0,F.c.a. Groen,"[""10.1109/visual.1998.745323""]"
A5111752646,1,46.0,0,Zaixian Xie,"[""10.1109/vast.2006.261424""]"
A5111759189,1,22.0,0,Stéphane Puechmorel,"[""10.1109/tvcg.2017.2744338""]"
A5111760033,3,46.0,0,Andrzej Szymczak,"[""10.1109/tvcg.2013.229"", ""10.1109/visual.1999.809901"", ""10.1109/visual.2003.1250356""]"
A5111782929,1,112.0,0,Lawrence D. Bergman,"[""10.1109/visual.1995.480803""]"
A5111820297,1,136.0,0,D. Roseman,"[""10.1109/tvcg.2009.187""]"
A5111830942,1,28.0,0,Mendel Rosenblum,"[""10.1109/infvis.1999.801852""]"
A5111832578,4,170.0,0,Chris Muelder,"[""10.1109/tvcg.2008.158"", ""10.1109/tvcg.2009.196"", ""10.1109/vast.2009.5332593"", ""10.1109/vast.2014.7042479""]"
A5111834154,1,194.0,0,Matěj Novotný,"[""10.1109/tvcg.2006.170""]"
A5111866759,1,14.0,0,T. Teraoka,"[""10.1109/infvis.1997.636778""]"
A5111879543,1,33.0,0,H. P. Seidel,"[""10.1109/visual.2005.1532842""]"
A5111881847,2,242.0,0,H. Towles,"[""10.1109/visual.1999.809883"", ""10.1109/visual.2001.964508""]"
A5111887901,1,4.0,0,Jayashree Kundu,"[""10.1109/visual.1992.235209""]"
A5111899847,1,88.0,0,Jishang Wei,"[""10.1109/vast.2012.6400494""]"
A5111902609,1,6.0,0,Preben Mogensen,"[""10.1109/infvis.2000.885105""]"
A5111905497,1,47.0,0,Debora Silver,"[""10.1109/tvcg.2007.70565""]"
A5111907242,2,200.0,2,Patrick Hanrahan,"[""10.1109/infvis.2000.885086"", ""10.1109/infvis.2002.1173141""]"
A5111915664,1,70.0,0,Tim Kroeger,"[""10.1109/tvcg.2011.207""]"
A5111920393,1,13.0,0,Donald J. Lehmann,"[""10.1109/tvcg.2011.200""]"
A5111922380,3,138.0,0,C. Silva,"[""10.1109/tvcg.2009.194"", ""10.1109/tvcg.2009.195"", ""10.1109/tvcg.2011.176""]"
A5111926316,1,7.0,0,P. Irani,"[""10.1109/infvis.2005.1532132""]"
A5111935550,1,22.0,0,Scott Dillard,"[""10.1109/tvcg.2007.70543""]"
A5111942655,1,55.0,0,Guenther Greiner,"[""10.1109/tvcg.2006.151""]"
A5111960386,2,12.0,0,Tzi‐cker Chiueh,"[""10.1109/visual.1997.663900"", ""10.1109/visual.2000.885682""]"
A5111962621,1,28.0,0,Y. Hatanaka,"[""10.1109/visual.1998.745295""]"
A5111965365,1,28.0,0,R. Reich,"[""10.1109/tvcg.2009.169""]"
A5111966129,1,158.0,0,Bastian Goldlücke,"[""10.1109/tvcg.2017.2745181""]"
A5111966205,1,29.0,0,Antonello Moneta,"[""10.1109/tvcg.2006.185""]"
A5111966355,1,76.0,0,J. Kehrer,"[""10.1109/tvcg.2019.2934395""]"
A5111973396,6,104.0,0,Martin Bertram,"[""10.1109/tvcg.2006.125"", ""10.1109/visual.2000.885720"", ""10.1109/visual.2001.964525"", ""10.1109/visual.2003.1250398"", ""10.1109/visual.2004.127"", ""10.1109/visual.2005.1532790""]"
A5111981175,4,107.0,1,Harald Obermaier,"[""10.1109/tvcg.2012.211"", ""10.1109/tvcg.2012.283"", ""10.1109/tvcg.2013.138"", ""10.1109/tvcg.2013.141""]"
A5111985276,5,221.0,0,Javier Oliván Bescós,"[""10.1109/tvcg.2006.158"", ""10.1109/tvcg.2007.70550"", ""10.1109/tvcg.2008.180"", ""10.1109/tvcg.2010.153"", ""10.1109/tvcg.2011.215""]"
A5111988164,1,22.0,0,T. King,"[""10.1109/visual.1998.745344""]"
A5111990167,1,16.0,0,Marie Desjardins,"[""10.1109/visual.2000.885740""]"
A5111991604,1,25.0,0,C.c. Law,"[""10.1109/visual.1999.809891""]"
A5111996249,1,0.0,0,Arnaud Rémy,"[""10.1109/visual.1996.568132""]"
A5111998339,1,56.0,0,Yi‐shan Lin,"[""10.1109/tvcg.2019.2934614""]"
A5111998692,1,21.0,0,Lars Wigström,"[""10.1109/visual.2002.1183797""]"
A5112004963,1,49.0,0,Doantam Phan,"[""10.1109/infvis.2005.1532150""]"
A5112013174,1,3.0,0,M. W. Lo,"[""10.1109/visual.2001.964562""]"
A5112038936,1,16.0,0,Maarten Löffler,"[""10.1109/tvcg.2016.2598619""]"
A5112045175,1,29.0,0,Liang Yu,"[""10.1109/vast.2015.7347630""]"
A5112047383,1,31.0,0,Ming Dong,"[""10.1109/tvcg.2009.159""]"
A5112053788,1,0.0,0,R. Guritz,"[""10.1109/visual.1994.346290""]"
A5112063129,2,33.0,0,K. Eberhardt,"[""10.1109/visual.2000.885729"", ""10.1109/visual.2001.964542""]"
A5112066295,1,53.0,0,Qingsong Liu,"[""10.1109/tvcg.2016.2598472""]"
A5112072278,1,6.0,0,S Slavin,"[""10.1109/visual.2002.1183817""]"
A5112096823,1,12.0,0,Dan Maljovec,"[""10.1109/tvcg.2019.2934594""]"
A5112103083,1,56.0,0,C. Richard Johnson,"[""10.1109/visual.2003.1250381""]"
A5112121545,1,34.0,0,David Israël,"[""10.1109/vast.2015.7347625""]"
A5112130372,1,70.0,0,Timothy Urness,"[""10.1109/visual.2003.1250362""]"
A5112135278,1,11.0,0,Jürgen Lerner,"[""10.1109/vast.2007.4389012""]"
A5112159044,2,33.0,0,Bernd Tomandl,"[""10.1109/visual.2000.885729"", ""10.1109/visual.2001.964542""]"
A5112172245,1,38.0,0,J. T. Fry,"[""10.1109/tvcg.2018.2865047""]"
A5112174631,1,8.0,0,Y Suzuki,"[""10.1109/visual.2002.1183811""]"
A5112184619,1,11.0,0,Su Huang,"[""10.1109/visual.1996.567609""]"
A5112191809,1,16.0,0,Thorn Grace,"[""10.1109/visual.1993.398883""]"
A5112198072,1,32.0,0,Thomas Sören Hoffmann,"[""10.1109/tvcg.2014.2346406""]"
A5112206507,1,31.0,0,Annelot Kraima,"[""10.1109/tvcg.2016.2598826""]"
A5112208869,1,12.0,0,Luc Peterson,"[""10.1109/tvcg.2019.2934594""]"
A5112223393,2,44.0,0,Anselmo Lastra,"[""10.1109/visual.1997.663903"", ""10.1109/visual.1998.745305""]"
A5112224258,1,52.0,0,Aaron Hoff,"[""10.1109/vast.2008.4677364""]"
A5112225283,1,6.0,0,S. Benton,"[""10.1109/visual.2003.1250424""]"
A5112234773,1,32.0,0,Yusheng Qi,"[""10.1109/tvcg.2022.3209461""]"
A5112237540,1,80.0,0,Calle Winskog,"[""10.1109/tvcg.2006.146""]"
A5112238808,1,16.0,0,James Robergé,"[""10.1109/visual.1993.398883""]"
A5112241404,1,4.0,0,John A. Peterson,"[""10.1109/tvcg.2012.283""]"
A5112255178,1,13.0,0,Zhuming Ai,"[""10.1109/tvcg.2012.223""]"
A5112274560,2,18.0,0,J.j. Van Wijk,"[""10.1109/visual.1995.485143"", ""10.1109/visual.1996.568150""]"
A5112315004,1,0.0,0,Luis Jaime Castillo,"[""10.1109/visual.1996.568132""]"
A5112326263,1,61.0,0,Marcel Van’t Veer,"[""10.1109/tvcg.2018.2865043""]"
A5112329256,1,37.0,0,Lihong Cai,"[""10.1109/tvcg.2020.3030440""]"
A5112334498,1,46.0,0,Mariappan S. Nadar,"[""10.1109/tvcg.2007.70597""]"
A5112353967,1,36.0,0,Michael Sprenger,"[""10.1109/tvcg.2019.2934310""]"
A5112392675,1,51.0,0,Susan E. Brennan,"[""10.1109/vast.2006.261439""]"
A5112415793,1,37.0,0,Bob Spence,"[""10.1109/infvis.1995.528680""]"
A5112418767,3,93.0,0,Phillip J. Barry,"[""10.1109/infvis.1997.636761"", ""10.1109/visual.1995.480794"", ""10.1109/visual.1996.567796""]"
A5112462951,1,36.0,0,Tobias Ganther,"[""10.1109/tvcg.2019.2934310""]"
A5112462972,1,10.0,0,Tobias Gonther,"[""10.1109/tvcg.2019.2934313""]"
A5112468325,1,4.0,0,Stan Stoev,"[""10.1109/visual.2001.964557""]"
A5112473119,2,169.0,0,Kejian Zhao,"[""10.1109/tvcg.2017.2744218"", ""10.1109/tvcg.2019.2934630""]"
A5112483018,1,0.0,0,Thomas Danielson,"[""10.1109/tvcg.2024.3456143""]"
A5112506607,1,15.0,0,Jack Pegg,"[""10.1109/tvcg.2020.3030449""]"
A5112529299,1,13.0,0,Brian M. Mccann,"[""10.1109/tvcg.2018.2865025""]"
A5112562638,4,142.0,0,Mi Feng,"[""10.1109/tvcg.2016.2599058"", ""10.1109/tvcg.2018.2865117"", ""10.1109/tvcg.2020.3030345"", ""10.1109/tvcg.2020.3030406""]"
A5112573944,1,52.0,0,J. Fischer,"[""10.1109/visual.2003.1250370""]"
A5112611254,1,21.0,0,Birgit Walter,"[""10.1109/visual.1994.346329""]"
A5112620191,1,18.0,0,Harsh Shukla,"[""10.1109/tvcg.2019.2934402""]"
A5112623572,1,16.0,0,Eugene Bart,"[""10.1109/tvcg.2014.2346743""]"
A5112628493,1,26.0,0,Takayuki Itoh,"[""10.1109/visual.1996.568123""]"
A5112628805,9,215.0,1,D. Banks,"[""10.1109/infvis.1996.559229"", ""10.1109/tvcg.2008.108"", ""10.1109/tvcg.2009.137"", ""10.1109/visual.1994.346327"", ""10.1109/visual.1996.568103"", ""10.1109/visual.1996.568147"", ""10.1109/visual.1998.745333"", ""10.1109/visual.2001.964553"", ""10.1109/visual.2003.1250354""]"
A5112629519,1,8.0,0,Leroy Heinrichs,"[""10.1109/visual.2001.964548""]"
A5112630184,1,20.0,0,E. L. Bouvier,"[""10.1109/visual.1999.809876""]"
A5112684709,2,58.0,0,Han Wei Shen,"[""10.1109/tvcg.2013.152"", ""10.1109/tvcg.2015.2467952""]"
A5112705513,1,5.0,0,Zelin Ye,"[""10.1109/tvcg.2022.3209379""]"
A5112710952,1,168.0,0,Amanda Peters,"[""10.1109/tvcg.2011.192""]"
A5112716716,1,12.0,0,Donna Cox,"[""10.1109/visual.2002.1183824""]"
A5112716743,1,52.0,0,Marilyn Tremaine,"[""10.1109/visual.2005.1532836""]"
A5112719763,1,3.0,0,Leslie Keely,"[""10.1109/visual.1998.745331""]"
A5112741249,1,32.0,0,P. Abel,"[""10.1109/infvis.2000.885104""]"
A5112758059,1,2.0,0,Danny Perez,"[""10.1109/tvcg.2023.3326584""]"
A5112758895,1,46.0,0,Bing Ma,"[""10.1109/visual.1998.745333""]"
A5112771943,3,191.0,1,Markus John,"[""10.1109/tvcg.2014.2346677"", ""10.1109/tvcg.2015.2467871"", ""10.1109/vast.2016.7883507""]"
A5112775128,1,56.0,1,Brian Duffy,"[""10.1109/tvcg.2006.168""]"
A5112777216,1,7.0,0,Milana Huang,"[""10.1109/visual.1996.568120""]"
A5112781199,3,92.0,0,Wei Qiao,"[""10.1109/tvcg.2006.150"", ""10.1109/visual.2004.85"", ""10.1109/visual.2005.1532811""]"
A5112781721,1,40.0,0,Ken Brodie,"[""10.1109/visual.1997.663890""]"
A5112795492,8,286.0,0,D. Silver,"[""10.1109/visual.1995.485141"", ""10.1109/visual.1996.567807"", ""10.1109/visual.1998.745288"", ""10.1109/visual.1998.745347"", ""10.1109/visual.2000.885737"", ""10.1109/visual.2004.34"", ""10.1109/visual.2005.1532783"", ""10.1109/visual.2005.1532836""]"
A5112799389,1,2.0,0,Graham Brookes,"[""10.1109/visual.1999.809926""]"
A5112799706,1,3.0,0,C. Morley,"[""10.1109/visual.1994.346310""]"
A5112800319,1,51.0,0,Greg Abram,"[""10.1109/visual.1995.480821""]"
A5112805597,2,30.0,0,L. Rosenblum,"[""10.1109/visual.1991.175784"", ""10.1109/visual.1996.568128""]"
A5112813769,1,11.0,0,Shao Chiung Lu,"[""10.1109/visual.2001.964518""]"
A5112846539,1,6.0,0,A. Fall,"[""10.1109/visual.1996.568148""]"
A5112852462,1,15.0,0,Xinli Hou,"[""10.1109/tvcg.2020.3030372""]"
A5112855730,3,105.0,0,Kristin Cook,"[""10.1109/tvcg.2016.2598544"", ""10.1109/vast.2009.5333880"", ""10.1109/vast.2015.7347625""]"
A5112862357,1,39.0,0,Runzhen Huang,"[""10.1109/visual.2003.1250418""]"
A5112862528,1,36.0,0,Ketan R. Bulsara,"[""10.1109/tvcg.2008.123""]"
A5112867598,1,23.0,0,George Chin,"[""10.1109/vast.2006.261432""]"
A5112877229,1,69.0,0,Xizhou Zhu,"[""10.1109/tvcg.2015.2467554""]"
A5112896879,1,5.0,0,Thomas P. Caudell,"[""10.1109/infvis.2003.1249021""]"
A5112947230,1,8.0,0,A. Johannsen,"[""10.1109/visual.1994.346297""]"
A5112962007,1,17.0,0,Emre Oral,"[""10.1109/tvcg.2023.3326593""]"
A5113038657,1,5.0,0,Shaoxuan Lai,"[""10.1109/tvcg.2023.3326575""]"
A5113091615,1,43.0,0,Xiaotao Nie,"[""10.1109/tvcg.2018.2865139""]"
A5113115069,1,27.0,0,Jiawei Meng,"[""10.1109/visual.2003.1250395""]"
A5113149232,1,32.0,0,A. Sud,"[""10.1109/visual.2004.37""]"
A5113153568,4,168.0,0,Johannes Kehrer,"[""10.1109/tvcg.2008.139"", ""10.1109/tvcg.2013.122"", ""10.1109/tvcg.2014.2346626"", ""10.1109/vast.2015.7347634""]"
A5113171808,1,1.0,0,J. Barlow,"[""10.1109/visual.1996.568147""]"
A5113174777,1,3.0,0,Xiaoru Yuan,"[""10.1109/tvcg.2022.3209482""]"
A5113194535,1,162.0,0,C. Lewis,"[""10.1109/visual.1990.146375""]"
A5113316769,1,14.0,0,Ziyue Lin,"[""10.1109/tvcg.2024.3456145""]"
A5113338491,1,2.0,0,B. Naylor,"[""10.1109/visual.1992.235214""]"
A5113375370,1,1.0,0,Runjin Zhang,"[""10.1109/tvcg.2024.3456216""]"
A5113375371,1,8.0,0,Ziao Liu,"[""10.1109/tvcg.2024.3456200""]"
A5113376015,1,2.0,0,Buwei Zhou,"[""10.1109/tvcg.2024.3456181""]"
A5113376019,1,3.0,0,Pingshun Zhang,"[""10.1109/tvcg.2024.3456141""]"
A5113376026,1,1.0,0,Felipe Inagaki De Oliveira,"[""10.1109/tvcg.2024.3456365""]"
A5113387118,1,1.0,0,Aaron Sun Chen,"[""10.1109/tvcg.2024.3456510""]"
A5113422468,1,24.0,0,R. Rosenberg,"[""10.1109/visual.1996.568128""]"
A5113437503,2,38.0,0,Gregory P. Johnson,"[""10.1109/scivis.2015.7429492"", ""10.1109/tvcg.2008.146""]"
A5113450727,1,12.0,0,Robert Patterson,"[""10.1109/visual.2002.1183824""]"
A5113455173,1,11.0,0,R. Brady,"[""10.1109/infvis.2003.1249029""]"
A5113461040,2,38.0,0,E. Wes Bethel,"[""10.1109/vast.2006.261437"", ""10.1109/visual.2005.1532792""]"
A5113463067,1,21.0,0,Jeffrey M. Dicarlo,"[""10.1109/tvcg.2007.70536""]"
A5113463221,1,34.0,0,Michael Wolverton,"[""10.1109/vast.2015.7347625""]"
A5113476228,1,6.0,0,Peter Ørbæk,"[""10.1109/infvis.2000.885105""]"
A5113478834,6,197.0,0,H.p. Foote,"[""10.1109/infvis.2000.885097"", ""10.1109/infvis.2003.1249014"", ""10.1109/infvis.2005.1532131"", ""10.1109/vast.2006.261432"", ""10.1109/vast.2009.5333880"", ""10.1109/visual.1998.745302""]"
A5113490427,1,12.0,0,Will Hill,"[""10.1109/visual.1991.175820""]"
A5113496002,1,104.0,0,Linda W. Pickle,"[""10.1109/infvis.1998.729563""]"
A5113498324,1,15.0,0,Jaroslaw R. Rossignac,"[""10.1109/visual.1999.809901""]"
A5113501332,1,34.0,0,Chuck Hansen,"[""10.1109/visual.1992.235223""]"
A5113509600,1,69.0,0,Hartmut Ziegler,"[""10.1109/vast.2010.5652530""]"
A5113514530,1,34.0,0,Lydia Byrne,"[""10.1109/tvcg.2015.2467321""]"
A5113517476,5,202.0,0,Robert A. Kruger,"[""10.1109/tvcg.2013.186"", ""10.1109/tvcg.2019.2934595"", ""10.1109/tvcg.2023.3327193"", ""10.1109/tvcg.2024.3456406"", ""10.1109/vast.2014.7042495""]"
A5113522553,1,156.0,0,P.w. Grant,"[""10.1109/tvcg.2012.197""]"
A5113526945,2,2.0,0,H.j.w. Spoelder,"[""10.1109/visual.1996.568150"", ""10.1109/visual.1998.745335""]"
A5113532305,1,137.0,0,Evan A. Suma,"[""10.1109/vast.2007.4389009""]"
A5113554717,1,20.0,0,M. De Oliveira Neto,"[""10.1109/visual.1998.745305""]"
A5113555684,6,394.0,0,Leanna House,"[""10.1109/tvcg.2013.188"", ""10.1109/tvcg.2017.2745258"", ""10.1109/tvcg.2018.2865047"", ""10.1109/vast.2011.6102449"", ""10.1109/vast.2014.7042492"", ""10.1109/vast.2018.8802424""]"
A5113579052,2,99.0,0,Kwan Liu Ma,"[""10.1109/tvcg.2010.218"", ""10.1109/tvcg.2016.2598876""]"
A5113597103,1,2.0,0,Joe Warren,"[""10.1109/visual.1998.745293""]"
A5113597448,1,5.0,0,Jarkko Oikarinen,"[""10.1109/visual.2000.885673""]"
A5113602591,1,5.0,0,K. Fostiropoulos,"[""10.1109/visual.1999.809920""]"
A5113607394,1,60.0,0,Dirk Selle,"[""10.1109/visual.2001.964538""]"
A5113648718,1,42.0,0,P. Sutton,"[""10.1109/visual.1999.809879""]"
A5113648828,1,26.0,0,P. Kok,"[""10.1109/tvcg.2010.134""]"
A5113652920,1,7.0,0,Duanjun Lu,"[""10.1109/visual.2001.964559""]"
A5113660863,1,7.0,0,Radek Grzeszczuk,"[""10.1109/visual.1996.568120""]"
A5113668181,1,74.0,0,Franklin A. Hardisty,"[""10.1109/infvis.2003.1249006""]"
A5113673423,1,121.0,0,Huamin Qu,"[""10.1109/tvcg.2007.70523""]"
A5113676982,3,194.0,0,Weifeng Chen,"[""10.1109/tvcg.2011.164"", ""10.1109/tvcg.2014.2346594"", ""10.1109/tvcg.2017.2744098""]"
A5113683690,3,145.0,0,P. Muigg,"[""10.1109/tvcg.2009.110"", ""10.1109/tvcg.2009.198"", ""10.1109/tvcg.2011.216""]"
A5113684296,2,43.0,0,Joe Bruce,"[""10.1109/vast.2008.4677366"", ""10.1109/vast.2015.7347625""]"
A5113706488,1,32.0,0,Sylvia Glaßer,"[""10.1109/tvcg.2014.2346406""]"
A5113721232,1,1.0,0,E. A. Stern,"[""10.1109/visual.1998.745345""]"
A5113721582,2,63.0,1,Silvia Born,"[""10.1109/tvcg.2010.166"", ""10.1109/tvcg.2014.2346459""]"
A5113723673,2,73.0,0,Frans Gerritsen,"[""10.1109/tvcg.2007.70550"", ""10.1109/tvcg.2008.180""]"
A5113727991,1,1.0,0,Jun Gu Choi,"[""10.1109/tvcg.2019.2934288""]"
A5113734902,1,4.0,0,Mark R. Noel,"[""10.1109/visual.2000.885744""]"
A5113740075,2,255.0,0,Kenneth A. Marx,"[""10.1109/tvcg.2008.173"", ""10.1109/visual.1997.663916""]"
A5113743668,3,119.0,1,David J. Schroeder,"[""10.1109/tvcg.2013.121"", ""10.1109/tvcg.2014.2346451"", ""10.1109/tvcg.2015.2467153""]"
A5113745963,1,0.0,0,Yuanzhe Jin,"[""10.1109/tvcg.2023.3327178""]"
A5113750867,1,45.0,0,Zhan Guo,"[""10.1109/tvcg.2015.2467592""]"
A5113776101,1,4.0,0,Yingcai Xiao,"[""10.1109/visual.1996.568145""]"
A5113783034,1,57.0,0,Jochen Goertler,"[""10.1109/tvcg.2016.2598919""]"
A5113787580,1,15.0,0,S. Anand,"[""10.1109/tvcg.2008.126""]"
A5113822678,1,4.0,0,Gopal Patnaik,"[""10.1109/visual.1992.235212""]"
A5113867696,1,35.0,0,Marc Khoury,"[""10.1109/tvcg.2010.182""]"
A5113879802,1,18.0,0,Roberta Cabral Mota,"[""10.1109/tvcg.2022.3209474""]"
A5113903528,1,15.0,0,K. Jung,"[""10.1109/visual.1997.663878""]"
A5113922759,3,37.0,0,B. Paul,"[""10.1109/visual.1992.235175"", ""10.1109/visual.1992.235215"", ""10.1109/visual.1994.346304""]"
A5113922818,3,148.0,0,Philipp Muigg,"[""10.1109/tvcg.2007.70569"", ""10.1109/tvcg.2007.70588"", ""10.1109/tvcg.2008.139""]"
A5113933519,1,25.0,0,Gordon D. Mallinson,"[""10.1109/visual.1992.235225""]"
A5113939002,2,88.0,0,H. O. Peitgen,"[""10.1109/visual.2001.964538"", ""10.1109/visual.2002.1183752""]"
A5113952665,1,73.0,0,C. E. Grosch,"[""10.1109/visual.1997.663912""]"
A5113953679,1,11.0,0,R. T. Haftka,"[""10.1109/visual.1999.809921""]"
A5113967834,1,14.0,0,Mike Daily,"[""10.1109/visual.1999.809923""]"
A5113967916,1,22.0,0,Joseph M. Botros,"[""10.1109/tvcg.2015.2467911""]"
A5113974966,5,342.0,1,Yehuda Koren,"[""10.1109/infvis.2002.1173159"", ""10.1109/infvis.2003.1249017"", ""10.1109/infvis.2004.66"", ""10.1109/infvis.2005.1532130"", ""10.1109/tvcg.2006.156""]"
A5113979435,3,176.0,0,G.j. Wills,"[""10.1109/infvis.1996.559216"", ""10.1109/infvis.1998.729556"", ""10.1109/visual.1993.398870""]"
A5113989819,1,55.0,1,Dane Coffey,"[""10.1109/tvcg.2013.147""]"
A5114013709,1,16.0,0,Ellen Isaacs,"[""10.1109/tvcg.2014.2346743""]"
A5114030345,1,2.0,1,Rui Qiu,"[""10.1109/tvcg.2024.3456339""]"
A5114031893,16,807.0,2,Kenneth I. Joy,"[""10.1109/tvcg.2006.188"", ""10.1109/tvcg.2007.70519"", ""10.1109/tvcg.2008.133"", ""10.1109/tvcg.2010.156"", ""10.1109/tvcg.2010.173"", ""10.1109/tvcg.2012.211"", ""10.1109/tvcg.2012.283"", ""10.1109/tvcg.2013.138"", ""10.1109/tvcg.2013.141"", ""10.1109/visual.1998.745315"", ""10.1109/visual.1999.809863"", ""10.1109/visual.1999.809908"", ""10.1109/visual.2000.885720"", ""10.1109/visual.2002.1183810"", ""10.1109/visual.2003.1250389"", ""10.1109/visual.2004.4""]"
A5114061848,1,0.0,0,A.s. Mohamed,"[""10.1109/tvcg.2021.3114810""]"
A5114093440,1,5.0,0,Junran Yang,"[""10.1109/tvcg.2023.3326527""]"
A5114093843,1,89.0,0,Baicheng Wang,"[""10.1109/tvcg.2023.3327168""]"
A5114148359,1,4.0,0,Yuchu Luo,"[""10.1109/tvcg.2023.3326944""]"
A5114155370,1,152.0,0,Holly Schmidt,"[""10.1109/tvcg.2008.127""]"
A5114182549,1,69.0,0,A. James Stewart,"[""10.1109/visual.2003.1250394""]"
A5114184933,1,11.0,0,B. Grossman,"[""10.1109/visual.1999.809921""]"
A5114186339,1,1.0,0,Yeong Gil Shin,"[""10.1109/visual.1995.480808""]"
A5114197626,1,3.0,0,Jingwei Qu,"[""10.1109/tvcg.2024.3456141""]"
A5114203898,1,20.0,0,S. Gerlach,"[""10.1109/visual.2003.1250351""]"
A5114214215,1,11.0,0,Jieying Huang,"[""10.1109/tvcg.2022.3209453""]"
A5114223963,1,2.0,0,S.l. Tao,"[""10.1109/tvcg.2024.3456392""]"
A5114224169,1,0.0,0,Lemara Williams,"[""10.1109/tvcg.2024.3456143""]"
A5114224170,1,0.0,0,Haotian Mi,"[""10.1109/tvcg.2024.3456389""]"
A5114250719,4,209.0,0,Abish Malik,"[""10.1109/tvcg.2014.2346926"", ""10.1109/vast.2011.6102460"", ""10.1109/vast.2012.6400491"", ""10.1109/vast.2014.7042484""]"
A5114252285,1,24.0,0,William Sandberg,"[""10.1109/visual.1996.568128""]"
A5114253361,1,14.0,0,Mason John,"[""10.1109/visual.2000.885718""]"
A5114256927,1,992.0,0,Julie A. Jacko,"[""10.1109/tvcg.2007.70515""]"
A5114500326,1,16.0,0,Zicheng Wang,"[""10.1109/tvcg.2022.3209354""]"
A5114626508,1,0.0,0,Mengyu Chen,"[""10.1109/tvcg.2024.3456326""]"
A5114686064,1,16.0,0,Yifan Zhang,"[""10.1109/tvcg.2016.2598541""]"
A5114833294,1,6.0,0,Wenping Wang,"[""10.1109/tvcg.2018.2864506""]"
A5114860010,1,316.0,0,Chen Jian,"[""10.1109/tvcg.2013.126""]"
A5114935774,1,149.0,0,Holger Last,"[""10.1109/vast.2012.6400554""]"
A5115076700,1,13.0,0,Chao Wang,"[""10.1109/tvcg.2012.267""]"
A5115076783,1,17.0,0,Shilong Liu,"[""10.1109/tvcg.2023.3326588""]"
A5115500957,1,32.0,1,Yuchao Liu,"[""10.1109/tvcg.2022.3209469""]"
A5115590150,1,26.0,0,Duong Hoang,"[""10.1109/tvcg.2018.2864853""]"
A5115593642,1,16.0,0,Jing Xia,"[""10.1109/tvcg.2014.2346911""]"
A5119246991,6,270.0,1,Zhen Wen,"[""10.1109/infvis.2005.1532146"", ""10.1109/tvcg.2008.129"", ""10.1109/tvcg.2014.2346922"", ""10.1109/tvcg.2022.3209347"", ""10.1109/tvcg.2022.3209475"", ""10.1109/tvcg.2023.3327148""]"
A5119247096,2,38.0,0,Yihan Liu,"[""10.1109/tvcg.2022.3209475"", ""10.1109/tvcg.2023.3327148""]"
A704830063,1,9.0,0,Douglas Markant,"[""10.1109/tvcg.2021.3114692""]"
A74604451,1,4.0,0,Oliver Deussen,"[""10.1109/tvcg.2021.3114761""]"
A93196618,1,6.0,0,Ladislav Cmolik,"[""10.1109/tvcg.2021.3114854""]"
