institution_id,MacroCategory,n_papers,doi_list
I-1,Dimensionality Reduction & Multivariate Plots,1,"[""10.1109/tvcg.2021.3114857""]"
I100005738,Dimensionality Reduction & Multivariate Plots,2,"[""10.1109/visual.1998.745322"", ""10.1109/visual.2002.1183801""]"
I100005738,Surgical Planning & Tomography,1,"[""10.1109/visual.1990.146390""]"
I100005738,Time Series & Temporal Patterns,1,"[""10.1109/visual.1994.346318""]"
I100066346,Dashboards & Infographics,1,"[""10.1109/tvcg.2008.119""]"
I100066346,Diffusion MRI & Tractography,4,"[""10.1109/tvcg.2010.145"", ""10.1109/tvcg.2011.193"", ""10.1109/tvcg.2013.129"", ""10.1109/tvcg.2014.2346333""]"
I100066346,Dimensionality Reduction & Multivariate Plots,31,"[""10.1109/tvcg.2009.150"", ""10.1109/tvcg.2011.226"", ""10.1109/tvcg.2012.277"", ""10.1109/tvcg.2013.186"", ""10.1109/tvcg.2013.232"", ""10.1109/tvcg.2015.2467757"", ""10.1109/tvcg.2016.2598919"", ""10.1109/tvcg.2016.2599042"", ""10.1109/tvcg.2017.2743959"", ""10.1109/tvcg.2018.2864911"", ""10.1109/tvcg.2018.2864912"", ""10.1109/tvcg.2019.2934812"", ""10.1109/tvcg.2020.3030404"", ""10.1109/tvcg.2020.3030406"", ""10.1109/tvcg.2020.3030465"", ""10.1109/tvcg.2020.3030473"", ""10.1109/tvcg.2021.3114800"", ""10.1109/tvcg.2022.3209420"", ""10.1109/tvcg.2022.3209427"", ""10.1109/tvcg.2024.3456346"", ""10.1109/vast.2012.6400492"", ""10.1109/vast.2012.6400557"", ""10.1109/vast.2014.7042495"", ""10.1109/visual.1999.809878"", ""10.1109/visual.2000.885683"", ""10.1109/visual.2000.885729"", ""10.1109/visual.2001.964512"", ""10.1109/visual.2001.964514"", ""10.1109/visual.2001.964542"", ""10.1109/visual.2002.1183812"", ""10.1109/visual.2003.1250390""]"
I100066346,Flow Fields & CFD Visualization,10,"[""10.1109/tvcg.2007.70614"", ""10.1109/tvcg.2009.157"", ""10.1109/tvcg.2010.209"", ""10.1109/tvcg.2012.282"", ""10.1109/tvcg.2012.284"", ""10.1109/tvcg.2016.2598824"", ""10.1109/tvcg.2019.2934669"", ""10.1109/tvcg.2020.3030400"", ""10.1109/tvcg.2022.3209437"", ""10.1109/tvcg.2023.3327398""]"
I100066346,Meshes & Volume Rendering,20,"[""10.1109/tvcg.2008.177"", ""10.1109/tvcg.2010.196"", ""10.1109/tvcg.2011.203"", ""10.1109/tvcg.2012.281"", ""10.1109/tvcg.2014.2346442"", ""10.1109/tvcg.2017.2743979"", ""10.1109/tvcg.2021.3114788"", ""10.1109/tvcg.2023.3326931"", ""10.1109/vast.2009.5333911"", ""10.1109/visual.1999.809918"", ""10.1109/visual.2000.885688"", ""10.1109/visual.2003.1250361"", ""10.1109/visual.2003.1250404"", ""10.1109/visual.2004.3"", ""10.1109/visual.2004.58"", ""10.1109/visual.2004.59"", ""10.1109/visual.2005.1532830"", ""10.1109/visual.2005.1532845"", ""10.1109/visual.2005.1532852"", ""10.1109/visual.2005.1532853""]"
I100066346,Surgical Planning & Tomography,6,"[""10.1109/tvcg.2014.2346319"", ""10.1109/tvcg.2020.3030420"", ""10.1109/tvcg.2020.3030467"", ""10.1109/visual.1999.809934"", ""10.1109/visual.2002.1183762"", ""10.1109/visual.2005.1532799""]"
I100066346,Time Series & Temporal Patterns,8,"[""10.1109/tvcg.2009.131"", ""10.1109/tvcg.2016.2598495"", ""10.1109/tvcg.2017.2744018"", ""10.1109/tvcg.2019.2934796"", ""10.1109/tvcg.2020.3030368"", ""10.1109/tvcg.2022.3209429"", ""10.1109/tvcg.2022.3209449"", ""10.1109/visual.2002.1183829""]"
I100066346,Twitter & Social Media,1,"[""10.1109/vast.2009.5333564""]"
I100066346,VIS Literature & Bibliometrics,10,"[""10.1109/tvcg.2012.222"", ""10.1109/tvcg.2012.276"", ""10.1109/tvcg.2013.194"", ""10.1109/tvcg.2015.2468091"", ""10.1109/tvcg.2016.2598695"", ""10.1109/tvcg.2016.2598898"", ""10.1109/tvcg.2021.3114797"", ""10.1109/vast.2016.7883520"", ""10.1109/visual.1991.175812"", ""10.1109/visual.2004.73""]"
I100296615,Diffusion MRI & Tractography,1,"[""10.1109/tvcg.2018.2864690""]"
I100296615,Dimensionality Reduction & Multivariate Plots,9,"[""10.1109/tvcg.2009.145"", ""10.1109/tvcg.2011.223"", ""10.1109/tvcg.2011.233"", ""10.1109/tvcg.2015.2467112"", ""10.1109/tvcg.2016.2598958"", ""10.1109/tvcg.2017.2744338"", ""10.1109/tvcg.2018.2865191"", ""10.1109/tvcg.2019.2934805"", ""10.1109/vast.2011.6102454""]"
I100296615,Flow Fields & CFD Visualization,2,"[""10.1109/tvcg.2019.2934783"", ""10.1109/tvcg.2020.3030435""]"
I100532134,Dimensionality Reduction & Multivariate Plots,2,"[""10.1109/vast.2006.261431"", ""10.1109/vast.2009.5333248""]"
I100621029,Dimensionality Reduction & Multivariate Plots,1,"[""10.1109/vast.2007.4389009""]"
I100633361,Dimensionality Reduction & Multivariate Plots,2,"[""10.1109/tvcg.2017.2744458"", ""10.1109/tvcg.2018.2865039""]"
I100930933,Dimensionality Reduction & Multivariate Plots,2,"[""10.1109/tvcg.2006.168"", ""10.1109/tvcg.2008.160""]"
I100930933,Meshes & Volume Rendering,1,"[""10.1109/tvcg.2008.143""]"
I102134673,Diffusion MRI & Tractography,8,"[""10.1109/tvcg.2010.195"", ""10.1109/tvcg.2011.161"", ""10.1109/tvcg.2011.211"", ""10.1109/tvcg.2012.232"", ""10.1109/tvcg.2014.2346351"", ""10.1109/tvcg.2015.2467294"", ""10.1109/tvcg.2016.2598430"", ""10.1109/tvcg.2020.3030344""]"
I102134673,Dimensionality Reduction & Multivariate Plots,13,"[""10.1109/scivis.2015.7429487"", ""10.1109/tvcg.2006.146"", ""10.1109/tvcg.2007.70518"", ""10.1109/tvcg.2009.117"", ""10.1109/tvcg.2011.224"", ""10.1109/tvcg.2012.203"", ""10.1109/tvcg.2012.206"", ""10.1109/tvcg.2012.237"", ""10.1109/tvcg.2018.2864816"", ""10.1109/tvcg.2022.3209451"", ""10.1109/visual.2002.1183797"", ""10.1109/visual.2004.102"", ""10.1109/visual.2005.1532823""]"
I102134673,Flow Fields & CFD Visualization,5,"[""10.1109/tvcg.2023.3326525"", ""10.1109/tvcg.2023.3327402"", ""10.1109/tvcg.2024.3456187"", ""10.1109/tvcg.2024.3456334"", ""10.1109/vast.2016.7883518""]"
I102134673,Meshes & Volume Rendering,6,"[""10.1109/tvcg.2017.2743958"", ""10.1109/tvcg.2019.2934259"", ""10.1109/tvcg.2022.3209433"", ""10.1109/tvcg.2023.3327198"", ""10.1109/tvcg.2024.3456399"", ""10.1109/visual.2000.885734""]"
I102134673,Time Series & Temporal Patterns,3,"[""10.1109/infvis.2005.1532138"", ""10.1109/tvcg.2015.2466992"", ""10.1109/tvcg.2024.3456171""]"
I102134673,Ultrasound Volume Rendering & Segmentation,1,"[""10.1109/vast.2009.5332610""]"
I102134673,VIS Literature & Bibliometrics,1,"[""10.1109/tvcg.2018.2865042""]"
I102149020,Dimensionality Reduction & Multivariate Plots,28,"[""10.1109/tvcg.2007.70574"", ""10.1109/tvcg.2008.149"", ""10.1109/tvcg.2008.184"", ""10.1109/tvcg.2011.163"", ""10.1109/tvcg.2013.162"", ""10.1109/tvcg.2014.2346575"", ""10.1109/tvcg.2015.2467771"", ""10.1109/tvcg.2015.2467971"", ""10.1109/tvcg.2016.2598416"", ""10.1109/tvcg.2017.2745086"", ""10.1109/tvcg.2020.3029412"", ""10.1109/tvcg.2021.3114692"", ""10.1109/tvcg.2021.3114820"", ""10.1109/vast.2006.261433"", ""10.1109/vast.2007.4389003"", ""10.1109/vast.2007.4389005"", ""10.1109/vast.2007.4389009"", ""10.1109/vast.2008.4677360"", ""10.1109/vast.2010.5652885"", ""10.1109/vast.2010.5653598"", ""10.1109/vast.2011.6102445"", ""10.1109/vast.2011.6102447"", ""10.1109/vast.2011.6102461"", ""10.1109/vast.2011.6102463"", ""10.1109/vast.2012.6400485"", ""10.1109/vast.2015.7347631"", ""10.1109/vast.2017.8585658"", ""10.1109/vast.2017.8585665""]"
I102149020,Flow Fields & CFD Visualization,4,"[""10.1109/tvcg.2008.171"", ""10.1109/tvcg.2010.174"", ""10.1109/tvcg.2014.2346913"", ""10.1109/vast.2008.4677361""]"
I102149020,Meshes & Volume Rendering,2,"[""10.1109/tvcg.2014.2346445"", ""10.1109/tvcg.2014.2346911""]"
I102149020,Time Series & Temporal Patterns,3,"[""10.1109/tvcg.2006.161"", ""10.1109/tvcg.2010.184"", ""10.1109/vast.2008.4677368""]"
I102149020,Twitter & Social Media,1,"[""10.1109/vast.2006.261425""]"
I102149020,VIS Literature & Bibliometrics,2,"[""10.1109/tvcg.2021.3114867"", ""10.1109/vast.2010.5653599""]"
I102197404,Dimensionality Reduction & Multivariate Plots,17,"[""10.1109/infvis.2004.1"", ""10.1109/infvis.2004.64"", ""10.1109/tvcg.2006.160"", ""10.1109/tvcg.2007.70582"", ""10.1109/tvcg.2008.141"", ""10.1109/tvcg.2012.220"", ""10.1109/tvcg.2014.2346426"", ""10.1109/tvcg.2015.2467961"", ""10.1109/tvcg.2016.2598467"", ""10.1109/tvcg.2016.2598594"", ""10.1109/tvcg.2016.2598827"", ""10.1109/tvcg.2017.2744298"", ""10.1109/tvcg.2018.2865141"", ""10.1109/tvcg.2018.2865142"", ""10.1109/tvcg.2018.2865233"", ""10.1109/tvcg.2018.2865234"", ""10.1109/vast.2007.4389013""]"
I102197404,Flow Fields & CFD Visualization,9,"[""10.1109/tvcg.2012.251"", ""10.1109/tvcg.2013.134"", ""10.1109/tvcg.2013.163"", ""10.1109/tvcg.2013.227"", ""10.1109/tvcg.2015.2467201"", ""10.1109/tvcg.2015.2467851"", ""10.1109/tvcg.2016.2598608"", ""10.1109/tvcg.2018.2865077"", ""10.1109/tvcg.2018.2865159""]"
I102197404,Meshes & Volume Rendering,3,"[""10.1109/tvcg.2012.217"", ""10.1109/tvcg.2013.192"", ""10.1109/tvcg.2016.2599217""]"
I102197404,Surgical Planning & Tomography,1,"[""10.1109/tvcg.2012.262""]"
I102197404,Time Series & Temporal Patterns,2,"[""10.1109/tvcg.2014.2346984"", ""10.1109/tvcg.2017.2745138""]"
I102322142,Diffusion MRI & Tractography,1,"[""10.1109/visual.2005.1532817""]"
I102322142,Dimensionality Reduction & Multivariate Plots,8,"[""10.1109/infvis.2004.46"", ""10.1109/tvcg.2006.120"", ""10.1109/tvcg.2006.144"", ""10.1109/tvcg.2013.135"", ""10.1109/visual.1995.485141"", ""10.1109/visual.1996.567807"", ""10.1109/visual.1998.745288"", ""10.1109/visual.2005.1532783""]"
I102322142,Flow Fields & CFD Visualization,1,"[""10.1109/visual.2005.1532836""]"
I102322142,Meshes & Volume Rendering,3,"[""10.1109/visual.1991.175770"", ""10.1109/visual.1992.235174"", ""10.1109/visual.1994.346301""]"
I102322142,Time Series & Temporal Patterns,1,"[""10.1109/tvcg.2011.255""]"
I102322142,VIS Literature & Bibliometrics,4,"[""10.1109/tvcg.2007.70565"", ""10.1109/visual.1998.745347"", ""10.1109/visual.2000.885737"", ""10.1109/visual.2004.34""]"
I102335020,Diffusion MRI & Tractography,2,"[""10.1109/tvcg.2014.2346333"", ""10.1109/tvcg.2015.2467963""]"
I102335020,Dimensionality Reduction & Multivariate Plots,1,"[""10.1109/tvcg.2020.3030379""]"
I102335020,Surgical Planning & Tomography,1,"[""10.1109/tvcg.2023.3326573""]"
I102335020,Time Series & Temporal Patterns,1,"[""10.1109/tvcg.2019.2934335""]"
I102502594,Dimensionality Reduction & Multivariate Plots,2,"[""10.1109/tvcg.2021.3114801"", ""10.1109/vast.2017.8585646""]"
I102502594,Meshes & Volume Rendering,1,"[""10.1109/scivis.2015.7429492""]"
I102520234,Time Series & Temporal Patterns,1,"[""10.1109/tvcg.2015.2467872""]"
I103163165,Diffusion MRI & Tractography,1,"[""10.1109/visual.2001.964553""]"
I103163165,Dimensionality Reduction & Multivariate Plots,2,"[""10.1109/tvcg.2023.3327359"", ""10.1109/visual.2003.1250354""]"
I103163165,Meshes & Volume Rendering,4,"[""10.1109/visual.2001.964493"", ""10.1109/visual.2002.1183822"", ""10.1109/visual.2003.1250361"", ""10.1109/visual.2005.1532852""]"
I103163165,VIS Literature & Bibliometrics,1,"[""10.1109/visual.2002.1183813""]"
I103406327,Flow Fields & CFD Visualization,1,"[""10.1109/tvcg.2014.2346913""]"
I103531236,Flow Fields & CFD Visualization,1,"[""10.1109/tvcg.2021.3114802""]"
I103531236,Meshes & Volume Rendering,1,"[""10.1109/tvcg.2023.3327388""]"
I104914703,Dimensionality Reduction & Multivariate Plots,3,"[""10.1109/infvis.2003.1249011"", ""10.1109/infvis.2004.47"", ""10.1109/tvcg.2010.205""]"
I106118109,Meshes & Volume Rendering,1,"[""10.1109/visual.1994.346299""]"
I106165777,Dimensionality Reduction & Multivariate Plots,1,"[""10.1109/visual.2002.1183788""]"
I107077323,Diffusion MRI & Tractography,2,"[""10.1109/infvis.1999.801858"", ""10.1109/infvis.2002.1173151""]"
I107077323,Dimensionality Reduction & Multivariate Plots,6,"[""10.1109/tvcg.2016.2598588"", ""10.1109/tvcg.2016.2599058"", ""10.1109/tvcg.2020.3030345"", ""10.1109/tvcg.2022.3209367"", ""10.1109/vast.2006.261424"", ""10.1109/vast.2009.5333431""]"
I107077323,Meshes & Volume Rendering,2,"[""10.1109/visual.1991.175797"", ""10.1109/visual.1999.809936""]"
I107077323,Time Series & Temporal Patterns,12,"[""10.1109/infvis.2003.1249015"", ""10.1109/infvis.2003.1249016"", ""10.1109/infvis.2004.15"", ""10.1109/infvis.2004.71"", ""10.1109/tvcg.2006.161"", ""10.1109/tvcg.2023.3327165"", ""10.1109/tvcg.2024.3456309"", ""10.1109/vast.2007.4389000"", ""10.1109/vast.2011.6102450"", ""10.1109/visual.1990.146386"", ""10.1109/visual.1994.346302"", ""10.1109/visual.1999.809866""]"
I107077323,Twitter & Social Media,2,"[""10.1109/tvcg.2018.2865117"", ""10.1109/vast.2006.261425""]"
I107257983,Surgical Planning & Tomography,1,"[""10.1109/visual.1992.235229""]"
I107371206,Surgical Planning & Tomography,1,"[""10.1109/tvcg.2020.3030354""]"
I107606265,Dimensionality Reduction & Multivariate Plots,1,"[""10.1109/tvcg.2011.253""]"
I107639228,Diffusion MRI & Tractography,2,"[""10.1109/tvcg.2015.2468031"", ""10.1109/tvcg.2024.3456342""]"
I107639228,Dimensionality Reduction & Multivariate Plots,4,"[""10.1109/tvcg.2018.2864808"", ""10.1109/tvcg.2019.2934255"", ""10.1109/tvcg.2020.3030346"", ""10.1109/tvcg.2021.3114815""]"
I107639228,Ultrasound Volume Rendering & Segmentation,1,"[""10.1109/vast.2011.6102458""]"
I107766831,Surgical Planning & Tomography,1,"[""10.1109/visual.2001.964520""]"
I10824318,Twitter & Social Media,1,"[""10.1109/tvcg.2012.200""]"
I108290504,Dimensionality Reduction & Multivariate Plots,1,"[""10.1109/vast.2009.5332584""]"
I108464949,Dimensionality Reduction & Multivariate Plots,1,"[""10.1109/visual.1998.745303""]"
I109935558,Flow Fields & CFD Visualization,1,"[""10.1109/tvcg.2024.3456328""]"
I110152177,VIS Literature & Bibliometrics,1,"[""10.1109/visual.1996.568145""]"
I110378019,Dimensionality Reduction & Multivariate Plots,1,"[""10.1109/tvcg.2009.114""]"
I111088046,Meshes & Volume Rendering,2,"[""10.1109/tvcg.2015.2467441"", ""10.1109/visual.1997.663916""]"
I111277659,Dimensionality Reduction & Multivariate Plots,1,"[""10.1109/tvcg.2012.189""]"
I111483173,Dimensionality Reduction & Multivariate Plots,1,"[""10.1109/tvcg.2014.2346291""]"
I1118541,Diffusion MRI & Tractography,1,"[""10.1109/visual.2002.1183763""]"
I1118541,Dimensionality Reduction & Multivariate Plots,1,"[""10.1109/tvcg.2017.2744058""]"
I1118541,Meshes & Volume Rendering,1,"[""10.1109/visual.1996.568104""]"
I1118541,VIS Literature & Bibliometrics,1,"[""10.1109/visual.1995.480802""]"
I111979921,Diffusion MRI & Tractography,1,"[""10.1109/tvcg.2012.272""]"
I111979921,Dimensionality Reduction & Multivariate Plots,20,"[""10.1109/infvis.2005.1532142"", ""10.1109/tvcg.2013.183"", ""10.1109/tvcg.2014.2346979"", ""10.1109/tvcg.2017.2744478"", ""10.1109/tvcg.2018.2864884"", ""10.1109/tvcg.2018.2865193"", ""10.1109/tvcg.2018.2865233"", ""10.1109/tvcg.2019.2934786"", ""10.1109/tvcg.2020.3030429"", ""10.1109/tvcg.2021.3114679"", ""10.1109/tvcg.2021.3114820"", ""10.1109/tvcg.2021.3114823"", ""10.1109/tvcg.2022.3209348"", ""10.1109/tvcg.2022.3209405"", ""10.1109/tvcg.2023.3326513"", ""10.1109/tvcg.2023.3326516"", ""10.1109/tvcg.2023.3327195"", ""10.1109/tvcg.2023.3327356"", ""10.1109/tvcg.2024.3456366"", ""10.1109/tvcg.2024.3456402""]"
I111979921,Meshes & Volume Rendering,2,"[""10.1109/tvcg.2021.3114782"", ""10.1109/tvcg.2023.3326583""]"
I111979921,Surgical Planning & Tomography,1,"[""10.1109/tvcg.2023.3326591""]"
I111979921,Time Series & Temporal Patterns,5,"[""10.1109/tvcg.2010.197"", ""10.1109/tvcg.2023.3326943"", ""10.1109/tvcg.2023.3327165"", ""10.1109/tvcg.2024.3456291"", ""10.1109/tvcg.2024.3456309""]"
I111979921,VIS Literature & Bibliometrics,2,"[""10.1109/tvcg.2014.2346424"", ""10.1109/tvcg.2024.3456405""]"
I112260969,Dimensionality Reduction & Multivariate Plots,3,"[""10.1109/tvcg.2007.70582"", ""10.1109/tvcg.2009.151"", ""10.1109/tvcg.2010.205""]"
I112756935,Dimensionality Reduction & Multivariate Plots,1,"[""10.1109/tvcg.2019.2934337""]"
I113508548,Dimensionality Reduction & Multivariate Plots,1,"[""10.1109/visual.1997.663915""]"
I113979032,Dimensionality Reduction & Multivariate Plots,3,"[""10.1109/tvcg.2016.2598590"", ""10.1109/tvcg.2020.3030406"", ""10.1109/vast.2014.7042487""]"
I114017466,Diffusion MRI & Tractography,2,"[""10.1109/infvis.2002.1173152"", ""10.1109/tvcg.2019.2934535""]"
I114017466,Dimensionality Reduction & Multivariate Plots,2,"[""10.1109/vast.2016.7883510"", ""10.1109/vast.2017.8585638""]"
I114027177,Dimensionality Reduction & Multivariate Plots,30,"[""10.1109/tvcg.2007.70567"", ""10.1109/tvcg.2008.111"", ""10.1109/tvcg.2010.176"", ""10.1109/tvcg.2014.2346574"", ""10.1109/tvcg.2014.2346682"", ""10.1109/tvcg.2017.2745320"", ""10.1109/tvcg.2018.2864885"", ""10.1109/tvcg.2019.2934209"", ""10.1109/tvcg.2019.2934661"", ""10.1109/tvcg.2020.3030455"", ""10.1109/tvcg.2020.3030465"", ""10.1109/tvcg.2021.3114779"", ""10.1109/tvcg.2022.3209445"", ""10.1109/tvcg.2024.3456369"", ""10.1109/tvcg.2024.3456381"", ""10.1109/tvcg.2024.3456385"", ""10.1109/visual.1996.568114"", ""10.1109/visual.1997.663903"", ""10.1109/visual.1997.663908"", ""10.1109/visual.1998.745305"", ""10.1109/visual.1998.745313"", ""10.1109/visual.2000.885684"", ""10.1109/visual.2001.964499"", ""10.1109/visual.2001.964504"", ""10.1109/visual.2001.964508"", ""10.1109/visual.2002.1183759"", ""10.1109/visual.2003.1250360"", ""10.1109/visual.2003.1250408"", ""10.1109/visual.2004.86"", ""10.1109/visual.2004.96""]"
I114027177,Flow Fields & CFD Visualization,3,"[""10.1109/visual.1993.398882"", ""10.1109/visual.1995.480793"", ""10.1109/visual.2000.885712""]"
I114027177,Meshes & Volume Rendering,6,"[""10.1109/tvcg.2023.3327198"", ""10.1109/visual.1997.663929"", ""10.1109/visual.2001.964526"", ""10.1109/visual.2004.37"", ""10.1109/visual.2004.46"", ""10.1109/visual.2005.1532829""]"
I114027177,Surgical Planning & Tomography,1,"[""10.1109/tvcg.2024.3456359""]"
I114027177,Time Series & Temporal Patterns,2,"[""10.1109/tvcg.2022.3209442"", ""10.1109/tvcg.2023.3327201""]"
I114073160,Time Series & Temporal Patterns,1,"[""10.1109/tvcg.2017.2745085""]"
I114395901,Meshes & Volume Rendering,1,"[""10.1109/tvcg.2014.2346423""]"
I114457229,Dimensionality Reduction & Multivariate Plots,1,"[""10.1109/visual.1999.809885""]"
I114832834,Diffusion MRI & Tractography,1,"[""10.1109/visual.1991.175800""]"
I114832834,Dimensionality Reduction & Multivariate Plots,1,"[""10.1109/tvcg.2024.3456143""]"
I114832834,Twitter & Social Media,3,"[""10.1109/tvcg.2018.2864432"", ""10.1109/tvcg.2021.3114872"", ""10.1109/tvcg.2024.3456395""]"
I115752224,Diffusion MRI & Tractography,1,"[""10.1109/tvcg.2010.136""]"
I115752224,Flow Fields & CFD Visualization,1,"[""10.1109/tvcg.2006.115""]"
I11662577,Dimensionality Reduction & Multivariate Plots,1,"[""10.1109/infvis.2005.1532130""]"
I116953780,Dimensionality Reduction & Multivariate Plots,12,"[""10.1109/tvcg.2012.291"", ""10.1109/tvcg.2017.2744159"", ""10.1109/tvcg.2017.2745320"", ""10.1109/tvcg.2018.2864885"", ""10.1109/tvcg.2020.3030465"", ""10.1109/tvcg.2021.3114779"", ""10.1109/tvcg.2021.3114804"", ""10.1109/tvcg.2022.3209461"", ""10.1109/tvcg.2023.3326925"", ""10.1109/tvcg.2023.3327385"", ""10.1109/tvcg.2023.3327387"", ""10.1109/tvcg.2024.3456346""]"
I116953780,Flow Fields & CFD Visualization,2,"[""10.1109/tvcg.2022.3209486"", ""10.1109/tvcg.2023.3327200""]"
I116953780,Surgical Planning & Tomography,5,"[""10.1109/tvcg.2020.3030403"", ""10.1109/tvcg.2021.3114774"", ""10.1109/tvcg.2021.3114775"", ""10.1109/tvcg.2022.3209409"", ""10.1109/tvcg.2022.3209428""]"
I116953780,Ultrasound Volume Rendering & Segmentation,2,"[""10.1109/tvcg.2017.2744419"", ""10.1109/tvcg.2018.2864825""]"
I1174212,Dimensionality Reduction & Multivariate Plots,3,"[""10.1109/tvcg.2016.2598472"", ""10.1109/visual.1996.568122"", ""10.1109/visual.1997.663892""]"
I1174212,Flow Fields & CFD Visualization,1,"[""10.1109/vast.2010.5652890""]"
I1174212,Meshes & Volume Rendering,1,"[""10.1109/visual.1998.745290""]"
I1174212,Time Series & Temporal Patterns,1,"[""10.1109/visual.1990.146402""]"
I118019719,Meshes & Volume Rendering,1,"[""10.1109/tvcg.2024.3456329""]"
I118118575,Dimensionality Reduction & Multivariate Plots,1,"[""10.1109/tvcg.2019.2934540""]"
I118347636,Diffusion MRI & Tractography,1,"[""10.1109/visual.1993.398879""]"
I118347636,Dimensionality Reduction & Multivariate Plots,1,"[""10.1109/vast47406.2019.8986934""]"
I118353179,Dimensionality Reduction & Multivariate Plots,1,"[""10.1109/tvcg.2016.2598839""]"
I118353179,Time Series & Temporal Patterns,1,"[""10.1109/tvcg.2017.2745078""]"
I118501908,Dimensionality Reduction & Multivariate Plots,1,"[""10.1109/tvcg.2022.3209462""]"
I118564535,Dimensionality Reduction & Multivariate Plots,1,"[""10.1109/visual.2005.1532786""]"
I118692353,Meshes & Volume Rendering,1,"[""10.1109/tvcg.2010.168""]"
I119003972,Ultrasound Volume Rendering & Segmentation,1,"[""10.1109/tvcg.2006.185""]"
I11957088,VIS Literature & Bibliometrics,1,"[""10.1109/tvcg.2011.246""]"
I119888943,Time Series & Temporal Patterns,1,"[""10.1109/tvcg.2015.2467153""]"
I120250893,Dimensionality Reduction & Multivariate Plots,1,"[""10.1109/vast.2017.8585505""]"
I12097938,Diffusion MRI & Tractography,1,"[""10.1109/tvcg.2007.70597""]"
I121748325,Dimensionality Reduction & Multivariate Plots,1,"[""10.1109/visual.2002.1183800""]"
I121797337,Dimensionality Reduction & Multivariate Plots,1,"[""10.1109/tvcg.2022.3209427""]"
I121820613,Dimensionality Reduction & Multivariate Plots,2,"[""10.1109/tvcg.2022.3209375"", ""10.1109/visual.2005.1532793""]"
I121883995,Dimensionality Reduction & Multivariate Plots,5,"[""10.1109/tvcg.2016.2598468"", ""10.1109/tvcg.2017.2745298"", ""10.1109/tvcg.2018.2865024"", ""10.1109/tvcg.2018.2865149"", ""10.1109/tvcg.2023.3326936""]"
I121883995,Flow Fields & CFD Visualization,5,"[""10.1109/tvcg.2013.154"", ""10.1109/tvcg.2014.2346752"", ""10.1109/tvcg.2023.3326525"", ""10.1109/tvcg.2024.3456186"", ""10.1109/tvcg.2024.3456347""]"
I121883995,Meshes & Volume Rendering,1,"[""10.1109/tvcg.2014.2346260""]"
I121883995,Time Series & Temporal Patterns,2,"[""10.1109/tvcg.2013.173"", ""10.1109/tvcg.2014.2346578""]"
I121934306,Dimensionality Reduction & Multivariate Plots,15,"[""10.1109/tvcg.2012.195"", ""10.1109/tvcg.2014.2346575"", ""10.1109/tvcg.2014.2346979"", ""10.1109/tvcg.2015.2467758"", ""10.1109/tvcg.2016.2598588"", ""10.1109/tvcg.2018.2865264"", ""10.1109/tvcg.2019.2934802"", ""10.1109/tvcg.2020.3030338"", ""10.1109/tvcg.2020.3030372"", ""10.1109/tvcg.2020.3030443"", ""10.1109/tvcg.2021.3114796"", ""10.1109/tvcg.2024.3456305"", ""10.1109/vast.2010.5653598"", ""10.1109/vast.2011.6102445"", ""10.1109/vast.2011.6102461""]"
I121934306,Flow Fields & CFD Visualization,2,"[""10.1109/tvcg.2019.2934556"", ""10.1109/tvcg.2023.3326904""]"
I121934306,Surgical Planning & Tomography,1,"[""10.1109/tvcg.2019.2934261""]"
I121934306,Time Series & Temporal Patterns,2,"[""10.1109/tvcg.2024.3456391"", ""10.1109/vast.2012.6400486""]"
I121934306,VIS Literature & Bibliometrics,1,"[""10.1109/vast.2010.5653599""]"
I121980950,Meshes & Volume Rendering,1,"[""10.1109/tvcg.2020.3030363""]"
I122140584,Dimensionality Reduction & Multivariate Plots,1,"[""10.1109/tvcg.2023.3326514""]"
I122411786,Diffusion MRI & Tractography,3,"[""10.1109/visual.1998.745294"", ""10.1109/visual.2002.1183799"", ""10.1109/visual.2003.1250425""]"
I122411786,Dimensionality Reduction & Multivariate Plots,8,"[""10.1109/tvcg.2018.2865147"", ""10.1109/vast.2008.4677353"", ""10.1109/visual.2000.885705"", ""10.1109/visual.2001.964524"", ""10.1109/visual.2001.964527"", ""10.1109/visual.2001.964529"", ""10.1109/visual.2002.1183773"", ""10.1109/visual.2004.102""]"
I122411786,Meshes & Volume Rendering,2,"[""10.1109/visual.2001.964562"", ""10.1109/visual.2004.47""]"
I122754148,Dimensionality Reduction & Multivariate Plots,1,"[""10.1109/infvis.2003.1249024""]"
I122991210,Diffusion MRI & Tractography,1,"[""10.1109/tvcg.2010.136""]"
I122991210,Dimensionality Reduction & Multivariate Plots,8,"[""10.1109/tvcg.2008.186"", ""10.1109/tvcg.2011.165"", ""10.1109/vast.2009.5332584"", ""10.1109/visual.1998.745285"", ""10.1109/visual.2000.885680"", ""10.1109/visual.2003.1250366"", ""10.1109/visual.2003.1250407"", ""10.1109/visual.2005.1532797""]"
I122991210,Meshes & Volume Rendering,1,"[""10.1109/visual.1993.398904""]"
I12315562,Dimensionality Reduction & Multivariate Plots,1,"[""10.1109/tvcg.2018.2864913""]"
I123387679,Dimensionality Reduction & Multivariate Plots,2,"[""10.1109/infvis.2005.1532137"", ""10.1109/tvcg.2024.3456167""]"
I123387679,Flow Fields & CFD Visualization,2,"[""10.1109/infvis.2001.963291"", ""10.1109/infvis.2002.1173147""]"
I123431417,Diffusion MRI & Tractography,1,"[""10.1109/tvcg.2018.2864491""]"
I123431417,Flow Fields & CFD Visualization,3,"[""10.1109/tvcg.2017.2744258"", ""10.1109/tvcg.2020.3030415"", ""10.1109/visual.2004.7""]"
I12356871,Dimensionality Reduction & Multivariate Plots,3,"[""10.1109/tvcg.2015.2467035"", ""10.1109/tvcg.2017.2745958"", ""10.1109/tvcg.2019.2934790""]"
I12356871,Flow Fields & CFD Visualization,4,"[""10.1109/tvcg.2014.2346403"", ""10.1109/tvcg.2015.2467201"", ""10.1109/tvcg.2019.2934534"", ""10.1109/tvcg.2019.2934593""]"
I12356871,Time Series & Temporal Patterns,1,"[""10.1109/tvcg.2014.2346984""]"
I12356871,Twitter & Social Media,2,"[""10.1109/tvcg.2012.228"", ""10.1109/tvcg.2014.2346432""]"
I123900574,Dimensionality Reduction & Multivariate Plots,2,"[""10.1109/tvcg.2006.169"", ""10.1109/tvcg.2020.3030414""]"
I124055696,Dimensionality Reduction & Multivariate Plots,2,"[""10.1109/tvcg.2015.2467951"", ""10.1109/tvcg.2016.2598498""]"
I124055696,Flow Fields & CFD Visualization,4,"[""10.1109/tvcg.2013.166"", ""10.1109/tvcg.2013.170"", ""10.1109/tvcg.2016.2598608"", ""10.1109/tvcg.2020.3028894""]"
I124055696,Time Series & Temporal Patterns,2,"[""10.1109/tvcg.2014.2346292"", ""10.1109/tvcg.2023.3327378""]"
I124227911,Dimensionality Reduction & Multivariate Plots,5,"[""10.1109/vast.2008.4677359"", ""10.1109/visual.1999.809877"", ""10.1109/visual.2000.885713"", ""10.1109/visual.2001.964534"", ""10.1109/visual.2002.1183760""]"
I124261462,VIS Literature & Bibliometrics,1,"[""10.1109/visual.2004.112""]"
I124357947,Dimensionality Reduction & Multivariate Plots,1,"[""10.1109/visual.1991.175801""]"
I124357947,Meshes & Volume Rendering,1,"[""10.1109/tvcg.2016.2598789""]"
I124357947,Surgical Planning & Tomography,1,"[""10.1109/tvcg.2018.2864836""]"
I124357947,Time Series & Temporal Patterns,1,"[""10.1109/tvcg.2018.2865241""]"
I125749732,Twitter & Social Media,1,"[""10.1109/visual.1992.235216""]"
I125839683,Diffusion MRI & Tractography,1,"[""10.1109/tvcg.2024.3456389""]"
I125839683,Dimensionality Reduction & Multivariate Plots,2,"[""10.1109/scivis.2015.7429489"", ""10.1109/tvcg.2022.3209354""]"
I126307644,Dimensionality Reduction & Multivariate Plots,3,"[""10.1109/tvcg.2019.2934546"", ""10.1109/tvcg.2023.3326939"", ""10.1109/tvcg.2024.3456160""]"
I126533617,Diffusion MRI & Tractography,1,"[""10.1109/visual.1990.146362""]"
I126633494,Dimensionality Reduction & Multivariate Plots,1,"[""10.1109/tvcg.2020.3030338""]"
I126744593,Diffusion MRI & Tractography,3,"[""10.1109/tvcg.2014.2346411"", ""10.1109/visual.2002.1183777"", ""10.1109/visual.2002.1183828""]"
I126744593,Dimensionality Reduction & Multivariate Plots,3,"[""10.1109/infvis.2005.1532149"", ""10.1109/visual.1999.809913"", ""10.1109/visual.2002.1183769""]"
I126744593,Time Series & Temporal Patterns,1,"[""10.1109/infvis.2005.1532140""]"
I126744593,Twitter & Social Media,1,"[""10.1109/visual.1999.809882""]"
I126744593,VIS Literature & Bibliometrics,1,"[""10.1109/visual.2005.1532857""]"
I126820664,Dimensionality Reduction & Multivariate Plots,2,"[""10.1109/tvcg.2017.2743898"", ""10.1109/tvcg.2021.3114796""]"
I126863827,Twitter & Social Media,1,"[""10.1109/visual.1992.235198""]"
I127317711,Time Series & Temporal Patterns,1,"[""10.1109/infvis.2005.1532144""]"
I127558574,Meshes & Volume Rendering,1,"[""10.1109/tvcg.2012.217""]"
I1280414376,Dimensionality Reduction & Multivariate Plots,1,"[""10.1109/tvcg.2016.2598667""]"
I1280536761,Dashboards & Infographics,1,"[""10.1109/visual.2003.1250420""]"
I1280536761,Dimensionality Reduction & Multivariate Plots,6,"[""10.1109/tvcg.2011.252"", ""10.1109/visual.1998.745289"", ""10.1109/visual.1998.745331"", ""10.1109/visual.1998.745336"", ""10.1109/visual.2001.964550"", ""10.1109/visual.2001.964564""]"
I1280536761,Flow Fields & CFD Visualization,2,"[""10.1109/visual.1991.175831"", ""10.1109/visual.1999.809864""]"
I1280536761,Meshes & Volume Rendering,18,"[""10.1109/visual.1991.175771"", ""10.1109/visual.1991.175773"", ""10.1109/visual.1992.235196"", ""10.1109/visual.1992.235211"", ""10.1109/visual.1993.398848"", ""10.1109/visual.1994.346311"", ""10.1109/visual.1994.346313"", ""10.1109/visual.1995.485145"", ""10.1109/visual.1995.485146"", ""10.1109/visual.1996.568117"", ""10.1109/visual.1997.663898"", ""10.1109/visual.1997.663910"", ""10.1109/visual.1997.663911"", ""10.1109/visual.1998.745297"", ""10.1109/visual.1999.809906"", ""10.1109/visual.2000.885690"", ""10.1109/visual.2004.55"", ""10.1109/visual.2005.1532831""]"
I1280536761,Surgical Planning & Tomography,2,"[""10.1109/visual.1999.809910"", ""10.1109/visual.1999.809911""]"
I1280536761,VIS Literature & Bibliometrics,5,"[""10.1109/tvcg.2006.128"", ""10.1109/visual.1990.146398"", ""10.1109/visual.1992.235202"", ""10.1109/visual.1996.568115"", ""10.1109/visual.1997.663888""]"
I1282105669,Diffusion MRI & Tractography,2,"[""10.1109/tvcg.2015.2468031"", ""10.1109/tvcg.2016.2599040""]"
I1282105669,Dimensionality Reduction & Multivariate Plots,6,"[""10.1109/tvcg.2018.2864808"", ""10.1109/tvcg.2019.2934312"", ""10.1109/tvcg.2022.3209413"", ""10.1109/tvcg.2023.3326905"", ""10.1109/tvcg.2024.3456182"", ""10.1109/vast.2017.8585646""]"
I1282105669,Meshes & Volume Rendering,4,"[""10.1109/scivis.2015.7429492"", ""10.1109/tvcg.2015.2466838"", ""10.1109/tvcg.2017.2744059"", ""10.1109/tvcg.2023.3327366""]"
I1282105669,Surgical Planning & Tomography,1,"[""10.1109/visual.1994.346341""]"
I1282105669,Twitter & Social Media,3,"[""10.1109/tvcg.2012.287"", ""10.1109/tvcg.2015.2467432"", ""10.1109/tvcg.2023.3326920""]"
I1282105669,VIS Literature & Bibliometrics,1,"[""10.1109/tvcg.2016.2599041""]"
I1282113950,Ultrasound Volume Rendering & Segmentation,1,"[""10.1109/vast.2007.4388994""]"
I1282311441,Dashboards & Infographics,7,"[""10.1109/tvcg.2006.143"", ""10.1109/tvcg.2014.2346458"", ""10.1109/tvcg.2015.2467412"", ""10.1109/tvcg.2020.3030381"", ""10.1109/tvcg.2023.3327186"", ""10.1109/visual.2000.885720"", ""10.1109/visual.2001.964525""]"
I1282311441,Dimensionality Reduction & Multivariate Plots,23,"[""10.1109/tvcg.2006.162"", ""10.1109/tvcg.2006.171"", ""10.1109/tvcg.2007.70587"", ""10.1109/tvcg.2011.199"", ""10.1109/tvcg.2012.286"", ""10.1109/tvcg.2013.174"", ""10.1109/tvcg.2014.2346456"", ""10.1109/tvcg.2017.2745141"", ""10.1109/tvcg.2018.2864853"", ""10.1109/tvcg.2018.2865230"", ""10.1109/tvcg.2020.3030357"", ""10.1109/visual.1991.175785"", ""10.1109/visual.1992.235192"", ""10.1109/visual.1992.235210"", ""10.1109/visual.1993.398877"", ""10.1109/visual.1996.568119"", ""10.1109/visual.1997.663860"", ""10.1109/visual.2000.885717"", ""10.1109/visual.2000.885724"", ""10.1109/visual.2003.1250408"", ""10.1109/visual.2004.4"", ""10.1109/visual.2005.1532800"", ""10.1109/visual.2005.1532815""]"
I1282311441,Flow Fields & CFD Visualization,1,"[""10.1109/visual.1993.398873""]"
I1282311441,Meshes & Volume Rendering,10,"[""10.1109/tvcg.2006.186"", ""10.1109/tvcg.2007.70595"", ""10.1109/tvcg.2011.162"", ""10.1109/tvcg.2017.2744079"", ""10.1109/visual.1993.398846"", ""10.1109/visual.1994.346312"", ""10.1109/visual.1995.480819"", ""10.1109/visual.1995.485146"", ""10.1109/visual.2002.1183830"", ""10.1109/visual.2004.68""]"
I1282311441,Twitter & Social Media,14,"[""10.1109/tvcg.2007.70603"", ""10.1109/tvcg.2008.110"", ""10.1109/tvcg.2010.213"", ""10.1109/tvcg.2011.244"", ""10.1109/tvcg.2011.245"", ""10.1109/tvcg.2012.209"", ""10.1109/tvcg.2012.287"", ""10.1109/tvcg.2015.2467432"", ""10.1109/tvcg.2018.2864848"", ""10.1109/tvcg.2019.2934257"", ""10.1109/tvcg.2019.2934594"", ""10.1109/tvcg.2021.3114819"", ""10.1109/visual.1998.745284"", ""10.1109/visual.2003.1250365""]"
I1282311441,VIS Literature & Bibliometrics,4,"[""10.1109/visual.1991.175811"", ""10.1109/visual.1992.235203"", ""10.1109/visual.1998.745340"", ""10.1109/visual.2005.1532795""]"
I1282770075,Meshes & Volume Rendering,1,"[""10.1109/visual.1990.146373""]"
I1282927834,Diffusion MRI & Tractography,1,"[""10.1109/visual.1998.745294""]"
I1283103587,Dimensionality Reduction & Multivariate Plots,18,"[""10.1109/infvis.2000.885089"", ""10.1109/infvis.2002.1173144"", ""10.1109/infvis.2004.66"", ""10.1109/infvis.2005.1532130"", ""10.1109/tvcg.2006.156"", ""10.1109/tvcg.2012.236"", ""10.1109/tvcg.2014.2346325"", ""10.1109/visual.1990.146369"", ""10.1109/visual.1991.175816"", ""10.1109/visual.1992.235206"", ""10.1109/visual.1992.235214"", ""10.1109/visual.1993.398870"", ""10.1109/visual.1999.809870"", ""10.1109/visual.1999.809875"", ""10.1109/visual.2001.964489"", ""10.1109/visual.2001.964502"", ""10.1109/visual.2001.964534"", ""10.1109/visual.2003.1250360""]"
I1283103587,Flow Fields & CFD Visualization,2,"[""10.1109/vast.2015.7347627"", ""10.1109/visual.1991.175786""]"
I1283103587,Time Series & Temporal Patterns,2,"[""10.1109/infvis.1998.729556"", ""10.1109/infvis.1998.729559""]"
I1283103587,Ultrasound Volume Rendering & Segmentation,1,"[""10.1109/visual.1999.809930""]"
I1283220839,Flow Fields & CFD Visualization,1,"[""10.1109/tvcg.2022.3209437""]"
I1283220839,VIS Literature & Bibliometrics,1,"[""10.1109/tvcg.2016.2598695""]"
I1283280774,Diffusion MRI & Tractography,3,"[""10.1109/tvcg.2006.134"", ""10.1109/tvcg.2009.112"", ""10.1109/visual.2003.1250424""]"
I1283280774,Dimensionality Reduction & Multivariate Plots,4,"[""10.1109/tvcg.2008.148"", ""10.1109/tvcg.2011.192"", ""10.1109/tvcg.2019.2934402"", ""10.1109/tvcg.2021.3114786""]"
I1283382300,Dimensionality Reduction & Multivariate Plots,1,"[""10.1109/visual.1997.663928""]"
I1283382300,Meshes & Volume Rendering,1,"[""10.1109/visual.1999.809918""]"
I1283582996,Flow Fields & CFD Visualization,2,"[""10.1109/tvcg.2013.154"", ""10.1109/tvcg.2014.2346752""]"
I1283595831,Dimensionality Reduction & Multivariate Plots,1,"[""10.1109/tvcg.2015.2468078""]"
I1286329397,Twitter & Social Media,1,"[""10.1109/scivis.2015.7429486""]"
I1286353243,Dimensionality Reduction & Multivariate Plots,4,"[""10.1109/tvcg.2015.2468151"", ""10.1109/tvcg.2016.2598469"", ""10.1109/tvcg.2017.2745118"", ""10.1109/tvcg.2017.2745279""]"
I1286353243,Flow Fields & CFD Visualization,2,"[""10.1109/tvcg.2016.2598444"", ""10.1109/tvcg.2021.3114844""]"
I1286704778,VIS Literature & Bibliometrics,2,"[""10.1109/visual.1992.235180"", ""10.1109/visual.2004.112""]"
I1286959531,Dimensionality Reduction & Multivariate Plots,1,"[""10.1109/tvcg.2017.2743998""]"
I1287378978,Dimensionality Reduction & Multivariate Plots,1,"[""10.1109/tvcg.2023.3326589""]"
I1287521167,Twitter & Social Media,1,"[""10.1109/infvis.1995.528694""]"
I1288214837,Dimensionality Reduction & Multivariate Plots,4,"[""10.1109/vast.2009.5332586"", ""10.1109/visual.1995.480791"", ""10.1109/visual.1997.663882"", ""10.1109/visual.1999.809900""]"
I1288214837,Meshes & Volume Rendering,5,"[""10.1109/visual.1992.235212"", ""10.1109/visual.1996.568128"", ""10.1109/visual.1998.745344"", ""10.1109/visual.1998.745350"", ""10.1109/visual.2000.885727""]"
I1288214837,Time Series & Temporal Patterns,2,"[""10.1109/tvcg.2011.194"", ""10.1109/tvcg.2012.223""]"
I1288214837,Twitter & Social Media,1,"[""10.1109/infvis.1996.559225""]"
I1288214837,VIS Literature & Bibliometrics,1,"[""10.1109/visual.1991.175784""]"
I1288783943,Flow Fields & CFD Visualization,1,"[""10.1109/tvcg.2023.3326580""]"
I1288882113,Dimensionality Reduction & Multivariate Plots,1,"[""10.1109/tvcg.2014.2346459""]"
I1289243028,Dimensionality Reduction & Multivariate Plots,7,"[""10.1109/tvcg.2006.175"", ""10.1109/tvcg.2008.184"", ""10.1109/tvcg.2014.2346755"", ""10.1109/tvcg.2015.2467551"", ""10.1109/tvcg.2022.3209424"", ""10.1109/tvcg.2022.3209495"", ""10.1109/tvcg.2024.3456393""]"
I1289243028,Meshes & Volume Rendering,1,"[""10.1109/tvcg.2010.133""]"
I1289243028,Surgical Planning & Tomography,2,"[""10.1109/visual.2003.1250391"", ""10.1109/visual.2004.110""]"
I1289243028,Twitter & Social Media,2,"[""10.1109/tvcg.2012.287"", ""10.1109/tvcg.2023.3326592""]"
I1289243028,Ultrasound Volume Rendering & Segmentation,1,"[""10.1109/tvcg.2018.2865029""]"
I1289490764,Meshes & Volume Rendering,1,"[""10.1109/vast.2007.4388997""]"
I1289530486,Meshes & Volume Rendering,1,"[""10.1109/tvcg.2009.116""]"
I1290206253,Diffusion MRI & Tractography,3,"[""10.1109/tvcg.2010.210"", ""10.1109/tvcg.2022.3209450"", ""10.1109/visual.2003.1250392""]"
I1290206253,Dimensionality Reduction & Multivariate Plots,22,"[""10.1109/tvcg.2007.70561"", ""10.1109/tvcg.2008.130"", ""10.1109/tvcg.2009.109"", ""10.1109/tvcg.2010.175"", ""10.1109/tvcg.2010.194"", ""10.1109/tvcg.2010.222"", ""10.1109/tvcg.2012.275"", ""10.1109/tvcg.2012.291"", ""10.1109/tvcg.2013.151"", ""10.1109/tvcg.2014.2346293"", ""10.1109/tvcg.2014.2346433"", ""10.1109/tvcg.2014.2346919"", ""10.1109/tvcg.2014.2346920"", ""10.1109/tvcg.2016.2598958"", ""10.1109/tvcg.2018.2865142"", ""10.1109/tvcg.2018.2865234"", ""10.1109/tvcg.2023.3327354"", ""10.1109/tvcg.2024.3456320"", ""10.1109/vast.2008.4677364"", ""10.1109/vast.2010.5652880"", ""10.1109/visual.1998.745282"", ""10.1109/visual.1999.809869""]"
I1290206253,Flow Fields & CFD Visualization,3,"[""10.1109/tvcg.2018.2864903"", ""10.1109/tvcg.2018.2865145"", ""10.1109/tvcg.2023.3326585""]"
I1290206253,Meshes & Volume Rendering,2,"[""10.1109/tvcg.2007.70537"", ""10.1109/tvcg.2009.146""]"
I1290206253,Surgical Planning & Tomography,4,"[""10.1109/tvcg.2013.119"", ""10.1109/tvcg.2013.191"", ""10.1109/tvcg.2021.3114826"", ""10.1109/tvcg.2021.3114849""]"
I1290206253,Time Series & Temporal Patterns,3,"[""10.1109/tvcg.2011.186"", ""10.1109/tvcg.2011.251"", ""10.1109/tvcg.2012.204""]"
I1290206253,Twitter & Social Media,2,"[""10.1109/tvcg.2014.2346747"", ""10.1109/vast.2010.5652896""]"
I1290206253,Ultrasound Volume Rendering & Segmentation,1,"[""10.1109/vast.2010.5652910""]"
I1290206253,VIS Literature & Bibliometrics,2,"[""10.1109/tvcg.2008.125"", ""10.1109/tvcg.2019.2934397""]"
I12912129,Dimensionality Reduction & Multivariate Plots,11,"[""10.1109/tvcg.2012.291"", ""10.1109/tvcg.2018.2865076"", ""10.1109/tvcg.2020.3030434"", ""10.1109/tvcg.2021.3114756"", ""10.1109/tvcg.2022.3209359"", ""10.1109/tvcg.2022.3209443"", ""10.1109/tvcg.2022.3209457"", ""10.1109/tvcg.2023.3326589"", ""10.1109/tvcg.2023.3326590"", ""10.1109/tvcg.2024.3456349"", ""10.1109/tvcg.2024.3456396""]"
I12912129,Flow Fields & CFD Visualization,5,"[""10.1109/tvcg.2022.3209421"", ""10.1109/tvcg.2023.3326919"", ""10.1109/tvcg.2023.3327158"", ""10.1109/tvcg.2023.3327368"", ""10.1109/tvcg.2024.3456344""]"
I12912129,Meshes & Volume Rendering,1,"[""10.1109/tvcg.2022.3209407""]"
I12912129,Time Series & Temporal Patterns,1,"[""10.1109/tvcg.2020.3030472""]"
I12912129,Ultrasound Volume Rendering & Segmentation,1,"[""10.1109/tvcg.2022.3209412""]"
I1291425158,Dimensionality Reduction & Multivariate Plots,6,"[""10.1109/infvis.2003.1249007"", ""10.1109/tvcg.2007.70617"", ""10.1109/tvcg.2012.224"", ""10.1109/tvcg.2014.2346297"", ""10.1109/tvcg.2017.2744478"", ""10.1109/tvcg.2024.3456354""]"
I1291425158,Surgical Planning & Tomography,3,"[""10.1109/tvcg.2017.2744878"", ""10.1109/tvcg.2018.2864500"", ""10.1109/tvcg.2019.2934619""]"
I1291425158,Time Series & Temporal Patterns,1,"[""10.1109/tvcg.2015.2467195""]"
I1291425158,Twitter & Social Media,1,"[""10.1109/vast.2007.4389008""]"
I1292875679,Diffusion MRI & Tractography,1,"[""10.1109/visual.1993.398881""]"
I1292875679,Dimensionality Reduction & Multivariate Plots,1,"[""10.1109/tvcg.2016.2598885""]"
I1292875679,Flow Fields & CFD Visualization,1,"[""10.1109/tvcg.2018.2865192""]"
I1292875679,VIS Literature & Bibliometrics,2,"[""10.1109/visual.1990.146372"", ""10.1109/visual.1991.175830""]"
I1292974536,Dimensionality Reduction & Multivariate Plots,2,"[""10.1109/visual.1992.235200"", ""10.1109/visual.2001.964518""]"
I1294297726,Surgical Planning & Tomography,3,"[""10.1109/tvcg.2012.244"", ""10.1109/tvcg.2019.2934401"", ""10.1109/tvcg.2020.3030412""]"
I1294671590,Dashboards & Infographics,1,"[""10.1109/visual.1999.809898""]"
I1294671590,Dimensionality Reduction & Multivariate Plots,9,"[""10.1109/infvis.2004.47"", ""10.1109/tvcg.2011.160"", ""10.1109/tvcg.2018.2865142"", ""10.1109/tvcg.2022.3209480"", ""10.1109/tvcg.2022.3209487"", ""10.1109/tvcg.2023.3326941"", ""10.1109/tvcg.2023.3327369"", ""10.1109/visual.1998.745327"", ""10.1109/visual.2005.1532787""]"
I1294671590,Flow Fields & CFD Visualization,10,"[""10.1109/tvcg.2021.3114844"", ""10.1109/tvcg.2022.3209390"", ""10.1109/tvcg.2023.3326517"", ""10.1109/tvcg.2023.3327361"", ""10.1109/tvcg.2023.3327402"", ""10.1109/tvcg.2024.3456318"", ""10.1109/tvcg.2024.3456319"", ""10.1109/tvcg.2024.3456327"", ""10.1109/tvcg.2024.3456335"", ""10.1109/tvcg.2024.3456404""]"
I1294671590,Meshes & Volume Rendering,2,"[""10.1109/tvcg.2024.3456368"", ""10.1109/visual.1993.398897""]"
I1294671590,Time Series & Temporal Patterns,1,"[""10.1109/tvcg.2023.3326596""]"
I1294671590,Twitter & Social Media,6,"[""10.1109/tvcg.2012.228"", ""10.1109/tvcg.2014.2346434"", ""10.1109/tvcg.2018.2864432"", ""10.1109/tvcg.2019.2934256"", ""10.1109/tvcg.2020.3030353"", ""10.1109/tvcg.2023.3326601""]"
I1295339012,Dimensionality Reduction & Multivariate Plots,2,"[""10.1109/visual.1990.146412"", ""10.1109/visual.2001.964517""]"
I1295339012,Flow Fields & CFD Visualization,1,"[""10.1109/infvis.1995.528687""]"
I1295339012,Meshes & Volume Rendering,3,"[""10.1109/visual.1993.398895"", ""10.1109/visual.1995.485150"", ""10.1109/visual.2003.1250380""]"
I1295339012,Surgical Planning & Tomography,1,"[""10.1109/visual.2002.1183775""]"
I1295801184,Dimensionality Reduction & Multivariate Plots,1,"[""10.1109/tvcg.2006.195""]"
I129604602,Diffusion MRI & Tractography,1,"[""10.1109/tvcg.2009.120""]"
I129604602,Dimensionality Reduction & Multivariate Plots,1,"[""10.1109/tvcg.2017.2744418""]"
I129604602,Flow Fields & CFD Visualization,2,"[""10.1109/infvis.2004.65"", ""10.1109/tvcg.2012.221""]"
I1297288678,Dimensionality Reduction & Multivariate Plots,1,"[""10.1109/tvcg.2011.199""]"
I129774422,Diffusion MRI & Tractography,1,"[""10.1109/tvcg.2014.2346324""]"
I129774422,Dimensionality Reduction & Multivariate Plots,11,"[""10.1109/tvcg.2010.160"", ""10.1109/tvcg.2013.126"", ""10.1109/tvcg.2014.2346321"", ""10.1109/tvcg.2016.2598827"", ""10.1109/tvcg.2017.2744138"", ""10.1109/tvcg.2017.2744758"", ""10.1109/tvcg.2017.2745919"", ""10.1109/tvcg.2022.3209485"", ""10.1109/tvcg.2024.3456406"", ""10.1109/visual.2002.1183812"", ""10.1109/visual.2004.72""]"
I129774422,Flow Fields & CFD Visualization,2,"[""10.1109/tvcg.2017.2745859"", ""10.1109/tvcg.2024.3456145""]"
I129774422,Meshes & Volume Rendering,1,"[""10.1109/visual.1998.745317""]"
I129774422,Surgical Planning & Tomography,2,"[""10.1109/tvcg.2017.2744818"", ""10.1109/tvcg.2017.2745158""]"
I129774422,Time Series & Temporal Patterns,4,"[""10.1109/tvcg.2013.153"", ""10.1109/tvcg.2014.2346578"", ""10.1109/tvcg.2016.2598495"", ""10.1109/tvcg.2016.2598589""]"
I129774422,Ultrasound Volume Rendering & Segmentation,1,"[""10.1109/infvis.2002.1173149""]"
I1297991670,Dimensionality Reduction & Multivariate Plots,1,"[""10.1109/vast.2016.7883510""]"
I1298353152,Dimensionality Reduction & Multivariate Plots,1,"[""10.1109/vast.2015.7347625""]"
I1298353152,Surgical Planning & Tomography,1,"[""10.1109/visual.2000.885740""]"
I1299022934,Diffusion MRI & Tractography,2,"[""10.1109/visual.2001.964545"", ""10.1109/visual.2005.1532807""]"
I1299022934,Dimensionality Reduction & Multivariate Plots,2,"[""10.1109/visual.1999.809913"", ""10.1109/visual.2005.1532806""]"
I129902397,Dimensionality Reduction & Multivariate Plots,1,"[""10.1109/vast.2012.6400484""]"
I129902397,Surgical Planning & Tomography,1,"[""10.1109/tvcg.2020.3030354""]"
I1299303238,Diffusion MRI & Tractography,2,"[""10.1109/visual.2001.964545"", ""10.1109/visual.2005.1532807""]"
I1299303238,Dimensionality Reduction & Multivariate Plots,5,"[""10.1109/tvcg.2018.2864884"", ""10.1109/tvcg.2019.2934786"", ""10.1109/tvcg.2020.3030429"", ""10.1109/visual.1999.809913"", ""10.1109/visual.2005.1532806""]"
I1299907687,Flow Fields & CFD Visualization,1,"[""10.1109/vast50239.2020.00007""]"
I1299907687,Surgical Planning & Tomography,1,"[""10.1109/tvcg.2020.3030342""]"
I1302368450,VIS Literature & Bibliometrics,3,"[""10.1109/visual.1995.485169"", ""10.1109/visual.1996.568145"", ""10.1109/visual.1998.745345""]"
I130238516,Diffusion MRI & Tractography,1,"[""10.1109/visual.2005.1532812""]"
I130238516,Dimensionality Reduction & Multivariate Plots,10,"[""10.1109/infvis.1997.636761"", ""10.1109/infvis.1998.729560"", ""10.1109/infvis.2004.52"", ""10.1109/tvcg.2009.152"", ""10.1109/tvcg.2010.221"", ""10.1109/tvcg.2018.2865051"", ""10.1109/tvcg.2019.2934546"", ""10.1109/tvcg.2024.3456364"", ""10.1109/visual.2001.964492"", ""10.1109/visual.2005.1532846""]"
I130238516,Flow Fields & CFD Visualization,1,"[""10.1109/tvcg.2024.3456377""]"
I130238516,Meshes & Volume Rendering,7,"[""10.1109/tvcg.2013.121"", ""10.1109/tvcg.2013.147"", ""10.1109/tvcg.2014.2346911"", ""10.1109/tvcg.2024.3456332"", ""10.1109/visual.1995.480794"", ""10.1109/visual.1996.567796"", ""10.1109/visual.2003.1250362""]"
I130238516,Time Series & Temporal Patterns,1,"[""10.1109/tvcg.2015.2467153""]"
I130238516,VIS Literature & Bibliometrics,2,"[""10.1109/tvcg.2019.2934260"", ""10.1109/visual.2002.1183813""]"
I1303153112,Meshes & Volume Rendering,1,"[""10.1109/tvcg.2015.2467291""]"
I1304085615,Dimensionality Reduction & Multivariate Plots,1,"[""10.1109/tvcg.2020.3030470""]"
I1304256225,Dimensionality Reduction & Multivariate Plots,1,"[""10.1109/tvcg.2008.168""]"
I1304256225,VIS Literature & Bibliometrics,1,"[""10.1109/visual.1992.235215""]"
I130440993,Dimensionality Reduction & Multivariate Plots,1,"[""10.1109/vast.2006.261417""]"
I130442723,Dimensionality Reduction & Multivariate Plots,4,"[""10.1109/tvcg.2008.112"", ""10.1109/tvcg.2009.113"", ""10.1109/visual.2005.1532796"", ""10.1109/visual.2005.1532824""]"
I130442723,Flow Fields & CFD Visualization,2,"[""10.1109/tvcg.2016.2598624"", ""10.1109/tvcg.2019.2934415""]"
I1305429384,Flow Fields & CFD Visualization,1,"[""10.1109/tvcg.2023.3327368""]"
I1305444813,Surgical Planning & Tomography,1,"[""10.1109/tvcg.2022.3209489""]"
I1306266525,Diffusion MRI & Tractography,1,"[""10.1109/visual.1996.568109""]"
I1306266525,Dimensionality Reduction & Multivariate Plots,3,"[""10.1109/scivis.2015.7429487"", ""10.1109/visual.1990.146380"", ""10.1109/visual.1994.346317""]"
I1306266525,Twitter & Social Media,1,"[""10.1109/visual.1999.809882""]"
I1306266525,VIS Literature & Bibliometrics,1,"[""10.1109/visual.2002.1183825""]"
I1306409833,Dimensionality Reduction & Multivariate Plots,11,"[""10.1109/tvcg.2010.151"", ""10.1109/tvcg.2016.2598620"", ""10.1109/tvcg.2016.2598797"", ""10.1109/tvcg.2018.2864886"", ""10.1109/tvcg.2018.2865119"", ""10.1109/tvcg.2020.3028957"", ""10.1109/tvcg.2021.3114814"", ""10.1109/tvcg.2021.3114823"", ""10.1109/tvcg.2022.3209348"", ""10.1109/tvcg.2022.3209456"", ""10.1109/tvcg.2024.3456378""]"
I1306409833,Flow Fields & CFD Visualization,2,"[""10.1109/tvcg.2014.2346452"", ""10.1109/tvcg.2024.3456210""]"
I1306409833,Meshes & Volume Rendering,3,"[""10.1109/tvcg.2021.3114782"", ""10.1109/tvcg.2023.3326583"", ""10.1109/tvcg.2023.3327161""]"
I1306409833,Surgical Planning & Tomography,4,"[""10.1109/tvcg.2019.2934281"", ""10.1109/tvcg.2021.3114774"", ""10.1109/tvcg.2021.3114836"", ""10.1109/tvcg.2023.3327363""]"
I1306430637,Dimensionality Reduction & Multivariate Plots,1,"[""10.1109/visual.1998.745310""]"
I1306490931,VIS Literature & Bibliometrics,2,"[""10.1109/visual.1992.235173"", ""10.1109/visual.1996.568146""]"
I130701444,Dashboards & Infographics,1,"[""10.1109/tvcg.2008.185""]"
I130701444,Diffusion MRI & Tractography,2,"[""10.1109/infvis.2000.885091"", ""10.1109/infvis.2003.1249027""]"
I130701444,Dimensionality Reduction & Multivariate Plots,51,"[""10.1109/infvis.1995.528685"", ""10.1109/infvis.2005.1532131"", ""10.1109/infvis.2005.1532136"", ""10.1109/tvcg.2009.180"", ""10.1109/tvcg.2010.177"", ""10.1109/tvcg.2012.224"", ""10.1109/tvcg.2013.209"", ""10.1109/tvcg.2013.212"", ""10.1109/tvcg.2014.2346249"", ""10.1109/tvcg.2014.2346444"", ""10.1109/tvcg.2014.2346574"", ""10.1109/tvcg.2015.2467551"", ""10.1109/tvcg.2016.2598590"", ""10.1109/tvcg.2016.2598839"", ""10.1109/tvcg.2017.2744843"", ""10.1109/tvcg.2017.2744898"", ""10.1109/tvcg.2018.2864526"", ""10.1109/tvcg.2018.2864886"", ""10.1109/tvcg.2018.2865146"", ""10.1109/tvcg.2020.3030366"", ""10.1109/tvcg.2020.3030442"", ""10.1109/tvcg.2020.3030443"", ""10.1109/tvcg.2021.3114813"", ""10.1109/tvcg.2021.3114820"", ""10.1109/tvcg.2021.3114862"", ""10.1109/tvcg.2022.3209403"", ""10.1109/tvcg.2023.3326512"", ""10.1109/tvcg.2023.3327181"", ""10.1109/tvcg.2024.3456144"", ""10.1109/tvcg.2024.3456155"", ""10.1109/tvcg.2024.3456378"", ""10.1109/vast.2007.4389006"", ""10.1109/vast.2007.4389013"", ""10.1109/vast.2009.5332596"", ""10.1109/vast.2009.5333878"", ""10.1109/vast.2011.6102438"", ""10.1109/vast.2011.6102440"", ""10.1109/vast.2015.7347625"", ""10.1109/vast.2017.8585669"", ""10.1109/vast.2018.8802415"", ""10.1109/vast47406.2019.8986922"", ""10.1109/visual.1995.480800"", ""10.1109/visual.1995.485157"", ""10.1109/visual.1998.745314"", ""10.1109/visual.1998.745342"", ""10.1109/visual.1999.809901"", ""10.1109/visual.1999.809924"", ""10.1109/visual.2000.885723"", ""10.1109/visual.2002.1183784"", ""10.1109/visual.2003.1250356"", ""10.1109/visual.2003.1250409""]"
I130701444,Flow Fields & CFD Visualization,10,"[""10.1109/infvis.2004.10"", ""10.1109/tvcg.2008.121"", ""10.1109/tvcg.2017.2745219"", ""10.1109/tvcg.2018.2865075"", ""10.1109/tvcg.2018.2865145"", ""10.1109/tvcg.2018.2865151"", ""10.1109/tvcg.2019.2934534"", ""10.1109/tvcg.2020.3030378"", ""10.1109/tvcg.2024.3456210"", ""10.1109/visual.2002.1183802""]"
I130701444,Meshes & Volume Rendering,3,"[""10.1109/tvcg.2012.263"", ""10.1109/tvcg.2023.3326910"", ""10.1109/visual.1998.745344""]"
I130701444,Surgical Planning & Tomography,9,"[""10.1109/tvcg.2016.2598446"", ""10.1109/tvcg.2017.2744718"", ""10.1109/tvcg.2018.2864500"", ""10.1109/tvcg.2018.2865027"", ""10.1109/tvcg.2019.2934281"", ""10.1109/tvcg.2019.2934656"", ""10.1109/tvcg.2020.3030418"", ""10.1109/tvcg.2021.3114858"", ""10.1109/vast47406.2019.8986948""]"
I130701444,Time Series & Temporal Patterns,8,"[""10.1109/tvcg.2007.70515"", ""10.1109/tvcg.2007.70541"", ""10.1109/tvcg.2008.181"", ""10.1109/tvcg.2015.2467615"", ""10.1109/tvcg.2017.2745078"", ""10.1109/tvcg.2022.3209493"", ""10.1109/vast.2009.5332629"", ""10.1109/vast.2010.5652443""]"
I130701444,Twitter & Social Media,2,"[""10.1109/infvis.1996.559227"", ""10.1109/tvcg.2009.176""]"
I130701444,Ultrasound Volume Rendering & Segmentation,1,"[""10.1109/vast.2010.5652910""]"
I130701444,VIS Literature & Bibliometrics,3,"[""10.1109/tvcg.2008.125"", ""10.1109/tvcg.2020.3030382"", ""10.1109/tvcg.2024.3456405""]"
I1307098950,Flow Fields & CFD Visualization,1,"[""10.1109/tvcg.2020.3028956""]"
I130769515,Dimensionality Reduction & Multivariate Plots,15,"[""10.1109/infvis.1998.729563"", ""10.1109/tvcg.2011.247"", ""10.1109/tvcg.2012.279"", ""10.1109/tvcg.2015.2467619"", ""10.1109/tvcg.2018.2864814"", ""10.1109/tvcg.2018.2865139"", ""10.1109/vast.2006.261428"", ""10.1109/vast.2006.261431"", ""10.1109/vast.2007.4388991"", ""10.1109/vast.2008.4677358"", ""10.1109/vast.2008.4677370"", ""10.1109/vast.2010.5652895"", ""10.1109/vast.2011.6102456"", ""10.1109/vast.2012.6400558"", ""10.1109/vast.2017.8585638""]"
I130769515,Flow Fields & CFD Visualization,1,"[""10.1109/infvis.2000.885102""]"
I130769515,Meshes & Volume Rendering,2,"[""10.1109/visual.2002.1183824"", ""10.1109/visual.2004.13""]"
I130769515,Surgical Planning & Tomography,1,"[""10.1109/tvcg.2021.3114777""]"
I130769515,Time Series & Temporal Patterns,4,"[""10.1109/infvis.2003.1249006"", ""10.1109/tvcg.2009.130"", ""10.1109/tvcg.2022.3209482"", ""10.1109/vast50239.2020.00015""]"
I130828816,Diffusion MRI & Tractography,2,"[""10.1109/tvcg.2010.145"", ""10.1109/tvcg.2016.2599040""]"
I130828816,Dimensionality Reduction & Multivariate Plots,4,"[""10.1109/tvcg.2006.145"", ""10.1109/tvcg.2011.253"", ""10.1109/visual.1997.663890"", ""10.1109/visual.2000.885730""]"
I130828816,Flow Fields & CFD Visualization,1,"[""10.1109/tvcg.2020.3030424""]"
I130828816,Time Series & Temporal Patterns,1,"[""10.1109/tvcg.2021.3114817""]"
I130828816,Twitter & Social Media,5,"[""10.1109/tvcg.2012.287"", ""10.1109/tvcg.2015.2467433"", ""10.1109/tvcg.2016.2599017"", ""10.1109/tvcg.2024.3456322"", ""10.1109/visual.1996.567610""]"
I130828816,VIS Literature & Bibliometrics,3,"[""10.1109/visual.1993.398857"", ""10.1109/visual.2000.885707"", ""10.1109/visual.2004.112""]"
I1308906816,Dimensionality Reduction & Multivariate Plots,1,"[""10.1109/tvcg.2017.2744898""]"
I1310439424,Dimensionality Reduction & Multivariate Plots,1,"[""10.1109/infvis.2002.1173162""]"
I1311688040,Surgical Planning & Tomography,1,"[""10.1109/tvcg.2021.3114837""]"
I131221577,Dimensionality Reduction & Multivariate Plots,2,"[""10.1109/tvcg.2015.2467758"", ""10.1109/tvcg.2016.2599058""]"
I131221577,Twitter & Social Media,1,"[""10.1109/tvcg.2018.2865117""]"
I131249849,Dashboards & Infographics,1,"[""10.1109/tvcg.2023.3326927""]"
I131249849,Dimensionality Reduction & Multivariate Plots,11,"[""10.1109/tvcg.2008.176"", ""10.1109/tvcg.2011.170"", ""10.1109/tvcg.2012.192"", ""10.1109/tvcg.2018.2864768"", ""10.1109/tvcg.2019.2934314"", ""10.1109/tvcg.2020.3030431"", ""10.1109/tvcg.2021.3114759"", ""10.1109/tvcg.2021.3114808"", ""10.1109/tvcg.2023.3326599"", ""10.1109/tvcg.2023.3326933"", ""10.1109/tvcg.2024.3456367""]"
I131249849,Surgical Planning & Tomography,2,"[""10.1109/tvcg.2020.3030418"", ""10.1109/tvcg.2022.3209425""]"
I131249849,Time Series & Temporal Patterns,1,"[""10.1109/tvcg.2010.216""]"
I131249849,Ultrasound Volume Rendering & Segmentation,1,"[""10.1109/tvcg.2017.2744038""]"
I131249849,VIS Literature & Bibliometrics,1,"[""10.1109/tvcg.2022.3209472""]"
I131328143,Dimensionality Reduction & Multivariate Plots,2,"[""10.1109/infvis.1997.636789"", ""10.1109/visual.1996.567787""]"
I1313416372,Dimensionality Reduction & Multivariate Plots,1,"[""10.1109/tvcg.2014.2346755""]"
I1314135232,Meshes & Volume Rendering,1,"[""10.1109/vast.2009.5333917""]"
I1316535847,Flow Fields & CFD Visualization,1,"[""10.1109/tvcg.2024.3456377""]"
I1316902750,Dimensionality Reduction & Multivariate Plots,1,"[""10.1109/visual.1996.568127""]"
I1316958739,Dimensionality Reduction & Multivariate Plots,1,"[""10.1109/visual.1991.175838""]"
I1319063186,Dimensionality Reduction & Multivariate Plots,2,"[""10.1109/visual.1996.568110"", ""10.1109/visual.1997.663894""]"
I1319063186,Meshes & Volume Rendering,4,"[""10.1109/visual.1993.398876"", ""10.1109/visual.1994.346327"", ""10.1109/visual.1994.346328"", ""10.1109/visual.2001.964563""]"
I132118926,Flow Fields & CFD Visualization,1,"[""10.1109/tvcg.2017.2743981""]"
I132118926,Time Series & Temporal Patterns,1,"[""10.1109/tvcg.2014.2346626""]"
I1321296531,Meshes & Volume Rendering,2,"[""10.1109/visual.1994.346291"", ""10.1109/visual.1996.568141""]"
I1321826891,Twitter & Social Media,1,"[""10.1109/vast.2012.6400494""]"
I1322731696,Diffusion MRI & Tractography,2,"[""10.1109/tvcg.2014.2346277"", ""10.1109/tvcg.2023.3327178""]"
I1324840837,Diffusion MRI & Tractography,1,"[""10.1109/visual.1990.146381""]"
I1324840837,Dimensionality Reduction & Multivariate Plots,3,"[""10.1109/tvcg.2007.70536"", ""10.1109/vast.2007.4389001"", ""10.1109/vast.2009.5333919""]"
I1324840837,Flow Fields & CFD Visualization,1,"[""10.1109/infvis.2005.1532148""]"
I1324840837,Twitter & Social Media,1,"[""10.1109/infvis.1999.801867""]"
I1325736334,Flow Fields & CFD Visualization,1,"[""10.1109/infvis.2002.1173146""]"
I1325736334,Meshes & Volume Rendering,1,"[""10.1109/vast.2009.5333917""]"
I1325784139,Dimensionality Reduction & Multivariate Plots,1,"[""10.1109/vast.2015.7347632""]"
I1325886976,Dimensionality Reduction & Multivariate Plots,2,"[""10.1109/tvcg.2015.2467759"", ""10.1109/vast.2012.6400554""]"
I1325886976,Flow Fields & CFD Visualization,1,"[""10.1109/tvcg.2019.2934395""]"
I1326498283,Diffusion MRI & Tractography,2,"[""10.1109/tvcg.2010.159"", ""10.1109/tvcg.2012.205""]"
I1326498283,Dimensionality Reduction & Multivariate Plots,15,"[""10.1109/infvis.2004.1"", ""10.1109/infvis.2004.64"", ""10.1109/tvcg.2009.201"", ""10.1109/tvcg.2011.160"", ""10.1109/tvcg.2013.126"", ""10.1109/tvcg.2013.210"", ""10.1109/tvcg.2016.2598467"", ""10.1109/tvcg.2017.2745118"", ""10.1109/vast.2007.4389013"", ""10.1109/vast.2010.5652880"", ""10.1109/vast.2011.6102446"", ""10.1109/visual.1993.398903"", ""10.1109/visual.2002.1183768"", ""10.1109/visual.2002.1183778"", ""10.1109/visual.2005.1532787""]"
I1326498283,Flow Fields & CFD Visualization,6,"[""10.1109/tvcg.2011.195"", ""10.1109/tvcg.2013.164"", ""10.1109/tvcg.2015.2467851"", ""10.1109/tvcg.2021.3114844"", ""10.1109/tvcg.2023.3327361"", ""10.1109/tvcg.2024.3456335""]"
I1326498283,Meshes & Volume Rendering,6,"[""10.1109/tvcg.2006.173"", ""10.1109/tvcg.2006.189"", ""10.1109/tvcg.2010.157"", ""10.1109/tvcg.2015.2467202"", ""10.1109/tvcg.2019.2934334"", ""10.1109/visual.2005.1532832""]"
I1326498283,Surgical Planning & Tomography,1,"[""10.1109/tvcg.2006.135""]"
I1326498283,Time Series & Temporal Patterns,2,"[""10.1109/tvcg.2008.153"", ""10.1109/tvcg.2023.3326596""]"
I1326498283,VIS Literature & Bibliometrics,3,"[""10.1109/tvcg.2019.2934288"", ""10.1109/visual.1999.809922"", ""10.1109/visual.2005.1532802""]"
I1327163397,Dashboards & Infographics,2,"[""10.1109/visual.1994.346333"", ""10.1109/visual.1997.663869""]"
I1327163397,Diffusion MRI & Tractography,5,"[""10.1109/visual.1992.235231"", ""10.1109/visual.1994.346340"", ""10.1109/visual.1996.568113"", ""10.1109/visual.1997.663851"", ""10.1109/visual.2001.964556""]"
I1327163397,Dimensionality Reduction & Multivariate Plots,23,"[""10.1109/visual.1990.146365"", ""10.1109/visual.1990.146379"", ""10.1109/visual.1991.175805"", ""10.1109/visual.1992.235191"", ""10.1109/visual.1993.398854"", ""10.1109/visual.1995.480796"", ""10.1109/visual.1995.480813"", ""10.1109/visual.1995.485142"", ""10.1109/visual.1996.568125"", ""10.1109/visual.1996.568126"", ""10.1109/visual.1997.663909"", ""10.1109/visual.1997.663915"", ""10.1109/visual.1998.745310"", ""10.1109/visual.1999.809872"", ""10.1109/visual.1999.809887"", ""10.1109/visual.1999.809900"", ""10.1109/visual.1999.809914"", ""10.1109/visual.2000.885674"", ""10.1109/visual.2000.885682"", ""10.1109/visual.2001.964517"", ""10.1109/visual.2004.101"", ""10.1109/visual.2004.27"", ""10.1109/visual.2004.70""]"
I1327163397,Flow Fields & CFD Visualization,1,"[""10.1109/visual.1995.480793""]"
I1327163397,Meshes & Volume Rendering,5,"[""10.1109/visual.1990.146378"", ""10.1109/visual.1993.398862"", ""10.1109/visual.1995.480818"", ""10.1109/visual.2001.964552"", ""10.1109/visual.2002.1183779""]"
I1327163397,Surgical Planning & Tomography,5,"[""10.1109/visual.1994.346319"", ""10.1109/visual.1996.567603"", ""10.1109/visual.1997.663900"", ""10.1109/visual.1999.809911"", ""10.1109/visual.2002.1183775""]"
I1327237609,Surgical Planning & Tomography,1,"[""10.1109/tvcg.2023.3327162""]"
I1328775524,Dimensionality Reduction & Multivariate Plots,1,"[""10.1109/tvcg.2018.2864503""]"
I1329219376,Flow Fields & CFD Visualization,1,"[""10.1109/tvcg.2021.3114829""]"
I1329219376,Meshes & Volume Rendering,1,"[""10.1109/tvcg.2023.3326937""]"
I1329325741,Dimensionality Reduction & Multivariate Plots,2,"[""10.1109/tvcg.2007.70550"", ""10.1109/tvcg.2008.180""]"
I1329325741,Time Series & Temporal Patterns,1,"[""10.1109/tvcg.2015.2467872""]"
I132976966,Dimensionality Reduction & Multivariate Plots,1,"[""10.1109/tvcg.2012.273""]"
I1330347796,Dimensionality Reduction & Multivariate Plots,1,"[""10.1109/vast.2009.5333880""]"
I1332737386,Dimensionality Reduction & Multivariate Plots,2,"[""10.1109/visual.1993.398902"", ""10.1109/visual.2003.1250352""]"
I1332737386,Meshes & Volume Rendering,1,"[""10.1109/visual.1991.175787""]"
I1332737386,Surgical Planning & Tomography,1,"[""10.1109/visual.1993.398878""]"
I1332737386,VIS Literature & Bibliometrics,1,"[""10.1109/visual.1996.567752""]"
I1333198813,Flow Fields & CFD Visualization,1,"[""10.1109/tvcg.2020.3030376""]"
I1333535994,Time Series & Temporal Patterns,1,"[""10.1109/tvcg.2022.3209442""]"
I1334627681,Dimensionality Reduction & Multivariate Plots,1,"[""10.1109/vast50239.2020.00008""]"
I1334627681,Meshes & Volume Rendering,1,"[""10.1109/visual.2001.964562""]"
I133543626,Time Series & Temporal Patterns,1,"[""10.1109/tvcg.2022.3209392""]"
I133731052,Time Series & Temporal Patterns,1,"[""10.1109/tvcg.2013.224""]"
I133738476,Dimensionality Reduction & Multivariate Plots,3,"[""10.1109/visual.1991.175795"", ""10.1109/visual.1991.175809"", ""10.1109/visual.1995.480801""]"
I133738476,Meshes & Volume Rendering,1,"[""10.1109/visual.1997.663916""]"
I133738476,Time Series & Temporal Patterns,2,"[""10.1109/infvis.2003.1249018"", ""10.1109/tvcg.2008.173""]"
I1338124936,Meshes & Volume Rendering,3,"[""10.1109/tvcg.2017.2743958"", ""10.1109/tvcg.2019.2934259"", ""10.1109/tvcg.2020.3030333""]"
I1338135719,Dimensionality Reduction & Multivariate Plots,1,"[""10.1109/tvcg.2022.3209444""]"
I133836048,Meshes & Volume Rendering,1,"[""10.1109/tvcg.2016.2598789""]"
I13402291,Meshes & Volume Rendering,1,"[""10.1109/visual.1993.398896""]"
I134113660,Ultrasound Volume Rendering & Segmentation,1,"[""10.1109/tvcg.2018.2864844""]"
I1341412227,Dimensionality Reduction & Multivariate Plots,24,"[""10.1109/infvis.2002.1173143"", ""10.1109/infvis.2003.1249005"", ""10.1109/infvis.2003.1249028"", ""10.1109/infvis.2005.1532146"", ""10.1109/tvcg.2006.120"", ""10.1109/tvcg.2008.129"", ""10.1109/tvcg.2008.155"", ""10.1109/tvcg.2008.172"", ""10.1109/tvcg.2009.165"", ""10.1109/tvcg.2010.154"", ""10.1109/tvcg.2012.225"", ""10.1109/tvcg.2014.2346482"", ""10.1109/tvcg.2014.2346574"", ""10.1109/tvcg.2014.2346682"", ""10.1109/tvcg.2015.2467322"", ""10.1109/tvcg.2015.2467622"", ""10.1109/tvcg.2021.3114845"", ""10.1109/vast.2008.4677365"", ""10.1109/vast.2010.5652931"", ""10.1109/vast.2012.6400485"", ""10.1109/visual.1993.398867"", ""10.1109/visual.1993.398899"", ""10.1109/visual.1994.346298"", ""10.1109/visual.2002.1183809""]"
I1341412227,Flow Fields & CFD Visualization,3,"[""10.1109/tvcg.2009.148"", ""10.1109/tvcg.2009.171"", ""10.1109/tvcg.2013.146""]"
I1341412227,Time Series & Temporal Patterns,1,"[""10.1109/tvcg.2013.224""]"
I1341412227,Twitter & Social Media,1,"[""10.1109/tvcg.2007.70577""]"
I1341412227,Ultrasound Volume Rendering & Segmentation,2,"[""10.1109/tvcg.2015.2467196"", ""10.1109/vast.2011.6102458""]"
I134161618,Dimensionality Reduction & Multivariate Plots,1,"[""10.1109/tvcg.2024.3456338""]"
I1341640284,Meshes & Volume Rendering,3,"[""10.1109/visual.1995.485143"", ""10.1109/visual.1999.809907"", ""10.1109/visual.2002.1183804""]"
I1341640284,Time Series & Temporal Patterns,1,"[""10.1109/visual.1993.398859""]"
I134235054,Time Series & Temporal Patterns,1,"[""10.1109/tvcg.2016.2598470""]"
I1342911587,Dimensionality Reduction & Multivariate Plots,1,"[""10.1109/visual.1993.398865""]"
I1343180700,Dimensionality Reduction & Multivariate Plots,1,"[""10.1109/tvcg.2021.3114779""]"
I1343180700,Flow Fields & CFD Visualization,1,"[""10.1109/tvcg.2013.234""]"
I1343180700,Surgical Planning & Tomography,3,"[""10.1109/tvcg.2009.164"", ""10.1109/tvcg.2020.3030403"", ""10.1109/visual.1997.663878""]"
I1343180700,VIS Literature & Bibliometrics,1,"[""10.1109/visual.1997.663888""]"
I1343190059,Diffusion MRI & Tractography,7,"[""10.1109/tvcg.2008.147"", ""10.1109/tvcg.2009.115"", ""10.1109/tvcg.2015.2468011"", ""10.1109/tvcg.2019.2934658"", ""10.1109/vast.2016.7883516"", ""10.1109/visual.2000.885697"", ""10.1109/visual.2001.964522""]"
I1343190059,Dimensionality Reduction & Multivariate Plots,35,"[""10.1109/tvcg.2007.70560"", ""10.1109/tvcg.2007.70569"", ""10.1109/tvcg.2007.70588"", ""10.1109/tvcg.2008.139"", ""10.1109/tvcg.2008.145"", ""10.1109/tvcg.2009.110"", ""10.1109/tvcg.2009.155"", ""10.1109/tvcg.2009.198"", ""10.1109/tvcg.2010.171"", ""10.1109/tvcg.2010.223"", ""10.1109/tvcg.2011.216"", ""10.1109/tvcg.2011.217"", ""10.1109/tvcg.2011.225"", ""10.1109/tvcg.2012.261"", ""10.1109/tvcg.2013.122"", ""10.1109/tvcg.2013.125"", ""10.1109/tvcg.2014.2346321"", ""10.1109/tvcg.2014.2346744"", ""10.1109/tvcg.2014.2346930"", ""10.1109/tvcg.2015.2467331"", ""10.1109/tvcg.2017.2744518"", ""10.1109/tvcg.2018.2865024"", ""10.1109/tvcg.2022.3209478"", ""10.1109/tvcg.2023.3326912"", ""10.1109/tvcg.2023.3327203"", ""10.1109/tvcg.2024.3456356"", ""10.1109/vast.2012.6400556"", ""10.1109/vast.2014.7042481"", ""10.1109/vast.2015.7347635"", ""10.1109/visual.2001.964555"", ""10.1109/visual.2002.1183754"", ""10.1109/visual.2002.1183812"", ""10.1109/visual.2003.1250417"", ""10.1109/visual.2004.98"", ""10.1109/visual.2005.1532821""]"
I1343190059,Flow Fields & CFD Visualization,8,"[""10.1109/tvcg.2016.2598592"", ""10.1109/tvcg.2017.2743981"", ""10.1109/tvcg.2017.2744258"", ""10.1109/tvcg.2019.2934612"", ""10.1109/tvcg.2019.2934784"", ""10.1109/tvcg.2022.3209432"", ""10.1109/tvcg.2024.3456315"", ""10.1109/tvcg.2024.3456347""]"
I1343190059,Meshes & Volume Rendering,7,"[""10.1109/tvcg.2009.121"", ""10.1109/tvcg.2009.178"", ""10.1109/tvcg.2012.243"", ""10.1109/tvcg.2019.2934334"", ""10.1109/visual.2003.1250364"", ""10.1109/visual.2004.59"", ""10.1109/visual.2005.1532850""]"
I1343190059,Surgical Planning & Tomography,2,"[""10.1109/tvcg.2017.2745158"", ""10.1109/visual.2003.1250386""]"
I1343190059,Time Series & Temporal Patterns,7,"[""10.1109/infvis.2002.1173157"", ""10.1109/infvis.2005.1532139"", ""10.1109/tvcg.2008.144"", ""10.1109/tvcg.2009.199"", ""10.1109/tvcg.2014.2346578"", ""10.1109/tvcg.2016.2598589"", ""10.1109/tvcg.2022.3209464""]"
I1343190059,Ultrasound Volume Rendering & Segmentation,1,"[""10.1109/infvis.2002.1173149""]"
I1343190059,VIS Literature & Bibliometrics,4,"[""10.1109/tvcg.2012.259"", ""10.1109/tvcg.2014.2346352"", ""10.1109/tvcg.2014.2346754"", ""10.1109/tvcg.2020.3030409""]"
I1343551460,Dimensionality Reduction & Multivariate Plots,2,"[""10.1109/tvcg.2019.2934546"", ""10.1109/tvcg.2023.3326939""]"
I1343871089,Diffusion MRI & Tractography,1,"[""10.1109/visual.1993.398885""]"
I1343871089,Dimensionality Reduction & Multivariate Plots,19,"[""10.1109/infvis.1998.729558"", ""10.1109/tvcg.2007.70543"", ""10.1109/tvcg.2009.195"", ""10.1109/tvcg.2017.2743978"", ""10.1109/tvcg.2017.2744099"", ""10.1109/tvcg.2018.2865051"", ""10.1109/tvcg.2020.3028955"", ""10.1109/tvcg.2022.3209413"", ""10.1109/vast.2015.7347626"", ""10.1109/visual.1990.146399"", ""10.1109/visual.1992.235207"", ""10.1109/visual.1992.235223"", ""10.1109/visual.1993.398868"", ""10.1109/visual.1996.568121"", ""10.1109/visual.1997.663860"", ""10.1109/visual.1997.663919"", ""10.1109/visual.1998.745302"", ""10.1109/visual.2003.1250418"", ""10.1109/visual.2004.115""]"
I1343871089,Flow Fields & CFD Visualization,1,"[""10.1109/tvcg.2023.3326584""]"
I1343871089,Meshes & Volume Rendering,1,"[""10.1109/tvcg.2011.162""]"
I1343871089,Surgical Planning & Tomography,1,"[""10.1109/tvcg.2016.2598876""]"
I1343871089,Time Series & Temporal Patterns,1,"[""10.1109/tvcg.2013.133""]"
I1343871089,VIS Literature & Bibliometrics,5,"[""10.1109/tvcg.2015.2467411"", ""10.1109/tvcg.2019.2934260"", ""10.1109/visual.1996.568144"", ""10.1109/visual.1998.745346"", ""10.1109/visual.2004.95""]"
I1344073410,Diffusion MRI & Tractography,1,"[""10.1109/visual.1994.346340""]"
I134446601,Dimensionality Reduction & Multivariate Plots,3,"[""10.1109/tvcg.2010.151"", ""10.1109/tvcg.2022.3209383"", ""10.1109/tvcg.2022.3209405""]"
I134446601,Flow Fields & CFD Visualization,2,"[""10.1109/tvcg.2012.219"", ""10.1109/tvcg.2013.164""]"
I134560555,Dimensionality Reduction & Multivariate Plots,4,"[""10.1109/tvcg.2009.145"", ""10.1109/tvcg.2011.223"", ""10.1109/tvcg.2011.233"", ""10.1109/vast.2011.6102454""]"
I134560555,Surgical Planning & Tomography,1,"[""10.1109/visual.2002.1183776""]"
I135140700,Diffusion MRI & Tractography,3,"[""10.1109/tvcg.2013.181"", ""10.1109/tvcg.2015.2467435"", ""10.1109/tvcg.2018.2864845""]"
I135140700,Dimensionality Reduction & Multivariate Plots,7,"[""10.1109/tvcg.2008.124"", ""10.1109/tvcg.2015.2467031"", ""10.1109/tvcg.2019.2934263"", ""10.1109/tvcg.2020.3030399"", ""10.1109/tvcg.2022.3209485"", ""10.1109/visual.2000.885721"", ""10.1109/visual.2002.1183823""]"
I135140700,Meshes & Volume Rendering,2,"[""10.1109/visual.1999.809904"", ""10.1109/visual.2004.32""]"
I135191193,Dimensionality Reduction & Multivariate Plots,2,"[""10.1109/tvcg.2020.3030439"", ""10.1109/visual.1996.567609""]"
I135310074,Dimensionality Reduction & Multivariate Plots,20,"[""10.1109/infvis.2004.12"", ""10.1109/infvis.2005.1532143"", ""10.1109/tvcg.2009.168"", ""10.1109/tvcg.2012.279"", ""10.1109/tvcg.2013.130"", ""10.1109/tvcg.2013.157"", ""10.1109/tvcg.2013.183"", ""10.1109/tvcg.2014.2346298"", ""10.1109/tvcg.2015.2467618"", ""10.1109/tvcg.2018.2865147"", ""10.1109/tvcg.2019.2934536"", ""10.1109/tvcg.2020.3030434"", ""10.1109/tvcg.2020.3030443"", ""10.1109/tvcg.2021.3114780"", ""10.1109/tvcg.2021.3114846"", ""10.1109/tvcg.2022.3209405"", ""10.1109/tvcg.2022.3209422"", ""10.1109/tvcg.2024.3456305"", ""10.1109/vast.2014.7042493"", ""10.1109/visual.1994.346304""]"
I135310074,Flow Fields & CFD Visualization,2,"[""10.1109/tvcg.2007.70578"", ""10.1109/vast.2016.7883519""]"
I135310074,Meshes & Volume Rendering,1,"[""10.1109/tvcg.2011.232""]"
I135310074,Time Series & Temporal Patterns,1,"[""10.1109/tvcg.2017.2744184""]"
I135310074,Twitter & Social Media,1,"[""10.1109/tvcg.2017.2744199""]"
I135310074,VIS Literature & Bibliometrics,2,"[""10.1109/visual.1990.146361"", ""10.1109/visual.1992.235215""]"
I135598925,Twitter & Social Media,1,"[""10.1109/tvcg.2015.2467433""]"
I136199984,Diffusion MRI & Tractography,4,"[""10.1109/tvcg.2006.134"", ""10.1109/tvcg.2009.177"", ""10.1109/tvcg.2020.3030419"", ""10.1109/visual.2003.1250395""]"
I136199984,Dimensionality Reduction & Multivariate Plots,19,"[""10.1109/tvcg.2008.148"", ""10.1109/tvcg.2008.186"", ""10.1109/tvcg.2011.192"", ""10.1109/tvcg.2013.155"", ""10.1109/tvcg.2014.2346248"", ""10.1109/tvcg.2016.2598620"", ""10.1109/tvcg.2019.2934300"", ""10.1109/tvcg.2019.2934547"", ""10.1109/tvcg.2019.2934555"", ""10.1109/tvcg.2020.3028948"", ""10.1109/tvcg.2020.3030459"", ""10.1109/tvcg.2021.3114786"", ""10.1109/tvcg.2021.3114845"", ""10.1109/tvcg.2022.3209378"", ""10.1109/tvcg.2023.3326579"", ""10.1109/tvcg.2023.3327163"", ""10.1109/tvcg.2024.3456370"", ""10.1109/tvcg.2024.3456406"", ""10.1109/visual.2004.75""]"
I136199984,Flow Fields & CFD Visualization,6,"[""10.1109/tvcg.2013.234"", ""10.1109/tvcg.2015.2467732"", ""10.1109/tvcg.2017.2745280"", ""10.1109/tvcg.2020.3030427"", ""10.1109/tvcg.2021.3114802"", ""10.1109/tvcg.2024.3456598""]"
I136199984,Meshes & Volume Rendering,20,"[""10.1109/tvcg.2009.178"", ""10.1109/tvcg.2010.137"", ""10.1109/tvcg.2010.168"", ""10.1109/tvcg.2013.142"", ""10.1109/tvcg.2014.2346260"", ""10.1109/tvcg.2014.2346312"", ""10.1109/tvcg.2014.2346371"", ""10.1109/tvcg.2017.2744278"", ""10.1109/tvcg.2017.2745978"", ""10.1109/tvcg.2018.2864852"", ""10.1109/tvcg.2021.3114876"", ""10.1109/tvcg.2022.3209353"", ""10.1109/tvcg.2022.3209388"", ""10.1109/tvcg.2022.3209398"", ""10.1109/tvcg.2022.3209407"", ""10.1109/tvcg.2022.3209497"", ""10.1109/tvcg.2023.3327161"", ""10.1109/tvcg.2023.3327388"", ""10.1109/tvcg.2024.3456298"", ""10.1109/tvcg.2024.3456332""]"
I136199984,Surgical Planning & Tomography,3,"[""10.1109/tvcg.2017.2744118"", ""10.1109/tvcg.2017.2744238"", ""10.1109/tvcg.2023.3327193""]"
I136199984,Time Series & Temporal Patterns,1,"[""10.1109/tvcg.2013.173""]"
I136199984,VIS Literature & Bibliometrics,1,"[""10.1109/visual.1992.235188""]"
I137230718,Flow Fields & CFD Visualization,1,"[""10.1109/tvcg.2020.3030376""]"
I137265193,Flow Fields & CFD Visualization,1,"[""10.1109/tvcg.2018.2865025""]"
I137265193,Time Series & Temporal Patterns,1,"[""10.1109/tvcg.2015.2467271""]"
I137479271,Dimensionality Reduction & Multivariate Plots,1,"[""10.1109/tvcg.2018.2864846""]"
I137902535,Dashboards & Infographics,1,"[""10.1109/visual.2005.1532835""]"
I137902535,Diffusion MRI & Tractography,1,"[""10.1109/tvcg.2010.159""]"
I137902535,Dimensionality Reduction & Multivariate Plots,14,"[""10.1109/tvcg.2010.202"", ""10.1109/tvcg.2011.187"", ""10.1109/tvcg.2015.2468093"", ""10.1109/visual.1991.175778"", ""10.1109/visual.1992.235201"", ""10.1109/visual.1995.480795"", ""10.1109/visual.1996.568110"", ""10.1109/visual.1998.745292"", ""10.1109/visual.1999.809883"", ""10.1109/visual.2001.964501"", ""10.1109/visual.2002.1183759"", ""10.1109/visual.2002.1183768"", ""10.1109/visual.2002.1183803"", ""10.1109/visual.2005.1532800""]"
I137902535,Flow Fields & CFD Visualization,1,"[""10.1109/tvcg.2014.2346998""]"
I137902535,Meshes & Volume Rendering,3,"[""10.1109/visual.1997.663923"", ""10.1109/visual.2000.885687"", ""10.1109/visual.2005.1532829""]"
I137902535,Ultrasound Volume Rendering & Segmentation,2,"[""10.1109/vast.2006.261435"", ""10.1109/visual.2002.1183816""]"
I137902535,VIS Literature & Bibliometrics,1,"[""10.1109/visual.2005.1532838""]"
I137975476,Diffusion MRI & Tractography,1,"[""10.1109/infvis.1997.636778""]"
I138006243,Dimensionality Reduction & Multivariate Plots,11,"[""10.1109/infvis.2004.49"", ""10.1109/tvcg.2014.2346325"", ""10.1109/tvcg.2014.2346422"", ""10.1109/tvcg.2016.2598694"", ""10.1109/tvcg.2018.2864907"", ""10.1109/tvcg.2019.2934285"", ""10.1109/tvcg.2019.2934802"", ""10.1109/tvcg.2020.3028891"", ""10.1109/tvcg.2020.3030357"", ""10.1109/tvcg.2020.3030475"", ""10.1109/tvcg.2022.3209375""]"
I138006243,Flow Fields & CFD Visualization,5,"[""10.1109/infvis.1999.801868"", ""10.1109/tvcg.2016.2598624"", ""10.1109/tvcg.2020.3030355"", ""10.1109/tvcg.2023.3327402"", ""10.1109/vast.2015.7347627""]"
I138006243,Meshes & Volume Rendering,1,"[""10.1109/tvcg.2024.3456355""]"
I138006243,Surgical Planning & Tomography,1,"[""10.1109/tvcg.2021.3114837""]"
I138006243,Time Series & Temporal Patterns,2,"[""10.1109/tvcg.2018.2865194"", ""10.1109/tvcg.2020.3030373""]"
I138006243,Twitter & Social Media,5,"[""10.1109/tvcg.2015.2467992"", ""10.1109/tvcg.2017.2743938"", ""10.1109/tvcg.2019.2934338"", ""10.1109/tvcg.2022.3209395"", ""10.1109/tvcg.2024.3456345""]"
I13805885,Dimensionality Reduction & Multivariate Plots,3,"[""10.1109/tvcg.2017.2744058"", ""10.1109/visual.1992.235193"", ""10.1109/visual.1993.398871""]"
I13805885,Meshes & Volume Rendering,2,"[""10.1109/visual.1990.146359"", ""10.1109/visual.1998.745291""]"
I138211613,Dimensionality Reduction & Multivariate Plots,4,"[""10.1109/vast.2012.6400555"", ""10.1109/visual.2002.1183812"", ""10.1109/visual.2004.104"", ""10.1109/visual.2004.72""]"
I138285227,Dashboards & Infographics,1,"[""10.1109/tvcg.2010.193""]"
I138285227,Dimensionality Reduction & Multivariate Plots,1,"[""10.1109/tvcg.2007.70583""]"
I138285227,Flow Fields & CFD Visualization,2,"[""10.1109/tvcg.2008.117"", ""10.1109/vast.2009.5333895""]"
I138801177,Dimensionality Reduction & Multivariate Plots,1,"[""10.1109/visual.1991.175801""]"
I138898306,Dimensionality Reduction & Multivariate Plots,1,"[""10.1109/visual.2003.1250371""]"
I139084617,Dimensionality Reduction & Multivariate Plots,1,"[""10.1109/visual.1998.745281""]"
I139264467,Diffusion MRI & Tractography,1,"[""10.1109/tvcg.2020.3030419""]"
I139264467,Dimensionality Reduction & Multivariate Plots,7,"[""10.1109/tvcg.2010.155"", ""10.1109/tvcg.2010.175"", ""10.1109/tvcg.2014.2346454"", ""10.1109/tvcg.2018.2865141"", ""10.1109/tvcg.2020.3030414"", ""10.1109/tvcg.2024.3456215"", ""10.1109/visual.1995.480808""]"
I139264467,Meshes & Volume Rendering,1,"[""10.1109/tvcg.2009.146""]"
I139264467,Time Series & Temporal Patterns,3,"[""10.1109/tvcg.2021.3114833"", ""10.1109/tvcg.2023.3327187"", ""10.1109/tvcg.2023.3327201""]"
I139264467,VIS Literature & Bibliometrics,1,"[""10.1109/tvcg.2016.2598796""]"
I139506611,Dimensionality Reduction & Multivariate Plots,1,"[""10.1109/tvcg.2006.177""]"
I13955877,Dimensionality Reduction & Multivariate Plots,1,"[""10.1109/tvcg.2022.3209458""]"
I139660479,Dimensionality Reduction & Multivariate Plots,11,"[""10.1109/tvcg.2018.2864503"", ""10.1109/tvcg.2018.2865139"", ""10.1109/tvcg.2019.2934208"", ""10.1109/tvcg.2019.2934655"", ""10.1109/tvcg.2019.2934800"", ""10.1109/tvcg.2020.3030410"", ""10.1109/tvcg.2020.3030428"", ""10.1109/tvcg.2020.3030440"", ""10.1109/vast47406.2019.8986943"", ""10.1109/vast50239.2020.00011"", ""10.1109/vast50239.2020.00014""]"
I139660479,Flow Fields & CFD Visualization,1,"[""10.1109/vast50239.2020.00006""]"
I139660479,Meshes & Volume Rendering,1,"[""10.1109/tvcg.2022.3209469""]"
I139660479,Surgical Planning & Tomography,1,"[""10.1109/tvcg.2022.3209347""]"
I139660479,Time Series & Temporal Patterns,7,"[""10.1109/tvcg.2017.2744098"", ""10.1109/tvcg.2018.2865020"", ""10.1109/tvcg.2020.3030432"", ""10.1109/tvcg.2021.3114694"", ""10.1109/tvcg.2022.3209423"", ""10.1109/tvcg.2023.3326515"", ""10.1109/vast50239.2020.00015""]"
I139894009,Flow Fields & CFD Visualization,1,"[""10.1109/tvcg.2020.3030424""]"
I141371507,Dimensionality Reduction & Multivariate Plots,1,"[""10.1109/tvcg.2020.3030414""]"
I141371507,VIS Literature & Bibliometrics,1,"[""10.1109/tvcg.2016.2598796""]"
I141472210,Dimensionality Reduction & Multivariate Plots,1,"[""10.1109/visual.1994.346290""]"
I141591182,Twitter & Social Media,1,"[""10.1109/tvcg.2015.2467433""]"
I141720752,Dimensionality Reduction & Multivariate Plots,1,"[""10.1109/tvcg.2024.3456381""]"
I141945490,Diffusion MRI & Tractography,1,"[""10.1109/infvis.2005.1532127""]"
I141945490,Dimensionality Reduction & Multivariate Plots,13,"[""10.1109/tvcg.2006.177"", ""10.1109/tvcg.2007.70583"", ""10.1109/tvcg.2009.111"", ""10.1109/tvcg.2014.2346431"", ""10.1109/tvcg.2015.2467531"", ""10.1109/tvcg.2017.2744319"", ""10.1109/tvcg.2020.3029413"", ""10.1109/visual.1996.568118"", ""10.1109/visual.1997.663855"", ""10.1109/visual.2001.964499"", ""10.1109/visual.2002.1183755"", ""10.1109/visual.2003.1250410"", ""10.1109/visual.2004.96""]"
I141945490,Flow Fields & CFD Visualization,8,"[""10.1109/tvcg.2008.117"", ""10.1109/tvcg.2012.213"", ""10.1109/tvcg.2013.124"", ""10.1109/tvcg.2015.2466971"", ""10.1109/tvcg.2015.2467732"", ""10.1109/tvcg.2016.2598466"", ""10.1109/tvcg.2020.3030462"", ""10.1109/tvcg.2021.3114841""]"
I141945490,Meshes & Volume Rendering,6,"[""10.1109/tvcg.2006.127"", ""10.1109/tvcg.2008.109"", ""10.1109/tvcg.2009.167"", ""10.1109/tvcg.2010.137"", ""10.1109/tvcg.2013.214"", ""10.1109/tvcg.2024.3456399""]"
I141945490,Surgical Planning & Tomography,1,"[""10.1109/tvcg.2024.3456174""]"
I141945490,Time Series & Temporal Patterns,4,"[""10.1109/infvis.2004.60"", ""10.1109/tvcg.2013.153"", ""10.1109/tvcg.2015.2467195"", ""10.1109/vast.2010.5652392""]"
I141945490,Twitter & Social Media,2,"[""10.1109/tvcg.2020.3030387"", ""10.1109/vast.2007.4389008""]"
I141945490,Ultrasound Volume Rendering & Segmentation,2,"[""10.1109/tvcg.2012.255"", ""10.1109/tvcg.2015.2467555""]"
I142108993,Dimensionality Reduction & Multivariate Plots,1,"[""10.1109/tvcg.2024.3456141""]"
I142263535,Dimensionality Reduction & Multivariate Plots,1,"[""10.1109/visual.1995.480814""]"
I14243506,Dimensionality Reduction & Multivariate Plots,1,"[""10.1109/tvcg.2021.3114762""]"
I142476485,Meshes & Volume Rendering,1,"[""10.1109/visual.1993.398897""]"
I142606810,Dimensionality Reduction & Multivariate Plots,20,"[""10.1109/infvis.1995.528686"", ""10.1109/infvis.1999.801866"", ""10.1109/infvis.2000.885097"", ""10.1109/infvis.2000.885098"", ""10.1109/infvis.2005.1532131"", ""10.1109/infvis.2005.1532133"", ""10.1109/tvcg.2008.135"", ""10.1109/tvcg.2013.138"", ""10.1109/tvcg.2014.2346575"", ""10.1109/tvcg.2016.2598544"", ""10.1109/tvcg.2019.2934540"", ""10.1109/vast.2006.261416"", ""10.1109/vast.2006.261432"", ""10.1109/vast.2008.4677366"", ""10.1109/vast.2009.5333437"", ""10.1109/vast.2009.5333880"", ""10.1109/vast.2015.7347625"", ""10.1109/vast.2017.8585658"", ""10.1109/vast.2017.8585669"", ""10.1109/visual.1998.745302""]"
I142606810,Flow Fields & CFD Visualization,1,"[""10.1109/visual.2004.82""]"
I142606810,Meshes & Volume Rendering,1,"[""10.1109/tvcg.2022.3209454""]"
I142606810,Surgical Planning & Tomography,2,"[""10.1109/vast.2017.8585487"", ""10.1109/vast.2017.8585720""]"
I142606810,Time Series & Temporal Patterns,3,"[""10.1109/vast.2007.4388999"", ""10.1109/vast.2009.5332629"", ""10.1109/vast.2009.5333245""]"
I142606810,Twitter & Social Media,2,"[""10.1109/infvis.1998.729570"", ""10.1109/tvcg.2012.228""]"
I143288331,Dimensionality Reduction & Multivariate Plots,3,"[""10.1109/tvcg.2023.3326569"", ""10.1109/tvcg.2024.3456308"", ""10.1109/visual.2005.1532798""]"
I143302722,Dimensionality Reduction & Multivariate Plots,2,"[""10.1109/visual.2001.964508"", ""10.1109/visual.2001.964509""]"
I143302722,Twitter & Social Media,2,"[""10.1109/tvcg.2023.3326920"", ""10.1109/tvcg.2024.3456337""]"
I143379178,VIS Literature & Bibliometrics,1,"[""10.1109/visual.1999.809884""]"
I143804889,Dimensionality Reduction & Multivariate Plots,1,"[""10.1109/tvcg.2013.132""]"
I143804889,Time Series & Temporal Patterns,1,"[""10.1109/tvcg.2022.3209464""]"
I143910747,Dimensionality Reduction & Multivariate Plots,1,"[""10.1109/tvcg.2023.3326523""]"
I143910747,Flow Fields & CFD Visualization,1,"[""10.1109/tvcg.2023.3327402""]"
I144889574,Meshes & Volume Rendering,1,"[""10.1109/visual.2003.1250364""]"
I145311948,Dimensionality Reduction & Multivariate Plots,6,"[""10.1109/tvcg.2007.70587"", ""10.1109/visual.1997.663904"", ""10.1109/visual.2000.885701"", ""10.1109/visual.2000.885739"", ""10.1109/visual.2001.964491"", ""10.1109/visual.2005.1532809""]"
I145311948,Meshes & Volume Rendering,3,"[""10.1109/tvcg.2007.70595"", ""10.1109/tvcg.2012.274"", ""10.1109/visual.1990.146393""]"
I145311948,Surgical Planning & Tomography,1,"[""10.1109/visual.1990.146385""]"
I145311948,Time Series & Temporal Patterns,1,"[""10.1109/infvis.2005.1532140""]"
I145311948,VIS Literature & Bibliometrics,1,"[""10.1109/visual.1991.175832""]"
I145581781,Dimensionality Reduction & Multivariate Plots,1,"[""10.1109/vast50239.2020.00014""]"
I145847075,Dashboards & Infographics,1,"[""10.1109/tvcg.2007.70598""]"
I145847075,Diffusion MRI & Tractography,13,"[""10.1109/tvcg.2006.148"", ""10.1109/tvcg.2006.152"", ""10.1109/tvcg.2007.70555"", ""10.1109/tvcg.2007.70591"", ""10.1109/tvcg.2009.115"", ""10.1109/tvcg.2013.177"", ""10.1109/tvcg.2015.2468011"", ""10.1109/tvcg.2018.2864491"", ""10.1109/tvcg.2019.2934658"", ""10.1109/vast.2016.7883516"", ""10.1109/visual.2000.885697"", ""10.1109/visual.2004.48"", ""10.1109/visual.2005.1532856""]"
I145847075,Dimensionality Reduction & Multivariate Plots,51,"[""10.1109/tvcg.2006.123"", ""10.1109/tvcg.2007.70550"", ""10.1109/tvcg.2007.70576"", ""10.1109/tvcg.2008.180"", ""10.1109/tvcg.2009.110"", ""10.1109/tvcg.2009.198"", ""10.1109/tvcg.2010.214"", ""10.1109/tvcg.2011.215"", ""10.1109/tvcg.2011.216"", ""10.1109/tvcg.2011.225"", ""10.1109/tvcg.2011.228"", ""10.1109/tvcg.2011.258"", ""10.1109/tvcg.2012.261"", ""10.1109/tvcg.2012.273"", ""10.1109/tvcg.2013.122"", ""10.1109/tvcg.2013.184"", ""10.1109/tvcg.2013.206"", ""10.1109/tvcg.2013.213"", ""10.1109/tvcg.2013.215"", ""10.1109/tvcg.2014.2346744"", ""10.1109/tvcg.2014.2346930"", ""10.1109/tvcg.2015.2467331"", ""10.1109/tvcg.2015.2467752"", ""10.1109/tvcg.2016.2598468"", ""10.1109/tvcg.2017.2744518"", ""10.1109/tvcg.2017.2744758"", ""10.1109/tvcg.2017.2745298"", ""10.1109/tvcg.2018.2864510"", ""10.1109/tvcg.2020.3030475"", ""10.1109/tvcg.2021.3114795"", ""10.1109/tvcg.2022.3209393"", ""10.1109/tvcg.2023.3326572"", ""10.1109/tvcg.2023.3326912"", ""10.1109/tvcg.2023.3327152"", ""10.1109/tvcg.2023.3327203"", ""10.1109/vast.2012.6400555"", ""10.1109/vast.2014.7042491"", ""10.1109/vast.2015.7347629"", ""10.1109/vast.2017.8585498"", ""10.1109/visual.2000.885726"", ""10.1109/visual.2000.885732"", ""10.1109/visual.2001.964498"", ""10.1109/visual.2001.964540"", ""10.1109/visual.2001.964555"", ""10.1109/visual.2002.1183754"", ""10.1109/visual.2002.1183812"", ""10.1109/visual.2003.1250353"", ""10.1109/visual.2004.104"", ""10.1109/visual.2004.56"", ""10.1109/visual.2004.72"", ""10.1109/visual.2005.1532847""]"
I145847075,Flow Fields & CFD Visualization,13,"[""10.1109/tvcg.2012.221"", ""10.1109/tvcg.2013.222"", ""10.1109/tvcg.2015.2467434"", ""10.1109/tvcg.2017.2743981"", ""10.1109/tvcg.2017.2744258"", ""10.1109/tvcg.2019.2934612"", ""10.1109/tvcg.2019.2934784"", ""10.1109/tvcg.2020.3030415"", ""10.1109/tvcg.2022.3209411"", ""10.1109/tvcg.2022.3209432"", ""10.1109/tvcg.2024.3456315"", ""10.1109/tvcg.2024.3456347"", ""10.1109/vast.2014.7042490""]"
I145847075,Meshes & Volume Rendering,6,"[""10.1109/infvis.2005.1532123"", ""10.1109/tvcg.2009.121"", ""10.1109/tvcg.2015.2467911"", ""10.1109/tvcg.2019.2934334"", ""10.1109/visual.1997.663897"", ""10.1109/visual.1997.663921""]"
I145847075,Surgical Planning & Tomography,4,"[""10.1109/tvcg.2006.140"", ""10.1109/tvcg.2014.2346660"", ""10.1109/tvcg.2020.3030436"", ""10.1109/tvcg.2023.3327193""]"
I145847075,Time Series & Temporal Patterns,6,"[""10.1109/tvcg.2009.199"", ""10.1109/tvcg.2012.254"", ""10.1109/tvcg.2014.2346626"", ""10.1109/tvcg.2016.2598870"", ""10.1109/tvcg.2024.3456314"", ""10.1109/visual.1997.663867""]"
I145847075,VIS Literature & Bibliometrics,5,"[""10.1109/tvcg.2008.170"", ""10.1109/tvcg.2014.2346318"", ""10.1109/tvcg.2014.2346352"", ""10.1109/tvcg.2014.2346754"", ""10.1109/tvcg.2020.3030409""]"
I145872427,Dimensionality Reduction & Multivariate Plots,2,"[""10.1109/tvcg.2018.2865043"", ""10.1109/visual.2005.1532847""]"
I145894827,Flow Fields & CFD Visualization,1,"[""10.1109/tvcg.2020.3030367""]"
I146399215,Dimensionality Reduction & Multivariate Plots,1,"[""10.1109/visual.1995.480807""]"
I146416000,Ultrasound Volume Rendering & Segmentation,1,"[""10.1109/vast.2006.261435""]"
I147554453,Diffusion MRI & Tractography,1,"[""10.1109/tvcg.2012.267""]"
I148283060,Diffusion MRI & Tractography,1,"[""10.1109/visual.1991.175834""]"
I148283060,Dimensionality Reduction & Multivariate Plots,5,"[""10.1109/tvcg.2008.157"", ""10.1109/tvcg.2017.2744479"", ""10.1109/tvcg.2019.2934368"", ""10.1109/vast.2008.4677353"", ""10.1109/visual.2005.1532792""]"
I148283060,Twitter & Social Media,4,"[""10.1109/tvcg.2007.70601"", ""10.1109/tvcg.2012.200"", ""10.1109/tvcg.2023.3326526"", ""10.1109/tvcg.2024.3456322""]"
I148366613,Dimensionality Reduction & Multivariate Plots,1,"[""10.1109/tvcg.2011.205""]"
I148366613,Meshes & Volume Rendering,1,"[""10.1109/vast.2017.8585594""]"
I148751991,Dimensionality Reduction & Multivariate Plots,1,"[""10.1109/visual.1995.480797""]"
I149768937,Time Series & Temporal Patterns,1,"[""10.1109/tvcg.2022.3209449""]"
I149899117,Dashboards & Infographics,1,"[""10.1109/visual.2005.1532816""]"
I149899117,Diffusion MRI & Tractography,1,"[""10.1109/tvcg.2007.70602""]"
I149899117,Dimensionality Reduction & Multivariate Plots,4,"[""10.1109/tvcg.2006.165"", ""10.1109/tvcg.2009.197"", ""10.1109/tvcg.2015.2467198"", ""10.1109/visual.2003.1250399""]"
I149899117,Flow Fields & CFD Visualization,1,"[""10.1109/tvcg.2014.2346311""]"
I149899117,Meshes & Volume Rendering,6,"[""10.1109/tvcg.2010.166"", ""10.1109/visual.2003.1250376"", ""10.1109/visual.2004.18"", ""10.1109/visual.2004.99"", ""10.1109/visual.2005.1532842"", ""10.1109/visual.2005.1532859""]"
I149899117,Twitter & Social Media,1,"[""10.1109/tvcg.2014.2346432""]"
I149910238,Dimensionality Reduction & Multivariate Plots,5,"[""10.1109/tvcg.2015.2467771"", ""10.1109/tvcg.2016.2598416"", ""10.1109/tvcg.2019.2934671"", ""10.1109/vast.2011.6102447"", ""10.1109/vast.2014.7042486""]"
I149910238,Flow Fields & CFD Visualization,1,"[""10.1109/tvcg.2022.3209455""]"
I149910238,Meshes & Volume Rendering,1,"[""10.1109/tvcg.2014.2346445""]"
I149910238,Surgical Planning & Tomography,2,"[""10.1109/tvcg.2020.3030384"", ""10.1109/tvcg.2021.3114853""]"
I150209017,Flow Fields & CFD Visualization,1,"[""10.1109/tvcg.2020.3028956""]"
I150209017,VIS Literature & Bibliometrics,1,"[""10.1109/visual.1992.235176""]"
I150229711,Surgical Planning & Tomography,1,"[""10.1109/tvcg.2021.3114812""]"
I150468666,Dimensionality Reduction & Multivariate Plots,3,"[""10.1109/tvcg.2021.3114820"", ""10.1109/tvcg.2021.3114862"", ""10.1109/tvcg.2024.3456326""]"
I150468666,Time Series & Temporal Patterns,1,"[""10.1109/tvcg.2024.3456171""]"
I150569930,Dimensionality Reduction & Multivariate Plots,1,"[""10.1109/infvis.2004.57""]"
I15057530,Dimensionality Reduction & Multivariate Plots,2,"[""10.1109/tvcg.2006.177"", ""10.1109/tvcg.2021.3114795""]"
I15057530,Flow Fields & CFD Visualization,1,"[""10.1109/tvcg.2023.3327402""]"
I15057530,Time Series & Temporal Patterns,1,"[""10.1109/tvcg.2023.3326596""]"
I150653062,Diffusion MRI & Tractography,1,"[""10.1109/tvcg.2006.200""]"
I151201029,Flow Fields & CFD Visualization,1,"[""10.1109/tvcg.2022.3209432""]"
I151727225,Meshes & Volume Rendering,1,"[""10.1109/tvcg.2022.3209469""]"
I151746483,Diffusion MRI & Tractography,1,"[""10.1109/infvis.1995.528689""]"
I151746483,Dimensionality Reduction & Multivariate Plots,4,"[""10.1109/infvis.1996.559212"", ""10.1109/tvcg.2021.3114801"", ""10.1109/tvcg.2024.3456361"", ""10.1109/vast50239.2020.00010""]"
I151746483,Flow Fields & CFD Visualization,1,"[""10.1109/tvcg.2019.2934797""]"
I151746483,Meshes & Volume Rendering,1,"[""10.1109/visual.2002.1183786""]"
I151746483,Surgical Planning & Tomography,2,"[""10.1109/tvcg.2021.3114822"", ""10.1109/visual.1995.480790""]"
I151746483,Time Series & Temporal Patterns,1,"[""10.1109/tvcg.2021.3114807""]"
I15196421,Meshes & Volume Rendering,1,"[""10.1109/tvcg.2011.168""]"
I153267046,Dashboards & Infographics,1,"[""10.1109/visual.2001.964525""]"
I153267046,Diffusion MRI & Tractography,2,"[""10.1109/visual.1990.146381"", ""10.1109/visual.2005.1532790""]"
I153267046,Dimensionality Reduction & Multivariate Plots,13,"[""10.1109/tvcg.2006.125"", ""10.1109/tvcg.2009.204"", ""10.1109/tvcg.2013.141"", ""10.1109/tvcg.2017.2744321"", ""10.1109/tvcg.2019.2934368"", ""10.1109/tvcg.2021.3114687"", ""10.1109/visual.1992.235224"", ""10.1109/visual.2000.885710"", ""10.1109/visual.2002.1183772"", ""10.1109/visual.2002.1183782"", ""10.1109/visual.2003.1250398"", ""10.1109/visual.2004.127"", ""10.1109/visual.2004.80""]"
I153267046,Flow Fields & CFD Visualization,1,"[""10.1109/tvcg.2020.3030376""]"
I153267046,Meshes & Volume Rendering,14,"[""10.1109/tvcg.2007.70551"", ""10.1109/tvcg.2007.70579"", ""10.1109/tvcg.2008.133"", ""10.1109/tvcg.2010.173"", ""10.1109/visual.1994.346315"", ""10.1109/visual.1997.663858"", ""10.1109/visual.1999.809863"", ""10.1109/visual.1999.809897"", ""10.1109/visual.2000.885716"", ""10.1109/visual.2001.964506"", ""10.1109/visual.2001.964507"", ""10.1109/visual.2004.107"", ""10.1109/visual.2004.113"", ""10.1109/visual.2005.1532850""]"
I153267046,Time Series & Temporal Patterns,3,"[""10.1109/tvcg.2012.280"", ""10.1109/tvcg.2021.3114870"", ""10.1109/visual.1990.146403""]"
I153267046,Twitter & Social Media,4,"[""10.1109/tvcg.2011.159"", ""10.1109/tvcg.2014.2346447"", ""10.1109/tvcg.2020.3030353"", ""10.1109/tvcg.2023.3326601""]"
I153267046,VIS Literature & Bibliometrics,3,"[""10.1109/tvcg.2007.70575"", ""10.1109/tvcg.2012.239"", ""10.1109/tvcg.2012.283""]"
I153327471,Flow Fields & CFD Visualization,1,"[""10.1109/visual.2002.1183815""]"
I153512688,Dimensionality Reduction & Multivariate Plots,2,"[""10.1109/visual.2004.69"", ""10.1109/visual.2005.1532849""]"
I153648349,Dimensionality Reduction & Multivariate Plots,1,"[""10.1109/tvcg.2007.70558""]"
I153908563,Dimensionality Reduction & Multivariate Plots,1,"[""10.1109/infvis.1996.559212""]"
I154099455,Diffusion MRI & Tractography,1,"[""10.1109/tvcg.2022.3209450""]"
I154099455,Dimensionality Reduction & Multivariate Plots,8,"[""10.1109/tvcg.2017.2745919"", ""10.1109/tvcg.2018.2864911"", ""10.1109/tvcg.2018.2864912"", ""10.1109/tvcg.2019.2934805"", ""10.1109/tvcg.2020.3030404"", ""10.1109/tvcg.2020.3030406"", ""10.1109/tvcg.2022.3209371"", ""10.1109/tvcg.2023.3327354""]"
I154099455,Flow Fields & CFD Visualization,4,"[""10.1109/tvcg.2017.2745859"", ""10.1109/tvcg.2019.2934783"", ""10.1109/tvcg.2021.3114761"", ""10.1109/tvcg.2021.3114865""]"
I154099455,Time Series & Temporal Patterns,8,"[""10.1109/tvcg.2018.2865020"", ""10.1109/tvcg.2018.2865266"", ""10.1109/tvcg.2019.2934541"", ""10.1109/tvcg.2019.2934796"", ""10.1109/tvcg.2020.3030368"", ""10.1109/tvcg.2021.3114765"", ""10.1109/tvcg.2021.3114880"", ""10.1109/tvcg.2023.3327149""]"
I154130895,Dimensionality Reduction & Multivariate Plots,3,"[""10.1109/tvcg.2012.206"", ""10.1109/tvcg.2012.279"", ""10.1109/visual.1994.346331""]"
I154130895,Meshes & Volume Rendering,1,"[""10.1109/visual.1992.235225""]"
I154338468,Ultrasound Volume Rendering & Segmentation,1,"[""10.1109/vast.2007.4389007""]"
I154425047,Dimensionality Reduction & Multivariate Plots,1,"[""10.1109/visual.2005.1532819""]"
I154570441,Dimensionality Reduction & Multivariate Plots,6,"[""10.1109/tvcg.2007.70570"", ""10.1109/tvcg.2010.126"", ""10.1109/tvcg.2011.234"", ""10.1109/tvcg.2014.2346291"", ""10.1109/tvcg.2018.2865158"", ""10.1109/tvcg.2022.3209461""]"
I154570441,Surgical Planning & Tomography,2,"[""10.1109/tvcg.2016.2598828"", ""10.1109/tvcg.2019.2934281""]"
I154570441,Time Series & Temporal Patterns,1,"[""10.1109/tvcg.2011.186""]"
I154986956,Dimensionality Reduction & Multivariate Plots,2,"[""10.1109/tvcg.2017.2743989"", ""10.1109/tvcg.2018.2864806""]"
I155093810,Dimensionality Reduction & Multivariate Plots,1,"[""10.1109/visual.2005.1532784""]"
I155093810,Meshes & Volume Rendering,1,"[""10.1109/tvcg.2020.3030405""]"
I155173764,Dimensionality Reduction & Multivariate Plots,1,"[""10.1109/vast.2010.5652895""]"
I155173764,Flow Fields & CFD Visualization,1,"[""10.1109/tvcg.2019.2934797""]"
I155173764,Surgical Planning & Tomography,1,"[""10.1109/tvcg.2021.3114822""]"
I155173764,VIS Literature & Bibliometrics,1,"[""10.1109/visual.1991.175836""]"
I155781252,Dimensionality Reduction & Multivariate Plots,2,"[""10.1109/tvcg.2009.143"", ""10.1109/tvcg.2014.2346271""]"
I156087764,Dimensionality Reduction & Multivariate Plots,3,"[""10.1109/tvcg.2021.3114803"", ""10.1109/tvcg.2022.3209443"", ""10.1109/tvcg.2022.3209457""]"
I156087764,Flow Fields & CFD Visualization,1,"[""10.1109/tvcg.2019.2934286""]"
I157485424,Dimensionality Reduction & Multivariate Plots,4,"[""10.1109/tvcg.2007.70585"", ""10.1109/tvcg.2021.3114814"", ""10.1109/tvcg.2022.3209462"", ""10.1109/tvcg.2023.3327150""]"
I157485424,Surgical Planning & Tomography,1,"[""10.1109/tvcg.2020.3030380""]"
I157556583,Twitter & Social Media,2,"[""10.1109/tvcg.2010.139"", ""10.1109/tvcg.2014.2346432""]"
I15766117,Dimensionality Reduction & Multivariate Plots,1,"[""10.1109/tvcg.2008.139""]"
I157725225,Dashboards & Infographics,2,"[""10.1109/infvis.2000.885101"", ""10.1109/visual.1991.175818""]"
I157725225,Dimensionality Reduction & Multivariate Plots,18,"[""10.1109/tvcg.2006.154"", ""10.1109/tvcg.2006.193"", ""10.1109/tvcg.2017.2744459"", ""10.1109/tvcg.2020.3028958"", ""10.1109/tvcg.2021.3114850"", ""10.1109/tvcg.2023.3326514"", ""10.1109/tvcg.2023.3326925"", ""10.1109/tvcg.2024.3456182"", ""10.1109/tvcg.2024.3456353"", ""10.1109/vast.2009.5333248"", ""10.1109/visual.1991.175810"", ""10.1109/visual.1992.235228"", ""10.1109/visual.2001.964503"", ""10.1109/visual.2001.964532"", ""10.1109/visual.2002.1183765"", ""10.1109/visual.2002.1183787"", ""10.1109/visual.2004.81"", ""10.1109/visual.2005.1532791""]"
I157725225,Flow Fields & CFD Visualization,2,"[""10.1109/tvcg.2019.2934666"", ""10.1109/visual.1994.346337""]"
I157725225,Meshes & Volume Rendering,1,"[""10.1109/tvcg.2013.121""]"
I157725225,Surgical Planning & Tomography,2,"[""10.1109/tvcg.2020.3028888"", ""10.1109/tvcg.2023.3326929""]"
I157725225,VIS Literature & Bibliometrics,3,"[""10.1109/tvcg.2017.2743939"", ""10.1109/visual.1990.146384"", ""10.1109/visual.1993.398860""]"
I157773358,Dimensionality Reduction & Multivariate Plots,1,"[""10.1109/tvcg.2024.3456392""]"
I157773358,Flow Fields & CFD Visualization,2,"[""10.1109/tvcg.2022.3209440"", ""10.1109/tvcg.2022.3209453""]"
I157773358,Surgical Planning & Tomography,1,"[""10.1109/tvcg.2023.3326575""]"
I158842170,Dimensionality Reduction & Multivariate Plots,2,"[""10.1109/tvcg.2019.2934657"", ""10.1109/tvcg.2023.3327353""]"
I159176309,Dimensionality Reduction & Multivariate Plots,2,"[""10.1109/visual.1992.235218"", ""10.1109/visual.1998.745311""]"
I16038530,Meshes & Volume Rendering,1,"[""10.1109/tvcg.2011.204""]"
I161046081,Meshes & Volume Rendering,1,"[""10.1109/visual.2001.964494""]"
I161057412,Dashboards & Infographics,2,"[""10.1109/visual.1995.480811"", ""10.1109/visual.1996.567800""]"
I161057412,Dimensionality Reduction & Multivariate Plots,8,"[""10.1109/tvcg.2006.183"", ""10.1109/tvcg.2009.175"", ""10.1109/vast.2011.6102463"", ""10.1109/visual.1991.175809"", ""10.1109/visual.1992.235200"", ""10.1109/visual.1994.346335"", ""10.1109/visual.1995.480816"", ""10.1109/visual.2005.1532782""]"
I161057412,Meshes & Volume Rendering,1,"[""10.1109/tvcg.2016.2598448""]"
I161057412,Surgical Planning & Tomography,1,"[""10.1109/visual.1997.663914""]"
I161057412,Time Series & Temporal Patterns,1,"[""10.1109/visual.1997.663866""]"
I161127581,Dimensionality Reduction & Multivariate Plots,6,"[""10.1109/tvcg.2016.2598585"", ""10.1109/tvcg.2022.3209474"", ""10.1109/tvcg.2023.3326514"", ""10.1109/tvcg.2023.3326598"", ""10.1109/tvcg.2024.3456353"", ""10.1109/vast.2015.7347636""]"
I161171246,Surgical Planning & Tomography,1,"[""10.1109/tvcg.2021.3114853""]"
I161548249,Dimensionality Reduction & Multivariate Plots,4,"[""10.1109/tvcg.2009.161"", ""10.1109/tvcg.2020.3030338"", ""10.1109/tvcg.2021.3114818"", ""10.1109/tvcg.2024.3456323""]"
I161548249,Flow Fields & CFD Visualization,1,"[""10.1109/tvcg.2023.3326580""]"
I161548249,Time Series & Temporal Patterns,3,"[""10.1109/tvcg.2011.166"", ""10.1109/tvcg.2015.2467271"", ""10.1109/tvcg.2017.2745878""]"
I161548249,VIS Literature & Bibliometrics,1,"[""10.1109/tvcg.2024.3456300""]"
I162577319,Dimensionality Reduction & Multivariate Plots,1,"[""10.1109/vast.2014.7042489""]"
I162646704,Dimensionality Reduction & Multivariate Plots,1,"[""10.1109/tvcg.2008.118""]"
I162714631,Dimensionality Reduction & Multivariate Plots,1,"[""10.1109/tvcg.2015.2467203""]"
I162714631,Flow Fields & CFD Visualization,1,"[""10.1109/tvcg.2022.3209455""]"
I162714631,Twitter & Social Media,1,"[""10.1109/tvcg.2014.2346747""]"
I16285277,Time Series & Temporal Patterns,1,"[""10.1109/tvcg.2022.3209493""]"
I162868743,Dimensionality Reduction & Multivariate Plots,8,"[""10.1109/tvcg.2013.219"", ""10.1109/tvcg.2014.2346898"", ""10.1109/tvcg.2015.2467619"", ""10.1109/tvcg.2019.2934667"", ""10.1109/tvcg.2020.3030411"", ""10.1109/tvcg.2022.3209382"", ""10.1109/vast.2014.7042489"", ""10.1109/vast50239.2020.00013""]"
I162868743,Surgical Planning & Tomography,2,"[""10.1109/tvcg.2020.3030433"", ""10.1109/tvcg.2021.3114793""]"
I162868743,Time Series & Temporal Patterns,1,"[""10.1109/tvcg.2022.3209459""]"
I16391192,Dimensionality Reduction & Multivariate Plots,7,"[""10.1109/visual.1996.567600"", ""10.1109/visual.1996.567804"", ""10.1109/visual.1996.567812"", ""10.1109/visual.1999.10189410"", ""10.1109/visual.2001.964489"", ""10.1109/visual.2001.964527"", ""10.1109/visual.2002.1183795""]"
I16391192,Time Series & Temporal Patterns,3,"[""10.1109/infvis.1997.636793"", ""10.1109/infvis.1999.801865"", ""10.1109/tvcg.2019.2934811""]"
I16391192,Twitter & Social Media,1,"[""10.1109/visual.1997.663868""]"
I164389053,Flow Fields & CFD Visualization,1,"[""10.1109/tvcg.2022.3209455""]"
I164956901,Dimensionality Reduction & Multivariate Plots,3,"[""10.1109/tvcg.2018.2864526"", ""10.1109/vast.2016.7883513"", ""10.1109/vast.2018.8802415""]"
I164956901,Surgical Planning & Tomography,3,"[""10.1109/tvcg.2018.2864475"", ""10.1109/tvcg.2018.2864504"", ""10.1109/tvcg.2020.3030461""]"
I165102784,Meshes & Volume Rendering,1,"[""10.1109/visual.2005.1532844""]"
I165143802,Flow Fields & CFD Visualization,1,"[""10.1109/tvcg.2015.2467321""]"
I165368041,Dimensionality Reduction & Multivariate Plots,1,"[""10.1109/tvcg.2023.3327369""]"
I165390105,Dimensionality Reduction & Multivariate Plots,1,"[""10.1109/tvcg.2013.193""]"
I165525304,Dimensionality Reduction & Multivariate Plots,1,"[""10.1109/tvcg.2016.2599214""]"
I165690674,VIS Literature & Bibliometrics,1,"[""10.1109/visual.2003.1250421""]"
I165733156,Meshes & Volume Rendering,1,"[""10.1109/visual.2005.1532844""]"
I165779595,Dimensionality Reduction & Multivariate Plots,3,"[""10.1109/infvis.1995.528695"", ""10.1109/tvcg.2008.130"", ""10.1109/tvcg.2015.2467251""]"
I165799507,Dimensionality Reduction & Multivariate Plots,1,"[""10.1109/visual.1990.146367""]"
I165799507,Meshes & Volume Rendering,1,"[""10.1109/visual.1997.663856""]"
I165799507,VIS Literature & Bibliometrics,1,"[""10.1109/visual.1999.809891""]"
I165932596,Dimensionality Reduction & Multivariate Plots,5,"[""10.1109/tvcg.2010.172"", ""10.1109/tvcg.2019.2934657"", ""10.1109/visual.1991.175806"", ""10.1109/visual.1996.567609"", ""10.1109/visual.2004.36""]"
I165932596,Surgical Planning & Tomography,1,"[""10.1109/tvcg.2013.191""]"
I165932596,Time Series & Temporal Patterns,1,"[""10.1109/tvcg.2017.2744098""]"
I166416128,Dashboards & Infographics,1,"[""10.1109/infvis.1996.559210""]"
I166416128,Dimensionality Reduction & Multivariate Plots,1,"[""10.1109/visual.1995.480800""]"
I166825849,Time Series & Temporal Patterns,1,"[""10.1109/tvcg.2016.2598495""]"
I167576493,Meshes & Volume Rendering,2,"[""10.1109/tvcg.2013.229"", ""10.1109/visual.2002.1183786""]"
I16835326,Dimensionality Reduction & Multivariate Plots,2,"[""10.1109/tvcg.2015.2467452"", ""10.1109/visual.2003.1250354""]"
I16835326,Time Series & Temporal Patterns,1,"[""10.1109/tvcg.2019.2934804""]"
I168635309,Diffusion MRI & Tractography,1,"[""10.1109/tvcg.2007.70521""]"
I168635309,Dimensionality Reduction & Multivariate Plots,18,"[""10.1109/infvis.2003.1249008"", ""10.1109/tvcg.2007.70568"", ""10.1109/tvcg.2009.109"", ""10.1109/tvcg.2009.122"", ""10.1109/tvcg.2009.162"", ""10.1109/tvcg.2010.129"", ""10.1109/tvcg.2010.194"", ""10.1109/tvcg.2012.275"", ""10.1109/tvcg.2015.2467325"", ""10.1109/tvcg.2015.2467452"", ""10.1109/tvcg.2016.2598586"", ""10.1109/tvcg.2016.2598866"", ""10.1109/tvcg.2017.2743859"", ""10.1109/tvcg.2017.2745958"", ""10.1109/tvcg.2019.2934538"", ""10.1109/tvcg.2019.2934790"", ""10.1109/tvcg.2021.3114792"", ""10.1109/tvcg.2022.3209474""]"
I168635309,Flow Fields & CFD Visualization,5,"[""10.1109/tvcg.2015.2467831"", ""10.1109/tvcg.2016.2598608"", ""10.1109/tvcg.2021.3114844"", ""10.1109/tvcg.2023.3326917"", ""10.1109/visual.2002.1183781""]"
I168635309,Meshes & Volume Rendering,1,"[""10.1109/tvcg.2024.3456316""]"
I168635309,Surgical Planning & Tomography,1,"[""10.1109/tvcg.2008.127""]"
I168635309,Time Series & Temporal Patterns,4,"[""10.1109/infvis.2005.1532141"", ""10.1109/tvcg.2011.251"", ""10.1109/tvcg.2012.204"", ""10.1109/vast.2012.6400489""]"
I168635309,Twitter & Social Media,2,"[""10.1109/tvcg.2008.175"", ""10.1109/tvcg.2012.252""]"
I168635309,VIS Literature & Bibliometrics,1,"[""10.1109/tvcg.2017.2743918""]"
I168719708,Dimensionality Reduction & Multivariate Plots,3,"[""10.1109/tvcg.2006.114"", ""10.1109/tvcg.2013.221"", ""10.1109/tvcg.2014.2346919""]"
I168864056,Dimensionality Reduction & Multivariate Plots,1,"[""10.1109/tvcg.2022.3209418""]"
I169086405,Dimensionality Reduction & Multivariate Plots,1,"[""10.1109/vast.2011.6102445""]"
I169173203,Flow Fields & CFD Visualization,1,"[""10.1109/tvcg.2017.2745280""]"
I169381384,Diffusion MRI & Tractography,3,"[""10.1109/tvcg.2009.138"", ""10.1109/tvcg.2012.205"", ""10.1109/tvcg.2018.2864690""]"
I169381384,Dimensionality Reduction & Multivariate Plots,5,"[""10.1109/tvcg.2007.70553"", ""10.1109/tvcg.2011.223"", ""10.1109/tvcg.2011.233"", ""10.1109/tvcg.2012.220"", ""10.1109/tvcg.2017.2744338""]"
I169381384,Flow Fields & CFD Visualization,1,"[""10.1109/tvcg.2013.146""]"
I169381384,Meshes & Volume Rendering,4,"[""10.1109/tvcg.2012.217"", ""10.1109/tvcg.2015.2467202"", ""10.1109/tvcg.2023.3326931"", ""10.1109/visual.1995.485158""]"
I169381384,Surgical Planning & Tomography,4,"[""10.1109/tvcg.2012.262"", ""10.1109/tvcg.2016.2598838"", ""10.1109/tvcg.2018.2864899"", ""10.1109/tvcg.2019.2934332""]"
I169381384,Time Series & Temporal Patterns,2,"[""10.1109/tvcg.2017.2744339"", ""10.1109/vast.2010.5652450""]"
I169521973,Dimensionality Reduction & Multivariate Plots,4,"[""10.1109/infvis.2003.1249021"", ""10.1109/visual.1992.235207"", ""10.1109/visual.1997.663930"", ""10.1109/visual.1999.809919""]"
I169521973,Twitter & Social Media,1,"[""10.1109/tvcg.2007.70572""]"
I169521973,Ultrasound Volume Rendering & Segmentation,1,"[""10.1109/visual.1990.146419""]"
I170201317,Diffusion MRI & Tractography,1,"[""10.1109/tvcg.2013.161""]"
I170201317,Dimensionality Reduction & Multivariate Plots,4,"[""10.1109/tvcg.2014.2346922"", ""10.1109/tvcg.2019.2934262"", ""10.1109/tvcg.2022.3209403"", ""10.1109/tvcg.2023.3326587""]"
I170201317,Time Series & Temporal Patterns,1,"[""10.1109/infvis.1998.729564""]"
I170201317,Ultrasound Volume Rendering & Segmentation,1,"[""10.1109/tvcg.2017.2744419""]"
I170215575,Dimensionality Reduction & Multivariate Plots,1,"[""10.1109/tvcg.2014.2346416""]"
I170239107,Flow Fields & CFD Visualization,2,"[""10.1109/tvcg.2016.2599107"", ""10.1109/tvcg.2019.2934803""]"
I170658231,Dimensionality Reduction & Multivariate Plots,1,"[""10.1109/vast.2012.6400492""]"
I170658231,VIS Literature & Bibliometrics,1,"[""10.1109/tvcg.2012.222""]"
I170897317,Dimensionality Reduction & Multivariate Plots,1,"[""10.1109/tvcg.2015.2468093""]"
I170897317,Meshes & Volume Rendering,2,"[""10.1109/infvis.2003.1249029"", ""10.1109/visual.2004.68""]"
I170897317,Twitter & Social Media,2,"[""10.1109/tvcg.2010.139"", ""10.1109/visual.2003.1250365""]"
I17145004,Time Series & Temporal Patterns,1,"[""10.1109/tvcg.2022.3209482""]"
I172675005,Diffusion MRI & Tractography,1,"[""10.1109/tvcg.2007.70538""]"
I172675005,Dimensionality Reduction & Multivariate Plots,5,"[""10.1109/tvcg.2010.172"", ""10.1109/tvcg.2013.221"", ""10.1109/tvcg.2014.2346893"", ""10.1109/tvcg.2014.2346919"", ""10.1109/tvcg.2024.3456321""]"
I172675005,Flow Fields & CFD Visualization,1,"[""10.1109/tvcg.2022.3209434""]"
I172675005,Meshes & Volume Rendering,2,"[""10.1109/tvcg.2008.182"", ""10.1109/tvcg.2009.147""]"
I172901346,Dimensionality Reduction & Multivariate Plots,1,"[""10.1109/visual.1993.398911""]"
I17301866,Dashboards & Infographics,1,"[""10.1109/tvcg.2022.3209473""]"
I173498003,Dimensionality Reduction & Multivariate Plots,11,"[""10.1109/infvis.1997.636787"", ""10.1109/infvis.1999.801853"", ""10.1109/infvis.2000.885087"", ""10.1109/infvis.2000.885092"", ""10.1109/infvis.2002.1173145"", ""10.1109/tvcg.2014.2346743"", ""10.1109/vast.2006.261418"", ""10.1109/vast.2006.261450"", ""10.1109/vast.2007.4389010"", ""10.1109/vast.2008.4677362"", ""10.1109/vast.2011.6102463""]"
I173498003,Surgical Planning & Tomography,1,"[""10.1109/infvis.1997.636792""]"
I173498003,Ultrasound Volume Rendering & Segmentation,1,"[""10.1109/infvis.1996.559226""]"
I173759888,Dimensionality Reduction & Multivariate Plots,1,"[""10.1109/vast.2014.7042486""]"
I173911158,Diffusion MRI & Tractography,1,"[""10.1109/tvcg.2011.227""]"
I173911158,Dimensionality Reduction & Multivariate Plots,3,"[""10.1109/tvcg.2010.161"", ""10.1109/tvcg.2012.230"", ""10.1109/tvcg.2013.140""]"
I173911158,Flow Fields & CFD Visualization,1,"[""10.1109/tvcg.2015.2469125""]"
I173911158,Meshes & Volume Rendering,1,"[""10.1109/visual.1998.745344""]"
I173911158,Twitter & Social Media,2,"[""10.1109/tvcg.2006.111"", ""10.1109/tvcg.2024.3456337""]"
I174183983,Twitter & Social Media,1,"[""10.1109/tvcg.2012.287""]"
I174216632,Dimensionality Reduction & Multivariate Plots,1,"[""10.1109/vast.2011.6102446""]"
I174216632,Flow Fields & CFD Visualization,1,"[""10.1109/visual.1992.235179""]"
I174306211,Dimensionality Reduction & Multivariate Plots,8,"[""10.1109/infvis.1998.729561"", ""10.1109/infvis.2004.18"", ""10.1109/tvcg.2007.70580"", ""10.1109/visual.1994.346336"", ""10.1109/visual.1997.663863"", ""10.1109/visual.1997.663920"", ""10.1109/visual.2001.964504"", ""10.1109/visual.2002.1183794""]"
I175594653,Diffusion MRI & Tractography,4,"[""10.1109/tvcg.2009.125"", ""10.1109/tvcg.2009.141"", ""10.1109/tvcg.2012.216"", ""10.1109/visual.2001.964545""]"
I175594653,Dimensionality Reduction & Multivariate Plots,5,"[""10.1109/tvcg.2014.2346293"", ""10.1109/tvcg.2015.2467613"", ""10.1109/tvcg.2020.3030366"", ""10.1109/tvcg.2022.3209479"", ""10.1109/vast.2014.7042482""]"
I175594653,Flow Fields & CFD Visualization,2,"[""10.1109/tvcg.2014.2346983"", ""10.1109/visual.2001.964560""]"
I175594653,Meshes & Volume Rendering,4,"[""10.1109/scivis.2015.7429485"", ""10.1109/tvcg.2009.126"", ""10.1109/visual.1999.809905"", ""10.1109/visual.2001.964563""]"
I175594653,Surgical Planning & Tomography,1,"[""10.1109/tvcg.2018.2865138""]"
I176453806,Dimensionality Reduction & Multivariate Plots,3,"[""10.1109/tvcg.2023.3326569"", ""10.1109/tvcg.2024.3456308"", ""10.1109/visual.2005.1532798""]"
I176453806,Time Series & Temporal Patterns,1,"[""10.1109/tvcg.2015.2467717""]"
I17653759,Time Series & Temporal Patterns,1,"[""10.1109/tvcg.2016.2598495""]"
I177328695,Twitter & Social Media,1,"[""10.1109/tvcg.2019.2934242""]"
I17747738,Dimensionality Reduction & Multivariate Plots,1,"[""10.1109/tvcg.2024.3456346""]"
I177483745,Dimensionality Reduction & Multivariate Plots,1,"[""10.1109/visual.2005.1532787""]"
I177605424,Dimensionality Reduction & Multivariate Plots,1,"[""10.1109/tvcg.2022.3209456""]"
I177725633,Diffusion MRI & Tractography,1,"[""10.1109/visual.1996.568129""]"
I177725633,Dimensionality Reduction & Multivariate Plots,5,"[""10.1109/tvcg.2017.2745919"", ""10.1109/tvcg.2018.2864911"", ""10.1109/tvcg.2018.2864912"", ""10.1109/tvcg.2019.2934805"", ""10.1109/visual.1992.235208""]"
I177725633,Flow Fields & CFD Visualization,2,"[""10.1109/tvcg.2019.2934783"", ""10.1109/tvcg.2021.3114865""]"
I177725633,Meshes & Volume Rendering,1,"[""10.1109/tvcg.2009.147""]"
I177725633,Surgical Planning & Tomography,1,"[""10.1109/tvcg.2019.2934332""]"
I177725633,Time Series & Temporal Patterns,1,"[""10.1109/tvcg.2019.2934541""]"
I177802217,Dashboards & Infographics,1,"[""10.1109/visual.2005.1532816""]"
I177909021,Dimensionality Reduction & Multivariate Plots,1,"[""10.1109/vast.2007.4389002""]"
I177909021,Time Series & Temporal Patterns,1,"[""10.1109/tvcg.2010.207""]"
I177969490,Dimensionality Reduction & Multivariate Plots,1,"[""10.1109/tvcg.2020.3028975""]"
I179026463,Dimensionality Reduction & Multivariate Plots,1,"[""10.1109/tvcg.2019.2934655""]"
I179026463,Time Series & Temporal Patterns,1,"[""10.1109/tvcg.2018.2865020""]"
I179093154,Diffusion MRI & Tractography,1,"[""10.1109/infvis.1999.801859""]"
I179093154,Dimensionality Reduction & Multivariate Plots,4,"[""10.1109/tvcg.2006.183"", ""10.1109/tvcg.2017.2743978"", ""10.1109/visual.1995.480816"", ""10.1109/visual.2005.1532782""]"
I179225836,Dimensionality Reduction & Multivariate Plots,1,"[""10.1109/tvcg.2017.2743859""]"
I179225836,Time Series & Temporal Patterns,1,"[""10.1109/tvcg.2012.207""]"
I17974374,Dimensionality Reduction & Multivariate Plots,2,"[""10.1109/tvcg.2008.138"", ""10.1109/tvcg.2009.194""]"
I17974374,Meshes & Volume Rendering,2,"[""10.1109/tvcg.2010.170"", ""10.1109/tvcg.2016.2599018""]"
I17974374,Surgical Planning & Tomography,1,"[""10.1109/tvcg.2020.3030354""]"
I17974374,Time Series & Temporal Patterns,3,"[""10.1109/infvis.2004.68"", ""10.1109/tvcg.2011.212"", ""10.1109/tvcg.2011.220""]"
I179863766,Surgical Planning & Tomography,1,"[""10.1109/tvcg.2020.3030436""]"
I18014758,Diffusion MRI & Tractography,7,"[""10.1109/infvis.1996.559215"", ""10.1109/tvcg.2006.113"", ""10.1109/tvcg.2010.152"", ""10.1109/tvcg.2011.196"", ""10.1109/visual.1998.745334"", ""10.1109/visual.2002.1183763"", ""10.1109/visual.2003.1250414""]"
I18014758,Dimensionality Reduction & Multivariate Plots,19,"[""10.1109/infvis.1997.636784"", ""10.1109/infvis.2004.59"", ""10.1109/tvcg.2006.141"", ""10.1109/tvcg.2009.150"", ""10.1109/tvcg.2010.147"", ""10.1109/tvcg.2010.160"", ""10.1109/tvcg.2010.190"", ""10.1109/tvcg.2011.242"", ""10.1109/tvcg.2011.248"", ""10.1109/tvcg.2019.2934790"", ""10.1109/vast.2009.5333020"", ""10.1109/vast.2011.6102435"", ""10.1109/visual.1994.346296"", ""10.1109/visual.1995.485147"", ""10.1109/visual.1996.568148"", ""10.1109/visual.2001.964498"", ""10.1109/visual.2001.964499"", ""10.1109/visual.2001.964554"", ""10.1109/visual.2004.65""]"
I18014758,Flow Fields & CFD Visualization,10,"[""10.1109/tvcg.2019.2934415"", ""10.1109/tvcg.2021.3114844"", ""10.1109/tvcg.2022.3209365"", ""10.1109/tvcg.2023.3326571"", ""10.1109/tvcg.2023.3326917"", ""10.1109/vast.2008.4677361"", ""10.1109/vast.2010.5653587"", ""10.1109/visual.2003.1250396"", ""10.1109/visual.2005.1532811"", ""10.1109/visual.2005.1532837""]"
I18014758,Meshes & Volume Rendering,7,"[""10.1109/vast.2007.4388997"", ""10.1109/visual.1995.485148"", ""10.1109/visual.1995.485153"", ""10.1109/visual.1998.745339"", ""10.1109/visual.2005.1532845"", ""10.1109/visual.2005.1532852"", ""10.1109/visual.2005.1532853""]"
I18014758,Time Series & Temporal Patterns,1,"[""10.1109/vast.2010.5652392""]"
I180437899,Dimensionality Reduction & Multivariate Plots,1,"[""10.1109/tvcg.2011.207""]"
I180437899,Flow Fields & CFD Visualization,1,"[""10.1109/tvcg.2024.3456335""]"
I180437899,Meshes & Volume Rendering,2,"[""10.1109/visual.1996.568136"", ""10.1109/visual.2004.32""]"
I180670191,Twitter & Social Media,1,"[""10.1109/visual.1994.346342""]"
I180726961,Dimensionality Reduction & Multivariate Plots,7,"[""10.1109/tvcg.2010.183"", ""10.1109/tvcg.2021.3114874"", ""10.1109/tvcg.2022.3209354"", ""10.1109/tvcg.2022.3209481"", ""10.1109/tvcg.2023.3326930"", ""10.1109/tvcg.2023.3327376"", ""10.1109/tvcg.2024.3456321""]"
I180726961,Time Series & Temporal Patterns,2,"[""10.1109/tvcg.2019.2934799"", ""10.1109/tvcg.2019.2934811""]"
I180726961,Twitter & Social Media,1,"[""10.1109/tvcg.2014.2346912""]"
I180825142,Diffusion MRI & Tractography,2,"[""10.1109/tvcg.2008.165"", ""10.1109/tvcg.2009.128""]"
I180825142,Dimensionality Reduction & Multivariate Plots,18,"[""10.1109/tvcg.2007.70558"", ""10.1109/tvcg.2007.70570"", ""10.1109/tvcg.2010.191"", ""10.1109/tvcg.2011.174"", ""10.1109/tvcg.2011.197"", ""10.1109/tvcg.2013.132"", ""10.1109/tvcg.2014.2346265"", ""10.1109/tvcg.2014.2346274"", ""10.1109/tvcg.2015.2467199"", ""10.1109/tvcg.2016.2598542"", ""10.1109/tvcg.2016.2598862"", ""10.1109/tvcg.2017.2743859"", ""10.1109/tvcg.2017.2744322"", ""10.1109/tvcg.2017.2745958"", ""10.1109/tvcg.2018.2864811"", ""10.1109/tvcg.2019.2934609"", ""10.1109/tvcg.2019.2934790"", ""10.1109/tvcg.2020.3030411""]"
I180825142,Flow Fields & CFD Visualization,2,"[""10.1109/tvcg.2016.2598619"", ""10.1109/tvcg.2018.2865159""]"
I180825142,Meshes & Volume Rendering,1,"[""10.1109/tvcg.2017.2745181""]"
I180825142,Time Series & Temporal Patterns,5,"[""10.1109/tvcg.2011.209"", ""10.1109/tvcg.2013.145"", ""10.1109/tvcg.2014.2346323"", ""10.1109/tvcg.2016.2598470"", ""10.1109/tvcg.2019.2934539""]"
I180825142,VIS Literature & Bibliometrics,1,"[""10.1109/tvcg.2017.2743918""]"
I180923762,Dimensionality Reduction & Multivariate Plots,2,"[""10.1109/tvcg.2021.3114869"", ""10.1109/tvcg.2024.3456305""]"
I180923762,Flow Fields & CFD Visualization,1,"[""10.1109/tvcg.2023.3326576""]"
I180923762,Meshes & Volume Rendering,1,"[""10.1109/tvcg.2023.3327366""]"
I180949307,Meshes & Volume Rendering,1,"[""10.1109/visual.1993.398883""]"
I180980256,Dimensionality Reduction & Multivariate Plots,1,"[""10.1109/visual.2005.1532827""]"
I181369854,Diffusion MRI & Tractography,3,"[""10.1109/tvcg.2006.151"", ""10.1109/visual.1998.745321"", ""10.1109/visual.2005.1532777""]"
I181369854,Dimensionality Reduction & Multivariate Plots,9,"[""10.1109/tvcg.2013.169"", ""10.1109/tvcg.2014.2346405"", ""10.1109/tvcg.2022.3209374"", ""10.1109/visual.1996.567595"", ""10.1109/visual.1997.663907"", ""10.1109/visual.1997.663928"", ""10.1109/visual.2000.885729"", ""10.1109/visual.2001.964542"", ""10.1109/visual.2005.1532805""]"
I181369854,Meshes & Volume Rendering,3,"[""10.1109/tvcg.2024.3456384"", ""10.1109/visual.1999.809892"", ""10.1109/visual.1999.809918""]"
I181391015,Surgical Planning & Tomography,1,"[""10.1109/tvcg.2016.2598838""]"
I181653535,Dimensionality Reduction & Multivariate Plots,3,"[""10.1109/visual.1991.175807"", ""10.1109/visual.1993.398856"", ""10.1109/visual.1998.745341""]"
I181653535,Flow Fields & CFD Visualization,1,"[""10.1109/visual.2000.885741""]"
I181653535,Meshes & Volume Rendering,2,"[""10.1109/visual.1991.175814"", ""10.1109/visual.1992.235195""]"
I181653535,Surgical Planning & Tomography,1,"[""10.1109/visual.1992.235221""]"
I181653535,Ultrasound Volume Rendering & Segmentation,1,"[""10.1109/infvis.1996.559226""]"
I181653535,VIS Literature & Bibliometrics,3,"[""10.1109/visual.1992.235176"", ""10.1109/visual.1992.235177"", ""10.1109/visual.1997.663891""]"
I182083151,Time Series & Temporal Patterns,2,"[""10.1109/tvcg.2014.2346258"", ""10.1109/tvcg.2015.2467324""]"
I182712176,Diffusion MRI & Tractography,1,"[""10.1109/tvcg.2009.115""]"
I18283598,Diffusion MRI & Tractography,1,"[""10.1109/tvcg.2013.161""]"
I183067930,Dimensionality Reduction & Multivariate Plots,2,"[""10.1109/tvcg.2013.221"", ""10.1109/vast50239.2020.00013""]"
I183067930,Surgical Planning & Tomography,1,"[""10.1109/tvcg.2013.196""]"
I183874917,Dimensionality Reduction & Multivariate Plots,1,"[""10.1109/visual.2004.81""]"
I183935753,Dimensionality Reduction & Multivariate Plots,2,"[""10.1109/tvcg.2008.180"", ""10.1109/tvcg.2011.215""]"
I183935753,Flow Fields & CFD Visualization,2,"[""10.1109/tvcg.2021.3114828"", ""10.1109/tvcg.2022.3209491""]"
I183935753,Time Series & Temporal Patterns,1,"[""10.1109/tvcg.2022.3209464""]"
I184565670,Dimensionality Reduction & Multivariate Plots,1,"[""10.1109/vast.2011.6102442""]"
I184597095,Dimensionality Reduction & Multivariate Plots,2,"[""10.1109/vast.2006.261433"", ""10.1109/vast.2007.4389003""]"
I184842277,Meshes & Volume Rendering,1,"[""10.1109/visual.1990.146413""]"
I184999862,Dimensionality Reduction & Multivariate Plots,1,"[""10.1109/vast.2006.261452""]"
I1850255,VIS Literature & Bibliometrics,1,"[""10.1109/tvcg.2007.70581""]"
I185103710,Dimensionality Reduction & Multivariate Plots,13,"[""10.1109/visual.1993.398853"", ""10.1109/visual.1995.480798"", ""10.1109/visual.1996.567606"", ""10.1109/visual.1996.568105"", ""10.1109/visual.1998.745316"", ""10.1109/visual.1999.809916"", ""10.1109/visual.2001.964550"", ""10.1109/visual.2002.1183798"", ""10.1109/visual.2003.1250379"", ""10.1109/visual.2004.105"", ""10.1109/visual.2005.1532770"", ""10.1109/visual.2005.1532774"", ""10.1109/visual.2005.1532841""]"
I185103710,Flow Fields & CFD Visualization,3,"[""10.1109/infvis.1998.729566"", ""10.1109/tvcg.2017.2745280"", ""10.1109/tvcg.2018.2865240""]"
I185103710,Meshes & Volume Rendering,8,"[""10.1109/tvcg.2020.3030407"", ""10.1109/visual.1993.398880"", ""10.1109/visual.1996.568116"", ""10.1109/visual.1996.568139"", ""10.1109/visual.1998.745332"", ""10.1109/visual.1999.809906"", ""10.1109/visual.2000.885690"", ""10.1109/visual.2005.1532831""]"
I185103710,Time Series & Temporal Patterns,1,"[""10.1109/tvcg.2007.70541""]"
I185103710,Twitter & Social Media,1,"[""10.1109/visual.2000.885714""]"
I185103710,VIS Literature & Bibliometrics,2,"[""10.1109/visual.1994.346305"", ""10.1109/visual.1995.485170""]"
I185261750,Diffusion MRI & Tractography,4,"[""10.1109/infvis.2004.21"", ""10.1109/infvis.2005.1532124"", ""10.1109/infvis.2005.1532129"", ""10.1109/tvcg.2007.70521""]"
I185261750,Dimensionality Reduction & Multivariate Plots,15,"[""10.1109/infvis.1995.528681"", ""10.1109/tvcg.2009.122"", ""10.1109/tvcg.2012.226"", ""10.1109/tvcg.2013.210"", ""10.1109/tvcg.2014.2346922"", ""10.1109/tvcg.2016.2598469"", ""10.1109/tvcg.2017.2745118"", ""10.1109/tvcg.2018.2864905"", ""10.1109/tvcg.2022.3209444"", ""10.1109/tvcg.2024.3456192"", ""10.1109/tvcg.2024.3456336"", ""10.1109/vast.2009.5333443"", ""10.1109/vast.2014.7042496"", ""10.1109/visual.1995.480789"", ""10.1109/visual.1995.480815""]"
I185261750,Flow Fields & CFD Visualization,2,"[""10.1109/tvcg.2011.195"", ""10.1109/tvcg.2019.2934797""]"
I185261750,Meshes & Volume Rendering,1,"[""10.1109/tvcg.2015.2467733""]"
I185261750,Surgical Planning & Tomography,3,"[""10.1109/tvcg.2020.3030433"", ""10.1109/tvcg.2021.3114849"", ""10.1109/tvcg.2023.3326520""]"
I185261750,Time Series & Temporal Patterns,1,"[""10.1109/tvcg.2020.3030464""]"
I185261750,Twitter & Social Media,3,"[""10.1109/tvcg.2008.175"", ""10.1109/tvcg.2013.167"", ""10.1109/visual.2003.1250400""]"
I185261750,VIS Literature & Bibliometrics,1,"[""10.1109/tvcg.2019.2934288""]"
I185443292,Diffusion MRI & Tractography,2,"[""10.1109/tvcg.2008.134"", ""10.1109/tvcg.2011.171""]"
I185443292,Dimensionality Reduction & Multivariate Plots,7,"[""10.1109/tvcg.2009.140"", ""10.1109/tvcg.2009.159"", ""10.1109/tvcg.2013.212"", ""10.1109/tvcg.2013.230"", ""10.1109/tvcg.2014.2346457"", ""10.1109/tvcg.2016.2598790"", ""10.1109/tvcg.2020.3030374""]"
I185443292,Flow Fields & CFD Visualization,1,"[""10.1109/vast.2008.4677367""]"
I185443292,Surgical Planning & Tomography,1,"[""10.1109/tvcg.2019.2934369""]"
I185658715,Dimensionality Reduction & Multivariate Plots,1,"[""10.1109/visual.2002.1183792""]"
I188538660,Dimensionality Reduction & Multivariate Plots,9,"[""10.1109/tvcg.2018.2864914"", ""10.1109/tvcg.2019.2934264"", ""10.1109/tvcg.2019.2934266"", ""10.1109/tvcg.2019.2934284"", ""10.1109/tvcg.2019.2934614"", ""10.1109/tvcg.2020.3029413"", ""10.1109/tvcg.2020.3030439"", ""10.1109/tvcg.2021.3114783"", ""10.1109/vast50239.2020.00012""]"
I188538660,Flow Fields & CFD Visualization,4,"[""10.1109/tvcg.2019.2934282"", ""10.1109/tvcg.2021.3114805"", ""10.1109/tvcg.2024.3456217"", ""10.1109/visual.1994.346316""]"
I188538660,Meshes & Volume Rendering,2,"[""10.1109/tvcg.2023.3327198"", ""10.1109/visual.2000.885686""]"
I188538660,Time Series & Temporal Patterns,1,"[""10.1109/tvcg.2022.3209442""]"
I188538660,VIS Literature & Bibliometrics,1,"[""10.1109/visual.1990.146375""]"
I189158971,Flow Fields & CFD Visualization,1,"[""10.1109/tvcg.2023.3326521""]"
I189196454,VIS Literature & Bibliometrics,1,"[""10.1109/tvcg.2019.2934288""]"
I189712700,Diffusion MRI & Tractography,3,"[""10.1109/infvis.2005.1532128"", ""10.1109/tvcg.2022.3209450"", ""10.1109/vast.2011.6102439""]"
I189712700,Dimensionality Reduction & Multivariate Plots,42,"[""10.1109/infvis.2002.1173160"", ""10.1109/infvis.2004.57"", ""10.1109/infvis.2005.1532135"", ""10.1109/tvcg.2006.126"", ""10.1109/tvcg.2006.187"", ""10.1109/tvcg.2009.139"", ""10.1109/tvcg.2009.182"", ""10.1109/tvcg.2011.169"", ""10.1109/tvcg.2012.238"", ""10.1109/tvcg.2014.2346426"", ""10.1109/tvcg.2014.2346481"", ""10.1109/tvcg.2015.2467759"", ""10.1109/tvcg.2016.2598467"", ""10.1109/tvcg.2016.2598919"", ""10.1109/tvcg.2017.2743959"", ""10.1109/tvcg.2017.2744805"", ""10.1109/tvcg.2017.2745080"", ""10.1109/tvcg.2018.2864769"", ""10.1109/tvcg.2018.2864911"", ""10.1109/tvcg.2018.2864912"", ""10.1109/tvcg.2018.2865049"", ""10.1109/tvcg.2019.2934654"", ""10.1109/tvcg.2019.2934812"", ""10.1109/tvcg.2020.3030398"", ""10.1109/tvcg.2020.3030404"", ""10.1109/tvcg.2020.3030406"", ""10.1109/tvcg.2020.3030408"", ""10.1109/tvcg.2021.3114813"", ""10.1109/tvcg.2021.3114874"", ""10.1109/tvcg.2022.3209371"", ""10.1109/tvcg.2022.3209393"", ""10.1109/tvcg.2022.3209458"", ""10.1109/tvcg.2023.3326940"", ""10.1109/tvcg.2024.3456312"", ""10.1109/vast.2007.4389001"", ""10.1109/vast.2007.4389004"", ""10.1109/vast.2007.4389012"", ""10.1109/vast.2008.4677359"", ""10.1109/vast.2009.5333919"", ""10.1109/vast.2010.5652926"", ""10.1109/vast.2012.6400554"", ""10.1109/vast47406.2019.8986917""]"
I189712700,Flow Fields & CFD Visualization,9,"[""10.1109/infvis.2005.1532148"", ""10.1109/tvcg.2011.179"", ""10.1109/tvcg.2015.2467553"", ""10.1109/tvcg.2019.2934395"", ""10.1109/tvcg.2019.2934783"", ""10.1109/tvcg.2020.3030386"", ""10.1109/tvcg.2021.3114761"", ""10.1109/tvcg.2023.3327402"", ""10.1109/vast.2010.5652530""]"
I189712700,Meshes & Volume Rendering,4,"[""10.1109/tvcg.2017.2745181"", ""10.1109/tvcg.2019.2934243"", ""10.1109/vast.2014.7042477"", ""10.1109/vast47406.2019.8986940""]"
I189712700,Surgical Planning & Tomography,2,"[""10.1109/tvcg.2018.2864838"", ""10.1109/tvcg.2019.2934629""]"
I189712700,Time Series & Temporal Patterns,13,"[""10.1109/tvcg.2011.229"", ""10.1109/tvcg.2016.2598495"", ""10.1109/tvcg.2018.2865266"", ""10.1109/tvcg.2019.2934541"", ""10.1109/tvcg.2019.2934796"", ""10.1109/tvcg.2019.2934799"", ""10.1109/tvcg.2019.2934804"", ""10.1109/tvcg.2023.3327149"", ""10.1109/vast.2006.261423"", ""10.1109/vast.2009.5332628"", ""10.1109/vast.2012.6400488"", ""10.1109/vast.2017.8585613"", ""10.1109/vast.2018.8802486""]"
I189712700,Twitter & Social Media,2,"[""10.1109/tvcg.2012.250"", ""10.1109/vast.2014.7042480""]"
I189712700,Ultrasound Volume Rendering & Segmentation,3,"[""10.1109/tvcg.2007.70522"", ""10.1109/tvcg.2015.2467555"", ""10.1109/vast.2006.261438""]"
I189712700,VIS Literature & Bibliometrics,1,"[""10.1109/tvcg.2013.178""]"
I190082696,Diffusion MRI & Tractography,1,"[""10.1109/infvis.1999.801859""]"
I190082696,Dimensionality Reduction & Multivariate Plots,1,"[""10.1109/tvcg.2006.114""]"
I190249584,Dimensionality Reduction & Multivariate Plots,1,"[""10.1109/visual.2000.885732""]"
I1902872,Flow Fields & CFD Visualization,1,"[""10.1109/infvis.2000.885104""]"
I190397597,Diffusion MRI & Tractography,1,"[""10.1109/visual.2000.885697""]"
I191208505,Dimensionality Reduction & Multivariate Plots,1,"[""10.1109/tvcg.2020.3030410""]"
I191240316,VIS Literature & Bibliometrics,4,"[""10.1109/visual.1998.745348"", ""10.1109/visual.1999.809926"", ""10.1109/visual.2000.885707"", ""10.1109/visual.2000.885743""]"
I192396691,Dimensionality Reduction & Multivariate Plots,1,"[""10.1109/infvis.2000.885095""]"
I192454743,Dimensionality Reduction & Multivariate Plots,3,"[""10.1109/tvcg.2011.199"", ""10.1109/vast.2009.5333428"", ""10.1109/visual.1999.809903""]"
I192454743,Meshes & Volume Rendering,1,"[""10.1109/visual.2001.964551""]"
I192455969,Dimensionality Reduction & Multivariate Plots,1,"[""10.1109/tvcg.2019.2934431""]"
I193531525,Dimensionality Reduction & Multivariate Plots,1,"[""10.1109/infvis.1998.729568""]"
I193531525,VIS Literature & Bibliometrics,1,"[""10.1109/visual.1994.346303""]"
I193619901,Dimensionality Reduction & Multivariate Plots,2,"[""10.1109/tvcg.2008.164"", ""10.1109/tvcg.2011.207""]"
I193619901,Meshes & Volume Rendering,1,"[""10.1109/tvcg.2008.167""]"
I193662353,Dimensionality Reduction & Multivariate Plots,2,"[""10.1109/tvcg.2021.3114813"", ""10.1109/tvcg.2024.3456308""]"
I193662353,Flow Fields & CFD Visualization,2,"[""10.1109/tvcg.2016.2598619"", ""10.1109/tvcg.2023.3327402""]"
I19370010,Dimensionality Reduction & Multivariate Plots,1,"[""10.1109/tvcg.2021.3114683""]"
I193775966,Dimensionality Reduction & Multivariate Plots,1,"[""10.1109/tvcg.2024.3456358""]"
I194028371,Diffusion MRI & Tractography,1,"[""10.1109/visual.1996.568109""]"
I194028371,Meshes & Volume Rendering,1,"[""10.1109/visual.1995.485153""]"
I194028371,Surgical Planning & Tomography,1,"[""10.1109/visual.1995.480812""]"
I194028371,Twitter & Social Media,1,"[""10.1109/visual.1999.809882""]"
I195525897,Meshes & Volume Rendering,1,"[""10.1109/tvcg.2009.121""]"
I195575238,Dimensionality Reduction & Multivariate Plots,1,"[""10.1109/vast.2017.8585484""]"
I195575238,Flow Fields & CFD Visualization,1,"[""10.1109/tvcg.2013.205""]"
I195893171,Dashboards & Infographics,2,"[""10.1109/visual.2002.1183753"", ""10.1109/visual.2004.51""]"
I195893171,Dimensionality Reduction & Multivariate Plots,6,"[""10.1109/tvcg.2009.198"", ""10.1109/tvcg.2011.248"", ""10.1109/tvcg.2012.292"", ""10.1109/tvcg.2013.159"", ""10.1109/tvcg.2023.3327403"", ""10.1109/visual.2005.1532793""]"
I195893171,Flow Fields & CFD Visualization,5,"[""10.1109/tvcg.2011.259"", ""10.1109/tvcg.2012.191"", ""10.1109/tvcg.2014.2346404"", ""10.1109/tvcg.2018.2864507"", ""10.1109/visual.2002.1183780""]"
I195893171,Meshes & Volume Rendering,7,"[""10.1109/tvcg.2007.70579"", ""10.1109/tvcg.2008.163"", ""10.1109/tvcg.2011.249"", ""10.1109/visual.1996.567777"", ""10.1109/visual.2002.1183824"", ""10.1109/visual.2005.1532842"", ""10.1109/visual.2005.1532851""]"
I195893171,Twitter & Social Media,1,"[""10.1109/tvcg.2011.159""]"
I196349391,Dimensionality Reduction & Multivariate Plots,1,"[""10.1109/tvcg.2017.2744299""]"
I196349391,Flow Fields & CFD Visualization,2,"[""10.1109/tvcg.2015.2467293"", ""10.1109/tvcg.2016.2598825""]"
I19648265,Meshes & Volume Rendering,1,"[""10.1109/tvcg.2011.260""]"
I19700959,Dimensionality Reduction & Multivariate Plots,1,"[""10.1109/tvcg.2013.139""]"
I197251160,Dimensionality Reduction & Multivariate Plots,3,"[""10.1109/tvcg.2020.3030406"", ""10.1109/visual.2001.964539"", ""10.1109/visual.2002.1183795""]"
I197251160,Meshes & Volume Rendering,1,"[""10.1109/visual.1998.745349""]"
I197323543,Dimensionality Reduction & Multivariate Plots,2,"[""10.1109/tvcg.2017.2745178"", ""10.1109/visual.2003.1250370""]"
I197347611,Diffusion MRI & Tractography,1,"[""10.1109/infvis.1998.729555""]"
I197347611,Dimensionality Reduction & Multivariate Plots,2,"[""10.1109/tvcg.2010.155"", ""10.1109/tvcg.2017.2744478""]"
I197347611,Surgical Planning & Tomography,2,"[""10.1109/tvcg.2016.2598446"", ""10.1109/tvcg.2018.2865027""]"
I19772626,Dimensionality Reduction & Multivariate Plots,1,"[""10.1109/tvcg.2006.136""]"
I19820366,Dimensionality Reduction & Multivariate Plots,5,"[""10.1109/tvcg.2016.2598472"", ""10.1109/tvcg.2021.3114789"", ""10.1109/tvcg.2023.3326932"", ""10.1109/tvcg.2024.3456338"", ""10.1109/vast.2015.7347632""]"
I19820366,Time Series & Temporal Patterns,1,"[""10.1109/tvcg.2018.2865266""]"
I198415970,Dimensionality Reduction & Multivariate Plots,1,"[""10.1109/vast.2006.261431""]"
I198415970,VIS Literature & Bibliometrics,1,"[""10.1109/infvis.2000.885103""]"
I19894307,VIS Literature & Bibliometrics,1,"[""10.1109/vast.2014.7042488""]"
I199028557,Twitter & Social Media,1,"[""10.1109/tvcg.2015.2467433""]"
I199693650,Dimensionality Reduction & Multivariate Plots,1,"[""10.1109/vast50239.2020.00012""]"
I200166805,Dimensionality Reduction & Multivariate Plots,2,"[""10.1109/tvcg.2010.153"", ""10.1109/tvcg.2011.215""]"
I200332995,Dimensionality Reduction & Multivariate Plots,1,"[""10.1109/tvcg.2018.2864846""]"
I200576644,Dimensionality Reduction & Multivariate Plots,1,"[""10.1109/visual.1999.809923""]"
I200719446,Dimensionality Reduction & Multivariate Plots,1,"[""10.1109/tvcg.2020.3028976""]"
I200763008,Dimensionality Reduction & Multivariate Plots,1,"[""10.1109/visual.2001.964530""]"
I200769079,Diffusion MRI & Tractography,5,"[""10.1109/tvcg.2008.132"", ""10.1109/tvcg.2008.159"", ""10.1109/tvcg.2009.112"", ""10.1109/tvcg.2009.172"", ""10.1109/tvcg.2017.2744080""]"
I200769079,Dimensionality Reduction & Multivariate Plots,43,"[""10.1109/tvcg.2007.70523"", ""10.1109/tvcg.2008.135"", ""10.1109/tvcg.2009.144"", ""10.1109/tvcg.2010.154"", ""10.1109/tvcg.2010.183"", ""10.1109/tvcg.2011.239"", ""10.1109/tvcg.2012.291"", ""10.1109/tvcg.2013.221"", ""10.1109/tvcg.2014.2346746"", ""10.1109/tvcg.2014.2346893"", ""10.1109/tvcg.2015.2467194"", ""10.1109/tvcg.2015.2467691"", ""10.1109/tvcg.2015.2468151"", ""10.1109/tvcg.2016.2598432"", ""10.1109/tvcg.2016.2598465"", ""10.1109/tvcg.2016.2598867"", ""10.1109/tvcg.2017.2744159"", ""10.1109/tvcg.2017.2745083"", ""10.1109/tvcg.2017.2745320"", ""10.1109/tvcg.2018.2864814"", ""10.1109/tvcg.2018.2865018"", ""10.1109/tvcg.2019.2934267"", ""10.1109/tvcg.2019.2934798"", ""10.1109/tvcg.2020.3030370"", ""10.1109/tvcg.2020.3030404"", ""10.1109/tvcg.2020.3030469"", ""10.1109/tvcg.2021.3114790"", ""10.1109/tvcg.2021.3114794"", ""10.1109/tvcg.2021.3114863"", ""10.1109/tvcg.2022.3209360"", ""10.1109/tvcg.2022.3209385"", ""10.1109/tvcg.2022.3209408"", ""10.1109/tvcg.2022.3209447"", ""10.1109/tvcg.2022.3209483"", ""10.1109/tvcg.2023.3327153"", ""10.1109/tvcg.2023.3327155"", ""10.1109/tvcg.2023.3327168"", ""10.1109/tvcg.2024.3456159"", ""10.1109/tvcg.2024.3456333"", ""10.1109/tvcg.2024.3456387"", ""10.1109/vast.2011.6102455"", ""10.1109/vast.2017.8585721"", ""10.1109/vast.2018.8802454""]"
I200769079,Flow Fields & CFD Visualization,22,"[""10.1109/tvcg.2012.253"", ""10.1109/tvcg.2015.2467851"", ""10.1109/tvcg.2016.2598444"", ""10.1109/tvcg.2016.2599378"", ""10.1109/tvcg.2019.2934398"", ""10.1109/tvcg.2019.2934660"", ""10.1109/tvcg.2019.2934810"", ""10.1109/tvcg.2020.3030337"", ""10.1109/tvcg.2022.3209386"", ""10.1109/tvcg.2022.3209391"", ""10.1109/tvcg.2022.3209434"", ""10.1109/tvcg.2022.3209440"", ""10.1109/tvcg.2022.3209468"", ""10.1109/tvcg.2022.3209475"", ""10.1109/tvcg.2023.3326522"", ""10.1109/tvcg.2023.3326913"", ""10.1109/tvcg.2023.3327170"", ""10.1109/tvcg.2023.3327389"", ""10.1109/tvcg.2024.3456210"", ""10.1109/tvcg.2024.3456363"", ""10.1109/vast.2014.7042490"", ""10.1109/vast.2016.7883517""]"
I200769079,Meshes & Volume Rendering,8,"[""10.1109/tvcg.2007.70530"", ""10.1109/tvcg.2008.182"", ""10.1109/tvcg.2016.2598415"", ""10.1109/tvcg.2020.3030392"", ""10.1109/tvcg.2021.3114806"", ""10.1109/tvcg.2023.3326586"", ""10.1109/tvcg.2024.3456368"", ""10.1109/vast.2015.7347633""]"
I200769079,Surgical Planning & Tomography,15,"[""10.1109/tvcg.2018.2864475"", ""10.1109/tvcg.2018.2864812"", ""10.1109/tvcg.2018.2865232"", ""10.1109/tvcg.2019.2934332"", ""10.1109/tvcg.2019.2934656"", ""10.1109/tvcg.2020.3030342"", ""10.1109/tvcg.2020.3030396"", ""10.1109/tvcg.2020.3030449"", ""10.1109/tvcg.2020.3030471"", ""10.1109/tvcg.2021.3114774"", ""10.1109/tvcg.2021.3114822"", ""10.1109/tvcg.2021.3114826"", ""10.1109/tvcg.2021.3114836"", ""10.1109/tvcg.2023.3327197"", ""10.1109/tvcg.2024.3456330""]"
I200769079,Time Series & Temporal Patterns,6,"[""10.1109/tvcg.2009.156"", ""10.1109/tvcg.2009.179"", ""10.1109/tvcg.2011.188"", ""10.1109/tvcg.2017.2744738"", ""10.1109/tvcg.2018.2864887"", ""10.1109/tvcg.2022.3209463""]"
I200769079,Twitter & Social Media,2,"[""10.1109/tvcg.2014.2346912"", ""10.1109/tvcg.2023.3326908""]"
I200769079,Ultrasound Volume Rendering & Segmentation,3,"[""10.1109/tvcg.2018.2864825"", ""10.1109/tvcg.2019.2934613"", ""10.1109/vast.2011.6102458""]"
I200870766,Diffusion MRI & Tractography,1,"[""10.1109/visual.2001.964556""]"
I200870766,Dimensionality Reduction & Multivariate Plots,1,"[""10.1109/visual.2004.70""]"
I200870766,Meshes & Volume Rendering,1,"[""10.1109/visual.2001.964552""]"
I200870766,Surgical Planning & Tomography,1,"[""10.1109/tvcg.2020.3030384""]"
I200870766,Ultrasound Volume Rendering & Segmentation,1,"[""10.1109/tvcg.2018.2865026""]"
I200870766,VIS Literature & Bibliometrics,1,"[""10.1109/visual.1998.745345""]"
I20089843,Diffusion MRI & Tractography,1,"[""10.1109/tvcg.2017.2744080""]"
I20089843,Dimensionality Reduction & Multivariate Plots,7,"[""10.1109/infvis.1998.729554"", ""10.1109/visual.1992.235189"", ""10.1109/visual.1994.346325"", ""10.1109/visual.1996.567804"", ""10.1109/visual.2000.885685"", ""10.1109/visual.2002.1183792"", ""10.1109/visual.2002.1183793""]"
I20089843,Meshes & Volume Rendering,2,"[""10.1109/visual.1990.146393"", ""10.1109/visual.1994.346301""]"
I20089843,VIS Literature & Bibliometrics,1,"[""10.1109/visual.2003.1250421""]"
I20121455,Meshes & Volume Rendering,1,"[""10.1109/tvcg.2007.70545""]"
I201448701,Dashboards & Infographics,1,"[""10.1109/visual.1991.175776""]"
I201448701,Diffusion MRI & Tractography,1,"[""10.1109/infvis.2003.1249032""]"
I201448701,Dimensionality Reduction & Multivariate Plots,26,"[""10.1109/tvcg.2007.70617"", ""10.1109/tvcg.2014.2346978"", ""10.1109/tvcg.2015.2467091"", ""10.1109/tvcg.2015.2467671"", ""10.1109/tvcg.2016.2598618"", ""10.1109/tvcg.2016.2599030"", ""10.1109/tvcg.2017.2743898"", ""10.1109/tvcg.2017.2743980"", ""10.1109/tvcg.2017.2744320"", ""10.1109/tvcg.2017.2745240"", ""10.1109/tvcg.2018.2864889"", ""10.1109/tvcg.2018.2864909"", ""10.1109/tvcg.2020.3028984"", ""10.1109/tvcg.2020.3030335"", ""10.1109/tvcg.2021.3114814"", ""10.1109/tvcg.2021.3114824"", ""10.1109/tvcg.2023.3326516"", ""10.1109/tvcg.2023.3326527"", ""10.1109/tvcg.2023.3327172"", ""10.1109/tvcg.2023.3327189"", ""10.1109/tvcg.2024.3456317"", ""10.1109/tvcg.2024.3456343"", ""10.1109/tvcg.2024.3456350"", ""10.1109/tvcg.2024.3456378"", ""10.1109/vast.2015.7347637"", ""10.1109/vast.2017.8585733""]"
I201448701,Flow Fields & CFD Visualization,7,"[""10.1109/tvcg.2014.2346452"", ""10.1109/tvcg.2015.2467191"", ""10.1109/tvcg.2015.2467851"", ""10.1109/tvcg.2017.2744198"", ""10.1109/tvcg.2018.2865240"", ""10.1109/tvcg.2020.3028985"", ""10.1109/vast.2016.7883519""]"
I201448701,Meshes & Volume Rendering,1,"[""10.1109/visual.2005.1532844""]"
I201448701,Surgical Planning & Tomography,2,"[""10.1109/tvcg.2017.2744878"", ""10.1109/tvcg.2019.2934281""]"
I201448701,Time Series & Temporal Patterns,4,"[""10.1109/tvcg.2011.251"", ""10.1109/tvcg.2022.3209490"", ""10.1109/tvcg.2024.3456407"", ""10.1109/visual.1991.175794""]"
I201448701,Ultrasound Volume Rendering & Segmentation,1,"[""10.1109/visual.1994.346292""]"
I201448701,VIS Literature & Bibliometrics,2,"[""10.1109/tvcg.2020.3030360"", ""10.1109/visual.1998.745351""]"
I201537933,Diffusion MRI & Tractography,1,"[""10.1109/visual.2005.1532834""]"
I201726411,Flow Fields & CFD Visualization,1,"[""10.1109/tvcg.2023.3326914""]"
I202276237,Time Series & Temporal Patterns,1,"[""10.1109/tvcg.2010.138""]"
I20231570,Diffusion MRI & Tractography,2,"[""10.1109/tvcg.2011.261"", ""10.1109/tvcg.2019.2934535""]"
I20231570,Dimensionality Reduction & Multivariate Plots,19,"[""10.1109/tvcg.2008.135"", ""10.1109/tvcg.2012.236"", ""10.1109/tvcg.2013.144"", ""10.1109/tvcg.2013.228"", ""10.1109/tvcg.2014.2346291"", ""10.1109/tvcg.2014.2346746"", ""10.1109/tvcg.2015.2467619"", ""10.1109/tvcg.2018.2864911"", ""10.1109/tvcg.2018.2864912"", ""10.1109/tvcg.2019.2934263"", ""10.1109/tvcg.2019.2934434"", ""10.1109/tvcg.2019.2934805"", ""10.1109/tvcg.2020.3030377"", ""10.1109/tvcg.2020.3030411"", ""10.1109/tvcg.2020.3030473"", ""10.1109/tvcg.2024.3456346"", ""10.1109/tvcg.2024.3456379"", ""10.1109/vast.2016.7883510"", ""10.1109/vast.2017.8585638""]"
I20231570,Flow Fields & CFD Visualization,2,"[""10.1109/tvcg.2020.3030448"", ""10.1109/tvcg.2021.3114761""]"
I20231570,Meshes & Volume Rendering,1,"[""10.1109/tvcg.2017.2744059""]"
I20231570,Time Series & Temporal Patterns,6,"[""10.1109/tvcg.2009.156"", ""10.1109/tvcg.2009.179"", ""10.1109/tvcg.2013.150"", ""10.1109/tvcg.2019.2934541"", ""10.1109/tvcg.2020.3030368"", ""10.1109/tvcg.2022.3209482""]"
I20231570,Twitter & Social Media,1,"[""10.1109/tvcg.2023.3326908""]"
I20231570,VIS Literature & Bibliometrics,2,"[""10.1109/tvcg.2010.192"", ""10.1109/tvcg.2023.3326944""]"
I202524275,Dimensionality Reduction & Multivariate Plots,1,"[""10.1109/tvcg.2016.2598460""]"
I202524275,Flow Fields & CFD Visualization,1,"[""10.1109/tvcg.2019.2934556""]"
I202697423,Diffusion MRI & Tractography,1,"[""10.1109/tvcg.2011.198""]"
I202697423,Dimensionality Reduction & Multivariate Plots,5,"[""10.1109/tvcg.2011.214"", ""10.1109/tvcg.2014.2346459"", ""10.1109/visual.1995.480799"", ""10.1109/visual.2005.1532786"", ""10.1109/visual.2005.1532801""]"
I202697423,Flow Fields & CFD Visualization,2,"[""10.1109/tvcg.2019.2934784"", ""10.1109/tvcg.2020.3028894""]"
I202697423,Meshes & Volume Rendering,2,"[""10.1109/tvcg.2017.2745181"", ""10.1109/tvcg.2024.3456329""]"
I202697423,VIS Literature & Bibliometrics,1,"[""10.1109/tvcg.2021.3114797""]"
I202963720,Dimensionality Reduction & Multivariate Plots,1,"[""10.1109/tvcg.2009.188""]"
I203172682,Dimensionality Reduction & Multivariate Plots,1,"[""10.1109/tvcg.2014.2346755""]"
I203951103,Dimensionality Reduction & Multivariate Plots,1,"[""10.1109/infvis.1999.801861""]"
I203951103,Twitter & Social Media,2,"[""10.1109/tvcg.2009.119"", ""10.1109/tvcg.2015.2467433""]"
I204250578,Diffusion MRI & Tractography,2,"[""10.1109/infvis.2004.70"", ""10.1109/tvcg.2007.70532""]"
I204250578,Dimensionality Reduction & Multivariate Plots,10,"[""10.1109/infvis.2003.1249005"", ""10.1109/tvcg.2006.121"", ""10.1109/tvcg.2007.70586"", ""10.1109/tvcg.2009.124"", ""10.1109/tvcg.2009.166"", ""10.1109/tvcg.2010.128"", ""10.1109/tvcg.2010.189"", ""10.1109/tvcg.2011.214"", ""10.1109/visual.2002.1183796"", ""10.1109/visual.2002.1183800""]"
I204250578,Meshes & Volume Rendering,1,"[""10.1109/vast.2011.6102459""]"
I204250578,VIS Literature & Bibliometrics,1,"[""10.1109/tvcg.2012.278""]"
I204337017,Dimensionality Reduction & Multivariate Plots,2,"[""10.1109/tvcg.2018.2865144"", ""10.1109/tvcg.2023.3326594""]"
I204337017,Flow Fields & CFD Visualization,5,"[""10.1109/infvis.2000.885105"", ""10.1109/tvcg.2016.2598619"", ""10.1109/tvcg.2021.3114835"", ""10.1109/tvcg.2023.3326521"", ""10.1109/tvcg.2024.3456347""]"
I204337017,Meshes & Volume Rendering,1,"[""10.1109/tvcg.2023.3326937""]"
I204337017,Surgical Planning & Tomography,1,"[""10.1109/tvcg.2024.3456340""]"
I204337017,VIS Literature & Bibliometrics,1,"[""10.1109/tvcg.2024.3456300""]"
I204465549,Dimensionality Reduction & Multivariate Plots,1,"[""10.1109/tvcg.2014.2346412""]"
I204465549,Meshes & Volume Rendering,1,"[""10.1109/visual.1990.146413""]"
I204465549,Time Series & Temporal Patterns,1,"[""10.1109/tvcg.2012.258""]"
I204512498,Dimensionality Reduction & Multivariate Plots,2,"[""10.1109/tvcg.2015.2467194"", ""10.1109/tvcg.2016.2598432""]"
I204553293,Dimensionality Reduction & Multivariate Plots,1,"[""10.1109/tvcg.2016.2598416""]"
I204722609,Diffusion MRI & Tractography,2,"[""10.1109/tvcg.2006.139"", ""10.1109/visual.2003.1250394""]"
I204730241,Dimensionality Reduction & Multivariate Plots,3,"[""10.1109/tvcg.2006.160"", ""10.1109/tvcg.2012.220"", ""10.1109/tvcg.2014.2346426""]"
I204730241,Flow Fields & CFD Visualization,2,"[""10.1109/tvcg.2017.2745280"", ""10.1109/tvcg.2018.2865077""]"
I204778367,Dimensionality Reduction & Multivariate Plots,1,"[""10.1109/visual.1991.175802""]"
I204824540,Dimensionality Reduction & Multivariate Plots,1,"[""10.1109/vast.2006.261422""]"
I204983213,Dimensionality Reduction & Multivariate Plots,1,"[""10.1109/tvcg.2014.2346920""]"
I205237279,Dimensionality Reduction & Multivariate Plots,2,"[""10.1109/tvcg.2014.2346433"", ""10.1109/tvcg.2022.3209483""]"
I205237279,Flow Fields & CFD Visualization,2,"[""10.1109/tvcg.2022.3209391"", ""10.1109/tvcg.2024.3456304""]"
I205237279,Surgical Planning & Tomography,1,"[""10.1109/tvcg.2022.3209347""]"
I205640436,Dimensionality Reduction & Multivariate Plots,1,"[""10.1109/visual.2003.1250367""]"
I205703379,Twitter & Social Media,2,"[""10.1109/tvcg.2014.2346432"", ""10.1109/tvcg.2014.2346434""]"
I205783295,Dimensionality Reduction & Multivariate Plots,6,"[""10.1109/tvcg.2016.2598620"", ""10.1109/tvcg.2021.3114845"", ""10.1109/tvcg.2022.3209479"", ""10.1109/tvcg.2023.3327153"", ""10.1109/visual.1994.346306"", ""10.1109/visual.1994.346331""]"
I205783295,Flow Fields & CFD Visualization,2,"[""10.1109/tvcg.2014.2346753"", ""10.1109/tvcg.2023.3326911""]"
I205783295,Meshes & Volume Rendering,1,"[""10.1109/tvcg.2011.176""]"
I205783295,Surgical Planning & Tomography,1,"[""10.1109/tvcg.2023.3327197""]"
I206895457,Diffusion MRI & Tractography,2,"[""10.1109/tvcg.2006.148"", ""10.1109/tvcg.2008.147""]"
I206945453,Dimensionality Reduction & Multivariate Plots,1,"[""10.1109/tvcg.2020.3030425""]"
I206945453,Flow Fields & CFD Visualization,1,"[""10.1109/visual.1994.346316""]"
I206945453,Meshes & Volume Rendering,1,"[""10.1109/visual.1998.745304""]"
I207624831,Surgical Planning & Tomography,1,"[""10.1109/visual.1994.346320""]"
I212119943,Dimensionality Reduction & Multivariate Plots,6,"[""10.1109/infvis.1997.636784"", ""10.1109/tvcg.2010.164"", ""10.1109/tvcg.2013.197"", ""10.1109/tvcg.2014.2346573"", ""10.1109/tvcg.2020.3030446"", ""10.1109/vast.2010.5652879""]"
I212119943,Flow Fields & CFD Visualization,7,"[""10.1109/tvcg.2009.127"", ""10.1109/tvcg.2013.156"", ""10.1109/tvcg.2016.2598466"", ""10.1109/tvcg.2018.2865159"", ""10.1109/tvcg.2019.2934534"", ""10.1109/tvcg.2022.3209365"", ""10.1109/tvcg.2024.3456403""]"
I212119943,Time Series & Temporal Patterns,3,"[""10.1109/tvcg.2013.153"", ""10.1109/tvcg.2019.2934283"", ""10.1109/vast.2010.5652392""]"
I212119943,VIS Literature & Bibliometrics,1,"[""10.1109/tvcg.2010.149""]"
I21449261,Diffusion MRI & Tractography,1,"[""10.1109/tvcg.2018.2864491""]"
I21449261,Flow Fields & CFD Visualization,9,"[""10.1109/tvcg.2015.2467434"", ""10.1109/tvcg.2017.2744258"", ""10.1109/tvcg.2018.2864851"", ""10.1109/tvcg.2019.2934258"", ""10.1109/tvcg.2019.2934333"", ""10.1109/tvcg.2020.3030438"", ""10.1109/tvcg.2022.3209411"", ""10.1109/tvcg.2024.3456327"", ""10.1109/tvcg.2024.3456401""]"
I21449261,Meshes & Volume Rendering,1,"[""10.1109/tvcg.2024.3456306""]"
I216852786,Diffusion MRI & Tractography,1,"[""10.1109/tvcg.2010.159""]"
I216852786,Dimensionality Reduction & Multivariate Plots,1,"[""10.1109/tvcg.2011.160""]"
I219193219,Diffusion MRI & Tractography,4,"[""10.1109/tvcg.2009.185"", ""10.1109/tvcg.2009.203"", ""10.1109/visual.2002.1183777"", ""10.1109/visual.2005.1532854""]"
I219193219,Dimensionality Reduction & Multivariate Plots,29,"[""10.1109/tvcg.2006.117"", ""10.1109/tvcg.2008.148"", ""10.1109/tvcg.2009.191"", ""10.1109/tvcg.2010.127"", ""10.1109/tvcg.2012.264"", ""10.1109/tvcg.2013.223"", ""10.1109/tvcg.2014.2346575"", ""10.1109/tvcg.2014.2346926"", ""10.1109/tvcg.2016.2598869"", ""10.1109/tvcg.2019.2934264"", ""10.1109/tvcg.2019.2934266"", ""10.1109/tvcg.2019.2934603"", ""10.1109/tvcg.2019.2934614"", ""10.1109/vast.2007.4388993"", ""10.1109/vast.2008.4677354"", ""10.1109/vast.2008.4677363"", ""10.1109/vast.2009.5333920"", ""10.1109/vast.2011.6102435"", ""10.1109/vast.2011.6102457"", ""10.1109/vast.2012.6400491"", ""10.1109/vast.2012.6400557"", ""10.1109/vast.2016.7883514"", ""10.1109/vast.2018.8802449"", ""10.1109/vast50239.2020.00012"", ""10.1109/visual.1994.346335"", ""10.1109/visual.1997.663875"", ""10.1109/visual.2003.1250383"", ""10.1109/visual.2004.85"", ""10.1109/visual.2005.1532789""]"
I219193219,Flow Fields & CFD Visualization,4,"[""10.1109/tvcg.2007.70592"", ""10.1109/tvcg.2010.162"", ""10.1109/vast.2011.6102460"", ""10.1109/visual.2005.1532811""]"
I219193219,Meshes & Volume Rendering,7,"[""10.1109/tvcg.2008.133"", ""10.1109/tvcg.2010.133"", ""10.1109/tvcg.2012.269"", ""10.1109/tvcg.2013.128"", ""10.1109/tvcg.2014.2346911"", ""10.1109/visual.1998.745349"", ""10.1109/visual.2005.1532858""]"
I219193219,Surgical Planning & Tomography,1,"[""10.1109/tvcg.2018.2864499""]"
I219193219,Time Series & Temporal Patterns,3,"[""10.1109/tvcg.2008.181"", ""10.1109/tvcg.2015.2467195"", ""10.1109/tvcg.2016.2598920""]"
I219193219,Twitter & Social Media,2,"[""10.1109/tvcg.2011.254"", ""10.1109/tvcg.2014.2346747""]"
I219193219,Ultrasound Volume Rendering & Segmentation,4,"[""10.1109/tvcg.2015.2467555"", ""10.1109/vast.2006.261434"", ""10.1109/vast.2007.4388994"", ""10.1109/vast.2014.7042484""]"
I219193219,VIS Literature & Bibliometrics,5,"[""10.1109/tvcg.2006.150"", ""10.1109/tvcg.2012.215"", ""10.1109/tvcg.2015.2468292"", ""10.1109/tvcg.2019.2934288"", ""10.1109/visual.2003.1250422""]"
I22248866,VIS Literature & Bibliometrics,1,"[""10.1109/vast.2014.7042488""]"
I22299242,Flow Fields & CFD Visualization,1,"[""10.1109/tvcg.2020.3028956""]"
I223464139,Surgical Planning & Tomography,1,"[""10.1109/tvcg.2020.3030352""]"
I223532165,Dashboards & Infographics,3,"[""10.1109/tvcg.2014.2346331"", ""10.1109/tvcg.2020.3030381"", ""10.1109/visual.2001.964525""]"
I223532165,Diffusion MRI & Tractography,14,"[""10.1109/tvcg.2007.70571"", ""10.1109/tvcg.2010.185"", ""10.1109/tvcg.2014.2346351"", ""10.1109/tvcg.2016.2599040"", ""10.1109/tvcg.2020.3030394"", ""10.1109/visual.1990.146395"", ""10.1109/visual.1999.809886"", ""10.1109/visual.1999.809894"", ""10.1109/visual.2001.964519"", ""10.1109/visual.2002.1183764"", ""10.1109/visual.2002.1183777"", ""10.1109/visual.2003.1250412"", ""10.1109/visual.2003.1250414"", ""10.1109/visual.2005.1532807""]"
I223532165,Dimensionality Reduction & Multivariate Plots,68,"[""10.1109/tvcg.2006.149"", ""10.1109/tvcg.2006.171"", ""10.1109/tvcg.2007.70566"", ""10.1109/tvcg.2007.70584"", ""10.1109/tvcg.2007.70604"", ""10.1109/tvcg.2008.120"", ""10.1109/tvcg.2008.154"", ""10.1109/tvcg.2008.160"", ""10.1109/tvcg.2008.174"", ""10.1109/tvcg.2008.187"", ""10.1109/tvcg.2009.194"", ""10.1109/tvcg.2009.195"", ""10.1109/tvcg.2009.204"", ""10.1109/tvcg.2010.127"", ""10.1109/tvcg.2011.170"", ""10.1109/tvcg.2011.199"", ""10.1109/tvcg.2011.206"", ""10.1109/tvcg.2012.218"", ""10.1109/tvcg.2012.286"", ""10.1109/tvcg.2013.143"", ""10.1109/tvcg.2013.174"", ""10.1109/tvcg.2014.2346455"", ""10.1109/tvcg.2015.2467754"", ""10.1109/tvcg.2015.2467811"", ""10.1109/tvcg.2016.2598609"", ""10.1109/tvcg.2016.2599106"", ""10.1109/tvcg.2017.2744058"", ""10.1109/tvcg.2017.2745141"", ""10.1109/tvcg.2018.2864505"", ""10.1109/tvcg.2018.2864850"", ""10.1109/tvcg.2018.2864853"", ""10.1109/tvcg.2018.2864913"", ""10.1109/tvcg.2018.2865149"", ""10.1109/tvcg.2018.2865193"", ""10.1109/tvcg.2018.2865230"", ""10.1109/tvcg.2019.2934620"", ""10.1109/tvcg.2019.2934802"", ""10.1109/tvcg.2020.3030473"", ""10.1109/tvcg.2021.3114766"", ""10.1109/tvcg.2021.3114803"", ""10.1109/tvcg.2021.3114869"", ""10.1109/tvcg.2022.3209375"", ""10.1109/tvcg.2022.3209418"", ""10.1109/tvcg.2022.3209424"", ""10.1109/tvcg.2022.3209451"", ""10.1109/tvcg.2023.3326905"", ""10.1109/tvcg.2024.3456193"", ""10.1109/tvcg.2024.3456393"", ""10.1109/vast47406.2019.8986909"", ""10.1109/visual.1992.235178"", ""10.1109/visual.1995.480806"", ""10.1109/visual.1996.568121"", ""10.1109/visual.1998.745300"", ""10.1109/visual.1998.745713"", ""10.1109/visual.1999.809878"", ""10.1109/visual.1999.809879"", ""10.1109/visual.2000.885706"", ""10.1109/visual.2002.1183758"", ""10.1109/visual.2002.1183766"", ""10.1109/visual.2002.1183773"", ""10.1109/visual.2002.1183788"", ""10.1109/visual.2003.1250352"", ""10.1109/visual.2003.1250357"", ""10.1109/visual.2003.1250383"", ""10.1109/visual.2004.52"", ""10.1109/visual.2005.1532788"", ""10.1109/visual.2005.1532796"", ""10.1109/visual.2005.1532815""]"
I223532165,Flow Fields & CFD Visualization,6,"[""10.1109/tvcg.2012.213"", ""10.1109/tvcg.2019.2934286"", ""10.1109/tvcg.2021.3114798"", ""10.1109/tvcg.2024.3456186"", ""10.1109/tvcg.2024.3456351"", ""10.1109/visual.1999.809915""]"
I223532165,Meshes & Volume Rendering,24,"[""10.1109/scivis.2015.7429492"", ""10.1109/tvcg.2007.70551"", ""10.1109/tvcg.2007.70557"", ""10.1109/tvcg.2009.118"", ""10.1109/tvcg.2009.178"", ""10.1109/tvcg.2010.133"", ""10.1109/tvcg.2010.170"", ""10.1109/tvcg.2011.162"", ""10.1109/tvcg.2017.2744079"", ""10.1109/tvcg.2019.2934259"", ""10.1109/tvcg.2020.3030333"", ""10.1109/tvcg.2020.3030363"", ""10.1109/tvcg.2020.3030405"", ""10.1109/tvcg.2023.3327366"", ""10.1109/visual.1992.235227"", ""10.1109/visual.1993.398876"", ""10.1109/visual.1994.346321"", ""10.1109/visual.1996.568135"", ""10.1109/visual.2000.885688"", ""10.1109/visual.2000.885692"", ""10.1109/visual.2003.1250381"", ""10.1109/visual.2004.107"", ""10.1109/visual.2004.113"", ""10.1109/visual.2004.25""]"
I223532165,Surgical Planning & Tomography,1,"[""10.1109/tvcg.2024.3456359""]"
I223532165,Time Series & Temporal Patterns,6,"[""10.1109/tvcg.2010.207"", ""10.1109/tvcg.2018.2865241"", ""10.1109/tvcg.2019.2934539"", ""10.1109/tvcg.2020.3030368"", ""10.1109/tvcg.2023.3327201"", ""10.1109/visual.2000.885708""]"
I223532165,Twitter & Social Media,19,"[""10.1109/tvcg.2007.70572"", ""10.1109/tvcg.2008.110"", ""10.1109/tvcg.2010.213"", ""10.1109/tvcg.2011.177"", ""10.1109/tvcg.2011.254"", ""10.1109/tvcg.2012.209"", ""10.1109/tvcg.2012.228"", ""10.1109/tvcg.2014.2346434"", ""10.1109/tvcg.2018.2864848"", ""10.1109/tvcg.2019.2934242"", ""10.1109/tvcg.2019.2934257"", ""10.1109/tvcg.2019.2934338"", ""10.1109/tvcg.2019.2934594"", ""10.1109/tvcg.2021.3114819"", ""10.1109/tvcg.2023.3326592"", ""10.1109/tvcg.2023.3326920"", ""10.1109/tvcg.2024.3456322"", ""10.1109/tvcg.2024.3456337"", ""10.1109/tvcg.2024.3456383""]"
I223532165,Ultrasound Volume Rendering & Segmentation,1,"[""10.1109/infvis.2005.1532134""]"
I223532165,VIS Literature & Bibliometrics,4,"[""10.1109/tvcg.2016.2599041"", ""10.1109/visual.1996.568144"", ""10.1109/visual.2003.1250421"", ""10.1109/visual.2004.95""]"
I223822909,Dashboards & Infographics,1,"[""10.1109/tvcg.2020.3030437""]"
I223822909,Dimensionality Reduction & Multivariate Plots,6,"[""10.1109/tvcg.2010.132"", ""10.1109/tvcg.2010.150"", ""10.1109/tvcg.2014.2346274"", ""10.1109/tvcg.2017.2743989"", ""10.1109/tvcg.2019.2934337"", ""10.1109/tvcg.2020.3030466""]"
I223822909,Meshes & Volume Rendering,4,"[""10.1109/tvcg.2015.2467291"", ""10.1109/tvcg.2016.2599018"", ""10.1109/tvcg.2018.2864508"", ""10.1109/tvcg.2023.3326519""]"
I223822909,Twitter & Social Media,1,"[""10.1109/tvcg.2012.248""]"
I223822909,VIS Literature & Bibliometrics,1,"[""10.1109/visual.1999.809920""]"
I22465464,Diffusion MRI & Tractography,1,"[""10.1109/tvcg.2011.161""]"
I22465464,Dimensionality Reduction & Multivariate Plots,4,"[""10.1109/tvcg.2008.136"", ""10.1109/tvcg.2009.169"", ""10.1109/tvcg.2010.208"", ""10.1109/visual.2000.885699""]"
I22465464,VIS Literature & Bibliometrics,1,"[""10.1109/tvcg.2012.193""]"
I2250650973,Dashboards & Infographics,1,"[""10.1109/visual.1991.175776""]"
I2250650973,Dimensionality Reduction & Multivariate Plots,1,"[""10.1109/tvcg.2020.3030414""]"
I2250650973,Time Series & Temporal Patterns,1,"[""10.1109/tvcg.2016.2598920""]"
I2250653659,Dimensionality Reduction & Multivariate Plots,2,"[""10.1109/tvcg.2023.3326941"", ""10.1109/vast.2018.8802454""]"
I2250653659,Time Series & Temporal Patterns,2,"[""10.1109/tvcg.2022.3209463"", ""10.1109/tvcg.2023.3326943""]"
I2250955327,Dimensionality Reduction & Multivariate Plots,1,"[""10.1109/tvcg.2023.3326930""]"
I2250955327,Flow Fields & CFD Visualization,1,"[""10.1109/tvcg.2023.3327200""]"
I2250955327,Twitter & Social Media,1,"[""10.1109/tvcg.2023.3326908""]"
I2252078561,Surgical Planning & Tomography,1,"[""10.1109/tvcg.2017.2744718""]"
I2252078561,Time Series & Temporal Patterns,1,"[""10.1109/vast50239.2020.00015""]"
I231293419,Meshes & Volume Rendering,1,"[""10.1109/tvcg.2016.2598415""]"
I23732399,Twitter & Social Media,2,"[""10.1109/tvcg.2021.3114872"", ""10.1109/tvcg.2024.3456395""]"
I241749,Diffusion MRI & Tractography,1,"[""10.1109/infvis.1999.801855""]"
I24185976,Dimensionality Reduction & Multivariate Plots,2,"[""10.1109/tvcg.2015.2467691"", ""10.1109/tvcg.2020.3030346""]"
I243754102,Dimensionality Reduction & Multivariate Plots,1,"[""10.1109/vast50239.2020.00012""]"
I24603500,Dimensionality Reduction & Multivariate Plots,13,"[""10.1109/tvcg.2020.3029413"", ""10.1109/tvcg.2020.3030369"", ""10.1109/tvcg.2020.3030422"", ""10.1109/tvcg.2021.3114823"", ""10.1109/tvcg.2022.3209377"", ""10.1109/tvcg.2022.3209405"", ""10.1109/tvcg.2022.3209456"", ""10.1109/tvcg.2022.3209467"", ""10.1109/tvcg.2023.3326579"", ""10.1109/tvcg.2023.3327192"", ""10.1109/tvcg.2024.3456378"", ""10.1109/visual.1992.235209"", ""10.1109/visual.1995.480816""]"
I24603500,Twitter & Social Media,2,"[""10.1109/infvis.2000.885099"", ""10.1109/tvcg.2021.3114784""]"
I24943067,Dimensionality Reduction & Multivariate Plots,6,"[""10.1109/tvcg.2013.228"", ""10.1109/tvcg.2020.3030411"", ""10.1109/tvcg.2022.3209461"", ""10.1109/tvcg.2022.3209483"", ""10.1109/tvcg.2023.3327353"", ""10.1109/tvcg.2023.3327385""]"
I24943067,Flow Fields & CFD Visualization,2,"[""10.1109/tvcg.2024.3456145"", ""10.1109/tvcg.2024.3456341""]"
I24943067,Surgical Planning & Tomography,2,"[""10.1109/tvcg.2021.3114777"", ""10.1109/tvcg.2023.3326929""]"
I24943067,Twitter & Social Media,1,"[""10.1109/tvcg.2023.3326908""]"
I25112270,Dimensionality Reduction & Multivariate Plots,4,"[""10.1109/tvcg.2016.2598694"", ""10.1109/tvcg.2022.3209474"", ""10.1109/tvcg.2023.3326598"", ""10.1109/tvcg.2024.3456353""]"
I251424209,Diffusion MRI & Tractography,2,"[""10.1109/tvcg.2006.152"", ""10.1109/tvcg.2011.173""]"
I251738,Diffusion MRI & Tractography,1,"[""10.1109/tvcg.2007.70556""]"
I251738,Meshes & Volume Rendering,1,"[""10.1109/infvis.2003.1249023""]"
I2540865,VIS Literature & Bibliometrics,1,"[""10.1109/visual.1990.146392""]"
I25485817,Dimensionality Reduction & Multivariate Plots,2,"[""10.1109/tvcg.2017.2745298"", ""10.1109/vast.2017.8585498""]"
I25485817,Surgical Planning & Tomography,1,"[""10.1109/tvcg.2017.2744818""]"
I258800397,Dimensionality Reduction & Multivariate Plots,1,"[""10.1109/vast.2016.7883510""]"
I25974101,Dimensionality Reduction & Multivariate Plots,1,"[""10.1109/tvcg.2011.191""]"
I25974101,Time Series & Temporal Patterns,1,"[""10.1109/tvcg.2013.187""]"
I25974101,VIS Literature & Bibliometrics,1,"[""10.1109/tvcg.2012.193""]"
I26120043,Diffusion MRI & Tractography,2,"[""10.1109/tvcg.2024.3456389"", ""10.1109/visual.1999.809932""]"
I26120043,Dimensionality Reduction & Multivariate Plots,1,"[""10.1109/visual.1995.480807""]"
I26120043,Meshes & Volume Rendering,1,"[""10.1109/visual.2002.1183811""]"
I26120043,VIS Literature & Bibliometrics,2,"[""10.1109/infvis.2000.885093"", ""10.1109/visual.1997.663889""]"
I2613432,Dimensionality Reduction & Multivariate Plots,2,"[""10.1109/tvcg.2019.2934802"", ""10.1109/tvcg.2020.3030421""]"
I2613432,Surgical Planning & Tomography,1,"[""10.1109/tvcg.2024.3456359""]"
I2613432,Time Series & Temporal Patterns,1,"[""10.1109/tvcg.2020.3030365""]"
I2613432,Twitter & Social Media,2,"[""10.1109/tvcg.2021.3114784"", ""10.1109/tvcg.2023.3326592""]"
I2614128279,Meshes & Volume Rendering,1,"[""10.1109/tvcg.2011.168""]"
I26274970,Diffusion MRI & Tractography,1,"[""10.1109/tvcg.2017.2744080""]"
I26274970,Dimensionality Reduction & Multivariate Plots,3,"[""10.1109/tvcg.2017.2744458"", ""10.1109/tvcg.2017.2745279"", ""10.1109/vast50239.2020.00010""]"
I26274970,Time Series & Temporal Patterns,1,"[""10.1109/tvcg.2018.2864887""]"
I265217849,VIS Literature & Bibliometrics,1,"[""10.1109/visual.1990.146392""]"
I26538001,Dimensionality Reduction & Multivariate Plots,1,"[""10.1109/visual.1991.175791""]"
I2699952,Meshes & Volume Rendering,1,"[""10.1109/tvcg.2017.2745105""]"
I2738703131,Dimensionality Reduction & Multivariate Plots,1,"[""10.1109/tvcg.2009.149""]"
I2738703131,Meshes & Volume Rendering,1,"[""10.1109/tvcg.2006.189""]"
I277688954,Dimensionality Reduction & Multivariate Plots,7,"[""10.1109/tvcg.2019.2934807"", ""10.1109/tvcg.2020.3030347"", ""10.1109/tvcg.2020.3030476"", ""10.1109/tvcg.2021.3114787"", ""10.1109/tvcg.2022.3209480"", ""10.1109/tvcg.2023.3326941"", ""10.1109/tvcg.2024.3456336""]"
I277688954,Flow Fields & CFD Visualization,4,"[""10.1109/tvcg.2013.134"", ""10.1109/tvcg.2020.3028894"", ""10.1109/tvcg.2021.3114805"", ""10.1109/tvcg.2022.3209390""]"
I277688954,Meshes & Volume Rendering,1,"[""10.1109/tvcg.2016.2599217""]"
I277688954,Surgical Planning & Tomography,1,"[""10.1109/tvcg.2023.3326520""]"
I277688954,Time Series & Temporal Patterns,1,"[""10.1109/tvcg.2021.3114880""]"
I277688954,VIS Literature & Bibliometrics,1,"[""10.1109/tvcg.2019.2934397""]"
I27804330,Diffusion MRI & Tractography,1,"[""10.1109/tvcg.2009.112""]"
I27804330,Dimensionality Reduction & Multivariate Plots,10,"[""10.1109/infvis.1997.636785"", ""10.1109/tvcg.2006.180"", ""10.1109/tvcg.2016.2598918"", ""10.1109/tvcg.2018.2865147"", ""10.1109/tvcg.2020.3030429"", ""10.1109/vast.2011.6102445"", ""10.1109/visual.1992.235194"", ""10.1109/visual.1993.398865"", ""10.1109/visual.1994.346306"", ""10.1109/visual.2000.885731""]"
I27804330,Flow Fields & CFD Visualization,2,"[""10.1109/tvcg.2014.2346983"", ""10.1109/visual.2001.964560""]"
I27804330,Meshes & Volume Rendering,3,"[""10.1109/tvcg.2010.163"", ""10.1109/visual.1994.346309"", ""10.1109/visual.2001.964505""]"
I27804330,Time Series & Temporal Patterns,1,"[""10.1109/tvcg.2012.214""]"
I27837315,Diffusion MRI & Tractography,1,"[""10.1109/tvcg.2012.272""]"
I27837315,Dimensionality Reduction & Multivariate Plots,12,"[""10.1109/tvcg.2006.202"", ""10.1109/tvcg.2017.2743898"", ""10.1109/tvcg.2018.2864889"", ""10.1109/tvcg.2018.2864909"", ""10.1109/tvcg.2018.2865231"", ""10.1109/tvcg.2019.2934557"", ""10.1109/tvcg.2020.3030335"", ""10.1109/tvcg.2020.3030429"", ""10.1109/tvcg.2021.3114679"", ""10.1109/tvcg.2021.3114811"", ""10.1109/tvcg.2022.3209467"", ""10.1109/vast.2012.6400558""]"
I27837315,Flow Fields & CFD Visualization,4,"[""10.1109/tvcg.2011.175"", ""10.1109/tvcg.2015.2467732"", ""10.1109/visual.1990.146374"", ""10.1109/visual.1991.175831""]"
I27837315,Surgical Planning & Tomography,1,"[""10.1109/tvcg.2013.119""]"
I27837315,Time Series & Temporal Patterns,5,"[""10.1109/tvcg.2011.255"", ""10.1109/tvcg.2016.2599338"", ""10.1109/tvcg.2020.3030375"", ""10.1109/tvcg.2022.3209402"", ""10.1109/tvcg.2022.3209500""]"
I2799272722,Dimensionality Reduction & Multivariate Plots,1,"[""10.1109/visual.2000.885673""]"
I2799323385,Dimensionality Reduction & Multivariate Plots,5,"[""10.1109/tvcg.2006.198"", ""10.1109/tvcg.2018.2864509"", ""10.1109/tvcg.2018.2865049"", ""10.1109/tvcg.2022.3209458"", ""10.1109/visual.2000.885722""]"
I2799337515,Surgical Planning & Tomography,1,"[""10.1109/visual.1995.480790""]"
I2799390153,Dimensionality Reduction & Multivariate Plots,1,"[""10.1109/tvcg.2018.2864816""]"
I2799411422,Dimensionality Reduction & Multivariate Plots,1,"[""10.1109/infvis.2004.46""]"
I2799475292,Dimensionality Reduction & Multivariate Plots,1,"[""10.1109/visual.2001.964554""]"
I2799504096,Flow Fields & CFD Visualization,1,"[""10.1109/tvcg.2008.166""]"
I2799567181,Meshes & Volume Rendering,3,"[""10.1109/tvcg.2010.133"", ""10.1109/visual.1994.346301"", ""10.1109/visual.2004.122""]"
I2799798094,Dimensionality Reduction & Multivariate Plots,1,"[""10.1109/visual.2002.1183766""]"
I2799802224,Time Series & Temporal Patterns,1,"[""10.1109/tvcg.2019.2934804""]"
I2799803557,Flow Fields & CFD Visualization,2,"[""10.1109/tvcg.2015.2467293"", ""10.1109/tvcg.2016.2598825""]"
I2799853436,Dimensionality Reduction & Multivariate Plots,1,"[""10.1109/visual.2000.885739""]"
I2799859273,Flow Fields & CFD Visualization,1,"[""10.1109/tvcg.2020.3030376""]"
I2799891827,Dimensionality Reduction & Multivariate Plots,1,"[""10.1109/tvcg.2020.3030414""]"
I2799909505,Dimensionality Reduction & Multivariate Plots,1,"[""10.1109/tvcg.2024.3456143""]"
I2799980853,Dimensionality Reduction & Multivariate Plots,1,"[""10.1109/tvcg.2024.3456215""]"
I2800006345,Dimensionality Reduction & Multivariate Plots,5,"[""10.1109/tvcg.2010.134"", ""10.1109/tvcg.2016.2598826"", ""10.1109/tvcg.2017.2744318"", ""10.1109/tvcg.2020.3030336"", ""10.1109/tvcg.2023.3326582""]"
I2800006345,Surgical Planning & Tomography,1,"[""10.1109/tvcg.2017.2744358""]"
I2800006345,Time Series & Temporal Patterns,1,"[""10.1109/tvcg.2019.2934307""]"
I2800093571,Dimensionality Reduction & Multivariate Plots,1,"[""10.1109/tvcg.2023.3327192""]"
I2800129641,Dimensionality Reduction & Multivariate Plots,2,"[""10.1109/tvcg.2017.2745118"", ""10.1109/tvcg.2018.2864905""]"
I2800235667,Dimensionality Reduction & Multivariate Plots,1,"[""10.1109/visual.1993.398911""]"
I2800287464,Dimensionality Reduction & Multivariate Plots,1,"[""10.1109/tvcg.2019.2934667""]"
I2800287464,Surgical Planning & Tomography,1,"[""10.1109/tvcg.2021.3114793""]"
I2800289517,Dimensionality Reduction & Multivariate Plots,3,"[""10.1109/tvcg.2008.116"", ""10.1109/tvcg.2009.197"", ""10.1109/tvcg.2020.3028955""]"
I2800297018,Dimensionality Reduction & Multivariate Plots,1,"[""10.1109/visual.1991.175802""]"
I2800297018,Flow Fields & CFD Visualization,1,"[""10.1109/tvcg.2007.70517""]"
I2800297018,VIS Literature & Bibliometrics,1,"[""10.1109/tvcg.2008.170""]"
I2800363604,Dimensionality Reduction & Multivariate Plots,1,"[""10.1109/tvcg.2016.2598471""]"
I2800403580,Time Series & Temporal Patterns,1,"[""10.1109/tvcg.2015.2467153""]"
I2800403580,VIS Literature & Bibliometrics,2,"[""10.1109/tvcg.2014.2346451"", ""10.1109/tvcg.2019.2934260""]"
I2800444561,Dashboards & Infographics,1,"[""10.1109/tvcg.2008.185""]"
I2800444561,Dimensionality Reduction & Multivariate Plots,5,"[""10.1109/tvcg.2014.2346249"", ""10.1109/tvcg.2015.2467551"", ""10.1109/tvcg.2021.3114820"", ""10.1109/tvcg.2023.3326512"", ""10.1109/tvcg.2024.3456144""]"
I2800444561,Twitter & Social Media,1,"[""10.1109/tvcg.2009.176""]"
I2800444561,VIS Literature & Bibliometrics,1,"[""10.1109/tvcg.2024.3456405""]"
I2800451603,Dimensionality Reduction & Multivariate Plots,1,"[""10.1109/visual.2004.29""]"
I2800451603,Meshes & Volume Rendering,1,"[""10.1109/visual.2004.88""]"
I2800497579,VIS Literature & Bibliometrics,1,"[""10.1109/visual.1990.146372""]"
I2800548410,Diffusion MRI & Tractography,1,"[""10.1109/visual.2002.1183828""]"
I2800607224,Dimensionality Reduction & Multivariate Plots,1,"[""10.1109/tvcg.2006.146""]"
I2800628709,Dimensionality Reduction & Multivariate Plots,1,"[""10.1109/tvcg.2014.2346459""]"
I2800638129,Meshes & Volume Rendering,1,"[""10.1109/visual.1990.146414""]"
I2800638415,Flow Fields & CFD Visualization,1,"[""10.1109/tvcg.2024.3456334""]"
I2800638415,Time Series & Temporal Patterns,1,"[""10.1109/tvcg.2023.3327185""]"
I2800638415,Ultrasound Volume Rendering & Segmentation,1,"[""10.1109/vast.2014.7042483""]"
I2800740805,Flow Fields & CFD Visualization,1,"[""10.1109/tvcg.2024.3456327""]"
I2800759272,Dimensionality Reduction & Multivariate Plots,5,"[""10.1109/tvcg.2011.214"", ""10.1109/visual.1994.346308"", ""10.1109/visual.1998.745337"", ""10.1109/visual.2003.1250366"", ""10.1109/visual.2005.1532797""]"
I2800780207,Twitter & Social Media,1,"[""10.1109/infvis.1998.729553""]"
I2800935791,Meshes & Volume Rendering,1,"[""10.1109/tvcg.2022.3209497""]"
I2801120862,VIS Literature & Bibliometrics,1,"[""10.1109/tvcg.2007.70581""]"
I2801238018,Dimensionality Reduction & Multivariate Plots,2,"[""10.1109/tvcg.2018.2865043"", ""10.1109/visual.2005.1532847""]"
I2801239119,Dimensionality Reduction & Multivariate Plots,7,"[""10.1109/tvcg.2008.130"", ""10.1109/tvcg.2013.151"", ""10.1109/tvcg.2015.2467199"", ""10.1109/tvcg.2015.2467251"", ""10.1109/tvcg.2015.2467451"", ""10.1109/tvcg.2016.2598885"", ""10.1109/tvcg.2017.2744418""]"
I2801239119,Flow Fields & CFD Visualization,3,"[""10.1109/tvcg.2016.2599107"", ""10.1109/tvcg.2017.2745941"", ""10.1109/tvcg.2020.3030450""]"
I2801239119,Meshes & Volume Rendering,1,"[""10.1109/tvcg.2020.3030334""]"
I2801239119,Ultrasound Volume Rendering & Segmentation,1,"[""10.1109/tvcg.2020.3030364""]"
I2801240577,Dimensionality Reduction & Multivariate Plots,1,"[""10.1109/vast.2015.7347630""]"
I2801313472,Dimensionality Reduction & Multivariate Plots,1,"[""10.1109/tvcg.2015.2468093""]"
I2801317318,Dimensionality Reduction & Multivariate Plots,3,"[""10.1109/tvcg.2016.2598469"", ""10.1109/tvcg.2017.2745118"", ""10.1109/tvcg.2018.2864905""]"
I2801333002,Dimensionality Reduction & Multivariate Plots,1,"[""10.1109/tvcg.2016.2598830""]"
I2801410363,Time Series & Temporal Patterns,1,"[""10.1109/tvcg.2021.3114851""]"
I2801436432,Dimensionality Reduction & Multivariate Plots,1,"[""10.1109/vast.2014.7042493""]"
I2801607516,Dimensionality Reduction & Multivariate Plots,1,"[""10.1109/tvcg.2014.2346431""]"
I2801613365,Dimensionality Reduction & Multivariate Plots,1,"[""10.1109/tvcg.2015.2467551""]"
I2801798921,Dimensionality Reduction & Multivariate Plots,1,"[""10.1109/tvcg.2012.249""]"
I2801851002,Diffusion MRI & Tractography,1,"[""10.1109/tvcg.2012.272""]"
I2801851002,Dimensionality Reduction & Multivariate Plots,7,"[""10.1109/tvcg.2015.2467759"", ""10.1109/tvcg.2016.2598587"", ""10.1109/tvcg.2017.2745118"", ""10.1109/tvcg.2021.3114840"", ""10.1109/tvcg.2022.3209408"", ""10.1109/tvcg.2023.3326579"", ""10.1109/tvcg.2024.3456406""]"
I2801851002,Flow Fields & CFD Visualization,6,"[""10.1109/tvcg.2013.154"", ""10.1109/tvcg.2014.2346752"", ""10.1109/tvcg.2017.2745941"", ""10.1109/tvcg.2018.2865152"", ""10.1109/tvcg.2022.3209386"", ""10.1109/tvcg.2023.3327170""]"
I2801851002,Meshes & Volume Rendering,9,"[""10.1109/tvcg.2009.167"", ""10.1109/tvcg.2010.137"", ""10.1109/tvcg.2010.168"", ""10.1109/tvcg.2012.240"", ""10.1109/tvcg.2014.2346260"", ""10.1109/tvcg.2015.2467911"", ""10.1109/tvcg.2017.2745978"", ""10.1109/tvcg.2020.3030454"", ""10.1109/vast47406.2019.8986940""]"
I2801851002,Surgical Planning & Tomography,4,"[""10.1109/tvcg.2018.2864847"", ""10.1109/tvcg.2018.2865138"", ""10.1109/tvcg.2022.3209435"", ""10.1109/tvcg.2023.3326588""]"
I2801851002,Time Series & Temporal Patterns,2,"[""10.1109/tvcg.2013.173"", ""10.1109/vast.2018.8802486""]"
I2801851002,VIS Literature & Bibliometrics,2,"[""10.1109/tvcg.2014.2346322"", ""10.1109/visual.1991.175819""]"
I2801857525,Dimensionality Reduction & Multivariate Plots,1,"[""10.1109/tvcg.2019.2934399""]"
I2801862477,Dimensionality Reduction & Multivariate Plots,1,"[""10.1109/tvcg.2024.3456192""]"
I2801862477,Meshes & Volume Rendering,1,"[""10.1109/tvcg.2015.2467733""]"
I2801919071,Dimensionality Reduction & Multivariate Plots,2,"[""10.1109/tvcg.2008.151"", ""10.1109/tvcg.2018.2864849""]"
I2801919071,Ultrasound Volume Rendering & Segmentation,1,"[""10.1109/vast.2010.5652467""]"
I2801935854,Meshes & Volume Rendering,1,"[""10.1109/visual.2004.5""]"
I2802076133,Dimensionality Reduction & Multivariate Plots,5,"[""10.1109/tvcg.2016.2598795"", ""10.1109/tvcg.2016.2598826"", ""10.1109/tvcg.2018.2864509"", ""10.1109/tvcg.2019.2934337"", ""10.1109/tvcg.2020.3030388""]"
I2802076133,Surgical Planning & Tomography,1,"[""10.1109/tvcg.2016.2598603""]"
I2802076133,Twitter & Social Media,1,"[""10.1109/tvcg.2023.3326601""]"
I2802162544,Dimensionality Reduction & Multivariate Plots,1,"[""10.1109/tvcg.2010.181""]"
I2802164966,Dashboards & Infographics,1,"[""10.1109/tvcg.2020.3030437""]"
I2802164966,Dimensionality Reduction & Multivariate Plots,1,"[""10.1109/tvcg.2019.2934337""]"
I2802194831,VIS Literature & Bibliometrics,1,"[""10.1109/tvcg.2016.2598796""]"
I2802236040,Dimensionality Reduction & Multivariate Plots,9,"[""10.1109/tvcg.2017.2744359"", ""10.1109/tvcg.2019.2934264"", ""10.1109/tvcg.2019.2934266"", ""10.1109/tvcg.2019.2934284"", ""10.1109/tvcg.2019.2934603"", ""10.1109/tvcg.2019.2934614"", ""10.1109/tvcg.2020.3029413"", ""10.1109/tvcg.2020.3030439"", ""10.1109/vast50239.2020.00012""]"
I2802236040,Flow Fields & CFD Visualization,1,"[""10.1109/tvcg.2019.2934282""]"
I2802236040,Time Series & Temporal Patterns,1,"[""10.1109/tvcg.2022.3209442""]"
I2802259095,Diffusion MRI & Tractography,1,"[""10.1109/visual.1996.568150""]"
I2802259095,Meshes & Volume Rendering,5,"[""10.1109/visual.1992.235226"", ""10.1109/visual.1993.398849"", ""10.1109/visual.1993.398875"", ""10.1109/visual.1995.480817"", ""10.1109/visual.1995.485143""]"
I2802259095,Time Series & Temporal Patterns,1,"[""10.1109/visual.1993.398859""]"
I2802384920,VIS Literature & Bibliometrics,1,"[""10.1109/visual.1996.568149""]"
I2802423016,Surgical Planning & Tomography,1,"[""10.1109/tvcg.2009.164""]"
I2802487185,Meshes & Volume Rendering,1,"[""10.1109/visual.1997.663899""]"
I2802519937,Meshes & Volume Rendering,1,"[""10.1109/tvcg.2006.189""]"
I2802536742,Dimensionality Reduction & Multivariate Plots,1,"[""10.1109/tvcg.2014.2346249""]"
I2802612298,Time Series & Temporal Patterns,1,"[""10.1109/tvcg.2007.70515""]"
I2802619606,Dimensionality Reduction & Multivariate Plots,2,"[""10.1109/tvcg.2009.184"", ""10.1109/tvcg.2011.189""]"
I2802660506,Flow Fields & CFD Visualization,1,"[""10.1109/vast.2011.6102460""]"
I2802849423,Flow Fields & CFD Visualization,1,"[""10.1109/visual.1992.235179""]"
I2802928900,Diffusion MRI & Tractography,1,"[""10.1109/visual.2005.1532778""]"
I2802928900,Dimensionality Reduction & Multivariate Plots,2,"[""10.1109/tvcg.2006.158"", ""10.1109/visual.2003.1250397""]"
I2802946424,Meshes & Volume Rendering,1,"[""10.1109/tvcg.2023.3327388""]"
I2802946424,VIS Literature & Bibliometrics,2,"[""10.1109/visual.1990.146418"", ""10.1109/visual.1991.175832""]"
I2802964274,Meshes & Volume Rendering,1,"[""10.1109/visual.1990.146414""]"
I2802966293,Dimensionality Reduction & Multivariate Plots,1,"[""10.1109/visual.2005.1532841""]"
I2802999273,Dimensionality Reduction & Multivariate Plots,4,"[""10.1109/tvcg.2019.2934536"", ""10.1109/tvcg.2020.3030434"", ""10.1109/tvcg.2021.3114780"", ""10.1109/tvcg.2022.3209443""]"
I2803058125,Dimensionality Reduction & Multivariate Plots,2,"[""10.1109/tvcg.2014.2346454"", ""10.1109/tvcg.2024.3456215""]"
I2803209242,Dimensionality Reduction & Multivariate Plots,1,"[""10.1109/infvis.2001.963289""]"
I2803209242,Flow Fields & CFD Visualization,1,"[""10.1109/infvis.1998.729566""]"
I28777354,Dimensionality Reduction & Multivariate Plots,3,"[""10.1109/tvcg.2012.264"", ""10.1109/vast.2012.6400491"", ""10.1109/vast.2012.6400557""]"
I28777354,Ultrasound Volume Rendering & Segmentation,1,"[""10.1109/vast.2014.7042484""]"
I2898391981,Dimensionality Reduction & Multivariate Plots,1,"[""10.1109/tvcg.2018.2864806""]"
I2898391981,Meshes & Volume Rendering,7,"[""10.1109/tvcg.2006.119"", ""10.1109/visual.1993.398894"", ""10.1109/visual.1994.346329"", ""10.1109/visual.1995.485151"", ""10.1109/visual.1995.485156"", ""10.1109/visual.1996.568140"", ""10.1109/visual.1998.745333""]"
I2898391981,VIS Literature & Bibliometrics,1,"[""10.1109/tvcg.2012.239""]"
I2946016260,Surgical Planning & Tomography,1,"[""10.1109/tvcg.2018.2864499""]"
I2948394018,Dimensionality Reduction & Multivariate Plots,2,"[""10.1109/visual.1990.146379"", ""10.1109/visual.1992.235191""]"
I2948394018,Flow Fields & CFD Visualization,1,"[""10.1109/tvcg.2024.3456388""]"
I2948394018,VIS Literature & Bibliometrics,1,"[""10.1109/visual.2005.1532838""]"
I2948663404,Dimensionality Reduction & Multivariate Plots,1,"[""10.1109/tvcg.2007.70623""]"
I29606459,Diffusion MRI & Tractography,1,"[""10.1109/tvcg.2012.216""]"
I29607241,Diffusion MRI & Tractography,1,"[""10.1109/tvcg.2007.70540""]"
I29607241,Dimensionality Reduction & Multivariate Plots,2,"[""10.1109/tvcg.2010.205"", ""10.1109/tvcg.2013.149""]"
I29607241,Time Series & Temporal Patterns,1,"[""10.1109/tvcg.2013.160""]"
I2972652528,Dimensionality Reduction & Multivariate Plots,2,"[""10.1109/tvcg.2014.2346893"", ""10.1109/tvcg.2017.2744159""]"
I29955533,VIS Literature & Bibliometrics,1,"[""10.1109/visual.1999.809920""]"
I3005327000,Dimensionality Reduction & Multivariate Plots,1,"[""10.1109/vast.2015.7347630""]"
I3017942884,Meshes & Volume Rendering,1,"[""10.1109/tvcg.2024.3456355""]"
I3017942884,Twitter & Social Media,1,"[""10.1109/tvcg.2024.3456345""]"
I3018083178,Dimensionality Reduction & Multivariate Plots,2,"[""10.1109/tvcg.2021.3114787"", ""10.1109/tvcg.2021.3114821""]"
I3018083178,Flow Fields & CFD Visualization,1,"[""10.1109/tvcg.2015.2467851""]"
I3018483916,Dimensionality Reduction & Multivariate Plots,1,"[""10.1109/visual.1996.568134""]"
I3019415892,Diffusion MRI & Tractography,1,"[""10.1109/visual.2005.1532790""]"
I3019415892,Dimensionality Reduction & Multivariate Plots,1,"[""10.1109/tvcg.2006.125""]"
I3019415892,Meshes & Volume Rendering,1,"[""10.1109/tvcg.2007.70579""]"
I3019415892,VIS Literature & Bibliometrics,2,"[""10.1109/tvcg.2007.70575"", ""10.1109/tvcg.2012.283""]"
I3019423309,Dimensionality Reduction & Multivariate Plots,4,"[""10.1109/tvcg.2016.2598468"", ""10.1109/vast.2009.5333893"", ""10.1109/vast.2011.6102448"", ""10.1109/visual.1994.346294""]"
I3019423309,Flow Fields & CFD Visualization,1,"[""10.1109/tvcg.2015.2467612""]"
I3019423309,Meshes & Volume Rendering,3,"[""10.1109/visual.1996.567780"", ""10.1109/visual.1996.568136"", ""10.1109/visual.1997.663859""]"
I3019423309,Surgical Planning & Tomography,1,"[""10.1109/tvcg.2017.2744818""]"
I3019423309,VIS Literature & Bibliometrics,1,"[""10.1109/tvcg.2013.178""]"
I3019586173,Meshes & Volume Rendering,1,"[""10.1109/visual.1996.568133""]"
I3045169105,Dimensionality Reduction & Multivariate Plots,4,"[""10.1109/tvcg.2020.3030469"", ""10.1109/tvcg.2021.3114850"", ""10.1109/tvcg.2023.3326930"", ""10.1109/tvcg.2023.3327359""]"
I3045169105,Time Series & Temporal Patterns,2,"[""10.1109/tvcg.2023.3326921"", ""10.1109/tvcg.2024.3456142""]"
I30809798,Diffusion MRI & Tractography,1,"[""10.1109/tvcg.2023.3327077""]"
I30809798,Dimensionality Reduction & Multivariate Plots,2,"[""10.1109/tvcg.2022.3209351"", ""10.1109/tvcg.2024.3456320""]"
I30809798,Flow Fields & CFD Visualization,2,"[""10.1109/tvcg.2022.3209440"", ""10.1109/tvcg.2023.3326911""]"
I30809798,Surgical Planning & Tomography,2,"[""10.1109/tvcg.2023.3326929"", ""10.1109/tvcg.2024.3456325""]"
I30809798,Time Series & Temporal Patterns,1,"[""10.1109/tvcg.2022.3209463""]"
I308837,Dimensionality Reduction & Multivariate Plots,1,"[""10.1109/tvcg.2021.3114762""]"
I3129407955,Dimensionality Reduction & Multivariate Plots,2,"[""10.1109/visual.1993.398911"", ""10.1109/visual.1994.346307""]"
I3129407955,Meshes & Volume Rendering,1,"[""10.1109/visual.1994.346315""]"
I3129593085,Meshes & Volume Rendering,1,"[""10.1109/tvcg.2020.3030392""]"
I3130638677,Dimensionality Reduction & Multivariate Plots,1,"[""10.1109/tvcg.2024.3456192""]"
I3131446353,Dimensionality Reduction & Multivariate Plots,1,"[""10.1109/visual.2005.1532810""]"
I3131550300,Dimensionality Reduction & Multivariate Plots,4,"[""10.1109/tvcg.2009.145"", ""10.1109/tvcg.2011.223"", ""10.1109/tvcg.2011.233"", ""10.1109/vast.2011.6102454""]"
I3131873961,Dimensionality Reduction & Multivariate Plots,1,"[""10.1109/visual.2002.1183817""]"
I3132238960,Diffusion MRI & Tractography,3,"[""10.1109/tvcg.2006.151"", ""10.1109/tvcg.2007.70532"", ""10.1109/tvcg.2007.70597""]"
I3132238960,Dimensionality Reduction & Multivariate Plots,10,"[""10.1109/tvcg.2006.133"", ""10.1109/tvcg.2006.136"", ""10.1109/tvcg.2006.169"", ""10.1109/tvcg.2007.70519"", ""10.1109/tvcg.2007.70523"", ""10.1109/tvcg.2007.70542"", ""10.1109/tvcg.2007.70543"", ""10.1109/tvcg.2007.70566"", ""10.1109/tvcg.2007.70585"", ""10.1109/tvcg.2007.70623""]"
I3132238960,Flow Fields & CFD Visualization,2,"[""10.1109/tvcg.2007.70517"", ""10.1109/tvcg.2007.70596""]"
I3132238960,Meshes & Volume Rendering,4,"[""10.1109/tvcg.2006.176"", ""10.1109/tvcg.2006.201"", ""10.1109/tvcg.2007.70530"", ""10.1109/tvcg.2007.70544""]"
I3132238960,Time Series & Temporal Patterns,1,"[""10.1109/tvcg.2006.170""]"
I3132238960,Twitter & Social Media,3,"[""10.1109/tvcg.2007.70572"", ""10.1109/tvcg.2007.70601"", ""10.1109/tvcg.2007.70603""]"
I3132238960,VIS Literature & Bibliometrics,3,"[""10.1109/tvcg.2007.70539"", ""10.1109/tvcg.2007.70565"", ""10.1109/tvcg.2007.70581""]"
I3143791293,Time Series & Temporal Patterns,1,"[""10.1109/tvcg.2020.3030464""]"
I31512782,Dashboards & Infographics,1,"[""10.1109/tvcg.2020.3030437""]"
I31512782,Diffusion MRI & Tractography,1,"[""10.1109/vast.2011.6102439""]"
I31512782,Dimensionality Reduction & Multivariate Plots,6,"[""10.1109/tvcg.2015.2468111"", ""10.1109/tvcg.2017.2744805"", ""10.1109/vast.2008.4677350"", ""10.1109/vast.2009.5333893"", ""10.1109/vast.2012.6400553"", ""10.1109/visual.2001.964489""]"
I31512782,Flow Fields & CFD Visualization,1,"[""10.1109/vast.2014.7042485""]"
I31512782,Meshes & Volume Rendering,1,"[""10.1109/tvcg.2012.281""]"
I31512782,Surgical Planning & Tomography,1,"[""10.1109/tvcg.2017.2744818""]"
I31683504,Dimensionality Reduction & Multivariate Plots,1,"[""10.1109/tvcg.2024.3456338""]"
I31746571,Dimensionality Reduction & Multivariate Plots,2,"[""10.1109/tvcg.2009.201"", ""10.1109/tvcg.2011.199""]"
I32389192,Dimensionality Reduction & Multivariate Plots,1,"[""10.1109/visual.1995.480820""]"
I32389192,Surgical Planning & Tomography,1,"[""10.1109/visual.1997.663880""]"
I32394136,Dimensionality Reduction & Multivariate Plots,1,"[""10.1109/tvcg.2023.3326932""]"
I32597200,Dimensionality Reduction & Multivariate Plots,1,"[""10.1109/tvcg.2022.3209477""]"
I32625721,Surgical Planning & Tomography,1,"[""10.1109/visual.1990.146385""]"
I32943570,Time Series & Temporal Patterns,1,"[""10.1109/tvcg.2016.2598495""]"
I32971472,Diffusion MRI & Tractography,1,"[""10.1109/visual.2001.964549""]"
I32971472,Dimensionality Reduction & Multivariate Plots,2,"[""10.1109/tvcg.2008.123"", ""10.1109/tvcg.2008.150""]"
I33213144,Diffusion MRI & Tractography,2,"[""10.1109/tvcg.2020.3030394"", ""10.1109/visual.1990.146394""]"
I33213144,Dimensionality Reduction & Multivariate Plots,10,"[""10.1109/tvcg.2008.115"", ""10.1109/tvcg.2011.230"", ""10.1109/tvcg.2013.208"", ""10.1109/tvcg.2015.2467958"", ""10.1109/tvcg.2018.2864815"", ""10.1109/tvcg.2020.3028958"", ""10.1109/tvcg.2022.3209495"", ""10.1109/visual.1996.567598"", ""10.1109/visual.1997.663905"", ""10.1109/visual.1999.809921""]"
I33213144,Ultrasound Volume Rendering & Segmentation,1,"[""10.1109/tvcg.2018.2865029""]"
I33256026,Dimensionality Reduction & Multivariate Plots,1,"[""10.1109/tvcg.2006.125""]"
I33434090,Time Series & Temporal Patterns,1,"[""10.1109/infvis.2004.68""]"
I33976269,Dimensionality Reduction & Multivariate Plots,1,"[""10.1109/infvis.2000.885087""]"
I34077533,Dimensionality Reduction & Multivariate Plots,1,"[""10.1109/visual.2001.964561""]"
I34077533,VIS Literature & Bibliometrics,1,"[""10.1109/visual.1990.146382""]"
I34809795,Dashboards & Infographics,1,"[""10.1109/tvcg.2020.3030437""]"
I35364215,Dimensionality Reduction & Multivariate Plots,1,"[""10.1109/visual.1997.663887""]"
I35440088,Dashboards & Infographics,1,"[""10.1109/visual.1995.480805""]"
I35440088,Diffusion MRI & Tractography,1,"[""10.1109/tvcg.2020.3030456""]"
I35440088,Dimensionality Reduction & Multivariate Plots,17,"[""10.1109/tvcg.2010.223"", ""10.1109/tvcg.2011.225"", ""10.1109/tvcg.2014.2346459"", ""10.1109/tvcg.2014.2346893"", ""10.1109/tvcg.2017.2744159"", ""10.1109/tvcg.2018.2864509"", ""10.1109/tvcg.2018.2865049"", ""10.1109/tvcg.2019.2934310"", ""10.1109/tvcg.2020.3028947"", ""10.1109/tvcg.2022.3209458"", ""10.1109/tvcg.2023.3327152"", ""10.1109/visual.1998.745280"", ""10.1109/visual.2000.885722"", ""10.1109/visual.2001.964490"", ""10.1109/visual.2001.964523"", ""10.1109/visual.2002.1183771"", ""10.1109/visual.2003.1250358""]"
I35440088,Flow Fields & CFD Visualization,3,"[""10.1109/tvcg.2009.158"", ""10.1109/tvcg.2023.3326568"", ""10.1109/vast.2008.4677351""]"
I35440088,Meshes & Volume Rendering,13,"[""10.1109/tvcg.2006.199"", ""10.1109/tvcg.2007.70554"", ""10.1109/tvcg.2012.243"", ""10.1109/tvcg.2018.2864828"", ""10.1109/tvcg.2019.2934313"", ""10.1109/tvcg.2019.2934375"", ""10.1109/tvcg.2022.3209353"", ""10.1109/visual.1996.568137"", ""10.1109/visual.1998.745296"", ""10.1109/visual.2002.1183821"", ""10.1109/visual.2004.128"", ""10.1109/visual.2005.1532772"", ""10.1109/visual.2005.1532813""]"
I35440088,Surgical Planning & Tomography,3,"[""10.1109/tvcg.2017.2745158"", ""10.1109/tvcg.2021.3114849"", ""10.1109/tvcg.2023.3326929""]"
I35440088,Time Series & Temporal Patterns,1,"[""10.1109/tvcg.2009.199""]"
I35440088,Twitter & Social Media,2,"[""10.1109/tvcg.2014.2346432"", ""10.1109/tvcg.2014.2346447""]"
I36234482,Dimensionality Reduction & Multivariate Plots,1,"[""10.1109/tvcg.2019.2934400""]"
I36253440,Dimensionality Reduction & Multivariate Plots,5,"[""10.1109/tvcg.2006.169"", ""10.1109/tvcg.2006.198"", ""10.1109/tvcg.2007.70583"", ""10.1109/tvcg.2007.70588"", ""10.1109/tvcg.2007.70623""]"
I36253440,Flow Fields & CFD Visualization,1,"[""10.1109/tvcg.2007.70614""]"
I36253440,Meshes & Volume Rendering,1,"[""10.1109/tvcg.2006.194""]"
I36253440,VIS Literature & Bibliometrics,1,"[""10.1109/tvcg.2006.128""]"
I36258959,Dimensionality Reduction & Multivariate Plots,3,"[""10.1109/tvcg.2014.2346446"", ""10.1109/visual.1997.663862"", ""10.1109/visual.1998.745341""]"
I36258959,Flow Fields & CFD Visualization,3,"[""10.1109/tvcg.2018.2865075"", ""10.1109/tvcg.2020.3028956"", ""10.1109/visual.2000.885741""]"
I36258959,Meshes & Volume Rendering,2,"[""10.1109/tvcg.2021.3114806"", ""10.1109/tvcg.2021.3114861""]"
I36258959,VIS Literature & Bibliometrics,2,"[""10.1109/visual.1992.235177"", ""10.1109/visual.1997.663891""]"
I36522303,Dimensionality Reduction & Multivariate Plots,2,"[""10.1109/tvcg.2014.2346591"", ""10.1109/tvcg.2015.2468291""]"
I36522303,Flow Fields & CFD Visualization,1,"[""10.1109/visual.2005.1532828""]"
I36672615,Meshes & Volume Rendering,1,"[""10.1109/tvcg.2010.198""]"
I36788626,Dimensionality Reduction & Multivariate Plots,1,"[""10.1109/tvcg.2020.3028984""]"
I36819085,Meshes & Volume Rendering,1,"[""10.1109/tvcg.2022.3209388""]"
I368840534,Dimensionality Reduction & Multivariate Plots,3,"[""10.1109/visual.1996.568111"", ""10.1109/visual.1997.663874"", ""10.1109/visual.1997.663926""]"
I368840534,VIS Literature & Bibliometrics,1,"[""10.1109/visual.1995.485169""]"
I38877650,Dimensionality Reduction & Multivariate Plots,4,"[""10.1109/tvcg.2019.2934671"", ""10.1109/tvcg.2020.3030458"", ""10.1109/tvcg.2021.3114875"", ""10.1109/tvcg.2022.3209371""]"
I38877650,Flow Fields & CFD Visualization,5,"[""10.1109/tvcg.2021.3114865"", ""10.1109/tvcg.2022.3209470"", ""10.1109/tvcg.2022.3209475"", ""10.1109/tvcg.2023.3327148"", ""10.1109/vast50239.2020.00006""]"
I38877650,Meshes & Volume Rendering,1,"[""10.1109/tvcg.2023.3326524""]"
I38877650,Surgical Planning & Tomography,1,"[""10.1109/tvcg.2023.3327162""]"
I392282,Dimensionality Reduction & Multivariate Plots,1,"[""10.1109/visual.1997.663915""]"
I39343248,VIS Literature & Bibliometrics,1,"[""10.1109/tvcg.2014.2346751""]"
I39422238,Dimensionality Reduction & Multivariate Plots,13,"[""10.1109/infvis.2005.1532142"", ""10.1109/tvcg.2017.2744459"", ""10.1109/tvcg.2019.2934546"", ""10.1109/tvcg.2022.3209356"", ""10.1109/tvcg.2022.3209474"", ""10.1109/tvcg.2023.3326514"", ""10.1109/tvcg.2023.3326598"", ""10.1109/tvcg.2023.3326939"", ""10.1109/tvcg.2024.3456160"", ""10.1109/tvcg.2024.3456182"", ""10.1109/tvcg.2024.3456353"", ""10.1109/visual.1990.146400"", ""10.1109/visual.1996.568120""]"
I39422238,Flow Fields & CFD Visualization,1,"[""10.1109/tvcg.2017.2745280""]"
I39422238,Meshes & Volume Rendering,1,"[""10.1109/visual.1994.346291""]"
I39422238,Time Series & Temporal Patterns,3,"[""10.1109/tvcg.2010.197"", ""10.1109/tvcg.2014.2346572"", ""10.1109/vast.2012.6400490""]"
I39422238,VIS Literature & Bibliometrics,1,"[""10.1109/visual.1990.146384""]"
I39470171,Diffusion MRI & Tractography,1,"[""10.1109/tvcg.2016.2598591""]"
I39470171,Dimensionality Reduction & Multivariate Plots,7,"[""10.1109/tvcg.2012.226"", ""10.1109/tvcg.2016.2598586"", ""10.1109/tvcg.2017.2745080"", ""10.1109/tvcg.2019.2934432"", ""10.1109/tvcg.2019.2934654"", ""10.1109/tvcg.2019.2934790"", ""10.1109/tvcg.2023.3327152""]"
I39470171,Flow Fields & CFD Visualization,1,"[""10.1109/tvcg.2021.3114805""]"
I39470171,Time Series & Temporal Patterns,1,"[""10.1109/tvcg.2014.2346250""]"
I39470171,Twitter & Social Media,1,"[""10.1109/tvcg.2013.167""]"
I39555362,Dimensionality Reduction & Multivariate Plots,2,"[""10.1109/tvcg.2020.3030410"", ""10.1109/tvcg.2023.3327353""]"
I39555362,Flow Fields & CFD Visualization,2,"[""10.1109/tvcg.2021.3114828"", ""10.1109/tvcg.2022.3209448""]"
I39555362,Time Series & Temporal Patterns,1,"[""10.1109/tvcg.2022.3209464""]"
I39586589,Dashboards & Infographics,1,"[""10.1109/tvcg.2020.3030437""]"
I39586589,Dimensionality Reduction & Multivariate Plots,10,"[""10.1109/tvcg.2006.144"", ""10.1109/tvcg.2010.132"", ""10.1109/tvcg.2010.150"", ""10.1109/tvcg.2011.170"", ""10.1109/tvcg.2014.2346428"", ""10.1109/tvcg.2015.2467691"", ""10.1109/tvcg.2016.2598867"", ""10.1109/tvcg.2019.2934314"", ""10.1109/tvcg.2020.3030446"", ""10.1109/tvcg.2021.3114795""]"
I39586589,Flow Fields & CFD Visualization,3,"[""10.1109/tvcg.2009.181"", ""10.1109/tvcg.2012.197"", ""10.1109/tvcg.2015.2467751""]"
I39586589,Meshes & Volume Rendering,5,"[""10.1109/tvcg.2006.194"", ""10.1109/tvcg.2011.204"", ""10.1109/tvcg.2011.208"", ""10.1109/tvcg.2013.207"", ""10.1109/tvcg.2018.2864817""]"
I39586589,Surgical Planning & Tomography,1,"[""10.1109/tvcg.2016.2598829""]"
I39586589,Time Series & Temporal Patterns,1,"[""10.1109/tvcg.2011.166""]"
I39705031,Surgical Planning & Tomography,1,"[""10.1109/tvcg.2018.2865027""]"
I39804081,Dimensionality Reduction & Multivariate Plots,2,"[""10.1109/tvcg.2017.2744298"", ""10.1109/tvcg.2018.2865233""]"
I39804081,Flow Fields & CFD Visualization,1,"[""10.1109/tvcg.2021.3114844""]"
I39804081,Meshes & Volume Rendering,1,"[""10.1109/tvcg.2024.3456355""]"
I39804081,Time Series & Temporal Patterns,1,"[""10.1109/tvcg.2019.2934283""]"
I39804081,Twitter & Social Media,7,"[""10.1109/tvcg.2016.2599017"", ""10.1109/tvcg.2017.2743938"", ""10.1109/tvcg.2018.2864432"", ""10.1109/tvcg.2019.2934256"", ""10.1109/tvcg.2020.3030353"", ""10.1109/tvcg.2023.3326601"", ""10.1109/tvcg.2024.3456345""]"
I39854758,Surgical Planning & Tomography,1,"[""10.1109/tvcg.2021.3114864""]"
I40120149,Diffusion MRI & Tractography,3,"[""10.1109/tvcg.2009.177"", ""10.1109/tvcg.2019.2934535"", ""10.1109/tvcg.2023.3327178""]"
I40120149,Dimensionality Reduction & Multivariate Plots,5,"[""10.1109/tvcg.2010.202"", ""10.1109/tvcg.2012.271"", ""10.1109/tvcg.2013.225"", ""10.1109/tvcg.2016.2599214"", ""10.1109/tvcg.2020.3028955""]"
I40120149,Flow Fields & CFD Visualization,5,"[""10.1109/tvcg.2012.197"", ""10.1109/tvcg.2018.2865025"", ""10.1109/tvcg.2021.3114828"", ""10.1109/tvcg.2022.3209357"", ""10.1109/tvcg.2022.3209448""]"
I40120149,Meshes & Volume Rendering,2,"[""10.1109/tvcg.2011.208"", ""10.1109/tvcg.2013.207""]"
I40120149,Surgical Planning & Tomography,4,"[""10.1109/tvcg.2016.2598829"", ""10.1109/tvcg.2018.2864838"", ""10.1109/tvcg.2020.3030449"", ""10.1109/tvcg.2022.3209379""]"
I40120149,Time Series & Temporal Patterns,1,"[""10.1109/tvcg.2022.3209464""]"
I40120149,Twitter & Social Media,2,"[""10.1109/tvcg.2007.70603"", ""10.1109/tvcg.2023.3326908""]"
I40120149,Ultrasound Volume Rendering & Segmentation,1,"[""10.1109/vast.2014.7042484""]"
I40120149,VIS Literature & Bibliometrics,1,"[""10.1109/tvcg.2023.3326923""]"
I40347166,Diffusion MRI & Tractography,2,"[""10.1109/tvcg.2009.177"", ""10.1109/tvcg.2013.181""]"
I40347166,Dimensionality Reduction & Multivariate Plots,7,"[""10.1109/tvcg.2010.199"", ""10.1109/tvcg.2014.2346325"", ""10.1109/tvcg.2018.2864907"", ""10.1109/tvcg.2023.3326516"", ""10.1109/tvcg.2023.3326907"", ""10.1109/tvcg.2024.3456343"", ""10.1109/tvcg.2024.3456402""]"
I40347166,VIS Literature & Bibliometrics,1,"[""10.1109/tvcg.2015.2467449""]"
I4092182,Diffusion MRI & Tractography,1,"[""10.1109/tvcg.2013.180""]"
I4092182,Dimensionality Reduction & Multivariate Plots,8,"[""10.1109/tvcg.2011.184"", ""10.1109/tvcg.2011.213"", ""10.1109/tvcg.2015.2467759"", ""10.1109/tvcg.2016.2598467"", ""10.1109/tvcg.2017.2744805"", ""10.1109/tvcg.2019.2934300"", ""10.1109/tvcg.2023.3326569"", ""10.1109/tvcg.2024.3456308""]"
I4092182,Flow Fields & CFD Visualization,5,"[""10.1109/tvcg.2013.154"", ""10.1109/tvcg.2014.2346752"", ""10.1109/tvcg.2015.2467553"", ""10.1109/tvcg.2023.3327398"", ""10.1109/vast50239.2020.00006""]"
I4092182,Meshes & Volume Rendering,2,"[""10.1109/tvcg.2017.2745181"", ""10.1109/vast47406.2019.8986940""]"
I4092182,Surgical Planning & Tomography,2,"[""10.1109/tvcg.2022.3209347"", ""10.1109/tvcg.2023.3327162""]"
I4092182,Time Series & Temporal Patterns,3,"[""10.1109/tvcg.2010.138"", ""10.1109/tvcg.2011.250"", ""10.1109/vast50239.2020.00015""]"
I4092182,Twitter & Social Media,1,"[""10.1109/infvis.2004.19""]"
I4092182,Ultrasound Volume Rendering & Segmentation,1,"[""10.1109/infvis.1995.528692""]"
I4092182,VIS Literature & Bibliometrics,2,"[""10.1109/tvcg.2011.183"", ""10.1109/tvcg.2021.3114797""]"
I4179309,Flow Fields & CFD Visualization,1,"[""10.1109/tvcg.2017.2743990""]"
I41833579,Meshes & Volume Rendering,1,"[""10.1109/tvcg.2006.155""]"
I4210085935,Dimensionality Reduction & Multivariate Plots,2,"[""10.1109/vast.2010.5652931"", ""10.1109/vast.2014.7042496""]"
I4210086933,Dimensionality Reduction & Multivariate Plots,1,"[""10.1109/tvcg.2019.2934280""]"
I4210087032,Dimensionality Reduction & Multivariate Plots,1,"[""10.1109/tvcg.2008.155""]"
I4210087032,Meshes & Volume Rendering,1,"[""10.1109/infvis.2002.1173155""]"
I4210087032,Surgical Planning & Tomography,1,"[""10.1109/tvcg.2019.2934595""]"
I4210087032,Time Series & Temporal Patterns,1,"[""10.1109/visual.1990.146402""]"
I4210087747,VIS Literature & Bibliometrics,1,"[""10.1109/visual.1998.745338""]"
I4210087915,Diffusion MRI & Tractography,1,"[""10.1109/visual.2001.964545""]"
I4210088322,Dimensionality Reduction & Multivariate Plots,1,"[""10.1109/tvcg.2017.2745958""]"
I4210088341,Dashboards & Infographics,1,"[""10.1109/vast.2015.7347624""]"
I4210088595,Dimensionality Reduction & Multivariate Plots,1,"[""10.1109/visual.1991.175835""]"
I4210088621,Twitter & Social Media,1,"[""10.1109/infvis.2004.19""]"
I4210088715,Meshes & Volume Rendering,1,"[""10.1109/visual.1998.745317""]"
I4210088792,Diffusion MRI & Tractography,1,"[""10.1109/visual.2001.964535""]"
I4210089608,Meshes & Volume Rendering,1,"[""10.1109/visual.2005.1532845""]"
I4210089612,Diffusion MRI & Tractography,1,"[""10.1109/visual.1992.235220""]"
I4210089980,Meshes & Volume Rendering,1,"[""10.1109/visual.2002.1183811""]"
I4210090485,VIS Literature & Bibliometrics,1,"[""10.1109/visual.1990.146398""]"
I4210090737,Meshes & Volume Rendering,1,"[""10.1109/visual.2004.55""]"
I4210090857,VIS Literature & Bibliometrics,1,"[""10.1109/visual.1993.398892""]"
I4210091137,Meshes & Volume Rendering,2,"[""10.1109/tvcg.2016.2598415"", ""10.1109/vast.2015.7347633""]"
I4210091159,Dimensionality Reduction & Multivariate Plots,1,"[""10.1109/vast.2008.4677354""]"
I4210091327,Dimensionality Reduction & Multivariate Plots,1,"[""10.1109/tvcg.2010.217""]"
I4210091341,Dimensionality Reduction & Multivariate Plots,1,"[""10.1109/tvcg.2016.2598587""]"
I4210091437,Time Series & Temporal Patterns,1,"[""10.1109/tvcg.2019.2934283""]"
I4210091615,Dimensionality Reduction & Multivariate Plots,1,"[""10.1109/visual.1998.745310""]"
I4210091772,VIS Literature & Bibliometrics,1,"[""10.1109/visual.1999.809920""]"
I4210091929,Meshes & Volume Rendering,1,"[""10.1109/tvcg.2016.2598789""]"
I4210092357,Dimensionality Reduction & Multivariate Plots,2,"[""10.1109/tvcg.2011.233"", ""10.1109/visual.1992.235218""]"
I4210092639,Dimensionality Reduction & Multivariate Plots,1,"[""10.1109/tvcg.2018.2864811""]"
I4210092658,Surgical Planning & Tomography,1,"[""10.1109/tvcg.2022.3209435""]"
I4210093282,Flow Fields & CFD Visualization,1,"[""10.1109/tvcg.2018.2864851""]"
I4210093996,VIS Literature & Bibliometrics,1,"[""10.1109/tvcg.2024.3456405""]"
I4210094059,Meshes & Volume Rendering,1,"[""10.1109/tvcg.2012.187""]"
I4210094759,VIS Literature & Bibliometrics,1,"[""10.1109/visual.1993.398900""]"
I4210094970,Surgical Planning & Tomography,1,"[""10.1109/tvcg.2021.3114812""]"
I4210095128,Flow Fields & CFD Visualization,1,"[""10.1109/tvcg.2016.2598619""]"
I4210095624,Meshes & Volume Rendering,1,"[""10.1109/tvcg.2018.2865021""]"
I4210095624,Surgical Planning & Tomography,1,"[""10.1109/tvcg.2020.3030467""]"
I4210095732,Dimensionality Reduction & Multivariate Plots,1,"[""10.1109/visual.2001.964518""]"
I4210096112,Dimensionality Reduction & Multivariate Plots,2,"[""10.1109/tvcg.2019.2934280"", ""10.1109/vast.2010.5652922""]"
I4210096500,Dimensionality Reduction & Multivariate Plots,1,"[""10.1109/tvcg.2019.2934310""]"
I4210097138,Meshes & Volume Rendering,1,"[""10.1109/tvcg.2006.189""]"
I4210097295,Dimensionality Reduction & Multivariate Plots,1,"[""10.1109/tvcg.2006.181""]"
I4210098034,Dimensionality Reduction & Multivariate Plots,1,"[""10.1109/tvcg.2019.2934805""]"
I4210098141,Dimensionality Reduction & Multivariate Plots,1,"[""10.1109/tvcg.2020.3030391""]"
I4210098606,Diffusion MRI & Tractography,2,"[""10.1109/tvcg.2008.147"", ""10.1109/tvcg.2009.115""]"
I4210098902,Flow Fields & CFD Visualization,1,"[""10.1109/tvcg.2014.2346403""]"
I4210098931,Flow Fields & CFD Visualization,1,"[""10.1109/tvcg.2016.2598518""]"
I4210099236,Dimensionality Reduction & Multivariate Plots,1,"[""10.1109/tvcg.2015.2467331""]"
I4210099236,Flow Fields & CFD Visualization,1,"[""10.1109/tvcg.2019.2934612""]"
I4210099236,Surgical Planning & Tomography,1,"[""10.1109/tvcg.2020.3030380""]"
I4210099236,VIS Literature & Bibliometrics,1,"[""10.1109/tvcg.2014.2346318""]"
I4210099593,Dimensionality Reduction & Multivariate Plots,3,"[""10.1109/tvcg.2006.195"", ""10.1109/tvcg.2012.208"", ""10.1109/visual.2000.885711""]"
I4210099974,Meshes & Volume Rendering,1,"[""10.1109/visual.1990.146416""]"
I4210099974,VIS Literature & Bibliometrics,1,"[""10.1109/visual.1991.175833""]"
I4210099988,Time Series & Temporal Patterns,1,"[""10.1109/vast.2009.5332628""]"
I4210100283,VIS Literature & Bibliometrics,1,"[""10.1109/vast.2014.7042488""]"
I4210100400,Dimensionality Reduction & Multivariate Plots,1,"[""10.1109/tvcg.2021.3114824""]"
I4210100430,Time Series & Temporal Patterns,1,"[""10.1109/tvcg.2019.2934307""]"
I4210100869,Dimensionality Reduction & Multivariate Plots,1,"[""10.1109/tvcg.2013.215""]"
I4210101327,Dimensionality Reduction & Multivariate Plots,2,"[""10.1109/tvcg.2024.3456364"", ""10.1109/visual.2001.964492""]"
I4210101327,VIS Literature & Bibliometrics,1,"[""10.1109/tvcg.2019.2934260""]"
I4210101455,Dimensionality Reduction & Multivariate Plots,1,"[""10.1109/tvcg.2009.149""]"
I4210101598,Dimensionality Reduction & Multivariate Plots,1,"[""10.1109/vast.2012.6400553""]"
I4210101743,Dimensionality Reduction & Multivariate Plots,2,"[""10.1109/infvis.2003.1249011"", ""10.1109/infvis.2004.47""]"
I4210101743,VIS Literature & Bibliometrics,1,"[""10.1109/vast.2014.7042488""]"
I4210101778,Surgical Planning & Tomography,1,"[""10.1109/tvcg.2020.3028888""]"
I4210102302,Flow Fields & CFD Visualization,2,"[""10.1109/tvcg.2022.3209411"", ""10.1109/tvcg.2024.3456401""]"
I4210102542,Meshes & Volume Rendering,1,"[""10.1109/visual.1992.235181""]"
I4210102902,Dimensionality Reduction & Multivariate Plots,1,"[""10.1109/tvcg.2021.3114868""]"
I4210102939,Dimensionality Reduction & Multivariate Plots,2,"[""10.1109/tvcg.2022.3209377"", ""10.1109/tvcg.2023.3326512""]"
I4210102957,Flow Fields & CFD Visualization,1,"[""10.1109/tvcg.2019.2934593""]"
I4210103820,Flow Fields & CFD Visualization,2,"[""10.1109/tvcg.2016.2598543"", ""10.1109/tvcg.2021.3114835""]"
I4210103820,Meshes & Volume Rendering,1,"[""10.1109/tvcg.2015.2467733""]"
I4210103986,Dimensionality Reduction & Multivariate Plots,3,"[""10.1109/tvcg.2019.2934670"", ""10.1109/tvcg.2020.3030458"", ""10.1109/tvcg.2021.3114875""]"
I4210103986,Meshes & Volume Rendering,1,"[""10.1109/tvcg.2022.3209430""]"
I4210104311,Dimensionality Reduction & Multivariate Plots,1,"[""10.1109/visual.2005.1532797""]"
I4210104475,Dimensionality Reduction & Multivariate Plots,1,"[""10.1109/visual.2000.885719""]"
I4210104684,Time Series & Temporal Patterns,1,"[""10.1109/tvcg.2022.3209464""]"
I4210104735,Dashboards & Infographics,1,"[""10.1109/tvcg.2022.3209473""]"
I4210104735,Dimensionality Reduction & Multivariate Plots,7,"[""10.1109/tvcg.2018.2865146"", ""10.1109/visual.1999.809919"", ""10.1109/visual.2001.964543"", ""10.1109/visual.2002.1183819"", ""10.1109/visual.2004.115"", ""10.1109/visual.2005.1532771"", ""10.1109/visual.2005.1532788""]"
I4210104735,Surgical Planning & Tomography,1,"[""10.1109/visual.1990.146390""]"
I4210104735,Ultrasound Volume Rendering & Segmentation,1,"[""10.1109/visual.1990.146419""]"
I4210104735,VIS Literature & Bibliometrics,3,"[""10.1109/tvcg.2007.70600"", ""10.1109/tvcg.2017.2743939"", ""10.1109/visual.1998.745343""]"
I4210104972,Time Series & Temporal Patterns,2,"[""10.1109/infvis.2005.1532138"", ""10.1109/tvcg.2015.2466992""]"
I4210105663,Dimensionality Reduction & Multivariate Plots,1,"[""10.1109/tvcg.2013.189""]"
I4210105990,Dimensionality Reduction & Multivariate Plots,1,"[""10.1109/tvcg.2020.3030399""]"
I4210106122,Flow Fields & CFD Visualization,1,"[""10.1109/tvcg.2022.3209453""]"
I4210106122,Surgical Planning & Tomography,1,"[""10.1109/tvcg.2023.3326575""]"
I4210106297,Meshes & Volume Rendering,1,"[""10.1109/visual.2002.1183818""]"
I4210106889,Twitter & Social Media,1,"[""10.1109/tvcg.2014.2346434""]"
I4210107053,Dimensionality Reduction & Multivariate Plots,1,"[""10.1109/visual.1991.175820""]"
I4210107558,Dimensionality Reduction & Multivariate Plots,1,"[""10.1109/visual.1994.346308""]"
I4210108629,Dimensionality Reduction & Multivariate Plots,1,"[""10.1109/tvcg.2024.3456338""]"
I4210108629,Flow Fields & CFD Visualization,1,"[""10.1109/tvcg.2021.3114761""]"
I4210108629,Surgical Planning & Tomography,1,"[""10.1109/tvcg.2020.3030461""]"
I4210108629,Time Series & Temporal Patterns,1,"[""10.1109/tvcg.2021.3114880""]"
I4210108711,Dimensionality Reduction & Multivariate Plots,2,"[""10.1109/visual.1992.235218"", ""10.1109/visual.1998.745311""]"
I4210108985,Meshes & Volume Rendering,2,"[""10.1109/visual.1993.398895"", ""10.1109/visual.1995.485150""]"
I4210109156,Meshes & Volume Rendering,1,"[""10.1109/tvcg.2018.2864508""]"
I4210109586,Dimensionality Reduction & Multivariate Plots,1,"[""10.1109/tvcg.2014.2346922""]"
I4210109586,Surgical Planning & Tomography,1,"[""10.1109/tvcg.2021.3114864""]"
I4210109712,Dashboards & Infographics,1,"[""10.1109/visual.2005.1532816""]"
I4210109712,Diffusion MRI & Tractography,2,"[""10.1109/tvcg.2007.70602"", ""10.1109/tvcg.2008.128""]"
I4210109712,Dimensionality Reduction & Multivariate Plots,3,"[""10.1109/tvcg.2006.165"", ""10.1109/visual.2001.964530"", ""10.1109/visual.2003.1250399""]"
I4210109712,Flow Fields & CFD Visualization,1,"[""10.1109/tvcg.2014.2346311""]"
I4210109712,Meshes & Volume Rendering,7,"[""10.1109/tvcg.2008.163"", ""10.1109/tvcg.2015.2467292"", ""10.1109/visual.2003.1250376"", ""10.1109/visual.2004.99"", ""10.1109/visual.2005.1532842"", ""10.1109/visual.2005.1532851"", ""10.1109/visual.2005.1532859""]"
I4210109712,Twitter & Social Media,1,"[""10.1109/tvcg.2014.2346432""]"
I4210110792,VIS Literature & Bibliometrics,1,"[""10.1109/visual.1999.809922""]"
I4210110975,Dimensionality Reduction & Multivariate Plots,2,"[""10.1109/tvcg.2017.2744322"", ""10.1109/tvcg.2018.2864811""]"
I4210110987,Flow Fields & CFD Visualization,1,"[""10.1109/visual.1991.175786""]"
I4210111179,Dimensionality Reduction & Multivariate Plots,2,"[""10.1109/tvcg.2021.3114679"", ""10.1109/tvcg.2022.3209467""]"
I4210111842,Diffusion MRI & Tractography,1,"[""10.1109/visual.1996.567745""]"
I4210112067,Flow Fields & CFD Visualization,1,"[""10.1109/tvcg.2013.146""]"
I4210112527,Dimensionality Reduction & Multivariate Plots,1,"[""10.1109/tvcg.2024.3456167""]"
I4210112925,Dimensionality Reduction & Multivariate Plots,1,"[""10.1109/visual.2001.964544""]"
I4210112998,Meshes & Volume Rendering,1,"[""10.1109/tvcg.2010.196""]"
I4210112998,Surgical Planning & Tomography,1,"[""10.1109/tvcg.2020.3030467""]"
I4210112998,VIS Literature & Bibliometrics,1,"[""10.1109/tvcg.2014.2346420""]"
I4210113003,Dimensionality Reduction & Multivariate Plots,1,"[""10.1109/scivis.2015.7429488""]"
I4210113003,Flow Fields & CFD Visualization,1,"[""10.1109/visual.1991.175786""]"
I4210113369,Dimensionality Reduction & Multivariate Plots,10,"[""10.1109/tvcg.2011.239"", ""10.1109/tvcg.2013.221"", ""10.1109/tvcg.2016.2598432"", ""10.1109/tvcg.2016.2598867"", ""10.1109/tvcg.2019.2934798"", ""10.1109/tvcg.2020.3030351"", ""10.1109/tvcg.2021.3114856"", ""10.1109/tvcg.2022.3209385"", ""10.1109/tvcg.2023.3327376"", ""10.1109/vast.2014.7042494""]"
I4210113369,Flow Fields & CFD Visualization,7,"[""10.1109/tvcg.2012.253"", ""10.1109/tvcg.2019.2934398"", ""10.1109/tvcg.2019.2934785"", ""10.1109/tvcg.2019.2934810"", ""10.1109/tvcg.2020.3030448"", ""10.1109/tvcg.2022.3209357"", ""10.1109/tvcg.2023.3326522""]"
I4210113369,Meshes & Volume Rendering,1,"[""10.1109/tvcg.2022.3209430""]"
I4210113369,Surgical Planning & Tomography,6,"[""10.1109/tvcg.2013.196"", ""10.1109/tvcg.2018.2864475"", ""10.1109/tvcg.2018.2865232"", ""10.1109/tvcg.2022.3209404"", ""10.1109/tvcg.2022.3209428"", ""10.1109/tvcg.2023.3327197""]"
I4210113369,Time Series & Temporal Patterns,1,"[""10.1109/tvcg.2017.2744738""]"
I4210113369,Twitter & Social Media,1,"[""10.1109/tvcg.2014.2346912""]"
I4210113495,Surgical Planning & Tomography,1,"[""10.1109/tvcg.2021.3114836""]"
I4210113652,Diffusion MRI & Tractography,1,"[""10.1109/tvcg.2010.195""]"
I4210113652,Dimensionality Reduction & Multivariate Plots,3,"[""10.1109/tvcg.2006.146"", ""10.1109/tvcg.2007.70518"", ""10.1109/tvcg.2018.2864816""]"
I4210113654,Diffusion MRI & Tractography,1,"[""10.1109/infvis.2004.21""]"
I4210114058,Flow Fields & CFD Visualization,1,"[""10.1109/tvcg.2020.3030386""]"
I4210114081,VIS Literature & Bibliometrics,1,"[""10.1109/tvcg.2022.3209472""]"
I4210114115,Dashboards & Infographics,1,"[""10.1109/visual.1991.175818""]"
I4210114115,Diffusion MRI & Tractography,1,"[""10.1109/visual.2002.1183777""]"
I4210114115,Dimensionality Reduction & Multivariate Plots,21,"[""10.1109/tvcg.2010.129"", ""10.1109/tvcg.2014.2346922"", ""10.1109/visual.1990.146371"", ""10.1109/visual.1993.398874"", ""10.1109/visual.1994.346322"", ""10.1109/visual.1995.480803"", ""10.1109/visual.1995.480821"", ""10.1109/visual.1997.663922"", ""10.1109/visual.1998.745299"", ""10.1109/visual.1998.745327"", ""10.1109/visual.1998.745330"", ""10.1109/visual.1999.809870"", ""10.1109/visual.2000.885700"", ""10.1109/visual.2000.885736"", ""10.1109/visual.2000.885739"", ""10.1109/visual.2000.885745"", ""10.1109/visual.2001.964510"", ""10.1109/visual.2002.1183807"", ""10.1109/visual.2002.1183817"", ""10.1109/visual.2002.1183827"", ""10.1109/visual.2003.1250416""]"
I4210114115,Flow Fields & CFD Visualization,3,"[""10.1109/visual.1991.175786"", ""10.1109/visual.1992.235179"", ""10.1109/visual.1999.809929""]"
I4210114115,Surgical Planning & Tomography,1,"[""10.1109/tvcg.2016.2598446""]"
I4210114115,Time Series & Temporal Patterns,3,"[""10.1109/tvcg.2011.188"", ""10.1109/tvcg.2016.2598920"", ""10.1109/visual.1991.175790""]"
I4210114115,VIS Literature & Bibliometrics,2,"[""10.1109/visual.1992.235204"", ""10.1109/visual.1992.235219""]"
I4210114521,Meshes & Volume Rendering,1,"[""10.1109/visual.1994.346310""]"
I4210115111,Time Series & Temporal Patterns,1,"[""10.1109/tvcg.2016.2598589""]"
I4210115485,Dimensionality Reduction & Multivariate Plots,2,"[""10.1109/tvcg.2012.220"", ""10.1109/tvcg.2018.2865141""]"
I4210115485,Meshes & Volume Rendering,3,"[""10.1109/tvcg.2012.217"", ""10.1109/tvcg.2013.192"", ""10.1109/tvcg.2016.2599217""]"
I4210115485,Surgical Planning & Tomography,1,"[""10.1109/tvcg.2012.262""]"
I4210115791,Dimensionality Reduction & Multivariate Plots,2,"[""10.1109/tvcg.2009.152"", ""10.1109/tvcg.2015.2467621""]"
I4210115859,Flow Fields & CFD Visualization,1,"[""10.1109/infvis.1995.528687""]"
I4210116233,Dimensionality Reduction & Multivariate Plots,1,"[""10.1109/vast.2012.6400556""]"
I4210116267,Dimensionality Reduction & Multivariate Plots,1,"[""10.1109/tvcg.2021.3114848""]"
I4210116319,Meshes & Volume Rendering,1,"[""10.1109/tvcg.2015.2467200""]"
I4210116376,Dimensionality Reduction & Multivariate Plots,1,"[""10.1109/tvcg.2015.2467931""]"
I4210116376,Time Series & Temporal Patterns,1,"[""10.1109/tvcg.2015.2467552""]"
I4210116730,Dashboards & Infographics,1,"[""10.1109/tvcg.2020.3030437""]"
I4210117238,Dimensionality Reduction & Multivariate Plots,1,"[""10.1109/scivis.2015.7429488""]"
I4210117453,Dimensionality Reduction & Multivariate Plots,2,"[""10.1109/tvcg.2019.2934402"", ""10.1109/tvcg.2021.3114840""]"
I4210117871,Dimensionality Reduction & Multivariate Plots,1,"[""10.1109/tvcg.2013.197""]"
I4210117871,Time Series & Temporal Patterns,1,"[""10.1109/tvcg.2013.160""]"
I4210118379,Dimensionality Reduction & Multivariate Plots,3,"[""10.1109/tvcg.2015.2467613"", ""10.1109/tvcg.2015.2467758"", ""10.1109/vast.2014.7042482""]"
I4210118524,Dimensionality Reduction & Multivariate Plots,1,"[""10.1109/tvcg.2019.2934790""]"
I4210118689,Meshes & Volume Rendering,1,"[""10.1109/tvcg.2011.168""]"
I4210119061,Dimensionality Reduction & Multivariate Plots,4,"[""10.1109/tvcg.2009.145"", ""10.1109/tvcg.2011.223"", ""10.1109/tvcg.2011.233"", ""10.1109/vast.2011.6102454""]"
I4210119061,Surgical Planning & Tomography,1,"[""10.1109/visual.2002.1183776""]"
I4210119109,Dashboards & Infographics,1,"[""10.1109/infvis.1996.559214""]"
I4210119109,Diffusion MRI & Tractography,3,"[""10.1109/visual.1991.175821"", ""10.1109/visual.1993.398869"", ""10.1109/visual.1998.745320""]"
I4210119109,Dimensionality Reduction & Multivariate Plots,3,"[""10.1109/infvis.1997.636786"", ""10.1109/infvis.1998.729569"", ""10.1109/visual.1998.745326""]"
I4210119109,Flow Fields & CFD Visualization,2,"[""10.1109/infvis.2002.1173147"", ""10.1109/visual.1999.809893""]"
I4210119109,Meshes & Volume Rendering,8,"[""10.1109/tvcg.2007.70593"", ""10.1109/tvcg.2008.182"", ""10.1109/tvcg.2009.147"", ""10.1109/tvcg.2012.242"", ""10.1109/visual.1994.346324"", ""10.1109/visual.1994.346330"", ""10.1109/visual.1995.480804"", ""10.1109/visual.1997.663876""]"
I4210119109,Twitter & Social Media,1,"[""10.1109/visual.1992.235222""]"
I4210119109,VIS Literature & Bibliometrics,1,"[""10.1109/visual.1990.146370""]"
I4210119257,Dimensionality Reduction & Multivariate Plots,1,"[""10.1109/tvcg.2014.2346922""]"
I4210119362,Dimensionality Reduction & Multivariate Plots,1,"[""10.1109/visual.1993.398847""]"
I4210119669,Dimensionality Reduction & Multivariate Plots,1,"[""10.1109/tvcg.2018.2865024""]"
I4210119712,Dimensionality Reduction & Multivariate Plots,1,"[""10.1109/tvcg.2010.217""]"
I4210120115,Dimensionality Reduction & Multivariate Plots,6,"[""10.1109/tvcg.2017.2745083"", ""10.1109/tvcg.2018.2864826"", ""10.1109/tvcg.2018.2865018"", ""10.1109/tvcg.2019.2934267"", ""10.1109/tvcg.2021.3114857"", ""10.1109/tvcg.2022.3209466""]"
I4210120115,Surgical Planning & Tomography,6,"[""10.1109/tvcg.2017.2744683"", ""10.1109/tvcg.2020.3030350"", ""10.1109/tvcg.2021.3114837"", ""10.1109/tvcg.2021.3114855"", ""10.1109/tvcg.2022.3209465"", ""10.1109/tvcg.2023.3326577""]"
I4210120115,Time Series & Temporal Patterns,1,"[""10.1109/tvcg.2019.2934433""]"
I4210120115,Ultrasound Volume Rendering & Segmentation,1,"[""10.1109/tvcg.2016.2598664""]"
I4210120727,VIS Literature & Bibliometrics,1,"[""10.1109/vast.2014.7042488""]"
I4210120900,Meshes & Volume Rendering,1,"[""10.1109/visual.2004.5""]"
I4210121405,Dimensionality Reduction & Multivariate Plots,1,"[""10.1109/visual.1997.663893""]"
I4210121445,Diffusion MRI & Tractography,1,"[""10.1109/tvcg.2009.183""]"
I4210121626,Meshes & Volume Rendering,1,"[""10.1109/tvcg.2007.70557""]"
I4210121838,Dimensionality Reduction & Multivariate Plots,3,"[""10.1109/tvcg.2009.201"", ""10.1109/visual.2001.964511"", ""10.1109/visual.2005.1532785""]"
I4210121844,Twitter & Social Media,1,"[""10.1109/visual.1991.175781""]"
I4210121988,Surgical Planning & Tomography,1,"[""10.1109/tvcg.2017.2744118""]"
I4210122684,Twitter & Social Media,1,"[""10.1109/infvis.1998.729567""]"
I4210122684,VIS Literature & Bibliometrics,1,"[""10.1109/visual.1997.663889""]"
I4210122731,Dimensionality Reduction & Multivariate Plots,2,"[""10.1109/visual.1992.235194"", ""10.1109/visual.1993.398856""]"
I4210122765,Dimensionality Reduction & Multivariate Plots,2,"[""10.1109/tvcg.2013.215"", ""10.1109/vast.2012.6400555""]"
I4210122849,Dimensionality Reduction & Multivariate Plots,5,"[""10.1109/tvcg.2006.158"", ""10.1109/tvcg.2007.70550"", ""10.1109/tvcg.2010.153"", ""10.1109/tvcg.2011.215"", ""10.1109/visual.2005.1532847""]"
I4210122954,Flow Fields & CFD Visualization,1,"[""10.1109/tvcg.2023.3326904""]"
I4210123171,Time Series & Temporal Patterns,1,"[""10.1109/tvcg.2015.2467324""]"
I4210123185,Dimensionality Reduction & Multivariate Plots,3,"[""10.1109/tvcg.2020.3030393"", ""10.1109/tvcg.2020.3030458"", ""10.1109/tvcg.2021.3114875""]"
I4210123185,Flow Fields & CFD Visualization,2,"[""10.1109/tvcg.2022.3209391"", ""10.1109/tvcg.2022.3209470""]"
I4210123185,Meshes & Volume Rendering,2,"[""10.1109/tvcg.2020.3030392"", ""10.1109/tvcg.2021.3114781""]"
I4210123185,Surgical Planning & Tomography,1,"[""10.1109/tvcg.2020.3030467""]"
I4210124175,Meshes & Volume Rendering,1,"[""10.1109/visual.1992.235181""]"
I4210124474,Dimensionality Reduction & Multivariate Plots,1,"[""10.1109/visual.1991.175780""]"
I4210124503,VIS Literature & Bibliometrics,1,"[""10.1109/tvcg.2021.3114797""]"
I4210124949,Twitter & Social Media,1,"[""10.1109/tvcg.2024.3456365""]"
I4210125099,VIS Literature & Bibliometrics,1,"[""10.1109/tvcg.2014.2346451""]"
I4210125647,Dimensionality Reduction & Multivariate Plots,1,"[""10.1109/tvcg.2009.186""]"
I4210125796,Dimensionality Reduction & Multivariate Plots,1,"[""10.1109/visual.1999.809912""]"
I4210125843,Dimensionality Reduction & Multivariate Plots,1,"[""10.1109/tvcg.2008.161""]"
I4210126298,Flow Fields & CFD Visualization,1,"[""10.1109/visual.1995.480793""]"
I4210126298,Meshes & Volume Rendering,1,"[""10.1109/infvis.2003.1249029""]"
I4210126360,Dimensionality Reduction & Multivariate Plots,1,"[""10.1109/tvcg.2022.3209426""]"
I4210126360,Flow Fields & CFD Visualization,2,"[""10.1109/tvcg.2024.3456319"", ""10.1109/tvcg.2024.3456335""]"
I4210126794,Dimensionality Reduction & Multivariate Plots,2,"[""10.1109/tvcg.2010.154"", ""10.1109/tvcg.2010.183""]"
I4210126846,Dimensionality Reduction & Multivariate Plots,1,"[""10.1109/visual.1999.809873""]"
I4210127074,Surgical Planning & Tomography,1,"[""10.1109/tvcg.2023.3326929""]"
I4210127166,VIS Literature & Bibliometrics,1,"[""10.1109/visual.1999.809922""]"
I4210127226,Meshes & Volume Rendering,1,"[""10.1109/tvcg.2008.126""]"
I4210127322,Flow Fields & CFD Visualization,1,"[""10.1109/tvcg.2023.3326525""]"
I4210127401,Flow Fields & CFD Visualization,1,"[""10.1109/visual.1992.235179""]"
I4210127646,Meshes & Volume Rendering,1,"[""10.1109/visual.2002.1183824""]"
I4210127843,Surgical Planning & Tomography,1,"[""10.1109/tvcg.2021.3114777""]"
I4210127875,Dimensionality Reduction & Multivariate Plots,6,"[""10.1109/tvcg.2006.154"", ""10.1109/tvcg.2007.70587"", ""10.1109/tvcg.2008.151"", ""10.1109/tvcg.2019.2934368"", ""10.1109/tvcg.2021.3114869"", ""10.1109/tvcg.2022.3209418""]"
I4210127902,Dimensionality Reduction & Multivariate Plots,1,"[""10.1109/tvcg.2008.130""]"
I4210128666,Dimensionality Reduction & Multivariate Plots,1,"[""10.1109/vast.2014.7042481""]"
I4210128818,Dimensionality Reduction & Multivariate Plots,3,"[""10.1109/tvcg.2016.2598472"", ""10.1109/tvcg.2021.3114789"", ""10.1109/tvcg.2023.3326932""]"
I4210128818,Meshes & Volume Rendering,1,"[""10.1109/tvcg.2019.2934367""]"
I4210129173,Meshes & Volume Rendering,1,"[""10.1109/visual.1997.663924""]"
I4210129730,Flow Fields & CFD Visualization,1,"[""10.1109/tvcg.2020.3028889""]"
I4210130048,Dimensionality Reduction & Multivariate Plots,1,"[""10.1109/visual.1991.175801""]"
I4210130112,Flow Fields & CFD Visualization,1,"[""10.1109/tvcg.2024.3456375""]"
I4210131230,Dimensionality Reduction & Multivariate Plots,1,"[""10.1109/visual.2003.1250397""]"
I4210131308,Flow Fields & CFD Visualization,1,"[""10.1109/tvcg.2006.115""]"
I4210131712,Dimensionality Reduction & Multivariate Plots,1,"[""10.1109/infvis.2003.1249010""]"
I4210131883,Diffusion MRI & Tractography,1,"[""10.1109/tvcg.2014.2346276""]"
I4210131883,Meshes & Volume Rendering,1,"[""10.1109/tvcg.2010.170""]"
I4210131986,Time Series & Temporal Patterns,1,"[""10.1109/tvcg.2015.2467324""]"
I4210132870,Meshes & Volume Rendering,1,"[""10.1109/visual.1991.175792""]"
I4210133125,Diffusion MRI & Tractography,1,"[""10.1109/infvis.1997.636778""]"
I4210133125,Meshes & Volume Rendering,1,"[""10.1109/visual.2002.1183811""]"
I4210133173,Surgical Planning & Tomography,1,"[""10.1109/tvcg.2020.3028888""]"
I4210133271,Ultrasound Volume Rendering & Segmentation,1,"[""10.1109/infvis.2002.1173149""]"
I4210133362,Meshes & Volume Rendering,1,"[""10.1109/visual.1993.398897""]"
I4210133369,VIS Literature & Bibliometrics,1,"[""10.1109/visual.2005.1532802""]"
I4210133934,Diffusion MRI & Tractography,1,"[""10.1109/visual.2005.1532855""]"
I4210133934,Dimensionality Reduction & Multivariate Plots,1,"[""10.1109/visual.2003.1250370""]"
I4210134051,Dimensionality Reduction & Multivariate Plots,1,"[""10.1109/tvcg.2014.2346746""]"
I4210134504,Dimensionality Reduction & Multivariate Plots,1,"[""10.1109/tvcg.2017.2744320""]"
I4210134512,Dimensionality Reduction & Multivariate Plots,2,"[""10.1109/visual.1994.346339"", ""10.1109/visual.1997.663883""]"
I4210134512,Twitter & Social Media,1,"[""10.1109/visual.2004.106""]"
I4210134512,Ultrasound Volume Rendering & Segmentation,1,"[""10.1109/tvcg.2018.2864844""]"
I4210134512,VIS Literature & Bibliometrics,1,"[""10.1109/visual.1997.663927""]"
I4210135180,Time Series & Temporal Patterns,1,"[""10.1109/tvcg.2023.3327185""]"
I4210135252,Meshes & Volume Rendering,2,"[""10.1109/visual.1995.480794"", ""10.1109/visual.1996.567796""]"
I4210135298,Surgical Planning & Tomography,1,"[""10.1109/visual.1992.235190""]"
I4210135397,Dimensionality Reduction & Multivariate Plots,3,"[""10.1109/infvis.1995.528681"", ""10.1109/visual.1995.480815"", ""10.1109/visual.2001.964489""]"
I4210135397,Meshes & Volume Rendering,1,"[""10.1109/visual.1999.809918""]"
I4210135439,Flow Fields & CFD Visualization,1,"[""10.1109/tvcg.2014.2352953""]"
I4210135640,Time Series & Temporal Patterns,1,"[""10.1109/tvcg.2022.3209464""]"
I4210135670,Flow Fields & CFD Visualization,1,"[""10.1109/tvcg.2019.2934289""]"
I4210135837,Dimensionality Reduction & Multivariate Plots,6,"[""10.1109/visual.1991.175810"", ""10.1109/visual.1992.235228"", ""10.1109/visual.1998.745336"", ""10.1109/visual.2001.964548"", ""10.1109/visual.2001.964564"", ""10.1109/visual.2005.1532791""]"
I4210135837,Flow Fields & CFD Visualization,1,"[""10.1109/visual.1994.346337""]"
I4210135837,Meshes & Volume Rendering,1,"[""10.1109/visual.2002.1183824""]"
I4210135837,VIS Literature & Bibliometrics,2,"[""10.1109/visual.1996.568145"", ""10.1109/visual.1997.663896""]"
I4210136249,Dashboards & Infographics,1,"[""10.1109/tvcg.2007.70598""]"
I4210136249,Diffusion MRI & Tractography,2,"[""10.1109/tvcg.2013.177"", ""10.1109/vast.2016.7883516""]"
I4210136249,Dimensionality Reduction & Multivariate Plots,4,"[""10.1109/tvcg.2010.214"", ""10.1109/tvcg.2011.228"", ""10.1109/tvcg.2014.2346321"", ""10.1109/tvcg.2018.2864510""]"
I4210136471,Flow Fields & CFD Visualization,1,"[""10.1109/tvcg.2015.2467293""]"
I4210136697,Meshes & Volume Rendering,1,"[""10.1109/tvcg.2010.157""]"
I4210136987,Flow Fields & CFD Visualization,1,"[""10.1109/tvcg.2022.3209411""]"
I4210137033,Dimensionality Reduction & Multivariate Plots,2,"[""10.1109/visual.1997.663865"", ""10.1109/visual.1998.745283""]"
I4210137046,Time Series & Temporal Patterns,1,"[""10.1109/infvis.2005.1532139""]"
I4210137298,Meshes & Volume Rendering,1,"[""10.1109/visual.2001.964496""]"
I4210137306,Dimensionality Reduction & Multivariate Plots,2,"[""10.1109/visual.2004.104"", ""10.1109/visual.2004.72""]"
I4210137693,Diffusion MRI & Tractography,1,"[""10.1109/tvcg.2010.195""]"
I4210137693,Dimensionality Reduction & Multivariate Plots,1,"[""10.1109/tvcg.2014.2346317""]"
I4210137873,Dimensionality Reduction & Multivariate Plots,3,"[""10.1109/tvcg.2011.207"", ""10.1109/visual.2001.964538"", ""10.1109/visual.2002.1183752""]"
I4210138167,Dashboards & Infographics,1,"[""10.1109/infvis.2000.885101""]"
I4210138199,VIS Literature & Bibliometrics,2,"[""10.1109/visual.1991.175784"", ""10.1109/visual.1993.398884""]"
I4210138311,Twitter & Social Media,1,"[""10.1109/tvcg.2021.3114819""]"
I4210138378,Dimensionality Reduction & Multivariate Plots,1,"[""10.1109/tvcg.2024.3456348""]"
I4210138378,Meshes & Volume Rendering,1,"[""10.1109/visual.1997.663912""]"
I4210138427,Meshes & Volume Rendering,1,"[""10.1109/visual.1992.235212""]"
I4210138551,Diffusion MRI & Tractography,1,"[""10.1109/visual.2002.1183763""]"
I4210138551,Dimensionality Reduction & Multivariate Plots,8,"[""10.1109/tvcg.2006.172"", ""10.1109/tvcg.2007.70569"", ""10.1109/tvcg.2011.217"", ""10.1109/tvcg.2011.243"", ""10.1109/tvcg.2012.202"", ""10.1109/tvcg.2014.2346406"", ""10.1109/tvcg.2016.2598795"", ""10.1109/tvcg.2023.3326574""]"
I4210138551,Flow Fields & CFD Visualization,1,"[""10.1109/tvcg.2017.2744686""]"
I4210138551,Meshes & Volume Rendering,3,"[""10.1109/tvcg.2008.163"", ""10.1109/tvcg.2010.169"", ""10.1109/tvcg.2024.3456384""]"
I4210138551,Surgical Planning & Tomography,1,"[""10.1109/tvcg.2016.2598603""]"
I4210138551,Time Series & Temporal Patterns,3,"[""10.1109/tvcg.2015.2467132"", ""10.1109/vast.2009.5332628"", ""10.1109/vast.2010.5652433""]"
I4210139350,Surgical Planning & Tomography,1,"[""10.1109/tvcg.2016.2598603""]"
I4210139483,Dimensionality Reduction & Multivariate Plots,1,"[""10.1109/tvcg.2010.160""]"
I4210140408,Diffusion MRI & Tractography,1,"[""10.1109/visual.2001.964553""]"
I4210141030,Dimensionality Reduction & Multivariate Plots,2,"[""10.1109/tvcg.2017.2745118"", ""10.1109/tvcg.2018.2864905""]"
I4210141030,Meshes & Volume Rendering,1,"[""10.1109/tvcg.2015.2467733""]"
I4210141176,Meshes & Volume Rendering,2,"[""10.1109/tvcg.2012.242"", ""10.1109/tvcg.2014.2346425""]"
I4210141255,Meshes & Volume Rendering,1,"[""10.1109/visual.1994.346310""]"
I4210141311,Meshes & Volume Rendering,1,"[""10.1109/visual.1996.568136""]"
I4210141421,Dimensionality Reduction & Multivariate Plots,1,"[""10.1109/tvcg.2021.3114821""]"
I4210141702,Dimensionality Reduction & Multivariate Plots,1,"[""10.1109/infvis.2005.1532137""]"
I4210142140,Surgical Planning & Tomography,1,"[""10.1109/tvcg.2017.2744118""]"
I4210142254,Dimensionality Reduction & Multivariate Plots,1,"[""10.1109/infvis.2003.1249011""]"
I4210142254,Flow Fields & CFD Visualization,1,"[""10.1109/tvcg.2023.3327402""]"
I4210142254,Time Series & Temporal Patterns,1,"[""10.1109/tvcg.2023.3326596""]"
I4210142372,Diffusion MRI & Tractography,2,"[""10.1109/infvis.2002.1173148"", ""10.1109/visual.2003.1250424""]"
I4210142372,Dimensionality Reduction & Multivariate Plots,1,"[""10.1109/tvcg.2007.70621""]"
I4210142372,Surgical Planning & Tomography,1,"[""10.1109/infvis.2004.8""]"
I4210142429,Meshes & Volume Rendering,1,"[""10.1109/tvcg.2014.2346911""]"
I4210142721,Surgical Planning & Tomography,1,"[""10.1109/tvcg.2020.3030354""]"
I4210143137,Dimensionality Reduction & Multivariate Plots,1,"[""10.1109/tvcg.2020.3028893""]"
I4210143490,Dashboards & Infographics,1,"[""10.1109/tvcg.2016.2599043""]"
I4210143490,Dimensionality Reduction & Multivariate Plots,1,"[""10.1109/tvcg.2008.116""]"
I4210143601,Surgical Planning & Tomography,1,"[""10.1109/tvcg.2019.2934631""]"
I4210143841,Dimensionality Reduction & Multivariate Plots,1,"[""10.1109/tvcg.2022.3209439""]"
I4210144062,Dimensionality Reduction & Multivariate Plots,1,"[""10.1109/tvcg.2011.192""]"
I4210144576,Dimensionality Reduction & Multivariate Plots,9,"[""10.1109/tvcg.2011.181"", ""10.1109/tvcg.2017.2744322"", ""10.1109/tvcg.2019.2934609"", ""10.1109/tvcg.2020.3030411"", ""10.1109/vast.2007.4388995"", ""10.1109/vast.2008.4677356"", ""10.1109/vast.2009.5332584"", ""10.1109/vast.2010.5652478"", ""10.1109/vast.2011.6102454""]"
I4210144576,Meshes & Volume Rendering,1,"[""10.1109/tvcg.2017.2745181""]"
I4210144804,Dimensionality Reduction & Multivariate Plots,7,"[""10.1109/infvis.2004.1"", ""10.1109/infvis.2004.64"", ""10.1109/tvcg.2011.160"", ""10.1109/tvcg.2014.2346426"", ""10.1109/tvcg.2019.2934807"", ""10.1109/tvcg.2020.3030476"", ""10.1109/vast.2007.4389013""]"
I4210144804,Flow Fields & CFD Visualization,3,"[""10.1109/tvcg.2013.163"", ""10.1109/tvcg.2018.2865077"", ""10.1109/tvcg.2021.3114805""]"
I4210144804,Time Series & Temporal Patterns,1,"[""10.1109/tvcg.2017.2745138""]"
I4210144839,Dimensionality Reduction & Multivariate Plots,1,"[""10.1109/tvcg.2021.3114848""]"
I4210144839,Meshes & Volume Rendering,1,"[""10.1109/tvcg.2021.3114788""]"
I4210144839,Time Series & Temporal Patterns,1,"[""10.1109/tvcg.2023.3327187""]"
I4210145387,Dimensionality Reduction & Multivariate Plots,1,"[""10.1109/vast.2006.261417""]"
I4210145671,Diffusion MRI & Tractography,1,"[""10.1109/tvcg.2014.2346351""]"
I4210145671,Dimensionality Reduction & Multivariate Plots,1,"[""10.1109/tvcg.2008.120""]"
I4210145761,Dimensionality Reduction & Multivariate Plots,5,"[""10.1109/scivis.2015.7429488"", ""10.1109/tvcg.2020.3030338"", ""10.1109/tvcg.2020.3030393"", ""10.1109/tvcg.2020.3030410"", ""10.1109/tvcg.2020.3030469""]"
I4210145761,Surgical Planning & Tomography,1,"[""10.1109/tvcg.2019.2934332""]"
I4210145761,Time Series & Temporal Patterns,1,"[""10.1109/tvcg.2018.2865266""]"
I4210145761,Ultrasound Volume Rendering & Segmentation,1,"[""10.1109/vast.2010.5652467""]"
I4210145865,Dimensionality Reduction & Multivariate Plots,2,"[""10.1109/visual.1994.346334"", ""10.1109/visual.1996.568123""]"
I4210145865,Meshes & Volume Rendering,1,"[""10.1109/visual.1992.235213""]"
I4210146710,Surgical Planning & Tomography,1,"[""10.1109/tvcg.2009.164""]"
I4210146756,Dimensionality Reduction & Multivariate Plots,2,"[""10.1109/tvcg.2023.3326523"", ""10.1109/tvcg.2023.3326574""]"
I4210147894,Time Series & Temporal Patterns,1,"[""10.1109/tvcg.2014.2346292""]"
I4210150049,Meshes & Volume Rendering,1,"[""10.1109/tvcg.2006.189""]"
I4210150103,Dimensionality Reduction & Multivariate Plots,1,"[""10.1109/visual.1998.745293""]"
I4210150121,Dimensionality Reduction & Multivariate Plots,1,"[""10.1109/tvcg.2024.3456361""]"
I4210150252,Dimensionality Reduction & Multivariate Plots,1,"[""10.1109/tvcg.2009.198""]"
I4210150358,Dimensionality Reduction & Multivariate Plots,2,"[""10.1109/tvcg.2017.2744298"", ""10.1109/tvcg.2018.2865233""]"
I4210150358,Flow Fields & CFD Visualization,1,"[""10.1109/tvcg.2021.3114844""]"
I4210150358,Time Series & Temporal Patterns,1,"[""10.1109/tvcg.2019.2934283""]"
I4210150884,Dimensionality Reduction & Multivariate Plots,2,"[""10.1109/visual.1993.398903"", ""10.1109/visual.2002.1183768""]"
I4210150884,Meshes & Volume Rendering,1,"[""10.1109/visual.2005.1532832""]"
I4210151080,VIS Literature & Bibliometrics,1,"[""10.1109/tvcg.2012.190""]"
I4210151352,Dimensionality Reduction & Multivariate Plots,3,"[""10.1109/visual.1998.745336"", ""10.1109/visual.2001.964548"", ""10.1109/visual.2001.964564""]"
I4210151375,Twitter & Social Media,1,"[""10.1109/vast.2007.4388998""]"
I4210151791,Dimensionality Reduction & Multivariate Plots,1,"[""10.1109/tvcg.2017.2744479""]"
I4210151791,Flow Fields & CFD Visualization,1,"[""10.1109/tvcg.2014.2346753""]"
I4210151938,Meshes & Volume Rendering,2,"[""10.1109/tvcg.2017.2744079"", ""10.1109/tvcg.2020.3030363""]"
I4210151956,Meshes & Volume Rendering,1,"[""10.1109/tvcg.2008.126""]"
I4210152224,Meshes & Volume Rendering,1,"[""10.1109/visual.1998.745304""]"
I4210152422,Dimensionality Reduction & Multivariate Plots,4,"[""10.1109/tvcg.2009.145"", ""10.1109/tvcg.2011.223"", ""10.1109/tvcg.2011.233"", ""10.1109/vast.2011.6102454""]"
I4210152878,Flow Fields & CFD Visualization,2,"[""10.1109/tvcg.2012.191"", ""10.1109/tvcg.2017.2744686""]"
I4210152878,VIS Literature & Bibliometrics,2,"[""10.1109/tvcg.2012.190"", ""10.1109/tvcg.2014.2346751""]"
I4210153043,Flow Fields & CFD Visualization,1,"[""10.1109/visual.1995.480793""]"
I4210153043,Meshes & Volume Rendering,1,"[""10.1109/infvis.2003.1249029""]"
I4210153148,VIS Literature & Bibliometrics,1,"[""10.1109/visual.1996.568145""]"
I4210153212,Dimensionality Reduction & Multivariate Plots,1,"[""10.1109/tvcg.2015.2467194""]"
I4210153395,Dimensionality Reduction & Multivariate Plots,1,"[""10.1109/tvcg.2007.70576""]"
I4210153694,Meshes & Volume Rendering,1,"[""10.1109/visual.1990.146360""]"
I4210153902,Dimensionality Reduction & Multivariate Plots,1,"[""10.1109/tvcg.2014.2346405""]"
I4210154378,Surgical Planning & Tomography,1,"[""10.1109/tvcg.2012.262""]"
I4210155092,Meshes & Volume Rendering,1,"[""10.1109/tvcg.2019.2934367""]"
I4210155092,VIS Literature & Bibliometrics,1,"[""10.1109/tvcg.2013.178""]"
I4210155236,Dimensionality Reduction & Multivariate Plots,1,"[""10.1109/visual.1997.663865""]"
I4210155419,Dimensionality Reduction & Multivariate Plots,2,"[""10.1109/tvcg.2019.2934547"", ""10.1109/tvcg.2021.3114786""]"
I4210156081,Meshes & Volume Rendering,1,"[""10.1109/tvcg.2010.133""]"
I4210156221,Dimensionality Reduction & Multivariate Plots,1,"[""10.1109/vast.2017.8585733""]"
I4210156517,Dimensionality Reduction & Multivariate Plots,1,"[""10.1109/visual.2005.1532776""]"
I4210156583,Diffusion MRI & Tractography,1,"[""10.1109/infvis.2003.1249019""]"
I4210156583,Dimensionality Reduction & Multivariate Plots,1,"[""10.1109/tvcg.2016.2598620""]"
I4210156583,Flow Fields & CFD Visualization,1,"[""10.1109/tvcg.2019.2934556""]"
I4210156583,Meshes & Volume Rendering,1,"[""10.1109/tvcg.2006.199""]"
I4210156768,VIS Literature & Bibliometrics,1,"[""10.1109/tvcg.2021.3114797""]"
I4210156936,Dimensionality Reduction & Multivariate Plots,3,"[""10.1109/vast.2009.5333443"", ""10.1109/vast.2011.6102441"", ""10.1109/vast.2011.6102443""]"
I4210156936,Twitter & Social Media,1,"[""10.1109/vast.2009.5333023""]"
I4210158283,Dimensionality Reduction & Multivariate Plots,1,"[""10.1109/infvis.1998.729563""]"
I4210158342,Dimensionality Reduction & Multivariate Plots,1,"[""10.1109/tvcg.2018.2864850""]"
I4210158342,Meshes & Volume Rendering,1,"[""10.1109/scivis.2015.7429492""]"
I4210158342,Twitter & Social Media,1,"[""10.1109/visual.2004.106""]"
I4210158342,VIS Literature & Bibliometrics,1,"[""10.1109/tvcg.2016.2599041""]"
I4210158876,Dimensionality Reduction & Multivariate Plots,1,"[""10.1109/tvcg.2022.3209403""]"
I4210158984,Meshes & Volume Rendering,1,"[""10.1109/tvcg.2014.2346418""]"
I4210158984,Surgical Planning & Tomography,1,"[""10.1109/tvcg.2023.3327162""]"
I4210159102,Dimensionality Reduction & Multivariate Plots,1,"[""10.1109/tvcg.2019.2934275""]"
I4210159266,Dimensionality Reduction & Multivariate Plots,3,"[""10.1109/tvcg.2007.70621"", ""10.1109/visual.1999.809888"", ""10.1109/visual.2005.1532827""]"
I4210159266,Surgical Planning & Tomography,1,"[""10.1109/visual.1997.663900""]"
I4210159476,Meshes & Volume Rendering,1,"[""10.1109/visual.1992.235196""]"
I4210159731,Flow Fields & CFD Visualization,1,"[""10.1109/tvcg.2018.2865077""]"
I4210159731,Twitter & Social Media,2,"[""10.1109/tvcg.2018.2864432"", ""10.1109/tvcg.2019.2934256""]"
I4210159854,Dimensionality Reduction & Multivariate Plots,1,"[""10.1109/tvcg.2011.248""]"
I4210159895,Ultrasound Volume Rendering & Segmentation,1,"[""10.1109/infvis.2002.1173149""]"
I4210160189,Dimensionality Reduction & Multivariate Plots,4,"[""10.1109/tvcg.2009.145"", ""10.1109/tvcg.2011.223"", ""10.1109/tvcg.2011.233"", ""10.1109/vast.2011.6102454""]"
I4210160189,Flow Fields & CFD Visualization,1,"[""10.1109/tvcg.2023.3327402""]"
I4210160189,Time Series & Temporal Patterns,1,"[""10.1109/tvcg.2023.3326596""]"
I4210160384,Meshes & Volume Rendering,1,"[""10.1109/tvcg.2015.2467911""]"
I4210160447,Meshes & Volume Rendering,1,"[""10.1109/tvcg.2016.2598789""]"
I4210160447,Surgical Planning & Tomography,1,"[""10.1109/tvcg.2018.2864836""]"
I4210160447,Time Series & Temporal Patterns,1,"[""10.1109/tvcg.2018.2865241""]"
I4210160527,VIS Literature & Bibliometrics,1,"[""10.1109/tvcg.2012.239""]"
I4210160608,Dimensionality Reduction & Multivariate Plots,1,"[""10.1109/tvcg.2009.198""]"
I4210160618,Dimensionality Reduction & Multivariate Plots,1,"[""10.1109/tvcg.2015.2468151""]"
I4210160939,Dimensionality Reduction & Multivariate Plots,2,"[""10.1109/vast.2006.261427"", ""10.1109/vast.2008.4677355""]"
I4210160939,Surgical Planning & Tomography,1,"[""10.1109/vast.2007.4388992""]"
I4210161630,VIS Literature & Bibliometrics,1,"[""10.1109/visual.1990.146397""]"
I4210161634,Dimensionality Reduction & Multivariate Plots,1,"[""10.1109/tvcg.2016.2598467""]"
I4210161634,Flow Fields & CFD Visualization,1,"[""10.1109/tvcg.2015.2467851""]"
I4210161785,Dimensionality Reduction & Multivariate Plots,2,"[""10.1109/tvcg.2019.2934432"", ""10.1109/tvcg.2019.2934654""]"
I4210161853,Dimensionality Reduction & Multivariate Plots,1,"[""10.1109/visual.2003.1250406""]"
I4210161853,Meshes & Volume Rendering,1,"[""10.1109/visual.1994.346299""]"
I4210162195,Diffusion MRI & Tractography,1,"[""10.1109/tvcg.2009.137""]"
I4210162323,Dimensionality Reduction & Multivariate Plots,1,"[""10.1109/infvis.2003.1249021""]"
I4210162505,Diffusion MRI & Tractography,1,"[""10.1109/visual.2001.964515""]"
I4210163178,Dimensionality Reduction & Multivariate Plots,1,"[""10.1109/tvcg.2017.2744418""]"
I4210163460,Time Series & Temporal Patterns,1,"[""10.1109/visual.1990.146387""]"
I4210163586,Flow Fields & CFD Visualization,1,"[""10.1109/visual.1992.235179""]"
I4210163771,Dimensionality Reduction & Multivariate Plots,12,"[""10.1109/tvcg.2007.70594"", ""10.1109/tvcg.2008.137"", ""10.1109/tvcg.2014.2346320"", ""10.1109/tvcg.2015.2467471"", ""10.1109/tvcg.2017.2744319"", ""10.1109/tvcg.2018.2864889"", ""10.1109/tvcg.2018.2864907"", ""10.1109/tvcg.2021.3114792"", ""10.1109/tvcg.2021.3114823"", ""10.1109/tvcg.2022.3209383"", ""10.1109/tvcg.2022.3209456"", ""10.1109/tvcg.2023.3327150""]"
I4210163771,Flow Fields & CFD Visualization,8,"[""10.1109/tvcg.2015.2467191"", ""10.1109/tvcg.2016.2598466"", ""10.1109/tvcg.2017.2744684"", ""10.1109/tvcg.2018.2864903"", ""10.1109/tvcg.2020.3030424"", ""10.1109/tvcg.2023.3327158"", ""10.1109/tvcg.2024.3456601"", ""10.1109/vast47406.2019.8986918""]"
I4210163771,Surgical Planning & Tomography,1,"[""10.1109/tvcg.2023.3326520""]"
I4210163771,Time Series & Temporal Patterns,2,"[""10.1109/tvcg.2015.2467323"", ""10.1109/tvcg.2019.2934796""]"
I4210163771,Twitter & Social Media,1,"[""10.1109/tvcg.2020.3030387""]"
I4210163870,Dimensionality Reduction & Multivariate Plots,1,"[""10.1109/tvcg.2010.202""]"
I4210164234,Surgical Planning & Tomography,1,"[""10.1109/visual.1997.663878""]"
I4210164339,Flow Fields & CFD Visualization,1,"[""10.1109/tvcg.2015.2467831""]"
I4210164736,Meshes & Volume Rendering,1,"[""10.1109/visual.2004.121""]"
I4210164937,Diffusion MRI & Tractography,1,"[""10.1109/tvcg.2017.2744080""]"
I4210164937,Dimensionality Reduction & Multivariate Plots,9,"[""10.1109/infvis.1999.801869"", ""10.1109/tvcg.2010.222"", ""10.1109/tvcg.2015.2467554"", ""10.1109/tvcg.2016.2598465"", ""10.1109/tvcg.2016.2598609"", ""10.1109/tvcg.2018.2865158"", ""10.1109/tvcg.2018.2865191"", ""10.1109/vast.2015.7347637"", ""10.1109/vast.2016.7883511""]"
I4210164937,Flow Fields & CFD Visualization,5,"[""10.1109/tvcg.2016.2598444"", ""10.1109/tvcg.2017.2745180"", ""10.1109/tvcg.2019.2934783"", ""10.1109/tvcg.2020.3030435"", ""10.1109/vast50239.2020.00007""]"
I4210164937,Meshes & Volume Rendering,1,"[""10.1109/visual.2004.120""]"
I4210164937,Surgical Planning & Tomography,6,"[""10.1109/tvcg.2016.2598647"", ""10.1109/tvcg.2016.2598828"", ""10.1109/tvcg.2017.2744378"", ""10.1109/tvcg.2018.2864899"", ""10.1109/tvcg.2019.2934281"", ""10.1109/tvcg.2020.3030423""]"
I4210164937,Time Series & Temporal Patterns,1,"[""10.1109/tvcg.2011.186""]"
I4210164937,Twitter & Social Media,2,"[""10.1109/tvcg.2006.142"", ""10.1109/tvcg.2012.252""]"
I4210164937,Ultrasound Volume Rendering & Segmentation,1,"[""10.1109/tvcg.2019.2934613""]"
I4210164942,Diffusion MRI & Tractography,1,"[""10.1109/tvcg.2018.2864491""]"
I4210164942,Dimensionality Reduction & Multivariate Plots,1,"[""10.1109/tvcg.2017.2744518""]"
I4210165024,Flow Fields & CFD Visualization,1,"[""10.1109/tvcg.2008.117""]"
I4210165038,Dimensionality Reduction & Multivariate Plots,3,"[""10.1109/tvcg.2020.3030338"", ""10.1109/tvcg.2021.3114789"", ""10.1109/tvcg.2023.3326932""]"
I4210165734,Meshes & Volume Rendering,1,"[""10.1109/tvcg.2014.2346418""]"
I4210165912,Dimensionality Reduction & Multivariate Plots,3,"[""10.1109/tvcg.2015.2467035"", ""10.1109/tvcg.2017.2745958"", ""10.1109/tvcg.2019.2934790""]"
I4210165912,Flow Fields & CFD Visualization,2,"[""10.1109/tvcg.2015.2467201"", ""10.1109/tvcg.2019.2934593""]"
I4210165912,Twitter & Social Media,1,"[""10.1109/tvcg.2014.2346434""]"
I4210166048,Flow Fields & CFD Visualization,1,"[""10.1109/tvcg.2015.2467612""]"
I4210166784,Flow Fields & CFD Visualization,1,"[""10.1109/tvcg.2015.2467201""]"
I4210166784,Time Series & Temporal Patterns,1,"[""10.1109/tvcg.2014.2346984""]"
I4210167018,VIS Literature & Bibliometrics,1,"[""10.1109/tvcg.2014.2346424""]"
I4210167249,Ultrasound Volume Rendering & Segmentation,1,"[""10.1109/visual.2001.964541""]"
I4210167297,Diffusion MRI & Tractography,1,"[""10.1109/infvis.2005.1532145""]"
I4210167297,Dimensionality Reduction & Multivariate Plots,3,"[""10.1109/infvis.2005.1532122"", ""10.1109/tvcg.2009.108"", ""10.1109/visual.2002.1183817""]"
I4210167330,Flow Fields & CFD Visualization,1,"[""10.1109/tvcg.2020.3030415""]"
I42894916,Diffusion MRI & Tractography,1,"[""10.1109/tvcg.2009.120""]"
I42894916,Dimensionality Reduction & Multivariate Plots,2,"[""10.1109/tvcg.2008.130"", ""10.1109/tvcg.2017.2744418""]"
I43439940,Dimensionality Reduction & Multivariate Plots,1,"[""10.1109/visual.1999.809927""]"
I43522216,Time Series & Temporal Patterns,1,"[""10.1109/tvcg.2023.3327149""]"
I43579087,Twitter & Social Media,1,"[""10.1109/tvcg.2006.111""]"
I4387152369,Dimensionality Reduction & Multivariate Plots,1,"[""10.1109/tvcg.2021.3114821""]"
I4387152675,Dimensionality Reduction & Multivariate Plots,1,"[""10.1109/tvcg.2017.2744321""]"
I4387152675,Flow Fields & CFD Visualization,1,"[""10.1109/tvcg.2020.3030376""]"
I4387152675,Twitter & Social Media,2,"[""10.1109/tvcg.2014.2346447"", ""10.1109/tvcg.2023.3326526""]"
I4387153087,Flow Fields & CFD Visualization,1,"[""10.1109/tvcg.2019.2934593""]"
I4387153702,Diffusion MRI & Tractography,1,"[""10.1109/tvcg.2009.183""]"
I4387153937,Dimensionality Reduction & Multivariate Plots,4,"[""10.1109/tvcg.2016.2598795"", ""10.1109/tvcg.2016.2598826"", ""10.1109/tvcg.2019.2934337"", ""10.1109/tvcg.2020.3030388""]"
I4387153937,Surgical Planning & Tomography,1,"[""10.1109/tvcg.2016.2598603""]"
I4387154582,Dimensionality Reduction & Multivariate Plots,1,"[""10.1109/tvcg.2006.177""]"
I4388446366,Dimensionality Reduction & Multivariate Plots,1,"[""10.1109/tvcg.2024.3456182""]"
I4388482740,Dimensionality Reduction & Multivariate Plots,1,"[""10.1109/vast47406.2019.8986922""]"
I4388482754,Meshes & Volume Rendering,1,"[""10.1109/visual.1992.235212""]"
I4388891828,Meshes & Volume Rendering,3,"[""10.1109/tvcg.2007.70610"", ""10.1109/tvcg.2008.146"", ""10.1109/tvcg.2014.2346911""]"
I4388891828,VIS Literature & Bibliometrics,1,"[""10.1109/tvcg.2016.2599041""]"
I4389425429,VIS Literature & Bibliometrics,1,"[""10.1109/visual.1992.235173""]"
I4389425457,Meshes & Volume Rendering,1,"[""10.1109/tvcg.2024.3456355""]"
I4389425457,Twitter & Social Media,1,"[""10.1109/tvcg.2024.3456345""]"
I4390039265,Dimensionality Reduction & Multivariate Plots,1,"[""10.1109/tvcg.2014.2346898""]"
I4390039371,Dimensionality Reduction & Multivariate Plots,1,"[""10.1109/tvcg.2018.2865023""]"
I4391767840,Dimensionality Reduction & Multivariate Plots,1,"[""10.1109/visual.1998.745303""]"
I4391767926,Flow Fields & CFD Visualization,1,"[""10.1109/tvcg.2009.158""]"
I4391767926,Meshes & Volume Rendering,1,"[""10.1109/tvcg.2009.173""]"
I4391767926,VIS Literature & Bibliometrics,1,"[""10.1109/tvcg.2007.70600""]"
I4394709130,Dimensionality Reduction & Multivariate Plots,1,"[""10.1109/vast.2007.4388993""]"
I4394709130,Surgical Planning & Tomography,1,"[""10.1109/vast.2017.8585720""]"
I4399598377,Diffusion MRI & Tractography,1,"[""10.1109/tvcg.2017.2744078""]"
I4399598381,Dashboards & Infographics,1,"[""10.1109/visual.1991.175776""]"
I4400600974,Flow Fields & CFD Visualization,2,"[""10.1109/tvcg.2013.154"", ""10.1109/tvcg.2014.2346752""]"
I4401726748,Dimensionality Reduction & Multivariate Plots,1,"[""10.1109/visual.1999.809925""]"
I4401726859,Time Series & Temporal Patterns,1,"[""10.1109/tvcg.2023.3326934""]"
I44202434,Dimensionality Reduction & Multivariate Plots,1,"[""10.1109/tvcg.2022.3209477""]"
I4432739,Diffusion MRI & Tractography,5,"[""10.1109/tvcg.2011.173"", ""10.1109/tvcg.2012.188"", ""10.1109/tvcg.2016.2599211"", ""10.1109/tvcg.2017.2744438"", ""10.1109/tvcg.2018.2864656""]"
I4432739,Dimensionality Reduction & Multivariate Plots,19,"[""10.1109/tvcg.2007.70569"", ""10.1109/tvcg.2008.139"", ""10.1109/tvcg.2008.145"", ""10.1109/tvcg.2009.136"", ""10.1109/tvcg.2009.155"", ""10.1109/tvcg.2010.171"", ""10.1109/tvcg.2013.184"", ""10.1109/tvcg.2013.213"", ""10.1109/tvcg.2013.215"", ""10.1109/tvcg.2014.2346265"", ""10.1109/tvcg.2014.2346321"", ""10.1109/tvcg.2014.2346744"", ""10.1109/tvcg.2015.2467331"", ""10.1109/tvcg.2016.2598826"", ""10.1109/tvcg.2020.3030389"", ""10.1109/tvcg.2022.3209478"", ""10.1109/tvcg.2024.3456356"", ""10.1109/vast.2014.7042491"", ""10.1109/vast.2015.7347635""]"
I4432739,Flow Fields & CFD Visualization,9,"[""10.1109/tvcg.2007.70517"", ""10.1109/tvcg.2013.158"", ""10.1109/tvcg.2015.2467434"", ""10.1109/tvcg.2016.2598602"", ""10.1109/tvcg.2019.2934258"", ""10.1109/tvcg.2019.2934333"", ""10.1109/tvcg.2021.3114860"", ""10.1109/tvcg.2022.3209411"", ""10.1109/tvcg.2024.3456327""]"
I4432739,Meshes & Volume Rendering,2,"[""10.1109/tvcg.2011.235"", ""10.1109/tvcg.2012.243""]"
I4432739,Surgical Planning & Tomography,1,"[""10.1109/tvcg.2014.2346660""]"
I4432739,Time Series & Temporal Patterns,5,"[""10.1109/tvcg.2008.144"", ""10.1109/tvcg.2011.178"", ""10.1109/tvcg.2012.256"", ""10.1109/tvcg.2016.2598470"", ""10.1109/tvcg.2016.2598870""]"
I4432739,VIS Literature & Bibliometrics,1,"[""10.1109/tvcg.2014.2346318""]"
I44461941,Dimensionality Reduction & Multivariate Plots,1,"[""10.1109/tvcg.2018.2864827""]"
I44461941,Meshes & Volume Rendering,4,"[""10.1109/tvcg.2018.2864817"", ""10.1109/tvcg.2020.3028892"", ""10.1109/tvcg.2023.3326603"", ""10.1109/visual.2000.885725""]"
I44504214,Diffusion MRI & Tractography,1,"[""10.1109/tvcg.2018.2864491""]"
I44504214,Dimensionality Reduction & Multivariate Plots,2,"[""10.1109/tvcg.2008.176"", ""10.1109/tvcg.2021.3114854""]"
I44504214,Surgical Planning & Tomography,1,"[""10.1109/tvcg.2020.3030383""]"
I44854399,Diffusion MRI & Tractography,1,"[""10.1109/tvcg.2012.216""]"
I44896327,Diffusion MRI & Tractography,2,"[""10.1109/visual.1990.146376"", ""10.1109/visual.1992.235220""]"
I44896327,Dimensionality Reduction & Multivariate Plots,4,"[""10.1109/infvis.1999.801863"", ""10.1109/visual.1991.175799"", ""10.1109/visual.1991.175838"", ""10.1109/visual.1995.480801""]"
I44896327,Twitter & Social Media,2,"[""10.1109/infvis.1995.528693"", ""10.1109/infvis.1995.528696""]"
I44896327,VIS Literature & Bibliometrics,1,"[""10.1109/visual.1992.235199""]"
I45129253,Dimensionality Reduction & Multivariate Plots,3,"[""10.1109/tvcg.2017.2745118"", ""10.1109/tvcg.2018.2864905"", ""10.1109/visual.1991.175801""]"
I45129253,Flow Fields & CFD Visualization,1,"[""10.1109/tvcg.2023.3326914""]"
I45438204,Meshes & Volume Rendering,3,"[""10.1109/visual.1998.745306"", ""10.1109/visual.2000.885725"", ""10.1109/visual.2004.121""]"
I4576418,Flow Fields & CFD Visualization,1,"[""10.1109/tvcg.2012.197""]"
I4577782,Dimensionality Reduction & Multivariate Plots,1,"[""10.1109/visual.1998.745328""]"
I45928872,Dimensionality Reduction & Multivariate Plots,3,"[""10.1109/tvcg.2021.3114789"", ""10.1109/tvcg.2022.3209385"", ""10.1109/tvcg.2022.3209447""]"
I45928872,Flow Fields & CFD Visualization,1,"[""10.1109/tvcg.2022.3209468""]"
I45928872,Meshes & Volume Rendering,3,"[""10.1109/tvcg.2021.3114781"", ""10.1109/tvcg.2022.3209352"", ""10.1109/tvcg.2022.3209373""]"
I45928872,Time Series & Temporal Patterns,1,"[""10.1109/tvcg.2018.2865126""]"
I45928872,Ultrasound Volume Rendering & Segmentation,1,"[""10.1109/tvcg.2021.3114878""]"
I46020346,Dimensionality Reduction & Multivariate Plots,1,"[""10.1109/tvcg.2011.206""]"
I46020346,Meshes & Volume Rendering,1,"[""10.1109/visual.1991.175837""]"
I46020346,VIS Literature & Bibliometrics,1,"[""10.1109/visual.1998.745351""]"
I46247651,Diffusion MRI & Tractography,1,"[""10.1109/infvis.2005.1532132""]"
I46247651,Dimensionality Reduction & Multivariate Plots,1,"[""10.1109/tvcg.2007.70528""]"
I46247651,Flow Fields & CFD Visualization,1,"[""10.1109/vast.2016.7883506""]"
I46247651,Meshes & Volume Rendering,1,"[""10.1109/tvcg.2013.168""]"
I46247651,Surgical Planning & Tomography,1,"[""10.1109/tvcg.2016.2598647""]"
I4665924,Dashboards & Infographics,1,"[""10.1109/tvcg.2020.3030437""]"
I4665924,Diffusion MRI & Tractography,1,"[""10.1109/infvis.2000.885088""]"
I4665924,Dimensionality Reduction & Multivariate Plots,11,"[""10.1109/infvis.2004.2"", ""10.1109/tvcg.2009.110"", ""10.1109/tvcg.2011.213"", ""10.1109/tvcg.2012.237"", ""10.1109/tvcg.2012.265"", ""10.1109/tvcg.2013.120"", ""10.1109/tvcg.2013.198"", ""10.1109/tvcg.2016.2598468"", ""10.1109/tvcg.2020.3030371"", ""10.1109/tvcg.2023.3327152"", ""10.1109/vast.2015.7347629""]"
I4665924,Flow Fields & CFD Visualization,1,"[""10.1109/tvcg.2024.3456327""]"
I4665924,Meshes & Volume Rendering,1,"[""10.1109/tvcg.2008.152""]"
I47301684,Ultrasound Volume Rendering & Segmentation,1,"[""10.1109/visual.2001.964541""]"
I47431100,Dimensionality Reduction & Multivariate Plots,2,"[""10.1109/tvcg.2009.163"", ""10.1109/visual.2000.885700""]"
I47508984,Diffusion MRI & Tractography,1,"[""10.1109/tvcg.2013.180""]"
I47508984,Dimensionality Reduction & Multivariate Plots,1,"[""10.1109/visual.1991.175801""]"
I47508984,Flow Fields & CFD Visualization,1,"[""10.1109/visual.2005.1532837""]"
I47508984,VIS Literature & Bibliometrics,2,"[""10.1109/infvis.1995.528680"", ""10.1109/tvcg.2020.3030409""]"
I47720641,Dimensionality Reduction & Multivariate Plots,1,"[""10.1109/tvcg.2020.3030351""]"
I48071105,Meshes & Volume Rendering,1,"[""10.1109/visual.2005.1532850""]"
I48566637,Diffusion MRI & Tractography,1,"[""10.1109/tvcg.2017.2744078""]"
I48566637,Dimensionality Reduction & Multivariate Plots,1,"[""10.1109/tvcg.2022.3209462""]"
I48566637,Flow Fields & CFD Visualization,1,"[""10.1109/tvcg.2018.2865152""]"
I48566637,Meshes & Volume Rendering,1,"[""10.1109/tvcg.2012.240""]"
I48566637,Surgical Planning & Tomography,1,"[""10.1109/tvcg.2024.3456340""]"
I48566637,Time Series & Temporal Patterns,1,"[""10.1109/tvcg.2023.3327201""]"
I48566637,VIS Literature & Bibliometrics,1,"[""10.1109/tvcg.2014.2346322""]"
I4923324,Dimensionality Reduction & Multivariate Plots,3,"[""10.1109/tvcg.2012.265"", ""10.1109/tvcg.2013.193"", ""10.1109/vast.2008.4677350""]"
I4923324,VIS Literature & Bibliometrics,1,"[""10.1109/tvcg.2012.276""]"
I49324905,VIS Literature & Bibliometrics,1,"[""10.1109/tvcg.2008.170""]"
I5023651,Flow Fields & CFD Visualization,1,"[""10.1109/vast.2009.5333895""]"
I50760025,Flow Fields & CFD Visualization,1,"[""10.1109/vast50239.2020.00006""]"
I50760025,Meshes & Volume Rendering,1,"[""10.1109/tvcg.2015.2467202""]"
I5124864,Dimensionality Reduction & Multivariate Plots,3,"[""10.1109/visual.1998.745329"", ""10.1109/visual.1999.809870"", ""10.1109/visual.2003.1250351""]"
I5124864,Time Series & Temporal Patterns,1,"[""10.1109/visual.2000.885677""]"
I5124864,VIS Literature & Bibliometrics,2,"[""10.1109/infvis.1998.729562"", ""10.1109/infvis.2000.885103""]"
I51342185,VIS Literature & Bibliometrics,1,"[""10.1109/tvcg.2014.2346451""]"
I51441396,Diffusion MRI & Tractography,1,"[""10.1109/infvis.2005.1532127""]"
I51441396,Dimensionality Reduction & Multivariate Plots,4,"[""10.1109/infvis.2005.1532152"", ""10.1109/tvcg.2007.70534"", ""10.1109/tvcg.2020.3030425"", ""10.1109/visual.2002.1183778""]"
I51532219,Time Series & Temporal Patterns,1,"[""10.1109/tvcg.2017.2745878""]"
I51556381,Meshes & Volume Rendering,1,"[""10.1109/visual.2004.120""]"
I51556381,Surgical Planning & Tomography,1,"[""10.1109/tvcg.2019.2934631""]"
I51783024,Dimensionality Reduction & Multivariate Plots,2,"[""10.1109/tvcg.2023.3326523"", ""10.1109/tvcg.2023.3326574""]"
I52099693,Dimensionality Reduction & Multivariate Plots,1,"[""10.1109/tvcg.2006.145""]"
I52357470,Dashboards & Infographics,3,"[""10.1109/tvcg.2013.152"", ""10.1109/visual.1995.485152"", ""10.1109/visual.1996.568142""]"
I52357470,Diffusion MRI & Tractography,8,"[""10.1109/tvcg.2006.137"", ""10.1109/tvcg.2006.159"", ""10.1109/tvcg.2007.70529"", ""10.1109/tvcg.2008.114"", ""10.1109/tvcg.2015.2468031"", ""10.1109/visual.1996.568143"", ""10.1109/visual.2002.1183761"", ""10.1109/visual.2003.1250402""]"
I52357470,Dimensionality Reduction & Multivariate Plots,40,"[""10.1109/tvcg.2010.182"", ""10.1109/tvcg.2016.2598830"", ""10.1109/tvcg.2016.2598869"", ""10.1109/tvcg.2016.2599049"", ""10.1109/tvcg.2017.2744099"", ""10.1109/tvcg.2017.2744843"", ""10.1109/tvcg.2018.2864801"", ""10.1109/tvcg.2018.2864808"", ""10.1109/tvcg.2019.2934312"", ""10.1109/tvcg.2019.2934591"", ""10.1109/tvcg.2019.2934802"", ""10.1109/tvcg.2020.3030393"", ""10.1109/tvcg.2022.3209413"", ""10.1109/tvcg.2022.3209419"", ""10.1109/tvcg.2023.3326905"", ""10.1109/tvcg.2023.3327171"", ""10.1109/tvcg.2023.3327194"", ""10.1109/tvcg.2023.3327369"", ""10.1109/tvcg.2024.3456357"", ""10.1109/tvcg.2024.3456372"", ""10.1109/vast.2016.7883513"", ""10.1109/visual.1996.567608"", ""10.1109/visual.1996.568119"", ""10.1109/visual.1996.568127"", ""10.1109/visual.1997.663848"", ""10.1109/visual.1997.663882"", ""10.1109/visual.1997.663885"", ""10.1109/visual.1998.745309"", ""10.1109/visual.1998.745325"", ""10.1109/visual.1999.809909"", ""10.1109/visual.2000.885691"", ""10.1109/visual.2000.885698"", ""10.1109/visual.2000.885704"", ""10.1109/visual.2001.964497"", ""10.1109/visual.2001.964518"", ""10.1109/visual.2001.964561"", ""10.1109/visual.2002.1183770"", ""10.1109/visual.2003.1250373"", ""10.1109/visual.2003.1250374"", ""10.1109/visual.2004.94""]"
I52357470,Flow Fields & CFD Visualization,3,"[""10.1109/tvcg.2009.200"", ""10.1109/vast.2006.261451"", ""10.1109/visual.2004.23""]"
I52357470,Meshes & Volume Rendering,10,"[""10.1109/tvcg.2008.183"", ""10.1109/tvcg.2010.131"", ""10.1109/tvcg.2011.219"", ""10.1109/tvcg.2015.2467952"", ""10.1109/tvcg.2016.2598604"", ""10.1109/vast.2009.5333917"", ""10.1109/visual.1994.346314"", ""10.1109/visual.1997.663925"", ""10.1109/visual.2003.1250378"", ""10.1109/visual.2004.90""]"
I52357470,Surgical Planning & Tomography,4,"[""10.1109/tvcg.2018.2864504"", ""10.1109/tvcg.2020.3030461"", ""10.1109/visual.1993.398852"", ""10.1109/visual.1999.809910""]"
I52357470,Time Series & Temporal Patterns,1,"[""10.1109/tvcg.2015.2467431""]"
I52357470,Twitter & Social Media,3,"[""10.1109/tvcg.2019.2934242"", ""10.1109/tvcg.2023.3326920"", ""10.1109/tvcg.2024.3456337""]"
I52357470,Ultrasound Volume Rendering & Segmentation,2,"[""10.1109/tvcg.2006.164"", ""10.1109/vast.2007.4388990""]"
I52357470,VIS Literature & Bibliometrics,1,"[""10.1109/visual.1990.146382""]"
I52669646,Meshes & Volume Rendering,1,"[""10.1109/tvcg.2022.3209454""]"
I5343935,Time Series & Temporal Patterns,1,"[""10.1109/tvcg.2023.3326934""]"
I53964585,Dimensionality Reduction & Multivariate Plots,4,"[""10.1109/infvis.1998.729561"", ""10.1109/infvis.2002.1173159"", ""10.1109/visual.1996.567804"", ""10.1109/visual.1997.663920""]"
I53964585,Time Series & Temporal Patterns,1,"[""10.1109/infvis.2003.1249017""]"
I55538621,Flow Fields & CFD Visualization,1,"[""10.1109/vast50239.2020.00006""]"
I5561750,Dimensionality Reduction & Multivariate Plots,1,"[""10.1109/tvcg.2020.3030347""]"
I55712492,Dimensionality Reduction & Multivariate Plots,3,"[""10.1109/tvcg.2014.2346919"", ""10.1109/tvcg.2022.3209385"", ""10.1109/vast.2014.7042486""]"
I55712492,Flow Fields & CFD Visualization,1,"[""10.1109/tvcg.2022.3209470""]"
I55732556,Dashboards & Infographics,4,"[""10.1109/visual.1996.567602"", ""10.1109/visual.1997.663871"", ""10.1109/visual.1998.745318"", ""10.1109/visual.1999.809899""]"
I55732556,Diffusion MRI & Tractography,2,"[""10.1109/visual.1990.146363"", ""10.1109/visual.1991.175804""]"
I55732556,Dimensionality Reduction & Multivariate Plots,26,"[""10.1109/infvis.2002.1173160"", ""10.1109/tvcg.2006.125"", ""10.1109/tvcg.2008.176"", ""10.1109/tvcg.2010.154"", ""10.1109/tvcg.2012.264"", ""10.1109/tvcg.2014.2346926"", ""10.1109/tvcg.2015.2467991"", ""10.1109/tvcg.2016.2598472"", ""10.1109/tvcg.2016.2598541"", ""10.1109/tvcg.2019.2934368"", ""10.1109/tvcg.2019.2934540"", ""10.1109/tvcg.2020.3028958"", ""10.1109/tvcg.2021.3114850"", ""10.1109/tvcg.2023.3327359"", ""10.1109/vast.2012.6400491"", ""10.1109/vast.2012.6400557"", ""10.1109/vast.2014.7042495"", ""10.1109/visual.1990.146388"", ""10.1109/visual.1991.175782"", ""10.1109/visual.1997.663886"", ""10.1109/visual.1997.663887"", ""10.1109/visual.2000.885681"", ""10.1109/visual.2002.1183808"", ""10.1109/visual.2003.1250355"", ""10.1109/visual.2004.28"", ""10.1109/visual.2004.87""]"
I55732556,Flow Fields & CFD Visualization,6,"[""10.1109/tvcg.2018.2864843"", ""10.1109/tvcg.2023.3326584"", ""10.1109/tvcg.2023.3326919"", ""10.1109/tvcg.2024.3456304"", ""10.1109/tvcg.2024.3456344"", ""10.1109/vast50239.2020.00007""]"
I55732556,Meshes & Volume Rendering,1,"[""10.1109/visual.1997.663858""]"
I55732556,Surgical Planning & Tomography,3,"[""10.1109/tvcg.2019.2934631"", ""10.1109/tvcg.2020.3028888"", ""10.1109/tvcg.2022.3209384""]"
I55732556,Twitter & Social Media,1,"[""10.1109/tvcg.2020.3030353""]"
I55732556,Ultrasound Volume Rendering & Segmentation,2,"[""10.1109/tvcg.2018.2864844"", ""10.1109/tvcg.2022.3209380""]"
I55732556,VIS Literature & Bibliometrics,1,"[""10.1109/visual.1990.146396""]"
I55769427,Diffusion MRI & Tractography,1,"[""10.1109/visual.1998.745319""]"
I55769427,Dimensionality Reduction & Multivariate Plots,4,"[""10.1109/tvcg.2020.3030439"", ""10.1109/tvcg.2024.3456182"", ""10.1109/vast.2017.8585646"", ""10.1109/visual.1996.567609""]"
I5593406,Dimensionality Reduction & Multivariate Plots,1,"[""10.1109/tvcg.2022.3209487""]"
I56590836,Diffusion MRI & Tractography,1,"[""10.1109/tvcg.2020.3030456""]"
I56590836,Dimensionality Reduction & Multivariate Plots,14,"[""10.1109/tvcg.2006.156"", ""10.1109/tvcg.2012.245"", ""10.1109/tvcg.2015.2467199"", ""10.1109/tvcg.2015.2467451"", ""10.1109/tvcg.2016.2598545"", ""10.1109/tvcg.2016.2598885"", ""10.1109/tvcg.2016.2598958"", ""10.1109/tvcg.2017.2744418"", ""10.1109/tvcg.2018.2865191"", ""10.1109/tvcg.2019.2934557"", ""10.1109/tvcg.2020.3030459"", ""10.1109/tvcg.2024.3456358"", ""10.1109/visual.1990.146366"", ""10.1109/visual.1990.146383""]"
I56590836,Flow Fields & CFD Visualization,10,"[""10.1109/tvcg.2016.2599107"", ""10.1109/tvcg.2017.2745941"", ""10.1109/tvcg.2018.2865152"", ""10.1109/tvcg.2018.2865192"", ""10.1109/tvcg.2019.2934803"", ""10.1109/tvcg.2020.3030427"", ""10.1109/tvcg.2020.3030435"", ""10.1109/tvcg.2020.3030450"", ""10.1109/tvcg.2021.3114693"", ""10.1109/tvcg.2023.3327402""]"
I56590836,Meshes & Volume Rendering,3,"[""10.1109/tvcg.2020.3030334"", ""10.1109/tvcg.2022.3209433"", ""10.1109/tvcg.2024.3456399""]"
I56590836,Surgical Planning & Tomography,1,"[""10.1109/tvcg.2020.3030423""]"
I56590836,Time Series & Temporal Patterns,1,"[""10.1109/tvcg.2018.2865241""]"
I56590836,Ultrasound Volume Rendering & Segmentation,1,"[""10.1109/tvcg.2020.3030364""]"
I56858762,Flow Fields & CFD Visualization,3,"[""10.1109/tvcg.2019.2934784"", ""10.1109/tvcg.2020.3030438"", ""10.1109/tvcg.2022.3209432""]"
I56858762,VIS Literature & Bibliometrics,1,"[""10.1109/tvcg.2014.2346754""]"
I57201433,Dimensionality Reduction & Multivariate Plots,1,"[""10.1109/tvcg.2009.188""]"
I57206974,Dashboards & Infographics,1,"[""10.1109/vast.2015.7347624""]"
I57206974,Dimensionality Reduction & Multivariate Plots,24,"[""10.1109/tvcg.2009.160"", ""10.1109/tvcg.2013.131"", ""10.1109/tvcg.2013.226"", ""10.1109/tvcg.2014.2346419"", ""10.1109/tvcg.2014.2346449"", ""10.1109/tvcg.2014.2346482"", ""10.1109/tvcg.2014.2346755"", ""10.1109/tvcg.2015.2467592"", ""10.1109/tvcg.2016.2598447"", ""10.1109/tvcg.2016.2598497"", ""10.1109/tvcg.2016.2598585"", ""10.1109/tvcg.2016.2598867"", ""10.1109/tvcg.2017.2743980"", ""10.1109/tvcg.2017.2746018"", ""10.1109/tvcg.2018.2864826"", ""10.1109/tvcg.2018.2865023"", ""10.1109/tvcg.2019.2934280"", ""10.1109/tvcg.2022.3209457"", ""10.1109/tvcg.2022.3209474"", ""10.1109/tvcg.2023.3326925"", ""10.1109/tvcg.2024.3456406"", ""10.1109/vast.2015.7347636"", ""10.1109/visual.2001.964500"", ""10.1109/visual.2001.964528""]"
I57206974,Flow Fields & CFD Visualization,5,"[""10.1109/tvcg.2014.2346753"", ""10.1109/tvcg.2019.2934668"", ""10.1109/tvcg.2023.3327396"", ""10.1109/tvcg.2024.3456388"", ""10.1109/visual.1992.235179""]"
I57206974,Meshes & Volume Rendering,6,"[""10.1109/tvcg.2010.198"", ""10.1109/tvcg.2011.176"", ""10.1109/tvcg.2017.2743958"", ""10.1109/tvcg.2019.2934259"", ""10.1109/tvcg.2020.3030333"", ""10.1109/vast.2014.7042478""]"
I57206974,Surgical Planning & Tomography,4,"[""10.1109/tvcg.2018.2864812"", ""10.1109/tvcg.2020.3030361"", ""10.1109/tvcg.2022.3209489"", ""10.1109/tvcg.2023.3327363""]"
I57206974,Twitter & Social Media,2,"[""10.1109/scivis.2015.7429486"", ""10.1109/tvcg.2024.3456365""]"
I57664883,Dimensionality Reduction & Multivariate Plots,1,"[""10.1109/scivis.2015.7429493""]"
I58610484,Dimensionality Reduction & Multivariate Plots,1,"[""10.1109/tvcg.2023.3326527""]"
I59105498,Flow Fields & CFD Visualization,2,"[""10.1109/tvcg.2009.158"", ""10.1109/vast.2008.4677351""]"
I59105498,Meshes & Volume Rendering,1,"[""10.1109/tvcg.2009.173""]"
I59105498,VIS Literature & Bibliometrics,1,"[""10.1109/tvcg.2007.70600""]"
I592451,Dashboards & Infographics,1,"[""10.1109/infvis.1996.559214""]"
I592451,Dimensionality Reduction & Multivariate Plots,7,"[""10.1109/infvis.1997.636786"", ""10.1109/infvis.2002.1173143"", ""10.1109/tvcg.2014.2346422"", ""10.1109/vast.2007.4388993"", ""10.1109/vast.2008.4677354"", ""10.1109/vast.2008.4677369"", ""10.1109/vast.2012.6400552""]"
I592451,Meshes & Volume Rendering,4,"[""10.1109/tvcg.2006.176"", ""10.1109/tvcg.2014.2346425"", ""10.1109/visual.2005.1532803"", ""10.1109/visual.2005.1532804""]"
I59270414,Dimensionality Reduction & Multivariate Plots,1,"[""10.1109/tvcg.2013.131""]"
I59270414,Twitter & Social Media,5,"[""10.1109/tvcg.2007.70552"", ""10.1109/tvcg.2007.70603"", ""10.1109/tvcg.2011.236"", ""10.1109/tvcg.2013.148"", ""10.1109/tvcg.2014.2346332""]"
I59433898,Dimensionality Reduction & Multivariate Plots,1,"[""10.1109/visual.1999.809927""]"
I59553526,Dashboards & Infographics,1,"[""10.1109/visual.1994.346333""]"
I59553526,Diffusion MRI & Tractography,11,"[""10.1109/tvcg.2007.70538"", ""10.1109/tvcg.2007.70573"", ""10.1109/tvcg.2008.134"", ""10.1109/tvcg.2011.171"", ""10.1109/tvcg.2011.218"", ""10.1109/tvcg.2012.210"", ""10.1109/tvcg.2012.234"", ""10.1109/visual.1992.235231"", ""10.1109/visual.1994.346340"", ""10.1109/visual.1996.568113"", ""10.1109/visual.2004.35""]"
I59553526,Dimensionality Reduction & Multivariate Plots,54,"[""10.1109/tvcg.2006.112"", ""10.1109/tvcg.2006.153"", ""10.1109/tvcg.2006.179"", ""10.1109/tvcg.2007.70542"", ""10.1109/tvcg.2008.118"", ""10.1109/tvcg.2009.159"", ""10.1109/tvcg.2010.200"", ""10.1109/tvcg.2010.211"", ""10.1109/tvcg.2011.182"", ""10.1109/tvcg.2012.186"", ""10.1109/tvcg.2013.127"", ""10.1109/tvcg.2013.135"", ""10.1109/tvcg.2013.139"", ""10.1109/tvcg.2015.2467413"", ""10.1109/tvcg.2015.2467931"", ""10.1109/tvcg.2016.2598463"", ""10.1109/tvcg.2016.2598791"", ""10.1109/tvcg.2022.3209422"", ""10.1109/tvcg.2022.3209484"", ""10.1109/tvcg.2024.3456141"", ""10.1109/vast.2006.261439"", ""10.1109/vast.2010.5652484"", ""10.1109/vast.2016.7883508"", ""10.1109/vast.2017.8585647"", ""10.1109/visual.1990.146365"", ""10.1109/visual.1990.146379"", ""10.1109/visual.1991.175805"", ""10.1109/visual.1992.235191"", ""10.1109/visual.1993.398854"", ""10.1109/visual.1995.480796"", ""10.1109/visual.1995.480813"", ""10.1109/visual.1995.485142"", ""10.1109/visual.1996.568125"", ""10.1109/visual.1996.568126"", ""10.1109/visual.1997.663895"", ""10.1109/visual.1997.663909"", ""10.1109/visual.1998.745310"", ""10.1109/visual.1999.809877"", ""10.1109/visual.1999.809900"", ""10.1109/visual.1999.809914"", ""10.1109/visual.2000.885674"", ""10.1109/visual.2000.885675"", ""10.1109/visual.2000.885682"", ""10.1109/visual.2000.885698"", ""10.1109/visual.2001.964517"", ""10.1109/visual.2003.1250359"", ""10.1109/visual.2003.1250403"", ""10.1109/visual.2003.1250405"", ""10.1109/visual.2004.101"", ""10.1109/visual.2004.27"", ""10.1109/visual.2004.75"", ""10.1109/visual.2005.1532818"", ""10.1109/visual.2005.1532824"", ""10.1109/visual.2005.1532840""]"
I59553526,Flow Fields & CFD Visualization,2,"[""10.1109/tvcg.2015.2467954"", ""10.1109/visual.1995.480793""]"
I59553526,Meshes & Volume Rendering,7,"[""10.1109/tvcg.2018.2864852"", ""10.1109/visual.1990.146378"", ""10.1109/visual.1993.398862"", ""10.1109/visual.1995.480818"", ""10.1109/visual.2001.964552"", ""10.1109/visual.2003.1250382"", ""10.1109/visual.2004.24""]"
I59553526,Surgical Planning & Tomography,10,"[""10.1109/tvcg.2020.3030384"", ""10.1109/tvcg.2022.3209361"", ""10.1109/vast.2008.4677352"", ""10.1109/visual.1994.346319"", ""10.1109/visual.1996.567603"", ""10.1109/visual.1997.663900"", ""10.1109/visual.2000.885702"", ""10.1109/visual.2002.1183775"", ""10.1109/visual.2003.1250388"", ""10.1109/visual.2004.63""]"
I59553526,Time Series & Temporal Patterns,6,"[""10.1109/tvcg.2013.190"", ""10.1109/tvcg.2016.2598479"", ""10.1109/tvcg.2021.3114851"", ""10.1109/tvcg.2022.3209392"", ""10.1109/vast.2007.4388999"", ""10.1109/vast47406.2019.8986923""]"
I59553526,Ultrasound Volume Rendering & Segmentation,1,"[""10.1109/tvcg.2018.2865026""]"
I59857034,Dimensionality Reduction & Multivariate Plots,1,"[""10.1109/visual.2005.1532783""]"
I60200437,Dimensionality Reduction & Multivariate Plots,1,"[""10.1109/tvcg.2013.120""]"
I60488453,Dimensionality Reduction & Multivariate Plots,4,"[""10.1109/tvcg.2012.189"", ""10.1109/tvcg.2013.132"", ""10.1109/tvcg.2013.211"", ""10.1109/vast.2016.7883515""]"
I60488453,Time Series & Temporal Patterns,1,"[""10.1109/tvcg.2016.2598495""]"
I6059380,Diffusion MRI & Tractography,1,"[""10.1109/infvis.2002.1173156""]"
I60922564,Dimensionality Reduction & Multivariate Plots,1,"[""10.1109/tvcg.2022.3209462""]"
I60922564,Surgical Planning & Tomography,1,"[""10.1109/tvcg.2020.3030380""]"
I61057504,Meshes & Volume Rendering,1,"[""10.1109/tvcg.2012.242""]"
I61937129,Meshes & Volume Rendering,1,"[""10.1109/visual.2001.964559""]"
I62318514,Diffusion MRI & Tractography,1,"[""10.1109/tvcg.2014.2346324""]"
I62318514,Flow Fields & CFD Visualization,3,"[""10.1109/tvcg.2019.2934370"", ""10.1109/tvcg.2019.2934669"", ""10.1109/tvcg.2021.3114802""]"
I62318514,Meshes & Volume Rendering,3,"[""10.1109/scivis.2015.7429490"", ""10.1109/visual.2001.964494"", ""10.1109/visual.2004.32""]"
I62318514,VIS Literature & Bibliometrics,1,"[""10.1109/tvcg.2018.2864498""]"
I62916508,Diffusion MRI & Tractography,2,"[""10.1109/tvcg.2021.3114769"", ""10.1109/visual.2005.1532780""]"
I62916508,Dimensionality Reduction & Multivariate Plots,9,"[""10.1109/tvcg.2008.120"", ""10.1109/tvcg.2009.184"", ""10.1109/tvcg.2011.189"", ""10.1109/tvcg.2014.2346317"", ""10.1109/tvcg.2014.2346448"", ""10.1109/tvcg.2016.2598868"", ""10.1109/tvcg.2017.2743989"", ""10.1109/tvcg.2017.2745178"", ""10.1109/vast.2015.7347634""]"
I62916508,Meshes & Volume Rendering,4,"[""10.1109/tvcg.2009.142"", ""10.1109/tvcg.2009.154"", ""10.1109/tvcg.2010.148"", ""10.1109/tvcg.2010.168""]"
I62916508,Surgical Planning & Tomography,1,"[""10.1109/visual.2003.1250384""]"
I63533367,Meshes & Volume Rendering,1,"[""10.1109/visual.2000.885742""]"
I63966007,Diffusion MRI & Tractography,1,"[""10.1109/tvcg.2013.137""]"
I63966007,Dimensionality Reduction & Multivariate Plots,10,"[""10.1109/infvis.2000.885096"", ""10.1109/tvcg.2012.218"", ""10.1109/tvcg.2020.3030372"", ""10.1109/tvcg.2020.3030391"", ""10.1109/tvcg.2023.3326598"", ""10.1109/tvcg.2024.3456353"", ""10.1109/vast.2006.261415"", ""10.1109/visual.1997.663902"", ""10.1109/visual.1998.745286"", ""10.1109/visual.2004.91""]"
I63966007,Flow Fields & CFD Visualization,4,"[""10.1109/tvcg.2013.234"", ""10.1109/tvcg.2015.2467732"", ""10.1109/tvcg.2020.3030367"", ""10.1109/vast.2016.7883517""]"
I63966007,Meshes & Volume Rendering,4,"[""10.1109/tvcg.2021.3114832"", ""10.1109/visual.1991.175837"", ""10.1109/visual.1997.663910"", ""10.1109/visual.2004.47""]"
I63966007,Surgical Planning & Tomography,3,"[""10.1109/tvcg.2019.2934281"", ""10.1109/tvcg.2021.3114836"", ""10.1109/tvcg.2024.3456371""]"
I63966007,Time Series & Temporal Patterns,1,"[""10.1109/tvcg.2017.2745085""]"
I63966007,Twitter & Social Media,1,"[""10.1109/visual.1993.398863""]"
I65837984,Flow Fields & CFD Visualization,1,"[""10.1109/tvcg.2020.3028889""]"
I66862912,Dimensionality Reduction & Multivariate Plots,3,"[""10.1109/infvis.1995.528688"", ""10.1109/infvis.2003.1249025"", ""10.1109/vast.2007.4389013""]"
I66867065,Dimensionality Reduction & Multivariate Plots,6,"[""10.1109/tvcg.2017.2745320"", ""10.1109/tvcg.2018.2864885"", ""10.1109/tvcg.2019.2934806"", ""10.1109/tvcg.2020.3030343"", ""10.1109/tvcg.2021.3114762"", ""10.1109/vast.2007.4389003""]"
I66867065,Flow Fields & CFD Visualization,1,"[""10.1109/tvcg.2021.3114761""]"
I66867065,Surgical Planning & Tomography,1,"[""10.1109/tvcg.2023.3326597""]"
I66906201,Meshes & Volume Rendering,1,"[""10.1109/visual.1998.745295""]"
I66943878,Dimensionality Reduction & Multivariate Plots,1,"[""10.1109/visual.2001.964537""]"
I66946132,Diffusion MRI & Tractography,8,"[""10.1109/tvcg.2008.169"", ""10.1109/tvcg.2012.231"", ""10.1109/tvcg.2013.231"", ""10.1109/tvcg.2014.2346411"", ""10.1109/visual.1990.146364"", ""10.1109/visual.1991.175815"", ""10.1109/visual.1992.235217"", ""10.1109/visual.2004.62""]"
I66946132,Dimensionality Reduction & Multivariate Plots,40,"[""10.1109/infvis.1997.636790"", ""10.1109/tvcg.2006.122"", ""10.1109/tvcg.2006.157"", ""10.1109/tvcg.2006.166"", ""10.1109/tvcg.2009.186"", ""10.1109/tvcg.2009.187"", ""10.1109/tvcg.2012.225"", ""10.1109/tvcg.2013.200"", ""10.1109/tvcg.2015.2467051"", ""10.1109/tvcg.2016.2598445"", ""10.1109/tvcg.2017.2744478"", ""10.1109/tvcg.2018.2864884"", ""10.1109/tvcg.2018.2864885"", ""10.1109/tvcg.2018.2865119"", ""10.1109/tvcg.2018.2865144"", ""10.1109/tvcg.2018.2865234"", ""10.1109/tvcg.2019.2934786"", ""10.1109/tvcg.2020.3028891"", ""10.1109/tvcg.2020.3030358"", ""10.1109/tvcg.2020.3030372"", ""10.1109/tvcg.2020.3030414"", ""10.1109/tvcg.2020.3030429"", ""10.1109/tvcg.2021.3114814"", ""10.1109/tvcg.2022.3209466"", ""10.1109/tvcg.2022.3209487"", ""10.1109/tvcg.2023.3326527"", ""10.1109/tvcg.2023.3326594"", ""10.1109/tvcg.2023.3327354"", ""10.1109/tvcg.2023.3327369"", ""10.1109/tvcg.2024.3456296"", ""10.1109/tvcg.2024.3456510"", ""10.1109/vast.2006.261421"", ""10.1109/vast.2006.261426"", ""10.1109/vast.2006.261429"", ""10.1109/vast.2009.5332595"", ""10.1109/vast.2009.5333248"", ""10.1109/vast.2011.6102442"", ""10.1109/vast.2016.7883512"", ""10.1109/visual.1994.346300"", ""10.1109/visual.1995.485171""]"
I66946132,Flow Fields & CFD Visualization,8,"[""10.1109/infvis.1999.801854"", ""10.1109/tvcg.2017.2743990"", ""10.1109/tvcg.2018.2865237"", ""10.1109/tvcg.2019.2934556"", ""10.1109/tvcg.2019.2934803"", ""10.1109/tvcg.2021.3114829"", ""10.1109/tvcg.2023.3326580"", ""10.1109/vast.2016.7883506""]"
I66946132,Meshes & Volume Rendering,2,"[""10.1109/tvcg.2023.3326937"", ""10.1109/visual.1994.346299""]"
I66946132,Time Series & Temporal Patterns,3,"[""10.1109/infvis.2004.3"", ""10.1109/tvcg.2022.3209490"", ""10.1109/tvcg.2024.3456407""]"
I66946132,Ultrasound Volume Rendering & Segmentation,1,"[""10.1109/tvcg.2011.231""]"
I66946132,VIS Literature & Bibliometrics,5,"[""10.1109/tvcg.2006.174"", ""10.1109/tvcg.2015.2468292"", ""10.1109/tvcg.2019.2934288"", ""10.1109/tvcg.2019.2934397"", ""10.1109/tvcg.2022.3209472""]"
I67031392,Dimensionality Reduction & Multivariate Plots,1,"[""10.1109/tvcg.2022.3209481""]"
I67031392,Flow Fields & CFD Visualization,1,"[""10.1109/tvcg.2024.3456319""]"
I67031392,Time Series & Temporal Patterns,1,"[""10.1109/tvcg.2019.2934799""]"
I67311998,Meshes & Volume Rendering,1,"[""10.1109/visual.1993.398898""]"
I67311998,Twitter & Social Media,1,"[""10.1109/visual.1992.235222""]"
I67415387,Dimensionality Reduction & Multivariate Plots,1,"[""10.1109/tvcg.2016.2598498""]"
I67415387,Flow Fields & CFD Visualization,1,"[""10.1109/infvis.2000.885105""]"
I67415387,Time Series & Temporal Patterns,1,"[""10.1109/tvcg.2006.138""]"
I67415387,Twitter & Social Media,1,"[""10.1109/infvis.1998.729553""]"
I67900169,Surgical Planning & Tomography,1,"[""10.1109/tvcg.2018.2865027""]"
I68891433,Dimensionality Reduction & Multivariate Plots,2,"[""10.1109/tvcg.2010.151"", ""10.1109/tvcg.2019.2934657""]"
I68947357,Diffusion MRI & Tractography,1,"[""10.1109/tvcg.2010.187""]"
I68947357,Dimensionality Reduction & Multivariate Plots,1,"[""10.1109/tvcg.2009.204""]"
I68956291,Time Series & Temporal Patterns,2,"[""10.1109/infvis.1998.729559"", ""10.1109/visual.1998.745301""]"
I69048370,Dimensionality Reduction & Multivariate Plots,6,"[""10.1109/tvcg.2019.2934209"", ""10.1109/tvcg.2019.2934661"", ""10.1109/tvcg.2020.3030455"", ""10.1109/tvcg.2021.3114779"", ""10.1109/tvcg.2024.3456369"", ""10.1109/tvcg.2024.3456381""]"
I69356397,Dimensionality Reduction & Multivariate Plots,1,"[""10.1109/tvcg.2022.3209447""]"
I69356397,Flow Fields & CFD Visualization,2,"[""10.1109/tvcg.2023.3326517"", ""10.1109/tvcg.2024.3456319""]"
I69356397,Meshes & Volume Rendering,2,"[""10.1109/tvcg.2021.3114781"", ""10.1109/tvcg.2024.3456368""]"
I69356397,Surgical Planning & Tomography,2,"[""10.1109/tvcg.2020.3030467"", ""10.1109/tvcg.2021.3114877""]"
I69356397,Time Series & Temporal Patterns,2,"[""10.1109/tvcg.2020.3030432"", ""10.1109/tvcg.2023.3326934""]"
I69356397,Ultrasound Volume Rendering & Segmentation,1,"[""10.1109/tvcg.2021.3114878""]"
I69722833,Twitter & Social Media,1,"[""10.1109/infvis.1999.801864""]"
I70768539,Dimensionality Reduction & Multivariate Plots,1,"[""10.1109/infvis.2004.1""]"
I70983195,Dimensionality Reduction & Multivariate Plots,1,"[""10.1109/visual.1990.146415""]"
I71270174,Flow Fields & CFD Visualization,1,"[""10.1109/tvcg.2007.70596""]"
I71824836,Dimensionality Reduction & Multivariate Plots,1,"[""10.1109/tvcg.2008.118""]"
I71838634,Dimensionality Reduction & Multivariate Plots,1,"[""10.1109/tvcg.2020.3030443""]"
I71920554,Dashboards & Infographics,1,"[""10.1109/tvcg.2016.2599043""]"
I71920554,Diffusion MRI & Tractography,1,"[""10.1109/tvcg.2014.2346324""]"
I71920554,Dimensionality Reduction & Multivariate Plots,3,"[""10.1109/tvcg.2011.216"", ""10.1109/tvcg.2022.3209439"", ""10.1109/tvcg.2023.3326595""]"
I71920554,Flow Fields & CFD Visualization,3,"[""10.1109/tvcg.2019.2934612"", ""10.1109/tvcg.2020.3030415"", ""10.1109/tvcg.2024.3456404""]"
I71920554,Meshes & Volume Rendering,12,"[""10.1109/tvcg.2012.240"", ""10.1109/tvcg.2013.142"", ""10.1109/tvcg.2014.2346312"", ""10.1109/tvcg.2015.2467441"", ""10.1109/tvcg.2017.2743979"", ""10.1109/tvcg.2017.2744278"", ""10.1109/tvcg.2018.2864839"", ""10.1109/tvcg.2019.2934334"", ""10.1109/tvcg.2020.3030454"", ""10.1109/tvcg.2021.3114788"", ""10.1109/tvcg.2021.3115565"", ""10.1109/tvcg.2023.3326915""]"
I71920554,Surgical Planning & Tomography,4,"[""10.1109/tvcg.2017.2744238"", ""10.1109/tvcg.2018.2864847"", ""10.1109/tvcg.2020.3030436"", ""10.1109/tvcg.2023.3327193""]"
I71966907,Dimensionality Reduction & Multivariate Plots,1,"[""10.1109/vast.2015.7347631""]"
I72090969,Dimensionality Reduction & Multivariate Plots,2,"[""10.1109/infvis.1995.528690"", ""10.1109/infvis.1996.559216""]"
I72090969,Ultrasound Volume Rendering & Segmentation,1,"[""10.1109/infvis.1995.528697""]"
I72090969,VIS Literature & Bibliometrics,1,"[""10.1109/infvis.1997.636782""]"
I72816309,Dimensionality Reduction & Multivariate Plots,5,"[""10.1109/infvis.2003.1249010"", ""10.1109/infvis.2005.1532147"", ""10.1109/tvcg.2009.202"", ""10.1109/vast.2006.261431"", ""10.1109/visual.2005.1532823""]"
I72951846,Meshes & Volume Rendering,1,"[""10.1109/tvcg.2020.3030405""]"
I74656192,Dimensionality Reduction & Multivariate Plots,1,"[""10.1109/visual.1995.485149""]"
I74753095,Flow Fields & CFD Visualization,1,"[""10.1109/tvcg.2011.195""]"
I74760111,Diffusion MRI & Tractography,1,"[""10.1109/visual.1992.235220""]"
I74775410,Diffusion MRI & Tractography,1,"[""10.1109/tvcg.2011.227""]"
I74775410,Dimensionality Reduction & Multivariate Plots,3,"[""10.1109/tvcg.2010.161"", ""10.1109/tvcg.2022.3209426"", ""10.1109/visual.1998.745293""]"
I74775410,Flow Fields & CFD Visualization,1,"[""10.1109/tvcg.2017.2744684""]"
I74786994,Dimensionality Reduction & Multivariate Plots,3,"[""10.1109/visual.1998.745299"", ""10.1109/visual.2004.15"", ""10.1109/visual.2005.1532776""]"
I74786994,VIS Literature & Bibliometrics,2,"[""10.1109/tvcg.2007.70600"", ""10.1109/visual.1999.809891""]"
I74788687,Dimensionality Reduction & Multivariate Plots,1,"[""10.1109/visual.2004.104""]"
I74788687,Time Series & Temporal Patterns,1,"[""10.1109/tvcg.2006.170""]"
I74801974,Diffusion MRI & Tractography,1,"[""10.1109/visual.2005.1532834""]"
I74801974,Twitter & Social Media,2,"[""10.1109/tvcg.2009.119"", ""10.1109/tvcg.2015.2467433""]"
I74801974,VIS Literature & Bibliometrics,1,"[""10.1109/tvcg.2006.167""]"
I74973139,Dashboards & Infographics,2,"[""10.1109/infvis.1995.528684"", ""10.1109/infvis.1996.559210""]"
I74973139,Diffusion MRI & Tractography,1,"[""10.1109/infvis.2003.1249019""]"
I74973139,Dimensionality Reduction & Multivariate Plots,15,"[""10.1109/infvis.1996.559213"", ""10.1109/infvis.1997.636788"", ""10.1109/infvis.1998.729557"", ""10.1109/infvis.1999.801862"", ""10.1109/tvcg.2013.233"", ""10.1109/tvcg.2021.3114794"", ""10.1109/tvcg.2022.3209403"", ""10.1109/tvcg.2022.3209426"", ""10.1109/tvcg.2023.3326527"", ""10.1109/tvcg.2023.3326589"", ""10.1109/tvcg.2023.3327189"", ""10.1109/tvcg.2023.3327367"", ""10.1109/tvcg.2023.3327393"", ""10.1109/visual.1998.745312"", ""10.1109/visual.2004.38""]"
I74973139,Flow Fields & CFD Visualization,4,"[""10.1109/tvcg.2020.3030400"", ""10.1109/tvcg.2021.3114865"", ""10.1109/tvcg.2022.3209357"", ""10.1109/tvcg.2022.3209386""]"
I74973139,Meshes & Volume Rendering,3,"[""10.1109/tvcg.2016.2598789"", ""10.1109/tvcg.2021.3114782"", ""10.1109/visual.1990.146368""]"
I74973139,Surgical Planning & Tomography,2,"[""10.1109/tvcg.2019.2934261"", ""10.1109/tvcg.2024.3456371""]"
I74973139,Time Series & Temporal Patterns,1,"[""10.1109/infvis.1998.729564""]"
I74973139,VIS Literature & Bibliometrics,3,"[""10.1109/infvis.1997.636782"", ""10.1109/infvis.1999.801856"", ""10.1109/tvcg.2006.167""]"
I75027704,Diffusion MRI & Tractography,2,"[""10.1109/tvcg.2008.108"", ""10.1109/tvcg.2009.137""]"
I75027704,Dimensionality Reduction & Multivariate Plots,3,"[""10.1109/tvcg.2006.175"", ""10.1109/tvcg.2008.184"", ""10.1109/tvcg.2013.144""]"
I75027704,Meshes & Volume Rendering,1,"[""10.1109/tvcg.2014.2346418""]"
I75027704,Surgical Planning & Tomography,3,"[""10.1109/visual.2003.1250391"", ""10.1109/visual.2004.110"", ""10.1109/visual.2005.1532794""]"
I75027704,VIS Literature & Bibliometrics,1,"[""10.1109/tvcg.2010.192""]"
I75059550,Time Series & Temporal Patterns,1,"[""10.1109/tvcg.2014.2346594""]"
I76130692,Diffusion MRI & Tractography,5,"[""10.1109/tvcg.2009.112"", ""10.1109/tvcg.2009.203"", ""10.1109/tvcg.2012.267"", ""10.1109/tvcg.2023.3327077"", ""10.1109/tvcg.2023.3327371""]"
I76130692,Dimensionality Reduction & Multivariate Plots,40,"[""10.1109/scivis.2015.7429488"", ""10.1109/tvcg.2011.164"", ""10.1109/tvcg.2011.239"", ""10.1109/tvcg.2014.2346433"", ""10.1109/tvcg.2016.2598416"", ""10.1109/tvcg.2016.2598432"", ""10.1109/tvcg.2017.2745139"", ""10.1109/tvcg.2018.2864503"", ""10.1109/tvcg.2018.2865139"", ""10.1109/tvcg.2019.2934208"", ""10.1109/tvcg.2019.2934655"", ""10.1109/tvcg.2019.2934657"", ""10.1109/tvcg.2019.2934670"", ""10.1109/tvcg.2019.2934671"", ""10.1109/tvcg.2019.2934798"", ""10.1109/tvcg.2019.2934800"", ""10.1109/tvcg.2020.3028948"", ""10.1109/tvcg.2020.3028957"", ""10.1109/tvcg.2020.3030372"", ""10.1109/tvcg.2020.3030393"", ""10.1109/tvcg.2020.3030410"", ""10.1109/tvcg.2020.3030440"", ""10.1109/tvcg.2020.3030447"", ""10.1109/tvcg.2020.3030458"", ""10.1109/tvcg.2021.3114790"", ""10.1109/tvcg.2021.3114800"", ""10.1109/tvcg.2021.3114875"", ""10.1109/tvcg.2022.3209360"", ""10.1109/tvcg.2022.3209385"", ""10.1109/tvcg.2022.3209447"", ""10.1109/tvcg.2022.3209483"", ""10.1109/tvcg.2023.3327168"", ""10.1109/tvcg.2023.3327376"", ""10.1109/tvcg.2024.3456150"", ""10.1109/tvcg.2024.3456181"", ""10.1109/tvcg.2024.3456192"", ""10.1109/vast.2014.7042486"", ""10.1109/vast.2016.7883514"", ""10.1109/vast50239.2020.00011"", ""10.1109/visual.2004.38""]"
I76130692,Flow Fields & CFD Visualization,10,"[""10.1109/tvcg.2012.253"", ""10.1109/tvcg.2014.2346913"", ""10.1109/tvcg.2022.3209391"", ""10.1109/tvcg.2022.3209468"", ""10.1109/tvcg.2022.3209470"", ""10.1109/tvcg.2022.3209475"", ""10.1109/tvcg.2023.3327148"", ""10.1109/tvcg.2024.3456328"", ""10.1109/vast.2014.7042490"", ""10.1109/vast50239.2020.00006""]"
I76130692,Meshes & Volume Rendering,21,"[""10.1109/tvcg.2014.2346911"", ""10.1109/tvcg.2017.2744218"", ""10.1109/tvcg.2018.2865021"", ""10.1109/tvcg.2018.2865041"", ""10.1109/tvcg.2019.2934630"", ""10.1109/tvcg.2020.3030359"", ""10.1109/tvcg.2020.3030392"", ""10.1109/tvcg.2021.3114781"", ""10.1109/tvcg.2021.3114806"", ""10.1109/tvcg.2021.3114832"", ""10.1109/tvcg.2021.3114861"", ""10.1109/tvcg.2022.3209352"", ""10.1109/tvcg.2022.3209373"", ""10.1109/tvcg.2022.3209388"", ""10.1109/tvcg.2022.3209430"", ""10.1109/tvcg.2022.3209452"", ""10.1109/tvcg.2022.3209497"", ""10.1109/tvcg.2023.3326524"", ""10.1109/tvcg.2024.3456200"", ""10.1109/tvcg.2024.3456216"", ""10.1109/vast50239.2020.00009""]"
I76130692,Surgical Planning & Tomography,6,"[""10.1109/tvcg.2018.2864899"", ""10.1109/tvcg.2020.3030396"", ""10.1109/tvcg.2020.3030467"", ""10.1109/tvcg.2021.3114877"", ""10.1109/tvcg.2022.3209347"", ""10.1109/tvcg.2023.3327162""]"
I76130692,Time Series & Temporal Patterns,5,"[""10.1109/tvcg.2017.2744098"", ""10.1109/tvcg.2018.2865020"", ""10.1109/tvcg.2018.2865126"", ""10.1109/tvcg.2022.3209423"", ""10.1109/vast50239.2020.00015""]"
I76130692,Ultrasound Volume Rendering & Segmentation,2,"[""10.1109/tvcg.2016.2598664"", ""10.1109/tvcg.2021.3114878""]"
I76134821,Dimensionality Reduction & Multivariate Plots,4,"[""10.1109/tvcg.2013.215"", ""10.1109/vast.2012.6400555"", ""10.1109/visual.2004.104"", ""10.1109/visual.2004.98""]"
I76198965,Dimensionality Reduction & Multivariate Plots,6,"[""10.1109/tvcg.2008.118"", ""10.1109/tvcg.2012.186"", ""10.1109/tvcg.2020.3030388"", ""10.1109/tvcg.2022.3209374"", ""10.1109/tvcg.2023.3326523"", ""10.1109/tvcg.2023.3326574""]"
I76569877,Dimensionality Reduction & Multivariate Plots,1,"[""10.1109/tvcg.2019.2934657""]"
I76569877,Flow Fields & CFD Visualization,1,"[""10.1109/tvcg.2023.3326522""]"
I76571253,Dimensionality Reduction & Multivariate Plots,1,"[""10.1109/tvcg.2022.3209487""]"
I76835614,Dimensionality Reduction & Multivariate Plots,1,"[""10.1109/tvcg.2014.2346412""]"
I78577930,Dimensionality Reduction & Multivariate Plots,2,"[""10.1109/tvcg.2018.2865264"", ""10.1109/tvcg.2021.3114796""]"
I78577930,Time Series & Temporal Patterns,1,"[""10.1109/visual.1992.235197""]"
I78577930,Twitter & Social Media,2,"[""10.1109/infvis.1996.559211"", ""10.1109/tvcg.2014.2346432""]"
I78650965,Dashboards & Infographics,1,"[""10.1109/tvcg.2020.3030437""]"
I78650965,Dimensionality Reduction & Multivariate Plots,3,"[""10.1109/tvcg.2020.3030371"", ""10.1109/tvcg.2021.3114866"", ""10.1109/visual.2002.1183778""]"
I78650965,Flow Fields & CFD Visualization,4,"[""10.1109/tvcg.2012.282"", ""10.1109/tvcg.2017.2744019"", ""10.1109/tvcg.2020.3030460"", ""10.1109/tvcg.2022.3209390""]"
I78650965,Meshes & Volume Rendering,3,"[""10.1109/tvcg.2019.2934367"", ""10.1109/tvcg.2020.3028954"", ""10.1109/tvcg.2022.3209400""]"
I7882870,Diffusion MRI & Tractography,1,"[""10.1109/infvis.2002.1173161""]"
I7882870,Dimensionality Reduction & Multivariate Plots,1,"[""10.1109/tvcg.2012.245""]"
I7882870,Flow Fields & CFD Visualization,2,"[""10.1109/tvcg.2021.3114828"", ""10.1109/tvcg.2022.3209448""]"
I7882870,Time Series & Temporal Patterns,3,"[""10.1109/infvis.2003.1249012"", ""10.1109/infvis.2003.1249013"", ""10.1109/tvcg.2022.3209464""]"
I79272384,Diffusion MRI & Tractography,3,"[""10.1109/tvcg.2012.216"", ""10.1109/visual.1996.568109"", ""10.1109/visual.2000.885694""]"
I79272384,Dimensionality Reduction & Multivariate Plots,6,"[""10.1109/infvis.1998.729568"", ""10.1109/tvcg.2013.126"", ""10.1109/tvcg.2015.2467551"", ""10.1109/tvcg.2015.2467554"", ""10.1109/tvcg.2016.2598827"", ""10.1109/visual.2000.885679""]"
I79272384,Flow Fields & CFD Visualization,2,"[""10.1109/tvcg.2012.288"", ""10.1109/vast.2015.7347628""]"
I79272384,Meshes & Volume Rendering,2,"[""10.1109/tvcg.2007.70599"", ""10.1109/visual.1994.346314""]"
I79272384,Surgical Planning & Tomography,1,"[""10.1109/visual.2000.885740""]"
I79510175,Dimensionality Reduction & Multivariate Plots,3,"[""10.1109/tvcg.2021.3114789"", ""10.1109/tvcg.2023.3326932"", ""10.1109/vast47406.2019.8986943""]"
I79510175,Meshes & Volume Rendering,1,"[""10.1109/tvcg.2013.207""]"
I79510175,Surgical Planning & Tomography,2,"[""10.1109/tvcg.2017.2744378"", ""10.1109/tvcg.2023.3326588""]"
I79510175,Time Series & Temporal Patterns,1,"[""10.1109/tvcg.2022.3209423""]"
I79576946,Dimensionality Reduction & Multivariate Plots,1,"[""10.1109/tvcg.2010.161""]"
I79576946,Meshes & Volume Rendering,1,"[""10.1109/tvcg.2023.3327388""]"
I79576946,Time Series & Temporal Patterns,1,"[""10.1109/visual.1993.398872""]"
I79891267,Dimensionality Reduction & Multivariate Plots,2,"[""10.1109/tvcg.2021.3114863"", ""10.1109/tvcg.2022.3209371""]"
I79891267,Flow Fields & CFD Visualization,1,"[""10.1109/tvcg.2022.3209455""]"
I80143920,Time Series & Temporal Patterns,1,"[""10.1109/tvcg.2021.3114694""]"
I80605987,Dimensionality Reduction & Multivariate Plots,1,"[""10.1109/scivis.2015.7429488""]"
I8078737,Dimensionality Reduction & Multivariate Plots,2,"[""10.1109/tvcg.2018.2865193"", ""10.1109/tvcg.2023.3327182""]"
I8078737,Twitter & Social Media,1,"[""10.1109/tvcg.2014.2346434""]"
I8087733,Dashboards & Infographics,2,"[""10.1109/visual.2001.964531"", ""10.1109/visual.2002.1183757""]"
I8087733,Diffusion MRI & Tractography,3,"[""10.1109/visual.1999.809889"", ""10.1109/visual.2002.1183785"", ""10.1109/visual.2005.1532855""]"
I8087733,Dimensionality Reduction & Multivariate Plots,13,"[""10.1109/tvcg.2017.2744805"", ""10.1109/tvcg.2021.3114840"", ""10.1109/visual.1993.398847"", ""10.1109/visual.1996.568124"", ""10.1109/visual.1999.809868"", ""10.1109/visual.1999.809912"", ""10.1109/visual.2000.885672"", ""10.1109/visual.2001.964504"", ""10.1109/visual.2001.964544"", ""10.1109/visual.2002.1183812"", ""10.1109/visual.2002.1183826"", ""10.1109/visual.2003.1250370"", ""10.1109/visual.2003.1250408""]"
I8087733,Meshes & Volume Rendering,4,"[""10.1109/vast.2009.5333911"", ""10.1109/visual.2000.885709"", ""10.1109/visual.2000.885728"", ""10.1109/visual.2005.1532845""]"
I8087733,Surgical Planning & Tomography,1,"[""10.1109/visual.1995.480810""]"
I8087733,VIS Literature & Bibliometrics,1,"[""10.1109/visual.2001.964557""]"
I81020160,Time Series & Temporal Patterns,1,"[""10.1109/infvis.2003.1249018""]"
I81365321,Dimensionality Reduction & Multivariate Plots,1,"[""10.1109/tvcg.2024.3456348""]"
I81365321,Meshes & Volume Rendering,2,"[""10.1109/visual.1994.346328"", ""10.1109/visual.1997.663912""]"
I8204097,Dimensionality Reduction & Multivariate Plots,2,"[""10.1109/tvcg.2015.2467531"", ""10.1109/visual.1993.398864""]"
I8204097,Flow Fields & CFD Visualization,2,"[""10.1109/tvcg.2010.206"", ""10.1109/tvcg.2014.2352953""]"
I8204097,Time Series & Temporal Patterns,2,"[""10.1109/infvis.1998.729559"", ""10.1109/visual.1995.485140""]"
I8204097,Ultrasound Volume Rendering & Segmentation,1,"[""10.1109/tvcg.2012.255""]"
I82495205,Dimensionality Reduction & Multivariate Plots,1,"[""10.1109/vast.2017.8585484""]"
I82495205,Flow Fields & CFD Visualization,1,"[""10.1109/vast.2015.7347628""]"
I82514191,Flow Fields & CFD Visualization,1,"[""10.1109/tvcg.2018.2864903""]"
I83019370,Diffusion MRI & Tractography,6,"[""10.1109/infvis.1999.801860"", ""10.1109/infvis.2002.1173153"", ""10.1109/tvcg.2006.200"", ""10.1109/tvcg.2009.170"", ""10.1109/tvcg.2017.2745140"", ""10.1109/visual.2005.1532779""]"
I83019370,Dimensionality Reduction & Multivariate Plots,31,"[""10.1109/infvis.2003.1249030"", ""10.1109/infvis.2004.43"", ""10.1109/infvis.2004.46"", ""10.1109/infvis.2005.1532125"", ""10.1109/tvcg.2006.147"", ""10.1109/tvcg.2006.192"", ""10.1109/tvcg.2007.70550"", ""10.1109/tvcg.2008.180"", ""10.1109/tvcg.2010.153"", ""10.1109/tvcg.2010.180"", ""10.1109/tvcg.2011.181"", ""10.1109/tvcg.2011.202"", ""10.1109/tvcg.2011.215"", ""10.1109/tvcg.2012.202"", ""10.1109/tvcg.2012.208"", ""10.1109/tvcg.2013.228"", ""10.1109/tvcg.2014.2346274"", ""10.1109/tvcg.2014.2346441"", ""10.1109/tvcg.2014.2352952"", ""10.1109/tvcg.2015.2467112"", ""10.1109/tvcg.2015.2468078"", ""10.1109/tvcg.2017.2745278"", ""10.1109/tvcg.2018.2865043"", ""10.1109/tvcg.2020.3028953"", ""10.1109/tvcg.2021.3114773"", ""10.1109/tvcg.2023.3326582"", ""10.1109/tvcg.2024.3456168"", ""10.1109/visual.1998.745323"", ""10.1109/visual.2004.56"", ""10.1109/visual.2005.1532843"", ""10.1109/visual.2005.1532847""]"
I83019370,Flow Fields & CFD Visualization,7,"[""10.1109/infvis.1999.801851"", ""10.1109/infvis.2003.1249004"", ""10.1109/tvcg.2016.2598619"", ""10.1109/tvcg.2019.2934289"", ""10.1109/tvcg.2021.3114835"", ""10.1109/tvcg.2024.3456598"", ""10.1109/visual.2005.1532781""]"
I83019370,Meshes & Volume Rendering,5,"[""10.1109/tvcg.2014.2346437"", ""10.1109/tvcg.2024.3456298"", ""10.1109/visual.2003.1250363"", ""10.1109/visual.2003.1250377"", ""10.1109/visual.2004.32""]"
I83019370,Surgical Planning & Tomography,2,"[""10.1109/tvcg.2020.3030383"", ""10.1109/vast.2011.6102453""]"
I83019370,Time Series & Temporal Patterns,3,"[""10.1109/tvcg.2011.201"", ""10.1109/tvcg.2015.2467872"", ""10.1109/tvcg.2023.3326600""]"
I83019370,Twitter & Social Media,2,"[""10.1109/vast.2009.5333023"", ""10.1109/visual.2001.964495""]"
I83019370,Ultrasound Volume Rendering & Segmentation,1,"[""10.1109/infvis.2004.25""]"
I83436808,Dimensionality Reduction & Multivariate Plots,2,"[""10.1109/tvcg.2020.3030414"", ""10.1109/tvcg.2024.3456215""]"
I83436808,VIS Literature & Bibliometrics,1,"[""10.1109/tvcg.2016.2598796""]"
I83816512,Dimensionality Reduction & Multivariate Plots,2,"[""10.1109/visual.1997.663865"", ""10.1109/visual.1998.745283""]"
I84218800,Dashboards & Infographics,5,"[""10.1109/tvcg.2012.194"", ""10.1109/tvcg.2022.3209473"", ""10.1109/visual.1999.809908"", ""10.1109/visual.2001.964525"", ""10.1109/visual.2003.1250389""]"
I84218800,Diffusion MRI & Tractography,9,"[""10.1109/tvcg.2008.162"", ""10.1109/tvcg.2009.189"", ""10.1109/tvcg.2010.187"", ""10.1109/tvcg.2010.215"", ""10.1109/tvcg.2013.172"", ""10.1109/tvcg.2018.2864841"", ""10.1109/tvcg.2023.3327107"", ""10.1109/visual.2003.1250413"", ""10.1109/visual.2004.64""]"
I84218800,Dimensionality Reduction & Multivariate Plots,46,"[""10.1109/infvis.2003.1249009"", ""10.1109/tvcg.2006.188"", ""10.1109/tvcg.2007.70519"", ""10.1109/tvcg.2007.70543"", ""10.1109/tvcg.2007.70590"", ""10.1109/tvcg.2008.140"", ""10.1109/tvcg.2008.157"", ""10.1109/tvcg.2008.158"", ""10.1109/tvcg.2009.123"", ""10.1109/tvcg.2009.136"", ""10.1109/tvcg.2009.196"", ""10.1109/tvcg.2010.156"", ""10.1109/tvcg.2012.227"", ""10.1109/tvcg.2012.285"", ""10.1109/tvcg.2012.286"", ""10.1109/tvcg.2013.123"", ""10.1109/tvcg.2013.138"", ""10.1109/tvcg.2013.141"", ""10.1109/tvcg.2014.2346456"", ""10.1109/tvcg.2016.2598797"", ""10.1109/tvcg.2017.2743858"", ""10.1109/tvcg.2017.2745139"", ""10.1109/tvcg.2019.2934368"", ""10.1109/tvcg.2019.2934537"", ""10.1109/tvcg.2020.3030385"", ""10.1109/tvcg.2024.3456373"", ""10.1109/tvcg.2024.3456398"", ""10.1109/vast.2009.5332593"", ""10.1109/vast.2009.5332611"", ""10.1109/vast.2014.7042479"", ""10.1109/vast.2017.8585646"", ""10.1109/vast50239.2020.00008"", ""10.1109/vast50239.2020.00010"", ""10.1109/visual.1991.175785"", ""10.1109/visual.1997.663906"", ""10.1109/visual.1998.745315"", ""10.1109/visual.1999.809871"", ""10.1109/visual.2000.885678"", ""10.1109/visual.2000.885717"", ""10.1109/visual.2002.1183772"", ""10.1109/visual.2002.1183791"", ""10.1109/visual.2002.1183810"", ""10.1109/visual.2004.4"", ""10.1109/visual.2004.80"", ""10.1109/visual.2005.1532825"", ""10.1109/visual.2005.1532826""]"
I84218800,Flow Fields & CFD Visualization,3,"[""10.1109/tvcg.2012.233"", ""10.1109/tvcg.2019.2934785"", ""10.1109/tvcg.2020.3028889""]"
I84218800,Meshes & Volume Rendering,18,"[""10.1109/tvcg.2007.70551"", ""10.1109/tvcg.2007.70579"", ""10.1109/tvcg.2007.70615"", ""10.1109/tvcg.2008.133"", ""10.1109/tvcg.2009.190"", ""10.1109/tvcg.2010.173"", ""10.1109/tvcg.2010.212"", ""10.1109/tvcg.2010.218"", ""10.1109/tvcg.2011.162"", ""10.1109/tvcg.2012.211"", ""10.1109/tvcg.2014.2346423"", ""10.1109/tvcg.2016.2598789"", ""10.1109/tvcg.2018.2865021"", ""10.1109/visual.1999.809863"", ""10.1109/visual.2000.885742"", ""10.1109/visual.2001.964506"", ""10.1109/visual.2004.122"", ""10.1109/visual.2004.5""]"
I84218800,Surgical Planning & Tomography,14,"[""10.1109/tvcg.2007.70516"", ""10.1109/tvcg.2012.212"", ""10.1109/tvcg.2012.244"", ""10.1109/tvcg.2014.2346319"", ""10.1109/tvcg.2016.2598876"", ""10.1109/tvcg.2019.2934396"", ""10.1109/tvcg.2019.2934401"", ""10.1109/tvcg.2020.3030412"", ""10.1109/tvcg.2020.3030453"", ""10.1109/tvcg.2022.3209465"", ""10.1109/tvcg.2022.3209498"", ""10.1109/tvcg.2023.3326578"", ""10.1109/visual.1999.809910"", ""10.1109/visual.2001.964520""]"
I84218800,Time Series & Temporal Patterns,7,"[""10.1109/tvcg.2012.280"", ""10.1109/tvcg.2014.2346594"", ""10.1109/tvcg.2019.2934251"", ""10.1109/tvcg.2019.2934433"", ""10.1109/tvcg.2021.3114807"", ""10.1109/tvcg.2023.3327187"", ""10.1109/vast.2010.5652460""]"
I84218800,Twitter & Social Media,8,"[""10.1109/tvcg.2007.70552"", ""10.1109/tvcg.2007.70603"", ""10.1109/tvcg.2008.110"", ""10.1109/tvcg.2011.254"", ""10.1109/tvcg.2012.200"", ""10.1109/vast.2012.6400494"", ""10.1109/visual.2003.1250365"", ""10.1109/visual.2005.1532839""]"
I84218800,Ultrasound Volume Rendering & Segmentation,2,"[""10.1109/visual.2002.1183816"", ""10.1109/visual.2003.1250415""]"
I84218800,VIS Literature & Bibliometrics,7,"[""10.1109/tvcg.2007.70575"", ""10.1109/tvcg.2012.239"", ""10.1109/tvcg.2012.283"", ""10.1109/visual.1996.568146"", ""10.1109/visual.1996.568147"", ""10.1109/visual.2002.1183805"", ""10.1109/visual.2005.1532795""]"
I84392919,Flow Fields & CFD Visualization,1,"[""10.1109/tvcg.2021.3114805""]"
I84392919,Time Series & Temporal Patterns,1,"[""10.1109/visual.1990.146389""]"
I84653119,Dimensionality Reduction & Multivariate Plots,1,"[""10.1109/vast50239.2020.00012""]"
I848706,Diffusion MRI & Tractography,2,"[""10.1109/tvcg.2020.3030419"", ""10.1109/tvcg.2022.3209450""]"
I848706,Time Series & Temporal Patterns,2,"[""10.1109/tvcg.2021.3114765"", ""10.1109/tvcg.2021.3114833""]"
I84884186,Dimensionality Reduction & Multivariate Plots,1,"[""10.1109/tvcg.2024.3456192""]"
I84884186,Flow Fields & CFD Visualization,1,"[""10.1109/tvcg.2024.3456328""]"
I84884186,Time Series & Temporal Patterns,1,"[""10.1109/tvcg.2024.3456311""]"
I85384741,Meshes & Volume Rendering,1,"[""10.1109/tvcg.2015.2467291""]"
I859038795,Dimensionality Reduction & Multivariate Plots,20,"[""10.1109/infvis.2002.1173142"", ""10.1109/infvis.2002.1173158"", ""10.1109/infvis.2003.1249020"", ""10.1109/tvcg.2008.145"", ""10.1109/tvcg.2009.109"", ""10.1109/tvcg.2009.155"", ""10.1109/tvcg.2010.171"", ""10.1109/tvcg.2012.260"", ""10.1109/tvcg.2014.2346744"", ""10.1109/tvcg.2020.3030358"", ""10.1109/tvcg.2022.3209478"", ""10.1109/tvcg.2024.3456143"", ""10.1109/tvcg.2024.3456356"", ""10.1109/vast.2010.5652932"", ""10.1109/vast.2012.6400560"", ""10.1109/vast.2014.7042492"", ""10.1109/vast.2015.7347635"", ""10.1109/vast.2018.8802424"", ""10.1109/visual.1999.809921"", ""10.1109/visual.2005.1532821""]"
I859038795,Flow Fields & CFD Visualization,9,"[""10.1109/infvis.2002.1173146"", ""10.1109/infvis.2005.1532151"", ""10.1109/tvcg.2006.184"", ""10.1109/tvcg.2013.205"", ""10.1109/tvcg.2014.2346665"", ""10.1109/tvcg.2019.2934784"", ""10.1109/tvcg.2023.3326568"", ""10.1109/vast.2012.6400559"", ""10.1109/vast.2015.7347628""]"
I859038795,Meshes & Volume Rendering,7,"[""10.1109/infvis.2004.5"", ""10.1109/scivis.2015.7429485"", ""10.1109/tvcg.2007.70544"", ""10.1109/tvcg.2008.126"", ""10.1109/tvcg.2013.188"", ""10.1109/tvcg.2022.3209353"", ""10.1109/visual.2004.128""]"
I859038795,Time Series & Temporal Patterns,7,"[""10.1109/tvcg.2012.258"", ""10.1109/tvcg.2017.2745258"", ""10.1109/tvcg.2018.2865047"", ""10.1109/tvcg.2020.3028890"", ""10.1109/vast.2009.5333245"", ""10.1109/vast.2011.6102449"", ""10.1109/visual.2002.1183806""]"
I859038795,VIS Literature & Bibliometrics,1,"[""10.1109/visual.1998.745351""]"
I86122600,Dimensionality Reduction & Multivariate Plots,1,"[""10.1109/visual.2000.885730""]"
I86122600,VIS Literature & Bibliometrics,2,"[""10.1109/visual.1993.398857"", ""10.1109/visual.2004.112""]"
I861853513,Ultrasound Volume Rendering & Segmentation,2,"[""10.1109/tvcg.2006.185"", ""10.1109/tvcg.2018.2865028""]"
I86501945,Meshes & Volume Rendering,1,"[""10.1109/infvis.2002.1173154""]"
I86519309,Diffusion MRI & Tractography,1,"[""10.1109/infvis.2002.1173150""]"
I86519309,Dimensionality Reduction & Multivariate Plots,5,"[""10.1109/tvcg.2017.2743978"", ""10.1109/vast.2011.6102462"", ""10.1109/visual.1997.663875"", ""10.1109/visual.1999.809902"", ""10.1109/visual.2000.885724""]"
I86519309,Flow Fields & CFD Visualization,2,"[""10.1109/tvcg.2018.2865025"", ""10.1109/visual.2004.103""]"
I86519309,Meshes & Volume Rendering,3,"[""10.1109/tvcg.2007.70526"", ""10.1109/tvcg.2008.146"", ""10.1109/visual.2005.1532858""]"
I86519309,Surgical Planning & Tomography,1,"[""10.1109/visual.1990.146377""]"
I86519309,Time Series & Temporal Patterns,1,"[""10.1109/tvcg.2024.3456407""]"
I86519309,VIS Literature & Bibliometrics,1,"[""10.1109/tvcg.2019.2934260""]"
I865915315,VIS Literature & Bibliometrics,1,"[""10.1109/visual.1998.745335""]"
I86755215,Dimensionality Reduction & Multivariate Plots,1,"[""10.1109/tvcg.2009.187""]"
I8692664,Dimensionality Reduction & Multivariate Plots,7,"[""10.1109/tvcg.2009.129"", ""10.1109/tvcg.2013.220"", ""10.1109/tvcg.2024.3456385"", ""10.1109/vast.2010.5652520"", ""10.1109/vast.2012.6400493"", ""10.1109/vast.2012.6400552"", ""10.1109/vast50239.2020.00012""]"
I8692664,Surgical Planning & Tomography,1,"[""10.1109/tvcg.2024.3456359""]"
I86987016,Diffusion MRI & Tractography,1,"[""10.1109/tvcg.2018.2865265""]"
I86987016,Meshes & Volume Rendering,1,"[""10.1109/tvcg.2015.2467292""]"
I86987016,Twitter & Social Media,1,"[""10.1109/tvcg.2022.3209387""]"
I87097829,Dimensionality Reduction & Multivariate Plots,1,"[""10.1109/visual.1999.809883""]"
I87097829,Flow Fields & CFD Visualization,1,"[""10.1109/visual.2000.885712""]"
I87182695,Dimensionality Reduction & Multivariate Plots,5,"[""10.1109/tvcg.2016.2598667"", ""10.1109/tvcg.2019.2934402"", ""10.1109/tvcg.2020.3030366"", ""10.1109/tvcg.2020.3030442"", ""10.1109/tvcg.2021.3114780""]"
I87182695,Time Series & Temporal Patterns,1,"[""10.1109/tvcg.2019.2934788""]"
I87216513,Dimensionality Reduction & Multivariate Plots,6,"[""10.1109/tvcg.2021.3114790"", ""10.1109/tvcg.2023.3327359"", ""10.1109/tvcg.2024.3456181"", ""10.1109/tvcg.2024.3456348"", ""10.1109/vast.2016.7883511"", ""10.1109/visual.1993.398866""]"
I87216513,Surgical Planning & Tomography,1,"[""10.1109/tvcg.2017.2744683""]"
I87216513,Twitter & Social Media,1,"[""10.1109/tvcg.2019.2934242""]"
I87216513,Ultrasound Volume Rendering & Segmentation,1,"[""10.1109/tvcg.2015.2467555""]"
I87303767,Diffusion MRI & Tractography,1,"[""10.1109/visual.2001.964535""]"
I87354575,Dimensionality Reduction & Multivariate Plots,1,"[""10.1109/tvcg.2011.205""]"
I87445476,Dimensionality Reduction & Multivariate Plots,1,"[""10.1109/tvcg.2020.3030370""]"
I87445476,Flow Fields & CFD Visualization,1,"[""10.1109/vast.2018.8802383""]"
I87445476,Ultrasound Volume Rendering & Segmentation,1,"[""10.1109/vast.2011.6102458""]"
I880747138,Dimensionality Reduction & Multivariate Plots,2,"[""10.1109/vast.2006.261450"", ""10.1109/visual.1994.346300""]"
I880747138,Meshes & Volume Rendering,1,"[""10.1109/visual.2003.1250419""]"
I88101031,Dimensionality Reduction & Multivariate Plots,1,"[""10.1109/visual.2001.964548""]"
I887064364,Dimensionality Reduction & Multivariate Plots,3,"[""10.1109/tvcg.2020.3030408"", ""10.1109/vast.2011.6102451"", ""10.1109/visual.1998.745323""]"
I887064364,Flow Fields & CFD Visualization,1,"[""10.1109/tvcg.2019.2934289""]"
I887064364,Surgical Planning & Tomography,3,"[""10.1109/tvcg.2020.3030383"", ""10.1109/vast.2010.5652398"", ""10.1109/vast.2014.7042476""]"
I88773910,Flow Fields & CFD Visualization,1,"[""10.1109/infvis.2002.1173163""]"
I887968799,Dimensionality Reduction & Multivariate Plots,4,"[""10.1109/tvcg.2008.142"", ""10.1109/tvcg.2016.2598467"", ""10.1109/tvcg.2017.2744138"", ""10.1109/visual.2002.1183771""]"
I887968799,Meshes & Volume Rendering,1,"[""10.1109/visual.2000.885688""]"
I887968799,Surgical Planning & Tomography,1,"[""10.1109/visual.2001.964521""]"
I887968799,Time Series & Temporal Patterns,1,"[""10.1109/vast.2012.6400488""]"
I888729015,Meshes & Volume Rendering,1,"[""10.1109/visual.1991.175772""]"
I889458895,Diffusion MRI & Tractography,5,"[""10.1109/tvcg.2008.132"", ""10.1109/tvcg.2008.159"", ""10.1109/tvcg.2009.112"", ""10.1109/tvcg.2009.172"", ""10.1109/tvcg.2017.2744080""]"
I889458895,Dimensionality Reduction & Multivariate Plots,39,"[""10.1109/tvcg.2007.70523"", ""10.1109/tvcg.2008.135"", ""10.1109/tvcg.2010.154"", ""10.1109/tvcg.2011.239"", ""10.1109/tvcg.2014.2346746"", ""10.1109/tvcg.2014.2346893"", ""10.1109/tvcg.2015.2467194"", ""10.1109/tvcg.2015.2467691"", ""10.1109/tvcg.2015.2468151"", ""10.1109/tvcg.2016.2598432"", ""10.1109/tvcg.2016.2598465"", ""10.1109/tvcg.2016.2598867"", ""10.1109/tvcg.2017.2744159"", ""10.1109/tvcg.2017.2745083"", ""10.1109/tvcg.2017.2745320"", ""10.1109/tvcg.2018.2864814"", ""10.1109/tvcg.2018.2865018"", ""10.1109/tvcg.2019.2934267"", ""10.1109/tvcg.2019.2934275"", ""10.1109/tvcg.2019.2934798"", ""10.1109/tvcg.2020.3030370"", ""10.1109/tvcg.2020.3030469"", ""10.1109/tvcg.2021.3114790"", ""10.1109/tvcg.2021.3114794"", ""10.1109/tvcg.2021.3114863"", ""10.1109/tvcg.2022.3209360"", ""10.1109/tvcg.2022.3209385"", ""10.1109/tvcg.2022.3209408"", ""10.1109/tvcg.2022.3209447"", ""10.1109/tvcg.2022.3209483"", ""10.1109/tvcg.2023.3327153"", ""10.1109/tvcg.2023.3327155"", ""10.1109/tvcg.2023.3327168"", ""10.1109/tvcg.2024.3456159"", ""10.1109/tvcg.2024.3456333"", ""10.1109/tvcg.2024.3456387"", ""10.1109/vast.2011.6102455"", ""10.1109/vast.2017.8585721"", ""10.1109/vast.2018.8802454""]"
I889458895,Flow Fields & CFD Visualization,22,"[""10.1109/tvcg.2012.253"", ""10.1109/tvcg.2015.2467851"", ""10.1109/tvcg.2016.2598444"", ""10.1109/tvcg.2016.2599378"", ""10.1109/tvcg.2019.2934398"", ""10.1109/tvcg.2019.2934660"", ""10.1109/tvcg.2019.2934810"", ""10.1109/tvcg.2020.3030337"", ""10.1109/tvcg.2022.3209386"", ""10.1109/tvcg.2022.3209391"", ""10.1109/tvcg.2022.3209434"", ""10.1109/tvcg.2022.3209440"", ""10.1109/tvcg.2022.3209468"", ""10.1109/tvcg.2022.3209475"", ""10.1109/tvcg.2023.3326522"", ""10.1109/tvcg.2023.3326913"", ""10.1109/tvcg.2023.3327170"", ""10.1109/tvcg.2023.3327389"", ""10.1109/tvcg.2024.3456210"", ""10.1109/tvcg.2024.3456363"", ""10.1109/vast.2014.7042490"", ""10.1109/vast.2016.7883517""]"
I889458895,Meshes & Volume Rendering,8,"[""10.1109/tvcg.2007.70530"", ""10.1109/tvcg.2008.182"", ""10.1109/tvcg.2016.2598415"", ""10.1109/tvcg.2020.3030392"", ""10.1109/tvcg.2021.3114806"", ""10.1109/tvcg.2023.3326586"", ""10.1109/tvcg.2024.3456368"", ""10.1109/vast.2015.7347633""]"
I889458895,Surgical Planning & Tomography,16,"[""10.1109/tvcg.2018.2864475"", ""10.1109/tvcg.2018.2864812"", ""10.1109/tvcg.2018.2865232"", ""10.1109/tvcg.2019.2934332"", ""10.1109/tvcg.2019.2934656"", ""10.1109/tvcg.2020.3030342"", ""10.1109/tvcg.2020.3030396"", ""10.1109/tvcg.2020.3030423"", ""10.1109/tvcg.2020.3030449"", ""10.1109/tvcg.2020.3030471"", ""10.1109/tvcg.2021.3114774"", ""10.1109/tvcg.2021.3114822"", ""10.1109/tvcg.2021.3114826"", ""10.1109/tvcg.2021.3114836"", ""10.1109/tvcg.2023.3327197"", ""10.1109/tvcg.2024.3456330""]"
I889458895,Time Series & Temporal Patterns,6,"[""10.1109/tvcg.2009.156"", ""10.1109/tvcg.2011.188"", ""10.1109/tvcg.2017.2744738"", ""10.1109/tvcg.2018.2864887"", ""10.1109/tvcg.2022.3209463"", ""10.1109/tvcg.2023.3326943""]"
I889458895,Twitter & Social Media,2,"[""10.1109/tvcg.2014.2346912"", ""10.1109/tvcg.2023.3326908""]"
I889458895,Ultrasound Volume Rendering & Segmentation,3,"[""10.1109/tvcg.2018.2864825"", ""10.1109/tvcg.2019.2934613"", ""10.1109/vast.2011.6102458""]"
I889458895,VIS Literature & Bibliometrics,1,"[""10.1109/tvcg.2018.2864506""]"
I889804353,Dimensionality Reduction & Multivariate Plots,1,"[""10.1109/tvcg.2022.3209466""]"
I889804353,Meshes & Volume Rendering,1,"[""10.1109/tvcg.2007.70544""]"
I889804353,Surgical Planning & Tomography,2,"[""10.1109/tvcg.2020.3030350"", ""10.1109/tvcg.2021.3114855""]"
I897549280,Dimensionality Reduction & Multivariate Plots,1,"[""10.1109/tvcg.2016.2598918""]"
I89864525,Dimensionality Reduction & Multivariate Plots,1,"[""10.1109/tvcg.2011.226""]"
I89864525,Flow Fields & CFD Visualization,1,"[""10.1109/tvcg.2010.209""]"
I89864525,VIS Literature & Bibliometrics,1,"[""10.1109/vast.2016.7883520""]"
I899635006,Diffusion MRI & Tractography,1,"[""10.1109/tvcg.2007.70540""]"
I901242617,VIS Literature & Bibliometrics,1,"[""10.1109/tvcg.2014.2346451""]"
I901403493,Meshes & Volume Rendering,1,"[""10.1109/tvcg.2014.2346425""]"
I90183372,Diffusion MRI & Tractography,1,"[""10.1109/tvcg.2009.183""]"
I90727586,Diffusion MRI & Tractography,1,"[""10.1109/tvcg.2023.3327371""]"
I90727586,Dimensionality Reduction & Multivariate Plots,5,"[""10.1109/tvcg.2015.2467691"", ""10.1109/tvcg.2018.2864503"", ""10.1109/tvcg.2020.3030428"", ""10.1109/tvcg.2020.3030440"", ""10.1109/vast50239.2020.00011""]"
I90727586,Time Series & Temporal Patterns,2,"[""10.1109/tvcg.2014.2346594"", ""10.1109/tvcg.2017.2744098""]"
I90965887,Meshes & Volume Rendering,1,"[""10.1109/tvcg.2011.176""]"
I90965887,Time Series & Temporal Patterns,1,"[""10.1109/vast.2012.6400489""]"
I91045830,Dimensionality Reduction & Multivariate Plots,4,"[""10.1109/tvcg.2007.70559"", ""10.1109/tvcg.2015.2467551"", ""10.1109/visual.1994.346293"", ""10.1109/visual.1998.745303""]"
I91045830,Flow Fields & CFD Visualization,1,"[""10.1109/tvcg.2024.3456363""]"
I91045830,Meshes & Volume Rendering,2,"[""10.1109/tvcg.2006.197"", ""10.1109/tvcg.2008.179""]"
I91045830,VIS Literature & Bibliometrics,1,"[""10.1109/visual.1997.663931""]"
I91136226,Dimensionality Reduction & Multivariate Plots,2,"[""10.1109/tvcg.2006.202"", ""10.1109/tvcg.2021.3114868""]"
I91203450,Dimensionality Reduction & Multivariate Plots,3,"[""10.1109/tvcg.2015.2467322"", ""10.1109/tvcg.2021.3114874"", ""10.1109/visual.2002.1183787""]"
I91203450,Time Series & Temporal Patterns,1,"[""10.1109/tvcg.2019.2934811""]"
I9146737,Time Series & Temporal Patterns,1,"[""10.1109/tvcg.2007.70535""]"
I91712215,Dimensionality Reduction & Multivariate Plots,2,"[""10.1109/tvcg.2007.70542"", ""10.1109/tvcg.2007.70566""]"
I91712215,Meshes & Volume Rendering,1,"[""10.1109/scivis.2015.7429490""]"
I91807558,Diffusion MRI & Tractography,1,"[""10.1109/tvcg.2008.132""]"
I921990950,Meshes & Volume Rendering,1,"[""10.1109/visual.1996.568133""]"
I92446798,Dimensionality Reduction & Multivariate Plots,1,"[""10.1109/tvcg.2021.3114783""]"
I92528248,Meshes & Volume Rendering,1,"[""10.1109/tvcg.2021.3114788""]"
I926574661,Dimensionality Reduction & Multivariate Plots,12,"[""10.1109/scivis.2015.7429491"", ""10.1109/tvcg.2006.196"", ""10.1109/tvcg.2008.116"", ""10.1109/tvcg.2009.197"", ""10.1109/tvcg.2010.217"", ""10.1109/tvcg.2012.249"", ""10.1109/tvcg.2018.2864846"", ""10.1109/tvcg.2020.3028955"", ""10.1109/tvcg.2020.3028975"", ""10.1109/tvcg.2020.3030395"", ""10.1109/vast.2017.8585505"", ""10.1109/visual.2005.1532773""]"
I926574661,Meshes & Volume Rendering,11,"[""10.1109/tvcg.2007.70557"", ""10.1109/tvcg.2007.70615"", ""10.1109/tvcg.2008.143"", ""10.1109/tvcg.2010.166"", ""10.1109/tvcg.2011.162"", ""10.1109/tvcg.2012.198"", ""10.1109/tvcg.2019.2934367"", ""10.1109/vast.2009.5333911"", ""10.1109/visual.2004.107"", ""10.1109/visual.2004.113"", ""10.1109/visual.2005.1532848""]"
I93085520,Dimensionality Reduction & Multivariate Plots,4,"[""10.1109/infvis.1997.636791"", ""10.1109/visual.1990.146401"", ""10.1109/visual.2000.885704"", ""10.1109/visual.2005.1532786""]"
I93085520,Surgical Planning & Tomography,2,"[""10.1109/infvis.1998.729565"", ""10.1109/visual.1997.663880""]"
I93860229,Dimensionality Reduction & Multivariate Plots,1,"[""10.1109/tvcg.2024.3456353""]"
I94234084,Dimensionality Reduction & Multivariate Plots,1,"[""10.1109/tvcg.2024.3456360""]"
I94328231,Flow Fields & CFD Visualization,1,"[""10.1109/tvcg.2019.2934415""]"
I94509681,Dimensionality Reduction & Multivariate Plots,1,"[""10.1109/infvis.1995.528683""]"
I94509681,Meshes & Volume Rendering,1,"[""10.1109/tvcg.2012.281""]"
I94509681,Time Series & Temporal Patterns,4,"[""10.1109/tvcg.2011.237"", ""10.1109/vast.2009.5332628"", ""10.1109/vast.2010.5652433"", ""10.1109/vast.2011.6102437""]"
I94624287,Flow Fields & CFD Visualization,1,"[""10.1109/tvcg.2019.2934289""]"
I94626330,Dimensionality Reduction & Multivariate Plots,1,"[""10.1109/tvcg.2024.3456199""]"
I94626330,VIS Literature & Bibliometrics,1,"[""10.1109/tvcg.2021.3114797""]"
I94722563,Dimensionality Reduction & Multivariate Plots,1,"[""10.1109/tvcg.2023.3327203""]"
I95457486,Dashboards & Infographics,1,"[""10.1109/tvcg.2006.143""]"
I95457486,Diffusion MRI & Tractography,3,"[""10.1109/infvis.2003.1249032"", ""10.1109/tvcg.2010.186"", ""10.1109/visual.1991.175834""]"
I95457486,Dimensionality Reduction & Multivariate Plots,18,"[""10.1109/infvis.2005.1532126"", ""10.1109/tvcg.2006.163"", ""10.1109/tvcg.2006.178"", ""10.1109/tvcg.2008.137"", ""10.1109/tvcg.2012.229"", ""10.1109/tvcg.2014.2346446"", ""10.1109/tvcg.2021.3114780"", ""10.1109/tvcg.2021.3114796"", ""10.1109/tvcg.2021.3114824"", ""10.1109/tvcg.2022.3209383"", ""10.1109/tvcg.2022.3209405"", ""10.1109/tvcg.2024.3456353"", ""10.1109/vast.2006.261450"", ""10.1109/vast.2007.4389011"", ""10.1109/vast.2008.4677353"", ""10.1109/visual.1993.398855"", ""10.1109/visual.1997.663855"", ""10.1109/visual.2002.1183783""]"
I95457486,Flow Fields & CFD Visualization,6,"[""10.1109/tvcg.2007.70589"", ""10.1109/tvcg.2012.219"", ""10.1109/tvcg.2012.233"", ""10.1109/tvcg.2013.164"", ""10.1109/tvcg.2018.2865040"", ""10.1109/tvcg.2019.2934666""]"
I95457486,Time Series & Temporal Patterns,1,"[""10.1109/tvcg.2024.3456324""]"
I95457486,Twitter & Social Media,1,"[""10.1109/tvcg.2012.200""]"
I95457486,VIS Literature & Bibliometrics,1,"[""10.1109/tvcg.2007.70539""]"
I95674353,Time Series & Temporal Patterns,1,"[""10.1109/tvcg.2022.3209449""]"
I95793202,Diffusion MRI & Tractography,1,"[""10.1109/tvcg.2015.2467435""]"
I95793202,Dimensionality Reduction & Multivariate Plots,12,"[""10.1109/tvcg.2008.161"", ""10.1109/tvcg.2010.146"", ""10.1109/tvcg.2012.202"", ""10.1109/tvcg.2013.169"", ""10.1109/tvcg.2013.189"", ""10.1109/tvcg.2014.2346405"", ""10.1109/tvcg.2014.2346591"", ""10.1109/tvcg.2015.2467203"", ""10.1109/tvcg.2015.2467961"", ""10.1109/tvcg.2015.2468291"", ""10.1109/tvcg.2022.3209374"", ""10.1109/visual.2001.964554""]"
I95793202,Meshes & Volume Rendering,4,"[""10.1109/tvcg.2009.154"", ""10.1109/tvcg.2010.198"", ""10.1109/tvcg.2014.2346415"", ""10.1109/tvcg.2015.2467200""]"
I95793202,Time Series & Temporal Patterns,2,"[""10.1109/tvcg.2011.200"", ""10.1109/tvcg.2013.182""]"
I9617848,Dimensionality Reduction & Multivariate Plots,1,"[""10.1109/visual.1997.663917""]"
I9617848,Flow Fields & CFD Visualization,2,"[""10.1109/tvcg.2015.2467293"", ""10.1109/tvcg.2016.2598825""]"
I97018004,Diffusion MRI & Tractography,4,"[""10.1109/infvis.1997.636718"", ""10.1109/tvcg.2010.186"", ""10.1109/visual.2003.1250392"", ""10.1109/visual.2004.30""]"
I97018004,Dimensionality Reduction & Multivariate Plots,30,"[""10.1109/infvis.1999.801852"", ""10.1109/infvis.1999.801869"", ""10.1109/infvis.2000.885086"", ""10.1109/infvis.2000.885087"", ""10.1109/infvis.2002.1173141"", ""10.1109/infvis.2002.1173145"", ""10.1109/infvis.2003.1249007"", ""10.1109/infvis.2005.1532150"", ""10.1109/tvcg.2007.70594"", ""10.1109/tvcg.2007.70617"", ""10.1109/tvcg.2009.174"", ""10.1109/tvcg.2010.130"", ""10.1109/tvcg.2010.144"", ""10.1109/tvcg.2011.185"", ""10.1109/tvcg.2011.190"", ""10.1109/tvcg.2012.196"", ""10.1109/tvcg.2014.2346978"", ""10.1109/tvcg.2015.2467091"", ""10.1109/tvcg.2016.2599030"", ""10.1109/tvcg.2019.2934431"", ""10.1109/tvcg.2022.3209467"", ""10.1109/tvcg.2023.3327150"", ""10.1109/vast.2011.6102441"", ""10.1109/visual.1993.398871"", ""10.1109/visual.1994.346326"", ""10.1109/visual.1999.809890"", ""10.1109/visual.2001.964548"", ""10.1109/visual.2003.1250353"", ""10.1109/visual.2003.1250369"", ""10.1109/visual.2004.50""]"
I97018004,Flow Fields & CFD Visualization,5,"[""10.1109/tvcg.2012.219"", ""10.1109/tvcg.2016.2599107"", ""10.1109/tvcg.2017.2744684"", ""10.1109/tvcg.2018.2865159"", ""10.1109/vast.2008.4677357""]"
I97018004,Meshes & Volume Rendering,5,"[""10.1109/scivis.2015.7429485"", ""10.1109/tvcg.2014.2346371"", ""10.1109/visual.1990.146359"", ""10.1109/visual.1998.745291"", ""10.1109/visual.1999.809874""]"
I97018004,Surgical Planning & Tomography,5,"[""10.1109/tvcg.2010.179"", ""10.1109/tvcg.2020.3030433"", ""10.1109/tvcg.2022.3209435"", ""10.1109/tvcg.2023.3326591"", ""10.1109/visual.1993.398845""]"
I97018004,Time Series & Temporal Patterns,2,"[""10.1109/tvcg.2011.167"", ""10.1109/vast.2006.261423""]"
I97018004,Twitter & Social Media,3,"[""10.1109/tvcg.2008.178"", ""10.1109/tvcg.2011.177"", ""10.1109/visual.2004.106""]"
I97018004,Ultrasound Volume Rendering & Segmentation,2,"[""10.1109/infvis.1996.559226"", ""10.1109/vast.2006.261436""]"
I9736820,Diffusion MRI & Tractography,1,"[""10.1109/tvcg.2019.2934535""]"
I9736820,Dimensionality Reduction & Multivariate Plots,2,"[""10.1109/tvcg.2009.151"", ""10.1109/tvcg.2023.3326907""]"
I97429440,Diffusion MRI & Tractography,1,"[""10.1109/visual.2000.885696""]"
I97429440,Meshes & Volume Rendering,2,"[""10.1109/visual.2002.1183790"", ""10.1109/visual.2003.1250401""]"
I97750245,Time Series & Temporal Patterns,1,"[""10.1109/tvcg.2014.2346572""]"
I98251732,Flow Fields & CFD Visualization,1,"[""10.1109/tvcg.2009.127""]"
I98358874,Diffusion MRI & Tractography,3,"[""10.1109/tvcg.2015.2467435"", ""10.1109/tvcg.2019.2934658"", ""10.1109/visual.2005.1532778""]"
I98358874,Dimensionality Reduction & Multivariate Plots,14,"[""10.1109/tvcg.2006.158"", ""10.1109/tvcg.2008.131"", ""10.1109/tvcg.2010.134"", ""10.1109/tvcg.2012.292"", ""10.1109/tvcg.2015.2467961"", ""10.1109/tvcg.2015.2468291"", ""10.1109/tvcg.2016.2598826"", ""10.1109/tvcg.2017.2744318"", ""10.1109/tvcg.2020.3030336"", ""10.1109/tvcg.2023.3326582"", ""10.1109/tvcg.2024.3456361"", ""10.1109/visual.1995.485141"", ""10.1109/visual.1996.568134"", ""10.1109/visual.2003.1250397""]"
I98358874,Flow Fields & CFD Visualization,1,"[""10.1109/tvcg.2009.181""]"
I98358874,Meshes & Volume Rendering,6,"[""10.1109/tvcg.2020.3030452"", ""10.1109/visual.1993.398849"", ""10.1109/visual.1993.398850"", ""10.1109/visual.1995.480817"", ""10.1109/visual.1995.485158"", ""10.1109/visual.1998.745333""]"
I98358874,Surgical Planning & Tomography,3,"[""10.1109/tvcg.2016.2598603"", ""10.1109/tvcg.2017.2744358"", ""10.1109/tvcg.2021.3114849""]"
I98358874,Time Series & Temporal Patterns,3,"[""10.1109/tvcg.2015.2467872"", ""10.1109/tvcg.2019.2934307"", ""10.1109/tvcg.2021.3114817""]"
I98358874,VIS Literature & Bibliometrics,2,"[""10.1109/tvcg.2020.3030409"", ""10.1109/visual.1998.745335""]"
I98381234,Dimensionality Reduction & Multivariate Plots,1,"[""10.1109/visual.2000.885673""]"
I98677209,Dimensionality Reduction & Multivariate Plots,7,"[""10.1109/tvcg.2019.2934555"", ""10.1109/tvcg.2020.3028948"", ""10.1109/tvcg.2021.3114823"", ""10.1109/tvcg.2022.3209487"", ""10.1109/tvcg.2024.3456192"", ""10.1109/tvcg.2024.3456352"", ""10.1109/visual.1993.398861""]"
I98677209,Flow Fields & CFD Visualization,7,"[""10.1109/tvcg.2018.2865152"", ""10.1109/tvcg.2021.3114693"", ""10.1109/tvcg.2021.3114828"", ""10.1109/tvcg.2022.3209386"", ""10.1109/tvcg.2022.3209448"", ""10.1109/tvcg.2024.3456334"", ""10.1109/tvcg.2024.3456341""]"
I98677209,Surgical Planning & Tomography,3,"[""10.1109/tvcg.2020.3030396"", ""10.1109/tvcg.2020.3030433"", ""10.1109/tvcg.2021.3114849""]"
I98677209,Time Series & Temporal Patterns,1,"[""10.1109/tvcg.2024.3456311""]"
I99041443,Dashboards & Infographics,3,"[""10.1109/visual.1994.346332"", ""10.1109/visual.1996.568138"", ""10.1109/visual.1997.663872""]"
I99041443,Diffusion MRI & Tractography,3,"[""10.1109/tvcg.2009.112"", ""10.1109/tvcg.2009.203"", ""10.1109/visual.2001.964535""]"
I99041443,Dimensionality Reduction & Multivariate Plots,11,"[""10.1109/infvis.2003.1249009"", ""10.1109/tvcg.2006.133"", ""10.1109/tvcg.2006.181"", ""10.1109/tvcg.2009.114"", ""10.1109/tvcg.2010.181"", ""10.1109/vast.2009.5332586"", ""10.1109/visual.1996.568103"", ""10.1109/visual.1999.809873"", ""10.1109/visual.2000.885691"", ""10.1109/visual.2002.1183767"", ""10.1109/visual.2004.94""]"
I99041443,Meshes & Volume Rendering,8,"[""10.1109/infvis.1996.559229"", ""10.1109/tvcg.2006.116"", ""10.1109/tvcg.2006.201"", ""10.1109/tvcg.2008.183"", ""10.1109/visual.1996.567784"", ""10.1109/visual.1998.745333"", ""10.1109/visual.2001.964559"", ""10.1109/visual.2002.1183789""]"
I99041443,VIS Literature & Bibliometrics,5,"[""10.1109/visual.1993.398901"", ""10.1109/visual.1994.346297"", ""10.1109/visual.1996.568147"", ""10.1109/visual.1996.568149"", ""10.1109/visual.1997.663918""]"
I99043593,Dimensionality Reduction & Multivariate Plots,1,"[""10.1109/tvcg.2012.279""]"
I99065089,Dimensionality Reduction & Multivariate Plots,16,"[""10.1109/scivis.2015.7429488"", ""10.1109/tvcg.2013.135"", ""10.1109/tvcg.2014.2346920"", ""10.1109/tvcg.2015.2467554"", ""10.1109/tvcg.2020.3030377"", ""10.1109/tvcg.2020.3030428"", ""10.1109/tvcg.2021.3114789"", ""10.1109/tvcg.2021.3114800"", ""10.1109/tvcg.2021.3114848"", ""10.1109/tvcg.2022.3209360"", ""10.1109/tvcg.2023.3326932"", ""10.1109/tvcg.2024.3456386"", ""10.1109/vast.2014.7042494"", ""10.1109/vast.2015.7347632"", ""10.1109/vast.2016.7883511"", ""10.1109/vast47406.2019.8986943""]"
I99065089,Flow Fields & CFD Visualization,3,"[""10.1109/tvcg.2018.2864843"", ""10.1109/tvcg.2022.3209357"", ""10.1109/vast50239.2020.00007""]"
I99065089,Meshes & Volume Rendering,3,"[""10.1109/tvcg.2022.3209430"", ""10.1109/tvcg.2023.3326586"", ""10.1109/visual.1998.745333""]"
I99065089,Surgical Planning & Tomography,8,"[""10.1109/tvcg.2013.196"", ""10.1109/tvcg.2016.2598831"", ""10.1109/tvcg.2017.2744378"", ""10.1109/tvcg.2017.2744938"", ""10.1109/tvcg.2020.3030471"", ""10.1109/tvcg.2022.3209404"", ""10.1109/tvcg.2023.3326588"", ""10.1109/vast.2018.8802509""]"
I99065089,Time Series & Temporal Patterns,3,"[""10.1109/tvcg.2020.3030432"", ""10.1109/tvcg.2021.3114694"", ""10.1109/tvcg.2023.3326934""]"
I99065089,Twitter & Social Media,1,"[""10.1109/visual.1992.235216""]"
I99464096,Dimensionality Reduction & Multivariate Plots,1,"[""10.1109/tvcg.2022.3209436""]"
I99464096,Flow Fields & CFD Visualization,1,"[""10.1109/tvcg.2012.221""]"
I99464096,Time Series & Temporal Patterns,1,"[""10.1109/tvcg.2020.3030426""]"
