institution_a,institution_b,weight
I200769079,I889458895,105
I1343190059,I145847075,35
I1327163397,I59553526,34
I102197404,I1326498283,29
I1282311441,I223532165,20
I200769079,I76130692,18
I76130692,I889458895,18
I153267046,I84218800,17
I200769079,I4210113369,16
I1290206253,I4210164937,16
I4210113369,I889458895,16
I1343190059,I4432739,15
I1294671590,I277688954,15
I2801239119,I56590836,15
I1294671590,I1326498283,14
I139660479,I76130692,14
I154099455,I189712700,13
I136199984,I2801851002,11
I1294671590,I39804081,11
I149899117,I4210109712,11
I145847075,I4432739,11
I1282311441,I84218800,11
I102197404,I4210144804,10
I1343190059,I859038795,9
I1326498283,I4210144804,9
I102197404,I277688954,9
I38877650,I76130692,9
I100066346,I189712700,9
I188538660,I2802236040,9
I102197404,I1294671590,9
I1341412227,I4210114115,8
I12356871,I4210165912,8
I4210123185,I76130692,8
I130701444,I2800444561,8
I45928872,I76130692,8
I1326498283,I277688954,8
I154099455,I177725633,8
I145847075,I71920554,8
I136199984,I71920554,8
I189712700,I4092182,8
I1326498283,I185261750,7
I2800006345,I98358874,7
I1282105669,I223532165,7
I4210113369,I76130692,7
I175594653,I27804330,7
I4432739,I859038795,7
I1282105669,I52357470,6
I114027177,I69048370,6
I154099455,I20231570,6
I145847075,I4210136249,6
I277688954,I4210144804,6
I21449261,I4432739,6
I223532165,I84218800,6
I100066346,I154099455,6
I153267046,I223532165,6
I1290206253,I168635309,6
I1294671590,I4210126360,6
I1286353243,I1326498283,6
I1326498283,I4210115485,6
I1290206253,I1326498283,6
I1343190059,I71920554,6
I4210138551,I95793202,6
I102197404,I4210115485,6
I129774422,I1343190059,6
I1294671590,I4210144804,6
I2803209242,I84218800,6
I1326498283,I169381384,6
I76130692,I90727586,6
I195893171,I4210109712,5
I153267046,I3019415892,5
I2802076133,I4387153937,5
I116953780,I200769079,5
I116953780,I889458895,5
I69356397,I76130692,5
I100066346,I18014758,5
I200769079,I20231570,5
I12356871,I1294671590,5
I20231570,I889458895,5
I1326498283,I4210126360,5
I139660479,I90727586,5
I1289243028,I75027704,5
I79510175,I99065089,5
I157725225,I39422238,5
I100066346,I20231570,5
I4210119109,I592451,5
I145847075,I83019370,5
I2799323385,I35440088,5
I219193219,I223532165,5
I1283280774,I136199984,5
I161057412,I179093154,5
I4210164937,I889458895,5
I1343871089,I223532165,5
I200769079,I4210164937,5
I4210113369,I99065089,5
I219193219,I2802236040,5
I148283060,I84218800,5
I134446601,I95457486,5
I134560555,I4210119061,5
I4210164937,I99065089,5
I1343190059,I35440088,5
I102149020,I121934306,5
I223532165,I52357470,5
I168635309,I18014758,4
I52357470,I99041443,4
I126307644,I39422238,4
I223532165,I926574661,4
I201448701,I66946132,4
I4210122849,I83019370,4
I189712700,I20231570,4
I177725633,I189712700,4
I177725633,I20231570,4
I4210103986,I76130692,4
I100066346,I223532165,4
I139660479,I99065089,4
I111979921,I1306409833,4
I204337017,I66946132,4
I1326498283,I4210164937,4
I200870766,I59553526,4
I141945490,I212119943,4
I1306409833,I130701444,4
I188538660,I219193219,4
I201448701,I97018004,4
I1294671590,I4210165912,4
I4210152422,I4210160189,4
I185261750,I2801317318,4
I57206974,I90965887,4
I145847075,I21449261,4
I17974374,I223532165,4
I1289243028,I223532165,4
I1306409833,I201448701,4
I102149020,I149910238,4
I205237279,I76130692,4
I1294671590,I204730241,4
I2801851002,I71920554,4
I114027177,I116953780,4
I2801851002,I4092182,4
I121883995,I2801851002,4
I136199984,I4210150141,4
I219193219,I55732556,4
I219193219,I28777354,4
I154570441,I4210164937,4
I1326498283,I168635309,4
I148283060,I95457486,4
I100296615,I169381384,4
I192454743,I4210104735,4
I4210119061,I4210160189,4
I4210119061,I4210152422,4
I3131550300,I4210160189,4
I3131550300,I4210152422,4
I111979921,I66946132,4
I180825142,I4210144576,4
I2801239119,I4210164937,4
I4210164937,I56590836,4
I201448701,I27837315,4
I168635309,I180825142,4
I277688954,I4210126360,4
I172675005,I200769079,4
I172675005,I889458895,4
I102197404,I204730241,4
I2801317318,I4210141030,4
I185261750,I4210141030,4
I100296615,I134560555,4
I100296615,I3131550300,4
I100296615,I4210119061,4
I100296615,I4210152422,4
I100296615,I4210160189,4
I134560555,I3131550300,4
I134560555,I4210152422,4
I134560555,I4210160189,4
I3131550300,I4210119061,4
I145847075,I4665924,4
I39586589,I40120149,4
I4092182,I76130692,4
I130701444,I142606810,4
I1299022934,I1299303238,4
I153267046,I55732556,4
I76130692,I99065089,4
I1280536761,I185103710,4
I102134673,I4210113652,4
I161127581,I39422238,4
I138211613,I145847075,4
I157725225,I4210135837,4
I181653535,I36258959,4
I1290206253,I56590836,3
I185443292,I59553526,3
I2801239119,I42894916,3
I1338124936,I57206974,3
I42894916,I56590836,3
I123431417,I145847075,3
I1326498283,I39804081,3
I39804081,I4210150358,3
I1290206253,I130701444,3
I138006243,I39804081,3
I139264467,I83436808,3
I17974374,I4210131883,3
I129774422,I145847075,3
I124357947,I4210160447,3
I161127581,I57206974,3
I19820366,I4210128818,3
I121883995,I145847075,3
I102197404,I4210126360,3
I141945490,I4210163771,3
I149910238,I76130692,3
I4210142254,I4210160189,3
I1326498283,I4210161634,3
I189712700,I2801851002,3
I1325886976,I189712700,3
I15057530,I4210160189,3
I15057530,I4210142254,3
I143288331,I176453806,3
I2800289517,I926574661,3
I3019423309,I31512782,3
I200769079,I4210120115,3
I126307644,I1343551460,3
I135310074,I2802999273,3
I114017466,I20231570,3
I12356871,I277688954,3
I223532165,I4210158342,3
I138006243,I223532165,3
I3019415892,I84218800,3
I83019370,I887064364,3
I-1,I57206974,3
I102134673,I56590836,3
I130238516,I4210101327,3
I1326498283,I66946132,3
I1290206253,I66946132,3
I100296615,I4210164937,3
I1282311441,I3132238960,3
I4210163771,I97018004,3
I4210145761,I76130692,3
I126744593,I79272384,3
I4391767926,I59105498,3
I2250653659,I889458895,3
I161127581,I25112270,3
I25112270,I39422238,3
I1299303238,I66946132,3
I164956901,I52357470,3
I204730241,I39804081,3
I1294671590,I69356397,3
I1324840837,I189712700,3
I100066346,I8087733,3
I4210120115,I889458895,3
I4210103279,I4210156936,3
I100296615,I56590836,3
I1326498283,I4210141030,3
I12356871,I205703379,3
I4210126794,I889458895,3
I4210099236,I71920554,3
I145847075,I4210099236,3
I1343190059,I4210099236,3
I124055696,I168635309,3
I20231570,I24943067,3
I145847075,I76134821,3
I4210135837,I4210151352,3
I181369854,I95793202,3
I4210150141,I71920554,3
I20231570,I75027704,3
I100066346,I181369854,3
I100066346,I4210112998,3
I29607241,I9736820,3
I100066346,I89864525,3
I111979921,I27837315,3
I4210144576,I4923324,3
I28777354,I55732556,3
I1327163397,I200870766,3
I114027177,I137902535,3
I1294297726,I84218800,3
I2801851002,I48566637,3
I145847075,I97018004,3
I169381384,I4210115485,3
I18014758,I212119943,3
I102197404,I169381384,3
I173498003,I97018004,3
I149899117,I195893171,3
I201448701,I4210164937,3
I102134673,I223532165,3
I200769079,I4210126794,3
I1326498283,I4210103820,3
I1294671590,I205703379,3
I1326498283,I2801317318,3
I1343551460,I39422238,3
I1286353243,I4210141030,3
I1286353243,I4210103820,3
I1286353243,I2801317318,3
I1286353243,I185261750,3
I176453806,I2800638415,3
I130769515,I20231570,3
I95793202,I98358874,3
I13805885,I97018004,3
I219193219,I86519309,3
I102149020,I76130692,3
I162868743,I20231570,3
I145847075,I56858762,3
I1343190059,I56858762,3
I145847075,I35440088,3
I219193219,I76130692,3
I76130692,I84218800,3
I121883995,I1343190059,3
I169521973,I4210104735,3
I223822909,I39586589,3
I1283103587,I4210114115,3
I153267046,I4387152675,3
I130828816,I86122600,3
I1326498283,I4210150884,3
I205703379,I4210165912,3
I1341412227,I200769079,3
I1341412227,I4210126794,3
I1341412227,I889458895,3
I201448701,I74973139,3
I111979921,I1299303238,3
I1343871089,I84218800,3
I200769079,I45928872,3
I19820366,I99065089,3
I1329325741,I83019370,3
I39555362,I7882870,3
I1306409833,I889458895,3
I1294671590,I66946132,3
I39555362,I40120149,3
I76130692,I98677209,3
I189712700,I2799323385,3
I139660479,I4092182,3
I136199984,I76130692,3
I2801851002,I889458895,3
I183935753,I40120149,3
I157725225,I55732556,3
I189712700,I35440088,3
I45928872,I69356397,3
I200769079,I3132238960,3
I2802928900,I98358874,3
I223532165,I2613432,3
I1306409833,I24603500,3
I200769079,I2801851002,3
I145847075,I4210122849,3
I1306409833,I200769079,3
I38877650,I4210123185,3
I168635309,I185261750,3
I45928872,I889458895,3
I35440088,I859038795,3
I55712492,I76130692,3
I130701444,I150468666,3
I889458895,I99065089,3
I200769079,I99065089,3
I12912129,I2802999273,3
I3132238960,I84218800,3
I4210120115,I889804353,3
I185261750,I98677209,3
I3132238960,I889458895,3
I40120149,I7882870,3
I154099455,I848706,2
I102149020,I142606810,2
I223532165,I4210127875,2
I27837315,I4210111179,2
I102149020,I219193219,2
I1294671590,I3018083178,2
I132118926,I145847075,2
I34077533,I52357470,2
I145847075,I859038795,2
I36522303,I95793202,2
I135310074,I95457486,2
I-1,I1280536761,2
I154099455,I4210108629,2
I180923762,I223532165,2
I19820366,I79510175,2
I114027177,I1341412227,2
I1294671590,I189712700,2
I4210137033,I83816512,2
I4210128818,I99065089,2
I4210128818,I79510175,2
I1306266525,I194028371,2
I205703379,I39804081,2
I4210128818,I4210165038,2
I130238516,I4210135252,2
I39804081,I4210165912,2
I111979921,I1326498283,2
I102197404,I189712700,2
I1295339012,I4210108985,2
I139264467,I2803058125,2
I1326498283,I189712700,2
I204730241,I4210144804,2
I1341640284,I2802259095,2
I200769079,I35440088,2
I4210164937,I76130692,2
I2802259095,I98358874,2
I223532165,I8078737,2
I159176309,I4210108711,2
I19820366,I4210165038,2
I277688954,I3018083178,2
I200769079,I2972652528,2
I136199984,I4210155419,2
I2972652528,I35440088,2
I40120149,I889458895,2
I16835326,I168635309,2
I4210123185,I69356397,2
I175594653,I4210118379,2
I200769079,I39586589,2
I39586589,I889458895,2
I100066346,I76130692,2
I18014758,I219193219,2
I1341412227,I4210085935,2
I100066346,I116953780,2
I4210103986,I4210123185,2
I38877650,I4210103986,2
I200769079,I40120149,2
I2972652528,I889458895,2
I121934306,I135310074,2
I141945490,I18014758,2
I185261750,I2801862477,2
I100066346,I926574661,2
I135191193,I55769427,2
I4210138551,I94509681,2
I122991210,I4210144576,2
I4394709130,I592451,2
I219193219,I592451,2
I219193219,I4394709130,2
I1324682000,I592451,2
I138211613,I76134821,2
I100066346,I55732556,2
I2799803557,I9617848,2
I196349391,I9617848,2
I35440088,I889458895,2
I130238516,I86519309,2
I114832834,I23732399,2
I180726961,I4210113369,2
I1290206253,I99065089,2
I2948394018,I59553526,2
I4210165038,I99065089,2
I102197404,I12356871,2
I102197404,I4210166784,2
I1327163397,I2948394018,2
I12356871,I1326498283,2
I12356871,I4210166784,2
I1326498283,I4210166784,2
I-1,I100532134,2
I100532134,I1294671590,2
I130238516,I2800403580,2
I201448701,I4210163771,2
I200769079,I204512498,2
I204512498,I889458895,2
I4210159102,I889458895,2
I1291425158,I141945490,2
I141945490,I219193219,2
I196349391,I2799803557,2
I4210165038,I79510175,2
I4432739,I71920554,2
I76130692,I87216513,2
I1326498283,I180825142,2
I1291425158,I130701444,2
I185261750,I39470171,2
I129774422,I138211613,2
I12356871,I223532165,2
I1294671590,I223532165,2
I100066346,I1343190059,2
I4210160527,I84218800,2
I4210141176,I901403493,2
I183935753,I39555362,2
I141945490,I8204097,2
I102197404,I180825142,2
I200769079,I63966007,2
I1326498283,I204730241,2
I111979921,I95457486,2
I1295339012,I59553526,2
I111979921,I201448701,2
I24603500,I4210163771,2
I1306409833,I4210163771,2
I1343871089,I142606810,2
I1282105669,I1282311441,2
I1282105669,I130828816,2
I1295339012,I1327163397,2
I111979921,I24603500,2
I116953780,I4210113369,2
I100066346,I170658231,2
I46020346,I63966007,2
I1290206253,I200769079,2
I177802217,I4210109712,2
I17974374,I181391015,2
I153267046,I926574661,2
I4210137306,I97018004,2
I145847075,I4210137306,2
I138211613,I97018004,2
I134560555,I169381384,2
I169381384,I3131550300,2
I169381384,I4210119061,2
I169381384,I4210152422,2
I169381384,I4210160189,2
I138211613,I4210137306,2
I149899117,I177802217,2
I183935753,I7882870,2
I1290206253,I4210153468,2
I168635309,I4210099137,2
I168635309,I4210153468,2
I168635309,I4210164937,2
I40120149,I98677209,2
I84218800,I95457486,2
I4210133934,I8087733,2
I39555362,I98677209,2
I122991210,I2800759272,2
I1282311441,I170897317,2
I100066346,I103163165,2
I114027177,I8087733,2
I1290206253,I4210113369,2
I1283382300,I181369854,2
I124055696,I1326498283,2
I1280536761,I4210151352,2
I183067930,I4210113369,2
I1280536761,I4210135837,2
I145847075,I4210122765,2
I1341412227,I205783295,2
I4210122765,I76134821,2
I168719708,I172675005,2
I136199984,I63966007,2
I180825142,I4432739,2
I180825142,I83019370,2
I111483173,I20231570,2
I103531236,I136199984,2
I121883995,I136199984,2
I3045169105,I55732556,2
I100066346,I4092182,2
I4210099236,I4432739,2
I1324682000,I219193219,2
I1343190059,I4210136249,2
I1283103587,I138006243,2
I74973139,I889458895,2
I138006243,I40347166,2
I200769079,I74973139,2
I154099455,I38877650,2
I12356871,I39804081,2
I111979921,I135310074,2
I-1,I4210120115,2
I1290206253,I889458895,2
I121883995,I1283582996,2
I12912129,I136199984,2
I129774422,I1326498283,2
I129774422,I79272384,2
I1326498283,I79272384,2
I114027177,I141945490,2
I-1,I191240316,2
I111979921,I2800444561,2
I111979921,I130701444,2
I63966007,I889458895,2
I1326498283,I1341412227,2
I1326498283,I15057530,2
I189712700,I193662353,2
I4210153902,I95793202,2
I121883995,I4092182,2
I121883995,I4400600974,2
I1283582996,I2801851002,2
I1283582996,I4092182,2
I1283582996,I4400600974,2
I151746483,I84218800,2
I2801851002,I4400600974,2
I4092182,I4400600974,2
I181369854,I4210153902,2
I36258959,I76130692,2
I169521973,I192454743,2
I1324682000,I4394709130,2
I4210103820,I4210141030,2
I173498003,I880747138,2
I145872427,I2801238018,2
I168635309,I4210165912,2
I180825142,I4210165912,2
I180726961,I67031392,2
I180726961,I189712700,2
I130701444,I164956901,2
I55732556,I99065089,2
I136199984,I59553526,2
I223532165,I46020346,2
I151746483,I155173764,2
I111979921,I40347166,2
I157725225,I161127581,2
I24943067,I889458895,2
I100066346,I177725633,2
I200769079,I24943067,2
I39470171,I84392919,2
I277688954,I84392919,2
I277688954,I39470171,2
I18014758,I277688954,2
I168635309,I277688954,2
I200769079,I2250653659,2
I139660479,I179026463,2
I179026463,I76130692,2
I116953780,I24943067,2
I4210095624,I76130692,2
I157773358,I4210106122,2
I12356871,I180825142,2
I201448701,I40347166,2
I12356871,I168635309,2
I185261750,I45129253,2
I1294671590,I55732556,2
I1294671590,I153267046,2
I180825142,I4210110975,2
I51783024,I76198965,2
I4210146756,I76198965,2
I4210146756,I51783024,2
I145847075,I4210164942,2
I189712700,I31512782,2
I189712700,I39470171,2
I142606810,I859038795,2
I185261750,I2800129641,2
I2800129641,I2801317318,2
I2801851002,I56590836,2
I2800129641,I4210141030,2
I2800129641,I45129253,2
I2801317318,I45129253,2
I4210141030,I45129253,2
I180726961,I91203450,2
I202697423,I4092182,2
I145847075,I25485817,2
I185261750,I277688954,2
I114027177,I66867065,2
I116953780,I66867065,2
I129774422,I154099455,2
I1289243028,I33213144,2
I145872427,I83019370,2
I102149020,I184597095,2
I2801238018,I83019370,2
I1338124936,I223532165,2
I223532165,I57206974,2
I200769079,I30809798,2
I157773358,I30809798,2
I102322142,I4210096112,2
I1306409833,I63966007,2
I130701444,I201448701,2
I156087764,I223532165,2
I200769079,I205237279,2
I200769079,I4210145761,2
I4210145761,I889458895,2
I205237279,I889458895,2
I223822909,I2802164966,2
I21449261,I4210102302,2
I277688954,I66946132,2
I39470171,I4210161785,2
I4210120115,I84218800,2
I139660479,I79510175,2
I130701444,I889458895,2
I130701444,I200769079,2
I20231570,I40120149,2
I201448701,I58610484,2
I58610484,I74973139,2
I277688954,I4210165912,2
I121934306,I66946132,2
I30809798,I889458895,2
I114027177,I188538660,2
I121934306,I78577930,2
I277688954,I4210164937,2
I130238516,I1343871089,2
I1306409833,I66946132,2
I100296615,I177725633,2
I100296615,I154099455,2
I1290206253,I154099455,2
I130769515,I139660479,2
I130769515,I76130692,2
I102197404,I1290206253,2
I102197404,I4210164937,2
I1290206253,I277688954,2
I69356397,I889458895,2
I200769079,I69356397,2
I4210164937,I66946132,2
I121883995,I223532165,2
I2801851002,I98677209,2
I56590836,I98677209,2
I162868743,I2800287464,2
I-1,I4210164937,2
I100296615,I2801239119,2
I157725225,I95457486,2
I277688954,I39804081,2
I145847075,I98358874,2
I12912129,I156087764,2
I1343190059,I98358874,2
I1326498283,I4210150358,2
I153267046,I39804081,2
I102197404,I4210150358,2
I102197404,I39804081,2
I102475099,I57206974,2
I15196421,I4210102264,2
I138006243,I3017942884,2
I15196421,I57206974,2
I136199984,I83019370,2
I4210102264,I57206974,2
I136199984,I56590836,2
I84884186,I98677209,2
I139264467,I848706,2
I76130692,I84884186,2
I1282105669,I55769427,2
I189712700,I887968799,2
I116953780,I1343180700,2
I889458895,I98677209,2
I100066346,I129774422,2
I1294671590,I138006243,2
I114027177,I223532165,2
I200769079,I98677209,2
I107077323,I111979921,2
I168635309,I39470171,2
I38877650,I4092182,2
I2802076133,I4210138551,2
I205783295,I889458895,2
I2802076133,I98358874,2
I4210138551,I4387153937,2
I102475099,I4210102264,2
I102475099,I15196421,2
I130701444,I197347611,2
I136199984,I145847075,2
I12912129,I135310074,2
I185261750,I4210103820,2
I114027177,I8692664,2
I2801317318,I4210103820,2
I4210138378,I81365321,2
I136199984,I98677209,2
I-1,I168635309,2
I102197404,I4210161634,2
I1326498283,I200769079,2
I1326498283,I889458895,2
I83019370,I98358874,2
I4210138551,I98358874,2
I138006243,I4389425457,2
I107639228,I1282105669,2
I69356397,I99065089,2
I107639228,I52357470,2
I39804081,I4389425457,2
I1286353243,I200769079,2
I1286353243,I889458895,2
I3017942884,I4389425457,2
I219193219,I66946132,2
I200769079,I4210091137,2
I4210091137,I889458895,2
I3017942884,I39804081,2
I4387153937,I98358874,2
I102197404,I124055696,2
I204337017,I83019370,2
I100066346,I71920554,2
I180825142,I45129253,2
I1294671590,I4210142254,2
I157485424,I60922564,2
I-1,I138006243,2
I63966007,I76130692,2
I102134673,I1338124936,2
I102134673,I57206974,2
I4665924,I78650965,2
I1294671590,I15057530,2
I87445476,I889458895,2
I1343871089,I86519309,2
I223532165,I4210151938,2
I1294671590,I4210160189,2
I161548249,I204337017,2
I200769079,I87445476,2
I176453806,I4092182,2
I200769079,I26274970,2
I26274970,I889458895,2
I20231570,I223532165,2
I143288331,I4092182,2
I165932596,I76130692,2
I1343871089,I52357470,2
I130701444,I87182695,2
I123431417,I21449261,2
I168635309,I45129253,2
I161127581,I63966007,2
I1306409833,I136199984,2
I219193219,I4210114115,2
I136199984,I205783295,2
I100066346,I1283220839,2
I4210123185,I889458895,2
I139264467,I141371507,2
I141371507,I83436808,2
I219193219,I52357470,2
I200769079,I205783295,2
I118353179,I130701444,2
I200769079,I57206974,2
I57206974,I889458895,2
I1292875679,I56590836,2
I7882870,I98677209,2
I25112270,I63966007,2
I1290206253,I4210161634,2
I130828816,I223532165,2
I107077323,I131221577,2
I170239107,I56590836,2
I143302722,I52357470,2
I143302722,I223532165,2
I12912129,I55732556,2
I1294671590,I4210115485,2
I39422238,I63966007,2
I200769079,I4210123185,2
I277688954,I4210115485,2
I1329219376,I66946132,2
I185261750,I4210135397,2
I4210119109,I889458895,2
I173911158,I74775410,2
I1343190059,I4210138551,2
I102149020,I107077323,2
I169521973,I223532165,2
I1290206253,I97018004,2
I1294671590,I18014758,2
I1326498283,I216852786,2
I1326498283,I137902535,2
I4210114115,I889458895,2
I153267046,I195893171,2
I200769079,I4210114115,2
I200166805,I83019370,2
I200166805,I4210122849,2
I39586589,I97429440,2
I102322142,I97429440,2
I102322142,I39586589,2
I102197404,I129604602,2
I136199984,I141945490,2
I3132238960,I99041443,2
I129604602,I1326498283,2
I223532165,I3132238960,2
I3132238960,I36253440,2
I138285227,I141945490,2
I114027177,I1333535994,2
I205783295,I57206974,2
I131249849,I39586589,2
I1343871089,I926574661,2
I1282311441,I1343871089,2
I1283103587,I189712700,2
I3132238960,I91712215,2
I35440088,I4210109712,2
I100066346,I36253440,2
I177909021,I17974374,2
I174306211,I53964585,2
I59553526,I71824836,2
I130769515,I4210158283,2
I4210127226,I859038795,2
I95457486,I97018004,2
I180726961,I889458895,2
I1329325741,I145847075,2
I170201317,I74973139,2
I180726961,I200769079,2
I59270414,I84218800,2
I1343190059,I4210099593,2
I1290206253,I219193219,2
I2800297018,I4432739,2
I104914703,I4210101743,2
I1290206253,I139264467,2
I165779595,I2801239119,2
I165779595,I56590836,2
I129604602,I42894916,2
I203951103,I74801974,2
I153267046,I219193219,2
I219193219,I84218800,2
I4210163771,I95457486,2
I201448701,I95457486,2
I4388891828,I86519309,2
I76130692,I99041443,2
I1343190059,I4210098606,2
I1341412227,I4210087032,2
I1304256225,I135310074,2
I-1,I66946132,2
I102149020,I137902535,2
I145847075,I183935753,2
I183935753,I83019370,2
I4210126298,I4210153043,2
I112260969,I9736820,2
I35440088,I59105498,2
I1282311441,I145311948,2
I84218800,I99041443,2
I1282105669,I4210158342,2
I102502594,I1282105669,2
I2802619606,I62916508,2
I136199984,I223532165,2
I84218800,I926574661,2
I1291425158,I201448701,2
I111979921,I39422238,2
I4210159558,I75027704,2
I2800289517,I4210143490,2
I102134673,I4210104972,2
I4210143490,I926574661,2
I59553526,I76198965,2
I141945490,I2801851002,2
I223532165,I4210145671,2
I130442723,I223532165,2
I102322142,I2799411422,2
I130701444,I4210164937,2
I1290206253,I2801239119,2
I1291425158,I97018004,2
I137902535,I2801313472,2
I172675005,I4210119109,2
I200769079,I4210119109,2
I223532165,I4210104735,2
I1283103587,I72090969,2
I148283060,I3132238960,2
I1294671590,I98677209,1
I130769515,I17145004,1
I17145004,I20231570,1
I4210113003,I4210145761,1
I205237279,I24943067,1
I24943067,I76130692,1
I4210113003,I4210117238,1
I129774422,I135140700,1
I1294671590,I5593406,1
I1294671590,I76571253,1
I5593406,I76571253,1
I5593406,I66946132,1
I2802433978,I859038795,1
I5593406,I98677209,1
I66946132,I76571253,1
I66946132,I98677209,1
I76571253,I98677209,1
I1305444813,I57206974,1
I130701444,I16285277,1
I136199984,I2800935791,1
I2800935791,I76130692,1
I130701444,I4210102939,1
I175594653,I205783295,1
I139894009,I4210163771,1
I122140584,I157725225,1
I2802433978,I4432739,1
I131249849,I66946132,1
I207623266,I4210114081,1
I207623266,I66946132,1
I4210114081,I66946132,1
I17301866,I4210104735,1
I17301866,I84218800,1
I4210104735,I84218800,1
I161127581,I168635309,1
I4210113003,I99065089,1
I4210113003,I80605987,1
I168635309,I25112270,1
I168635309,I39422238,1
I200769079,I25254941,1
I168635309,I57206974,1
I25254941,I3132238960,1
I4210113003,I76130692,1
I25112270,I57206974,1
I39422238,I57206974,1
I200769079,I38877650,1
I206945453,I51441396,1
I38877650,I889458895,1
I32597200,I44202434,1
I1343190059,I2802433978,1
I2800444561,I4210102939,1
I122140584,I161127581,1
I131249849,I207623266,1
I1288783943,I204337017,1
I66946132,I74973139,1
I2801239119,I889458895,1
I123387679,I4210141702,1
I11662577,I1283103587,1
I200769079,I56590836,1
I4210138551,I4210146756,1
I4210138551,I51783024,1
I4210138551,I76198965,1
I136199984,I24603500,1
I24603500,I2801851002,1
I1288783943,I161548249,1
I1288783943,I66946132,1
I122140584,I39422238,1
I141945490,I51441396,1
I161548249,I66946132,1
I2800006345,I83019370,1
I1343871089,I55732556,1
I2801851002,I79510175,1
I2801851002,I99065089,1
I1287378978,I12912129,1
I1287378978,I74973139,1
I12912129,I74973139,1
I111979921,I97018004,1
I1289243028,I2613432,1
I58610484,I66946132,1
I148283060,I4387152675,1
I121883995,I4210127322,1
I56590836,I889458895,1
I102134673,I1306266525,1
I-1,I111979921,1
I-1,I201448701,1
I-1,I40347166,1
I1286329397,I57206974,1
I859038795,I97018004,1
I175594653,I97018004,1
I175594653,I859038795,1
I185261750,I4210163771,1
I277688954,I4210163771,1
I189158971,I204337017,1
I200769079,I76569877,1
I4210113369,I76569877,1
I76569877,I889458895,1
I143910747,I4210146756,1
I143910747,I51783024,1
I143910747,I76198965,1
I130828816,I4210163771,1
I126744593,I145311948,1
I1343190059,I4210137046,1
I102134673,I121883995,1
I130828816,I139894009,1
I102134673,I4210127322,1
I131249849,I4210114081,1
I4210123185,I55712492,1
I17974374,I33434090,1
I157773358,I200769079,1
I157773358,I889458895,1
I102502594,I223532165,1
I90727586,I99065089,1
I62318514,I91712215,1
I114027177,I2802236040,1
I1333535994,I188538660,1
I1333535994,I2802236040,1
I80605987,I99065089,1
I156087764,I2802999273,1
I1338135719,I185261750,1
I76130692,I80605987,1
I4210145761,I99065089,1
I100066346,I149768937,1
I100066346,I95674353,1
I149768937,I95674353,1
I4210145761,I80605987,1
I1290206253,I189712700,1
I1290206253,I848706,1
I189712700,I848706,1
I4210117238,I99065089,1
I142606810,I52669646,1
I149910238,I162714631,1
I149910238,I164389053,1
I102502594,I4210158342,1
I4210143841,I71920554,1
I38877650,I55712492,1
I4210092658,I97018004,1
I135310074,I59553526,1
I1299303238,I27837315,1
I76130692,I79510175,1
I201448701,I4210126360,1
I115752224,I4210131308,1
I201448701,I74775410,1
I168719708,I190082696,1
I1299303238,I27804330,1
I4210126360,I58610484,1
I4210126360,I74775410,1
I4210126360,I74973139,1
I58610484,I74775410,1
I173911158,I43579087,1
I74775410,I74973139,1
I100066346,I121797337,1
I4210103986,I4210113369,1
I4210103986,I99065089,1
I1343190059,I151201029,1
I145847075,I151201029,1
I151201029,I56858762,1
I111979921,I27804330,1
I2801851002,I4210092658,1
I2801851002,I97018004,1
I149910238,I79891267,1
I162714631,I164389053,1
I162714631,I79891267,1
I164389053,I79891267,1
I143804889,I183935753,1
I143804889,I39555362,1
I143804889,I40120149,1
I143804889,I4210104684,1
I143804889,I4210135640,1
I143804889,I7882870,1
I183935753,I4210104684,1
I183935753,I4210135640,1
I39555362,I4210104684,1
I39555362,I4210135640,1
I40120149,I4210104684,1
I40120149,I4210135640,1
I4210104684,I4210135640,1
I4210104684,I7882870,1
I4210135640,I7882870,1
I4210120115,I66946132,1
I66946132,I889804353,1
I24603500,I27837315,1
I24603500,I4210111179,1
I24603500,I97018004,1
I27837315,I97018004,1
I4210111179,I97018004,1
I139660479,I151727225,1
I1343190059,I7882870,1
I1343190059,I4210135640,1
I1343190059,I4210104684,1
I154570441,I24943067,1
I1306409833,I177605424,1
I177605424,I24603500,1
I177605424,I4210163771,1
I12912129,I57206974,1
I156087764,I57206974,1
I13955877,I189712700,1
I13955877,I2799323385,1
I13955877,I35440088,1
I116953780,I154570441,1
I4210117238,I80605987,1
I118501908,I157485424,1
I1343190059,I40120149,1
I118501908,I48566637,1
I118501908,I60922564,1
I157485424,I48566637,1
I48566637,I60922564,1
I4210117238,I76130692,1
I2250653659,I30809798,1
I4210117238,I4210145761,1
I1343190059,I143804889,1
I1343190059,I183935753,1
I1343190059,I39555362,1
I193662353,I24603500,1
I135191193,I2802236040,1
I200769079,I2801239119,1
I165368041,I52357470,1
I52357470,I66946132,1
I180726961,I76130692,1
I111979921,I116953780,1
I103531236,I2802946424,1
I103531236,I79576946,1
I136199984,I2802946424,1
I136199984,I79576946,1
I2802946424,I79576946,1
I102134673,I1294671590,1
I102134673,I138006243,1
I102134673,I143910747,1
I102134673,I15057530,1
I102134673,I189712700,1
I102134673,I193662353,1
I102134673,I4210142254,1
I102134673,I4210160189,1
I4210099977,I4210136895,1
I1294671590,I143910747,1
I1294671590,I193662353,1
I123900574,I66946132,1
I1294671590,I56590836,1
I138006243,I143910747,1
I138006243,I15057530,1
I165368041,I66946132,1
I123900574,I83436808,1
I138006243,I193662353,1
I1294671590,I52357470,1
I141371507,I2250650973,1
I114027177,I48566637,1
I139264467,I66946132,1
I139264467,I223532165,1
I139264467,I48566637,1
I223532165,I48566637,1
I139264467,I2799891827,1
I1343190059,I94722563,1
I145847075,I94722563,1
I158842170,I24943067,1
I139264467,I2250650973,1
I158842170,I39555362,1
I24943067,I39555362,1
I154099455,I66946132,1
I103163165,I3045169105,1
I103163165,I55732556,1
I103163165,I87216513,1
I3045169105,I87216513,1
I55732556,I87216513,1
I1306409833,I57206974,1
I1282105669,I180923762,1
I12912129,I1305429384,1
I1294671590,I165368041,1
I138006243,I189712700,1
I138006243,I4210142254,1
I168864056,I223532165,1
I1282105669,I157725225,1
I1282105669,I4388446366,1
I4210153043,I59028336,1
I157725225,I4388446366,1
I157725225,I55769427,1
I123900574,I2799891827,1
I39422238,I4388446366,1
I39422238,I55769427,1
I4388446366,I55769427,1
I185261750,I3130638677,1
I185261750,I76130692,1
I185261750,I84884186,1
I2801862477,I3130638677,1
I2801862477,I76130692,1
I2801862477,I84884186,1
I2801862477,I98677209,1
I123900574,I2250650973,1
I123900574,I141371507,1
I3130638677,I76130692,1
I3130638677,I84884186,1
I3130638677,I98677209,1
I4210126298,I59028336,1
I123900574,I139264467,1
I139264467,I2799980853,1
I1282105669,I39422238,1
I102134673,I150468666,1
I138006243,I4210160189,1
I123387679,I4210112527,1
I138006243,I56590836,1
I143910747,I15057530,1
I143910747,I189712700,1
I143910747,I193662353,1
I143910747,I4210142254,1
I143910747,I4210160189,1
I143910747,I56590836,1
I15057530,I189712700,1
I15057530,I193662353,1
I15057530,I56590836,1
I189712700,I4210142254,1
I189712700,I4210160189,1
I189712700,I56590836,1
I193662353,I4210142254,1
I193662353,I4210160189,1
I193662353,I56590836,1
I4210142254,I56590836,1
I4210160189,I56590836,1
I142108993,I59553526,1
I114832834,I2799909505,1
I114832834,I859038795,1
I2799909505,I859038795,1
I129774422,I24943067,1
I114027177,I139264467,1
I116953780,I2250955327,1
I102134673,I188538660,1
I185261750,I4210113654,1
I136199984,I139264467,1
I183935753,I4210119896,1
I40120149,I4210119896,1
I130701444,I131249849,1
I4210167330,I71920554,1
I145847075,I4210167330,1
I116953780,I157725225,1
I116953780,I57206974,1
I123431417,I71920554,1
I157725225,I57206974,1
I123431417,I4210167330,1
I157725225,I24943067,1
I157725225,I30809798,1
I157725225,I35440088,1
I157725225,I4210127074,1
I66946132,I83436808,1
I24943067,I30809798,1
I2799891827,I83436808,1
I24943067,I35440088,1
I24943067,I4210127074,1
I30809798,I35440088,1
I30809798,I4210127074,1
I35440088,I4210127074,1
I-1,I4665924,1
I1282105669,I143302722,1
I102134673,I114027177,1
I136199984,I848706,1
I150569930,I189712700,1
I1294671590,I4210101743,1
I1326498283,I4210142254,1
I1326498283,I4210160189,1
I104914703,I1294671590,1
I2799411422,I83019370,1
I102322142,I83019370,1
I1294671590,I2802076133,1
I1326498283,I56590836,1
I153267046,I2802076133,1
I2802076133,I39804081,1
I121934306,I4210122954,1
I40347166,I9736820,1
I200769079,I2250955327,1
I20231570,I2250955327,1
I2250955327,I24943067,1
I2250955327,I40120149,1
I2250955327,I889458895,1
I24943067,I40120149,1
I205783295,I30809798,1
I201726411,I45129253,1
I1326498283,I2801239119,1
I25254941,I889458895,1
I2799891827,I66946132,1
I180726961,I2250955327,1
I180726961,I3045169105,1
I2250955327,I3045169105,1
I39470171,I4665924,1
I4092182,I4210088621,1
I4210144804,I70768539,1
I12912129,I4210163771,1
I2250650973,I2799891827,1
I1327237609,I38877650,1
I141371507,I66946132,1
I1327237609,I4092182,1
I1327237609,I4210158984,1
I1327237609,I76130692,1
I1326498283,I70768539,1
I38877650,I4210158984,1
I4092182,I4210158984,1
I4210158984,I76130692,1
I102197404,I70768539,1
I1322731696,I40120149,1
I2800638415,I4210135180,1
I139264467,I4210144839,1
I139264467,I84218800,1
I4210144839,I84218800,1
I24603500,I2800093571,1
I141371507,I2799891827,1
I205783295,I4210113369,1
I35440088,I4665924,1
I35440088,I39470171,1
I145847075,I39470171,1
I5343935,I69356397,1
I100066346,I169381384,1
I19820366,I32394136,1
I32394136,I4210128818,1
I32394136,I4210165038,1
I2250650973,I83436808,1
I32394136,I79510175,1
I32394136,I99065089,1
I4401726859,I5343935,1
I4401726859,I69356397,1
I4401726859,I99065089,1
I5343935,I99065089,1
I157485424,I97018004,1
I2250650973,I66946132,1
I1329219376,I204337017,1
I1294671590,I2250653659,1
I2250653659,I277688954,1
I111979921,I2250653659,1
I111979921,I889458895,1
I30809798,I76130692,1
I154099455,I43522216,1
I189712700,I43522216,1
I157485424,I4210163771,1
I168864056,I4210127875,1
I1282105669,I1343871089,1
I188538660,I55769427,1
I45928872,I99065089,1
I4210097295,I99041443,1
I87216513,I889458895,1
I168635309,I4210163771,1
I4210099137,I4210163771,1
I141945490,I15057530,1
I592451,I889458895,1
I145847075,I15057530,1
I145847075,I166825849,1
I145847075,I39586589,1
I15057530,I166825849,1
I15057530,I39586589,1
I166825849,I39586589,1
I121934306,I126820664,1
I121934306,I95457486,1
I126820664,I78577930,1
I126820664,I95457486,1
I78577930,I95457486,1
I100066346,I202697423,1
I3132238960,I592451,1
I100066346,I4210124503,1
I100066346,I4210156768,1
I34809795,I39586589,1
I100066346,I94626330,1
I200769079,I87216513,1
I45928872,I79510175,1
I202697423,I4210156768,1
I119003972,I861853513,1
I39586589,I4210116730,1
I34809795,I78650965,1
I34809795,I4665924,1
I24603500,I2613432,1
I1283280774,I4210155419,1
I2802519937,I4210150049,1
I2802519937,I4210097138,1
I34809795,I4210116730,1
I100066346,I4210144839,1
I100066346,I92528248,1
I4210144839,I71920554,1
I4210144839,I92528248,1
I71920554,I92528248,1
I2738703131,I4210150049,1
I19820366,I45928872,1
I2738703131,I4210097138,1
I2738703131,I2802519937,1
I1326498283,I4210150049,1
I4210128818,I45928872,1
I1326498283,I4210097138,1
I1326498283,I2802519937,1
I4210165038,I45928872,1
I1326498283,I2738703131,1
I202697423,I4210124503,1
I31512782,I78650965,1
I27804330,I27837315,1
I200769079,I36258959,1
I36258959,I889458895,1
I1343190059,I74788687,1
I150229711,I4210094970,1
I130701444,I189712700,1
I130701444,I193662353,1
I1343190059,I3132238960,1
I1306409833,I157485424,1
I157485424,I201448701,1
I157485424,I66946132,1
I2802164966,I4210116730,1
I130828816,I98358874,1
I1282311441,I4210138311,1
I223532165,I4210138311,1
I102149020,I111979921,1
I102149020,I130701444,1
I102149020,I150468666,1
I102149020,I2800444561,1
I27837315,I36253440,1
I111979921,I150468666,1
I27837315,I3132238960,1
I123900574,I36253440,1
I150468666,I2800444561,1
I1294671590,I4210141421,1
I3132238960,I74788687,1
I4210144804,I84392919,1
I31512782,I4665924,1
I39470171,I4210144804,1
I31512782,I4210116730,1
I202697423,I94626330,1
I4092182,I4210124503,1
I4092182,I4210156768,1
I4092182,I94626330,1
I4210124503,I4210156768,1
I4210124503,I94626330,1
I31512782,I39586589,1
I4210156768,I94626330,1
I100066346,I99065089,1
I31512782,I34809795,1
I102502594,I151746483,1
I200769079,I592451,1
I2802164966,I78650965,1
I103531236,I2801851002,1
I103531236,I62318514,1
I2802164966,I4665924,1
I136199984,I62318514,1
I2801851002,I62318514,1
I188538660,I277688954,1
I188538660,I39470171,1
I188538660,I4210144804,1
I188538660,I84392919,1
I188538660,I92446798,1
I1306409833,I74973139,1
I111979921,I74973139,1
I35440088,I56590836,1
I150653062,I83019370,1
I35440088,I4210156583,1
I164956901,I4210108629,1
I4210108629,I52357470,1
I185261750,I3143791293,1
I100066346,I114027177,1
I35440088,I36253440,1
I100066346,I4210095624,1
I100066346,I4210123185,1
I100066346,I69356397,1
I2799323385,I36253440,1
I4210095624,I4210112998,1
I4210095624,I4210123185,1
I4210095624,I69356397,1
I4210112998,I4210123185,1
I4210112998,I69356397,1
I4210112998,I76130692,1
I189712700,I36253440,1
I1283103587,I36253440,1
I200769079,I3045169105,1
I3045169105,I4210145761,1
I21449261,I4210125789,1
I3045169105,I889458895,1
I3132238960,I52357470,1
I27837315,I91136226,1
I4210097138,I4210150049,1
I21449261,I56858762,1
I2802236040,I55769427,1
I139660479,I49382586,1
I49382586,I76130692,1
I135191193,I188538660,1
I49382586,I90727586,1
I1294671590,I17974374,1
I1294671590,I181391015,1
I1294671590,I57206974,1
I17974374,I39804081,1
I17974374,I57206974,1
I181391015,I39804081,1
I181391015,I57206974,1
I39804081,I57206974,1
I121934306,I130701444,1
I2800297018,I3132238960,1
I4210125789,I56858762,1
I121934306,I71838634,1
I130701444,I135310074,1
I130701444,I71838634,1
I135310074,I71838634,1
I212119943,I39586589,1
I20231570,I4210113369,1
I130701444,I2802612298,1
I1283103587,I35440088,1
I1283103587,I2799323385,1
I4210116730,I78650965,1
I138006243,I145847075,1
I20231570,I66867065,1
I4210108629,I66867065,1
I14243506,I308837,1
I14243506,I66867065,1
I308837,I66867065,1
I36253440,I39586589,1
I116953780,I1306409833,1
I18014758,I39586589,1
I18014758,I36253440,1
I130769515,I24943067,1
I130769515,I4210127843,1
I24943067,I4210127843,1
I114027177,I1343180700,1
I116953780,I69048370,1
I1343180700,I69048370,1
I12912129,I87182695,1
I12912129,I95457486,1
I135310074,I87182695,1
I100066346,I39586589,1
I2802999273,I87182695,1
I2802999273,I95457486,1
I87182695,I95457486,1
I4210123185,I45928872,1
I20231570,I4210108629,1
I189712700,I66867065,1
I189712700,I4210108629,1
I112936343,I48430043,1
I111979921,I4210111179,1
I4210116730,I4665924,1
I-1,I112936343,1
I-1,I19370010,1
I-1,I4210155607,1
I-1,I4210164660,1
I-1,I48430043,1
I112936343,I19370010,1
I112936343,I4210155607,1
I112936343,I4210164660,1
I39586589,I78650965,1
I154099455,I66867065,1
I19370010,I4210155607,1
I19370010,I4210164660,1
I19370010,I48430043,1
I4210155607,I4210164660,1
I4210155607,I48430043,1
I4210164660,I48430043,1
I39586589,I4665924,1
I139660479,I80143920,1
I80143920,I99065089,1
I1295801184,I4210099593,1
I1294671590,I4387152369,1
I277688954,I4210141421,1
I277688954,I4387152369,1
I1294671590,I154099455,1
I1294671590,I4210108629,1
I154099455,I277688954,1
I154099455,I4210126360,1
I162868743,I185261750,1
I177725633,I277688954,1
I177725633,I4210108629,1
I177725633,I4210126360,1
I277688954,I4210108629,1
I4210108629,I4210126360,1
I139660479,I205237279,1
I19772626,I57206974,1
I205237279,I4092182,1
I19772626,I3132238960,1
I185261750,I232906412,1
I136199984,I35440088,1
I136199984,I859038795,1
I139660479,I69356397,1
I125839683,I180726961,1
I40120149,I4210113369,1
I40120149,I74973139,1
I40120149,I99065089,1
I4210113369,I74973139,1
I74973139,I99065089,1
I1294671590,I177725633,1
I189712700,I91203450,1
I185261750,I35440088,1
I3132238960,I57206974,1
I35440088,I98358874,1
I35440088,I98677209,1
I98358874,I98677209,1
I157725225,I3045169105,1
I162868743,I98677209,1
I2801410363,I59553526,1
I149910238,I161171246,1
I130701444,I4210153776,1
I200769079,I79891267,1
I79891267,I889458895,1
I39854758,I4210109586,1
I39854758,I4210110987,1
I4210109586,I4210110987,1
I162868743,I97018004,1
I154099455,I74973139,1
I177725633,I38877650,1
I177725633,I74973139,1
I38877650,I74973139,1
I4210128801,I78650965,1
I4210102902,I91136226,1
I1282311441,I95457486,1
I180923762,I4210127875,1
I126231945,I204722609,1
I154099455,I79891267,1
I189712700,I38877650,1
I189712700,I79891267,1
I38877650,I79891267,1
I205237279,I4210123185,1
I102322142,I1341412227,1
I133543626,I59553526,1
I145847075,I189712700,1
I27837315,I66946132,1
I130701444,I170201317,1
I130701444,I4210158876,1
I130701444,I74973139,1
I170201317,I4210158876,1
I4210158876,I74973139,1
I111979921,I134446601,1
I134446601,I135310074,1
I27804330,I66946132,1
I134446601,I24603500,1
I135310074,I24603500,1
I24603500,I95457486,1
I145847075,I4210102302,1
I145847075,I4210136987,1
I165779595,I2898391981,1
I21449261,I4210136987,1
I4210102302,I4210136987,1
I4210102302,I4432739,1
I4210136987,I4432739,1
I1341412227,I2799411422,1
I277688954,I78650965,1
I1294671590,I78650965,1
I200769079,I55712492,1
I181369854,I76198965,1
I76198965,I95793202,1
I121820613,I138006243,1
I121820613,I223532165,1
I2799980853,I2803058125,1
I-1,I134446601,1
I-1,I4210163771,1
I-1,I95457486,1
I134446601,I4210163771,1
I1280536761,I36253440,1
I4210113369,I45928872,1
I36819085,I76130692,1
I4210113369,I55712492,1
I45928872,I55712492,1
I33256026,I55732556,1
I3019415892,I55732556,1
I55712492,I889458895,1
I3019415892,I33256026,1
I2801851002,I74973139,1
I153267046,I33256026,1
I74973139,I98677209,1
I136199984,I36819085,1
I185261750,I98358874,1
I1290206253,I98677209,1
I3018083178,I4210141421,1
I223822909,I4665924,1
I-1,I40120149,1
I223822909,I4210116730,1
I-1,I7882870,1
I-1,I98677209,1
I183935753,I185658715,1
I223822909,I34809795,1
I4210122849,I98358874,1
I2802928900,I4210122849,1
I1283103587,I56590836,1
I183935753,I98677209,1
I185658715,I39555362,1
I185658715,I40120149,1
I185658715,I7882870,1
I185658715,I98677209,1
I114027177,I41833579,1
I157725225,I4210127875,1
I145847075,I251424209,1
I3132238960,I4210088053,1
I181369854,I4210088053,1
I181369854,I3132238960,1
I145847075,I206895457,1
I223822909,I31512782,1
I179863766,I71920554,1
I-1,I39555362,1
I-1,I185658715,1
I1290206253,I98358874,1
I-1,I183935753,1
I3018083178,I4387152369,1
I4210141421,I4387152369,1
I151746483,I200769079,1
I151746483,I889458895,1
I155173764,I200769079,1
I2802164966,I39586589,1
I2802164966,I34809795,1
I155173764,I889458895,1
I123900574,I3132238960,1
I111979921,I4210163771,1
I111979921,I98677209,1
I123900574,I27837315,1
I74801974,I74973139,1
I2802164966,I31512782,1
I1306409833,I98677209,1
I223822909,I78650965,1
I24603500,I98677209,1
I4210163771,I98677209,1
I204730241,I36253440,1
I111979921,I4210100400,1
I102197404,I36253440,1
I201448701,I4210100400,1
I4210100400,I95457486,1
I18014758,I4210163771,1
I100532134,I204337017,1
I100532134,I4210103820,1
I100532134,I4210155607,1
I4210117453,I8087733,1
I111979921,I161318765,1
I1286353243,I1294671590,1
I168635309,I232906412,1
I1286353243,I168635309,1
I1286353243,I18014758,1
I1286353243,I277688954,1
I1286353243,I39804081,1
I1286353243,I4210126360,1
I1294671590,I168635309,1
I1326498283,I18014758,1
I168635309,I39804081,1
I168635309,I4210126360,1
I18014758,I39804081,1
I18014758,I4210126360,1
I39804081,I4210126360,1
I1341412227,I136199984,1
I185261750,I97018004,1
I4210116267,I4210144839,1
I4210116267,I99065089,1
I4210144839,I99065089,1
I1290206253,I185261750,1
I1290206253,I35440088,1
I2801851002,I8087733,1
I2801851002,I4210117453,1
I138006243,I4210120115,1
I4210155607,I83019370,1
I100532134,I83019370,1
I1294671590,I204337017,1
I1294671590,I4210103820,1
I1294671590,I4210155607,1
I1294671590,I83019370,1
I204337017,I4210103820,1
I204337017,I4210155607,1
I4210103820,I4210155607,1
I4210103820,I83019370,1
I145847075,I179863766,1
I1306409833,I4210113495,1
I97018004,I98677209,1
I200769079,I4210113495,1
I2800607224,I4210113652,1
I4210113495,I63966007,1
I4210113495,I889458895,1
I102134673,I2800607224,1
I-1,I1311688040,1
I130828816,I52099693,1
I3132238960,I4432739,1
I1311688040,I138006243,1
I1311688040,I4210120115,1
I24603500,I4210102939,1
I148283060,I223532165,1
I2799980853,I83436808,1
I4210159266,I59553526,1
I113508548,I1327163397,1
I113508548,I392282,1
I1327163397,I392282,1
I111088046,I133738476,1
I179093154,I190082696,1
I4210150103,I74775410,1
I122411786,I1282927834,1
I4210114115,I74786994,1
I108464949,I4391767840,1
I108464949,I91045830,1
I4391767840,I91045830,1
I206945453,I4210152224,1
I1306430637,I1327163397,1
I1306430637,I4210091615,1
I1306430637,I59553526,1
I1327163397,I4210091615,1
I4210091615,I59553526,1
I129774422,I4210088715,1
I1294671590,I4210114115,1
I2898391981,I98358874,1
I2898391981,I99041443,1
I2898391981,I99065089,1
I98358874,I99041443,1
I98358874,I99065089,1
I99041443,I99065089,1
I1280536761,I63966007,1
I1327163397,I4210159266,1
I124357947,I45129253,1
I26120043,I4210122684,1
I1319063186,I137902535,1
I1282311441,I52357470,1
I1316902750,I52357470,1
I4210114115,I65285256,1
I3019586173,I921990950,1
I3018483916,I98358874,1
I180437899,I3019423309,1
I180437899,I4210141311,1
I3019423309,I4210141311,1
I110152177,I1302368450,1
I110152177,I4210135837,1
I110152177,I4210153148,1
I1302368450,I4210135837,1
I1302368450,I4210153148,1
I4210135837,I4210153148,1
I1306490931,I84218800,1
I2802384920,I99041443,1
I141945490,I95457486,1
I4210137033,I4210155236,1
I4210155236,I83816512,1
I1343180700,I4210164234,1
I32389192,I93085520,1
I1288214837,I52357470,1
I35364215,I55732556,1
I1280536761,I1343180700,1
I865915315,I98358874,1
I161057412,I190082696,1
I2802259095,I83019370,1
I-1,I83019370,1
I126744593,I1299022934,1
I126744593,I1299303238,1
I185103710,I2803209242,1
I100066346,I1283382300,1
I100066346,I4210135397,1
I1283382300,I4210135397,1
I181369854,I4210135397,1
I223822909,I29955533,1
I223822909,I4210091772,1
I29955533,I4210091772,1
I33213144,I859038795,1
I1326498283,I4210110792,1
I1326498283,I4210127166,1
I4210110792,I4210127166,1
I-1,I4210134052,1
I-1,I4401726748,1
I4210134052,I4401726748,1
I1330589705,I4210158283,1
I43439940,I59433898,1
I-1,I4210114115,1
I1283103587,I4210098935,1
I2799272722,I98381234,1
I100066346,I887968799,1
I223532165,I887968799,1
I1343190059,I190397597,1
I4210125796,I8087733,1
I1280536761,I1327163397,1
I52357470,I84218800,1
I4210126846,I99041443,1
I1288214837,I130701444,1
I1288214837,I173911158,1
I130701444,I173911158,1
I1302368450,I200870766,1
I197251160,I219193219,1
I-1,I1288214837,1
I201448701,I46020346,1
I201448701,I859038795,1
I46020346,I859038795,1
I1283103587,I5124864,1
I4210114115,I5124864,1
I124227911,I59553526,1
I1280536761,I84218800,1
I126744593,I1306266525,1
I126744593,I194028371,1
I137902535,I87097829,1
I143379178,I4210115305,1
I146094533,I4210159266,1
I165799507,I74786994,1
I1288214837,I1327163397,1
I1288214837,I59553526,1
I-1,I2802259095,1
I193531525,I79272384,1
I1280536761,I52357470,1
I194028371,I79272384,1
I1306266525,I79272384,1
I4210164937,I97018004,1
I205783295,I4210114115,1
I4210127401,I4210163586,1
I4210127401,I57206974,1
I4210163586,I57206974,1
I4210102542,I4210124175,1
I27804330,I4210122731,1
I1280536761,I4210159476,1
I1292974536,I161057412,1
I1343871089,I169521973,1
I1288214837,I4210138427,1
I1288214837,I4388482754,1
I4210138427,I4388482754,1
I125749732,I99065089,1
I159176309,I4210092357,1
I1341412227,I4210119109,1
I4210092357,I4210108711,1
I4210089612,I44896327,1
I4210089612,I74760111,1
I44896327,I74760111,1
I4210119109,I67311998,1
I4210119362,I8087733,1
I204250578,I2803209242,1
I181653535,I4210122731,1
I204337017,I67415387,1
I198415970,I5124864,1
I70983195,I98677209,1
I4210114115,I57206974,1
I4210114115,I4210163586,1
I4210114115,I4210127401,1
I145311948,I2802946424,1
I138801177,I4210130048,1
I138801177,I45129253,1
I138801177,I47508984,1
I4210130048,I45129253,1
I4210130048,I47508984,1
I45129253,I47508984,1
I204778367,I2800297018,1
I133738476,I161057412,1
I4210114115,I4210119109,1
I157725225,I4210114115,1
I1280536761,I27837315,1
I1316958739,I44896327,1
I2802849423,I57206974,1
I1306490931,I4389425429,1
I150209017,I181653535,1
I1341412227,I592451,1
I174216632,I2802849423,1
I174216632,I4210114115,1
I174216632,I4210127401,1
I174216632,I4210163586,1
I174216632,I57206974,1
I2802849423,I4210114115,1
I2802849423,I4210127401,1
I2802849423,I4210163586,1
I1342911587,I27804330,1
I1319063186,I223532165,1
I20089843,I53964585,1
I157725225,I4210138167,1
I114027177,I1327163397,1
I114027177,I4210126298,1
I114027177,I4210153043,1
I114027177,I59553526,1
I1327163397,I4210126298,1
I1327163397,I4210153043,1
I4210126298,I59553526,1
I4210153043,I59553526,1
I173498003,I33976269,1
I130701444,I166416128,1
I133738476,I44896327,1
I146399215,I26120043,1
I161057412,I24603500,1
I179093154,I24603500,1
I102322142,I98358874,1
I1280536761,I1282311441,1
I18014758,I194028371,1
I169381384,I98358874,1
I-1,I1302368450,1
I-1,I368840534,1
I1302368450,I368840534,1
I135191193,I165932596,1
I165932596,I55769427,1
I16391192,I20089843,1
I16391192,I53964585,1
I151746483,I2799337515,1
I1344073410,I59553526,1
I1327163397,I1344073410,1
I4210161853,I66946132,1
I1294671590,I142476485,1
I1294671590,I4210133362,1
I142476485,I4210133362,1
I1283280774,I1332737386,1
I33976269,I97018004,1
I172901346,I2800235667,1
I172901346,I3129407955,1
I2800235667,I3129407955,1
I1321296531,I39422238,1
I106118109,I4210161853,1
I106118109,I66946132,1
I66946132,I880747138,1
I161057412,I219193219,1
I102322142,I20089843,1
I102322142,I2799567181,1
I20089843,I2799567181,1
I205783295,I27804330,1
I2800759272,I4210107558,1
I4210114521,I4210141255,1
I52357470,I79272384,1
I153267046,I3129407955,1
I188538660,I206945453,1
I1319063186,I81365321,1
I154130895,I205783295,1
I145847075,I190397597,1
I52357470,I59553526,1
I4210114115,I47431100,1
I223532165,I4210109712,1
I145847075,I74788687,1
I4210137306,I74788687,1
I4210137306,I76134821,1
I74788687,I76134821,1
I74788687,I97018004,1
I76134821,I97018004,1
I1343180700,I4210134512,1
I1343180700,I4210158342,1
I1343180700,I97018004,1
I4210134512,I4210158342,1
I4210134512,I97018004,1
I4210158342,I97018004,1
I1283103587,I52913039,1
I124261462,I1286704778,1
I124261462,I130828816,1
I124261462,I86122600,1
I1286704778,I130828816,1
I1286704778,I86122600,1
I1343871089,I4210104735,1
I4210164937,I51556381,1
I4210164736,I45438204,1
I2799567181,I2803209242,1
I2799567181,I84218800,1
I149899117,I169521973,1
I149899117,I223532165,1
I52913039,I72090969,1
I166416128,I74973139,1
I138211613,I74788687,1
I4210131230,I98358874,1
I137975476,I4210133125,1
I170897317,I84218800,1
I181653535,I97018004,1
I153845743,I205640436,1
I197323543,I4210133934,1
I197323543,I8087733,1
I173498003,I181653535,1
I-1,I97018004,1
I-1,I153267046,1
I-1,I84218800,1
I2802928900,I4210131230,1
I-1,I181653535,1
I151746483,I153908563,1
I-1,I173498003,1
I114027177,I1282311441,1
I1282311441,I8087733,1
I18014758,I223532165,1
I1343871089,I2803209242,1
I165690674,I20089843,1
I165690674,I223532165,1
I20089843,I223532165,1
I1315649409,I219193219,1
I1283280774,I4210142372,1
I102134673,I122411786,1
I169521973,I4210109712,1
I135140700,I180437899,1
I72090969,I74973139,1
I135140700,I62318514,1
I4210109712,I592451,1
I1299022934,I223532165,1
I1299303238,I223532165,1
I-1,I35440088,1
I102134673,I72816309,1
I130442723,I59553526,1
I180980256,I4210159266,1
I201537933,I74801974,1
I18014758,I47508984,1
I137902535,I2948394018,1
I185103710,I2802966293,1
I165102784,I165733156,1
I165102784,I201448701,1
I165733156,I201448701,1
I100066346,I4210089608,1
I18014758,I4210089608,1
I18014758,I8087733,1
I4210089608,I8087733,1
I145847075,I145872427,1
I145847075,I2801238018,1
I145872427,I4210122849,1
I2801238018,I4210122849,1
I1343190059,I153267046,1
I1343190059,I48071105,1
I153267046,I48071105,1
I1326498283,I4210133369,1
I1282311441,I137902535,1
I2800759272,I4210104311,1
I1280536761,I4210090737,1
I135140700,I83019370,1
I180437899,I62318514,1
I180437899,I83019370,1
I62318514,I83019370,1
I74973139,I76130692,1
I122411786,I4210142372,1
I122411786,I63966007,1
I4210142372,I63966007,1
I2801935854,I4210120900,1
I2801935854,I84218800,1
I4210120900,I84218800,1
I129774422,I4210137306,1
I122991210,I4210104311,1
I129774422,I97018004,1
I157725225,I183874917,1
I1343190059,I76134821,1
I4210156517,I74786994,1
I102322142,I59857034,1
I118564535,I202697423,1
I118564535,I93085520,1
I202697423,I93085520,1
I1294671590,I177483745,1
I1326498283,I177483745,1
I121820613,I195893171,1
I1343190059,I144889574,1
I114027177,I1283103587,1
I135140700,I204250578,1
I88101031,I97018004,1
I130769515,I1330589705,1
I174306211,I8087733,1
I114027177,I143302722,1
I68956291,I8204097,1
I1292974536,I4210095732,1
I1292974536,I52357470,1
I4210095732,I52357470,1
I107766831,I84218800,1
I1282311441,I153267046,1
I122411786,I16391192,1
I200763008,I4210109712,1
I124227911,I1283103587,1
I4210088792,I87303767,1
I4210088792,I99041443,1
I87303767,I99041443,1
I4210167249,I47301684,1
I4210112925,I8087733,1
I1299022934,I175594653,1
I1299022934,I4210087915,1
I1299303238,I175594653,1
I1299303238,I4210087915,1
I175594653,I4210087915,1
I4210135837,I88101031,1
I4210135837,I97018004,1
I4210151352,I88101031,1
I114027177,I174306211,1
I114027177,I18014758,1
I145847075,I18014758,1
I44461941,I45438204,1
I52357470,I93085520,1
I130828816,I191240316,1
I1326498283,I4210099593,1
I114027177,I87097829,1
I1294671590,I4210104475,1
I1294671590,I4210136308,1
I1294671590,I899635006,1
I4210104475,I4210136308,1
I4210104475,I899635006,1
I4210136308,I899635006,1
I1282311441,I86519309,1
I145847075,I190249584,1
I161046081,I62318514,1
I145311948,I2799853436,1
I145311948,I4210114115,1
I2799853436,I4210114115,1
I1298353152,I79272384,1
I63533367,I84218800,1
I1283103587,I16391192,1
I1283103587,I31512782,1
I1283103587,I4210135397,1
I16391192,I31512782,1
I16391192,I4210135397,1
I31512782,I4210135397,1
I4210151352,I97018004,1
I1283103587,I8204097,1
I103163165,I16835326,1
I103163165,I4210140408,1
I26120043,I4210133125,1
I4210089980,I4210133125,1
I185103710,I197347611,1
I100066346,I138211613,1
I100066346,I145847075,1
I2800780207,I67415387,1
I129774422,I8087733,1
I1343190059,I138211613,1
I1343190059,I8087733,1
I138211613,I8087733,1
I145847075,I8087733,1
I103163165,I130238516,1
I137902535,I84218800,1
I3131873961,I4210114115,1
I3131873961,I4210167297,1
I4210114115,I4210167297,1
I130769515,I195893171,1
I130769515,I4210127646,1
I130769515,I4210135837,1
I195893171,I4210127646,1
I195893171,I4210135837,1
I4210127646,I4210135837,1
I126744593,I2800548410,1
I1332737386,I223532165,1
I4210142372,I66946132,1
I26120043,I4210089980,1
I121748325,I204250578,1
I16391192,I197251160,1
I137902535,I4210150884,1
I18014758,I2799475292,1
I18014758,I95793202,1
I2799475292,I95793202,1
I61937129,I99041443,1
I122411786,I1334627681,1
I1319063186,I175594653,1
I1283103587,I68956291,1
I1118541,I18014758,1
I1118541,I4210138551,1
I18014758,I4210138551,1
I223532165,I2799798094,1
I35440088,I887968799,1
I185658715,I20089843,1
I122411786,I223532165,1
I126744593,I219193219,1
I126744593,I223532165,1
I126744593,I4210114115,1
I223532165,I4210114115,1
I1326498283,I51441396,1
I1326498283,I78650965,1
I51441396,I78650965,1
I151746483,I167576493,1
I157725225,I91203450,1
I106165777,I223532165,1
I124357947,I47508984,1
I124357947,I4210130048,1
I2803058125,I83436808,1
I2801851002,I4210165591,1
I4210165591,I57206974,1
I201448701,I86519309,1
I66946132,I86519309,1
I125680101,I63966007,1
I130440993,I4210145387,1
I189712700,I97018004,1
I143663144,I66946132,1
I100532134,I130769515,1
I100532134,I198415970,1
I100532134,I72816309,1
I130769515,I198415970,1
I130769515,I72816309,1
I198415970,I72816309,1
I15057530,I4210101743,1
I137902535,I146416000,1
I148283060,I4210126023,1
I148283060,I4210151627,1
I4210126023,I4210151627,1
I4210126023,I95457486,1
I4210151627,I95457486,1
I173498003,I194629146,1
I104914703,I4210160189,1
I173498003,I95457486,1
I194629146,I880747138,1
I194629146,I95457486,1
I2801851002,I57206974,1
I136199984,I57206974,1
I124357947,I138801177,1
I136199984,I4210165591,1
I4210153776,I74973139,1
I63966007,I74973139,1
I130238516,I1316535847,1
I130701444,I24603500,1
I201448701,I24603500,1
I20231570,I4210145386,1
I114027177,I141720752,1
I141720752,I69048370,1
I181369854,I4210138551,1
I2948394018,I57206974,1
I125839683,I26120043,1
I102134673,I141945490,1
I102134673,I232906412,1
I141945490,I232906412,1
I141945490,I56590836,1
I232906412,I56590836,1
I1294671590,I71920554,1
I277688954,I71920554,1
I111979921,I4210093996,1
I130701444,I4210093996,1
I2800444561,I4210093996,1
I129774422,I136199984,1
I129774422,I2801851002,1
I129774422,I4210165591,1
I129774422,I57206974,1
I880747138,I95457486,1
I104914703,I4210142254,1
I104914703,I15057530,1
I4210131712,I72816309,1
I1298453700,I95457486,1
I1288330432,I1324682000,1
I1288330432,I219193219,1
I1288330432,I4210091159,1
I1288330432,I4394709130,1
I1288330432,I592451,1
I1324682000,I4210091159,1
I219193219,I4210091159,1
I4210091159,I4394709130,1
I4210091159,I592451,1
I124227911,I189712700,1
I102149020,I18014758,1
I137902535,I18014758,1
I-1,I1290206253,1
I102149020,I59499333,1
I108290504,I122991210,1
I108290504,I4210144576,1
I130769515,I82783531,1
I1288214837,I99041443,1
I189712700,I4210099988,1
I189712700,I4210138551,1
I189712700,I94509681,1
I4210099988,I4210138551,1
I4210099988,I94509681,1
I1341412227,I204250578,1
I1298453700,I148283060,1
I122411786,I95457486,1
I122411786,I148283060,1
I-1,I154338468,1
I1282113950,I219193219,1
I1289490764,I18014758,1
I1289490764,I4210160401,1
I18014758,I4210160401,1
I142606810,I59553526,1
I177909021,I4210131883,1
I102149020,I4210128818,1
I102149020,I66867065,1
I184597095,I4210128818,1
I184597095,I66867065,1
I4210128818,I66867065,1
I100621029,I102149020,1
I122411786,I1298453700,1
I102197404,I130701444,1
I102197404,I66862912,1
I130701444,I1326498283,1
I130701444,I4210144804,1
I130701444,I66862912,1
I1326498283,I66862912,1
I4210144804,I66862912,1
I3019423309,I4923324,1
I31512782,I4923324,1
I35440088,I4210166808,1
I4210166808,I59105498,1
I4210153776,I63966007,1
I-1,I74973139,1
I-1,I63966007,1
I134161618,I31683504,1
I21449261,I4210126360,1
I21449261,I4665924,1
I2800740805,I4210126360,1
I2800740805,I4432739,1
I2800740805,I4665924,1
I4210126360,I4432739,1
I4210126360,I4665924,1
I4432739,I4665924,1
I109935558,I76130692,1
I109935558,I84884186,1
I118019719,I202697423,1
I118019719,I237525767,1
I202697423,I237525767,1
I130238516,I136199984,1
I102134673,I176453806,1
I102134673,I2800638415,1
I102134673,I98677209,1
I176453806,I98677209,1
I2800638415,I98677209,1
I1294671590,I180437899,1
I1326498283,I180437899,1
I180437899,I4210126360,1
I143302722,I173911158,1
I173911158,I223532165,1
I173911158,I52357470,1
I21449261,I2800740805,1
I1326498283,I4665924,1
I1326498283,I4432739,1
I4210126360,I67031392,1
I170897317,I59028336,1
I205237279,I55732556,1
I121934306,I180923762,1
I135310074,I180923762,1
I143288331,I193662353,1
I176453806,I193662353,1
I193662353,I4092182,1
I201448701,I2801157765,1
I201448701,I867387847,1
I2801157765,I867387847,1
I1294671590,I67031392,1
I4210126360,I69356397,1
I1326498283,I2800740805,1
I67031392,I69356397,1
I1290206253,I30809798,1
I172675005,I180726961,1
I130828816,I148283060,1
I20231570,I4210144576,1
I4210164339,I95457486,1
I1294671590,I21449261,1
I1294671590,I2800740805,1
I1294671590,I4432739,1
I1294671590,I4665924,1
I1326498283,I21449261,1
I134161618,I19820366,1
I134161618,I4210108629,1
I-1,I4210153776,1
I19820366,I31683504,1
I25112270,I2801919071,1
I25112270,I93860229,1
I25112270,I95457486,1
I2801919071,I39422238,1
I2801919071,I63966007,1
I2801919071,I93860229,1
I2801919071,I95457486,1
I39422238,I93860229,1
I39422238,I95457486,1
I63966007,I93860229,1
I63966007,I95457486,1
I93860229,I95457486,1
I193775966,I56590836,1
I114027177,I2613432,1
I4210101743,I4210142254,1
I223532165,I8692664,1
I2613432,I8692664,1
I151746483,I4210150121,1
I151746483,I98358874,1
I4210150121,I98358874,1
I200769079,I91045830,1
I889458895,I91045830,1
I4210124949,I57206974,1
I1294671590,I200769079,1
I1294671590,I889458895,1
I161127581,I95457486,1
I161127581,I93860229,1
I161127581,I2801919071,1
I100066346,I17747738,1
I19820366,I4210108629,1
I31683504,I4210108629,1
I204337017,I48566637,1
I24943067,I98677209,1
I1294671590,I3017942884,1
I1294671590,I4389425457,1
I170897317,I4210153043,1
I170897317,I4210126298,1
I169521973,I4210162323,1
I4210156583,I74973139,1
I133738476,I81020160,1
I116953780,I17747738,1
I157725225,I93860229,1
I116953780,I20231570,1
I17747738,I20231570,1
I121883995,I204337017,1
I1343190059,I204337017,1
I145847075,I204337017,1
I4210101743,I4210160189,1
I4210138378,I87216513,1
I81365321,I87216513,1
I157725225,I25112270,1
I157725225,I2801919071,1
I157725225,I63966007,1
I4210156936,I83019370,1
I100532134,I157725225,1
I100532134,I66946132,1
I188538660,I199693650,1
I120250893,I926574661,1
I114017466,I130769515,1
I102502594,I55769427,1
I102502594,I84218800,1
I1282105669,I84218800,1
I55769427,I84218800,1
I142606810,I4394709130,1
I201448701,I4210156221,1
I130701444,I4388482740,1
I139660479,I38877650,1
I139660479,I50760025,1
I139660479,I55538621,1
I38877650,I50760025,1
I38877650,I55538621,1
I4092182,I50760025,1
I4092182,I55538621,1
I50760025,I55538621,1
I50760025,I76130692,1
I55538621,I76130692,1
I1299907687,I4210164937,1
I1299907687,I55732556,1
I1299907687,I99065089,1
I4210164937,I55732556,1
I1334627681,I84218800,1
I151746483,I26274970,1
I195575238,I82495205,1
I135310074,I201448701,1
I87216513,I99065089,1
I79272384,I82495205,1
I145847075,I200769079,1
I145847075,I76130692,1
I145847075,I889458895,1
I135310074,I2801436432,1
I136150977,I4210113369,1
I136150977,I99065089,1
I185261750,I4210085935,1
I-1,I4210088341,1
I4210088341,I57206974,1
I1298353152,I130701444,1
I1298353152,I142606810,1
I79272384,I859038795,1
I4210164937,I87216513,1
I82495205,I859038795,1
I2801240577,I3005327000,1
I102149020,I71966907,1
I1325784139,I19820366,1
I1325784139,I99065089,1
I46247651,I66946132,1
I114017466,I1297991670,1
I114017466,I258800397,1
I1297991670,I20231570,1
I1297991670,I258800397,1
I20231570,I258800397,1
I26274970,I84218800,1
I188538660,I243754102,1
I1343190059,I76130692,1
I188538660,I84653119,1
I129774422,I4210159895,1
I129774422,I4210133271,1
I1324840837,I153267046,1
I129774422,I4210099593,1
I145311948,I32625721,1
I100005738,I4210104735,1
I2540865,I265217849,1
I145311948,I20089843,1
I123387679,I4210119109,1
I-1,I4210090485,1
I1280536761,I4210090485,1
I1174212,I4210087032,1
I184842277,I204465549,1
I2800638129,I2802964274,1
I1325736334,I859038795,1
I201448701,I2250650973,1
I201448701,I4399598381,1
I2250650973,I4399598381,1
I1288214837,I4210138199,1
I1283103587,I4210110987,1
I1283103587,I4210113003,1
I4210114115,I592451,1
I4210110987,I4210113003,1
I4210110987,I4210114115,1
I4210113003,I4210114115,1
I1292875679,I2800497579,1
I2252078561,I76130692,1
I2252078561,I4092182,1
I243754102,I8692664,1
I188538660,I8692664,1
I199693650,I219193219,1
I199693650,I243754102,1
I199693650,I2802236040,1
I199693650,I84653119,1
I199693650,I8692664,1
I219193219,I243754102,1
I219193219,I84653119,1
I219193219,I8692664,1
I243754102,I2802236040,1
I243754102,I84653119,1
I2802236040,I84653119,1
I139660479,I2252078561,1
I2802236040,I8692664,1
I84653119,I8692664,1
I162868743,I183067930,1
I139660479,I145581781,1
I-1,I130769515,1
I-1,I139660479,1
I-1,I2252078561,1
I-1,I4092182,1
I-1,I76130692,1
I130769515,I2252078561,1
I130769515,I4092182,1
I1343190059,I889458895,1
I1343190059,I200769079,1
I157725225,I66946132,1
I3131550300,I4210144576,1
I121934306,I175594653,1
I121934306,I27804330,1
I169086405,I175594653,1
I169086405,I27804330,1
I1326498283,I168719708,1
I1326498283,I174216632,1
I1326498283,I4210113654,1
I168719708,I174216632,1
I168719708,I4210113654,1
I174216632,I4210113654,1
I100296615,I122991210,1
I100296615,I135140700,1
I100296615,I4210144576,1
I122991210,I134560555,1
I122991210,I135140700,1
I122991210,I3131550300,1
I122991210,I4210119061,1
I122991210,I4210152422,1
I122991210,I4210160189,1
I134560555,I135140700,1
I134560555,I4210144576,1
I135140700,I3131550300,1
I135140700,I4210119061,1
I135140700,I4210144576,1
I135140700,I4210152422,1
I121934306,I169086405,1
I102149020,I27804330,1
I102149020,I175594653,1
I1312106833,I86501945,1
I185261750,I4210103279,1
I185261750,I4210156936,1
I1310439424,I4210099672,1
I1330347796,I142606810,1
I138285227,I5023651,1
I189712700,I55732556,1
I4210142372,I6059380,1
I8087733,I926574661,1
I1314135232,I1325736334,1
I1314135232,I52357470,1
I1325736334,I52357470,1
I2801919071,I4210145761,1
I102149020,I169086405,1
I130769515,I155173764,1
I4210133271,I4210159895,1
I4210085935,I4210126794,1
I100066346,I148283060,1
I148283060,I926574661,1
I4210099593,I4210159895,1
I4210103279,I97018004,1
I4210156936,I97018004,1
I184565670,I193531525,1
I184565670,I66946132,1
I193531525,I66946132,1
I135140700,I4210160189,1
I4210119061,I4210144576,1
I162577319,I162868743,1
I4210144576,I4210152422,1
I138211613,I4210122765,1
I1343190059,I4210159895,1
I1343190059,I4210116233,1
I100066346,I219193219,1
I100066346,I28777354,1
I1343190059,I4210133271,1
I130769515,I27837315,1
I150693791,I859038795,1
I1343190059,I4210128666,1
I219193219,I40120149,1
I28777354,I40120149,1
I149910238,I173759888,1
I149910238,I55712492,1
I173759888,I55712492,1
I173759888,I76130692,1
I19894307,I22248866,1
I19894307,I4210100283,1
I19894307,I4210101743,1
I19894307,I4210120727,1
I22248866,I4210100283,1
I22248866,I4210101743,1
I22248866,I4210120727,1
I4210100283,I4210101743,1
I4210100283,I4210120727,1
I4210101743,I4210120727,1
I4210099593,I4210133271,1
I31512782,I4210101598,1
I592451,I8692664,1
I102149020,I161057412,1
I4210144576,I4210160189,1
I107639228,I1341412227,1
I107639228,I200769079,1
I107639228,I4210126794,1
I107639228,I87445476,1
I107639228,I889458895,1
I1341412227,I87445476,1
I4210126794,I87445476,1
I186274478,I219193219,1
I186274478,I2802660506,1
I219193219,I2802660506,1
I102149020,I173498003,1
I4210119109,I8692664,1
I102149020,I179093154,1
I161057412,I173498003,1
I173498003,I179093154,1
I102149020,I1341412227,1
I102149020,I4210085935,1
I-1,I17974374,1
I-1,I90965887,1
I168635309,I17974374,1
I168635309,I90965887,1
I17974374,I90965887,1
I1321826891,I84218800,1
I24943067,I4210144576,1
I148366613,I87354575,1
I180825142,I24943067,1
I117197279,I135598925,1
I185261750,I4210119257,1
I4210109586,I4210114115,1
I4210109586,I4210119257,1
I4210114115,I4210119257,1
I111979921,I121934306,1
I149899117,I4210143490,1
I102197404,I141945490,1
I149899117,I2800289517,1
I202963720,I57201433,1
I12356871,I141945490,1
I66946132,I86755215,1
I1326498283,I141945490,1
I1285739803,I86755215,1
I141945490,I4210166784,1
I1285739803,I66946132,1
I-1,I1294671590,1
I-1,I4210095297,1
I-1,I4210135439,1
I-1,I8204097,1
I4210125647,I66946132,1
I100532134,I4210095297,1
I100532134,I4210135439,1
I100532134,I8204097,1
I1294671590,I4210095297,1
I1294671590,I4210135439,1
I185261750,I4210114115,1
I185261750,I4210109586,1
I170201317,I4210119257,1
I1290206253,I55712492,1
I4210143490,I4210163131,1
I4210142429,I4388891828,1
I4210142429,I76130692,1
I4210142429,I86519309,1
I4388891828,I76130692,1
I76130692,I86519309,1
I2800289517,I4210163131,1
I102149020,I103406327,1
I103406327,I76130692,1
I1290206253,I168719708,1
I1290206253,I172675005,1
I168719708,I4210164937,1
I170201317,I4210114115,1
I168719708,I55712492,1
I172675005,I4210164937,1
I172675005,I55712492,1
I4210164937,I55712492,1
I1290206253,I204983213,1
I149899117,I926574661,1
I204983213,I4210164937,1
I204983213,I99065089,1
I149899117,I4210163131,1
I170201317,I185261750,1
I170201317,I4210109586,1
I1294671590,I8204097,1
I4210095297,I4210135439,1
I4210095297,I8204097,1
I2802742124,I40120149,1
I169381384,I50760025,1
I162714631,I4210138551,1
I162714631,I95793202,1
I137265193,I161548249,1
I1303153112,I1303691731,1
I1303153112,I223822909,1
I1303153112,I85384741,1
I1303691731,I223822909,1
I1303691731,I85384741,1
I223822909,I85384741,1
I4210109712,I86987016,1
I196349391,I4210136471,1
I4210165912,I4210166784,1
I136199984,I40347166,1
I2799803557,I4210136471,1
I136199984,I40120149,1
I4210136471,I9617848,1
I1341412227,I4210167297,1
I1341412227,I91203450,1
I4210167297,I91203450,1
I182083151,I4210123171,1
I182083151,I4210131986,1
I4210123171,I4210131986,1
I1343871089,I153267046,1
I1326498283,I50760025,1
I1326498283,I4210165912,1
I4210135439,I8204097,1
I1343190059,I136199984,1
I100296615,I83019370,1
I119888943,I130238516,1
I119888943,I2800403580,1
I39586589,I98358874,1
I200769079,I4210153212,1
I200769079,I4210159102,1
I204512498,I4210153212,1
I204512498,I4210159102,1
I1343190059,I223532165,1
I4210153212,I4210159102,1
I4210153212,I889458895,1
I40120149,I40347166,1
I102197404,I4210165912,1
I1291425158,I193775966,1
I1291425158,I219193219,1
I141945490,I193775966,1
I2802742124,I40347166,1
I193775966,I219193219,1
I135140700,I149899117,1
I135140700,I4210152351,1
I149899117,I4210152351,1
I180825142,I2801239119,1
I180825142,I56590836,1
I4210116319,I95793202,1
I219193219,I4388891828,1
I219193219,I4210142429,1
I4210163131,I926574661,1
I168635309,I4210114115,1
I2800628709,I5124864,1
I35440088,I4210100468,1
I35440088,I5124864,1
I4210100468,I5124864,1
I1341412227,I57206974,1
I39422238,I97750245,1
I114027177,I130701444,1
I1289243028,I4210156081,1
I130701444,I1341412227,1
I1289243028,I2799567181,1
I1289243028,I219193219,1
I121934306,I142606810,1
I2800628709,I35440088,1
I121934306,I219193219,1
I142606810,I219193219,1
I121883995,I129774422,1
I223532165,I68947357,1
I153267046,I68947357,1
I75059550,I76130692,1
I75059550,I84218800,1
I75059550,I90727586,1
I219193219,I99041443,1
I31746571,I4210121838,1
I84218800,I90727586,1
I2800628709,I4210100468,1
I202697423,I5124864,1
I132118926,I62916508,1
I2800403580,I901242617,1
I39804081,I8078737,1
I4210106889,I4210165912,1
I4210106889,I8078737,1
I4210165912,I8078737,1
I223532165,I4210156081,1
I36258959,I95457486,1
I153267046,I35440088,1
I223532165,I2799567181,1
I35440088,I4387152675,1
I2800403580,I4210125099,1
I2800403580,I51342185,1
I4210125099,I51342185,1
I202697423,I4210100468,1
I4210125099,I901242617,1
I51342185,I901242617,1
I219193219,I4210156081,1
I219193219,I2799567181,1
I1288882113,I202697423,1
I1288882113,I2800628709,1
I1288882113,I35440088,1
I1288882113,I4210100468,1
I1288882113,I5124864,1
I202697423,I2800628709,1
I202697423,I35440088,1
I1326498283,I4210121838,1
I145847075,I62916508,1
I130238516,I76130692,1
I132369690,I20231570,1
I172675005,I2972652528,1
I172675005,I35440088,1
I195893171,I4210150252,1
I145847075,I4210160608,1
I145847075,I4210150252,1
I145847075,I195893171,1
I1343190059,I4210160608,1
I111483173,I132369690,1
I111483173,I162868743,1
I111483173,I4390039265,1
I132369690,I162868743,1
I132369690,I4390039265,1
I203172682,I57206974,1
I1343190059,I4210150252,1
I162868743,I4390039265,1
I20231570,I4390039265,1
I102149020,I130238516,1
I102149020,I4210142429,1
I102149020,I4388891828,1
I1343190059,I195893171,1
I102149020,I86519309,1
I130238516,I219193219,1
I130238516,I4210142429,1
I130238516,I4388891828,1
I4210092460,I57206974,1
I203172682,I4210092460,1
I1326498283,I31746571,1
I2801851002,I4210092929,1
I200769079,I4210134051,1
I20231570,I4210134051,1
I4210134051,I889458895,1
I1290206253,I162714631,1
I1290206253,I4210105678,1
I162714631,I219193219,1
I162714631,I4210105678,1
I219193219,I4210105678,1
I39343248,I4210152878,1
I121883995,I4210092929,1
I1283582996,I4210092929,1
I4092182,I4210092929,1
I1313416372,I57206974,1
I4210092929,I4400600974,1
I205783295,I4210151791,1
I4210151791,I57206974,1
I4210150252,I4210160608,1
I195893171,I4210160608,1
I1289243028,I1313416372,1
I1289243028,I203172682,1
I1289243028,I4210092460,1
I1289243028,I57206974,1
I1313416372,I203172682,1
I1313416372,I4210092460,1
I117197279,I130828816,1
I117197279,I141591182,1
I2799567181,I4210156081,1
I117197279,I199028557,1
I102197404,I4210138551,1
I102197404,I95793202,1
I102197404,I98358874,1
I1326498283,I4210138551,1
I1326498283,I95793202,1
I1326498283,I98358874,1
I889458895,I99041443,1
I27804330,I99041443,1
I27804330,I889458895,1
I1283595831,I83019370,1
I137902535,I170897317,1
I170897317,I2801313472,1
I180825142,I31512782,1
I27804330,I76130692,1
I1286353243,I4210160618,1
I200769079,I99041443,1
I200769079,I4210160618,1
I4210160618,I889458895,1
I36522303,I98358874,1
I200769079,I27804330,1
I200769079,I231293419,1
I175594653,I99041443,1
I231293419,I4210091137,1
I231293419,I889458895,1
I175594653,I889458895,1
I4210116376,I59553526,1
I2801851002,I4210160384,1
I223532165,I4210160384,1
I4210124949,I4210161634,1
I200769079,I201448701,1
I200769079,I3018083178,1
I200769079,I4210124949,1
I200769079,I4210161634,1
I201448701,I3018083178,1
I201448701,I4210124949,1
I201448701,I4210161634,1
I201448701,I889458895,1
I3018083178,I4210124949,1
I3018083178,I4210161634,1
I3018083178,I889458895,1
I4210124949,I889458895,1
I223532165,I2801851002,1
I4210161634,I889458895,1
I102520234,I1329325741,1
I102520234,I83019370,1
I102520234,I98358874,1
I1329325741,I98358874,1
I1343190059,I182712176,1
I110378019,I99041443,1
I136199984,I4210160384,1
I145847075,I223532165,1
I145847075,I2801851002,1
I145847075,I4210160384,1
I102149020,I204553293,1
I149910238,I204553293,1
I175594653,I76130692,1
I121883995,I3019423309,1
I18850439,I887968799,1
I189712700,I4210126360,1
I189712700,I4210161634,1
I137902535,I75027704,1
I4092182,I4210126360,1
I4092182,I4210161634,1
I4092182,I887968799,1
I4210126360,I4210161634,1
I4210126360,I887968799,1
I4210161634,I887968799,1
I1289243028,I137902535,1
I121883995,I4665924,1
I18850439,I4210126360,1
I145847075,I3019423309,1
I3019423309,I4665924,1
I-1,I1286353243,1
I-1,I1326498283,1
I-1,I185261750,1
I-1,I2801317318,1
I-1,I4210103820,1
I-1,I4210141030,1
I134235054,I180825142,1
I134235054,I4432739,1
I1174212,I19820366,1
I18850439,I4210161634,1
I18850439,I4092182,1
I204553293,I76130692,1
I1283280774,I175594653,1
I204512498,I4210113369,1
I204512498,I76130692,1
I1286353243,I4210164937,1
I175594653,I200769079,1
I1283280774,I99041443,1
I1283280774,I889458895,1
I130701444,I4210114115,1
I197347611,I4210114115,1
I1283280774,I76130692,1
I1283280774,I27804330,1
I1283280774,I200769079,1
I1343190059,I4665924,1
I18850439,I189712700,1
I168635309,I859038795,1
I1290206253,I859038795,1
I212119943,I4210163771,1
I102197404,I18850439,1
I102197404,I4092182,1
I4210112067,I4210167297,1
I102197404,I887968799,1
I1326498283,I18850439,1
I1326498283,I4092182,1
I122991210,I136199984,1
I1326498283,I887968799,1
I1341412227,I4210161634,1
I1341412227,I4210124949,1
I1341412227,I3018083178,1
I4210164937,I79272384,1
I1289243028,I79272384,1
I1289243028,I91045830,1
I130701444,I2801613365,1
I130701444,I79272384,1
I130701444,I91045830,1
I2800444561,I2801613365,1
I2800444561,I79272384,1
I2800444561,I91045830,1
I2801613365,I79272384,1
I2801613365,I91045830,1
I79272384,I91045830,1
I4210164937,I91090688,1
I1289243028,I2800444561,1
I79272384,I91090688,1
I79272384,I99065089,1
I91090688,I99065089,1
I141945490,I189712700,1
I141945490,I87216513,1
I189712700,I219193219,1
I189712700,I87216513,1
I219193219,I87216513,1
I3019423309,I4210166048,1
I3019423309,I94509681,1
I4210166048,I94509681,1
I1289243028,I2801613365,1
I1289243028,I130701444,1
I130769515,I162868743,1
I141591182,I199028557,1
I117197279,I203951103,1
I117197279,I74801974,1
I130828816,I135598925,1
I130828816,I141591182,1
I130828816,I199028557,1
I130828816,I203951103,1
I130828816,I74801974,1
I135598925,I141591182,1
I135598925,I199028557,1
I135598925,I203951103,1
I135598925,I74801974,1
I141591182,I203951103,1
I1283280774,I2802742124,1
I141591182,I74801974,1
I199028557,I203951103,1
I199028557,I74801974,1
I136199984,I2802742124,1
I1283280774,I40347166,1
I135140700,I95793202,1
I135140700,I98358874,1
I1283280774,I40120149,1
I111088046,I136199984,1
I111088046,I4210150141,1
I111088046,I71920554,1
I2802423016,I4210146710,1
I1343180700,I4210146710,1
I1341412227,I201448701,1
I168635309,I4210164339,1
I2801862477,I4210103820,1
I2801862477,I4210141030,1
I212119943,I98251732,1
I121934306,I131221577,1
I121934306,I4210118379,1
I131221577,I4210118379,1
I145847075,I195525897,1
I1325886976,I2801851002,1
I1325886976,I4092182,1
I1343190059,I195525897,1
I-1,I4210164339,1
I102197404,I1341412227,1
I4210159558,I4210162195,1
I102197404,I200769079,1
I102197404,I201448701,1
I102197404,I3018083178,1
I102197404,I4210124949,1
I102197404,I889458895,1
I182712176,I4210098606,1
I1326498283,I201448701,1
I1326498283,I3018083178,1
I1326498283,I4210124949,1
I145847075,I4210098606,1
I145847075,I182712176,1
I4432739,I84218800,1
I2801317318,I2801862477,1
I100066346,I4210115791,1
I141945490,I27837315,1
I200769079,I24185976,1
I1343180700,I2802423016,1
I200769079,I90727586,1
I24185976,I39586589,1
I24185976,I889458895,1
I24185976,I90727586,1
I4210131673,I47431100,1
I39586589,I90727586,1
I889458895,I90727586,1
I223532165,I47431100,1
I136199984,I27837315,1
I141945490,I63966007,1
I4210162195,I75027704,1
I27837315,I63966007,1
I223532165,I4210131673,1
I35440088,I4391767926,1
I1286353243,I2801862477,1
I62916508,I95793202,1
I130238516,I4210115791,1
I1326498283,I2801862477,1
I2738703131,I4210101455,1
I177725633,I4210119109,1
I172675005,I177725633,1
I169381384,I4210136697,1
I39804081,I4210106889,1
I223532165,I4210165912,1
I180825142,I20231570,1
I130238516,I157725225,1
I169381384,I180825142,1
I169381384,I4210154378,1
I180825142,I4210115485,1
I180825142,I4210154378,1
I4210115485,I4210154378,1
I130701444,I4210088367,1
I130701444,I4210108719,1
I4210088367,I4210108719,1
I102134673,I22465464,1
I216852786,I4210144804,1
I1294671590,I216852786,1
I4210144576,I4665924,1
I4210119712,I926574661,1
I4665924,I4923324,1
I147554453,I76130692,1
I40120149,I4210146357,1
I40120149,I4210146410,1
I4210146357,I4210146410,1
I4210091327,I926574661,1
I111979921,I2801851002,1
I27837315,I2801851002,1
I132976966,I145847075,1
I145311948,I62916508,1
I100066346,I4210144576,1
I100066346,I4923324,1
I1326498283,I4210154378,1
I102197404,I4210154378,1
I1282311441,I926574661,1
I15196421,I4210118689,1
I142606810,I223532165,1
I131249849,I223532165,1
I2803209242,I95457486,1
I1283103587,I20231570,1
I102134673,I4665924,1
I153267046,I2898391981,1
I153267046,I4210160527,1
I2898391981,I4210160527,1
I2898391981,I84218800,1
I2614128279,I4210118689,1
I136199984,I48566637,1
I48566637,I71920554,1
I204465549,I859038795,1
I4210119109,I4210141176,1
I4210119109,I61057504,1
I4210119109,I901403493,1
I4210141176,I61057504,1
I15196421,I2614128279,1
I61057504,I901403493,1
I35440088,I4432739,1
I1294297726,I4210160527,1
I161548249,I39586589,1
I56590836,I7882870,1
I2801798921,I926574661,1
I4210091327,I4210119712,1
I1343871089,I148283060,1
I1343871089,I204250578,1
I1290206253,I136199984,1
I1282311441,I174183983,1
I1289243028,I130828816,1
I1289243028,I174183983,1
I130828816,I174183983,1
I116953780,I1290206253,1
I116953780,I12912129,1
I116953780,I136199984,1
I3018771216,I8204097,1
I112260969,I29607241,1
I104914703,I9736820,1
I1290206253,I12912129,1
I104914703,I29607241,1
I1282311441,I1289243028,1
I104914703,I112260969,1
I40120149,I4210163870,1
I137902535,I4210163870,1
I12912129,I200769079,1
I12912129,I4210113369,1
I12912129,I889458895,1
I136199984,I200769079,1
I136199984,I4210113369,1
I136199984,I889458895,1
I195893171,I98358874,1
I1290206253,I27837315,1
I1282311441,I130828816,1
I1282105669,I174183983,1
I1343871089,I2799909505,1
I154130895,I99043593,1
I142606810,I148283060,1
I142606810,I204250578,1
I142606810,I2799909505,1
I148283060,I204250578,1
I148283060,I2799909505,1
I204250578,I2799909505,1
I130769515,I135310074,1
I130769515,I154130895,1
I130769515,I99043593,1
I135310074,I154130895,1
I135310074,I99043593,1
I153267046,I4210135053,1
I1282105669,I1289243028,1
I4210135053,I84218800,1
I100066346,I31512782,1
I100066346,I94509681,1
I31512782,I94509681,1
I100066346,I78650965,1
I153267046,I73114660,1
I3019415892,I73114660,1
I73114660,I84218800,1
I1282311441,I2803209242,1
I223532165,I2803209242,1
I177909021,I223532165,1
I1294671590,I142606810,1
I223532165,I39586589,1
I12356871,I142606810,1
I1282311441,I1297288678,1
I17974374,I3131550300,1
I17974374,I4210092357,1
I17974374,I4210119061,1
I17974374,I4210152422,1
I17974374,I4210160189,1
I3131550300,I4210092357,1
I4210092357,I4210119061,1
I4210092357,I4210152422,1
I4210092357,I4210160189,1
I1282311441,I31746571,1
I1282311441,I192454743,1
I18014758,I195893171,1
I169381384,I17974374,1
I18014758,I4210159854,1
I195893171,I4210159854,1
I1290206253,I201448701,1
I1290206253,I4210099137,1
I202697423,I64152125,1
I168635309,I201448701,1
I185261750,I74753095,1
I1326498283,I74753095,1
I4210154694,I4210155236,1
I201448701,I4210099137,1
I201448701,I4210153468,1
I169381384,I4210092357,1
I134560555,I4210092357,1
I4210099137,I4210153468,1
I183935753,I200166805,1
I180437899,I193619901,1
I180437899,I4210137873,1
I193619901,I4210137873,1
I31746571,I4210104735,1
I17974374,I80850581,1
I181391015,I80850581,1
I4092182,I4665924,1
I202697423,I204250578,1
I202697423,I2800759272,1
I204250578,I2800759272,1
I145847075,I200166805,1
I183935753,I4210122849,1
I134560555,I17974374,1
I223532165,I31746571,1
I192454743,I31746571,1
I59553526,I83740829,1
I192454743,I223532165,1
I1297288678,I4210104735,1
I1297288678,I31746571,1
I1297288678,I223532165,1
I1297288678,I192454743,1
I1282311441,I4210104735,1
I100296615,I17974374,1
I100296615,I4210092357,1
I4210144062,I4210155236,1
I4210099137,I4210164937,1
I1327163397,I185443292,1
I223532165,I63966007,1
I175594653,I79272384,1
I29606459,I44854399,1
I29606459,I79272384,1
I44854399,I79272384,1
I102197404,I127558574,1
I1283280774,I4210154694,1
I1283280774,I4210144062,1
I127558574,I1326498283,1
I127558574,I169381384,1
I127558574,I4210115485,1
I1290206253,I154570441,1
I4210144576,I83019370,1
I175594653,I29606459,1
I134446601,I97018004,1
I223532165,I97018004,1
I169381384,I204730241,1
I204730241,I4210115485,1
I129604602,I145847075,1
I129604602,I99464096,1
I145847075,I99464096,1
I205783295,I90965887,1
I1341412227,I66946132,1
I4210114115,I66946132,1
I251424209,I4432739,1
I175594653,I44854399,1
I126744593,I44854399,1
I4210153468,I4210164937,1
I10824318,I84218800,1
I107606265,I130828816,1
I102322142,I27837315,1
I2801935854,I4210094059,1
I111277659,I60488453,1
I4210151080,I4210152878,1
I195893171,I4210152878,1
I22465464,I25974101,1
I39586589,I4576418,1
I40120149,I4576418,1
I1326498283,I20581793,1
I10824318,I148283060,1
I10824318,I95457486,1
I126744593,I29606459,1
I4210144062,I4210154694,1
I136199984,I4210155236,1
I4210138551,I83019370,1
I83019370,I95793202,1
I136199984,I4210154694,1
I136199984,I4210144062,1
I1283280774,I4210155236,1
I102134673,I154130895,1
I4210099593,I83019370,1
I141945490,I223532165,1
I126744593,I175594653,1
I4665924,I60200437,1
I145847075,I4210099593,1
I223532165,I4210106889,1
I126744593,I129774422,1
I1294671590,I182627622,1
I1341412227,I55732556,1
I1294671590,I4210098902,1
I1294671590,I51101395,1
I182627622,I205703379,1
I182627622,I39804081,1
I182627622,I4210098902,1
I182627622,I4210165912,1
I182627622,I51101395,1
I205703379,I4210098902,1
I68891433,I95457486,1
I205703379,I51101395,1
I39804081,I4210098902,1
I134446601,I68891433,1
I39804081,I51101395,1
I4210098902,I4210165912,1
I4210098902,I51101395,1
I4210165912,I51101395,1
I126744593,I66946132,1
I204465549,I76835614,1
I170215575,I20231570,1
I20231570,I4210158984,1
I20231570,I4210165734,1
I4210158984,I4210165734,1
I4210158984,I75027704,1
I12356871,I51101395,1
I200769079,I55732556,1
I12356871,I4210098902,1
I4210136249,I4432739,1
I168635309,I4210147894,1
I1290206253,I175594653,1
I175594653,I4210164937,1
I4210137693,I62916508,1
I137902535,I216852786,1
I1326498283,I4210116658,1
I1326498283,I4210136697,1
I100066346,I84218800,1
I129774422,I4210136249,1
I129774422,I4432739,1
I139264467,I197347611,1
I129774422,I62318514,1
I4210114115,I4210126794,1
I129774422,I71920554,1
I62318514,I71920554,1
I55732556,I889458895,1
I1283103587,I40347166,1
I4210126794,I55732556,1
I100066346,I102335020,1
I102134673,I4210145671,1
I136199984,I97018004,1
I4210150141,I97018004,1
I12356871,I182627622,1
I4210114115,I55732556,1
I4210165734,I75027704,1
I138006243,I592451,1
I114395901,I84218800,1
I4210165912,I78577930,1
I157556583,I35440088,1
I157556583,I4210109712,1
I157556583,I4210165912,1
I157556583,I78577930,1
I205703379,I35440088,1
I205703379,I4210109712,1
I205703379,I78577930,1
I35440088,I4210165912,1
I35440088,I78577930,1
I4210109712,I4210165912,1
I4210109712,I78577930,1
I1290206253,I205237279,1
I149899117,I78577930,1
I1290206253,I76130692,1
I205237279,I4210164937,1
I115752224,I122991210,1
I12356871,I4210106889,1
I12356871,I8078737,1
I1294671590,I4210106889,1
I1294671590,I8078737,1
I205703379,I223532165,1
I205703379,I4210106889,1
I205703379,I8078737,1
I223532165,I39804081,1
I157556583,I205703379,1
I149899117,I4210165912,1
I1306409833,I95457486,1
I141945490,I2801607516,1
I111979921,I4210167018,1
I1326498283,I4210167018,1
I4210141176,I592451,1
I592451,I901403493,1
I1306409833,I68891433,1
I1306409833,I134446601,1
I100066346,I130828816,1
I157556583,I170897317,1
I189712700,I204730241,1
I189712700,I4210144804,1
I202276237,I4092182,1
I12356871,I149899117,1
I149899117,I35440088,1
I12356871,I157556583,1
I12356871,I35440088,1
I12356871,I4210109712,1
I12356871,I78577930,1
I1294671590,I149899117,1
I1294671590,I157556583,1
I1294671590,I35440088,1
I1294671590,I4210109712,1
I1294671590,I78577930,1
I149899117,I157556583,1
I149899117,I205703379,1
I1326498283,I4210147894,1
I124055696,I4210147894,1
I137902535,I4210116658,1
I170201317,I18283598,1
I129774422,I212119943,1
I180726961,I4210126794,1
I14243506,I889458895,1
I14243506,I4210126794,1
I14243506,I200769079,1
I14243506,I180726961,1
I2802162544,I99041443,1
I165932596,I172675005,1
I223532165,I4210131883,1
I29607241,I4210117871,1
I4210117871,I9736820,1
I1326498283,I134446601,1
I169381384,I4210112067,1
I1326498283,I95457486,1
I4210138551,I62916508,1
I181369854,I4210156583,1
I62916508,I71920554,1
I4210153902,I4210156583,1
I2801851002,I62916508,1
I4210156583,I95793202,1
I136199984,I62916508,1
I189712700,I3019423309,1
I189712700,I4210155092,1
I3019423309,I4210155092,1
I129774422,I141945490,1
I15057530,I4210112067,1
I135140700,I40347166,1
I102322142,I59553526,1
I126744593,I1326498283,1
I137902535,I40120149,1
I57206974,I95793202,1
I36672615,I95793202,1
I57206974,I59270414,1
I59270414,I90965887,1
I143804889,I180825142,1
I143804889,I60488453,1
I180825142,I60488453,1
I36672615,I57206974,1
I4210113652,I4210137693,1
I102322142,I99065089,1
I15057530,I169381384,1
I59553526,I99065089,1
I142606810,I181233156,1
I142606810,I84218800,1
I181233156,I84218800,1
I19700959,I59553526,1
I102134673,I4210137693,1
I68947357,I84218800,1
I1326498283,I4210112067,1
I1341412227,I15057530,1
I1341412227,I169381384,1
I1341412227,I4210112067,1
I4092182,I47508984,1
I118692353,I71920554,1
I216852786,I4210116658,1
I129774422,I18014758,1
I172675005,I4210113369,1
I183067930,I200769079,1
I183067930,I889458895,1
I133731052,I1341412227,1
I129774422,I4210139483,1
I20231570,I83019370,1
I24943067,I83019370,1
I1343180700,I136199984,1
I1343180700,I4210104429,1
I1343180700,I63966007,1
I136199984,I4210104429,1
I4210104429,I63966007,1
I168719708,I889458895,1
I136199984,I50627504,1
I2801851002,I50627504,1
I130701444,I2802536742,1
I2800444561,I2802536742,1
I1294671590,I4210139483,1
I180825142,I223822909,1
I223822909,I83019370,1
I4210092357,I4210131883,1
I111483173,I154570441,1
I1294671590,I129774422,1
I154570441,I20231570,1
I172675005,I183067930,1
I168719708,I4210113369,1
I118692353,I62916508,1
I1326498283,I4210150754,1
I4210105663,I95793202,1
I1290206253,I165932596,1
I165390105,I4210144576,1
I165390105,I4923324,1
I118692353,I2801851002,1
I183067930,I99065089,1
I118692353,I136199984,1
I212119943,I4210117871,1
I195575238,I859038795,1
I39586589,I79510175,1
I40120149,I79510175,1
I185261750,I4210150754,1
I168719708,I200769079,1
I130701444,I185443292,1
I145847075,I4210100869,1
I74775410,I79576946,1
I173911158,I79576946,1
I4210100869,I4210122765,1
I4210100869,I4432739,1
I4210100869,I76134821,1
I4210122765,I4432739,1
I4432739,I76134821,1
I18014758,I4210139483,1
I168719708,I183067930,1
I1174212,I4210128818,1
I1174212,I55732556,1
I102149020,I75027704,1
I202697423,I56858762,1
I4210117453,I87182695,1
I130442723,I18014758,1
I130442723,I94328231,1
I18014758,I94328231,1
I192455969,I97018004,1
I154570441,I180825142,1
I4210138551,I4432739,1
I12356871,I130701444,1
I12356871,I212119943,1
I130701444,I212119943,1
I130701444,I277688954,1
I212119943,I277688954,1
I223532165,I91712215,1
I114017466,I40120149,1
I114017466,I9736820,1
I20231570,I9736820,1
I40120149,I9736820,1
I1343180700,I91712215,1
I122140584,I124055696,1
I122140584,I168635309,1
I122140584,I18014758,1
I122140584,I5023651,1
I124055696,I18014758,1
I124055696,I5023651,1
I1343180700,I3132238960,1
I1283280774,I87182695,1
I1283280774,I4210117453,1
I223532165,I62318514,1
I169521973,I3132238960,1
I1326498283,I145847075,1
I1326498283,I71920554,1
I112756935,I223822909,1
I112756935,I2802076133,1
I112756935,I2802164966,1
I112756935,I4387153937,1
I223822909,I2802076133,1
I102149020,I40889946,1
I223822909,I4387153937,1
I2802076133,I2802164966,1
I2802164966,I4387153937,1
I4210128818,I4210155092,1
I55732556,I84218800,1
I4210128818,I78650965,1
I4210128818,I926574661,1
I4210155092,I78650965,1
I4210155092,I926574661,1
I78650965,I926574661,1
I148283060,I153267046,1
I148283060,I4210127875,1
I148283060,I55732556,1
I153267046,I4210127875,1
I4210127875,I55732556,1
I4210127875,I84218800,1
I168635309,I5023651,1
I18014758,I5023651,1
I180825142,I223532165,1
I1329325741,I4210122849,1
I189712700,I4210161785,1
I223532165,I4210121626,1
I158842170,I165932596,1
I158842170,I68891433,1
I158842170,I76130692,1
I158842170,I76569877,1
I165932596,I68891433,1
I165932596,I76569877,1
I68891433,I76130692,1
I68891433,I76569877,1
I76130692,I76569877,1
I859038795,I889804353,1
I4210143601,I55732556,1
I4210127226,I889804353,1
I100066346,I62318514,1
I149910238,I38877650,1
I3132238960,I889804353,1
I3132238960,I859038795,1
I3132238960,I4210127226,1
I100296615,I189712700,1
I154099455,I4210164937,1
I177725633,I4210164937,1
I189712700,I4210164937,1
I1343190059,I202697423,1
I51556381,I55732556,1
I4210143601,I51556381,1
I118118575,I142606810,1
I121934306,I4210156583,1
I118118575,I55732556,1
I142606810,I55732556,1
I126307644,I130238516,1
I1343180700,I223532165,1
I3132238960,I97429440,1
I130238516,I1343551460,1
I130238516,I39422238,1
I3132238960,I39586589,1
I102322142,I3132238960,1
I1343190059,I91656880,1
I121934306,I202524275,1
I153648349,I180825142,1
I4210165912,I4387153087,1
I202524275,I4210156583,1
I202524275,I66946132,1
I4210156583,I66946132,1
I27837315,I56590836,1
I12356871,I4210102957,1
I12356871,I4387153087,1
I277688954,I4210102957,1
I4210121626,I926574661,1
I277688954,I4387153087,1
I4210102957,I4210165912,1
I4210102957,I4387153087,1
I1326498283,I1343190059,1
I145847075,I4210153395,1
I1341412227,I4210126328,1
I-1,I4210086933,1
I2800403580,I86519309,1
I4210101327,I86519309,1
I121934306,I1341412227,1
I121934306,I74973139,1
I1341412227,I74973139,1
I135140700,I20231570,1
I1295339012,I4210115859,1
I102197404,I112260969,1
I-1,I102322142,1
I-1,I102475099,1
I-1,I15196421,1
I-1,I4210096112,1
I1343871089,I4210101327,1
I-1,I4210102264,1
I-1,I4402554120,1
I2801120862,I3132238960,1
I102322142,I102475099,1
I102322142,I15196421,1
I102322142,I4210086933,1
I1850255,I3132238960,1
I102322142,I4210102264,1
I102322142,I4402554120,1
I102322142,I57206974,1
I102475099,I4210086933,1
I2800403580,I4210101327,1
I1343871089,I2800403580,1
I102475099,I4402554120,1
I154099455,I4210145761,1
I1294671590,I185261750,1
I1294671590,I129604602,1
I112260969,I4210090078,1
I185103710,I201448701,1
I124357947,I223532165,1
I124357947,I56590836,1
I223532165,I4210160447,1
I223532165,I56590836,1
I4210160447,I56590836,1
I112260969,I185261750,1
I154099455,I19820366,1
I189712700,I19820366,1
I102197404,I185261750,1
I189712700,I4210145761,1
I19820366,I4210145761,1
I112260969,I1326498283,1
I177328695,I223532165,1
I177328695,I52357470,1
I177328695,I87216513,1
I112260969,I129604602,1
I223532165,I87216513,1
I52357470,I87216513,1
I112260969,I1294671590,1
I102197404,I4210090078,1
I102475099,I4210096112,1
I15196421,I4210086933,1
I177725633,I889458895,1
I4210135670,I94624287,1
I4210141120,I4210150358,1
I195893171,I3019415892,1
I1326498283,I189196454,1
I1326498283,I219193219,1
I185261750,I189196454,1
I185261750,I219193219,1
I185261750,I66946132,1
I189196454,I219193219,1
I189196454,I66946132,1
I4210135670,I83019370,1
I4210135670,I887064364,1
I83019370,I94624287,1
I4210091437,I4210141120,1
I887064364,I94624287,1
I136199984,I4092182,1
I2800006345,I4210100430,1
I4210100430,I98358874,1
I35440088,I4210096500,1
I169381384,I177725633,1
I169381384,I200769079,1
I169381384,I4210145761,1
I169381384,I889458895,1
I177725633,I200769079,1
I177725633,I4210145761,1
I4210091437,I4210150358,1
I39804081,I4210141120,1
I15196421,I4210096112,1
I1306409833,I4210164937,1
I15196421,I4402554120,1
I4210086933,I4210096112,1
I4210086933,I4210102264,1
I4210086933,I4402554120,1
I4210086933,I57206974,1
I4210096112,I4210102264,1
I4210096112,I4402554120,1
I4210096112,I57206974,1
I4210102264,I4402554120,1
I4402554120,I57206974,1
I1306409833,I154570441,1
I1850255,I2801120862,1
I39804081,I4210091437,1
I130701444,I154570441,1
I195893171,I84218800,1
I130701444,I63966007,1
I154570441,I201448701,1
I154570441,I63966007,1
I201448701,I63966007,1
I4210164937,I63966007,1
I212119943,I39804081,1
I212119943,I4210091437,1
I212119943,I4210141120,1
I212119943,I4210150358,1
I145847075,I202697423,1
I202697423,I859038795,1
I19820366,I55732556,1
I56858762,I859038795,1
I130701444,I175594653,1
I29607241,I4210104430,1
I175594653,I87182695,1
I145894827,I63966007,1
I12356871,I899635006,1
I154099455,I223532165,1
I12356871,I4210104430,1
I12356871,I29607241,1
I3132238960,I95457486,1
I1290206253,I95457486,1
I121934306,I63966007,1
I121934306,I76130692,1
I63966007,I66946132,1
I1290206253,I3132238960,1
I66946132,I76130692,1
I1333198813,I137230718,1
I1333198813,I153267046,1
I1333198813,I2799859273,1
I1333198813,I4387152675,1
I137230718,I153267046,1
I137230718,I2799859273,1
I137230718,I4387152675,1
I153267046,I2799859273,1
I2799859273,I4387152675,1
I20231570,I99065089,1
I121980950,I4210151938,1
I121980950,I223532165,1
I66946132,I859038795,1
I5561750,I66946132,1
I161548249,I4210145761,1
I161548249,I4210165038,1
I4210145761,I4210165038,1
I1299907687,I200769079,1
I1299907687,I889458895,1
I107639228,I24185976,1
I1294671590,I5561750,1
I3132238960,I4210109712,1
I277688954,I5561750,1
I4210144804,I5561750,1
I4210144804,I66946132,1
I3132238960,I35440088,1
I1282311441,I138006243,1
I4210113369,I47720641,1
I130701444,I185103710,1
I4210104430,I899635006,1
I29607241,I899635006,1
I39804081,I55732556,1
I107371206,I129902397,1
I107371206,I17974374,1
I107371206,I4210142721,1
I129902397,I17974374,1
I129902397,I4210142721,1
I17974374,I4210142721,1
I157485424,I4210099236,1
I172675005,I59553526,1
I4210099236,I60922564,1
I145847075,I47508984,1
I155093810,I72951846,1
I223532165,I72951846,1
I100066346,I113979032,1
I100066346,I197251160,1
I113979032,I154099455,1
I113979032,I189712700,1
I113979032,I197251160,1
I154099455,I197251160,1
I189712700,I197251160,1
I189712700,I887064364,1
I1343190059,I47508984,1
I47508984,I98358874,1
I189712700,I200769079,1
I139660479,I191208505,1
I139660479,I39555362,1
I139660479,I4210145761,1
I191208505,I39555362,1
I191208505,I4210145761,1
I191208505,I76130692,1
I39555362,I4210145761,1
I39555362,I76130692,1
I162868743,I180825142,1
I162868743,I24943067,1
I162868743,I4210144576,1
I155093810,I223532165,1
I154099455,I200769079,1
I-1,I130701444,1
I3129593085,I76130692,1
I44504214,I83019370,1
I44504214,I887064364,1
I149910238,I200870766,1
I149910238,I59553526,1
I189712700,I4210114058,1
I2802076133,I76198965,1
I4387153937,I76198965,1
I4210098141,I63966007,1
I200769079,I3129593085,1
I3132238960,I36258959,1
I3129593085,I4210123185,1
I3129593085,I889458895,1
I100066346,I200769079,1
I204250578,I36258959,1
I204250578,I3132238960,1
I4210123185,I4210145761,1
I4210123185,I52357470,1
I4210145761,I52357470,1
I52357470,I76130692,1
I223532165,I33213144,1
I16038530,I39586589,1
I3132238960,I4210119109,1
I135140700,I4210105990,1
I100066346,I74973139,1
I126633494,I4210165038,1
I126633494,I4210145761,1
I126633494,I161548249,1
I155173764,I185261750,1
I180825142,I39470171,1
I180825142,I84392919,1
I59553526,I91712215,1
I39470171,I4210165912,1
I4210109712,I91712215,1
I4210165912,I84392919,1
I100066346,I4210163771,1
I154099455,I4210163771,1
I189712700,I4210163771,1
I4210109712,I71824836,1
I151746483,I185261750,1
I4210109712,I59553526,1
I18014758,I84392919,1
I35440088,I91712215,1
I189712700,I67031392,1
I121934306,I138006243,1
I121934306,I223532165,1
I121934306,I2613432,1
I121934306,I52357470,1
I138006243,I2613432,1
I138006243,I52357470,1
I35440088,I71824836,1
I2613432,I52357470,1
I170239107,I66946132,1
I180825142,I277688954,1
I18014758,I4210165912,1
I16835326,I189712700,1
I124357947,I39470171,1
I4210113369,I84218800,1
I12356871,I124357947,1
I12356871,I16835326,1
I12356871,I18014758,1
I12356871,I39470171,1
I12356871,I84392919,1
I124357947,I16835326,1
I124357947,I168635309,1
I124357947,I18014758,1
I124357947,I180825142,1
I124357947,I277688954,1
I124357947,I4210165912,1
I18014758,I39470171,1
I124357947,I84392919,1
I16835326,I18014758,1
I16835326,I180825142,1
I16835326,I277688954,1
I16835326,I39470171,1
I16835326,I4210165912,1
I16835326,I84392919,1
I1343871089,I3132238960,1
I168635309,I84392919,1
I18014758,I180825142,1
I71824836,I91712215,1
I56590836,I66946132,1
I16835326,I2799802224,1
I121934306,I4210165038,1
I1306409833,I76130692,1
I40120149,I926574661,1
I-1,I1307098950,1
I-1,I150209017,1
I-1,I22299242,1
I-1,I36258959,1
I1307098950,I150209017,1
I1307098950,I22299242,1
I1307098950,I36258959,1
I150209017,I22299242,1
I150209017,I36258959,1
I22299242,I36258959,1
I157725225,I33213144,1
I1343871089,I40120149,1
I33213144,I55732556,1
I177969490,I926574661,1
I201448701,I36788626,1
I141945490,I188538660,1
I141945490,I24603500,1
I141945490,I2802236040,1
I188538660,I24603500,1
I24603500,I2802236040,1
I121934306,I126633494,1
I121934306,I161548249,1
I121934306,I4210145761,1
I2800289517,I40120149,1
I1343871089,I2800289517,1
I189712700,I2799802224,1
I4210101778,I55732556,1
I100296615,I20231570,1
I100296615,I4210098034,1
I154099455,I4210098034,1
I177725633,I4210098034,1
I20231570,I4210098034,1
I16391192,I180726961,1
I16391192,I91203450,1
I35440088,I59553526,1
I157725225,I4210101778,1
I157725225,I4210133173,1
I4210101778,I4210133173,1
I4210133173,I55732556,1
I3132238960,I59553526,1
I4210129730,I65837984,1
I4210129730,I84218800,1
I65837984,I84218800,1
I138006243,I66946132,1
I102197404,I202697423,1
I124055696,I1294671590,1
I124055696,I202697423,1
I124055696,I277688954,1
I1294671590,I202697423,1
I202697423,I277688954,1
I3132238960,I71824836,1
I102197404,I66946132,1
I4210144804,I4210150358,1
I39804081,I4210144804,1
I277688954,I4210150358,1
I200769079,I91807558,1
I4210164937,I42894916,1
I1343871089,I179093154,1
I4210127902,I56590836,1
I179093154,I86519309,1
I4210127902,I42894916,1
I201448701,I57206974,1
I132118926,I1343190059,1
I132118926,I277688954,1
I1343190059,I277688954,1
I145847075,I277688954,1
I154986956,I223822909,1
I154986956,I62916508,1
I223822909,I62916508,1
I4179309,I66946132,1
I-1,I1286959531,1
I1118541,I13805885,1
I1118541,I223532165,1
I13805885,I223532165,1
I1282105669,I20231570,1
I4399598377,I48566637,1
I1282311441,I4210151938,1
I4210127902,I4210164937,1
I200769079,I20089843,1
I2801239119,I4210127902,1
I889458895,I91807558,1
I157725225,I4210104735,1
I-1,I39804081,1
I4210115485,I4210126360,1
I4210158342,I4388891828,1
I4210143490,I71920554,1
I1343190059,I206895457,1
I170239107,I2801239119,1
I170239107,I97018004,1
I2801239119,I97018004,1
I56590836,I97018004,1
I165525304,I40120149,1
I100930933,I926574661,1
I15766117,I4432739,1
I1343190059,I15766117,1
I119916105,I168635309,1
I142606810,I200769079,1
I119916105,I179225836,1
I119916105,I180825142,1
I119916105,I45129253,1
I168635309,I179225836,1
I22465464,I4210103666,1
I142606810,I889458895,1
I179225836,I180825142,1
I179225836,I45129253,1
I142606810,I20231570,1
I126820664,I201448701,1
I126820664,I27837315,1
I20089843,I26274970,1
I20089843,I4210164937,1
I20089843,I889458895,1
I4210120115,I87216513,1
I4210163178,I56590836,1
I116953780,I170201317,1
I100633361,I26274970,1
I111979921,I1291425158,1
I111979921,I197347611,1
I71824836,I76198965,1
I1291425158,I197347611,1
I1291425158,I66946132,1
I197347611,I66946132,1
I148283060,I4210151791,1
I1343190059,I4210164942,1
I4210163771,I74775410,1
I2801239119,I4210163178,1
I74775410,I97018004,1
I4210138551,I4210152878,1
I130701444,I2252078561,1
I162646704,I76198965,1
I162646704,I71824836,1
I189712700,I8087733,1
I31512782,I4092182,1
I31512782,I8087733,1
I4092182,I8087733,1
I129774422,I25485817,1
I129774422,I3019423309,1
I4210163178,I42894916,1
I129604602,I56590836,1
I26274970,I4210164937,1
I123431417,I1343190059,1
I139660479,I165932596,1
I165779595,I42894916,1
I165779595,I4210164937,1
I165779595,I4210127902,1
I165932596,I90727586,1
I136199984,I4210121988,1
I136199984,I4210142140,1
I4210121988,I4210142140,1
I129774422,I887968799,1
I116953780,I2972652528,1
I116953780,I35440088,1
I1290206253,I42894916,1
I129604602,I4210163178,1
I1290206253,I4210127902,1
I1343190059,I21449261,1
I1290206253,I165779595,1
I4210151956,I859038795,1
I4210127226,I4210151956,1
I201448701,I4210134504,1
I4210145671,I62916508,1
I4210110975,I4210144576,1
I4210164937,I79510175,1
I223532165,I62916508,1
I129604602,I2801239119,1
I223532165,I4388891828,1
I1282105669,I4388891828,1
I17974374,I223822909,1
I180825142,I193662353,1
I2802076133,I4210139350,1
I1329325741,I183935753,1
I100066346,I4210113675,1
I4210138551,I4210139350,1
I-1,I4210113675,1
I4210139350,I4387153937,1
I4210139350,I98358874,1
I-1,I100066346,1
I44504214,I55732556,1
I102197404,I168635309,1
I223532165,I4210164937,1
I180825142,I204337017,1
I1343190059,I4210115111,1
I180825142,I4210095128,1
I193662353,I204337017,1
I193662353,I4210095128,1
I193662353,I83019370,1
I204337017,I4210095128,1
I131249849,I55732556,1
I4210095128,I83019370,1
I131249849,I44504214,1
I1306409833,I205783295,1
I1306409833,I4210156583,1
I2800297018,I49324905,1
I113979032,I130701444,1
I129774422,I4210115111,1
I205783295,I4210156583,1
I17653759,I189712700,1
I4210128818,I55732556,1
I100066346,I17653759,1
I102149020,I1289243028,1
I100066346,I32943570,1
I100066346,I4210133110,1
I100066346,I60488453,1
I129774422,I17653759,1
I129774422,I189712700,1
I129774422,I32943570,1
I129774422,I4210133110,1
I129774422,I60488453,1
I17653759,I32943570,1
I107077323,I121934306,1
I17653759,I4210133110,1
I17653759,I60488453,1
I189712700,I32943570,1
I189712700,I4210133110,1
I189712700,I60488453,1
I32943570,I4210133110,1
I32943570,I60488453,1
I4210133110,I60488453,1
I124055696,I67415387,1
I130701444,I219193219,1
I2801851002,I4210091341,1
I136199984,I4210156583,1
I130442723,I138006243,1
I130828816,I39804081,1
I39586589,I57206974,1
I4387153937,I4432739,1
I4432739,I98358874,1
I102197404,I129774422,1
I102197404,I79272384,1
I195893171,I4210138551,1
I-1,I169381384,1
I-1,I181391015,1
I169381384,I181391015,1
I4210125843,I95793202,1
I100930933,I223532165,1
I39586589,I4210113369,1
I4210113369,I57206974,1
I2800006345,I4432739,1
I1292875679,I2801239119,1
I2801919071,I4210127875,1
I27804330,I897549280,1
I219193219,I2250650973,1
I136199984,I219193219,1
I2250650973,I4210114115,1
I100296615,I1290206253,1
I100296615,I4210161634,1
I1283280774,I219193219,1
I206895457,I4210098606,1
I4210161634,I56590836,1
I2802076133,I4432739,1
I2800006345,I4387153937,1
I4210164937,I46247651,1
I133836048,I74973139,1
I4210120115,I76130692,1
I1280414376,I87182695,1
I138006243,I25112270,1
I145847075,I49324905,1
I124357947,I133836048,1
I124357947,I4210091929,1
I145847075,I2800297018,1
I124357947,I74973139,1
I124357947,I84218800,1
I133836048,I4210091929,1
I133836048,I4210160447,1
I133836048,I84218800,1
I2800006345,I2802076133,1
I4210091929,I4210160447,1
I4210091929,I74973139,1
I4210091929,I84218800,1
I4210160447,I74973139,1
I4210160447,I84218800,1
I74973139,I84218800,1
I139264467,I2802194831,1
I141371507,I2802194831,1
I4210109712,I4210138551,1
I2802194831,I83436808,1
I1306409833,I84218800,1
I129774422,I31512782,1
I25485817,I3019423309,1
I25485817,I31512782,1
I130701444,I39705031,1
I4210095624,I84218800,1
I4390039371,I57206974,1
I121883995,I4210119669,1
I1343190059,I4210119669,1
I137265193,I40120149,1
I137265193,I4210100755,1
I137265193,I86519309,1
I40120149,I4210100755,1
I40120149,I86519309,1
I4210100755,I86519309,1
I12097938,I4210137693,1
I130701444,I67900169,1
I4210104735,I4391767926,1
I197347611,I39705031,1
I197347611,I67900169,1
I39705031,I67900169,1
I12097938,I3132238960,1
I3132238960,I71270174,1
I212119943,I71270174,1
I212119943,I3132238960,1
I141945490,I71270174,1
I130701444,I36258959,1
I102197404,I110736937,1
I102197404,I4210159731,1
I3132238960,I4210137693,1
I154099455,I76130692,1
I110736937,I4210144804,1
I138006243,I4210163771,1
I2800007677,I3132238960,1
I114027177,I66946132,1
I116953780,I66946132,1
I66867065,I66946132,1
I1282311441,I59270414,1
I27837315,I4210163771,1
I169381384,I4210164937,1
I169381384,I76130692,1
I1290206253,I4210163771,1
I1290206253,I82514191,1
I4210163771,I82514191,1
I40347166,I4210163771,1
I154099455,I179026463,1
I1282311441,I40120149,1
I1282311441,I2800007677,1
I20121455,I4210109712,1
I149899117,I20121455,1
I1282311441,I148283060,1
I59105498,I74786994,1
I4391767926,I74786994,1
I4210104735,I74786994,1
I12315562,I223532165,1
I139660479,I154099455,1
I4210104735,I59105498,1
I110736937,I204730241,1
I110736937,I4210159731,1
I2800007677,I59270414,1
I100532134,I2801239119,1
I1326498283,I212119943,1
I1326498283,I97018004,1
I180825142,I212119943,1
I180825142,I97018004,1
I212119943,I97018004,1
I-1,I100296615,1
I-1,I2801239119,1
I129604602,I4210090078,1
I-1,I56590836,1
I100296615,I100532134,1
I129604602,I185261750,1
I100532134,I4210164937,1
I102197404,I212119943,1
I100532134,I56590836,1
I111979921,I223532165,1
I111979921,I8078737,1
I102197404,I111979921,1
I111979921,I1294671590,1
I111979921,I277688954,1
I111979921,I39804081,1
I111979921,I4210144804,1
I111979921,I4210150358,1
I1294671590,I4210150358,1
I1294671590,I4210090078,1
I102197404,I97018004,1
I1326498283,I4210090078,1
I204730241,I4210159731,1
I1282311441,I4210127875,1
I4210144804,I4210159731,1
I141945490,I3132238960,1
I36253440,I4432739,1
I175594653,I2801851002,1
I1343190059,I36253440,1
I145311948,I4210127875,1
I102197404,I139264467,1
I1294671590,I139264467,1
I1326498283,I139264467,1
I139264467,I277688954,1
I139264467,I4210115485,1
I1290206253,I1294671590,1
I48566637,I98677209,1
I157485424,I3132238960,1
I1294671590,I4210164937,1
I1282311441,I157485424,1
I141945490,I36253440,1
I138285227,I36253440,1
I130701444,I4210104735,1
I122411786,I135310074,1
I122411786,I27804330,1
I135310074,I27804330,1
I185261750,I4210090078,1
I48566637,I56590836,1
I2800007677,I40120149,1
I21449261,I4210093282,1
I162646704,I59553526,1
I169173203,I204730241,1
I189712700,I4210144576,1
I137902535,I3132238960,1
I202697423,I4210144576,1
I4092182,I4210144576,1
I1286353243,I26274970,1
I1326498283,I26274970,1
I136199984,I169173203,1
I136199984,I185103710,1
I136199984,I204730241,1
I136199984,I39422238,1
I169173203,I185103710,1
I169173203,I39422238,1
I180825142,I4092182,1
I185103710,I204730241,1
I185103710,I39422238,1
I204730241,I39422238,1
I121883995,I25485817,1
I137902535,I2948663404,1
I137902535,I176113532,1
I114027177,I200769079,1
I130238516,I36253440,1
I114027177,I889458895,1
I130238516,I3132238960,1
I200769079,I66867065,1
I189712700,I202697423,1
I180825142,I202697423,1
I130238516,I2948663404,1
I185261750,I2801851002,1
I130701444,I52357470,1
I130701444,I1308906816,1
I141945490,I4210165024,1
I138285227,I4210165024,1
I114073160,I63966007,1
I1286353243,I2800129641,1
I1286353243,I2801851002,1
I1286353243,I45129253,1
I1326498283,I2800129641,1
I1326498283,I2801851002,1
I1326498283,I45129253,1
I2948663404,I36253440,1
I180825142,I189712700,1
I2800129641,I2801851002,1
I2948663404,I3132238960,1
I176113532,I36253440,1
I2801317318,I2801851002,1
I176113532,I3132238960,1
I2801851002,I4210141030,1
I2801851002,I45129253,1
I176113532,I2948663404,1
I137902535,I36253440,1
I129774422,I35440088,1
I197323543,I62916508,1
I66867065,I889458895,1
I161548249,I51532219,1
I200332995,I926574661,1
I130769515,I200769079,1
I1328775524,I139660479,1
I1328775524,I76130692,1
I1328775524,I90727586,1
I3132238960,I59270414,1
I223822909,I4210109156,1
I2799323385,I2802076133,1
I2802076133,I35440088,1
I3132238960,I40120149,1
I154986956,I2898391981,1
I180825142,I4210092639,1
I4210092639,I4210110975,1
I130769515,I889458895,1
I4210164942,I44504214,1
I102134673,I2799390153,1
I2799390153,I4210113652,1
I39586589,I44461941,1
I4210120115,I57206974,1
I189712700,I40120149,1
I2800007677,I84218800,1
I134113660,I4210134512,1
I134113660,I55732556,1
I4210134512,I55732556,1
I137479271,I200332995,1
I137479271,I926574661,1
I219193219,I2946016260,1
I21449261,I44504214,1
I129774422,I177725633,1
I4210088322,I4210160447,1
I130238516,I176113532,1
I2801239119,I2801851002,1
I130238516,I137902535,1
I4210142372,I4210159266,1
I12356871,I4210088322,1
I12356871,I4210160447,1
I168635309,I4210088322,1
I168635309,I4210160447,1
I180825142,I4210088322,1
I180825142,I4210160447,1
I40120149,I84218800,1
I4210088322,I4210165912,1
I21449261,I4210164942,1
I4210160447,I4210165912,1
I114832834,I1294671590,1
I114832834,I204730241,1
I114832834,I39804081,1
I40120149,I59270414,1
I164956901,I200769079,1
I164956901,I4210113369,1
I164956901,I889458895,1
I123431417,I4210164942,1
I123431417,I44504214,1
I145847075,I44504214,1
I103163165,I18014758,1
