author_id,papers,citations,awards,author_name
A5000006583,3,184.0,0,Wolfgang Kollmann
A5000033049,1,8.0,0,Emmy-charlotte Förster
A5000036409,1,36.0,0,Lamont Samuels
A5000056504,1,35.0,0,Paolo Brivio
A5000056900,1,61.0,0,Yonas Sahlemariam Haile
A5000064618,1,9.0,0,Michaël Aupetit
A5000073162,1,2.0,0,Joseph F Derose
A5000079053,2,132.0,0,Manfred Weiler
A5000099153,8,379.0,0,Marcus Magnor
A5000102893,2,123.0,0,David Akers
A5000123743,1,5.0,0,Walid G. Aref
A5000145300,1,20.0,0,R.d. Herch
A5000147776,8,328.0,0,Renato Pajarola
A5000160353,1,5.0,0,M. Wagner
A5000172836,1,29.0,0,J. Juric
A5000173125,8,250.0,0,Stefan Gumhold
A5000175003,1,5.0,0,Calvin Yau
A5000189941,3,134.0,0,Shilpika
A5000199768,1,1.0,1,Zhicheng Liu
A5000212755,1,51.0,0,Jean-françois Im
A5000228959,1,54.0,0,Lendie Follett
A5000242175,1,1.0,0,D. Stevenson
A5000242649,1,82.0,0,George Otto
A5000254667,1,35.0,1,Christian Pölitz
A5000261303,1,33.0,0,Jakob Jakob
A5000266021,1,70.0,0,Ginette Wessel
A5000323557,1,176.0,0,Norman Au
A5000366779,1,0.0,0,Maria Lantin
A5000371948,1,9.0,0,Benjamin Russig
A5000374095,2,481.0,0,Beth Hetzler
A5000390546,1,25.0,0,Caglar Yildirim
A5000413604,15,772.0,1,Xavier Tricoche
A5000420564,7,273.0,2,Bettina Speckmann
A5000426173,1,134.0,0,Janu Verma
A5000426391,1,4.0,0,Robert Sweet
A5000430651,3,71.0,0,David Thompson
A5000474356,26,1774.0,5,Nan Cao
A5000497037,2,57.0,0,Supriya Garg
A5000530055,1,1.0,0,Anthony Kouroupis
A5000555892,11,882.0,1,Harald Piringer
A5000586573,1,0.0,0,Gérard Lecina
A5000588866,1,73.0,0,Fenjin Ye
A5000594918,2,130.0,0,Matthias Kreuseler
A5000602540,2,89.0,0,Mike Cammarano
A5000611152,1,3.0,0,V.j. Argiro
A5000621096,1,0.0,0,H. Videau
A5000622960,5,71.0,0,Johanna Schmidt
A5000623954,1,32.0,0,Mahdi Pakdaman Naeini
A5000624130,1,16.0,0,Hao Dong
A5000630402,2,147.0,0,Bryan A. Pendleton
A5000643470,2,271.0,0,Greg Welch
A5000644268,1,26.0,0,Clemens W.g.m. Löwik
A5000687536,8,380.0,0,James Ahrens
A5000695235,1,158.0,0,Michael Grossniklaus
A5000695313,16,390.0,0,Krešimir Matković
A5000705218,1,39.0,0,Haikuan Zhu
A5000755776,35,1885.0,0,Helwig Hauser
A5000811068,1,11.0,0,D. Jablonowski
A5000813954,5,323.0,0,Anders Persson
A5000815980,1,168.0,0,Drew Skau
A5000816378,3,107.0,0,G. Cipriano
A5000854921,1,20.0,0,Lars Stegger
A5000858152,4,132.0,0,H. J. Wright
A5000885442,2,332.0,0,Leandro A. F. Fernandes
A5000928551,1,64.0,0,Markus Wagner
A5000944164,2,54.0,0,Jun Yuan
A5000951270,1,89.0,0,Olaf Konrad
A5000957988,1,9.0,0,Victor A. P. Magri
A5001022750,1,5.0,0,Chandan K. Reddy
A5001029563,1,39.0,0,Dongshi Xu
A5001041797,1,36.0,0,Alan Chu
A5001050773,1,67.0,0,Jonathan Woodruff
A5001087917,1,2.0,1,Po‐yin Yen
A5001091537,1,1.0,0,G.d. Kerlick
A5001128245,2,26.0,0,Keshav Dasu
A5001140149,1,85.0,0,Veronika Irvine
A5001186358,2,31.0,0,Thomas Ortner
A5001225767,1,37.0,0,Mustafa Hajij
A5001227061,2,313.0,1,Andreas Buja
A5001235418,1,26.0,0,Darren Treanor
A5001239748,1,107.0,0,Xidao Wen
A5001240653,1,52.0,0,Stefanie Thust
A5001277224,1,18.0,0,Richard Superfine
A5001281792,1,19.0,0,Giorgio Gaglia
A5001287137,1,23.0,0,Annette Haworth
A5001305620,1,55.0,0,J.l. Steffen
A5001331464,1,137.0,0,Agus Sudjianto
A5001353590,1,2.0,0,L.m. Desjarlais
A5001362069,2,70.0,0,Gábor Janiga
A5001421168,2,125.0,0,Anya Savikhin
A5001451897,1,11.0,0,Diogenes S. Pedro
A5001469241,2,29.0,0,Wiebke Koepp
A5001472452,1,36.0,1,J. A. E. Bonart
A5001490209,1,43.0,0,J. E. Harris
A5001490449,1,32.0,0,Christian Godenschwager
A5001531096,2,23.0,0,Yuan Cui
A5001531117,2,158.0,0,Ronghua Liang
A5001536494,8,396.0,2,Alex Kale
A5001544591,1,3.0,0,C. Forser
A5001552541,1,0.0,0,Xiyao Wang
A5001555038,1,94.0,0,Yuhong Lu
A5001598072,1,27.0,0,Henryk Dobslaw
A5001615692,1,3.0,0,S. Muraki
A5001617768,2,247.0,0,Manuel Stein
A5001619806,2,33.0,0,F. Bosquet
A5001647607,2,86.0,1,Katrin Bidmon
A5001649622,14,662.0,1,Charles Périn
A5001665107,1,6.0,0,R. Ruhle
A5001670475,1,24.0,0,Dale Lawrence
A5001673922,1,58.0,0,Isabel Jiah-yih Liao
A5001682523,1,4.0,0,A.w. Anderson
A5001706587,1,67.0,0,David Feng
A5001709267,1,1.0,0,Keith Jones
A5001722956,1,4.0,0,Daryl H. Hepting
A5001733506,1,29.0,0,Catherine Wilson
A5001741248,2,36.0,0,Mark L. Borowsky
A5001741970,1,23.0,1,Ethan Brewer
A5001759991,1,4.0,0,Kossi Edoh
A5001856150,1,14.0,0,A Burette
A5001876683,3,131.0,0,Johannes Fuchs
A5001882662,1,16.0,0,Pierre-luc Hémery
A5001919573,1,31.0,0,U. Rist
A5001935193,1,4.0,1,Devin Lange
A5001954632,1,17.0,0,Haozhe Feng
A5001959280,1,3.0,0,T. Kamps
A5001966756,6,88.0,1,David Borland
A5002000124,2,17.0,0,María Luján Ganuza
A5002018688,1,4.0,0,Maryam Hedayati
A5002022224,1,16.0,0,Frank Elavsky
A5002030068,1,21.0,0,Mei Hua Kerry Hsu
A5002037883,1,119.0,0,Stanley Osher
A5002041772,1,5.0,1,Dashun Wang
A5002044808,1,55.0,0,John Patchett
A5002108227,1,3.0,0,Eliot Feibush
A5002135895,2,113.0,2,Huixuan Xie
A5002141920,3,53.0,0,Pere‐pau Vázquez
A5002142835,1,362.0,0,Daniel Borkin
A5002176646,2,56.0,0,Gerhard Klimeck
A5002184980,1,296.0,0,Joanne Taery Kim
A5002197352,1,28.0,0,A. Bogomjakov
A5002221227,6,124.0,0,Stephen G. Eick
A5002244507,1,273.0,0,Neeraj Krishnan
A5002268742,1,13.0,0,Emily R. Miraldi
A5002279044,2,131.0,0,Fabian Fischer
A5002280174,1,62.0,0,Erich Gstrein
A5002329355,1,180.0,0,Xiaohua Sun
A5002371393,1,0.0,0,R. Popovic
A5002378541,1,0.0,0,Daniel Plakinger
A5002400455,1,19.0,0,Marieke E. Ijsselsteijn
A5002407766,1,87.0,0,Julian H. Krolik
A5002413127,1,56.0,0,Florian Ladstädter
A5002421200,1,5.0,0,Deborah Payne
A5002440759,3,13.0,0,Jingyi Shen
A5002453409,1,2.0,0,David R. Nadeau
A5002472395,1,7.0,0,A. Hutanu
A5002472436,1,33.0,0,Gabriel Ryan
A5002474982,1,61.0,0,Cagatay Goncu
A5002516811,3,92.0,0,Christian Panse
A5002531689,1,38.0,0,Julia Eunju Nam
A5002534636,1,136.0,0,V. Mukherjee
A5002554286,1,155.0,0,J.a. Mcdonald
A5002562865,1,17.0,0,George Baciu
A5002575061,2,13.0,0,Steve Petruzza
A5002586775,1,28.0,0,Royce Wilson
A5002625448,2,5.0,0,Siyi Lu
A5002672249,1,39.0,0,Johannes Hausler
A5002674092,1,18.0,0,Zhiyuan Zhang
A5002685368,1,68.0,0,Raúl San Jośe Estépar
A5002704927,1,37.0,0,Jean Sreng
A5002755059,1,20.0,0,Jesse Fugitt
A5002798053,1,22.0,0,Runlin Li
A5002806054,1,22.0,0,Wilfrid S. Kendall
A5002806641,1,57.0,0,Aaditya G. Landge
A5002810034,1,116.0,0,J. Gonser
A5002832419,12,233.0,0,Raghu Machiraju
A5002833686,2,265.0,0,Patrick Riehmann
A5002860804,4,145.0,1,Fabian Sperrle
A5002869474,2,68.0,0,Zhicheng Yan
A5002877712,2,28.0,0,Upul Obeysekare
A5002880037,1,3.0,0,R.a. Cross
A5002899948,1,8.0,0,K.l. Pilgreen
A5002901852,1,16.0,0,Shifu Chen
A5002907779,1,0.0,0,Dennis Dimov
A5002914811,1,5.0,0,Zhehui Zheng
A5002938065,1,13.0,0,Shahram Shiri
A5002952964,1,12.0,0,Zhihan Jiang
A5003025808,1,53.0,0,Xinsong Yang
A5003031729,2,105.0,0,Bastian Rieck
A5003045863,1,16.0,0,Vero Vanden Abeele
A5003048902,3,95.0,0,Jennifer Frazier
A5003053961,1,32.0,0,D Sessanna
A5003062993,1,134.0,0,Carol Readhead
A5003084232,1,22.0,0,Antti Oulasvirta
A5003116261,4,232.0,0,Christian Partl
A5003133680,1,26.0,0,Heungseok Park
A5003138495,1,35.0,0,Eric J. Luke
A5003147292,5,103.0,0,Stephen Kobourov
A5003148265,1,10.0,0,G.e. Lent
A5003177344,2,128.0,0,Philippas Tsigas
A5003196740,1,10.0,0,Isabel Navazo
A5003209643,1,16.0,0,T. Mihalisin
A5003226930,1,0.0,0,R. Moorhead
A5003251468,3,89.0,0,John R. Goodall
A5003276476,1,8.0,0,Colin R. F. Monks
A5003306393,2,16.0,0,Skylar W. Wurster
A5003318959,1,73.0,1,Chris Nafis
A5003335849,2,101.0,0,Thomas Seidl
A5003352663,1,11.0,0,Raghu Raghavan
A5003377833,8,364.0,0,Ulrik Brandes
A5003380141,1,14.0,0,G. Lommerse
A5003395477,1,82.0,0,Pjotr Svetachov
A5003406070,1,74.0,0,Riccardo Scateni
A5003410053,1,17.0,0,A. Kaufman
A5003419563,3,255.0,0,Kelei Cao
A5003441276,1,10.0,0,Falk Schreiber
A5003447205,1,61.0,0,Jens Gerken
A5003455159,1,133.0,0,Edwin Puttmann
A5003458777,1,248.0,0,Eric Lamar
A5003461571,1,2.0,0,Alberto Jaspe Villanueva
A5003464394,1,22.0,0,Amira Solomovici
A5003476748,5,135.0,2,Michael Krone
A5003490445,1,53.0,0,Michal Červeňanský
A5003537992,1,4.0,0,S.c. Loken
A5003582509,1,59.0,0,Xiaobo Luo
A5003584200,29,1755.0,4,Claudio Silva
A5003606398,2,238.0,0,Thomas Nocke
A5003609388,1,26.0,0,Yasushi Yamaguchi
A5003612099,1,19.0,0,Sonia Lasher‐trapp
A5003654893,1,136.0,0,Niels Willems
A5003662421,1,36.0,0,Xin Zhao
A5003684910,1,6.0,0,Kristin Potter
A5003693498,1,8.0,0,David Bednář
A5003702717,1,93.0,0,Tera Marie Green
A5003711050,1,26.0,0,Jouke Dijkstra
A5003720256,1,38.0,1,Joseph Budin
A5003774245,1,142.0,0,Giovane R. Kuhn
A5003817684,2,104.0,0,Alberto Sánchez
A5003828556,1,12.0,1,Sonja Thoma
A5003854328,3,444.0,0,Diansheng Guo
A5003876945,1,55.0,0,Karen Duca
A5003884612,1,18.0,0,Dominique Sandner
A5003904417,2,48.0,0,N.a. Svakhine
A5003908398,2,33.0,0,Michael Halle
A5003908445,3,69.0,0,Haeyong Chung
A5003934314,2,98.0,0,Wei Hong
A5003970839,2,56.0,0,Bingru Lin
A5003975427,1,42.0,0,Ting-chuen Pong
A5003981917,1,86.0,1,Gary K.l. Tam
A5003986384,1,20.0,0,Neta Sokolovsky
A5003995263,1,6.0,0,Yukun Ren
A5004002416,1,64.0,0,Albert Amor-amorós
A5004036087,2,8.0,0,Ran Cheng
A5004042863,1,44.0,0,Bernd Girod
A5004054174,1,95.0,0,Ian Crandell
A5004071301,1,56.0,0,Harshit Mehrotra
A5004101791,1,6.0,0,S. Crewel
A5004109044,2,21.0,0,Nils Lichtenberg
A5004156285,1,9.0,0,T.k. Dey
A5004184559,2,16.0,0,Tianyu Xiong
A5004194238,8,377.0,0,Dinesh Manocha
A5004210323,1,24.0,0,Ryan Hafen
A5004215313,1,25.0,0,Allan Rocha
A5004224909,1,106.0,0,Olga Sorkine
A5004225142,2,104.0,0,Tongshuang Wu
A5004232884,1,19.0,0,Antonios Somarakis
A5004271027,1,8.0,0,Hongtao Hao
A5004273534,1,4.0,0,Alfred Hough
A5004280362,1,36.0,0,Yunhao Xing
A5004299683,2,26.0,1,Chloe Mortenson
A5004303224,1,22.0,0,Artem Konev
A5004310068,1,87.0,0,Paul Johns
A5004344374,1,4.0,0,Praveen Thiagarajan
A5004344524,2,65.0,0,Dominique Brodbeck
A5004363700,1,3.0,0,Mark Robinson
A5004405532,1,17.0,0,J. Croall
A5004414408,1,0.0,0,H. Drevermann
A5004428276,1,7.0,0,Bingchang Chen
A5004431926,1,14.0,0,R.m. Taylor
A5004436161,1,12.0,0,J. Kaba
A5004449168,1,60.0,0,Jeff Beddow
A5004452139,2,136.0,1,Alexander Kachkaev
A5004467381,1,11.0,1,Jiachen Zhuo
A5004480742,4,379.0,1,Thomas Mühlbacher
A5004513620,2,81.0,0,Elham Sakhaee
A5004534638,1,39.0,0,Guoli Yan
A5004575115,2,40.0,0,Shiaofen Fang
A5004586152,1,33.0,0,Bernhard Fröhler
A5004602626,1,36.0,0,Karthik Ramani
A5004638951,1,21.0,0,Cem Yuksel
A5004642834,1,26.0,0,Tuan Pham
A5004661296,1,362.0,0,Constance M. Bainbridge
A5004662722,1,15.0,0,Mike A. Matheson
A5004676508,1,144.0,1,Sean M. Arietta
A5004678256,1,4.0,0,J.c. Gore
A5004697069,1,3.0,0,K.p. Hinckley
A5004709768,1,6.0,0,Francesca Morini
A5004741568,2,124.0,1,Ying-huey Fua
A5004766305,1,18.0,0,Andrew W. Appel
A5004770347,3,152.0,0,Leonid Zhukov
A5004779356,1,56.0,0,Andrea K. Steiner
A5004784304,1,16.0,0,David Burlinson
A5004787389,1,74.0,0,André Calero Valdez
A5004805989,2,150.0,1,Ken Martin
A5004813317,5,612.0,0,Nam Wook Kim
A5004824085,4,469.0,0,Benjamin B. Bederson
A5004833443,2,85.0,0,Steffen Oeltze‐jafra
A5004845067,3,107.0,0,Tiankai Xie
A5004874377,1,29.0,0,Mie Sato
A5004888894,1,21.0,0,Mala Ananth
A5004916248,1,8.0,0,M. Franaszek
A5004978832,2,291.0,0,Thilo Spinner
A5005016167,1,7.0,0,Christian Stein
A5005017697,14,335.0,1,Kai Lawonn
A5005019090,1,0.0,0,A. J. Fenlon
A5005038762,1,38.0,0,Noura Faraj
A5005055897,1,27.0,0,Yoram Moses
A5005067182,1,95.0,0,Shamal Al-dohuki
A5005090248,1,6.0,0,R.g. Guttmann
A5005095282,2,134.0,0,Anish Chandak
A5005109197,4,143.0,0,Leni Yang
A5005110324,3,151.0,0,U.d. Bordoloi
A5005113581,1,53.0,1,John W. Bodnar
A5005117873,2,131.0,2,Thierry Delmarcelle
A5005159159,1,18.0,0,Nathan Daniel Schiele
A5005163328,1,591.0,0,David Sigeti
A5005188371,1,4.0,0,V. Lum
A5005188509,1,72.0,0,Mark W. Hlawitschka
A5005201143,1,28.0,0,Dongning Luo
A5005221682,1,0.0,0,Sami Khoury
A5005222066,1,19.0,0,Reiner Lenz
A5005223951,1,67.0,0,Ramik Sadana
A5005238300,1,4.0,0,Michael R. Will
A5005262925,1,86.0,0,Bharath Kalidindi
A5005306821,8,2725.0,2,Romain Vuillemot
A5005310068,1,10.0,0,Jameson Miller
A5005311602,2,2.0,0,Nafiul Nipu
A5005316185,1,48.0,0,Christian Teitzel
A5005322254,3,3588.0,2,M. G. Bostock
A5005352052,1,5.0,0,Hana Pokojná
A5005355207,7,340.0,1,Wolfgang Aigner
A5005360401,1,13.0,0,Jackie Assa
A5005364495,7,221.0,0,Tarik Crnovrsanin
A5005384315,1,15.0,0,Lisa Singh
A5005397679,1,9.0,0,Matthias Schlachter
A5005412226,1,6.0,0,Matthew S. Hull
A5005424586,1,2.0,0,W.h. Jimenez
A5005426313,1,4.0,0,Kiran Gadhave
A5005438899,1,12.0,0,George Sugihara
A5005440530,1,7.0,0,I. T. Davies
A5005447951,1,18.0,0,Jamie Proctor
A5005458050,3,79.0,1,Zhihua Jin
A5005494070,2,56.0,0,Cristina R. Ceja
A5005494448,1,34.0,0,R. Clay Reid
A5005510639,1,42.0,0,Erik Anderson
A5005518096,1,11.0,0,W.j. Schroeder
A5005530908,9,234.0,0,Hans Hagen
A5005537804,3,84.0,1,Tobias Klein
A5005564950,1,15.0,0,Christoph Flamm
A5005604730,1,34.0,0,Zhaopeng Meng
A5005619937,1,81.0,0,G. Liebich
A5005633036,1,26.0,0,D. Schmalstieg
A5005641632,1,28.0,0,E. Zhang
A5005647036,2,71.0,0,Zhanglin Cheng
A5005648942,3,108.0,0,I. V. Ramakrishnan
A5005663679,1,8.0,0,My T. Thai
A5005672708,1,37.0,0,Jocelyn H. Ng
A5005677522,1,22.0,0,Yuet Ling Wong
A5005685978,1,49.0,0,Terry Winograd
A5005687069,1,23.0,0,Geoffrey M. Draper
A5005689123,1,34.0,0,David C. Brown
A5005727785,1,3.0,0,R.h.p. Dunn
A5005736802,1,1.0,0,Shaohan Shi
A5005800477,1,25.0,0,William W. Hargrove
A5005829154,1,76.0,0,Mike M. Chow
A5005835706,1,11.0,0,P. Shanbhag
A5005861585,1,34.0,0,H. Ishii
A5005900179,1,5.0,0,Henry A. Sowizral
A5005908452,2,137.0,0,Song Zhang
A5005916572,1,41.0,0,Moritz Bächer
A5005957538,1,0.0,0,J. Mcleod
A5005963720,1,3.0,0,Nikhil Gagvani
A5005968265,1,16.0,0,Brian Tomaszewski
A5005978734,2,45.0,0,Mirjam Sick
A5005981646,1,30.0,0,Martin Göbel
A5005982114,1,3.0,0,Thomas Ortner
A5005986566,2,335.0,1,Paulo Joia
A5005993906,1,30.0,0,David Joseph Wrisley
A5006032614,1,13.0,0,Christoph Russ
A5006058406,1,14.0,0,Johannes Ruisz
A5006074260,1,16.0,0,Gabriela Ferracutti
A5006087928,11,1693.0,4,Dominik Moritz
A5006089989,3,220.0,0,Arnaud Prouzeau
A5006095483,4,80.0,1,Tica Lin
A5006143467,1,10.0,0,Michael Higgins
A5006171300,1,4.0,0,Liwenhan Xie
A5006186940,1,97.0,0,Xiao Jian-nan
A5006194618,1,2.0,0,T. Compton
A5006196334,1,1.0,0,Vahan Huroyan
A5006197413,1,22.0,0,Rynson W. H. Lau
A5006204283,1,0.0,0,Zheng Zhou
A5006225456,5,541.0,2,Christian Stolte
A5006232882,11,543.0,2,Vidya Setlur
A5006248635,1,6.0,0,Jeffrey T. Morisette
A5006254467,1,8.0,0,Brian Wylie
A5006270864,1,44.0,0,Thomas Hildebrandt
A5006326568,1,8.0,0,Riyang Shu
A5006337365,3,41.0,0,Laura South
A5006361808,1,2.0,0,Andreas Gerndt
A5006364168,1,38.0,0,Matthew E. Hawkins
A5006364919,2,58.0,1,Spencer C. Castro
A5006374657,1,107.0,0,Sara Ljungblad
A5006397786,2,52.0,0,Mashael Alkadi
A5006399107,1,10.0,0,E.i. Kelton
A5006411621,1,9.0,0,Miguel Nunes
A5006417854,1,20.0,0,Michael Blumenschein
A5006420943,1,3.0,0,Konduri Aditya
A5006450303,1,41.0,0,Gordon Bancroft
A5006482254,1,42.0,0,Ravi S. Nanjundiah
A5006502390,1,4.0,0,Yunhe Shen
A5006534924,1,7.0,0,Hajar Hamidian
A5006553379,1,97.0,1,W.a.a. Nuij
A5006575291,5,175.0,0,Xumeng Wang
A5006593097,5,245.0,1,Robert Kincaid
A5006604913,1,61.0,0,Helen C. Purchase
A5006605050,1,32.0,0,R. Brunella
A5006661899,1,80.0,0,Micah Taylor
A5006696540,1,107.0,0,Zhanping Liu
A5006707199,1,42.0,0,Michael Mclennan
A5006720439,1,151.0,0,Hongfeng Yu
A5006730291,1,36.0,1,Erel Uziel
A5006732360,1,5.0,0,Joohee Kim
A5006761415,2,101.0,0,Rachel E. Clough
A5006773757,9,1162.0,2,Juliana Freire
A5006806369,1,41.0,0,David J. Muraki
A5006811000,1,30.0,1,Siji Chen
A5006834901,3,160.0,0,Deokgun Park
A5006862887,1,27.0,0,E. Petajan
A5006866152,1,25.0,0,Michael Granitzer
A5006873695,1,84.0,0,Philipp Weil
A5006918685,1,12.0,0,Gérard Medioni
A5006927336,1,17.0,0,M.j. Allison
A5006927908,1,18.0,0,K. Biolsi
A5006938634,1,18.0,1,Wen Zhong
A5006944801,1,62.0,0,Michael Bajura
A5006952014,11,327.0,2,Roger Crawfis
A5006952113,2,26.0,0,Katy Williams
A5006958527,1,115.0,1,Henk Bekker
A5006962854,1,11.0,0,Ivan Kolesár
A5006966951,3,332.0,0,Andreas Kerren
A5007035811,2,94.0,0,R. Sheehan
A5007037399,1,0.0,0,C. Gasparakis
A5007041759,1,53.0,0,José A. Iglesias-guitián
A5007045835,1,103.0,0,Paul Bendich
A5007056424,1,23.0,0,W Li
A5007123290,5,74.0,0,Kelly Gaither
A5007124763,2,812.0,1,Bill Howe
A5007130586,1,18.0,0,Zihan Yan
A5007170803,1,31.0,0,Marcus Handte
A5007172071,1,208.0,0,Oded Nov
A5007182829,1,3.0,0,N. Shareef
A5007208627,3,148.0,0,Wendy Cowley
A5007213740,1,6.0,0,Zhen Cao
A5007265753,2,82.0,0,Paul Klemm
A5007268824,1,23.0,0,A. Pang
A5007269349,1,18.0,0,Gökhan Sever
A5007319413,1,23.0,0,Michel Crampes
A5007331165,1,68.0,0,Joel W. Reed
A5007335034,1,13.0,0,John Cavallo
A5007386215,2,499.0,0,Mahima Pushkarna
A5007427468,1,31.0,0,Ik Soo Lim
A5007431711,2,30.0,0,Mathieu Malaterre
A5007432004,1,23.0,0,G. Aldering
A5007488557,1,10.0,0,Mete A. Sözen
A5007498387,1,4.0,0,Rebecca M. Brannon
A5007501711,1,30.0,1,Ladislav Čmolík
A5007549940,1,6.0,0,B. Corrie
A5007553875,2,54.0,0,Renfei Huang
A5007571956,1,17.0,0,Haochao Ying
A5007593199,1,64.0,0,Steve Skiena
A5007603754,1,8.0,0,Scott Davidoff
A5007613347,1,7.0,0,Dan Lipsa
A5007614889,1,4.0,0,Adam Hunter
A5007628057,6,173.0,0,Mario Jelović
A5007652511,1,2.0,0,Verena Lepper
A5007655142,1,12.0,1,Helen Ai He
A5007663639,1,39.0,0,Magdalena Boucher
A5007670828,2,46.0,0,Tom Abel
A5007690930,4,432.0,0,Ronell Sicat
A5007709486,2,117.0,0,Todd Gamblin
A5007720902,5,151.0,0,F. David Fracchia
A5007746762,1,4.0,1,Gabriela Molina León
A5007750024,1,19.0,0,Jian Zhang
A5007761892,2,144.0,1,Peter Lucas
A5007804127,1,19.0,0,Luis Ceferino
A5007804770,3,18.0,1,Sergej Stoppel
A5007843760,1,4.0,0,A.e. Kaufman
A5007892541,1,83.0,0,Mikhail Smelyanskiy
A5007892780,1,230.0,0,John A. Lee
A5007901564,1,52.0,0,Matthew Hurst
A5007902165,1,14.0,0,Chun-qi Zhou
A5007906010,1,0.0,0,T.s. Denney
A5007913345,2,152.0,0,Gareth Humphreys
A5007929097,1,0.0,0,Pierre Boutillier
A5007968836,3,136.0,0,Christoph Schulz
A5007970056,1,4.0,0,Veronica J. Vieland
A5007976839,1,17.0,0,Benjamin Isaac
A5007998668,1,10.0,0,Harris A. Lewin
A5008009084,1,22.0,0,Lixia Jin
A5008017371,2,134.0,0,Christian Lauterbach
A5008071697,2,13.0,0,Tim Cech
A5008076279,1,4.0,0,Yong‐jin Liu
A5008100854,2,208.0,0,Fabien Jourdan
A5008112425,1,5.0,0,Jingjing Guo
A5008138905,1,22.0,0,Jui-hsien Wang
A5008149778,24,1680.0,4,Tim Dwyer
A5008151140,1,23.0,0,Joe Mattis
A5008156597,1,1.0,0,Mark Igra
A5008165586,1,116.0,1,Jérôme Waser
A5008170232,1,18.0,0,N. Llopis-artime
A5008170279,1,19.0,0,Jeremy L. Muhlich
A5008182880,1,1.0,0,Ignacio Ponzoni
A5008189486,1,4.0,0,Yang Haizheng
A5008198574,2,20.0,0,J.v. Carlis
A5008232797,1,8.0,0,S. Schar
A5008269094,11,838.0,2,Elke A. Rundensteiner
A5008276662,1,27.0,0,Mikko Nikkilä
A5008307990,3,74.0,0,Eric Wernert
A5008309281,1,37.0,0,Huw Dawkes
A5008316351,1,36.0,0,Patrick J. Fitzpatrick
A5008318051,1,52.0,0,William A. Mcneely
A5008337640,4,84.0,0,Ali Sarvghad
A5008340710,1,64.0,0,Alexander Mehler
A5008350531,1,2.0,0,Robert J. Mcdermott
A5008364265,1,11.0,0,Jean R. Ponciano
A5008404864,1,3.0,1,Xinyi Zhou
A5008408374,1,99.0,0,Stephan Pajer
A5008453389,1,1.0,0,Carl Manaster
A5008472566,1,29.0,0,T. Biddlecome
A5008486397,1,9.0,1,Lizhen Qu
A5008493965,5,254.0,0,H. Jänicke
A5008514949,1,18.0,0,Puripant Ruchikachorn
A5008522968,1,29.0,0,David Cline
A5008530963,1,90.0,0,Kevin Wong
A5008570029,1,18.0,0,David A. Rushall
A5008575290,1,24.0,0,Michael Wade
A5008588842,2,54.0,0,Rongchen Zhu
A5008614365,1,25.0,0,Jessica K. Witt
A5008618551,1,4.0,0,R. Fahlbusch
A5008620772,2,104.0,0,Manuel Rubio-sánchez
A5008626085,1,1.0,0,Yan Ke
A5008627422,20,1855.0,3,Miriah Meyer
A5008632512,1,9.0,0,Ye Zhao
A5008639441,1,3.0,0,Akshay Kolgar Nayak
A5008640200,3,66.0,0,Jiaxi Hu
A5008676144,1,16.0,0,B. Gutkauf
A5008702561,2,245.0,0,Stephan Diehl
A5008722474,1,8.0,1,Márcio Cataldi
A5008751772,1,14.0,0,David Darmofal
A5008754293,25,1030.0,6,Markus Hadwiger
A5008757533,1,11.0,0,Xi Yang
A5008786958,4,262.0,0,Hannah Kim
A5008795543,1,89.0,0,Ji Wu Lan
A5008806729,1,22.0,0,Myroslav Bachynskyi
A5008806860,2,99.0,0,Susanna‐assunta Sansone
A5008821441,1,6.0,0,Joseph Fall
A5008826811,1,48.0,0,M. Sheelagh
A5008852854,1,8.0,0,D.j. Sandim
A5008880046,3,43.0,0,Mark Derthick
A5008892267,1,19.0,0,J. Kruger
A5008910895,1,0.0,0,L.i. Ponomarev
A5008914452,6,296.0,0,Dominik Fleischmann
A5008962649,1,158.0,0,Zhida Sun
A5008965688,1,15.0,0,Sarah M. Peck
A5008966133,1,32.0,0,Felix Raith
A5008969033,1,5.0,0,L. Linsen
A5008974159,1,82.0,0,Ren Ping Liu
A5008980835,1,3.0,0,Markus Schmies
A5009010496,1,51.0,0,Paulo Ivson
A5009029178,1,175.0,0,Danah Boyd
A5009031900,2,58.0,0,Andrew Forsberg
A5009057332,1,3.0,0,Devleena Banerjee
A5009099532,7,843.0,1,Fernando V. Paulovich
A5009110174,1,22.0,0,Dorothea Welte
A5009121571,1,277.0,0,U. Diewald
A5009129713,1,18.0,0,Maria-elena Froese
A5009133136,1,20.0,0,Piero Pili
A5009139939,1,29.0,0,Guangxia Li
A5009147066,1,39.0,0,Binghan Xu
A5009192910,1,32.0,0,N. Trichaud
A5009229122,5,250.0,0,Enrico Gobbetti
A5009248582,1,209.0,0,Mirco Nanni
A5009288945,1,8.0,0,L. Chen
A5009322499,1,16.0,0,David J. Nuckley
A5009341822,7,349.0,1,Jonathan C. Roberts
A5009343095,6,483.0,1,Joe Kniss
A5009354743,1,2.0,1,Silvia Crivelli
A5009356193,1,9.0,0,R. Wenger
A5009369598,5,1717.0,1,Jock D. Mackinlay
A5009373644,1,303.0,0,Robert Turko
A5009374413,1,35.0,0,Frédéric Vernier
A5009378018,1,57.0,0,G. D. Telles
A5009460413,41,2229.0,4,Valerio Pascucci
A5009473523,1,31.0,0,Ondřej Strnad
A5009491631,1,36.0,0,Shiry Ginosar
A5009516408,2,88.0,0,Ralf P. Botchen
A5009524646,1,134.0,0,Walter F. Stewart
A5009538779,1,4.0,0,J.e. Van Der Heyden
A5009542542,1,353.0,1,Prasenjit Mitra
A5009543696,8,1097.0,0,Maxime Cordeil
A5009565764,1,32.0,0,Benedikt Stehno
A5009566240,1,2.0,0,V.i. Matvienko
A5009607521,1,31.0,0,Hugo Buddelmeijer
A5009611685,16,499.0,2,Penny Rheingans
A5009627681,1,34.0,0,Stephen G. Turney
A5009646771,1,5.0,0,K. Fujimura
A5009707049,1,2.0,0,Florian Mannuß
A5009735497,4,25.0,0,Michael Bailey
A5009760836,1,28.0,0,Alexander Bendeck
A5009763002,7,117.0,0,Leilani Battle
A5009763506,2,53.0,0,Markus Glatter
A5009764187,1,4.0,0,Julius Rauscher
A5009764298,1,18.0,0,Ria Chawla
A5009771339,7,185.0,0,Katherine E. Isaacs
A5009806341,1,110.0,0,Sean A. Mckenna
A5009809523,1,134.0,1,M.b. Burks
A5009842222,1,3.0,0,Patrick Shriwise
A5009853527,1,23.0,0,D. Kao
A5009855429,1,9.0,0,Wulue Zhao
A5009889779,1,8.0,0,Sabine Bauer
A5009902744,1,55.0,0,Erik Reinhard
A5009912040,2,109.0,0,Lifeng Zhu
A5009919848,1,14.0,0,Benoît Frénay‬
A5009949914,2,52.0,0,Michail Schwab
A5009957887,4,49.0,1,Ryan A. Rossi
A5009963118,1,97.0,0,Andrew Wood
A5009969946,1,1.0,0,E. P. Szuszczewicz
A5009984879,1,57.0,0,A. Gregory
A5010015110,1,5.0,0,B. Yamrom
A5010043767,1,115.0,0,Andreas Thom
A5010051306,1,32.0,0,Hyungsuk Choi
A5010061027,4,657.0,0,Zuchao Wang
A5010090402,1,20.0,0,David Trimm
A5010119044,8,805.0,1,Steven M. Drucker
A5010124882,1,20.0,0,Marcel Gavriliu
A5010136069,1,39.0,0,R. Matt Steele
A5010157704,10,1401.0,2,Danyel Fisher
A5010193332,2,396.0,2,Han‐seung Lee
A5010219139,1,19.0,0,Jamal Alsakran
A5010224263,1,106.0,0,Rony Goldenthal
A5010234110,1,19.0,0,Sandro Santagata
A5010238198,24,1329.0,5,Johanna Beyer
A5010240403,1,44.0,0,Shuang‐hua Yang
A5010258270,1,8.0,0,David N. Bailey
A5010266335,1,6.0,0,Shaghayegh Esmaeili
A5010284870,1,2.0,0,R. H. Wolfe
A5010322498,1,19.0,0,Jan-erik Stange
A5010426520,1,32.0,0,Zhong Su
A5010430831,1,31.0,0,Fabiano Petronetto
A5010436269,2,231.0,0,Krzysztof Z. Gajos
A5010441587,7,200.0,0,Minfeng Zhu
A5010444353,5,489.0,0,Min Lü
A5010463964,1,43.0,0,Jacheng Pan
A5010474784,1,85.0,0,Jurim Lee
A5010499463,7,391.0,0,Emily Wall
A5010524733,1,89.0,0,Xin Zhao
A5010544735,1,16.0,0,Dachywan Wu
A5010562544,1,75.0,0,Michel F. Sanner
A5010594519,1,39.0,0,Stefania Forlini
A5010595292,1,18.0,0,James H. Garrett
A5010596785,4,135.0,0,Christopher Andrews
A5010597978,1,34.0,0,Oliver Hahn
A5010642469,1,8.0,0,S.m. Legensky
A5010660324,9,547.0,0,Yun Jang
A5010665785,1,66.0,0,P. Thomas Fletcher
A5010678395,3,615.0,0,Jibonananda Sanyal
A5010714340,12,427.0,0,Baoquan Chen
A5010754981,2,166.0,0,Matthew Ward
A5010767648,1,8.0,0,Wenshuo Zhao
A5010769398,2,94.0,1,Cydney Nielsen
A5010779666,5,223.0,0,Stefan Guthe
A5010833582,1,46.0,0,Paolo Angelelli
A5010847113,4,77.0,0,Po-ming Law
A5010866431,1,5.0,0,Venkatesh Sivaraman
A5010867366,1,173.0,0,Chong Zhang
A5010917418,1,29.0,0,M. Tuceryan
A5010928934,4,94.0,0,Michael E. Papka
A5010940488,2,172.0,1,Peter Shirley
A5010950688,1,0.0,0,Siddharth Garg
A5010985446,1,55.0,0,Wewnen Dou
A5010986405,1,14.0,1,David Spretke
A5011020333,1,39.0,0,Steven Feiner
A5011021659,1,53.0,0,Bridget Cogley
A5011023724,2,94.0,0,Maxim Lazarov
A5011059989,3,266.0,0,Martin Eisemann
A5011131671,1,6.0,0,P.c. Chen
A5011153238,1,22.0,0,Janko Dietzsch
A5011189567,2,35.0,0,Paula Kayongo
A5011218802,3,118.0,0,B. Lucas
A5011218910,1,3.0,0,Michael Middleton
A5011229394,1,5.0,0,D. Zorin
A5011244935,1,29.0,0,Shenyu Xu
A5011292436,2,1007.0,0,Zoya Bylinskii
A5011301258,2,6.0,0,Laura Garrison
A5011301944,1,32.0,0,Donald Bertucci
A5011328209,2,38.0,0,Parris K. Egbert
A5011332155,1,22.0,0,Y. Maeda
A5011411344,1,3.0,0,Mara Solen
A5011415375,1,7.0,0,Daniel Glaser
A5011416152,1,134.0,0,Matthew J. Avalos
A5011424640,12,607.0,1,Luís Gustavo Nonato
A5011441880,1,55.0,1,Arthur G. Erdman
A5011504177,1,14.0,0,Zhongyu Wei
A5011513930,1,22.0,0,John Wilkins
A5011528639,3,735.0,1,Geoffrey Ellis
A5011539959,2,78.0,0,Guo‐shi Li
A5011547603,1,5.0,0,J. Aller
A5011581508,3,220.0,0,David Auber
A5011596114,1,16.0,0,Fedor Korsakov
A5011629374,3,186.0,0,Xiao Ling
A5011709769,2,82.0,0,Henry Völzke
A5011715822,1,3.0,0,Rae Kyoung Lee
A5011744375,2,96.0,0,Xuanwu Yue
A5011769177,1,5.0,0,J.j. Loomis
A5011771355,1,15.0,0,Ivo L. Hofacker
A5011783203,1,13.0,0,Amel Guetat
A5011813023,2,666.0,0,Jiaxin Shi
A5011823353,3,60.0,2,Nicole Sultanum
A5011864657,1,77.0,0,Graham Dove
A5011884271,1,51.0,0,Daniel Luiz De Mattos Nascimento
A5011893561,1,2.0,0,Tony Stone
A5011902450,1,28.0,0,Andrea G. Parker
A5011903650,1,15.0,0,Mario Valle
A5011911621,1,4.0,0,L.r. Seidenberg
A5011918131,1,5.0,0,Lexing Ying
A5011928259,4,188.0,0,Evan M. Peck
A5011933741,1,11.0,0,Elizabeth Hetzler
A5011941798,14,477.0,2,Filip Sadlo
A5011942943,1,11.0,1,S. Sandra Bae
A5011950091,1,1.0,0,J. Cribb
A5011962842,1,2.0,0,Amani Ageeli
A5011973325,1,6.0,0,Wendy S. Koegler
A5011976234,1,7.0,0,Kyoko Nakamura
A5011981456,2,41.0,1,Doris Kosminsky
A5011999265,1,39.0,0,Yuqun Chen
A5012088773,3,50.0,1,Derya Akbaba
A5012099276,1,26.0,0,Martin Baiker
A5012111319,1,72.0,0,Eser Kandogan
A5012113499,5,144.0,1,Michael Brudno
A5012116917,2,66.0,0,Andreas Hubeli
A5012133571,1,3.0,0,C.b. Cox
A5012139872,2,78.0,0,G. Geier
A5012157105,3,124.0,0,Zhuochen Jin
A5012158528,3,154.0,0,Sriram Karthik Badam
A5012160486,1,2.0,0,Wendell Wiggins
A5012164072,1,25.0,0,Vedran Sabol
A5012213317,1,6.0,0,E.o. Belcher
A5012244017,2,60.0,0,Ryan Eccles
A5012255877,3,110.0,0,Patrick Mccormick
A5012263767,1,6.0,0,Ron Kikinis
A5012288548,3,101.0,0,Allen R. Sanderson
A5012329609,2,356.0,0,Mihael Ankerst
A5012330510,2,15.0,0,D.c. Banks
A5012353622,1,2.0,0,Martin Wikelski
A5012354207,1,193.0,0,Shaozu Cao
A5012360690,1,10.0,0,Patricia F Anderson
A5012378616,2,15.0,0,Oliver Rübel
A5012381843,1,5.0,1,Muqiao Yang
A5012387700,2,131.0,0,Jun Wang
A5012388103,12,405.0,1,Jinwook Seo
A5012397920,1,1.0,0,Anthony Hamins
A5012446017,1,68.0,0,Robert A. Bridges
A5012448546,1,4.0,0,Manisa Baker
A5012497033,1,12.0,0,L. Carter
A5012530562,1,15.0,0,Robin Skånberg
A5012542741,2,25.0,0,Clifford A. Shaffer
A5012542802,2,41.0,0,Harry Yeh
A5012553015,1,26.0,0,Yoonsoo Nam
A5012557712,1,14.0,0,Robert A. Weinberg
A5012561411,25,2326.0,3,Sheelagh Carpendale
A5012627445,1,10.0,0,Chris Pelkie
A5012627865,1,79.0,0,Laura Raya
A5012636375,1,62.0,0,Simone Kriglstein
A5012651524,1,21.0,0,Luc P. Beaudoin
A5012666938,1,119.0,1,Audrey S. Wang
A5012693590,5,118.0,1,Daniel Baum
A5012732932,2,26.0,1,Bea Steers
A5012750622,1,22.0,0,Jim Durbin
A5012753546,1,5.0,0,T. Munzner
A5012758909,1,67.0,0,Hyejin Im
A5012766006,1,20.0,0,Stefanie Schmid
A5012766796,1,3.0,0,R. Haynes
A5012782091,1,14.0,0,Thomas Kirste
A5012785854,1,69.0,0,Florian Morr
A5012788427,1,103.0,0,Simon Schubiger
A5012797594,1,48.0,0,Andreas Mathisen
A5012845744,1,19.0,0,Boyd Kenkhuis
A5012847693,1,36.0,0,Adam P. Summers
A5012856150,1,69.0,0,Theo Van Walsum
A5012919545,1,26.0,0,G. Schussman
A5012944737,1,1.0,1,John Hooker
A5012950750,1,4.0,0,G. Welch
A5012964681,3,118.0,0,Michael Böttinger
A5012980226,1,21.0,0,Niranjan Damera-venkata
A5012986137,1,109.0,0,Sebastian Koch
A5012994943,1,30.0,0,Ke Wu
A5013002615,1,2.0,0,Sanjin Rados
A5013005123,1,2.0,0,A. Kaufman
A5013009875,2,113.0,0,Vivek Kumar Verma
A5013043483,1,12.0,0,Huan He
A5013054287,1,107.0,0,Chi-bin Chien
A5013055435,2,38.0,0,Àlvar Vinacua
A5013062610,1,14.0,0,M.f. Cohen
A5013064867,1,9.0,0,Riley Hughes
A5013065278,1,123.0,0,Andrés Monroy‐hernández
A5013067496,1,0.0,0,V. Interrante
A5013074014,1,61.0,0,Patrick Houthuizen
A5013075379,1,8.0,0,Jianing Hao
A5013101044,4,253.0,0,Florian Ferstl
A5013103130,1,46.0,0,Christina K. Yung
A5013104516,1,62.0,0,Madelaine Boyd
A5013118329,1,4.0,0,Hongan Wang
A5013135203,2,170.0,0,Vivek Srikumar
A5013174025,1,23.0,0,Mark Wallace
A5013179348,1,23.0,0,C. Aragon
A5013181392,3,162.0,0,Sarah H. Creem-regehr
A5013198735,1,95.0,0,Qingguang Cui
A5013207939,1,27.0,0,Rika Furuhata
A5013216735,1,82.0,0,Amir H. Meghdadi
A5013218669,1,168.0,0,Jefferson Amstutz
A5013243312,4,173.0,0,Peter Michael Bak
A5013253784,1,42.0,0,Doris Jung‐lin Lee
A5013259507,1,32.0,0,David Williams
A5013294330,2,66.0,0,Pascal Goffin
A5013335258,1,71.0,0,Hayeong Song
A5013352966,2,220.0,1,Creon Levit
A5013387781,1,5.0,0,D. Gubler
A5013417550,1,24.0,0,Wilfrid Lefer
A5013422789,1,30.0,0,István Kókai
A5013424156,1,28.0,0,Luoxuan Weng
A5013448896,1,16.0,0,Jeffrey Ho
A5013458161,1,34.0,0,Janet Wiles
A5013460936,8,298.0,0,Christopher G. Healey
A5013491656,1,0.0,0,K.w. Johnson
A5013518229,1,20.0,0,Ratul Mahajan
A5013533653,1,18.0,0,Pascal Poncelet
A5013546425,6,372.0,0,Roberto Scopigno
A5013569934,2,39.0,0,Frank Michel
A5013608601,1,42.0,0,Aditya Parameswaran
A5013629437,2,76.0,0,B. Green
A5013644294,1,2.0,0,António M. Baptista
A5013670125,1,180.0,0,David Lazer
A5013719632,1,39.0,0,Di Yang
A5013723403,1,15.0,0,Ying Mao
A5013740450,1,17.0,0,Wei-hsien Hsu
A5013743493,1,30.0,0,Ran Zhou
A5013752660,2,105.0,1,Lincan Zou
A5013779026,2,96.0,0,Stephen Rudolph
A5013797659,1,75.0,0,Bram C.m. Cappers
A5013842628,2,44.0,0,Rolf Westerteiger
A5013856888,5,127.0,0,Marco Agus
A5013857042,3,243.0,1,David M. Weinstein
A5013860502,1,6.0,0,Alisa Neeman
A5013863229,3,201.0,0,Jing Wu
A5013873009,1,98.0,0,Franziska Sauka
A5013887755,1,14.0,0,Alexander Soen
A5013890093,1,16.0,0,J. Dastur
A5013892799,2,35.0,0,Ruizhen Hu
A5013911086,1,0.0,0,Gabriela Morgenshtern
A5013922391,1,6.0,0,Scott Wehrwein
A5013945827,1,13.0,0,Michael Gessat
A5013950108,1,89.0,0,Felix Ritter
A5013952808,1,37.0,0,Shusen Liu
A5013989913,1,19.0,0,Evangelos Milios
A5014009990,5,291.0,1,Zhiguang Zhou
A5014012890,1,22.0,0,Tiago Etiene
A5014019199,1,18.0,0,Moataz Abdelaal
A5014023970,1,3.0,0,Thibaud Porphyre
A5014032522,2,50.0,0,Johannes Weissenböck
A5014041753,2,20.0,0,Christian Schulte Zu Berge
A5014054165,1,50.0,0,John B. Thurmond
A5014057564,1,10.0,0,Antonio Fernández Anta
A5014079156,2,190.0,0,Matthias Zwicker
A5014118071,1,6.0,0,Connor Guerin
A5014124844,1,1.0,0,D. Cox
A5014134530,1,1.0,0,Kamran Eftekhari Shahroudi
A5014138072,2,83.0,0,Alexander Wolff
A5014140709,1,32.0,0,Suizi Huang
A5014146578,1,43.0,0,Patrick Hertzog
A5014221694,3,110.0,1,Jiayi Xu
A5014239595,1,14.0,0,Ruwen Schnabel
A5014254930,1,27.0,0,Vincent Van Unen
A5014319412,2,62.0,0,Yi Gu
A5014325236,1,46.0,0,Jina Huh
A5014363196,1,42.0,0,Graeme Gange
A5014375244,1,12.0,0,Henning Wachsmuth
A5014429725,1,5.0,0,H. Ishikawa
A5014451969,1,8.0,0,Jiřı́ Bittner
A5014495113,1,42.0,0,Richard Brath
A5014529529,1,1.0,0,Jie Zheng
A5014571315,1,2.0,0,J.m. Favre
A5014594342,2,111.0,1,Markus Steinberger
A5014603089,2,4.0,0,Jen Rogers
A5014622702,2,6.0,0,D.r. Nadeau
A5014635198,3,82.0,1,Rita Sevastjanova
A5014638681,2,58.0,0,Jonathan Lazar
A5014650495,1,76.0,0,Haralambos Marmanis
A5014662947,3,300.0,0,Furu Wei
A5014670663,1,5.0,1,Pratheeksha Nair
A5014675864,2,11.0,1,Carolina Veiga
A5014697729,1,15.0,0,J.l.d. Comba
A5014732659,1,8.0,0,A. Stewart Fotheringham
A5014744525,1,4.0,0,K. Inkpen
A5014747010,1,93.0,0,Gaurav Garg
A5014750090,1,11.0,0,Katie B. Mullins
A5014770241,1,303.0,0,Johannes Behr
A5014773555,1,21.0,0,Emden R. Gansner
A5014783020,1,11.0,0,Agma J. M. Traina
A5014829491,1,9.0,0,Dietmar Offenhuber
A5014858614,2,3.0,0,David Dobkin
A5014886957,1,136.0,0,M. F. Smith
A5014887248,1,31.0,0,S. C. Trager
A5014889758,6,406.0,0,Henry Fuchs
A5014894873,1,80.0,0,Zhile Ren
A5014905815,1,31.0,0,Ruwayda Alharbi
A5014935641,1,59.0,0,Laura Fernández-robles
A5014971963,1,17.0,0,Dmitry Karpeyev
A5015012334,1,118.0,0,Leslie M. Blaha
A5015037960,1,9.0,0,Jordan Matelsky
A5015120030,1,1.0,0,Luke J. Harmon
A5015121983,1,2.0,1,Yamei Tu
A5015182248,8,449.0,1,Tatiana Von Landesberger
A5015186378,4,55.0,0,Andrew Wentzel
A5015247862,1,46.0,0,Yedendra Shrinivasan
A5015247956,1,11.0,0,Joseph S. B. Mitchell
A5015267493,1,278.0,0,Alexandre X. Falcão
A5015271163,4,94.0,1,Aidong Lu
A5015338144,1,11.0,0,Zhilan Zhou
A5015367289,2,120.0,1,Saiful Khan
A5015376703,2,42.0,0,Ketan Mehta
A5015384117,2,52.0,0,Tiffany Wun
A5015413510,1,4.0,0,F. Dubuffet
A5015444670,1,103.0,0,Raj Shekhar
A5015449928,1,24.0,0,Alexandra Landsberg
A5015466527,1,14.0,0,D. Bürkle
A5015483503,1,14.0,0,Michael Terry
A5015496910,1,134.0,1,A.j. Kolojechick
A5015510100,1,6.0,0,Wyatt Ayers
A5015512418,1,12.0,0,C. Carner
A5015516607,5,394.0,0,Leland Wilkinson
A5015520753,1,17.0,0,M. Brill
A5015538446,1,4.0,0,H. Fuchs
A5015603155,1,68.0,0,Vinay Siddavanahalli
A5015615908,5,220.0,0,Kasper Hornbæk
A5015620637,1,43.0,0,E. Delahaye
A5015622039,2,53.0,0,Christoph Lürig
A5015625058,1,16.0,0,Guodao Sun
A5015653458,1,47.0,0,Rupayan Neogy
A5015678021,2,163.0,1,Günter Blöschl
A5015703834,2,68.0,0,Zi’ang Ding
A5015726919,1,31.0,0,Michael H. F. Wilkinson
A5015727314,1,12.0,0,H.-p. Kriegel
A5015732156,1,1.0,0,Timothy W. Simpson
A5015732185,2,72.0,0,Michael Steptoe
A5015755413,1,296.0,0,Minje Choi
A5015771328,1,158.0,0,Philipp Zimmermann
A5015798012,1,53.0,0,Nadia Magnenat‐thalmann
A5015821420,1,0.0,0,Matěj Lang
A5015832535,2,100.0,0,Mikkel R. Jakobsen
A5015858944,1,52.0,0,Sebastian Ley
A5015864290,1,28.0,0,P. Schroder
A5015877702,1,12.0,0,Ethan R. Deyle
A5015899741,1,4.0,0,Yuhan Guo
A5015919547,1,15.0,0,John Rhoades
A5015951381,2,111.0,0,Hank Childs
A5015989769,1,9.0,0,Valentin Zobel
A5016031646,1,78.0,0,Bobo Nick
A5016032832,1,28.0,0,Jinson Zhang
A5016043799,1,28.0,0,Tingkai Sha
A5016047550,1,8.0,0,Ronald M. Summers
A5016056652,1,22.0,0,I. Fujishiro
A5016072766,2,101.0,0,Brian Salomon
A5016076717,18,490.0,0,Alex Pang
A5016079677,1,7.0,0,Raanan Fattal
A5016104736,2,33.0,0,Peter F. Stadler
A5016122563,2,69.0,0,Mathieu Le Muzic
A5016139323,3,52.0,0,David Saffo
A5016157345,1,21.0,0,Zeki Melek
A5016175339,2,211.0,1,Hadley Wickham
A5016181027,1,24.0,0,N. Green
A5016192055,2,12.0,0,Chuan‐kai Yang
A5016219620,25,1364.0,1,Tobias Schreck
A5016227452,1,74.0,0,Michael Ogawa
A5016232764,1,45.0,0,B. Becker
A5016294821,1,6.0,0,Wieland Reich
A5016295654,5,599.0,1,Michael Burch
A5016317828,1,11.0,0,G. Cybenko
A5016365293,3,122.0,0,Benjamin Watson
A5016367054,2,111.0,0,C. Ledergerber
A5016367490,1,1.0,0,Phillip A. Morin
A5016378470,2,5.0,0,Baba C. Vemuri
A5016394531,1,117.0,0,Angela Boltman
A5016449842,1,50.0,0,Andrew Poon
A5016455363,1,15.0,0,Galileo Namata
A5016460032,1,19.0,0,Yeting Xu
A5016462932,1,630.0,1,M. Pottier
A5016480053,6,242.0,0,Issei Fujishiro
A5016509863,1,34.0,0,G.e. Rosario
A5016520165,1,31.0,0,Maximilian T. Fischer
A5016528107,1,60.0,0,Daniel M. Russell
A5016547705,1,1.0,0,Leo Joskowicz
A5016549965,1,7.0,0,Mel Krokos
A5016567178,2,142.0,0,Alfred Kobsa
A5016568940,1,0.0,0,F.d. Fracchia
A5016584097,2,18.0,0,P. Rheingans
A5016598778,1,1.0,0,L.w. Anacker
A5016650559,1,195.0,1,Ed Huai-hsin
A5016665254,2,20.0,0,Maximilian Baust
A5016672931,1,32.0,0,Gregory J. Wiet
A5016674253,4,58.0,1,Laurent Lessard
A5016698200,1,4.0,0,Frank A. Drews
A5016701444,2,43.0,0,John Biddiscombe
A5016709443,1,7.0,0,J. Shade
A5016743303,1,4.0,0,Gianne Derks
A5016774281,1,29.0,0,Pier Francesco Cortese
A5016819583,1,26.0,0,Haijun Xia
A5016840348,1,8.0,0,Bhavana Doppalapudi
A5016877550,1,18.0,0,Youcheng Gong
A5016894020,1,26.0,0,Christopher Decoro
A5016908856,2,15.0,0,Shih-hsuan Hung
A5016920518,1,82.0,0,Anna Gogolou
A5016923244,1,1.0,1,Brianne E. Sherman
A5016930939,1,296.0,0,Youngbin Kim
A5016943819,1,3.0,0,Yong Zhou
A5016945493,1,19.0,0,Megan L. Burger
A5016988098,1,63.0,0,Joshua Levenberg
A5017012925,1,6.0,0,O.m. Smedstad
A5017016970,1,21.0,0,David Scarlatti
A5017027670,1,4.0,0,R.b. Jerard
A5017036530,2,36.0,0,S. T. Bryson
A5017066674,1,27.0,1,David Bauer
A5017066840,1,10.0,0,Anna Puig
A5017126919,1,9.0,0,Nadine Dräger
A5017132521,1,42.0,0,R. B. Truscott
A5017149822,1,26.0,0,Joel Dearden
A5017152441,2,30.0,0,Markus Meißner
A5017167333,2,47.0,0,Max Hermann
A5017170930,1,54.0,0,Andrej Cedilnik
A5017173519,1,10.0,0,Stefan P. Feyer
A5017174269,1,5.0,0,Steven Kubica
A5017178896,1,11.0,0,Eihachiro Nakamae
A5017206270,1,8.0,0,D. Schissel
A5017215443,1,5.0,0,R.k. Batra
A5017215452,1,32.0,0,Shade T. Shutters
A5017294111,1,12.0,0,Sam Adé Jacobs
A5017310929,1,84.0,0,Kay Hamacherk
A5017345680,1,15.0,0,N.l. Max
A5017357094,1,16.0,0,John V. Carlis
A5017415898,4,242.0,0,Marcel Hlawatsch
A5017435387,1,53.0,0,Z. Wang
A5017439447,1,27.0,0,Joseph A. Cottam
A5017444173,2,155.0,0,Laura E. Matzen
A5017451873,1,3.0,0,Patricia A. Ganea
A5017456911,1,645.0,0,Phillip Isola
A5017460095,1,15.0,0,Tonya L. Smith‐jackson
A5017463743,1,40.0,0,Alexander P. Auchus
A5017495525,2,107.0,0,Tim Hewson
A5017504840,1,58.0,0,Shankar Krishnan
A5017511409,1,35.0,0,Derek Stephens
A5017533592,1,6.0,0,M. Hannemann
A5017539699,1,61.0,1,İnanç Birol
A5017540283,1,4.0,0,H. Pfister
A5017550751,1,1.0,0,N.d. Gershon
A5017564609,2,47.0,0,Gregory D. Abowd
A5017588199,1,105.0,0,D. Haug
A5017590724,1,37.0,0,Marc Treib
A5017619650,1,6.0,0,Jeff M. Phillips
A5017629509,2,187.0,0,Fan-yin Tzeng
A5017634387,1,15.0,0,Julie Heiser
A5017670865,3,140.0,0,Harald Reiterer
A5017673553,1,32.0,0,Lawrence T. Glickman
A5017694658,1,39.0,0,Tariq Yousef
A5017707755,1,10.0,0,Jungbluth Sean
A5017735217,1,58.0,0,Leon Sering
A5017744726,1,173.0,0,Ivo Große
A5017797808,1,14.0,0,Amen Zwa
A5017798547,1,6.0,0,H. Van Den Bosch
A5017813001,1,2.0,0,Jane Troutner
A5017833996,1,121.0,0,Seth G. Walker
A5017854609,7,318.0,1,Aditi Majumder
A5017860345,1,53.0,0,Carmen Corujo-vélez
A5017887628,1,20.0,0,Shash Sinha
A5017894606,2,27.0,0,Roman Garnett
A5017917433,1,103.0,0,Mark Newman
A5017943466,1,6.0,0,Yuan-fang Li
A5017965188,1,29.0,0,N. Mehta
A5017980758,1,0.0,0,P. Mora De Freitas
A5017999955,1,11.0,1,Uğur Güdükbay
A5018034703,1,3.0,0,Gudrun Klinker
A5018040823,1,63.0,0,Tian Feng
A5018044277,1,17.0,0,W.a. Barrett
A5018052736,1,12.0,0,Varun Jain
A5018077023,1,9.0,0,Jinhan Choi
A5018084938,1,9.0,0,Darren Edge
A5018089019,2,96.0,0,Jim Smiley
A5018100309,5,361.0,0,Chaomei Chen
A5018103324,1,37.0,0,Philipp Koytek
A5018104127,2,71.0,0,Zhaoqiang Lai
A5018111215,12,1033.0,0,Pat Hanrahan
A5018130478,1,72.0,0,Matthew Hecht
A5018138503,1,21.0,0,John Baker
A5018178386,7,442.0,1,C. Correa
A5018186930,1,70.0,0,Tino Gruse
A5018230219,1,27.0,0,Yuzhe Luo
A5018266351,1,27.0,0,Sana Malik
A5018275477,1,43.0,0,Chiew‐lan Tai
A5018287424,1,35.0,0,Samuel Voß
A5018302316,1,13.0,0,Armin Pobitzer
A5018302615,1,35.0,0,Rafael Wiemker
A5018319080,3,265.0,1,Martin Roth
A5018322383,8,221.0,1,Tan Tang
A5018362418,1,6.0,0,S. Aukstakalnis
A5018392096,1,6.0,0,Matteo Magnani
A5018395535,1,29.0,0,Philippe Rocca‐serra
A5018427397,1,16.0,0,Julian Hartig
A5018427801,1,1.0,0,B. Estus
A5018442175,1,17.0,0,Wenbo Tao
A5018503965,4,246.0,0,Martin Kraus
A5018510875,1,0.0,0,Luuk Willem Hesselink
A5018515695,1,6.0,0,R.a. Miller
A5018563316,2,58.0,0,E. Yanli
A5018563685,1,13.0,0,Johnny Campos
A5018565806,1,126.0,0,Wilmot Li
A5018582673,1,97.0,0,Xiting Wang
A5018584803,35,1789.0,2,David S. Ebert
A5018629002,1,67.0,0,Judy Diamond
A5018647103,3,16.0,0,M. Sheelagh T. Carpendale
A5018659197,1,7.0,0,J.c. Anderson
A5018669508,1,48.0,0,T. Carpendale
A5018685036,2,28.0,0,Simon Warchol
A5018714925,1,10.0,0,Craig Jones
A5018729965,1,17.0,0,Honglei Yin
A5018764541,3,11.0,1,Pavol Ulbrich
A5018780651,1,1.0,0,Nicolas Roussel
A5018820623,12,744.0,3,Jian Zhao
A5018871532,1,26.0,0,Ronald Metoyer
A5018876607,2,75.0,0,Enrico Puppo
A5018896453,1,13.0,0,Volkmar Falk
A5018902600,1,10.0,0,Colin Runciman
A5018914884,1,61.0,0,R. Arthur Bouwman
A5018921434,3,37.0,0,Peter A. Rona
A5018924195,2,54.0,0,Leila De Floriani
A5018942744,1,26.0,0,Yasaman Ahmadi
A5018952559,1,26.0,0,Anton Fuhrmann
A5018955742,1,48.0,0,Roman Rädle
A5019003563,6,250.0,1,Boudewijn P. F. Lelieveldt
A5019023365,6,131.0,1,Nelson Max
A5019027088,1,15.0,0,Weiwen Jiang
A5019033794,2,70.0,0,Gilles Bailly
A5019052700,1,1.0,0,Cristina Dondi
A5019075225,2,73.0,0,Maurice Termeer
A5019091316,1,310.0,1,Greg L. Nelson
A5019100343,1,99.0,1,Malte Zöckler
A5019106665,1,169.0,0,Simone Melchionna
A5019125046,1,0.0,0,Lorenz Hurni
A5019130668,1,9.0,0,Marios Nicolaou
A5019143852,1,0.0,0,Mohamed Kissi
A5019161245,1,10.0,0,Alessio Arleo
A5019208291,1,126.0,0,Francis Nguyen
A5019226410,1,3.0,0,Lijie Yao
A5019264369,1,16.0,0,Yunwon Tae
A5019266989,1,14.0,1,Philip D. Heermann
A5019293298,2,27.0,0,Rodolfo Ostilla–mónico
A5019308509,1,11.0,0,Juntong Luo
A5019308726,8,296.0,1,Thomas Höllt
A5019333583,1,18.0,0,Dan Zhang
A5019355403,1,44.0,0,Melanie Görner
A5019358629,1,21.0,0,David A. Talmage
A5019380016,1,0.0,0,B. Fry
A5019393500,1,27.0,0,Matthias Buchetics
A5019416645,1,41.0,0,Naveed Massjouni
A5019420039,1,108.0,0,Qianliang Wu
A5019432893,1,105.0,0,Miaoxin Hu
A5019437484,1,5.0,0,T.e. Clifton
A5019441497,1,6.0,0,Adam Jurčík
A5019444857,5,627.0,1,Hong Zhou
A5019449054,1,1.0,0,Yuk Y. Sham
A5019455791,1,4.0,0,D.a. Keim
A5019457723,1,3.0,0,Stanislav Goja
A5019479187,2,331.0,1,Wei Peng
A5019516751,1,28.0,0,Abishek Puri
A5019518434,1,0.0,0,Julie Delon
A5019521984,1,35.0,0,Tova Avidan
A5019527013,1,7.0,0,D.s. Ebert
A5019527252,2,66.0,0,Heather Richter Lipford
A5019545820,1,6.0,0,Weiran Lyu
A5019551372,1,116.0,0,David Lloyd
A5019552387,1,5.0,0,Barry S. Lazos
A5019559208,2,62.0,0,Boonthanome Nouanesengsy
A5019569880,1,87.0,0,Florence Y. Wang
A5019619044,2,176.0,0,Shoubin Cheng
A5019622072,15,765.0,1,Silvia Miksch
A5019656364,1,59.0,0,Gemma Sanderson
A5019671636,2,33.0,0,Daniel Seebacher
A5019708277,1,35.0,0,J. Breslau
A5019709676,1,51.0,0,Lynn Mcvey
A5019712204,1,68.0,0,Xinyu Zhu
A5019713312,1,12.0,0,H. Taylor
A5019719296,1,18.0,0,Marc Hellmuth
A5019719607,1,107.0,0,Roel Vliegen
A5019721303,1,6.0,0,Michalis Mamakos
A5019729265,1,13.0,0,James Painter
A5019736958,1,1.0,0,Amira Chalbi
A5019756314,8,943.0,2,Alan M. Maceachren
A5019756329,1,6.0,0,H. Pfister
A5019781916,7,279.0,2,Fumeng Yang
A5019815997,1,35.0,0,Madeleine Grunde-mclaughlin
A5019821536,4,114.0,0,Changjian Chen
A5019842871,1,5.0,0,J.w.c. Chin-a-woeng
A5019872104,1,87.0,0,Nils Wilhelm
A5019880413,1,14.0,0,Emily Reif
A5019883765,1,29.0,0,Xiaochen Yang
A5019885462,1,5.0,0,K.j. Zuiderveld
A5019891335,1,37.0,0,Alexander S. Szalay
A5019899330,1,6.0,0,Michael Christensen
A5019902487,22,1399.0,2,Peer‐timo Bremer
A5019917008,1,4.0,0,Raphael Buchmüller
A5019932595,1,46.0,0,Emanuele Santos
A5019933387,3,174.0,0,Marti A. Hearst
A5019945348,1,5.0,0,Ian G. Angus
A5019950572,1,100.0,0,Joe Kohlmann
A5019962521,1,1.0,0,Preeti Raghavan
A5019963223,1,13.0,0,K. Smith
A5020005843,1,8.0,0,Suyun Lsandrar Bae
A5020020080,1,16.0,0,Alexandra Lee
A5020020184,1,40.0,0,Chengqiao Lin
A5020083340,1,492.0,0,Ping Guo
A5020097039,1,41.0,0,Paul Keel
A5020115484,1,63.0,0,Daniel Sheleheda
A5020117665,1,49.0,0,Meera Blattner
A5020130672,2,50.0,0,R. Springmeyer
A5020153026,10,950.0,1,Duen Horng Chau
A5020177990,1,25.0,0,Michaela Schmitt
A5020208288,1,10.0,0,S. Smith
A5020220741,1,10.0,1,Jeroen Eggermont
A5020327777,6,116.0,0,Ziyang Guo
A5020340631,3,392.0,1,Mary Czerwinski
A5020361086,1,0.0,0,R. Paffenroth
A5020379846,1,630.0,1,David B. Lantrip
A5020395140,1,3.0,0,Erik Rydow
A5020400873,2,9.0,0,Douglas W. Cunningham
A5020407163,2,22.0,1,Anna Offenwanger
A5020415668,9,439.0,1,Mennatallah El‐assady
A5020424172,1,4.0,0,J. Magewick
A5020443342,1,5.0,0,Bobbie‐jo Webb‐robertson
A5020445816,1,3.0,0,W.l. Vanzandt
A5020453160,2,200.0,0,Louis Bavoil
A5020533126,3,59.0,0,Kyle Wm. Hall
A5020547967,3,150.0,0,John Carter Wood
A5020597086,1,41.0,1,Christian Bischof
A5020618568,1,4.0,1,Thomas A. Zangle
A5020652905,2,150.0,0,M. Ikits
A5020662442,1,3.0,0,A.j.s. Hin
A5020665735,1,110.0,0,Allan Hanbury
A5020680196,1,62.0,0,Roger A. Leite
A5020702008,3,323.0,0,Haekyu Park
A5020707650,1,131.0,0,Patrick Reipschläger
A5020708681,2,48.0,0,T.y. Jiang
A5020713416,1,24.0,0,Phillip Wolfram
A5020719193,1,116.0,0,Michael Wand
A5020730215,2,74.0,0,Haneen Mohammed
A5020745360,1,29.0,0,Hongfeng Yu
A5020760347,1,51.0,0,Alexandra Diehl
A5020786535,1,57.0,0,Hammad Haleem
A5020791375,3,37.0,0,Sungahn Ko
A5020796693,1,18.0,0,Olugbenga Omoteso
A5020800648,1,19.0,0,John Hoffer
A5020802697,1,5.0,0,Sudhanshu Kumar Semwal
A5020823835,1,134.0,1,Cristina C. Gomberg
A5020853176,1,13.0,0,Susannah M. Burrows
A5020860355,1,10.0,0,Matt Grayson
A5020875060,1,23.0,0,Jean Villerd
A5020880385,2,536.0,0,Yangqiu Song
A5020890610,2,171.0,1,Chén Mĭn
A5020901971,1,22.0,0,Tina Weinkauf
A5020913003,1,25.0,0,D. N. Huntzinger
A5020927169,1,104.0,0,Yuan Gao
A5020935970,1,4.0,0,Enrico Costanza
A5020944482,1,45.0,0,Borislav Klarin
A5020952435,11,517.0,3,Hamish Carr
A5020976385,2,134.0,0,Luciana Nedel
A5020979148,1,10.0,0,Marta Farré
A5020980773,2,54.0,0,Martin Skalej
A5020994170,1,15.0,0,Nicolas Soulié
A5021021454,2,175.0,0,Ying Tu
A5021034497,1,111.0,0,Ken Been
A5021098427,1,14.0,0,René Cutura
A5021101177,1,1.0,0,Ishwar Kulkarni
A5021101532,3,139.0,0,Rephael Wenger
A5021133981,1,1.0,0,G.w. Edgar
A5021139063,1,6.0,0,Michael Piatek
A5021174692,1,4.0,0,Jonathan R. Barnett
A5021217542,1,21.0,0,Louis C. Vroomen
A5021246811,2,22.0,0,Bowen Alpern
A5021257546,2,1007.0,0,Aude Oliva
A5021263036,2,117.0,0,Xinnan Du
A5021285117,1,12.0,0,Matt Whitlock
A5021291098,1,24.0,0,Andrew Solis
A5021313671,1,38.0,0,Rafael Henkin
A5021319515,1,6.0,0,William Wells
A5021334006,1,0.0,0,D.i. Abramov
A5021338280,1,8.0,0,E.b. Chlan
A5021345249,1,16.0,0,Douglas J. Cork
A5021356363,1,48.0,0,Robert Pienta
A5021357065,3,216.0,0,Lionel M. Ni
A5021359903,1,5.0,1,Luca Gianaroli
A5021363520,1,98.0,0,Hannah Pileggi
A5021363996,4,168.0,0,Jimmy Johansson
A5021369571,1,7.0,0,G.d. Kerlick
A5021386346,2,155.0,0,Sara Jones
A5021388582,1,14.0,0,Stephen M. Blackburn
A5021400464,1,17.0,0,Michael Gerald-yamasaki
A5021401483,1,28.0,0,S. Wang
A5021430711,1,255.0,0,Jamie Dyer
A5021431373,1,18.0,0,Torsten Straßer
A5021459249,1,6.0,0,P. Hogan
A5021497224,1,11.0,0,Huichen Will Wang
A5021529553,1,68.0,0,Masahiro Takatsuka
A5021536221,1,14.0,0,Cristina Morariu
A5021538869,1,13.0,0,James Scott-brown
A5021576702,1,6.0,0,Frédéric Lalanne
A5021577029,1,41.0,0,Joshua V. Dillon
A5021634649,2,418.0,0,S. Havre
A5021654098,1,26.0,0,Judith Muehl
A5021674827,1,2.0,1,Mieka West
A5021736279,1,8.0,0,T. Ertl
A5021746233,1,32.0,0,Yen-ting Kuan
A5021770726,4,311.0,0,Georges Grinstein
A5021808369,2,9.0,0,N. Zabusky
A5021850789,1,52.0,0,Hans‐ulrich Kauczor
A5021857730,1,6.0,0,M. E. Maltrud
A5021864808,1,9.0,0,Kurt Dejgaard
A5021879561,1,30.0,0,Khai N. Truong
A5021924764,5,267.0,0,Yanhong Wu
A5021951839,3,46.0,1,Leo Yu‐ho Lo
A5021984687,1,11.0,0,Michael Traoré
A5022006934,2,93.0,0,Guy Lebanon
A5022008321,1,5.0,0,Doanna Meads
A5022022242,11,146.0,3,Barbora Kozlíková
A5022029570,1,5.0,0,P.g. Swann
A5022034999,1,60.0,0,Jai Y. Yu
A5022037273,1,15.0,0,Philip K. Robertson
A5022108314,2,100.0,0,C. Rocchini
A5022153785,1,70.0,0,Mathieu Desbrun
A5022167754,2,39.0,0,Shigeru Muraki
A5022172511,1,9.0,0,Bill Lloyd
A5022178925,1,7.0,0,Zehua Zeng
A5022262779,1,8.0,1,Suzanna Maria Bonnet
A5022269237,2,28.0,0,Fernando F. Grinstein
A5022272584,1,12.0,0,L.l. Scarlatos
A5022287420,2,67.0,0,Kasper Dinkla
A5022294742,20,781.0,3,Ivan Viola
A5022302719,1,11.0,0,Kenneth A. Perrine
A5022317482,2,56.0,0,Martijn Tennekes
A5022325828,1,12.0,0,Kevin M. Beason
A5022329659,1,4.0,0,Matthias Miller
A5022341974,2,72.0,1,Emil Axelsson
A5022367904,1,11.0,0,Fariba Khan
A5022380691,2,41.0,0,Guido Tack
A5022402131,1,30.0,0,Jing Jin
A5022409031,1,33.0,0,Dave Murray-rust
A5022425320,1,7.0,0,Bernhard Eberhardt
A5022434539,1,2.0,0,B. Hamann
A5022440000,1,126.0,0,Jovan Popović
A5022443405,1,46.0,0,Fabio Sikansi
A5022467818,2,39.0,0,Ariel Shamir
A5022491430,3,158.0,0,C.t. Silva
A5022513507,1,1.0,0,Théo Jaunet
A5022536373,1,2.0,0,Steven Wood
A5022559447,1,6.0,0,Susanta Routray
A5022563775,1,1.0,0,Willem Jan Knibbe
A5022569906,1,10.0,0,J. Chen
A5022579345,1,11.0,0,Mengtian Guo
A5022585634,3,180.0,1,H. Ribičić
A5022614274,1,94.0,0,B. Moberts
A5022618145,2,65.0,0,David Koop
A5022625791,1,2.0,0,Mingzhe Li
A5022655122,1,0.0,0,Kristína Zákopčanová
A5022661649,1,12.0,0,Chuyi Zhao
A5022674514,1,28.0,0,Chufan Lai
A5022699013,16,1840.0,3,Gennady Andrienko
A5022770371,1,0.0,1,Timothy F. Brady
A5022783388,1,8.0,1,Annemieke Verbraeck
A5022812959,2,130.0,0,Francesca Samsel
A5022820798,1,3.0,1,Magnus Paulson Erga
A5022825349,1,67.0,0,Thomas Rydell
A5022892688,1,1.0,0,María Virginia Sabando
A5022894359,1,59.0,0,Robert A. Lafrance
A5022921031,1,25.0,0,Yaxing Wei
A5022944235,2,52.0,0,Richard Pusch
A5022951041,1,1.0,0,Alexander Mordvintsev
A5022956652,1,25.0,0,D.e. Huber
A5022982409,1,24.0,0,Judith Donath
A5023009584,1,0.0,0,Stephen Kasica
A5023018411,1,26.0,0,A.v. Vilanova Bartroli
A5023019850,1,29.0,0,Nathan Mays
A5023076293,1,96.0,0,Martin Tomitsch
A5023079701,1,59.0,0,Ulrike Pfeil
A5023096291,1,66.0,0,Moritz Ehlke
A5023104640,1,58.0,0,Steven Schlegel
A5023110492,3,243.0,0,Karsten Klein
A5023120167,1,119.0,0,Paul Burchard
A5023182432,1,51.0,0,Waldemar Celes
A5023194796,1,15.0,0,D.a. Lane
A5023208947,1,6.0,0,Steve Pieper
A5023230783,1,53.0,0,Christoph P. E. Zollikofer
A5023234129,1,198.0,1,Michael A. Michaux
A5023238630,1,3.0,0,Nicola Colaninno
A5023243503,1,6.0,0,M. E. Dieckmann
A5023270158,5,197.0,1,Azam Khan
A5023287214,2,58.0,0,Johan Redström
A5023297045,2,74.0,0,Éric Lecolinet
A5023318848,1,6.0,0,F. Gerritsen
A5023329722,1,47.0,0,F. Bendix
A5023335806,1,46.0,0,Felipe S.l.g. Duarte
A5023373846,1,114.0,1,Britta Weber
A5023392600,4,127.0,1,Theophanis Tsandilas
A5023421968,1,28.0,0,Hidenori Higashida
A5023433075,1,107.0,0,Henrik Korsgaard
A5023480113,1,15.0,0,J. Van Wijk
A5023487102,1,72.0,0,Kerry Rodden
A5023495279,1,206.0,0,Ramesh Raskar
A5023504536,1,0.0,0,E. Grosse
A5023510398,1,10.0,0,R.d. Bergeron
A5023511994,2,119.0,0,A. Johannes Pretorius
A5023536951,1,15.0,0,Rob Macleod
A5023541811,1,53.0,0,Bram Platel
A5023554677,1,3.0,0,Yash Prakash
A5023558209,8,270.0,0,Xinhuan Shu
A5023595353,2,15.0,0,Ming-hoe Kiu
A5023623172,3,97.0,0,Barrett Ens
A5023631793,5,113.0,0,Rainer Splechtna
A5023658866,1,70.0,0,Marco Jenny
A5023678337,1,15.0,0,A. Just
A5023685974,3,56.0,0,W. Freiler
A5023702983,1,25.0,0,Adam Bodnar
A5023711681,9,382.0,0,Frits H. Post
A5023736119,1,20.0,0,Edward J. Coyle
A5023762861,2,72.0,0,R.m. Rohrer
A5023806511,1,29.0,0,Wei Chen
A5023823294,1,29.0,0,Yumeng Hou
A5023825669,1,48.0,0,Acar Tamersoy
A5023826409,1,28.0,0,Tim Biedert
A5023834862,1,4.0,0,Alan M. Shih
A5023853044,1,34.0,0,Daniel Angus
A5023863402,1,3.0,1,Max Piochowiak
A5023868486,2,73.0,0,Anne Mai Wassermann
A5023881736,1,20.0,0,Srikanth Kandula
A5023888935,3,158.0,1,Yanna Lin
A5023925931,1,73.0,0,Anthony K. H. Tung
A5023931434,1,84.0,0,Katherine Mcdonough
A5023953972,1,2.0,1,Christian Frisson
A5023967912,1,7.0,0,H.-c. Hege
A5023994860,1,89.0,1,Youssef S. G. Nashed
A5024027818,1,14.0,0,Paola Parente
A5024030009,1,17.0,0,K. Mueller
A5024038761,1,0.0,0,Daham Kim
A5024055519,1,18.0,0,O.j. Espinosa
A5024059541,9,756.0,2,Panpan Xu
A5024074640,11,681.0,0,Alexandru Telea
A5024082845,1,5.0,0,Peter M. A. Van Ooijen
A5024107841,1,11.0,0,F. Schramm
A5024135995,2,70.0,0,I.w. Griffiths
A5024186179,1,15.0,0,Duong B. Nguyen
A5024197313,1,14.0,0,Martin Röhlig
A5024208170,1,0.0,0,A.j. Bladek
A5024222438,3,51.0,0,Thomas Baudel
A5024254029,1,19.0,0,Laurent Condat
A5024259010,2,101.0,0,Joel Daniels
A5024261564,1,21.0,0,Saeed Boorboor
A5024269875,1,39.0,0,Yahui Zhao
A5024270237,1,136.0,0,T.d. Wang
A5024274005,1,32.0,0,A. Frank
A5024280655,1,44.0,0,Rebecca Dreezer
A5024296783,1,26.0,0,Crystal Ju
A5024298278,1,4.0,0,Xiangmin Zhou
A5024303436,1,41.0,0,Florian Grassinger
A5024349334,6,290.0,1,Alexander Wiebel
A5024369374,1,19.0,0,Johannes Landstorfer
A5024374419,2,18.0,0,Ievgeniia Gutenko
A5024377336,4,180.0,1,Narges Mahyar
A5024378087,1,7.0,0,S. Bryson
A5024392920,1,36.0,1,Michael Marschollek
A5024409647,1,70.0,1,Ashley Rye Yauilla
A5024427655,2,226.0,0,Stéfan Müller Arisona
A5024451201,1,0.0,0,Fan Yang
A5024505700,1,209.0,0,Fosca Giannotti
A5024524412,2,16.0,0,Zhongsu Luo
A5024547678,1,59.0,0,B. R. Duffy
A5024565069,1,38.0,0,Marco Angelini
A5024566083,1,8.0,0,J. Winterkamp
A5024572030,1,142.0,1,Jerry Alan Fails
A5024575129,1,12.0,0,Guangchen Ruan
A5024587973,1,10.0,0,S. Bradshaw
A5024606205,7,603.0,0,Michael Garland
A5024608725,2,29.0,0,Sarang Lakare
A5024614585,4,126.0,0,Jonas Lukasczyk
A5024616528,1,11.0,0,Rajagopalan Srinivasan
A5024629459,1,64.0,0,A. L. Levin
A5024656281,2,105.0,0,A. Kaufman
A5024674943,1,13.0,0,Simon Sündermann
A5024680936,1,16.0,0,Howard D. Wactlar
A5024683903,3,18.0,0,Andreas Walch
A5024684220,1,19.0,0,Jorge Estrada
A5024698239,3,113.0,1,Ming-yuen Chan
A5024706967,2,200.0,0,Christian Rohrdantz
A5024713647,1,0.0,0,D.a. Prawel
A5024723024,1,4.0,0,T.j. Hallman
A5024742201,1,6.0,0,Yongqun He
A5024750744,2,46.0,0,Christian Tietjen
A5024759728,1,15.0,0,Okan Irfanoglu
A5024772683,1,5.0,0,Nicolas Kruchten
A5024793839,2,184.0,0,Jens Krüger
A5024801102,1,208.0,0,Margaret L. Satterthwaite
A5024808709,1,24.0,0,Ahmad Abusalah
A5024811084,1,12.0,0,Anthony S. Wexler
A5024828673,1,2.0,0,Roseann Bongiovanni
A5024853912,1,5.0,0,D.l. Brittain
A5024857997,2,87.0,0,Stefan Röttger
A5024860629,30,2025.0,6,Petra Isenberg
A5024876563,1,10.0,0,Victor M. Calo
A5024898168,2,321.0,1,Salvatore Rinzivillo
A5024942883,1,61.0,0,T. Kaseda
A5024958858,1,19.0,0,P Plath
A5024970295,1,44.0,0,Guozhong Zhuang
A5024974144,1,1.0,0,Dereth Drake
A5024988092,1,0.0,0,B.k. Choi
A5025010152,1,67.0,0,Kimani C. Toussaint
A5025011911,1,42.0,0,Xinhai Wei
A5025071606,2,40.0,0,Jacob Ritchie
A5025082043,2,118.0,0,Roy A. Ruddle
A5025089950,1,175.0,0,L. Tancau
A5025111807,1,1.0,0,R. Kulkarni
A5025118710,1,47.0,0,Jian–guang Lou
A5025147185,2,51.0,1,Christopher Morris
A5025152279,1,8.0,0,Sérgio M. Marques
A5025165533,1,62.0,0,Zhitao Hou
A5025188737,1,32.0,0,Yashwanthi Anand
A5025192930,1,2.0,0,A. Pommert
A5025194066,1,22.0,0,Zsolt Horváth
A5025200450,1,19.0,0,Guillaume Colin De Verdière
A5025243341,2,26.0,1,Qi Sun
A5025259879,1,335.0,0,Aditya Kalro
A5025269831,1,48.0,0,Christine Kha Tang
A5025279788,1,13.0,0,Feng Dong
A5025282221,1,162.0,0,Stephen C. Wehrend
A5025297422,5,814.0,0,Huub Van De Wetering
A5025307131,2,73.0,1,Wai Tong
A5025312015,5,77.0,1,Lukas Mroz
A5025331216,2,104.0,0,Margit Pohl
A5025332800,1,58.0,0,Corrado Calı
A5025335404,1,9.0,0,Yang Zhou
A5025345988,1,14.0,0,Július Parulek
A5025354167,1,20.0,0,Tamal K. Dey
A5025376488,2,40.0,0,Francine Chen
A5025397194,6,160.0,1,Alexander Böck
A5025399630,1,39.0,0,Christina Stoiber
A5025404277,1,16.0,0,Goethem Arthur Van
A5025409200,3,41.0,1,Racquel Fygenson
A5025416155,2,62.0,0,Vikram Aggarwal
A5025418746,1,3.0,0,Alexandra Friedrich
A5025425554,2,2.0,0,Günther Nürnberger
A5025431592,1,13.0,0,Jay Koven
A5025433401,1,3.0,0,W. Anderson
A5025447593,1,159.0,0,T. A. Lasinski
A5025485089,7,482.0,1,Won‐ki Jeong
A5025493812,1,0.0,0,R.e. Jennings
A5025506737,1,46.0,0,Gopal Pingali
A5025524753,1,41.0,0,C.j. Botha
A5025533535,1,134.0,0,Eric T. Ahrens
A5025567094,4,348.0,0,Ke Xu
A5025591478,1,21.0,0,Shreeraj Jadhav
A5025602204,1,32.0,1,Luhao Ge
A5025609991,1,52.0,0,Nicolas Ray
A5025616122,3,407.0,0,Thorsten May
A5025624671,1,53.0,0,Lin Yan
A5025635776,1,61.0,0,Eveline H. J. Mestrom
A5025645412,1,15.0,0,Don Bailey
A5025651670,1,5.0,0,Marilina Betrò
A5025653234,1,21.0,0,Susan M. Mniszewski
A5025659588,1,288.0,0,Aleks Aris
A5025660411,2,66.0,0,Patrick Köthur
A5025664174,1,1.0,0,Indranil Chakravarty
A5025675252,1,44.0,0,Tianyu Gu
A5025726915,1,39.0,0,Elke A. Rundensteiner
A5025754478,4,426.0,1,Mohammad Ghoniem
A5025762480,3,197.0,1,Tanja Blascheck
A5025784757,2,43.0,1,Hsiang‐yun Wu
A5025799993,4,143.0,0,Thomas Kapler
A5025899028,1,33.0,0,Benjamin J. Raphael
A5025926953,1,14.0,0,M. Korkusinski
A5025932358,1,4.0,0,M.m. Oliveira
A5025940312,1,41.0,0,Reinhard Sainitzer
A5025965660,1,38.0,0,Yuxuan Hou
A5025974897,1,6.0,0,J.j. Van Wijk
A5025997249,2,200.0,0,Liran Carmel
A5026009557,1,18.0,0,Kedar Shrikhande
A5026052680,1,28.0,0,Naren Ramakrishan
A5026059050,1,26.0,0,Qisen Yang
A5026074051,11,128.0,0,Eugene Zhang
A5026087865,1,6.0,0,Junyong Noh
A5026092541,2,44.0,0,Thomas Auzinger
A5026123984,1,5.0,0,C. Thornborrow
A5026127661,3,148.0,0,Haipeng Zeng
A5026168274,1,33.0,0,Ab Mosca
A5026169371,1,72.0,0,D. Sinclair
A5026171056,1,39.0,0,Tatiana Losev
A5026193206,3,38.0,0,Suphanut Jamonnak
A5026198819,1,11.0,0,Mitchell Gordon
A5026203914,1,16.0,0,Seungmin Jin
A5026211955,2,70.0,0,Xenophon Papademetris
A5026225197,1,4.0,0,W.e. Johnston
A5026243783,3,95.0,0,Jiang Wu
A5026249491,1,14.0,0,A. Vilanova Bartrolí
A5026258275,1,28.0,0,Jiaxin Bai
A5026296265,3,283.0,0,Matthias Kraus
A5026341297,1,10.0,0,Philip J. Kilner
A5026357260,5,78.0,1,Carsten Dachsbacher
A5026372666,1,3.0,0,J.l. Montine
A5026376235,9,333.0,0,Xiaojuan Ma
A5026380797,1,17.0,0,Xiaoran Yan
A5026383442,1,119.0,0,Kostiantyn Kucher
A5026391994,1,156.0,0,G. Cantareiro
A5026457914,1,7.0,0,E. Shoop
A5026497646,1,69.0,0,Dong-han Ham
A5026500248,1,8.0,0,Jens‐peter Kreiß
A5026533187,1,25.0,0,Jingshan Pan
A5026540573,1,0.0,0,Huisi Wu
A5026549128,2,155.0,0,Kristin Divis
A5026558668,1,16.0,0,Mark Sifer
A5026610704,1,34.0,0,Dominik Meyer
A5026632459,1,32.0,0,Woohyuk Choi
A5026652846,1,5.0,0,Konrad Schönborn
A5026657166,1,15.0,0,R. Westermann
A5026657654,2,54.0,0,David J. Cowperthwaite
A5026659841,1,353.0,1,Justine I. Blanford
A5026701284,1,7.0,0,Jonathan M. Scott
A5026701677,1,18.0,0,D. Bielser
A5026703356,1,168.0,0,Jim Jeffers
A5026742436,1,12.0,0,Rushil Anirudh
A5026778543,1,6.0,0,Wojciech Burakiewicz
A5026787396,1,37.0,0,Lihua Hao
A5026789962,3,379.0,1,Sebastian Gehrmann
A5026799813,23,1195.0,0,Ross Maciejewski
A5026801564,2,72.0,0,Alexandra La Cruz
A5026838436,1,2.0,1,Oliver Kreylos
A5026923999,2,56.0,0,Mourad Ouzzani
A5026932575,2,15.0,0,Naim Alper
A5026933325,1,7.0,0,Dogan Demir
A5026944579,2,5.0,0,C. Mandal
A5026961816,2,254.0,0,Harry Stavropoulos
A5026966155,1,2.0,0,Quanxue Guan
A5026971062,2,475.0,0,Alan Dix
A5026981652,1,18.0,0,B. Rosenburg
A5026986610,1,156.0,1,Priti Shah
A5026988709,1,10.0,0,O. Sadowsky
A5027006702,1,15.0,0,C.t. Silva
A5027008015,1,14.0,0,Daniel Shapiro
A5027014298,1,353.0,1,Anuj Jaiswal
A5027037970,1,14.0,0,Georg Meyer
A5027045308,2,31.0,0,Marie Desjardins
A5027046322,1,40.0,0,Douglas C. Montgomery
A5027064195,1,16.0,0,F. N. Alyea
A5027086575,1,0.0,0,D.g. Tilley
A5027113883,1,50.0,0,Lesley Brankin
A5027120705,2,75.0,0,Paola Magillo
A5027121558,1,6.0,0,Dirk Meetschen
A5027125468,2,79.0,0,Michael Riemer
A5027128729,1,22.0,0,Igor Guskov
A5027132236,1,134.0,0,Russell E. Jacobs
A5027138169,1,3.0,0,Konrad Polthier
A5027156356,1,36.0,1,Ute Schmid
A5027158215,1,20.0,0,Russell A. Lankenau
A5027219758,2,68.0,0,J. Allen Crow
A5027273230,1,155.0,0,Werner Stuetzle
A5027277768,1,11.0,0,F. Dierich
A5027284423,1,58.0,0,E. Jurrus
A5027308198,1,3.0,0,Andre Waschk
A5027313375,2,14.0,2,Xingdi Zhang
A5027313464,5,198.0,1,Joachim Giesen
A5027334086,1,8.0,0,Andrea Pinceti
A5027360301,1,53.0,0,Ellen Gasparovic
A5027360874,2,99.0,0,Çağatay Demiralp
A5027362873,1,12.0,0,C.t. Silva
A5027381129,1,7.0,0,Dong Feng
A5027385475,1,46.0,0,Frederik Seiffert
A5027402595,1,1.0,0,Sören Döring
A5027462416,2,99.0,1,Shamkant B. Navathe
A5027478975,1,30.0,0,T.s. Gieng
A5027513612,1,14.0,0,‪julia Docampo-sánchez‬
A5027522481,1,5.0,1,Rebecca Mackenzie
A5027526258,2,26.0,1,Iran R. Roman
A5027548665,2,147.0,0,Bongwon Suh
A5027557042,1,15.0,0,Artem R. Oganov
A5027583201,1,13.0,0,Raoul Hopf
A5027589311,1,107.0,0,Steven Houben
A5027616607,1,113.0,0,Xuedi Qin
A5027626829,1,29.0,0,Wei Wu
A5027659574,1,40.0,0,Si Qin
A5027671723,3,194.0,0,Kun Zhou
A5027673731,3,150.0,0,Alexander Rind
A5027686327,1,37.0,0,Jörg Peters
A5027744612,1,102.0,0,Insoo Woo
A5027783320,1,5.0,0,Junbong Jang
A5027812149,1,51.0,0,Simone Diniz Junqueira Barbosa
A5027836272,5,270.0,0,Marc Rautenhaus
A5027852213,5,108.0,0,Lars Linsen
A5027857474,1,1.0,0,J. X. Prochaska
A5027859763,1,8.0,0,Mehak Sachdeva
A5027862555,4,194.0,0,David Günther
A5027874724,1,32.0,0,Dana Higgins
A5027883388,1,2.0,0,T.m. Morrow
A5027901813,1,17.0,0,Runfei Li
A5027915931,1,12.0,0,Benno Stein
A5027918086,1,2.0,0,Jack Nichols
A5027927334,1,8.0,0,James J. O’brien
A5027930191,1,4.0,0,Zeyuan Huang
A5027968724,1,3.0,0,Dr Stephen Maxwell
A5027973658,1,276.0,1,José Alberto Cuminato
A5027987466,1,1.0,0,B.g. Wilde
A5027999909,1,20.0,0,Jennis Meyer‐spradow
A5028009047,1,170.0,0,Nicolas Riche
A5028012490,1,28.0,0,Michael Schäfers
A5028020405,1,83.0,0,V.w. Lee
A5028028246,4,45.0,0,Thomas Müller
A5028032741,1,53.0,0,Sunil Hadap
A5028035164,1,4.0,0,Sang-cheol Seok
A5028074195,2,44.0,0,Michael Griebel
A5028090225,1,16.0,0,Jordan Swartz
A5028105754,1,27.0,0,W.e. Lorensen
A5028110202,1,94.0,0,Yingchaojie Feng
A5028111343,3,103.0,0,Krishna Chaitanya Gurijala
A5028115021,1,8.0,0,A. Kaufman
A5028118323,3,146.0,0,Lyndsey Franklin
A5028120148,3,112.0,0,Dilip Mathew Thomas
A5028125399,7,707.0,0,Ed H.
A5028145840,1,5.0,0,Sepideh Chakaveh
A5028230846,1,503.0,0,Chongxuan Li
A5028237720,4,311.0,0,Teng‐yok Lee
A5028264773,1,61.0,1,Shaun D. Jackman
A5028265195,3,92.0,0,Andrea Unger
A5028328053,5,286.0,1,Alfie Abdul‐rahman
A5028354772,1,7.0,0,K.i. Joy
A5028355998,1,130.0,0,D. Selassie
A5028357447,4,288.0,1,John Riedl
A5028376903,1,111.0,0,Andrew Cunningham
A5028391969,2,30.0,0,John Kolojejchick
A5028406899,1,217.0,0,Piero Molino
A5028439227,2,90.0,0,Yinqi Sun
A5028447826,1,97.0,0,Nick Drew
A5028448267,1,11.0,0,David R. Karger
A5028448431,1,0.0,0,Sebastian Weiß
A5028461567,1,7.0,0,K. Koyamada
A5028506925,1,19.0,0,Liangge Hsu
A5028513822,4,626.0,2,Andreas Stoffel
A5028515568,2,6.0,0,M.j. Bailey
A5028521082,2,142.0,0,J.p.m. Hultquist
A5028521537,1,0.0,0,Hongyan Li
A5028521832,1,42.0,0,C. Silva
A5028529600,1,39.0,0,W. Brent Seales
A5028531367,4,144.0,0,David Rogers
A5028576402,1,7.0,0,M. Friedell
A5028583853,1,168.0,0,Johannes Günther
A5028626524,1,38.0,0,Paul Ning
A5028646122,2,89.0,0,Bryan Chan
A5028650489,1,10.0,0,Rumi Hiraga
A5028658741,1,30.0,0,Rishi Vanukuru
A5028659844,3,4.0,1,Mathieu Pont
A5028740118,1,62.0,0,David Sprague
A5028768474,1,28.0,0,Benjamin Mora
A5028781666,4,153.0,0,Mark W. Jones
A5028786756,1,47.0,0,Maxim Makhinya
A5028789964,1,9.0,0,Yuriy Brun
A5028792406,1,65.0,0,Tatiana Tekušová
A5028793315,1,169.0,0,Dimitris Mitsouras
A5028810096,1,10.0,0,H. Barbach
A5028841214,2,150.0,0,Simon Premože
A5028843823,1,217.0,0,Lezhi Li
A5028853183,1,23.0,0,Praveen Kumar Reddy Ojili
A5028868240,1,47.0,0,Philipp Schlegel
A5028885392,1,10.0,0,J.s. Rowlan
A5028885566,3,219.0,0,Tobias Höllerer
A5028906205,2,121.0,0,David F. Wiley
A5028908532,1,0.0,0,R. Kulkarni
A5028945768,1,18.0,0,Hansjörg Schmauder
A5028969710,1,103.0,0,Remo Burkhard
A5028974723,1,81.0,0,Reinhard Klein
A5028982390,3,139.0,0,David Kao
A5028995506,1,0.0,0,Lisanne V. Van Dijk
A5028998272,1,82.0,1,Shubham Mehta
A5029002380,1,96.0,0,Christoph Wimmer
A5029074262,1,8.0,0,Olav Lenz
A5029076777,2,51.0,0,Jörg Finger
A5029084614,2,84.0,0,Rick Walker
A5029090764,1,18.0,0,Guy-warwick Evans
A5029096599,1,22.0,0,John Crowe
A5029127355,1,5.0,0,P.c. Buijs
A5029161249,1,16.0,0,C. Williams
A5029166028,1,5.0,0,Marta Koć‐januchta
A5029171090,1,2.0,0,B. C. Kaplan
A5029173221,4,273.0,0,Davide Ceneda
A5029205068,1,50.0,0,Greg Banecki
A5029224773,1,50.0,0,Seymour Knowles-barley
A5029235009,2,111.0,0,João L. D. Comba
A5029283960,1,5.0,0,Allan R. Wilks
A5029293755,1,29.0,0,Heike Lorenz
A5029305643,1,3.0,0,J.j. Van Wijk
A5029317616,5,632.0,1,Jorge Poco
A5029336209,25,938.0,1,Gerik Scheuermann
A5029345382,2,33.0,1,Moqi He
A5029374376,2,141.0,0,Haim Levkowitz
A5029379745,1,39.0,0,Sagar Buch
A5029385029,1,5.0,0,D.a. Lane
A5029399661,2,160.0,0,Peihong Guo
A5029403462,1,0.0,0,Lisa M. Sobierajski
A5029417016,8,219.0,2,Lace Padilla
A5029437914,1,12.0,0,Simon Urbanek
A5029463759,2,141.0,0,Anthony J. Sherbondy
A5029476039,4,166.0,0,Alan H. Barr
A5029495631,2,52.0,0,Mitchell Chen
A5029499960,1,9.0,0,S. Ken
A5029506224,5,237.0,0,Yafeng Lu
A5029516239,1,95.0,0,Xin Li
A5029588473,1,75.0,0,Jundong Li
A5029613832,5,149.0,0,Frans M. Vos
A5029615266,1,31.0,0,S.m.f. Treavett
A5029621326,22,1422.0,1,Rüdiger Westermann
A5029628813,1,79.0,0,Erdem Kaya
A5029654352,1,6.0,0,Behrooz Kamgar-parsi
A5029660064,1,14.0,0,Dennis Jen
A5029714731,1,1.0,0,Jeffrey Riedmiller
A5029758092,1,1.0,0,Ouxun Jiang
A5029771386,1,122.0,0,Jorge Wagner
A5029790391,1,6.0,0,Chunggi Lee
A5029812935,1,24.0,0,Ethan Perry
A5029815396,20,736.0,3,Fanny Chevalier
A5029818256,9,501.0,0,Helmut Doleisch
A5029839417,1,36.0,0,Christoph Schär
A5029864677,3,206.0,0,Jeff Klingner
A5029865870,1,134.0,1,P.j. Stroffolino
A5029891014,1,37.0,0,Eileen Vote
A5029924721,2,208.0,0,Bireswar Laha
A5029956777,2,47.0,0,Wim C. De Leeuw
A5029960085,1,0.0,0,B.f. Kim
A5030043185,1,9.0,0,Bob Baddeley
A5030050956,1,41.0,0,Todd Plessel
A5030062789,1,13.0,0,R.v. Klassen
A5030066648,7,454.0,0,Jens Schneider
A5030083928,1,3.0,0,M. Mckenna
A5030084361,10,1164.0,1,Catherine Plaisant
A5030102646,1,57.0,0,James D. Weber
A5030139366,8,452.0,1,W. J. Schroeder
A5030146315,1,2.0,0,Zoltan Maliga
A5030148225,3,79.0,0,Luke S. Snyder
A5030165309,1,46.0,0,Francisco M. Fatore
A5030169430,1,18.0,0,John E. West
A5030179454,19,981.0,1,David H. Laidlaw
A5030187840,2,99.0,0,Jim Davies
A5030208731,1,14.0,0,Dieter Hönigmann
A5030219659,2,89.0,1,Steve Bryson
A5030234652,1,8.0,0,Jiafa Qin
A5030239592,1,16.0,0,Chuan Bu
A5030265440,1,17.0,0,A. Pernicks
A5030293383,3,131.0,0,Oliver Beuing
A5030293804,5,133.0,1,Maoyuan Sun
A5030329460,2,19.0,0,Minjeong Shin
A5030334093,2,85.0,0,B. Heckel
A5030346871,1,6.0,0,Anna Eschenbacher
A5030359278,1,2.0,1,Filip Opálený
A5030373337,1,0.0,0,Scott Klasky
A5030384394,13,669.0,0,Pak Chung Wong
A5030429587,1,3.0,0,Jinlu Yu
A5030439152,12,684.0,1,Ronald Peikert
A5030467884,1,69.0,0,Bill Fenner
A5030485512,2,198.0,0,Paul Navrátil
A5030558597,1,0.0,0,Carmen Hull
A5030567814,1,10.0,0,Majid Behravan
A5030586741,1,37.0,0,Jason F. Shepherd
A5030588495,1,5.0,0,A.e. Visser
A5030604423,1,11.0,0,Jin Chai
A5030624924,1,22.0,0,David Fyfe
A5030626594,1,63.0,0,Angela H. Depace
A5030674376,1,18.0,0,Doug Kimelman
A5030681323,2,42.0,0,Rostislav Khlebnikov
A5030688487,2,26.0,1,Erik C. Nisbet
A5030703335,18,369.0,0,Andrew J. Hanson
A5030705917,1,39.0,0,Bridget Moynihan
A5030710520,1,32.0,0,Mayya Komisarchik
A5030758481,1,1.0,0,Austin H. Patton
A5030815730,1,15.0,0,Martin Brady
A5030816529,1,6.0,0,Loann Giovannangeli
A5030823954,5,296.0,0,David Ellsworth
A5030844022,1,6.0,0,Hyunggoog Seo
A5030890781,5,148.0,0,Jürgen Waser
A5030896164,6,307.0,0,Chandrajit Bajaj
A5030897241,1,12.0,0,Jacques Élion
A5030913654,1,0.0,0,Robert Barnes
A5030916818,2,6.0,1,Astrid Van Den Brandt
A5030947682,1,4.0,0,Paul Van Der Corput
A5030947996,1,17.0,0,R.j. Moorhead
A5030963153,1,46.0,0,Russell S. Harmon
A5030967328,1,36.0,0,John Reppy
A5030968176,1,14.0,0,Frank Krüger
A5030975812,3,106.0,0,Mueller Klaus
A5031005751,1,45.0,0,Guia Gali
A5031011577,1,8.0,0,Richard B. Mitchell
A5031014013,1,30.0,0,Kenichi Yoshida
A5031027560,1,25.0,0,Nathan Gossett
A5031030297,1,11.0,0,Pasindu Tennakoon
A5031038591,1,0.0,0,C. Small
A5031047896,1,27.0,0,Vinod Anupam
A5031054371,1,3.0,0,Ben Swallow
A5031057530,15,3030.0,5,Alexander Lex
A5031059601,3,82.0,1,Jen‐ping Chen
A5031082206,4,273.0,0,Tai‐quan Peng
A5031117535,7,473.0,1,Yarden Livnat
A5031138186,3,72.0,1,David Kouřil
A5031152171,1,4.0,0,D.w. Robertson
A5031154480,1,8.0,1,Di Yang
A5031166875,1,25.0,0,Wolfgang Kienreich
A5031175155,2,2.0,1,Dawar Khan
A5031186288,1,57.0,0,Thomas J. Overbye
A5031195074,1,8.0,0,F. Grave
A5031218830,3,384.0,0,Mahsa Mirzargar
A5031222275,2,92.0,0,Gokul Varadhan
A5031223627,1,1.0,0,P. Hsu
A5031236945,1,51.0,0,Denis Kalkofen
A5031246877,2,10.0,0,Andrew H. Stevens
A5031259393,1,22.0,0,J. F. Bingert
A5031288407,1,28.0,0,Krishna M. Roskin
A5031297466,3,45.0,1,João Rulff
A5031309249,1,206.0,0,Ben Scales
A5031309490,6,170.0,0,Peter Hastreiter
A5031353585,2,8.0,1,Florian Wetzels
A5031355567,1,591.0,0,Mark Miller
A5031398497,2,26.0,1,Juan Pablo Bello
A5031400973,1,24.0,0,Johanna D. Moore
A5031430479,1,32.0,0,Rimma V. Nehme
A5031431096,1,33.0,0,Trevor M. O’brien
A5031432252,1,15.0,0,Allen Van Gelder
A5031483176,2,6.0,1,Huyen N. Nguyen
A5031490866,4,580.0,1,C. Montani
A5031490906,2,20.0,0,Yiwen Zhong
A5031512976,1,2.0,0,J. Hahn
A5031570473,10,405.0,0,Robert S. Laramee
A5031580177,2,13.0,0,R.d. Bergeron
A5031596501,9,285.0,0,Rita Borgo
A5031598846,2,59.0,0,Carlos A. Dietrich
A5031659894,4,233.0,0,Lujin Wang
A5031667471,1,12.0,0,D. Zorin
A5031672248,1,154.0,1,Steve Marschner
A5031718735,1,27.0,0,Zvi Polunsky
A5031783624,1,27.0,0,D.s. Fussell
A5031784602,1,6.0,1,Huawei Zheng
A5031873697,1,37.0,0,Jay Summet
A5031874754,1,0.0,0,Marko Řeháček
A5031886887,2,25.0,0,Hai‐ning Liang
A5031905656,1,36.0,0,Nikolina Ban
A5031951061,1,278.0,0,Paulo Rauber
A5031972964,1,84.0,0,Nina Amenta
A5031976982,1,6.0,0,M. Jakab
A5031984771,1,68.0,0,Peter Djeu
A5031995008,1,81.0,1,Haojin Jiang
A5032013640,2,204.0,0,Xinyue Xu
A5032025029,6,241.0,0,T. J. Jankun-kelly
A5032045555,1,11.0,0,Luis E. C. Rocha
A5032108833,1,16.0,0,Jiayi Zhou
A5032110952,1,67.0,0,John G. Hardy
A5032113086,2,76.0,0,Martin Hering‐bertram
A5032121234,1,56.0,0,Dan Goldwasser
A5032157145,1,35.0,0,Betul Salman
A5032164035,1,32.0,0,Yue Lin
A5032170599,1,591.0,0,Murray Wolinsky
A5032186518,1,35.0,0,Vladimír Pekar
A5032237649,1,28.0,0,Yiyang Tang
A5032260069,1,11.0,0,Niklas Röber
A5032271246,1,33.0,0,Dustin Scheinost
A5032280607,3,143.0,0,Tommy Dang
A5032301842,2,91.0,0,Oliver Staadt
A5032305401,18,1810.0,4,Pierre Dragicevic
A5032314866,1,6.0,0,Sophie Pallanck
A5032423369,1,4.0,0,Monroe Stephenson
A5032428632,1,21.0,0,Xue Wu
A5032431005,1,58.0,0,Jiaojiao Ma
A5032433963,3,237.0,0,Jörn Kohlhammer
A5032454429,1,8.0,0,C. Zahn
A5032473237,4,20.0,1,Peter Butcher
A5032486279,1,82.0,1,Atharva Kulkarni
A5032497881,1,2.0,0,B.k. Christensen
A5032501372,2,77.0,0,Jeremy Walton
A5032506972,1,74.0,0,Kyeongpil Kang
A5032508993,1,70.0,0,Ellen K. Longmire
A5032569518,1,18.0,0,Akhilesh Camisetty
A5032571773,2,27.0,0,Fengyuan Tian
A5032576857,1,25.0,0,David Schroh
A5032597626,1,77.0,0,Cheng‐kai Chen
A5032598257,5,25.0,1,Ghulam Jilani Quadri
A5032629207,2,58.0,0,Yasmin Reyazuddin
A5032674263,1,72.0,0,Thomas Reinhardt
A5032675715,1,89.0,0,Christian Hansen
A5032676799,5,136.0,0,Markus Bögl
A5032693567,1,3.0,0,Ahsan Qamar
A5032694211,15,1140.0,1,Jing Yang
A5032698492,1,53.0,0,Colin N. Dewey
A5032708386,2,39.0,0,Pheng‐ann Heng
A5032760251,1,13.0,0,Hai Lin
A5032804052,1,81.0,0,Jörg-stefan Praßni
A5032806988,1,8.0,0,D. Weiskopf
A5032840693,1,12.0,0,Hui Ma
A5032861992,1,199.0,0,Sidney A. Morris
A5032871072,1,119.0,0,Nava Zokaei
A5032889367,1,6.0,0,Guillaume Caumon
A5032911677,1,33.0,0,Eva Schuberth
A5032912229,1,5.0,0,C. Faigle
A5032952309,1,63.0,0,Hilko Cords
A5032960364,1,16.0,0,Thomas Kindler
A5032979919,1,16.0,0,Frank Staals
A5032984381,1,40.0,0,D. Foerster
A5032999390,1,28.0,0,Atsumi Imamiya
A5033005087,1,0.0,0,Christoph Muehlmann
A5033016473,1,3.0,0,Insung Ihm
A5033076979,14,1108.0,0,Markus Groß
A5033107604,3,71.0,0,Benjamin Schindler
A5033119598,2,37.0,0,Prithiviraj K. Muthumanickam
A5033123604,1,1.0,1,Bon Adriel Aseniero
A5033132966,1,27.0,0,Sebastian Baltes
A5033144420,1,13.0,0,Alvin Law
A5033174228,1,135.0,0,Lei Fang
A5033204089,1,5.0,0,J. Locherbach
A5033233979,1,4.0,0,J.p. Ziebarth
A5033260752,1,0.0,0,T.a. Wagner
A5033303417,1,16.0,0,María Florencia Gargiulo
A5033303585,1,41.0,0,Marc Antonijuan
A5033315494,1,1.0,0,Vitória Guardieiro
A5033319838,1,4.0,0,J.w. Durkin
A5033325324,1,20.0,0,Simon Butscher
A5033394104,2,56.0,0,J. Jegorovs
A5033419561,1,70.0,0,Chris M. Wood
A5033421842,2,37.0,0,Christoph Peters
A5033425538,1,65.0,0,Mingqian Zhao
A5033429280,2,40.0,0,Jacqueline H. Chen
A5033474694,1,25.0,0,Werner Klieber
A5033491632,1,37.0,0,Christopher K. Breuer
A5033493878,1,96.0,0,Fidelia Ibekwe-sanjuan
A5033502364,1,5.0,0,Timothy E. Goldsmith
A5033503333,1,10.0,0,Gregory Guterman
A5033509167,1,28.0,0,Daniel Orban
A5033571530,1,46.0,0,Peter Rander
A5033612572,1,21.0,0,Einar Heiberg
A5033627353,1,5.0,0,Manish Singhal
A5033639139,1,68.0,0,Tim Althoff
A5033663315,1,22.0,0,Feng Wang
A5033721445,1,67.0,0,Jason Alexander
A5033746662,3,70.0,0,Shichao Jia
A5033801646,9,329.0,0,Harish Doraiswamy
A5033824612,1,9.0,0,C. Beshers
A5033833921,1,5.0,0,Paulo J. S. Silva
A5033840361,1,89.0,0,Volker Dicken
A5033859339,1,16.0,0,Shane Ahern
A5033866336,2,18.0,0,Smiti Kaul
A5033870450,1,82.0,0,Isaac Brewer
A5033880198,2,56.0,0,Jan Möhring
A5033881178,2,17.0,0,Pei Heng
A5033893131,1,10.0,0,Michael G. Surette
A5033907382,1,6.0,0,S. Nations
A5033912951,2,151.0,1,Ahmed Saad
A5033915638,2,32.0,0,Dylan Cashman
A5033915778,4,488.0,2,Stef Van Den Elzen
A5033922620,1,47.0,0,Gareth Dylan Smith
A5033949117,1,41.0,0,Wolfgang Herzner
A5033951918,1,36.0,0,Yutaka Matsushita
A5033953993,7,416.0,0,Stephen C. North
A5033982024,1,12.0,0,James R. Matey
A5033987709,8,447.0,0,Aaron Knoll
A5033988623,1,123.0,0,Alexander Erath
A5033997618,1,100.0,0,Robin Valenza
A5034015949,1,7.0,0,H. Ruder
A5034040010,2,379.0,0,Leishi Zhang
A5034057959,1,9.0,0,Shing-chi Cheung
A5034070218,1,67.0,0,James Allan
A5034088838,1,39.0,0,Xiangyang Wu
A5034115460,1,67.0,0,Alistair D. M. Dove
A5034116814,1,9.0,0,Rezaei Tohid
A5034150082,3,23.0,0,Carolina Nobre
A5034209052,1,0.0,0,Benjamin Niedermann
A5034214530,4,214.0,0,Nicola Pezzotti
A5034216581,1,134.0,0,David Kremers
A5034249691,1,264.0,1,Jamie O’brien
A5034265732,1,57.0,0,A. Mackay-brandt
A5034277129,1,4.0,0,Noah Syroid
A5034277315,34,1949.0,2,Niklas Elmqvist
A5034283634,1,67.0,0,Bret Jackson
A5034300560,2,11.0,0,Sanghun Park
A5034304352,4,73.0,0,Hui Huang
A5034313249,1,62.0,0,Fuqu Wu
A5034329650,1,103.0,0,Danny Dorling
A5034349335,1,30.0,0,Stephen Barrass
A5034354413,1,12.0,0,B. K. Spears
A5034370661,1,14.0,1,Yongkang Xiao
A5034377613,1,107.0,0,Carl‐fredrik Westin
A5034425070,1,24.0,0,Seth Johnson
A5034445169,1,69.0,0,Ulrike Kister
A5034473228,1,20.0,0,Avin Pattath
A5034485452,1,2.0,1,Ciril Bohak
A5034541117,2,79.0,0,Alexander Kumpf
A5034541446,1,39.0,0,Mandy Keck
A5034551531,1,3.0,0,Michael Ankele
A5034588872,1,0.0,0,G. Medioni
A5034592842,1,25.0,0,Sumeet Tandon
A5034622258,1,296.0,0,Edward Choi
A5034656506,1,18.0,0,Silvia Fademrecht
A5034666613,1,2.0,0,Connor Wilson
A5034670941,4,402.0,0,James Eagan
A5034680150,1,12.0,0,Wendy E. Mackay
A5034698887,2,233.0,0,Miquel Feixas
A5034699298,19,781.0,0,Bernhard Preim
A5034723250,3,21.0,0,Ken Museth
A5034747934,1,30.0,0,Winter Wei
A5034754633,1,144.0,1,Ravi Ramamoorthi
A5034772037,1,88.0,0,Lejun Shen
A5034781038,1,1.0,0,Elizabeth Nanthakumar
A5034785989,2,35.0,0,Z. Konyha
A5034806125,2,28.0,0,Mark Whiting
A5034814164,4,42.0,0,Markus Wallinger
A5034823616,1,14.0,0,Qiong Luo
A5034823980,1,39.0,0,Jing Ma
A5034827759,1,174.0,0,Xiaoli Qiao
A5034830550,1,5.0,0,R.a. Becker
A5034838576,1,20.0,0,Cristina Nita-rotaru
A5034840018,1,3.0,0,K. Reichenberger
A5034842879,6,391.0,0,Fred Hohman
A5034874196,1,60.0,0,Guilherme P. Telles
A5034939720,1,46.0,0,Agata Opalach
A5034961352,1,74.0,0,Wolfram Von Funck
A5034961780,1,49.0,0,Zhenmin Peng
A5034972111,1,15.0,0,Edyta P. Bogucka
A5034972336,1,6.0,0,G. Ligierko
A5034986549,1,68.0,0,Kelly M. T. Huffer
A5034989458,2,308.0,1,Amy Karlson
A5035009196,1,36.0,0,Vivian Trakinski
A5035024174,1,84.0,0,Mathias Kanzler
A5035034341,1,2.0,0,K.n. Vidimce
A5035051008,1,134.0,0,Benjamin Eysenbach
A5035052603,5,197.0,0,Naren Ramakrishnan
A5035067971,2,114.0,1,Nicole Jardine
A5035069592,1,11.0,0,Eirik Bakke
A5035080566,2,42.0,0,Bo Dong
A5035096541,2,38.0,0,John Keyser
A5035109799,1,105.0,0,Francis P. Boscoe
A5035145111,1,24.0,0,J. Durbin
A5035158211,1,113.0,0,Daniel Robbins
A5035169954,3,92.0,0,Klaus Engel
A5035190699,1,1.0,0,Y. Fang
A5035198129,1,10.0,0,Nicolas Brich
A5035201965,2,38.0,0,David Mayerich
A5035221985,2,9.0,0,Dirc Rose
A5035230084,2,19.0,0,Pernette J. Verschure
A5035236941,1,4.0,0,Yifan Cao
A5035239209,1,18.0,0,M. R. Falvo
A5035258949,1,9.0,0,S. Feiner
A5035284207,1,36.0,1,Ido Guy
A5035290663,1,37.0,0,Sean Ho
A5035319717,1,20.0,0,Sarkis Halladjian
A5035324384,1,82.0,0,Heba A. Abdo
A5035326241,1,35.0,0,Amy A. Gooch
A5035328975,1,3.0,0,Harald Steinlechner
A5035347745,1,24.0,0,Egemen Tanin
A5035397707,2,13.0,0,Nils Rodrigues
A5035404506,2,5.0,0,Shyh‐kuang Ueng
A5035416919,1,6.0,0,Tobias Czauderna
A5035433555,1,47.0,0,R. Grosso
A5035437939,1,19.0,0,Dustin Arendt
A5035443322,5,197.0,1,Michael Glueck
A5035456721,1,0.0,0,H. G. Mitchell
A5035473399,1,37.0,0,Janine Camille Bennett
A5035485219,1,19.0,0,Vlado Kešelj
A5035492125,1,8.0,0,Ignacio Pérez-messina
A5035507554,1,4.0,0,Yuheng Zhao
A5035530630,1,0.0,0,Soumya Dutta
A5035548763,2,8.0,0,Dru Clark
A5035560166,1,68.0,0,Ye Xi
A5035560254,2,36.0,0,André Guéziec
A5035605036,1,5.0,1,Christos Faloutsos
A5035642992,1,29.0,0,Franz Sauer
A5035648097,1,9.0,1,Ingrid Zukerman
A5035655126,1,21.0,0,Lorna W. Role
A5035687843,4,96.0,1,Meng Xia
A5035745117,1,1.0,0,Elisha Sacks
A5035785066,3,51.0,0,D. S. Thompson
A5035785661,1,16.0,0,J. Timlin
A5035793070,1,6.0,0,A. Wallcraft
A5035828571,1,22.0,0,Camelia Daniela Brumar
A5035834003,1,55.0,0,Mark R. Wax
A5035842819,1,45.0,0,Changgong Zhang
A5035843473,1,134.0,1,C. Dunmire
A5035885351,1,8.0,0,Rico Richter
A5035894778,1,100.0,0,Daniel Afergan
A5035925808,1,8.0,0,Regine Frank
A5035945344,1,15.0,0,Márcio Roberto Silva Corrêa
A5035953953,2,58.0,0,Staffan Björk
A5035982870,2,517.0,0,Alper Sarıkaya
A5035997603,19,1354.0,3,Carlos Scheidegger
A5036028449,1,8.0,0,Jorge Luis Williams
A5036044415,1,6.0,0,P. Flynn
A5036061766,1,14.0,0,Udo Adamy
A5036072031,1,0.0,0,W.m. Shackelford
A5036072216,3,228.0,0,He Huang
A5036077882,1,142.0,1,Layla Shahamat
A5036084788,1,20.0,0,Zeng Dai
A5036099845,2,71.0,0,Xian Xu
A5036108100,1,48.0,0,George Drettakis
A5036115482,1,1.0,0,Shanaz Y. Mistry
A5036120336,3,71.0,1,Roque López
A5036139759,1,19.0,0,Peter Xenopoulos
A5036142396,1,85.0,0,Jean‐philip Piquemal
A5036143215,1,46.0,0,B. A. Harmon
A5036159118,9,94.0,1,Paul Rosen
A5036177770,1,5.0,0,Wanna Luan
A5036187752,1,16.0,0,A. Stompel
A5036222351,1,18.0,0,Ilari Shafer
A5036222891,1,3.0,0,A. Gubin
A5036235980,2,46.0,0,Christian Luksch
A5036242744,1,22.0,0,Kaden R. A. Hazzard
A5036254311,2,45.0,0,Christophe Mion
A5036300289,10,1082.0,0,Michael Correll
A5036300670,1,497.0,0,Leif Kobbelt
A5036303821,1,40.0,1,Maik Schulze
A5036325519,1,4.0,0,Marco Cavallo
A5036469216,6,328.0,1,Jane Hoffswell
A5036489223,27,1057.0,1,Oliver Deußen
A5036502813,2,304.0,0,Nilaksh Das
A5036516049,1,37.0,0,Urška Cvek
A5036518572,1,18.0,0,Gerome Miklau
A5036528208,2,11.0,1,Julian Thijssen
A5036545001,2,104.0,0,Gunther Heidemann
A5036555199,1,59.0,0,Xiaoru Lin
A5036565819,1,5.0,0,Chaozu Zhang
A5036569970,1,264.0,1,Daniel Swingley
A5036572194,2,243.0,0,Dik Lun Lee
A5036574896,1,0.0,0,G. Wiese
A5036615525,1,39.0,0,Thomas Wischgoll
A5036617553,1,1.0,0,E.e. Falco
A5036650002,2,48.0,0,Douglas D. Davis
A5036678816,1,246.0,0,Stefan Berchtold
A5036688260,6,530.0,0,Daniel Cohen‐or
A5036714503,1,16.0,0,Aakash Goel
A5036719171,1,21.0,0,Marc-antoine Parent
A5036723560,1,140.0,0,Chao Han
A5036729475,2,204.0,0,Fuling Sun
A5036750358,1,25.0,0,Christopher R. Schwalm
A5036757793,1,11.0,0,John J. Baglino
A5036762116,1,108.0,0,Jacky Yuan
A5036775360,1,44.0,0,Stephan Rosswog
A5036782759,1,31.0,0,Zhaosong Huang
A5036789951,1,12.0,0,Brian C. Van Essen
A5036806136,4,104.0,0,David A. Lane
A5036872754,3,345.0,0,Jeremy Boy
A5036885344,1,48.0,1,L.k. Forssell
A5036885836,1,59.0,0,Sadia Rubab
A5036915550,1,70.0,0,Benjavan Upatising
A5036918540,1,5.0,0,D. Becher
A5036987560,1,356.0,1,Roland Fernandez
A5036990371,1,0.0,0,Vanessa Portero Fernández
A5037010935,1,5.0,0,Udo Zlender
A5037020023,1,76.0,0,Martin J. Eppler
A5037053327,1,1241.0,1,Edward Segel
A5037057446,1,6.0,0,D.e. Breen
A5037085696,1,310.0,1,Halden Lin
A5037106751,1,16.0,0,Yong Zhou
A5037110552,23,2649.0,2,Michael Sedlmair
A5037132971,1,101.0,0,Karl Kashofer
A5037140526,3,299.0,0,Yves Chiricota
A5037161857,63,2626.0,3,Kwan‐liu Ma
A5037162594,4,182.0,0,Yixuan Zhang
A5037170665,2,9.0,0,D. Silver
A5037174849,1,19.0,0,Frank Bossen
A5037200145,1,6.0,0,Marc Najork
A5037207779,2,120.0,0,Jeromy Carrière
A5037213900,1,1.0,0,B. Yamron
A5037226596,1,89.0,0,Jie Gao
A5037234614,1,6.0,0,Ziqin Luo
A5037287342,1,13.0,0,Hossein Siadati
A5037329012,1,203.0,0,Keith Clarke
A5037361121,1,15.0,0,Y. Abdrazakov
A5037387341,1,73.0,0,Joseph A. Konstan
A5037414175,1,39.0,0,Zachary Gaston
A5037451153,1,58.0,0,Pierre J. Magistretti
A5037482596,2,57.0,0,Daniel Acevedo
A5037488031,2,84.0,0,Frank Enders
A5037495122,5,211.0,1,Jeff W. Lichtman
A5037522383,1,81.0,1,Yitao Wu
A5037546466,1,1.0,0,Philippe Blanchard
A5037557529,1,18.0,0,Gregory R. Ganger
A5037565801,1,1.0,0,J. Wejchert
A5037571749,4,126.0,0,Stefan Jänicke
A5037572274,1,37.0,0,Charles Meneveau
A5037578563,3,216.0,1,Thomas Torsney-weir
A5037582388,1,15.0,0,Q. Zhang
A5037585630,1,53.0,0,Danielle Albers
A5037585757,1,14.0,0,D. Dooley
A5037648163,1,68.0,0,Mingze Ma
A5037675411,23,1103.0,0,Chris North
A5037678012,1,19.0,0,K. Museth
A5037687998,1,15.0,0,Xiao Li Qiao
A5037696368,1,0.0,0,William Horn
A5037700111,1,5.0,0,Jean‐jacques Hublin
A5037702709,1,26.0,0,François Guimbretière
A5037704134,1,324.0,1,Doug Fritz
A5037711609,2,51.0,0,Rebecca Faust
A5037765669,5,155.0,1,Dirk Bartz
A5037788925,1,13.0,0,Ling Li
A5037803556,1,62.0,0,Caitlin Gutheil
A5037840720,1,32.0,0,Kylie Lin
A5037842761,1,63.0,1,Payal Chandak
A5037866250,1,6.0,0,Qian Zhu
A5037889170,1,42.0,0,Jonathan Komperda
A5037890696,1,64.0,0,Mark Woodward
A5037903144,1,18.0,0,N. Walker
A5037976392,2,33.0,0,Reinhard Klein
A5037990016,1,62.0,0,Johannes Kuntner
A5038006548,1,20.0,0,Saijun Wang
A5038011119,1,53.0,0,Tianyi Lao
A5038023755,2,30.0,0,Alexis Pister
A5038025289,1,18.0,0,Prasenjit Mitra
A5038027438,4,88.0,1,Fritz Lekschas
A5038032626,1,23.0,0,Ian T. Ruginski
A5038034454,1,36.0,1,Alexander H. Dalpke
A5038043083,1,15.0,0,Sanja Šćepanović
A5038058828,2,47.0,0,Martin Falk
A5038061388,1,98.0,0,Jared Hoberock
A5038083385,1,52.0,0,Bruno Vallet
A5038096249,2,443.0,1,Robert E. Roth
A5038105931,1,55.0,0,Markus Sonntag
A5038106228,1,4.0,1,Robert L. Judson‐torres
A5038199169,1,39.0,0,K. Riley
A5038204892,2,165.0,1,Ralph F. Fuchs
A5038259784,1,8.0,0,G. Schussman
A5038280012,1,3.0,0,S. Kuschfeldt
A5038282791,1,8.0,0,E. Zhang
A5038299474,2,219.0,0,Roeland Scheepens
A5038304753,1,31.0,0,Scott Butner
A5038331765,1,5.0,1,Catalina Vajiac
A5038334907,2,103.0,0,Nancy Collins
A5038358235,1,2.0,0,Mandar Sharma
A5038377581,1,28.0,0,Jerome Salem
A5038378351,1,49.0,0,Mustafa Bilgic
A5038384093,2,79.0,0,Qingyang Xu
A5038395206,3,274.0,0,Josua Krause
A5038405087,2,84.0,0,X. Wang
A5038419345,1,44.0,0,James A. Sethian
A5038443740,1,48.0,0,Ray Juang
A5038464567,2,141.0,0,H. Pfister
A5038470265,1,50.0,0,J. Gjelberg
A5038482291,1,29.0,0,David S. Ebertk
A5038523801,1,98.0,0,Rohit Ashok Khot
A5038561492,2,86.0,0,Alistair Morrison
A5038564903,3,101.0,0,Shuainan Ye
A5038566732,1,57.0,0,Won-dong Jang
A5038584803,1,70.0,0,Zoë J. Wood
A5038588052,2,104.0,0,Markus Höferlin
A5038620625,1,492.0,0,Kai-lun Chung
A5038629539,45,2089.0,4,Thomas Ertl
A5038632839,1,10.0,1,Thomas Kroes
A5038635168,2,60.0,0,Denis Lalanne
A5038655759,1,29.0,0,Giuseppe Di Battista
A5038669787,1,12.0,0,Oinghua Zheng
A5038683560,2,9.0,0,Zhifan Zhu
A5038688177,1,217.0,0,Funda Kivran-swaine
A5038705854,6,1160.0,1,Dominik Sacha
A5038750002,1,5.0,0,Jun Tao
A5038771285,1,32.0,0,Finale Doshi‐velez
A5038775008,27,3136.0,3,Shi‐xia Liu
A5038782529,1,18.0,0,Xumeng Wang
A5038789350,2,129.0,0,Tom Polk
A5038794027,1,137.0,0,Natalia Konevtsova
A5038798411,1,10.0,0,Sanaz Golbabaei
A5038821837,1,15.0,0,Vadim Slavin
A5038827689,1,87.0,0,Zac Lucarelli
A5038844127,1,17.0,0,Jiehui Zhou
A5038844202,2,49.0,0,Donna J. Peuquet
A5038872222,1,107.0,0,Tobias Skog
A5038905934,1,263.0,0,Margaret‐anne Storey
A5038943746,26,1449.0,2,Xiaoru Yuan
A5038954689,1,16.0,0,John Rasure
A5038957718,1,9.0,0,Minh Hoai
A5038994213,1,90.0,0,Peter J. Basser
A5038998698,5,90.0,0,Jihad El‐sana
A5039024869,1,46.0,0,Mark Chignell
A5039027489,2,133.0,0,G. Scheuermann
A5039062710,1,3.0,0,Ryan Mckendrick
A5039063170,1,50.0,0,David Glickenstein
A5039074661,1,23.0,0,C. North
A5039117244,1,25.0,0,Hans Hasse
A5039118804,2,8.0,1,Alexandra Zytek
A5039174850,1,2.0,0,V.b. Tran
A5039180000,1,2.0,0,Stephen Tyson
A5039180428,9,802.0,0,Heidrun Schumann
A5039219845,1,1.0,0,D. Mccolgin
A5039222119,1,8.0,0,Jon Reisner
A5039231102,5,276.0,0,Qiaomu Shen
A5039241159,1,9.0,0,Benjamin C. Rowland
A5039256169,3,233.0,0,Eric B. Lum
A5039268438,3,37.0,0,Mark Livingston
A5039276358,15,3583.0,5,Martin Wattenberg
A5039282270,1,0.0,0,T. Alexander
A5039289245,1,112.0,0,Eduardo M. Bringa
A5039303056,1,31.0,0,Julia K. L. Walker
A5039316020,1,18.0,0,Sungsoo Ha
A5039321552,1,23.0,0,Mehmet Adil Yalçın
A5039343836,6,56.0,1,Jan Byška
A5039352751,1,120.0,0,Hayder Mahdi Ai-maneea
A5039354466,2,1.0,0,E. S. Panduranga
A5039357905,1,35.0,0,Brian Smits
A5039360877,1,60.0,0,Barry J. Dickson
A5039367552,1,6.0,0,R. Lang
A5039378866,4,218.0,0,John Gerth
A5039387461,1,0.0,0,Shuaicheng Liu
A5039489003,2,153.0,2,Stefan Wolfsberger
A5039489539,1,53.0,0,Michel A. Westenberg
A5039512936,2,76.0,0,Christopher Mears
A5039517392,30,893.0,0,Arie Kaufman
A5039539396,2,35.0,0,Bertjan Broeksema
A5039626800,25,1030.0,2,Holger Theisel
A5039638884,1,0.0,0,Gregor Schlosser
A5039676788,1,1.0,0,Carl K. Chang
A5039676790,1,12.0,0,Handi Chen
A5039717418,1,36.0,1,Joscha Eirich
A5039737488,1,4.0,0,Robert Stein
A5039742693,1,10.0,0,Bruno Pinaud
A5039790178,1,28.0,0,Joseph D Gaggiano
A5039792766,1,18.0,0,Chaitanya Chandurkar
A5039800821,1,14.0,1,Neng Shi
A5039819029,1,14.0,0,Christopher W. Starr
A5039822376,5,322.0,1,Evanthia Dimara
A5039829249,1,21.0,0,Rachel Shadoan
A5039841997,1,96.0,0,Bruno Gonçalves
A5039842844,1,3.0,0,J.e. Swan
A5039874476,2,47.0,0,Guihua Shan
A5039898691,1,83.0,0,Alan G Larson
A5039900558,1,59.0,0,Sean Follmer
A5039910512,5,231.0,1,Ingo Wald
A5039929397,7,218.0,1,Daniel Archambault
A5039932090,1,98.0,0,W. X. Gu
A5039942334,5,101.0,2,Thomas Theußl
A5039944209,1,58.0,0,Chang‐sung Jeong
A5039968113,2,65.0,0,Michael Balzer
A5039974444,1,45.0,0,Carsten Stoll
A5040009333,1,1.0,0,Richard Marciano
A5040011600,1,12.0,0,D. Kenchammana-hosekote
A5040013655,1,70.0,0,Bharathram Ganapathisubramani
A5040019133,2,27.0,0,Shayan Monadjemi
A5040037815,1,3.0,0,Monica K. Hurdal
A5040038608,1,57.0,0,Samana Shrestha
A5040060768,2,13.0,0,Ulrich Lang
A5040077481,1,44.0,0,Andrea Bianchi
A5040079787,1,0.0,0,Mark Bolstad
A5040080342,3,138.0,0,Jan Reininghaus
A5040132381,1,123.0,0,Markus Merz
A5040141831,1,13.0,0,William F. Garrett
A5040153657,1,6.0,0,J.j. Van Wijk
A5040162497,1,71.0,0,Daniel Hubball
A5040165209,4,59.0,0,Christian Heine
A5040166190,1,1.0,0,Paul Hoover
A5040177392,1,9.0,0,S. Goswami
A5040178235,1,47.0,0,Chunyao Qian
A5040191411,1,83.0,0,Larry Seiler
A5040196689,2,5.0,0,Donghong Cui
A5040197934,1,11.0,0,Gaëlle Richer
A5040201243,1,59.0,0,Samuel Payne
A5040201579,1,0.0,0,C. Falkenberg
A5040227533,1,66.0,0,Kevin P. Mcauliffe
A5040236693,5,241.0,0,Ingrid Hotz
A5040252651,2,12.0,0,Cynthia Bruyns
A5040258424,1,8.0,0,S. Ozenne
A5040334148,1,264.0,1,B. Li
A5040337866,4,183.0,2,David S. Goodsell
A5040353906,1,20.0,0,Sven Mayer
A5040363499,1,43.0,0,Hubert Mara
A5040371404,2,107.0,0,Jens Kasten
A5040374842,3,16.0,1,Tim Krake
A5040396291,2,44.0,0,Michael Wimmer
A5040410232,2,129.0,0,Yongsu Ahn
A5040441308,1,8.0,0,Robert E. Hiromoto
A5040448008,1,9.0,0,Wenkai Song
A5040516099,1,28.0,0,Alina Gvozdik
A5040517720,5,255.0,1,Michael Wybrow
A5040526518,2,136.0,0,Desney Tan
A5040550254,1,10.0,0,Yi Han
A5040558744,2,98.0,2,Cheuk Yiu Ip
A5040573722,1,20.0,0,Karl Proctor
A5040576750,1,12.0,0,P. Hanrahan
A5040631193,1,412.0,0,Michael Mateas
A5040659878,1,3.0,0,R.m. Adams
A5040696359,1,57.0,0,Kristanto Sean Njotoprawiro
A5040707287,2,38.0,0,Linquan Huang
A5040707952,1,13.0,0,Susan M. Knoblach
A5040717536,1,19.0,0,Andrei C. Jalba
A5040718082,1,29.0,0,M.h. Ghavamnia
A5040739360,4,77.0,1,Elsie Lee-robbins
A5040756833,1,22.0,0,Daniel Cornel
A5040772427,1,14.0,0,Mitchell Whitelaw
A5040794392,11,446.0,1,Michael Behrisch
A5040813877,1,57.0,0,Ming–chieh Lin
A5040827349,2,241.0,0,C.t. Silva
A5040830361,1,64.0,0,Stefan Auer
A5040889301,1,7.0,0,S. Kochhar
A5040897069,1,28.0,0,Alexander Pilhöfer
A5040900232,1,28.0,0,Qinhan Liu
A5040961656,5,111.0,0,Chris Shaw
A5040984382,1,128.0,0,Norman Wittels
A5041010052,1,0.0,0,Charles Berret
A5041025969,1,28.0,0,Yifan Sun
A5041029596,1,28.0,0,Antony Unwin
A5041046532,2,116.0,1,Steve Kieffer
A5041047826,1,18.0,0,Florence Le Ber
A5041069650,2,41.0,0,Mosab Khayat
A5041083459,1,30.0,0,Qinghua Zheng
A5041191852,3,146.0,0,Peter Filzmoser
A5041275294,1,59.0,0,Mathieu Le Goc
A5041287963,2,22.0,0,Charilaos Papadopoulos
A5041318398,2,37.0,0,T. Roxborough
A5041321734,1,37.0,0,Marjan Trutschl
A5041333766,1,6.0,0,P. Ermes
A5041337919,1,14.0,0,Adrien Bibal
A5041345169,1,18.0,1,Thomas Theubl
A5041351483,1,88.0,0,Alfred R. Fuller
A5041380271,1,55.0,0,Dario Costanza
A5041384164,1,116.0,1,Birgit Schindler
A5041404935,4,50.0,0,David Pugmire
A5041405652,1,3.0,0,Been Kim
A5041414404,1,10.0,0,J. Bern Jordan
A5041418280,1,17.0,0,A. Kaufmann
A5041421653,3,157.0,0,P. Felkel
A5041423078,2,66.0,0,Junwon Sung
A5041442214,1,40.0,0,Joel Kronander
A5041483688,1,25.0,0,Omar Eltayeby
A5041484012,8,208.0,0,Jian Huang
A5041495588,1,0.0,0,Marlen Promann
A5041506287,5,108.0,0,Patrick Moran
A5041515579,1,17.0,0,R. Gurbat
A5041529907,2,16.0,0,Rafael Veras
A5041557267,1,37.0,0,Albert J. Sinusas
A5041563611,1,17.0,0,T. Mihalisin
A5041587599,1,7.0,0,R. Kaehler
A5041617337,1,18.0,0,Chris Hendrickson
A5041617939,3,7.0,0,Carla Floricel
A5041666965,2,470.0,0,Lucy Nowell
A5041678511,1,96.0,0,Pierre-marie Gandoin
A5041690226,1,107.0,0,Nathalie Bressa
A5041694845,2,42.0,1,Will Epperson
A5041704511,1,18.0,0,Thomas Jansen
A5041714557,1,20.0,0,Carolina Ruiz
A5041744005,1,303.0,0,Shachar Fleishman
A5041755435,1,32.0,0,Steven T. Landis
A5041757977,1,28.0,0,Alexander Gribov
A5041762807,1,9.0,0,D.r. Nadeau
A5041813529,1,57.0,0,David F. Tate
A5041828460,3,125.0,1,Arvind Kumar Shekar
A5041832797,1,10.0,0,Santhosh Nandhakumar
A5041837234,1,68.0,0,Christoph S. Garbe
A5041840951,1,1.0,0,B. Cummings
A5041857191,1,3.0,0,P.a. Fletcher
A5041858893,1,12.0,0,Peter Robinson
A5041875872,1,112.0,0,Andrew Higginbotham
A5041894100,1,64.0,0,Muchan Park
A5041898226,1,13.0,0,Vasily Volkov
A5041908392,1,1.0,0,Joseph N. Burchett
A5041925521,3,251.0,0,Kwan-liu Ma
A5041927293,1,0.0,0,Kristine Lee
A5041957391,1,8.0,0,I.r. Mendez
A5041991793,1,4.0,0,George K. Hutchinson
A5042011044,1,37.0,0,Dani Or
A5042031329,1,33.0,0,Daniel Weiskopf
A5042069415,1,9.0,0,Mia Tignor
A5042080340,17,1264.0,3,Marc Streit
A5042096795,1,68.0,0,Benjamin Köhler
A5042130063,1,16.0,0,Noa Fish
A5042136139,1,58.0,1,Ishwinder Kaur
A5042159546,6,741.0,1,Yu‐ru Lin
A5042196702,4,116.0,0,M. Gopi
A5042204958,2,59.0,0,Peng Xu
A5042215239,1,76.0,0,Robert Woodbury
A5042242296,1,3.0,0,S.l. Senft
A5042291530,1,7.0,0,C. Sharp
A5042323667,5,196.0,0,Bohyoung Kim
A5042348675,1,9.0,0,Richard May
A5042350842,7,917.0,0,Minsuk Kahng
A5042377165,1,107.0,0,Maria Cristina Ferreira De Oliveira
A5042381427,1,9.0,0,Chengwei Feng
A5042382359,17,1550.0,3,Christopher Collins
A5042399932,1,13.0,0,L. Scarlatos
A5042411471,1,23.0,0,Richard F. Riesenfeld
A5042420721,3,46.0,1,Georgios Sakas
A5042445410,1,6.0,0,Kenneth W. Waters
A5042475787,1,10.0,0,Kenneth R. Sloan
A5042522958,1,37.0,0,Steffen A. Bass
A5042540420,1,13.0,0,Arpan Mangal
A5042541430,1,6.0,0,R. Van Der Rijt
A5042543694,1,5.0,0,Patrick Wickenhäuser
A5042550106,1,41.0,0,Michael Capps
A5042553752,1,15.0,0,Hien Thi Nguyen
A5042570828,1,3.0,0,K. Mueller
A5042661171,1,73.0,1,David E. Altobelli
A5042737237,1,51.0,0,S.w. Wang
A5042739321,1,18.0,0,Dong Xue
A5042741006,1,10.0,0,P. Burger
A5042749880,1,10.0,0,Laurent Balmelli
A5042776849,1,13.0,0,W.v. Wright
A5042796366,1,49.0,0,Pinaki Sinha
A5042797107,1,2.0,0,Zoya Maslak
A5042815041,1,83.0,0,Jeff Yarch
A5042848593,1,9.0,0,Hui Zhang
A5042859241,1,137.0,1,Peter‐pike Sloan
A5042875512,1,9.0,1,Samuel Reinders
A5042895577,2,58.0,0,Paola Valdivia
A5042897510,1,22.0,0,Zhibin Niu
A5042938029,2,12.0,0,Juraj Pálenik
A5042940478,1,86.0,1,Vivek Kothari
A5042989375,1,30.0,0,Richard Pawlicki
A5042990540,2,14.0,0,Simon Stegmaier
A5043007477,1,12.0,0,Andries Van Dam
A5043040182,2,155.0,0,Olivier Devillers
A5043045895,3,33.0,1,Caitlyn Mccoleman
A5043076336,1,62.0,0,Sheizaf Rafaeli
A5043102053,1,72.0,0,Christian Rieder
A5043110166,1,18.0,0,M. Janus
A5043129522,1,406.0,1,E.r. Van Selow
A5043129695,2,38.0,0,Kesheng Wu
A5043132001,1,24.0,0,Ravi Ramamurti
A5043151044,58,6839.0,10,Hanspeter Pfister
A5043159673,1,5.0,1,Reihaneh Rabbany
A5043171974,1,1.0,0,J. Staudhammer
A5043176253,1,3.0,0,M. Wu
A5043220723,1,12.0,0,M.d. Doyle
A5043230526,1,64.0,0,Françoise Détienne
A5043255121,3,40.0,0,Xiaoyang Mao
A5043288842,2,22.0,1,Andrey Krekhov
A5043312249,1,4.0,0,Robert D. Russell
A5043312264,5,662.0,0,Martin Isenburg
A5043313196,1,27.0,0,R.s. Gallagher
A5043332743,1,412.0,0,Zachary Pousman
A5043346436,1,5.0,0,Tobias Åström
A5043347770,1,79.0,0,Selim Balcısoy
A5043378888,1,18.0,0,H. Rueter
A5043391973,9,229.0,0,Chris Bryan
A5043405353,19,921.0,4,Steven Franconeri
A5043405378,1,63.0,0,Jeff Inman
A5043433191,1,31.0,0,Min Chen
A5043545263,5,330.0,0,Claes Lundström
A5043608701,1,1.0,0,Khaled Al-thelaya
A5043619803,1,45.0,0,N.d. Cornea
A5043626252,1,427.0,1,Joseph M. Hellerstein
A5043635119,1,36.0,0,Andrei Linţu
A5043659434,1,3.0,0,Vikas Ashok
A5043667487,1,36.0,0,Nicholas Seltzer
A5043672607,7,315.0,0,Raimund Dachselt
A5043708533,1,74.0,0,D. Xiping
A5043713217,3,59.0,0,R. Daniel Bergeron
A5043734486,1,46.0,0,Brent D. Fogleman
A5043781543,1,10.0,0,J.d. Cohen
A5043827623,1,53.0,0,Zhenge Zhao
A5043832270,1,3.0,1,Matthias Mitterreiter
A5043848426,1,17.0,0,Neesha Kodagoda
A5043852046,3,127.0,0,Hangzai Luo
A5043872451,1,48.0,0,Lingxiao Zhao
A5043880698,1,41.0,0,Marek Teichmann
A5043905996,1,53.0,0,Elizabeth Munch
A5043908299,1,18.0,0,Pierre Accorsi
A5043913136,2,102.0,0,Walter Berger
A5043929479,1,9.0,0,D. Nuesch
A5043951647,1,5.0,0,Kenneth L. Summers
A5043954263,1,7.0,0,Daniel Kobras
A5043973007,2,1134.0,2,Danny Holten
A5044017846,1,18.0,0,Arnaud Sallaberry
A5044019424,1,5.0,0,R. Brannon
A5044031615,3,14.0,0,Markus Rütten
A5044057604,1,17.0,0,Francis Lazarus
A5044070229,1,29.0,0,Shiping Huang
A5044079129,3,313.0,0,Charles D. Stolper
A5044146574,1,23.0,0,Timothy S. Miller
A5044148984,1,0.0,0,N. Prevost
A5044180020,1,52.0,0,Ángel Del Rı́o
A5044181405,1,39.0,0,Dr Ashraf Badawood
A5044182284,1,13.0,0,Elizabeth Shoop
A5044186469,1,0.0,1,Egzon Miftari
A5044197443,1,9.0,0,S.m. Legensky
A5044266730,1,88.0,0,Robert J. Zawadzki
A5044271949,1,71.0,0,Matt Williams
A5044275844,1,0.0,0,J. Thomas
A5044289462,1,0.0,0,E. Pepke
A5044324185,1,7.0,0,E. Gschwind
A5044360639,1,7.0,0,Ruizhi Shi
A5044376354,1,42.0,0,Cassiano Sugiyama
A5044388347,1,19.0,0,Lei Qin
A5044403966,2,22.0,0,Chuhan Shi
A5044419224,1,4.0,0,J.l. Kempf
A5044424052,1,0.0,0,H. Foote
A5044425959,2,98.0,0,Huihua Guan
A5044426577,1,20.0,0,Aaron Ault
A5044438375,1,37.0,0,Mario Romero
A5044442336,1,144.0,1,Paul L. Miller
A5044546139,1,11.0,0,Gi‐yeul Bae
A5044550362,1,19.0,0,Liu Da-jian
A5044557847,1,88.0,0,John S. Werner
A5044587957,1,62.0,0,Ulderico Fugacci
A5044649257,1,19.0,0,Ehud Sharlin
A5044669967,1,37.0,0,Ray Grout
A5044691513,2,304.0,0,Omar Shaikh
A5044705924,1,7.0,0,Denis Declara
A5044714148,1,14.0,0,Krystal Kallarackal
A5044715706,1,5.0,0,A. Wilson
A5044724054,1,36.0,0,Haojing Jiang
A5044733153,2,15.0,0,T.t. Elvins
A5044775427,1,37.0,0,Yishay Levanoni
A5044776929,1,13.0,0,Aviv Madar
A5044778534,1,6.0,0,David A. Rabenhorst
A5044784936,1,19.0,0,Amir A. Zamani
A5044786674,1,5.0,0,Guðbjörg Linda Rafnsdóttir
A5044791875,1,30.0,0,Jie Tang
A5044817078,1,0.0,0,C.s. Jones
A5044897470,1,10.0,1,David H. Porter
A5044898565,1,209.0,0,Dino Pedreschi
A5044898858,1,9.0,0,Gianluca Lazzi
A5044904222,2,33.0,0,Xiaoqiang Zheng
A5044906443,1,28.0,0,Martin Menzel
A5044908366,1,9.0,0,Joachim Böttger
A5044922438,1,19.0,0,Bharat K. Soni
A5044929406,1,21.0,0,Reinhold Preiner
A5044937250,1,7.0,0,Sean Ziegeler
A5044948170,1,1.0,0,R.m. Taylor
A5044962213,1,54.0,0,Mahbubul Majumder
A5044973138,1,59.0,0,Elisa Portes Dos Santos Amorim
A5045004921,2,34.0,0,Yoshihiko Ichikawa
A5045015032,1,18.0,0,Mirjana Vukovic
A5045020503,1,7.0,0,Julian Kreiser
A5045048041,1,17.0,0,J. Timlin
A5045086893,2,233.0,0,Mateu Sbert
A5045099476,1,36.0,0,Peter Hanula
A5045105070,5,119.0,0,Miloš Šrámek
A5045125867,1,158.0,0,Farhan Mohamed
A5045131102,1,5.0,0,Zhengxin You
A5045131748,1,32.0,0,Andreas Reh
A5045148405,1,78.0,0,Seungyoon Lee
A5045188560,1,11.0,0,Allison Woodruff
A5045205518,1,13.0,0,Nigel W. John
A5045224825,15,1503.0,3,Gordon Kindlmann
A5045256341,4,179.0,0,Shehzad Afzal
A5045259592,1,12.0,0,V. Strela
A5045260862,1,57.0,0,Alden Morris Mascarenhas
A5045269847,1,32.0,0,Cristina Russo Dos Santos
A5045274655,1,7.0,0,Kang Shi
A5045276198,1,13.0,0,D.c. Richardson
A5045289712,3,149.0,0,Martin Schulz
A5045299635,1,59.0,0,Abdelkrim Mebarki
A5045303454,1,11.0,0,Shuh-yuan Liou
A5045306550,6,352.0,0,Bernice E. Rogowitz
A5045317869,1,20.0,0,John V. Harrison
A5045340030,2,44.0,0,Zachary Leggon
A5045352499,1,15.0,0,Firdaus Janoos
A5045357328,1,3.0,0,Victoria Mcarthur
A5045361309,2,177.0,0,Stephen Ingram
A5045378026,3,240.0,1,Oh-hyun Kwon
A5045379675,1,193.0,0,Carla E. Brodley
A5045407993,2,25.0,0,T. Pavlidis
A5045428567,1,2.0,0,Negar Naghashzadeh
A5045433461,3,86.0,1,Carter Emmart
A5045449467,1,15.0,0,Hossam Sharara
A5045481063,1,12.0,0,Xinlong Zhang
A5045484599,1,25.0,0,Kevin Kreeger
A5045486160,1,46.0,0,Laura Tateosian
A5045497184,1,5.0,0,R.d. Williams
A5045504703,2,49.0,0,I. Ari Sadarjoen
A5045542854,1,0.0,0,Will Schroeder
A5045547142,1,4.0,0,J.f. Hughes
A5045592180,1,15.0,0,Jamie Morgenstern
A5045593944,1,12.0,0,Alexander Eiselmayer
A5045648348,1,65.0,0,Xinke Wu
A5045671998,1,83.0,0,David W. Holmes
A5045693423,1,243.0,0,Paul S. Heckbert
A5045696076,1,62.0,0,Chris Tector
A5045718502,4,46.0,1,Guande Wu
A5045738980,4,204.0,0,Umeshwar Dayal
A5045739580,1,36.0,0,Fanbo Deng
A5045751338,2,31.0,0,Stanislav L. Stoev
A5045775773,1,35.0,1,Martin Mladenov
A5045801671,1,18.0,0,Thad﻿ Starner﻿﻿
A5045827183,2,19.0,0,A. Kaufman
A5045835385,14,1684.0,2,Maneesh Agrawala
A5045835701,1,18.0,0,V.l. Chi
A5045855094,1,88.0,0,Natalia Lopez
A5045873117,1,3.0,0,T. Welsh
A5045900083,1,73.0,0,John W. Rick
A5045927034,2,47.0,0,Yuan Zhou
A5046000210,1,14.0,0,Mary Knapp
A5046010727,1,0.0,0,Gregory W. Shirah
A5046024163,1,4.0,0,Guang R. Gao
A5046026271,1,25.0,0,Matt-heun Hong
A5046061686,1,60.0,0,John Harer
A5046075769,2,32.0,0,Hannah K. Bako
A5046081006,1,37.0,0,R.b. Haber
A5046130202,1,31.0,0,Yuanyuan Tang
A5046158009,1,39.0,0,Fateme Rajabiyazdi
A5046158024,1,36.0,0,Haihan Lin
A5046219345,1,3.0,0,Yinan Chen
A5046293742,1,15.0,0,G. B. Loriot
A5046324646,4,164.0,2,Xingyu Lan
A5046409172,1,12.0,0,Tianqing Fang
A5046441109,1,6.0,0,Nicolas Médoc
A5046453853,1,36.0,0,Charisee Chiw
A5046473651,4,153.0,1,Pavol Klacansky
A5046484658,1,98.0,0,Gareth Daniel
A5046501868,3,131.0,1,Steven R. Gomez
A5046515661,1,8.0,0,Yicheng Hu
A5046542218,1,5.0,0,Diane T. Rover
A5046543877,1,63.0,0,Hock Soon Seah
A5046565976,2,46.0,0,Hui Fang
A5046574356,1,158.0,0,Luciano Floridi
A5046609142,1,31.0,0,B. Hibbard
A5046614342,1,9.0,0,Yunjeong Chang
A5046620680,1,82.0,0,Joann Kuchera-morin
A5046632395,2,133.0,0,Jayaraman J. Thiagarajan
A5046646390,2,29.0,0,Sameep Mehta
A5046653731,1,15.0,0,Shaolun Ruan
A5046667486,1,13.0,0,H. Hagen
A5046703129,2,181.0,0,Hongyuan Zha
A5046724184,1,0.0,0,Shaun Canavan
A5046739843,1,28.0,0,A. Kaufman
A5046751441,1,30.0,0,B. I. Rabinovich
A5046755175,1,3.0,0,Bradley Feest
A5046771643,1,19.0,0,P. Kondratieva
A5046772423,1,5.0,0,P.j. Moran
A5046778702,1,53.0,0,Pascal Volino
A5046793596,1,5.0,0,Margrét V. Bjarnadóttir
A5046803850,1,22.0,0,Blair Lyons
A5046814575,1,0.0,0,J.a. Baca
A5046828208,1,57.0,0,Chris Yi
A5046834781,1,5.0,0,R. Van Drielf
A5046840747,1,15.0,0,Andrew Callan-jones
A5046845415,1,52.0,0,Peggy Aldrich Kidwell
A5046855147,1,53.0,0,Zui Chen
A5046865751,1,32.0,0,Anton Strezhnev
A5046880557,1,28.0,0,Jose C. Renteria
A5046896448,2,20.0,0,Nassir Navab
A5046927775,1,12.0,0,T. Klein
A5046935702,1,14.0,0,F. Nossin
A5046964482,2,61.0,0,Thomas Löwe
A5046974897,1,30.0,0,A. D. Pembroke
A5046982519,2,83.0,0,Peter Kerpedjiev
A5047006333,2,46.0,0,Michael Schwärzler
A5047006398,1,68.0,0,Robert Strzodka
A5047029982,1,8.0,0,R. Rosenberg
A5047079466,1,12.0,0,Yuxing Zhou
A5047104707,2,132.0,0,Horst K. Hahn
A5047111624,1,36.0,0,Baher Elgohari
A5047120412,1,5.0,0,T.a. Foley
A5047125862,1,5.0,1,Giorgio Corani
A5047130748,1,31.0,0,Kejie Yu
A5047134476,4,105.0,0,A. Köchl
A5047141984,1,23.0,0,P.k. Stone
A5047154919,1,43.0,0,Haomian Wang
A5047160794,1,11.0,0,G.d. Montanaro
A5047165067,1,68.0,0,Jianlong Zhou
A5047169723,1,169.0,0,Charles L. Feldman
A5047199312,2,41.0,0,Markus Stommel
A5047215403,1,103.0,0,Michael Kerber
A5047285781,1,10.0,0,G. Grinstein
A5047298428,1,35.0,0,Pablo Román
A5047313892,1,2.0,0,M. Needels
A5047314988,2,73.0,0,Simon Walton
A5047344510,1,110.0,0,Aaron Barsky
A5047345230,1,91.0,0,Christian Viau
A5047355672,1,22.0,0,John A. Mcginley
A5047368502,1,25.0,0,Xiangfei Meng
A5047447282,2,49.0,0,J. Wilhelms
A5047462600,1,103.0,1,David Whitney
A5047493562,1,0.0,0,Frank Suits
A5047521612,1,22.0,0,Christopher Scannell
A5047546814,1,4.0,0,Muna Alebri
A5047556327,2,52.0,1,Daniele Chiappalupi
A5047566304,1,97.0,0,Robert Hendley
A5047572210,2,46.0,0,Vanessa Peña-araya
A5047588154,1,75.0,0,Alla Zelenyuk
A5047601205,1,98.0,0,Simon Stusak
A5047661898,1,113.0,0,Jiawei Tang
A5047673441,1,38.0,0,Casimir J. H. Ludwig
A5047677160,12,735.0,1,Attila Gyulassy
A5047713855,4,161.0,0,Klaus Hinrichs
A5047718241,1,9.0,0,M. Suter
A5047726449,1,3.0,0,Nan‐chen Chen
A5047790910,2,38.0,0,Katrin Angerbauer
A5047803478,1,3.0,0,Elaine Huynh
A5047809126,1,83.0,0,Anthony D. Nguyen
A5047827833,21,1725.0,2,Melanie Tory
A5047863978,1,18.0,0,Barry Drake
A5047872236,2,154.0,0,Sixiao Yang
A5047880072,2,8.0,0,R. Van Liere
A5047898395,3,142.0,0,Min Chen
A5047899161,2,97.0,0,Zheng Zhou
A5047904851,1,8.0,0,G. Medioni
A5047912015,12,1181.0,1,Jaegul Choo
A5047916823,1,42.0,0,Raphael Ferreira De Ávila
A5047920772,1,103.0,1,Steve Haroz
A5047932211,1,5.0,0,F.l. Wefer
A5047976541,1,32.0,0,Delyar Tabatabai
A5047985305,1,20.0,0,Antonio Zorcolo
A5047993611,1,5.0,0,G. Muccioli
A5048047909,8,427.0,1,Dieter Schmalstieg
A5048111120,1,69.0,0,Shimei Pan
A5048189898,1,0.0,0,Bernd Finkbeiner
A5048194226,22,1218.0,3,Benjamin Bach
A5048229839,8,303.0,2,Elmar Eisemann
A5048296805,1,9.0,0,Santiago Lombeyda
A5048305243,1,51.0,0,Rebecca Randell
A5048335856,1,83.0,0,Dennis P. Hanson
A5048341979,1,0.0,0,L. Jorgenson
A5048364702,1,40.0,0,Jiun-yi Tsai
A5048367091,1,9.0,0,Steven R. Brandt
A5048398447,1,3.0,0,Sampath Jayarathna
A5048407252,1,22.0,0,Chufeng Wang
A5048413277,1,11.0,0,Krzysztof Niski
A5048438758,1,20.0,0,Haris Mumtaz
A5048466428,1,34.0,0,Arun Reddy Nelakurthi
A5048468459,1,21.0,0,Daniel Dunlavy
A5048468645,1,26.0,0,Renata G. Raidou
A5048471884,2,104.0,0,Chad A. Steed
A5048503528,1,11.0,0,D. Silver
A5048546438,1,11.0,0,A. Ćeller
A5048552211,1,5.0,0,Jianbin Qin
A5048552378,1,2.0,0,Henrik Weimer
A5048567843,1,1.0,0,Songwen Hu
A5048579079,1,6.0,0,M. Gao
A5048580797,1,14.0,0,Zan Armstrong
A5048586204,1,84.0,0,Christof Seeger
A5048635200,3,18.0,0,Anjul Tyagi
A5048638435,1,0.0,0,Jasmina Orman
A5048647256,16,590.0,3,Anders Ynnerman
A5048654383,1,0.0,0,Q.e. Dolecek
A5048659639,1,36.0,1,Vanessa M. Eichel
A5048716011,3,201.0,0,L.m. Sobierajski
A5048743316,1,9.0,0,R.a. Cross
A5048743653,5,200.0,0,Donald H. House
A5048752833,1,2.0,0,J.l. Pajon
A5048755737,1,13.0,0,Melissa A. Schoenlein
A5048780291,11,315.0,0,Chris R. Johnson
A5048805931,1,17.0,0,Huanliang Wang
A5048833289,1,19.0,0,Jihye Yun
A5048860923,1,14.0,0,John George
A5048864545,1,17.0,0,Pearl Pu
A5048873258,1,4.0,0,Ruike Jiang
A5048919402,2,50.0,0,Mingming Fan
A5048928683,1,32.0,0,Aaron Striegel
A5048963954,1,6.0,0,Zhihua Zhu
A5048978959,1,64.0,0,Louis Eveillard
A5048992354,17,1086.0,4,Jo Wood
A5049012090,2,26.0,1,Ayse D. Lokmanoglu
A5049016095,1,33.0,0,Eugene Wu
A5049042655,1,15.0,0,H. Neely
A5049050148,9,396.0,2,Dazhen Deng
A5049066620,1,18.0,0,Raja R. Sambasivan
A5049086940,1,63.0,1,Kexin Huang
A5049093433,1,25.0,0,Pascale Proulx
A5049104260,1,2.0,0,Laura J. Perovich
A5049109394,1,13.0,0,Benjamin P. Bowen
A5049134847,2,240.0,0,Jonathan J. H. Zhu
A5049140163,1,3.0,0,Brian Montambault
A5049166156,2,31.0,1,Abhraneel Sarma
A5049166417,1,18.0,0,N. Hanssen
A5049188592,2,102.0,0,Kecheng Lu
A5049231168,1,46.0,0,Falko Kuester
A5049237676,1,6.0,0,Tulika Mitra
A5049241635,6,311.0,1,Ali K. Al-awami
A5049259877,1,24.0,0,Giuseppe Carenini
A5049298894,5,149.0,0,Jan‐henrik Haunert
A5049302273,1,10.0,0,Frank Dachille
A5049315614,1,50.0,0,Robert F. Dougherty
A5049317554,1,48.0,0,Carsten Colditz
A5049319779,1,21.0,0,Eitan Grinspun
A5049355010,1,7.0,0,William L. Barth
A5049372719,1,55.0,0,Qian Tang
A5049441601,8,755.0,1,Paolo Cignoni
A5049449495,1,14.0,0,Lexing Xie
A5049451858,1,39.0,0,E. Mark Haacke
A5049474187,1,296.0,0,Soon‐wook Kwon
A5049496836,1,3.0,0,Hae-na Lee
A5049539242,1,14.0,0,Vincent Bloemen
A5049577340,4,497.0,0,Eli T. Brown
A5049594027,1,7.0,0,Ying Chen
A5049607294,1,30.0,0,Peter Gyory
A5049609802,1,131.0,0,J. H. T. Claessen
A5049649342,2,68.0,0,Veronika Šoltészová
A5049659355,1,2.0,0,Yasuyo Kita
A5049684321,1,37.0,0,Xilong Shen
A5049695068,1,13.0,0,Mary Ross
A5049695343,1,56.0,0,Mikael Vejdemo‐johansson
A5049696189,1,16.0,0,Lucas Nadolskis
A5049739035,1,66.0,0,Heiko Ramm
A5049745718,1,12.0,0,C.s. Ang
A5049765565,2,16.0,0,Mohamed Ibrahim
A5049805631,1,170.0,0,Victor Sanh
A5049830796,6,203.0,1,Marcos Lage
A5049881687,1,45.0,0,Jason P. Leboe
A5049883737,1,12.0,0,Xijie Huang
A5049886136,1,40.0,0,Bo Qiao
A5049897427,1,31.0,0,Bilkis Jamal Ferdosi
A5049903568,1,0.0,0,D. Adams
A5049952020,1,67.0,0,Florian Block
A5049959252,1,274.0,0,Ryan P. Russell
A5049992511,1,108.0,1,Nan Kong
A5050013747,1,1.0,1,Sarah Nason
A5050022060,2,414.0,1,R. Amar
A5050064511,9,602.0,3,Caroline Ziemkiewicz
A5050098410,1,15.0,0,Daniel R. Tesone
A5050124335,1,2.0,0,H.-g. Pagendarm
A5050126617,7,350.0,2,Yalong Yang
A5050127998,2,50.0,0,Jan Kretschmer
A5050162114,1,0.0,0,A.a. Muller
A5050232533,1,8.0,0,M. Zatloukal
A5050252059,1,25.0,1,Hongzeng Zhang
A5050252486,1,8.0,0,Sunwoo Ha
A5050276927,1,44.0,0,Daniela Ushizima
A5050280036,1,0.0,0,M.s. Peercy
A5050305432,1,0.0,0,Glenn Sun
A5050314106,1,56.0,0,Min Zhu
A5050321930,1,23.0,0,Klaus Hildebrandt
A5050326979,3,103.0,0,Luke Gosink
A5050342469,1,20.0,0,Karoline Villinger
A5050365477,1,187.0,0,T.j. Grabowski
A5050391966,1,136.0,0,G. Marchand
A5050433080,1,20.0,0,Britta Renner
A5050455034,2,11.0,1,Daniel De Oliveira
A5050501251,1,21.0,0,R. D'eletto
A5050543367,4,48.0,0,Lawrence Roy
A5050571638,1,13.0,0,R. L. Twiddy
A5050588038,1,20.0,0,Johannes Schmidt-ehrenberg
A5050595151,5,115.0,0,Morteza Karimzadeh
A5050598711,1,30.0,0,P. Vincent
A5050608183,1,44.0,0,Zezheng Feng
A5050632485,3,65.0,1,Johannes Knittel
A5050639579,5,100.0,1,J. Edward Swan
A5050640461,7,385.0,2,Karen B. Schloss
A5050656871,1,93.0,0,Aniket Kittur
A5050657606,1,43.0,0,Tong‐yee Lee
A5050668117,2,61.0,0,Joshua Shrestha
A5050670374,2,424.0,0,Chelsea Yeh
A5050686380,1,23.0,0,S.s. Fisher
A5050688852,1,1.0,0,J.j. Ventrella
A5050715942,1,11.0,0,Iwo W. O. Serlie
A5050743821,1,11.0,0,Robert Schulze
A5050744810,1,9.0,0,W. Strasser
A5050750924,1,128.0,0,Xiao Hu
A5050757518,1,6.0,0,A. Kaufman
A5050762735,1,72.0,0,Christian Schumann
A5050779255,1,48.0,0,Bianca Tost
A5050789731,1,39.0,0,O. Mallo
A5050792352,1,23.0,0,P. Lee
A5050795073,1,0.0,0,John E. Blendell
A5050804797,1,6.0,0,Clemens Simmer
A5050842662,1,11.0,0,Guohua Geng
A5050846738,1,9.0,0,Jason Pui Yin Cheung
A5050853661,1,148.0,0,Robert L. Grossman
A5050854022,1,113.0,0,Matthew Tobiasz
A5050869372,1,4.0,0,Kin Chung Kwan
A5050928586,1,49.0,0,Louis Licamele
A5050932001,1,10.0,0,Erich P. Stuntebeck
A5050934788,1,16.0,0,K. Koyamada
A5050938227,1,29.0,0,Maurizio Patrignani
A5050965018,1,324.0,1,Daniel Smilkov
A5050979241,1,14.0,0,Minoru Maruyama
A5050988023,1,4.0,0,Noëlle Rakotondravony
A5050995848,1,3.0,0,G. Golovchinsky
A5051009099,1,19.0,0,Colin Mollenhour
A5051018472,1,36.0,1,Tom Baumgartl
A5051025031,30,2840.0,5,Jarke J. Van Wijk
A5051043883,1,10.0,0,Hamed Bouzari
A5051077300,2,90.0,0,Gregory Abram
A5051079407,1,5.0,0,E.o. Miller
A5051107402,1,18.0,0,Gian Italo Bischi
A5051133137,1,31.0,0,Fábio Dias
A5051168420,1,7.0,0,Alexander Hann
A5051172582,1,6.0,0,Romain Giot
A5051177962,1,396.0,0,E. Zhang
A5051193196,6,279.0,0,Aritra Dasgupta
A5051212175,1,19.0,0,Michael G. Vicker
A5051260332,1,9.0,0,Zhanna Kaufman
A5051278816,1,14.0,0,Clifton R. Haider
A5051283175,1,3.0,0,Michael Holzner
A5051307646,3,60.0,0,Voicu Popescu
A5051320432,1,9.0,0,Hartmut Kaiser
A5051354114,1,5.0,0,Tobias Kauer
A5051400014,2,82.0,1,Jorge Piazentin Ono
A5051400237,1,30.0,0,Jian Cui
A5051425334,1,19.0,0,O. Nilsson
A5051448088,1,7.0,0,S. J. Cox
A5051476847,1,7.0,0,M. Lapolla
A5051480012,1,22.0,0,A. Filbois
A5051501490,1,29.0,0,Pascal Aschwanden
A5051520705,4,403.0,0,Krist Wongsuphasawat
A5051526027,3,123.0,0,Wenchao Wu
A5051526909,1,16.0,0,Rajeev Batra
A5051532808,3,159.0,0,Sebastian Bremm
A5051587196,1,10.0,0,G. Knittel
A5051590071,5,107.0,1,Marco Ament
A5051599395,1,37.0,0,N. Fanst
A5051610081,1,18.0,0,Morgan Leborgne
A5051666919,2,111.0,0,Roland Fraedrich
A5051680646,1,31.0,0,Martina Maritan
A5051696341,1,237.0,1,Kanupriya Singhal
A5051701696,1,43.0,0,Wei Chen
A5051740940,1,36.0,1,Simone Scheithauer
A5051741164,1,23.0,0,James S. Davidson
A5051743997,1,22.0,0,Daniel Toloudis
A5051753754,1,16.0,0,Silvia Mabel Castro
A5051755944,1,39.0,0,Stephen Webb
A5051836187,1,2.0,0,Joshua D. Shrout
A5051850767,1,78.0,0,Johanna Fulda
A5051941811,1,2.0,0,Yilin Ye
A5051948556,4,189.0,0,Peter Schröder
A5051967871,2,131.0,0,Tamara Flemisch
A5052011548,3,20.0,0,T.s. Yoo
A5052035815,1,106.0,0,Richard Alligier
A5052039493,2,21.0,0,Georgia Panagiotidou
A5052042062,1,41.0,0,R. P. Sujit Kanna
A5052058643,1,6.0,0,Mark S. Drew
A5052101351,1,146.0,0,Emma Lundberg
A5052105828,1,37.0,0,Claude Andriot
A5052119291,1,5.0,1,Alessandro Giusti
A5052147846,1,10.0,0,R.h. Taylor
A5052149154,1,14.0,0,Audrey L. Michal
A5052151056,3,458.0,1,Anthony C. Robinson
A5052152060,1,8.0,0,K.r. Sloan
A5052156616,1,5.0,0,A.p. Woodfield
A5052168623,1,48.0,0,Kevin Roundy
A5052168991,1,41.0,0,Michael Beham
A5052169874,1,16.0,0,Gitta Domik
A5052208717,3,86.0,0,Tom Horak
A5052234283,4,55.0,0,Clifton D. Fuller
A5052272013,1,1.0,0,Ephraim P. Glinert
A5052324728,1,122.0,0,Hao Wei
A5052337056,3,100.0,0,Robert Krueger
A5052342374,1,29.0,0,Megan Olson Hunt
A5052352851,1,15.0,0,S.p. Callahan
A5052364420,1,3.0,0,S Nowak
A5052391925,1,82.0,1,Yuhang Zhao
A5052409698,2,14.0,1,Alper Sahistan
A5052417609,1,46.0,0,Ashley Wheat
A5052428595,1,306.0,0,Gerald Penn
A5052445776,5,218.0,2,Jagoda Walny
A5052473265,1,67.0,0,Anne E. Carpenter
A5052479150,1,6.0,0,Rhema Vaithianathan
A5052486843,1,12.0,0,Dora Kiesel
A5052535884,1,0.0,0,D. Lasser
A5052540148,1,65.0,0,Charles Swindells
A5052562269,1,23.0,0,J.j. Van Wijk
A5052577630,1,5.0,0,Cláudio Silva
A5052585693,1,2.0,0,Douglas J. Steel
A5052608937,1,8.0,1,David Hägele
A5052623072,11,1867.0,2,Ben Shneiderman
A5052626296,1,10.0,0,Sai Prashanth Dasari
A5052627555,1,54.0,0,John Bodnar
A5052630735,1,52.0,0,Quang Vinh Nguyễn
A5052673316,10,253.0,0,Lloyd A. Treinish
A5052673631,5,78.0,0,Steffen Frey
A5052699089,2,71.0,0,Michael Reiter
A5052702092,1,27.0,0,Leonid Ulitsky
A5052710697,2,13.0,0,Willy Scheibel
A5052713932,1,10.0,0,Dani Tost
A5052724297,1,166.0,0,Sheelash Carpendale
A5052748246,1,193.0,1,Michiel Van De Panne
A5052752621,1,8.0,0,Liqi Cheng
A5052801042,1,8.0,0,R. Van Liere
A5052802019,1,73.0,0,Edward Clarkson
A5052812610,2,83.0,0,Joachim Spoerhase
A5052823224,1,45.0,0,Roger Gatti
A5052824737,2,166.0,0,Florian Spechtenhauser
A5052834375,1,4.0,0,Janice E. Cuny
A5052877871,1,47.0,0,Marc Olano
A5052896700,1,2.0,0,Suzanne Mason
A5052921346,1,17.0,0,Xianyuan Zhan
A5052922425,2,48.0,1,Danhang Tang
A5052937079,1,44.0,0,Sven Schulte
A5052995018,1,57.0,0,José Gustavo S. Paiva
A5053012503,1,61.0,0,Dennis Dingen
A5053022580,1,29.0,0,Ingmar Bitter
A5053027660,1,4.0,0,Bin Chen
A5053067282,1,1.0,0,Marina Evers
A5053084661,1,13.0,0,Paolo Crisafulli
A5053097987,11,1133.0,3,Adam Perer
A5053100765,1,61.0,0,Hirotaka Saito
A5053109913,3,236.0,1,Kevin Verbeek
A5053118584,1,62.0,0,Yael Albo
A5053136336,4,60.0,1,Monique Meuschke
A5053144226,1,630.0,1,Anne Schur
A5053155534,1,13.0,0,Mary C. Whitton
A5053209325,1,4.0,0,Arthur Van Goethem
A5053220954,1,8.0,0,Dingdong Liu
A5053222363,1,36.0,0,Ligan Cai
A5053235466,2,70.0,0,Phil Legg
A5053252177,1,155.0,0,Jan J. Michalak
A5053259123,1,65.0,0,Alla Sheffer
A5053301712,2,56.0,0,Shaun J. Grannis
A5053332086,2,26.0,0,Ka-kei Chung
A5053349373,6,1389.0,0,Ji Soo Yi
A5053360336,1,47.0,0,Carl Hirsch
A5053361220,2,91.0,0,Tong Ge
A5053366318,1,5.0,0,Peilin Yu
A5053396841,1,4.0,0,Alan M. Ratner
A5053402290,2,19.0,0,Eddy Kuo
A5053417612,2,108.0,1,Behzad Sajadi
A5053418697,2,511.0,0,Anbang Xu
A5053487546,1,0.0,0,R. Machiraju
A5053489771,1,4.0,0,G.w. Oliver
A5053493751,2,63.0,0,Simon Attfield
A5053494397,1,2.0,0,Paul Adams
A5053500555,1,40.0,0,Ben Maule
A5053528251,1,8.0,0,Min Song
A5053579952,1,61.0,0,Louise Barrett
A5053580386,4,127.0,0,Marc Stamminger
A5053646618,1,39.0,0,Jan Aerts
A5053666302,1,36.0,0,Charles Hansen
A5053686308,1,4.0,0,David L. Strayer
A5053686599,1,28.0,0,Sven Hermann
A5053726723,1,82.0,0,Themis Palpanas
A5053727705,1,13.0,0,Osamu Saeki
A5053740039,1,3.0,0,P.k. Robertson
A5053770691,1,64.0,0,Yan Bao
A5053775923,1,0.0,0,Adam Coscia
A5053780707,2,324.0,0,Samuel G. Fadel
A5053839499,1,1.0,0,F. Suits
A5053862853,1,29.0,0,Sabin Devkota
A5053875220,1,63.0,0,Bart A. Singer
A5053909459,1,36.0,0,David M. Vock
A5053996253,1,15.0,0,Qingmin Shi
A5053996578,1,7.0,0,Paul Croft
A5054001020,2,95.0,0,Joachim Georgii
A5054009736,1,11.0,0,Denis Koschichow
A5054015080,4,284.0,0,Andrea Batch
A5054027927,1,32.0,0,D. Loisel
A5054038232,1,9.0,0,Daniel M. Best
A5054068625,1,34.0,0,José Matute
A5054070013,1,22.0,0,Gregorio Palmas
A5054073344,1,37.0,0,J. Shalf
A5054102790,1,27.0,0,Shahid Shafi Dar
A5054111486,3,109.0,0,Stéphane Marchesin
A5054141042,3,58.0,0,C.r. Volpe
A5054156401,1,14.0,0,Ji Qi
A5054178885,1,8.0,0,Yige Xu
A5054181879,1,182.0,0,Kai Yan
A5054189045,1,23.0,0,Cindy Grimm
A5054189757,1,34.0,0,Beverly E. Faulkner-jones
A5054229279,1,16.0,0,Masahiro Sato
A5054248372,1,217.0,0,Mor Naaman
A5054248452,2,128.0,0,Paolo Federico
A5054266030,1,16.0,0,Dirk Bauer
A5054275509,1,35.0,0,Scott Kruger
A5054284441,1,1.0,0,Moez Baccouche
A5054301725,4,113.0,0,Eduard Deines
A5054301814,1,50.0,0,R. Mackenzie
A5054328654,1,67.0,0,Anton Leuski
A5054328918,1,56.0,0,Nikolaus F. Troje
A5054331966,2,17.0,1,Jianben He
A5054339045,1,6.0,0,Ying Yang
A5054382056,15,580.0,0,Chi‐wing Fu
A5054388396,1,9.0,0,Zhe Xu
A5054405778,1,3.0,0,M. Wax
A5054427024,1,17.0,0,K.l. Duffin
A5054437060,1,5.0,0,S.-l.c. Wang
A5054441753,1,5.0,0,David Dean
A5054445163,1,15.0,0,Ronald Azuma
A5054475206,1,6.0,0,P.m. Mahadev
A5054476528,1,8.0,0,M. Falk
A5054505042,1,20.0,0,S Ruble
A5054509473,2,37.0,0,Natascha Sauber
A5054509798,1,7.0,0,Sara Tandon
A5054523299,9,501.0,0,Michelle X. Zhou
A5054533523,2,20.0,0,Zixin Chen
A5054544594,1,5.0,0,M.l. Evans
A5054572713,2,97.0,0,Ezekiel S. Bhasker
A5054578676,1,51.0,0,Chris P Gale
A5054613619,1,19.0,0,Cecily C. Ritch
A5054621440,1,107.0,0,Almir Olivette Artero
A5054628250,1,6.0,0,Siyu Liu
A5054629198,1,9.0,0,Cynthia Furse
A5054633336,1,405.0,0,J. Feinberg
A5054634532,1,6.0,0,W.c. Couvillion
A5054681723,1,0.0,0,Jan Harkes
A5054725183,2,123.0,0,Emmanuel Pietriga
A5054737927,1,54.0,0,Rathiah Hashim
A5054742697,1,17.0,0,Suzana Djurcilov
A5054749881,15,422.0,2,Hanqi Guo
A5054751297,1,62.0,0,Margo Seltzer
A5054762743,2,136.0,0,Lars Erik Holmquist
A5054793421,3,327.0,1,Connor Gramazio
A5054804686,1,45.0,0,Nivedita R. Kadaba
A5054816213,1,3.0,0,David R. Bauer
A5054864049,1,203.0,0,Philipp Roskosch
A5054881346,1,0.0,0,M.j. Laszlo
A5054903605,1,3.0,1,Carola Wenk
A5054911291,1,14.0,0,Andreas M. Tillmann
A5054942062,1,1.0,0,Georg Zotti
A5054991337,2,17.0,0,Guoren Wang
A5055008961,1,35.0,0,William B. Thompson
A5055025904,1,1.0,0,Raymundo Navarrete
A5055052124,2,49.0,0,Tran Minh Quan
A5055055699,1,32.0,1,Timothy Sullivan
A5055106396,1,36.0,1,Mark J. Lieser
A5055141682,1,23.0,0,Erik Trostmann
A5055150195,1,8.0,0,T. Evans
A5055161766,1,8.0,0,Elizabeth A. Mack
A5055167808,1,1.0,0,W.r. Feeney
A5055175414,4,412.0,0,Yuanzhe Chen
A5055188702,1,119.0,0,Rafael M. Martins
A5055203249,1,13.0,0,Richard Bonneau
A5055204153,4,329.0,1,Jorik Blaas
A5055241025,1,27.0,0,Peter Hamilton
A5055273892,2,122.0,0,K. Joy
A5055279742,3,70.0,1,E. Wes Bethel
A5055302193,1,59.0,0,Johannes Zagermann
A5055311360,2,37.0,0,Tobias Rapp
A5055338447,1,51.0,0,David S. Warren
A5055376474,1,38.0,0,Graziano Blasilli
A5055405318,1,22.0,0,A. Trott
A5055407434,2,29.0,0,Ed Boring
A5055426585,6,112.0,1,Guoning Chen
A5055472986,5,190.0,0,William Wright
A5055477300,1,20.0,0,Xuan Zhong
A5055480874,1,4.0,0,Elias Theil
A5055507757,2,92.0,0,Vahan Yoghourdjian
A5055520064,2,10.0,0,Tyler Estro
A5055531990,1,47.0,0,André Schulz
A5055537694,1,88.0,0,Zeqian Shen
A5055548499,1,28.0,0,Amin Abbasloo
A5055548595,1,32.0,1,André Neubauer
A5055566265,1,10.0,0,Jürgen Freund
A5055571891,1,29.0,0,Douglas Markant
A5055587193,1,18.0,0,Lars Kühne
A5055644473,1,155.0,0,Zhiqiang Ma
A5055656807,2,152.0,1,Igor Jurišica
A5055660368,1,12.0,0,Mark Guzdial
A5055671238,1,35.0,0,N. Schunck
A5055690572,2,236.0,1,Guillaume Favelier
A5055692138,1,7.0,0,Lorraine Johnston
A5055744764,1,36.0,1,Michal Jacovi
A5055748729,1,5.0,0,Vahid Taimouri
A5055750487,7,256.0,0,Dirk J. Lehmann
A5055786408,1,0.0,0,Marianna Farmakis-serebryakova
A5055786452,1,16.0,0,P.a. Heng
A5055813085,1,310.0,1,Adam M. Smith
A5055844239,1,53.0,0,Youhao Wei
A5055879921,1,15.0,0,Robert A. Pelcovits
A5055889375,2,20.0,0,Kenneth Weiss
A5055902347,1,0.0,0,Niklas Metzger
A5055932717,1,67.0,0,David Koller
A5055992752,11,680.0,0,Wenwen Dou
A5056000267,1,17.0,0,S.v. Klimenko
A5056062979,1,12.0,0,Jim Gaffney
A5056069234,9,272.0,0,Denis Gračanin
A5056082747,1,0.0,0,K.s. Eo
A5056087167,1,19.0,0,Ivo Herrmann
A5056104510,8,178.0,0,G. Elisabeta Marai
A5056111015,1,202.0,0,Nikhil Thorat
A5056115552,1,40.0,0,Qiang Du
A5056117639,1,4.0,0,Geoff Kuenning
A5056124181,1,6.0,0,Thomas Ertl
A5056165486,1,4.0,0,G. Greiner
A5056175399,1,18.0,1,Yuqing Yang
A5056201973,1,14.0,0,Prateek Mantri
A5056211536,10,1113.0,1,Michael J. Mcguffin
A5056213747,1,37.0,0,D. Gotz
A5056214245,7,408.0,0,Christoph Heinzl
A5056219662,1,170.0,0,Albert Webson
A5056234242,1,20.0,0,Michelle Annett
A5056247138,1,23.0,0,R. Quimby
A5056248594,1,13.0,0,Brian Y. Lim
A5056294184,4,157.0,0,Scott Barlowe
A5056308697,2,62.0,0,Ming Jiang
A5056317020,1,3.0,0,Camelia D. Brumar
A5056347240,1,3.0,0,Daniel Fleischer
A5056355204,10,539.0,0,Robert Moorhead
A5056359403,1,0.0,0,Y. Kim
A5056362617,2,36.0,0,Jianping Kelvin Li
A5056363324,1,29.0,0,Wanqi Hu
A5056368954,1,4.0,0,Sheng-chuan Wang
A5056376778,1,1.0,0,D.w. Williams
A5056385750,1,203.0,0,Felix Brodkorb
A5056388611,1,8.0,0,Fei Nie
A5056389929,1,43.0,0,Xing Mu
A5056406678,1,107.0,0,Rongwen Zhao
A5056413615,2,74.0,0,Gregory D. Richardson
A5056438986,6,567.0,1,Arjun Srinivasan
A5056499019,1,492.0,0,Alexis K.h. Lau
A5056511545,1,16.0,0,Carissa Mai-ping Knipe
A5056517746,1,57.0,0,S. H. Langer
A5056530126,1,32.0,0,Nitin Jain
A5056537418,1,1.0,0,N.e. Hurlburt
A5056555647,1,91.0,0,Sandy Napel
A5056557824,1,67.0,0,Brenda Phillips
A5056560522,1,4.0,0,Melissa Ward
A5056572216,1,9.0,0,Jonathan Larson
A5056574974,1,15.0,0,Matthias Labschutz
A5056585168,3,125.0,0,Stephen M. Pizer
A5056610892,1,23.0,1,Ching‐shan Chou
A5056629578,1,61.0,0,Astri J. Lundervold
A5056641267,4,150.0,0,Shigeo Takahashi
A5056647443,6,120.0,1,Robert Haimes
A5056651101,1,9.0,0,Douglas M. Rice
A5056684559,1,37.0,0,Elisabeth André
A5056690945,2,61.0,0,R.s. Avila
A5056700514,1,82.0,0,Jack Gundrum
A5056703770,1,77.0,0,I. Dillingham
A5056706946,1,12.0,0,D.c. Martin
A5056742721,1,8.0,1,Adeel Zafar
A5056768201,1,48.0,0,John Clyne
A5056785481,1,24.0,0,Bridger Herman
A5056785820,1,14.0,0,Q. Shen
A5056788018,1,0.0,1,Daniel Durstewitz
A5056806073,2,104.0,0,Dominic Schneider
A5056817428,2,48.0,0,Michelle Dowling
A5056819808,2,196.0,0,Magnus Heitzler
A5056861456,1,18.0,0,Philipp Berg
A5056869820,1,98.0,0,J. Michael Boyle
A5056895547,1,2.0,0,Toshiharu Nakai
A5056898219,1,6.0,0,Fahai Zhong
A5056903170,13,419.0,4,Danielle Albers Szafir
A5056910392,1,40.0,0,Juncong Lin
A5056912277,2,459.0,1,Hugues Hoppe
A5056923138,1,13.0,0,S.j. Harrington
A5056931882,1,42.0,0,Michael Smuc
A5056953351,1,645.0,0,Shashank Sunkavalli
A5056962479,2,13.0,0,Daniel Atzberger
A5056963592,3,166.0,0,Morten Lind
A5056968920,1,22.0,0,Aditya Johri
A5056999690,7,318.0,1,Shunan Guo
A5057004360,1,48.0,0,Marlene Baumgart
A5057011942,1,4.0,0,Xin Liang
A5057018104,2,15.0,0,Louis H. Kauffman
A5057053812,1,37.0,0,Jinbin Huang
A5057085103,1,7.0,0,E. Retzel
A5057119434,3,45.0,0,Kalpathi Subramanian
A5057142727,1,72.0,0,Wojciech Basalaj
A5057186073,1,36.0,0,Avital Steinitz
A5057187054,1,5.0,0,John Walter
A5057190776,1,45.0,0,Xiaomin Zhu
A5057193188,1,2.0,0,Evan Greene
A5057213694,1,6.0,0,O. Engelsen
A5057253726,1,2.0,0,Trevor Manz
A5057257940,2,81.0,0,Greg Ross
A5057265169,1,37.0,0,J. Agutter
A5057269672,1,8.0,0,Zheng Wei
A5057272815,1,31.0,0,Oliver Lehmann
A5057284689,1,12.0,0,Running Zhao
A5057285516,1,21.0,0,Jens G. Magnus
A5057286132,1,9.0,0,Thomas A. Foley
A5057291277,1,16.0,0,Zhiyuan Lin
A5057328396,1,0.0,0,A.j. Maeder
A5057351444,1,9.0,0,Lars Hufnagel
A5057360982,1,13.0,0,D. Manocha
A5057364804,1,32.0,0,Frank Reck
A5057374067,1,134.0,0,Richard Souvenir
A5057376907,1,1.0,0,Grigory Antipov
A5057396201,1,18.0,0,Martin Imre
A5057408334,1,11.0,0,A.e. Kaufman
A5057416382,1,12.0,0,Yongheng Wang
A5057417134,1,2.0,0,Jessica Magallanes
A5057447590,1,12.0,0,M. Buser
A5057461751,1,17.0,0,M. Sato
A5057472200,2,87.0,0,Paul Hinker
A5057479477,1,10.0,0,L. Carter
A5057491936,1,4.0,0,M.s.t. Carpendale
A5057504177,1,8.0,0,Dinesh K. Pai
A5057515797,2,16.0,0,Maryam Hosseini
A5057538550,15,1682.0,3,Natalia Andrienko
A5057541630,2,288.0,0,Saleema Amershi
A5057552402,1,85.0,0,Roberto A. Boto
A5057582080,2,23.0,0,Lily W. Ge
A5057612088,1,16.0,0,Tom Peterka
A5057647519,2,124.0,0,Linhao Meng
A5057655212,1,7.0,0,Guoxi Liu
A5057661347,1,6.0,0,Monika Büscher
A5057674322,1,32.0,0,Jason Bryan
A5057690103,1,110.0,0,Andreas Rauber
A5057693492,1,37.0,0,S. Foresti
A5057709184,1,32.0,0,Fabian Günther
A5057713461,1,3.0,0,Federica Bucchieri
A5057720379,1,253.0,0,M. Hanfler
A5057757147,2,59.0,0,Daniel Patel
A5057757200,1,1.0,0,Rahul Duggal
A5057777900,1,62.0,0,A. Brandt
A5057782648,1,26.0,0,Tadija Kekić
A5057788754,1,15.0,0,B.g. Becker
A5057823291,1,69.0,0,Fatih Korkmaz
A5057828898,1,3.0,0,Myoungkyu Lee
A5057841191,1,46.0,0,Shiping Huang
A5057852152,1,24.0,0,R.y. Novoselov
A5057924291,1,46.0,0,Takeo Kanade
A5057952459,1,30.0,0,Zhongzang Lin
A5057953221,1,14.0,0,Bryan Genest
A5057979018,1,22.0,0,Woodie C. Flowers
A5057984570,1,10.0,0,Sami A. Kilic
A5057996752,1,44.0,0,Long Wang
A5058007277,1,33.0,0,Arnulph Fuhrmann
A5058010834,1,44.0,0,Colin Swindells
A5058028526,10,434.0,1,Hans‐peter Seidel
A5058034886,1,20.0,0,Massimiliano Tuveri
A5058039138,3,10.0,0,Andrew Mcnutt
A5058051881,3,55.0,0,Balázs Csébfalvi
A5058068009,1,1.0,0,Rosemarie Mckeon
A5058076540,1,1.0,0,R. Manley
A5058093304,1,3.0,0,Levente Sipeki
A5058099040,1,59.0,0,Joon‐yong Lee
A5058111856,1,111.0,0,Kyle Koh
A5058143784,1,3.0,0,K. Mueller
A5058156675,2,53.0,0,Claudio Delrieux
A5058158315,8,275.0,0,Alireza Entezari
A5058162843,1,0.0,0,Carter Blair
A5058170430,1,23.0,0,Niloy J. Mitra
A5058188259,1,26.0,0,Ivan Barišić
A5058190042,1,67.0,0,E. Margaret Evans
A5058194080,2,113.0,0,Mengdie Hu
A5058196703,6,365.0,1,Kuno Kurzhals
A5058228488,1,5.0,0,Meng Ling
A5058228910,1,19.0,0,Meg Pirrung
A5058252467,1,343.0,0,Zekai J. Gao
A5058266453,1,23.0,1,Jing Qian
A5058325888,1,4.0,0,Jiacheng Yu
A5058345780,1,149.0,0,R. Pompl
A5058347132,1,5.0,0,D. Rossiter
A5058352860,1,5.0,0,G. Daiber
A5058353646,1,30.0,0,Randall K. Smith
A5058360336,10,385.0,3,Daniel F. Keefe
A5058364844,6,252.0,0,Siwei Fu
A5058426115,1,3.0,0,William Yurcik
A5058495937,1,22.0,0,Julie Anshun Yang-peláez
A5058542108,1,34.0,0,P. Tarantino
A5058565457,1,41.0,1,Marc Wolter
A5058572359,1,69.0,0,Peter Passmore
A5058611515,1,6.0,1,Shouling Ji
A5058615764,1,11.0,0,E.l. Raible
A5058618544,1,34.0,0,Steven Schkolne
A5058628582,1,25.0,0,G. Grigoryan
A5058659840,1,14.0,0,A. Brambilla
A5058676844,1,30.0,0,S. Sandra Bae
A5058678073,12,885.0,2,Christophe Hurter
A5058684461,1,15.0,0,Nguyễn Thị Thanh Thủy
A5058687503,1,26.0,0,Kenneth C. Cox
A5058703729,1,2.0,0,S. Ghosh
A5058715670,1,27.0,0,Jin Chen
A5058720963,1,28.0,0,George Legrady
A5058722948,1,5.0,0,O. Staubli
A5058725831,1,16.0,0,Quanjie Zhang
A5058764721,1,92.0,0,Meeshu Agnihotri
A5058829886,1,9.0,0,E. J. Mayland
A5058831244,1,20.0,0,Z Hosssain
A5058848657,1,41.0,0,H. Clemens
A5058864798,1,47.0,0,Larry A. Curtiss
A5058880771,1,4.0,1,Olivier Gladin
A5058894015,1,14.0,0,Clement Shimizu
A5058910937,1,7.0,0,Neil W. Ashton
A5058912459,2,23.0,0,Aida Nordman
A5058918302,1,3.0,1,Madison Elliott
A5058941354,1,50.0,0,R. Van Uitert
A5058956938,3,152.0,2,Arthur J. Olson
A5058983568,1,4.0,0,C. Woodbury
A5059010508,1,89.0,0,Ines Färber
A5059011560,1,31.0,0,Noeska Smit
A5059017367,1,0.0,0,Behnam Tabatabai
A5059021869,3,80.0,0,Hujun Bao
A5059033742,1,90.0,0,E. Antonio Chiocca
A5059045145,1,67.0,0,Mark‐anthony Bray
A5059070871,1,16.0,0,Arin M. Ellingson
A5059096880,3,100.0,0,Joel Lanir
A5059119847,2,85.0,0,Frederick Federer
A5059125158,2,489.0,0,Tolga Taşdizen
A5059159716,2,6.0,0,Klaus Eckelt
A5059179417,1,6.0,0,Stephen Smart
A5059201602,1,14.0,0,Lucian Voinea
A5059206106,2,220.0,0,Johansson Jimmy
A5059219821,1,39.0,0,Adam Finkelstein
A5059407422,4,63.0,0,Usman Alim
A5059410695,2,120.0,0,Nina Mccurdy
A5059426161,1,55.0,0,Sarah H. Creem
A5059426440,1,30.0,0,Björn Zehner
A5059446980,2,231.0,0,Jaakko Peltonen
A5059447967,1,97.0,0,Russell Beale
A5059452338,3,79.0,0,Alethea Bair
A5059489155,1,36.0,0,Sujin Jang
A5059515531,1,96.0,0,Mondrian Hsieh
A5059535412,1,3.0,0,Ravi Samtaney
A5059546193,1,61.0,0,S. Peter Henzi
A5059548467,2,71.0,0,Ren-zhong Li
A5059555128,1,23.0,0,François Gygi
A5059565490,1,31.0,0,Jing Su
A5059565977,2,104.0,0,Benjamin Höferlin
A5059594867,10,2901.0,4,Fernanda Viégas
A5059599640,1,75.0,0,Russell Gayle
A5059628846,1,35.0,0,D. Hempel
A5059641706,1,8.0,0,Frank Keul
A5059655101,2,94.0,0,Jean Scholtz
A5059686266,1,83.0,0,Jatin Chhugani
A5059697947,1,28.0,0,René Caubet
A5059702452,1,107.0,0,Erik‐jan Van Der Linden
A5059711728,1,76.0,0,J. Ebling
A5059742070,6,798.0,0,Enrico Bertini
A5059755187,2,8.0,0,Sven Gedicke
A5059772181,2,30.0,0,Jonathan W. Decker
A5059776687,1,1.0,0,Jed Marti
A5059778636,1,18.0,1,Kan Ren
A5059858286,1,50.0,0,Christopher Giertsen
A5059880235,1,30.0,0,Anselm Spoerri
A5059913680,1,42.0,0,Younis Hijazi
A5059923148,2,142.0,0,Yueqi Hu
A5059940816,1,1.0,0,D. Kamins
A5059958789,2,125.0,0,Gill Barequet
A5059975572,1,7.0,0,J.c. Bennett
A5059995018,1,7.0,0,Anyi Li
A5060029992,2,57.0,0,Helwig Löffelmann
A5060030701,2,32.0,0,Justin Raynor
A5060051494,2,139.0,0,Christopher J. Headleand
A5060051655,2,86.0,0,Matthew Berger
A5060059718,1,18.0,0,Michel Wijkstra
A5060085720,1,27.0,0,Martin Haidacher
A5060113946,1,2.0,0,Douglas G. Dommermuth
A5060129988,1,32.0,0,Yuan He
A5060146626,1,9.0,0,Christopher Kappe
A5060159205,1,80.0,0,Alice Thudt
A5060162507,1,15.0,0,Ángel Alexander Cabrera
A5060176991,1,9.0,0,Nadir Weibel
A5060182416,1,45.0,0,Thomas Zichner
A5060225217,2,50.0,0,Nathan Conklin
A5060227214,2,212.0,1,Dianne Cook
A5060289662,1,1.0,0,Eli Dart
A5060306552,1,4.0,0,C. Gotsman
A5060314525,1,46.0,0,Shengdong Zhao
A5060325633,1,61.0,0,Arvid Lundervold
A5060335365,1,4.0,0,Duncan P. Brumby
A5060363706,4,390.0,0,Jie Bao
A5060428081,1,14.0,0,Shengbin Yue
A5060468015,1,44.0,0,Dmitriy Morozov
A5060479755,1,3.0,0,M Christon
A5060526863,1,0.0,0,L. Petterson
A5060570293,2,82.0,0,Katrin Hegenscheid
A5060574964,2,18.0,0,Keke Wu
A5060588353,1,40.0,0,X. Wang
A5060608833,6,201.0,0,Tingshu He
A5060626774,3,64.0,0,Khairi Reda
A5060647975,1,31.0,0,Alec Jacobson
A5060664606,26,1946.0,2,Torsten Möller
A5060672357,1,100.0,0,Samuel Gerber
A5060698638,2,34.0,0,Vı́ctor Guallar
A5060699796,1,38.0,0,Michael Delz
A5060725233,27,3260.0,4,Jean‐daniel Fekete
A5060741187,1,96.0,0,Steven Skiena
A5060758333,1,7.0,0,Gregory A. Dasch
A5060766689,1,66.0,0,Alberto L. Vazquez
A5060767743,1,18.0,0,I. E. Spektor
A5060791463,1,5.0,0,Marc D.h. Hansen
A5060805711,1,266.0,1,Rongjian Lan
A5060853040,5,156.0,0,Robert Van Liere
A5060860322,2,14.0,0,Ashok Jallepalli
A5060873298,1,30.0,0,Ulrike Hoffmann
A5060888358,5,90.0,1,Sehi L’yi
A5060901632,1,36.0,0,Danny Z. Chen
A5060920196,1,94.0,0,Emil Praun
A5060924462,1,2.0,0,N. Thune
A5060926433,1,141.0,0,Matthias Zeppelzauer
A5060935547,1,30.0,0,Thomas Vetter
A5060939423,2,49.0,0,Ralf Kähler
A5060939522,1,137.0,0,M. Hoeferlin
A5060995530,1,13.0,0,Charles Rozhon
A5061021795,1,33.0,0,Michael Gertz
A5061025905,1,4.0,0,B. Rundell
A5061027107,6,516.0,0,Florian Heimerl
A5061039154,1,16.0,0,Paula Goolkasian
A5061046887,1,19.0,0,Glen N. Williams
A5061059879,13,403.0,0,Timo Ropinski
A5061064862,1,130.0,0,D.r. Schikore
A5061093749,5,72.0,0,Sara Di Bartolomeo
A5061098540,1,1.0,0,W.e. Fordyce
A5061103977,1,353.0,1,Scott Pezanowski
A5061106600,4,195.0,1,Manuela Waldner
A5061113615,2,8.0,0,Annika Bonerath
A5061115862,2,92.0,0,Arlind Nocaj
A5061160324,1,9.0,0,D. G. Toll
A5061160663,1,22.0,0,Brad Colbert
A5061164871,1,15.0,0,Sagar Joglekar
A5061182946,1,17.0,0,Sharmin Choudhury
A5061183466,1,35.0,0,Daniel R. Schikore
A5061191410,1,4.0,0,L. H. Kellogg
A5061223874,2,120.0,1,J. Thompson
A5061232045,1,34.0,0,Russ Burtner
A5061244643,1,4.0,0,Andreas Reimer
A5061254832,1,61.0,0,Erik Korsten
A5061307853,1,20.0,0,Brian Bue
A5061311189,4,144.0,0,John Wenskovitch
A5061319610,1,18.0,0,Lutz Ritter
A5061319921,1,30.0,0,L. Rastäetter
A5061336187,1,46.0,0,WU Ya
A5061338315,1,11.0,0,Golina Hulstein
A5061393594,1,263.0,0,Hansi Senaratne
A5061442851,1,4.0,0,F. Vega-higuera
A5061444760,2,163.0,0,Fereshteh Amini
A5061448746,1,5.0,1,Xiaoyu Qi
A5061454658,4,129.0,0,Joseph Marino
A5061467967,2,310.0,0,Junghoon Chae
A5061469520,1,3.0,0,Haibin Ling
A5061470055,1,32.0,0,Benjamin F. Gregorski
A5061476653,1,70.0,0,Brittany Kondo
A5061485712,1,25.0,0,Robert B. Cook
A5061526935,3,133.0,0,P. Samuel Quinan
A5061536888,1,16.0,0,T. Itoh
A5061568946,2,123.0,0,Eun Kyoung Choe
A5061570075,3,27.0,1,Pepe Eulzer
A5061586847,1,22.0,0,Kay Nieselt
A5061644705,3,99.0,0,David E. Breen
A5061676394,1,5.0,0,Florent Cabric
A5061682032,6,668.0,0,Christian Tominski
A5061692602,1,62.0,0,Renaud Blanch
A5061693039,1,37.0,0,Sheikh Sohel Moon
A5061762301,1,28.0,0,Robert Bosch
A5061782578,1,19.0,0,Jing Ye
A5061797219,1,1.0,0,Kazi Tasnim Zinat
A5061817648,1,11.0,0,Cláudio D. G. Linhares
A5061839283,3,134.0,1,Brian Ondov
A5061850907,2,92.0,0,Zhihua Dong
A5061851752,1,18.0,0,Ramana Rao
A5061859149,4,121.0,0,Katerina Vrotsou
A5061885176,1,8.0,0,Joshua Vander Hook
A5061898871,1,51.0,0,Wes Bethel
A5061917686,1,24.0,0,Sergey V. Matveyev
A5061951606,1,14.0,0,Ryan Cotterell
A5061957179,3,168.0,0,Jia‐kai Chou
A5061966723,1,28.0,0,P. J. Butler
A5061969149,1,10.0,0,Henrik Buchholz
A5061990452,1,16.0,0,Cheonbok Park
A5062000568,1,17.0,0,Louise C. Abbott
A5062007756,1,40.0,1,Kree Cole-mclaughlin
A5062015463,1,34.0,0,Arlen Fan
A5062026103,1,42.0,0,Jia Zeng
A5062034448,1,9.0,0,Kevin G. Yager
A5062039514,3,159.0,0,Christian Sigg
A5062050694,1,24.0,0,Lucy Y. Pao
A5062063748,1,14.0,0,D. Colucci
A5062104077,1,8.0,0,Γ. Σπανός
A5062129811,1,87.0,0,Gina Venolia
A5062159291,1,30.0,1,Mark Giereth
A5062185996,4,177.0,0,Isaac Cho
A5062209759,1,187.0,0,Tara Madhyastha
A5062248644,2,23.0,0,Md Naimul Hoque
A5062270059,1,16.0,0,Kuang-chih Lee
A5062285844,1,109.0,1,Meredith Ringel Morris
A5062288375,1,10.0,0,Matthew C. Fleenor
A5062288739,4,169.0,0,Ken Brodlie
A5062317598,1,46.0,0,Vid Petrovic
A5062325991,2,268.0,0,Chao Ma
A5062405330,1,29.0,0,Wee Siong Ng
A5062410342,1,87.0,0,Fraser Anderson
A5062412211,1,39.0,0,Christopher Koehler
A5062415693,1,87.0,0,Brendan Moyle
A5062463120,3,10.0,0,P. Stevens
A5062478612,1,0.0,0,David Wessel
A5062488503,1,11.0,0,Jochen Fröhlich
A5062494091,1,144.0,1,Ajith Mascarenhas
A5062508174,1,37.0,0,B. Alpern
A5062534271,1,1.0,0,E.t. O'brien
A5062546146,5,573.0,1,Alexander M. Rush
A5062554035,2,107.0,0,Matthias Hopf
A5062586683,1,3.0,0,Mardelle Mccuskey Shepley
A5062614232,4,114.0,2,Wouter Meulemans
A5062642598,3,64.0,0,Jie Li
A5062659292,1,3.0,0,K. Junyaprasert
A5062702770,1,10.0,0,Raad Mohiaddin
A5062703856,7,472.0,0,Armin Kanitsar
A5062711342,5,385.0,0,Scotland Leman
A5062738795,1,14.0,0,Jennifer Konieczny
A5062749833,1,35.0,1,Michael Möck
A5062751205,1,14.0,0,Lin Gao
A5062758812,1,1.0,0,D. Marshburn
A5062766883,1,371.0,1,Florian Stoffel
A5062771767,2,72.0,0,Zachary Wartell
A5062786312,1,20.0,0,Magdalena Schwarzl
A5062793472,1,102.0,0,Haohui Chen
A5062795084,2,70.0,0,Matthew L. Parry
A5062797157,2,84.0,0,Mário Costa Sousa
A5062797994,1,46.0,0,P. J. Narayanan
A5062805121,1,21.0,0,Tino Ebbers
A5062809062,1,3.0,0,P.-k. Hsiung
A5062859783,3,164.0,0,Daniel Haehn
A5062867814,1,13.0,0,Gabor Heinemann
A5062939867,1,7.0,0,Daniel Klötzl
A5062963076,1,9.0,0,Connor Scully-allison
A5062987526,1,173.0,0,Yuzuru Tanahashi
A5063002460,1,149.0,0,H. Wéber
A5063003315,1,21.0,0,Timothy M. Shead
A5063015907,1,3.0,1,Brittany Terese Fasy
A5063020962,1,5.0,0,A. Kaufman
A5063030920,1,37.0,0,Vaidyanathan Krishnamoorthy
A5063037457,1,204.0,0,Amin Jourabloo
A5063059765,1,50.0,0,A. Stephens
A5063064518,1,198.0,1,Charles Gueunet
A5063070612,1,19.0,0,Jimmy Moore
A5063093511,2,78.0,0,Steffen Oeltze
A5063095344,2,239.0,0,Anshul Vikram Pandey
A5063110936,4,100.0,0,Changbo Wang
A5063230893,7,207.0,0,Cody Dunne
A5063248557,1,66.0,0,Joel Shapiro
A5063254269,1,10.0,0,Caroline Paxson
A5063258480,1,54.0,0,Catherine Vance Yeh
A5063269254,1,48.0,0,Clemens Nylandsted Klokmose
A5063273054,1,22.0,0,Chris Henze
A5063337503,1,37.0,0,Christine Mégard
A5063358260,2,54.0,0,Yubo Zhang
A5063362314,2,86.0,0,Holger Stitz
A5063369767,1,53.0,0,Aarthy Sankari Bhaskar
A5063377786,2,26.0,0,Dylan Wootton
A5063379704,1,3.0,0,Boris Bedic
A5063419107,1,8.0,0,Sarah Bardin
A5063426870,4,84.0,0,Peter K. Sorger
A5063443025,5,444.0,0,Ravin Balakrishnan
A5063468572,1,107.0,0,Yong Wan
A5063485695,1,36.0,0,Weixing Lin
A5063502813,1,0.0,0,Qian Gong
A5063512797,1,6.0,0,M.j. Wozny
A5063519388,2,243.0,0,Xun Zhao
A5063533296,1,0.0,0,Mikayla Biggs
A5063536272,1,22.0,0,Rui A. P. Perdigão
A5063547875,1,128.0,0,Jeffrey Leblanc
A5063552978,2,44.0,0,Julio Daniel Silva
A5063555642,2,130.0,0,Andreas Butz
A5063561782,1,6.0,0,Devora Shapiro
A5063572090,1,28.0,0,Stephen Mann
A5063602485,1,85.0,0,Tobias Ruppert
A5063603168,5,369.0,0,Martin Rumpf
A5063619308,1,126.0,0,Gargi Bhattacharya
A5063625747,5,139.0,1,Brian Summa
A5063629557,3,127.0,1,Christine Nothelfer
A5063654457,1,6.0,0,U. Lang
A5063667052,1,23.0,1,Chenglong Wang
A5063685742,1,186.0,0,Yang Liu
A5063698637,1,19.0,0,Reto Wettach
A5063784301,1,10.0,1,B. Chen
A5063799775,1,31.0,0,Michelle Gregory
A5063841582,1,57.0,0,Stephen Correia
A5063877576,1,113.0,0,Mário Popolin Neto
A5063887911,1,3.0,0,Tanmay Kotha
A5063890041,1,8.0,0,Kay Hamacher
A5063919540,1,4.0,0,R.e. Gooch
A5063964395,2,115.0,0,Roxana Bujack
A5063965880,24,1053.0,1,Stefan Brückner
A5064018186,3,37.0,0,William L. Hibbard
A5064020522,2,328.0,1,Carsten Görg
A5064039493,2,11.0,1,Baldur Van Lew
A5064044080,1,8.0,0,U. Kraus
A5064049630,2,56.0,0,Yating Wei
A5064070779,1,24.0,0,C. Williams
A5064073065,1,73.0,0,Kena Desai
A5064073240,1,8.0,0,Hester Huitema
A5064075576,3,325.0,0,C.t. Silva
A5064086312,1,36.0,0,Kenichi Okada
A5064087967,1,0.0,0,Ratanond Koonchanok
A5064090120,1,96.0,0,Francine Evans
A5064119940,1,91.0,0,Beth Yost
A5064127720,1,6.0,0,Jeremy E. Block
A5064144223,1,0.0,0,W. Renz
A5064155521,1,62.0,0,Ryutarou Ohbuchi
A5064202954,1,29.0,0,William Layton
A5064219476,1,27.0,0,Paolo Buono
A5064234075,1,1.0,0,R. Kopelman
A5064234695,1,0.0,0,Y. Yacoob
A5064239794,1,3.0,0,Paul Parsons
A5064259306,1,90.0,0,Bing Ni
A5064300637,4,55.0,0,Guadalupe Canahuate
A5064306421,24,1648.0,0,Alex Endert
A5064357435,2,84.0,0,Carolina Vicente Moraes
A5064384210,1,99.0,0,Cícero A. L. Pahins
A5064425512,1,39.0,0,D.w. Clark
A5064464260,1,12.0,0,Bastien Liutkus
A5064465394,1,16.0,0,Greg Eisenhauer
A5064472477,1,8.0,0,Greg Davidson
A5064478231,1,5.0,0,P. Palamidese
A5064479602,1,32.0,0,Christian Gusenbauer
A5064480048,12,1650.0,1,Bum Chul Kwon
A5064493803,1,15.0,0,E. Coalho
A5064504410,1,30.0,0,Ruhan Yang
A5064561288,1,113.0,0,Brian Meyers
A5064569774,1,12.0,0,Stuart Levy
A5064609689,2,66.0,0,Irene Baeza Rojo
A5064638062,3,15.0,0,Holly Rushmeier
A5064667546,1,25.0,0,Oleg Davydov
A5064682013,1,35.0,0,Kate Herd
A5064684360,1,18.0,0,Johannes Roth
A5064720873,6,930.0,3,Huy T. Vo
A5064723143,3,210.0,0,Fabio Marton
A5064747056,2,84.0,0,Dorit Merhof
A5064771528,1,48.0,0,Aran Lunzer
A5064783559,1,1.0,0,Corentin Kervadec
A5064789947,1,38.0,0,Stephen Curial
A5064807273,1,52.0,0,Claus Peter Heußel
A5064819643,1,57.0,0,Julie Gerdes
A5064828426,1,27.0,0,Ingo Wald
A5064835819,1,27.0,0,Frits Koning
A5064839018,1,64.0,0,Peter J. Stuckey
A5064855107,2,312.0,0,Enxun Wei
A5064858427,1,2.0,0,Alexandre Gerussi
A5064910105,1,5.0,1,Andreas Olligschlaeger
A5064921467,1,0.0,0,R.d. Bergeron
A5064923375,2,10.0,0,Erez Zadok
A5064927253,1,31.0,0,Olga Sorkine‐hornung
A5064929296,1,98.0,0,Zhiqi Liu
A5064931337,9,522.0,2,Eytan Adar
A5064940551,1,29.0,0,Hui Min Watt
A5064972852,1,19.0,0,Shuirun Wei
A5064977849,1,13.0,0,Kevin J. Lande
A5065022341,1,52.0,0,Dirk Mayer
A5065024394,1,67.0,0,Lester Kwock
A5065034146,3,73.0,1,Xiaohan Jiao
A5065039357,1,31.0,0,Rhodri Bown
A5065040154,14,643.0,2,Çağatay Turkay
A5065040704,1,2.0,0,Roberto Paoli
A5065053120,3,110.0,0,Doris Dransch
A5065102984,1,65.0,1,Axel Wendt
A5065154799,1,12.0,0,Daniel Engel
A5065165477,1,19.0,0,Marius Horga
A5065203565,2,8.0,0,Holger Steeb
A5065217532,1,6.0,0,O. Ancuta
A5065218054,3,50.0,0,Eren Cakmak
A5065275615,1,37.0,0,L. Carter
A5065310344,1,20.0,0,Maximilian Weib
A5065310800,8,450.0,0,Fabian Beck
A5065313897,2,72.0,0,Simon Breslav
A5065331110,2,5.0,0,Stefan Zellmann
A5065341054,1,427.0,1,Sean Kandel
A5065366998,1,8.0,0,Lalitha Sankar
A5065371627,5,158.0,0,Panagiotis D. Ritsos
A5065378241,1,41.0,0,Yi Mao
A5065394114,1,52.0,0,Wan-chiu Li
A5065450674,1,34.0,0,Christopher J. Kocmoud
A5065522093,1,11.0,0,Debbie Payne
A5065526744,1,2.0,0,J. D. Joannopoulos
A5065573589,1,19.0,0,Noel F.c.c. De Miranda
A5065590971,1,5.0,0,M. Olree
A5065630217,41,2001.0,6,Han‐wei Shen
A5065631636,1,60.0,0,John L. Sibert
A5065644953,23,1819.0,3,Bongshin Lee
A5065645994,20,1151.0,2,Charles Hansen
A5065678560,1,1.0,0,Jan Moorman
A5065701116,1,19.0,0,Rama Akkiraju
A5065725754,1,57.0,0,Hélio Pedrini
A5065727903,1,7.0,0,Stefan Seipel
A5065773703,1,3.0,0,Tarek K. Alameldin
A5065776273,1,2.0,0,Andreas J. Lind
A5065789205,1,8.0,0,Federico Rossi
A5065796620,1,31.0,0,Hessam Sokooti
A5065799404,1,55.0,0,Andre Schmeißer
A5065813500,3,89.0,0,Ingrid Carlbom
A5065822896,2,398.0,0,Li Tan
A5065868869,8,804.0,1,Nivan Ferreira
A5065873350,2,332.0,0,Manuel M. Oliveira
A5065885664,5,194.0,0,J. L. Zhao
A5065890293,1,14.0,0,Liqun Jin
A5065909000,1,57.0,0,Robert S. Schulman
A5065913646,1,10.0,0,R. Bosche
A5065943691,8,1309.0,0,Michelle A. Borkin
A5065952170,1,74.0,0,Martina Ziefle
A5065954205,1,11.0,1,Hamed Alhoori
A5065970500,2,126.0,0,Dominikus Baur
A5066017612,1,22.0,0,Mihaela Vorvoreanu
A5066036637,2,162.0,0,Paul K. J. Han
A5066042572,1,1.0,0,J.k. Fisher
A5066055220,1,263.0,0,Lars Grammel
A5066063583,1,19.0,0,Caleb Robinson
A5066087105,4,133.0,0,B. L. William Wong
A5066087528,1,38.0,0,Christopher E. Henze
A5066103350,1,12.0,0,Walter Schubert
A5066107323,1,91.0,0,Rahul Sukthankar
A5066119149,1,4.0,0,Eric Newburger
A5066126749,1,19.0,0,Raymond Y. Huang
A5066129879,1,19.0,0,Johan N Siebert
A5066189200,1,22.0,0,Dominik Engel
A5066231441,3,270.0,1,James T. Klosowski
A5066288593,1,12.0,0,Xinchen Zhang
A5066300885,1,13.0,0,Markus Jakobsson
A5066302709,1,0.0,0,Jeffery Chieh Liu
A5066309452,2,108.0,0,Tomoyuki Nishita
A5066335313,14,2849.0,6,Nils Gehlenborg
A5066348455,1,30.0,0,M. L. Mays
A5066351376,1,0.0,0,E. Jurrus
A5066369450,4,71.0,1,Weikai Yang
A5066379340,1,5.0,0,C.l. Bajaj
A5066384533,1,17.0,0,Jeroen Poblome
A5066432601,1,27.0,0,Rudolf Benedik
A5066452819,1,47.0,0,Emmanuel Frécon
A5066479023,1,8.0,0,Yumian Cui
A5066489048,1,14.0,0,Benjamin T. Readshaw
A5066496299,2,20.0,0,Zekai Shao
A5066502063,1,81.0,0,André Skupin
A5066527489,1,41.0,0,Xuejun Hao
A5066551739,1,36.0,1,Nico T. Mutters
A5066553010,1,68.0,0,Stephen M. Smith
A5066572455,1,0.0,0,Adrian Freed
A5066582909,1,8.0,0,Constantine Pavlakos
A5066590358,2,69.0,0,H. Towles
A5066610665,1,25.0,0,Jan‐tobias Sohns
A5066639486,2,4.0,0,Andreas Hinterreiter
A5066653225,1,1.0,0,Simon D. Duque Antón
A5066723434,1,4.0,0,K.w. Bedford
A5066743992,1,117.0,0,Maik Keller
A5066760437,1,4.0,0,M.s. Atkins
A5066767949,1,255.0,0,Alison R. Mercer
A5066809273,1,16.0,0,Florian Foerster
A5066821697,1,22.0,0,Dan J. Thoma
A5066844464,1,3.0,0,M.o. Ward
A5066851412,1,0.0,0,Yansong Chua
A5066854463,1,41.0,1,Marek Behr
A5066876119,1,63.0,0,Katharine Coles
A5066881473,1,155.0,0,Li Yu
A5066884090,1,93.0,0,A. Roman
A5066904286,1,49.0,0,Cheng Deng
A5066910344,1,23.0,0,Mark Last
A5066917584,1,11.0,1,Abdul Rahman Shaikh
A5066927815,4,237.0,0,Rosane Minghim
A5066997182,1,31.0,0,Shengjie Gao
A5067032784,1,61.0,0,Hiroko Nakamura Miyamura
A5067038712,1,277.0,0,Ulrich Clarenz
A5067050903,1,38.0,0,Lijing Lin
A5067074940,1,19.0,0,Bernd Sevenich
A5067091709,1,20.0,0,Deborah R. Wahl
A5067150602,2,66.0,0,Feng Qiu
A5067163020,1,74.0,0,Eugene J. Lengerich
A5067200501,1,18.0,0,Scott Paulson
A5067203735,1,26.0,0,M. Mccool
A5067212091,4,188.0,0,Alark Joshi
A5067224066,2,247.0,0,Joachim Heinrich
A5067251509,1,36.0,1,Inbal Ronen
A5067262667,1,9.0,0,Christopher White
A5067273223,1,46.0,0,Uwe Mikolajewicz
A5067274220,7,695.0,0,Marian Dörk
A5067299224,1,6.0,0,M.h. Brown
A5067299655,2,77.0,0,Peiying Zhang
A5067352490,3,73.0,1,Kalyan Veeramachaneni
A5067399018,2,1.0,0,Nikolaus Piccolotto
A5067400866,1,119.0,0,Andrea J. Liu
A5067406221,1,18.0,0,Jürgen Pleiss
A5067409217,2,12.0,0,Simon Wildermuth
A5067409391,1,6.0,0,M. Mlejnek
A5067411932,1,39.0,0,Zexian Chen
A5067426492,1,12.0,0,Leslie Carr
A5067436265,1,7.0,0,Bangxin Li
A5067447713,1,353.0,1,Alexander Savelyev
A5067456877,3,189.0,0,Greg Turk
A5067457861,1,27.0,0,Eli Packer
A5067465930,1,4.0,0,B.l. Tierney
A5067525108,1,22.0,0,Harry Li
A5067529252,2,35.0,0,Oliver Van Kaick
A5067567951,1,40.0,0,Leslie Wu
A5067621853,1,49.0,0,Alon Halevy
A5067631224,6,195.0,0,Mike Sips
A5067696548,1,0.0,0,Rebecca Nowak
A5067702248,1,57.0,0,Qiaoan Chen
A5067708245,3,69.0,0,G.m. Nielson
A5067716657,1,3.0,0,Geoffrey P. Bingham
A5067722075,2,183.0,0,Enamul Hoque
A5067734926,1,31.0,0,Natallia Kotava
A5067753398,2,25.0,0,Jianguang Weng
A5067755451,1,15.0,0,William H. Alexander
A5067791733,4,205.0,0,Yasuhiro Takeshima
A5067806552,1,18.0,0,Sanjeev Balakrishnan
A5067806910,1,22.0,0,Brant K. Peterson
A5067811410,2,77.0,0,Haleh Hagh-shenas
A5067812040,1,0.0,0,Walter Fontana
A5067830242,3,16.0,1,Katarína Furmanová
A5067833205,1,3.0,0,Sebastian Cmentowski
A5067836089,1,39.0,0,Haibo Dong
A5067850699,1,4.0,0,Yu‐kun Lai
A5067858887,14,289.0,1,Cindy Xiong
A5067871964,1,3.0,0,Il Hyo Jung
A5067876179,1,41.0,0,R. Kevin Mccabe
A5067882992,1,39.0,0,Areti Manataki
A5067898673,1,17.0,0,John J. Socha
A5067921828,1,0.0,0,K. Voegele
A5067935131,1,8.0,0,Abraham Kupfer
A5067957455,1,32.0,0,Jean-pierre Paris
A5067970551,1,29.0,0,N.d. Gershon
A5067973188,1,58.0,0,Ramsay Dyer
A5068008545,22,1561.0,5,Jessica Hullman
A5068010140,1,70.0,0,Offir Remez
A5068022404,1,8.0,0,Francis Kilian
A5068043486,4,94.0,0,Hanghang Tong
A5068076769,5,197.0,0,Ruediger Westermann
A5068080620,1,5.0,1,Yifan Qian
A5068085968,1,130.0,0,Brandon Heller
A5068088058,1,10.0,0,Stefan Eilemann
A5068097374,1,59.0,0,P. Alliezy
A5068100112,1,78.0,0,Ethan Kerzner
A5068115280,1,8.0,0,Lynette Hirschman
A5068157871,1,18.0,0,Nitesh V. Chawla
A5068161656,3,48.0,0,Layne T. Watson
A5068182445,1,46.0,0,Whitney K. Huang
A5068183954,1,11.0,1,Michael L. Rivera
A5068184256,1,30.0,0,Pedro Szekely
A5068206659,1,1.0,0,Brian Mayer
A5068233377,1,14.0,0,Patrick Degener
A5068236602,1,11.0,0,Michael W. Czabaj
A5068312712,1,37.0,0,Evatt R. Hawkes
A5068325176,1,1.0,0,D. Varnadore
A5068340439,1,1.0,1,Kushin Mukherjee
A5068342498,1,59.0,0,Dan Adams
A5068352067,1,96.0,0,Thomas Grechenig
A5068366580,3,67.0,1,Max Sondag
A5068367960,3,10.0,0,Paul Chapman
A5068372464,1,29.0,0,Claurissa J. Tuttle
A5068373092,3,71.0,0,Thomas Sprenger
A5068397167,1,37.0,0,Andrei Hutanu
A5068399763,1,14.0,0,Thomas Kamps
A5068407611,1,69.0,0,Eric Hoffman
A5068425605,4,261.0,0,T.a. Keahey
A5068438408,1,13.0,0,G. Albertelli
A5068438875,4,136.0,2,William E. Lorensen
A5068490260,1,8.0,0,Yansong Huang
A5068502851,1,23.0,0,Jeremy Millar
A5068526974,22,574.0,1,Yunhai Wang
A5068562407,1,47.0,0,John A. Guerra‐gomez
A5068628473,1,1.0,0,V. Kindratenko
A5068628707,1,70.0,0,Ivan Marušič
A5068634259,1,33.0,0,Joel A. Ferstay
A5068638895,4,80.0,0,H.‐g. Pagendarm
A5068640078,1,103.0,0,Anna Barford
A5068697849,1,79.0,0,D. Weiskopf
A5068712059,1,6.0,0,Andy Mcpherson
A5068726823,1,83.0,0,Dohyung Kim
A5068728742,1,4.0,0,Dwayne R. Westenskow
A5068739413,1,61.0,0,Marcus J. Dostie
A5068745544,1,12.0,0,Kaoji Xu
A5068761590,1,29.0,0,Michael A. Bender
A5068784452,1,56.0,0,Katy Börner
A5068799512,13,1473.0,0,Nathalie Henry Riche
A5068805525,4,185.0,0,Kai Xu
A5068819751,1,56.0,0,Marta Kersten‐oertel
A5068843624,1,32.0,0,Jung‐hong Chuang
A5068887375,1,41.0,1,M. Probst
A5068901197,1,4.0,0,V.l. Jacobson
A5068935138,1,65.0,1,Nanxiang Li
A5068955789,2,49.0,0,Laurent Castanié
A5068987191,1,11.0,1,Marcus O.w. Grimm
A5068995314,2,62.0,0,Yves D. Jean
A5069003426,1,39.0,0,Uli Niemann
A5069020320,1,115.0,0,Julian Stahnke
A5069045598,1,28.0,0,Wolf Spindler
A5069050676,1,3.0,0,A.e. Mynett
A5069058817,1,38.0,0,Xiaoliang Zhao
A5069061531,3,73.0,0,Harsh Bhatia
A5069073490,1,53.0,0,Madelaine Daianu
A5069089076,1,24.0,0,Christophe Lenglet
A5069091804,1,2.0,0,B. Olstad
A5069122334,1,109.0,1,Kori Inkpen
A5069124257,3,27.0,0,Frank Zeilfelder
A5069141892,1,5.0,0,Suting Hong
A5069151044,1,20.0,0,M.f. Webster
A5069169190,1,19.0,0,F. S. Nooruddin
A5069196767,1,2.0,0,Greg Finak
A5069201086,1,62.0,0,Nathan D. Winters
A5069204507,2,38.0,0,Xiaoming Wei
A5069231162,1,8.0,0,A.v. Nelson
A5069232944,3,102.0,1,Søren Knudsen
A5069237103,1,49.0,0,Adam Bradley
A5069238142,1,90.0,0,Hausi Müller
A5069258780,1,81.0,0,Michael Brooks
A5069276789,2,130.0,0,Harinarayan Krishnan
A5069325685,1,0.0,0,K. Morla
A5069345038,1,2.0,0,Peter Cahoon
A5069353502,1,12.0,0,Jianwei Yin
A5069354316,1,26.0,0,W. Heidrich
A5069361331,1,20.0,0,Yun Wang
A5069363449,1,17.0,0,Xumeng Wang
A5069364285,2,33.0,0,Gabriel Mistelbauer
A5069370648,1,70.0,0,Daniel Fink
A5069394495,1,29.0,0,Anushiya Arunan
A5069422375,1,4.0,0,Y. Zhang
A5069428198,2,151.0,0,Peter Kohlmann
A5069432916,1,33.0,0,David Turo
A5069438601,1,264.0,1,Mark Gahegan
A5069465197,1,44.0,0,Paula Pfeifle
A5069520656,1,0.0,0,R.l. Phillips
A5069553149,1,3.0,1,Cullen D. Jackson
A5069561569,2,30.0,0,Natkamon Tovanich
A5069573218,1,12.0,0,Foroozan Daneshzand
A5069593762,2,72.0,1,Eric A. Bier
A5069593831,1,7.0,0,Craig Burton
A5069603364,1,43.0,0,Dmitry A. Storchak
A5069605631,1,32.0,0,David G. C. Hildebrand
A5069607494,3,14.0,0,Kay A. Robbins
A5069623056,1,15.0,0,Senthil Chandrasegaran
A5069654367,1,5.0,0,Yannick Assogba
A5069671253,1,62.0,0,Peter Macko
A5069672953,1,44.0,0,Emanuel Zgraggen
A5069699303,1,14.0,0,Dirk A. Lorenz
A5069708834,1,44.0,0,Volker Klemann
A5069713271,1,87.0,0,Björn Krüger
A5069735203,1,3.0,0,W. Smith
A5069793576,2,641.0,1,V.l. Crow
A5069794837,1,170.0,0,Benjamin Hoover
A5069796262,1,8.0,0,T. Schafhitzel
A5069800147,2,74.0,0,Jiřı́ Hladůvka
A5069807913,1,11.0,0,Jordi Ventosa-molina
A5069812590,1,134.0,1,Jeff Senn
A5069832903,1,8.0,0,P.l. Nunez
A5069853790,3,87.0,0,Doug A. Bowman
A5069861564,2,38.0,0,Koji Koyamada
A5069863105,1,12.0,0,C. Henze
A5069865106,1,6.0,0,Qiangqiang Liu
A5069869295,1,22.0,0,Dawei Cheng
A5069909173,1,9.0,0,Brock A. Wester
A5069909357,1,76.0,0,Sabrina Bresciani
A5069923620,6,163.0,0,Rahul C. Basole
A5069933095,1,3.0,0,Ji‐hee Sung
A5069933365,2,66.0,1,Mengdi Sun
A5069939725,3,52.0,0,Stefan Lindholm
A5069943922,1,0.0,0,Kathleen C. Howell
A5069974313,6,386.0,1,Jonathan Woodring
A5069999967,3,224.0,0,Herbert Edelsbrunner
A5070010340,1,14.0,0,James T. Enns
A5070017368,1,19.0,0,Jason Wiese
A5070054672,1,49.0,0,Bart D. Peters
A5070061774,3,1596.0,2,Kanit Wongsuphasawat
A5070075266,1,6.0,0,Huayuan Ye
A5070100758,4,270.0,0,Yi‐jen Chiang
A5070138738,1,6.0,0,P. Mackerras
A5070145454,1,1.0,0,Viswanath Aluru
A5070145952,1,28.0,0,James Vanderhyde
A5070162998,4,287.0,0,Bernhard Jenny
A5070173161,1,4.0,0,Matthew C. Humphrey
A5070181158,1,40.0,0,Jincheng Jiang
A5070188725,1,47.0,0,Shizhao Sun
A5070235827,1,83.0,0,A. Kyker
A5070284079,2,302.0,0,Bruce H. Thomas
A5070293533,1,45.0,0,G.n. Phillips
A5070297369,1,28.0,0,Trenton C. Pulsipher
A5070324349,1,29.0,0,Adrian Maries
A5070355275,2,43.0,0,S. Stegmaier
A5070362915,1,48.0,0,P. Cotture
A5070375205,1,97.0,0,Junlin Liu
A5070417318,1,1.0,0,X. Wu
A5070420968,1,51.0,0,Angela Mellema
A5070422569,1,1.0,0,Jan Mičan
A5070424474,1,266.0,1,Megan Monroe
A5070427400,2,100.0,0,Tom Bobach
A5070430680,1,134.0,0,Kenney Ng
A5070461768,1,49.0,0,Zhenhua Xu
A5070470137,1,7.0,0,Peter Kochevar
A5070473813,1,18.0,0,Sandra Bringay
A5070476541,1,126.0,0,Eston Schweickart
A5070488104,1,119.0,0,Angelos Chatzimparmpas
A5070490534,1,12.0,0,W. Krueger
A5070551319,3,88.0,0,David M. Krum
A5070554434,1,6.0,1,Minxin Cheng
A5070561741,1,26.0,0,E. Fanea
A5070589478,1,31.0,0,David Santek
A5070654925,1,16.0,0,E.b. Lum
A5070656779,1,61.0,0,M. Ewert
A5070664464,1,266.0,0,Waqas Javed
A5070664467,1,2.0,0,М. Б. Шнеерсон
A5070668582,1,8.0,0,Milo V. Kral
A5070670810,26,1000.0,3,Klaus Mueller
A5070679434,1,2.0,0,Nikolaos Karadimitriou
A5070684680,5,127.0,0,Marcel Worring
A5070761053,1,2.0,0,Sarah Schöttler
A5070772234,1,141.0,0,Dieter W. Fellner
A5070786820,1,53.0,0,Susanne K. Suter
A5070786833,1,9.0,0,R. Mcdermott
A5070809474,1,6.0,0,H.-g. Pagendarm
A5070883643,1,5.0,0,Anas Daghistani
A5070909977,1,55.0,0,Edwin De Jonge
A5070927396,1,20.0,0,Tavi Murray
A5070949080,1,5.0,0,E.m.m. Manders
A5070956346,7,313.0,1,Joshua A. Levine
A5070966718,3,237.0,0,Guy Mélançon
A5070975377,3,118.0,0,James Tompkin
A5070997520,2,167.0,0,Edward L. Robertson
A5071007779,3,57.0,1,Eunyee Koh
A5071052343,2,66.0,0,Boris Jeremić
A5071066797,7,393.0,0,Samuel Huron
A5071070416,1,22.0,0,Ronnel B. King
A5071074745,1,8.0,0,S.k. Law
A5071094223,1,0.0,0,Takayuki Itoh
A5071098711,2,37.0,0,Juri Buchmüller
A5071098748,1,4.0,0,A.e. Kaufman
A5071106803,1,28.0,0,Beresford Ν. Parlett
A5071122261,1,15.0,0,Shantanu Singh
A5071156124,1,19.0,0,Brian Barr
A5071170000,1,6.0,0,Dominik Meier
A5071180150,1,126.0,0,Isaac Dykeman
A5071183334,2,45.0,0,Miguel Á. Otaduy
A5071220385,5,399.0,0,Hans Hagen
A5071234214,4,272.0,0,Camilla Forsell
A5071275461,1,140.0,0,Patrick Fiaux
A5071286871,1,19.0,0,Anja C. Schunke
A5071340641,1,158.0,0,Andreas Lamprecht
A5071356824,8,362.0,0,Aoyu Wu
A5071390048,3,41.0,0,Martin Nöllenburg
A5071409292,2,11.0,0,Yun-hsin Kuo
A5071409576,1,50.0,0,A. Gay
A5071444700,2,99.0,0,Xiangtong Chu
A5071520445,1,19.0,0,M. Hadwiger
A5071520966,1,63.0,1,James L. Helman
A5071523897,1,28.0,0,László Szirmay‐kalos
A5071545016,1,143.0,0,Benjamin Tissoires
A5071560359,11,506.0,2,Ying Zhao
A5071602354,1,12.0,0,Gerald M. Pao
A5071641412,1,2.0,0,Arjun Choudhry
A5071662958,1,32.0,1,Genghuai Bai
A5071681891,12,816.0,3,Aidan Slingsby
A5071682938,1,0.0,0,S.j. Young
A5071706843,1,71.0,0,Tear Marie Green
A5071723951,4,416.0,0,Halldór Janetzko
A5071733793,1,67.0,0,Sasha Schriber
A5071755113,1,427.0,1,Andreas Paepcke
A5071758656,1,15.0,0,Harald Garcke
A5071777317,1,9.0,0,Rongzheng Bian
A5071829277,1,10.0,0,Hee‐joon Bae
A5071837282,1,38.0,0,Davood Rafiei
A5071857918,1,66.0,0,W. De Leeuw
A5071892737,3,48.0,1,Ellen Yi–luen
A5071893913,2,84.0,0,Timothy Major
A5071898071,19,837.0,2,Christoph Garth
A5071922502,1,6.0,0,Marian Talbert
A5071924144,1,32.0,0,Christian Blecha
A5071925791,1,38.0,0,Simone Lenti
A5071936673,1,19.0,0,Tyler Jacks
A5071994103,1,19.0,0,J. M. Jessup
A5072003057,1,4.0,0,E. Bayer
A5072030504,1,3.0,0,R.h. Thibadeau
A5072037690,1,0.0,0,G. Domokos
A5072048687,1,497.0,0,Mark V. Pauly
A5072051036,3,122.0,0,Juhee Bae
A5072067957,1,62.0,0,Paul Issartel
A5072128914,1,23.0,0,Sylvie Ranwez
A5072130557,1,165.0,0,Erik Wistrand
A5072137303,1,7.0,0,Z. Ahmed
A5072140184,1,7.0,0,S. Prohaska
A5072182270,1,0.0,0,T.t. Elvins
A5072183933,1,13.0,0,Christoph Hafemeister
A5072207781,2,111.0,0,Keith Andrews
A5072234144,1,6.0,0,Yuanyang Zhong
A5072242598,1,11.0,0,E. Golin
A5072243347,3,202.0,0,Brian Fisher
A5072249624,1,32.0,0,Lei Shi
A5072259452,2,72.0,0,Matús Straka
A5072277937,2,86.0,0,Chris Rooney
A5072282499,1,69.0,0,Kc Claffy
A5072301014,1,12.0,0,Gordon Woodhull
A5072306303,1,9.0,0,Lucas Schütz
A5072311778,1,31.0,0,Marco C. Deruiter
A5072338549,1,16.0,0,Steve Sylvester
A5072366651,1,3.0,0,Juergen Lerner
A5072366959,1,9.0,0,Nagaraju Dhanyasi
A5072369536,1,18.0,0,T. Tenev
A5072370411,1,136.0,0,Bernard J Kerr
A5072386149,1,9.0,0,Anne Laprie
A5072391184,1,5.0,0,M. Bert
A5072393155,1,84.0,0,Florian Lindemann
A5072397278,1,5.0,1,Namyong Park
A5072418452,1,5.0,1,M. Cristina Magli
A5072464496,1,1.0,0,Thomas Spengler
A5072475394,2,85.0,0,Alessandra Angelucci
A5072551350,1,9.0,0,Sayef Azad Sakin
A5072566909,2,84.0,0,Rainer Burgkart
A5072582272,1,1.0,0,Anna‐pia Lohfink
A5072584079,1,46.0,0,Helena Mitášová
A5072598654,7,487.0,1,Daniela Oelke
A5072621491,2,24.0,0,Tianyang He
A5072624020,1,158.0,0,Irene Reppa
A5072631742,1,7.0,0,Thomas Schreiber
A5072633418,1,14.0,0,Shauli Ravfogel
A5072638742,1,45.0,0,Sonia Castelo
A5072646878,1,16.0,0,Sunghyo Chung
A5072651383,1,207.0,0,Jina Suh
A5072665632,1,106.0,0,Terece L. Turton
A5072682773,1,14.0,0,Michael Xieyang Liu
A5072684302,1,37.0,0,Ghassan Hamarneh
A5072687280,4,97.0,1,Daniel Jönsson
A5072697451,3,96.0,1,Norbert Lindow
A5072700322,12,215.0,3,Peter Rautek
A5072704951,2,111.0,0,Biswaksen Patnaik
A5072729601,1,6.0,1,Yuwen Pu
A5072790987,1,13.0,0,Mario L. Arrieta‐ortiz
A5072794464,1,0.0,0,Wayne Schlei
A5072801804,1,15.0,0,Richard E. Parent
A5072827199,1,303.0,0,Marc Alexa
A5072912898,1,2.0,0,Eric Mörth
A5072913146,1,46.0,0,D. F. Scollan
A5072913460,1,3.0,1,Yu Qin
A5072951828,3,153.0,0,Yu-shuen Wang
A5073000458,6,234.0,1,Furui Cheng
A5073004897,1,1.0,0,Yi Li
A5073022588,1,36.0,1,Markus Höhn
A5073023637,1,6.0,0,R. Vickery
A5073025632,1,1.0,0,B.m. Collins
A5073040942,1,19.0,0,Gerhard Pittino
A5073048518,1,1.0,0,Po-yu Tsai
A5073054870,1,2.0,0,Shiyu Cheng
A5073072534,1,8.0,0,O. Fechtig
A5073076477,1,13.0,0,Michael Stephanides
A5073093566,1,23.0,0,Amir Hossein Hajizadeh
A5073099181,1,57.0,0,L. Florian
A5073124436,2,107.0,0,Jun Han
A5073133012,2,213.0,0,Paul Whitney
A5073158087,1,34.0,0,Jingrui He
A5073160850,1,1.0,0,Daniel Baumgärtner
A5073188354,3,68.0,1,Aditeya Pandey
A5073217289,3,67.0,1,Matej Mlejnek
A5073223235,1,19.0,0,Jianyi Lee
A5073294201,1,37.0,0,Lisa Tweedie
A5073303697,1,7.0,0,Christopher Burns
A5073315969,1,19.0,0,Geoffrey S. Young
A5073317592,1,19.0,0,D. Breeny
A5073325011,1,75.0,0,Eun Ju Nam
A5073334482,1,2.0,0,Amy Rae Fox
A5073352990,1,17.0,0,Haoran Xu
A5073361458,1,5.0,0,V. Siddavanahalli
A5073367627,1,0.0,0,Klaus Nordhausen
A5073380270,1,9.0,0,J. Giesen
A5073389678,1,16.0,0,Hyeshin Chu
A5073390127,1,144.0,0,Nancy J. Nersessian
A5073390361,1,37.0,0,Chen Shi
A5073411496,1,0.0,0,Philip Peterson
A5073413849,1,5.0,0,M. Braun
A5073416704,1,0.0,0,W. Krueger
A5073455439,1,51.0,0,Mai Elshehaly
A5073465792,2,200.0,0,Al Globus
A5073468085,1,11.0,0,M.p. Persoon
A5073501210,1,10.0,0,Saikumar Jayaraman
A5073513100,1,1.0,0,Alice Chu
A5073516753,5,204.0,2,Fan Du
A5073517181,1,15.0,0,J.k. Rayson
A5073518798,1,9.0,0,R.j. Moorehead
A5073601420,1,57.0,0,D. Manocha
A5073612551,1,2.0,0,M. Marietta
A5073619125,45,2410.0,3,Daniel Weiskopf
A5073630563,1,23.0,0,Donald J. Jacobs
A5073654463,1,10.0,0,Cory Quammen
A5073678051,1,6.0,0,Romain Bourqui
A5073689447,1,20.0,0,Alexandra Voit
A5073690794,1,144.0,0,Christoph Berger
A5073712698,1,61.0,0,Wolfgang Heidrich
A5073731680,7,346.0,0,Justin Talbot
A5073766158,1,14.0,0,D. Dovey
A5073784823,3,165.0,1,Jos B. T. M. Roerdink
A5073803727,1,16.0,0,Ernesto Bjerg
A5073824469,1,9.0,0,O.p. Gandhi
A5073826947,1,39.0,0,T.c. Housel
A5073851063,1,25.0,0,Jörg Haber
A5073864158,1,2.0,0,T. Bernadin
A5073867643,1,2.0,0,Martin Riemer
A5073883269,1,11.0,0,Tom Welsh
A5073883651,1,3.0,0,D. Small
A5073887866,1,16.0,0,Sungbok Shin
A5073903190,1,1.0,0,S. H. Zhang
A5073919282,44,3617.0,3,Daniel A. Keim
A5073919810,4,58.0,0,Xavier Cavin
A5073935117,3,138.0,0,Rudolf Netzel
A5073944724,1,14.0,0,Rory James Zauner
A5073946580,1,37.0,0,Xiaoning Qian
A5073968910,1,28.0,0,Sikun Li
A5073981209,1,83.0,0,Kurt E. Augustine
A5073985902,1,44.0,0,Sabine Girod
A5073986937,50,2498.0,5,Yingcai Wu
A5073997373,1,5.0,0,P. Brewster
A5074006931,7,297.0,2,Takanori Fujiwara
A5074011246,1,50.0,0,Brian A. Wandell
A5074020575,1,29.0,0,Adam Kunen
A5074038943,3,83.0,0,Junxiu Tang
A5074051310,1,18.0,0,Michael Suehling
A5074061303,3,305.0,1,Jack Snoeyink
A5074068834,1,1.0,0,Axel J. Soto
A5074072259,2,55.0,0,Dongming Han
A5074126331,2,248.0,0,Udo Schlegel
A5074158275,1,25.0,0,Md Amiruzzaman
A5074161314,2,77.0,0,Paolo Simonetto
A5074196720,1,26.0,0,Rob Hess
A5074232458,1,3.0,0,J. Meade
A5074246360,1,9.0,0,Shenghan Gao
A5074260102,1,27.0,0,Andrew Lumsdaine
A5074273683,1,1.0,0,Fan Mu
A5074306833,2,110.0,0,Xian Teng
A5074351233,3,114.0,2,Ko-chih Wang
A5074352715,3,58.0,0,David Duke
A5074352820,3,55.0,0,Bruno Lévy
A5074353293,1,84.0,0,Lee M. Seversky
A5074354806,1,19.0,0,Ádám Stefkovics
A5074356338,1,5.0,0,Kyla J. Hildebrand
A5074371974,1,38.0,0,Tiziana Catarci
A5074461084,1,4.0,1,Lanxi Xiao
A5074502941,1,100.0,0,Holly A. Taylor
A5074503362,1,119.0,0,Cindy Jin
A5074505450,1,0.0,0,Laurin Herr
A5074529716,1,105.0,0,Zhiyong Guo
A5074536820,1,26.0,0,Elisa De Llano
A5074546601,1,37.0,0,Martha Sharp Joukowsky
A5074614288,1,4.0,0,C.-c.j. Yen
A5074689835,1,7.0,0,Thomas Frühauf
A5074718306,1,36.0,0,Hao Zheng
A5074720071,2,79.0,0,Mikael Jern
A5074724644,3,42.0,0,Michael Stonebraker
A5074734666,14,628.0,4,Julien Tierny
A5074749667,1,13.0,0,Vanessa Serrano
A5074768455,1,4.0,0,L. Nyland
A5074769385,1,13.0,0,Bruno Raffin
A5074812706,1,3.0,0,Jeffrey Uhlmann
A5074812838,1,10.0,0,Denis M. Larkin
A5074825049,1,1.0,0,Kurt Stockinger
A5074826919,1,18.0,0,Nathalie Lalande
A5074842294,1,13.0,0,Hans‐peter Bunge
A5074870798,1,8.0,0,C.t. Silva
A5074871409,2,39.0,0,Michael Hund
A5074943736,4,154.0,1,David Kenwright
A5074948196,1,6.0,0,B.m. Dennis
A5074955847,1,18.0,0,Chi-chun Pan
A5074985413,7,663.0,1,Yvonne Jansen
A5074995621,1,68.0,0,Uta Preim
A5075016588,1,0.0,0,E. Nolazco
A5075020027,2,160.0,0,Luc Wilson
A5075030851,1,23.0,0,Xiaohong Ye
A5075039720,1,6.0,0,A.b. Rebello
A5075052652,2,99.0,0,Eamonn Maguire
A5075056899,1,42.0,0,Karrie Karahalios
A5075091403,1,27.0,0,T. Leibfried
A5075105267,1,3.0,0,Thomas J. True
A5075129418,1,18.0,0,Marc R. Ilgen
A5075135613,2,75.0,0,Michael S. Brown
A5075158351,1,0.0,0,M. Roth
A5075163834,1,1.0,0,C. Weigle
A5075164471,1,18.0,0,Serge Aluker
A5075178545,1,2.0,0,Guan Li
A5075186536,1,1.0,0,R. Superfine
A5075195058,1,19.0,0,Magnus Borga
A5075203791,1,11.0,0,P. Rheingans
A5075206197,1,22.0,0,Minsu Ahn
A5075208956,2,112.0,0,Jan Sahner
A5075221940,1,92.0,0,Jonathan Stray
A5075239258,1,81.0,1,Yaqi Qin
A5075259746,1,0.0,0,Hans Seidel
A5075262449,1,107.0,0,Hideo Otsuna
A5075266751,1,6.0,0,R. Yagel
A5075295171,3,140.0,0,Alireza Karduni
A5075308601,1,29.0,0,Michael S. Marshall
A5075309604,1,55.0,0,Derek Xiaoyu Wang
A5075318719,1,18.0,0,Maguelonne Teisseire
A5075360338,3,77.0,0,Craig Gotsman
A5075380505,1,34.0,0,A. Van Gelder
A5075396066,1,51.0,0,Natasha Alvarado
A5075473605,1,5.0,0,José F. De Queiroz Neto
A5075500139,1,19.0,0,Venkatram Vishwanath
A5075507551,1,4.0,0,Rolf Ernst
A5075539047,3,305.0,0,Bernd Froehlich
A5075543149,1,48.0,0,Chris Gates
A5075562509,2,86.0,0,Tim Lammarsch
A5075564747,1,4.0,0,Kevin Wampler
A5075567046,1,41.0,0,C.h. Lee
A5075572197,1,32.0,0,Colin Fredericks
A5075591650,1,5.0,0,Matthew A. Barish
A5075596050,1,55.0,0,Imma Boada
A5075610337,1,6.0,0,David Uribe
A5075620925,1,12.0,0,Zhiyang Shen
A5075642225,1,8.0,0,David Day
A5075651562,4,18.0,1,Nate Morrical
A5075657569,1,22.0,0,Florence Nicol
A5075684728,1,154.0,1,Richard J. Lobb
A5075684986,3,143.0,1,C. Hansen
A5075706330,1,27.0,0,Lvkeshen Shen
A5075706889,2,27.0,1,Jakob Troidl
A5075722001,4,111.0,0,Angus G. Forbes
A5075733431,1,10.0,0,Thomas M. Hamill
A5075733920,1,6.0,0,Eric J. Rawdon
A5075766572,1,40.0,0,Sarah Burke
A5075773750,3,87.0,0,Werner Purgathofer
A5075780861,5,128.0,0,Gordon Erlebacher
A5075797943,1,61.0,0,Y. Hoshiya
A5075817746,1,4.0,0,Peter Lüders
A5075846286,1,38.0,0,Bhavya Ghai
A5075850097,1,18.0,0,Agnès Braud
A5075870288,2,9.0,0,Zhaohua Ding
A5075876111,2,44.0,0,Dong Hyun Jeong
A5075918903,1,14.0,0,Gene Golovchinsky
A5075939839,2,34.0,0,Shishi Xiao
A5075947472,5,784.0,1,Conglei Shi
A5075970233,1,5.0,0,Andrew V. Royappa
A5076001214,2,49.0,1,Minh X. Nguyen
A5076034475,1,56.0,0,Shenghui Cheng
A5076036737,1,1.0,1,Brian Yin
A5076075267,1,19.0,0,Byonghyo Shim
A5076081056,1,40.0,0,Haipeng Cai
A5076085101,1,16.0,0,K. Santilli
A5076189854,1,115.0,0,Michael S. Bernstein
A5076199482,1,11.0,0,Takaharu Miyoshi
A5076210591,1,130.0,0,Xi Zhu
A5076214057,1,38.0,0,Olivier Thonnard
A5076238397,1,12.0,0,G. Stoll
A5076239296,1,164.0,1,Luana Micallef
A5076261285,1,5.0,0,Jiali Wang
A5076306018,1,2.0,0,Danni Liu
A5076331387,2,33.0,0,Katrien Verbert
A5076364495,2,26.0,1,Erin Mcgowan
A5076411627,1,6.0,0,P. Gritsai
A5076423724,1,182.0,0,Fangzhao Wu
A5076428998,1,36.0,1,Marcel Wunderlich
A5076430518,2,181.0,0,Dipayan Maiti
A5076446487,1,83.0,1,Dave Brown
A5076455568,1,7.0,0,Jean M. Favre
A5076466786,1,2.0,0,Manlio Massiris Fernandez
A5076477022,1,5.0,0,P.j. Smith
A5076519275,2,114.0,0,James Agutter
A5076524203,2,243.0,0,Ruigang Yang
A5076532363,9,1861.0,2,Frank Van Ham
A5076545746,2,120.0,0,Rick Kazman
A5076551093,3,122.0,1,Jochen Görtler
A5076558585,1,0.0,0,P.j. Mercurio
A5076564852,2,0.0,0,R. Vanliere
A5076567941,1,47.0,0,Christoph Kubisch
A5076580436,1,10.0,0,Maria M. Loughlin
A5076584054,1,718.0,1,Jesse Kriss
A5076622540,3,80.0,1,Subhashis Hazarika
A5076643407,1,109.0,1,Zening Qu
A5076694922,2,56.0,0,Jessie Kennedy
A5076733321,3,189.0,0,Florian Mansmann
A5076734836,1,10.0,0,Zafar Ahmed
A5076741848,1,276.0,1,Danilo Barbosa Coimbra
A5076756639,1,36.0,1,Markus Petzold
A5076768552,3,44.0,0,Peter Wonka
A5076776861,1,37.0,0,Charles W. Grant
A5076798669,1,90.0,0,Thomas S. Deisboeck
A5076808965,1,10.0,0,Ugo Varetto
A5076832321,1,156.0,0,Monica Tavanti
A5076852435,1,59.0,0,Katharina Reinecke
A5076860785,5,183.0,0,Ayan Biswas
A5076870800,1,36.0,1,Karl Bladin
A5076895332,1,13.0,0,Steven P. Reiss
A5076924738,1,167.0,0,C.t. Silva
A5076925843,1,42.0,0,Shuxin Wang
A5076939820,1,4.0,0,J. De Corral
A5076947913,4,282.0,1,Honghui Mei
A5076956337,2,51.0,0,Malgorzata Migut
A5076979824,1,41.0,0,Filip Dabek
A5077000036,1,18.0,1,Nan Chen
A5077003401,1,4.0,0,M. Margaliot
A5077096282,1,32.0,0,Olaf Kolditz
A5077119810,1,11.0,0,C.t. Silva
A5077148853,6,906.0,0,Anushka Anand
A5077182970,1,0.0,0,Jean Krivine
A5077188850,1,11.0,0,Baldwin Nsonga
A5077190153,1,26.0,0,Jeffrey A. Stevens
A5077191719,27,1697.0,1,Bernd Hamann
A5077204103,5,200.0,0,Marcel Breeuwer
A5077206384,1,15.0,0,P. Shirley
A5077256212,1,39.0,0,Jason J. Levit
A5077257816,1,20.0,0,Andrew W. Moore
A5077258803,2,185.0,0,Jan Van Gemert
A5077270817,1,3.0,0,L. Voinea
A5077297224,2,310.0,0,B. Mcdonnel
A5077297626,2,157.0,0,Federico Ponchio
A5077298065,1,8.0,0,Aoxue Liu
A5077314929,1,59.0,0,Emílio Vital Brazil
A5077317339,1,12.0,0,Edith C.‐h. Ngai
A5077331168,2,163.0,0,Peter Zolliker
A5077344773,1,156.0,0,Sven Bachthaler
A5077379829,1,75.0,0,Yiping W. Han
A5077397211,1,14.0,0,Klaus Reichenberger
A5077410212,1,8.0,0,Zhengxiang Wang
A5077436220,1,144.0,1,Alexei A. Efros
A5077439244,2,164.0,1,W.e. Lorensen
A5077448787,1,1.0,0,M. Hall
A5077450520,2,14.0,0,Vaishali Dhanoa
A5077488582,1,59.0,0,Xiaoyan Kui
A5077490455,1,133.0,0,Kevin Buchin
A5077494833,1,73.0,0,James D. Foley
A5077522919,1,67.0,0,Maria Tekusova
A5077525727,1,38.0,0,Giuseppe Santucci
A5077551675,1,89.0,0,Fabian Maas
A5077554409,1,9.0,0,Scott Atchley
A5077564236,1,18.0,0,J. Lohse
A5077567327,1,24.0,0,Daniel Olson
A5077578999,1,7.0,0,Ikhyun Park
A5077620183,1,17.0,0,Andreas Glatz
A5077645218,1,53.0,0,Ralph Brecheisen
A5077663928,5,184.0,0,Colin Ware
A5077676989,1,2.0,0,Eric Cowgill
A5077712580,18,1362.0,1,David Gotz
A5077783676,8,1286.0,1,Arvind Satyanarayan
A5077811422,1,19.0,0,Byeonghun Lee
A5077824437,1,52.0,0,Mao Lin Huang
A5077866666,1,9.0,0,Nan Chen
A5077897234,1,32.0,0,Pascal Gros
A5077903750,1,1.0,0,Larry Smithmier
A5077940635,5,169.0,0,Johann Kastner
A5077955263,4,79.0,0,Thomas Butkiewicz
A5077973472,1,73.0,0,Frank Losasso
A5078009095,1,29.0,0,Robert M. Boudreau
A5078024533,1,17.0,0,E. Gawlinski
A5078046532,1,2.0,0,Derek Gray
A5078083248,1,31.0,0,Robert A. Cross
A5078086722,6,407.0,1,Jürgen Bernard
A5078104762,1,38.0,0,Laura Von Rüden
A5078112255,1,76.0,0,Nazanin Kadivar
A5078127596,2,42.0,0,Bernhard Kainz
A5078137076,3,34.0,0,Stéfanie Hahmann
A5078138445,2,144.0,0,Guang Lin
A5078148971,1,66.0,0,Hans Lamecker
A5078150260,2,46.0,0,Haichao Miao
A5078150331,1,16.0,0,D.g. Kerlick
A5078170988,1,9.0,1,Matthew Butler
A5078173428,4,189.0,0,Sung‐eui Yoon
A5078198844,1,18.0,0,Jiacheng Pan
A5078212008,1,39.0,0,Luiz Morais
A5078217605,1,13.0,0,S. Ethier
A5078222237,1,11.0,0,Samuel Leventhal
A5078247403,1,18.0,0,Frederick P. Brooks
A5078255818,2,90.0,0,Radu Jianu
A5078268469,2,70.0,0,John Plate
A5078268992,1,2.0,0,Hanze Jia
A5078275988,1,7.0,0,Christophe Winkler
A5078297482,1,76.0,0,Victor Chen
A5078304037,2,25.0,0,Gabriel Appleby
A5078317897,4,155.0,0,Ryan Wesslen
A5078324359,1,90.0,0,Carlo Pierpaoli
A5078340650,1,30.0,0,Jarrett L. Johnson
A5078390327,3,469.0,0,Dennis Thom
A5078394037,2,30.0,0,Siwei Tan
A5078424052,2,23.0,1,Samer S. Barakat
A5078452051,1,86.0,0,Georg Fuchs
A5078465566,1,29.0,0,Maurizio Pizzonia
A5078466092,1,10.0,0,Kurt Kremer
A5078468440,1,17.0,0,J.r. Wright
A5078494006,1,33.0,0,Lawrence H. Staib
A5078505477,1,11.0,0,R. Spell
A5078526118,1,28.0,0,Clio Andris
A5078536303,7,695.0,2,Samuel Gratzl
A5078538935,2,74.0,0,Ian M. Thornton
A5078554761,1,20.0,0,B. B. Van Der Horst
A5078565296,13,467.0,1,Xiao Xie
A5078567249,1,49.0,0,Naohisa Sakamoto
A5078588110,1,28.0,0,Vitalis Wiens
A5078618116,1,9.0,0,J. Fischer
A5078653899,3,112.0,0,Cristian Felix
A5078687182,1,67.0,0,Michael Horn
A5078691743,1,1.0,0,Yan-jen Su
A5078697519,1,4.0,0,Jeroen Van Der Zijp
A5078715930,1,24.0,0,Richard Beigel
A5078720904,1,21.0,0,Eike Nagel
A5078735794,1,7.0,0,Atul Rungta
A5078755914,5,205.0,0,Arpit Narechania
A5078786321,1,114.0,1,Jean‐marc Verbavatz
A5078797277,1,12.0,0,María Esteva
A5078798965,1,96.0,0,Éric Sanjuan
A5078815230,1,41.0,0,Christina Niederer
A5078850645,1,17.0,0,Thomas Wilde
A5078869477,1,8.0,0,John R. Grant
A5078873032,1,110.0,0,Jennifer L. Gardy
A5078876685,1,12.0,0,David Hysom
A5078907679,4,290.0,0,Pourang Irani
A5078912963,2,12.0,1,Michael Oppermann
A5078960085,1,107.0,0,Chaoguang Lin
A5078971011,1,173.0,0,Paul Hoffman
A5078987756,3,33.0,0,Botong Qu
A5078989577,1,111.0,0,Chee Yap
A5078997509,1,32.0,0,Anita Ruangrotsakun
A5079006352,1,108.0,0,Lars-erik Haug
A5079015255,1,69.0,0,F.j. Post
A5079085366,8,206.0,0,Lichan Hong
A5079089831,6,398.0,1,Sarah Goodwin
A5079108174,1,16.0,0,Bernhard Geiger
A5079119405,1,1.0,0,George Celniker
A5079133757,1,63.0,0,Brian Rexroad
A5079135329,1,38.0,0,Toshiyuki Masui
A5079152739,2,33.0,0,Houda Lamqaddam
A5079183364,3,828.0,0,Alfred Inselberg
A5079222963,5,787.0,1,Nicholas Diakopoulos
A5079223076,1,16.0,0,Lauren Thorson
A5079260713,1,1.0,0,J. Burnetti
A5079267936,1,67.0,0,Clemens Arbesser
A5079272514,4,151.0,0,Bahador Saket
A5079275693,1,32.0,0,Thomas Nagel
A5079282430,1,2.0,0,Yutian Zhang
A5079287966,1,10.0,0,R. Balakrishnan
A5079289629,2,55.0,0,Berk Geveci
A5079291115,1,9.0,0,William Pike
A5079350674,1,38.0,0,Marc Alexander Schweitzer
A5079369129,21,1514.0,4,Jason Dykes
A5079373108,1,5.0,0,J.a. Sutliff
A5079420045,1,28.0,0,Kevin Bensema
A5079421746,1,5.0,0,J. Bernhardt
A5079448223,2,25.0,0,Eli Holder
A5079469658,8,650.0,3,Wesley Willett
A5079507712,6,190.0,1,Dominik Jäckle
A5079524619,1,47.0,0,Dhiraj Barnwal
A5079537893,4,266.0,0,Nadia Boukhelifa
A5079543434,1,36.0,0,Gene Payne
A5079547103,1,68.0,0,Matthias Gutberlet
A5079619886,1,20.0,0,Thomas Funkhouser
A5079624151,1,1.0,0,W.e. Lorensen
A5079639116,1,20.0,0,M. Andrew Eick
A5079670764,1,23.0,0,Boyang Xie
A5079673812,1,3.0,0,Martin Rieth
A5079709359,1,6.0,0,Juho Kim
A5079742046,1,82.0,0,Sashank Santhanam
A5079762310,1,18.0,0,P. Thiansathaporn
A5079808637,1,35.0,0,Shivaraj Tenginakai
A5079825775,1,31.0,0,Christoph Csallner
A5079856131,1,4.0,0,Kevin Maher
A5079891721,1,42.0,0,Tarique Siddiqui
A5079897672,2,252.0,0,Başak Alper
A5079905341,1,22.0,0,Frederick W. B. Li
A5079916657,27,3987.0,6,Tamara Munzner
A5079984513,1,19.0,0,Gunnar Läthén
A5079986783,14,627.0,1,Jiazhi Xia
A5079994866,1,9.0,0,J. Hudson
A5079997473,4,376.0,0,Theresia Gschwandtner
A5080002287,1,7.0,0,Eugen Zizer
A5080030247,1,7.0,0,Yuval Levy
A5080033774,2,25.0,0,Aimen Gaba
A5080075412,1,19.0,0,Ajit J. Nirmal
A5080082057,1,13.0,0,Chittayong Surakitbanharn
A5080082986,2,78.0,1,Ludovic Autin
A5080086653,1,17.0,0,Chi Fai Cheung
A5080089561,1,0.0,0,Jozef Bátrna
A5080103945,1,39.0,0,Richard Franke
A5080127688,2,206.0,0,Michael Wörner
A5080137012,1,7.0,0,F. Bertel
A5080160526,1,18.0,0,Tobias Kulschewski
A5080174595,2,34.0,0,A. Sagristà Sellés
A5080181424,1,76.0,0,Dustin Dunsmuir
A5080200184,1,32.0,0,Md Montaser Hamid
A5080203120,2,163.0,0,Zhenhuang Wang
A5080208364,1,98.0,0,Kartik Chanana
A5080214212,1,119.0,1,Allison Silverman
A5080248408,2,71.0,0,Jonathan Zong
A5080263515,1,12.0,0,Frank Grave
A5080263583,1,2.0,1,Haomin Li
A5080267853,1,5.0,0,Bruce Lowekamp
A5080272618,1,7.0,0,Rebecca K Tan
A5080292005,7,160.0,0,Tushar M. Athawale
A5080342876,1,8.0,0,H. Ruder
A5080348698,1,188.0,0,Rubaiat Habib Kazi
A5080359624,1,1.0,0,Chin Tseng
A5080378073,1,46.0,0,Sebastian Boring
A5080392759,1,93.0,0,Sean Mccullough
A5080393799,1,65.0,0,Sébastien Boyer
A5080411826,1,93.0,0,Taeko Azuma
A5080427073,1,63.0,0,W.c. De Leeuw
A5080437616,1,6.0,0,Graham D. Finlayson
A5080438656,8,316.0,1,R. Wegenkittl
A5080474398,1,12.0,0,M. Strengert
A5080477172,1,0.0,0,Patrick Oesterling
A5080478642,1,19.0,0,Reshika Palaniyappan Velumani
A5080483655,2,9.0,0,W. Strasser
A5080488883,1,6.0,0,Siming Lu
A5080503099,1,6.0,0,Melissa E. Swift
A5080513075,1,30.0,0,G.l. Schussman
A5080555595,2,176.0,0,Y. Frishman
A5080591014,4,91.0,0,Ken Joy
A5080592510,1,59.0,0,Fearn Bishop
A5080605005,1,2.0,0,W. Lierse
A5080609811,1,0.0,0,Zhe Wang
A5080609957,2,92.0,0,Hanjun Xian
A5080615708,3,37.0,0,Charles R. Dyer
A5080627217,1,208.0,0,Anjali Manivannan
A5080631353,1,63.0,0,Julie Gonnering Lein
A5080665667,1,1.0,0,Austin P. Wright
A5080679300,1,30.0,0,Darrel Palke
A5080701169,3,74.0,0,Shuyue Zhou
A5080740692,1,61.0,0,M. Yamamoto
A5080754201,2,1.0,0,Theresa-marie Rhyne
A5080761699,1,8.0,0,C. Hasser
A5080765061,8,258.0,0,Xiaolong Zhang
A5080784100,1,115.0,0,Boris Müller
A5080798381,1,10.0,0,Lei Zhang
A5080823228,1,2.0,0,Sara Wylie
A5080839799,2,43.0,0,T. Ertl
A5080855632,1,38.0,0,Limei Che
A5080887618,1,55.0,0,Purvi Saraiya
A5080894318,1,14.0,0,Jun‐hai Yong
A5080954876,1,10.0,0,Jaebum Kim
A5080987337,3,476.0,0,Andrada Tatu
A5080997507,1,18.0,0,Reuven Bakalash
A5081008532,1,15.0,0,Daniele Quercia
A5081019709,1,25.0,0,Fabian Jirasek
A5081043223,1,18.0,0,Nivedita Sahasrabudhe
A5081073195,3,75.0,0,Zhe Fan
A5081082727,3,37.0,0,K. G. Bemis
A5081083896,1,68.0,0,Leonardo A. Martucci
A5081108403,1,12.0,0,H. Hagen
A5081125645,1,30.0,0,Xinzhu Mu
A5081133008,2,42.0,0,Yingmei Lavin
A5081147881,1,65.0,0,Peiran Ren
A5081152152,1,34.0,0,L. De Fioriani
A5081155583,1,1.0,0,D. Gresh
A5081205856,2,33.0,0,Ivan Baclija
A5081228191,1,2.0,1,Joan Planas-iglesias
A5081246092,4,55.0,0,Jürgen Döllner
A5081274814,2,113.0,0,Shouxing Xiang
A5081281752,1,38.0,0,Timothy Sandstrom
A5081285219,1,70.0,0,P. Leube
A5081290775,1,149.0,0,Sebastian Mittelstädt
A5081298505,1,7.0,0,E. Kirby
A5081299245,2,23.0,0,Nahum Gershon
A5081339413,2,126.0,1,Konstantinos Efstathiou
A5081346568,10,273.0,0,Mingliang Xu
A5081375557,1,3.0,0,N. Volkow
A5081381214,2,17.0,0,Miguel A. Nacenta
A5081393180,1,16.0,0,J. Schwegler
A5081397237,1,1.0,0,A. Mankofsky
A5081432563,1,6.0,0,Jason Cantarella
A5081435013,1,1.0,0,D. Watson
A5081436027,1,35.0,0,A. Staszczak
A5081437173,1,269.0,0,Ronald A. Rensink
A5081456690,3,154.0,0,Bart M. Ter Haar Romeny
A5081467444,1,13.0,0,André Ancel
A5081482791,1,10.0,0,F. Gyorgy
A5081506338,2,117.0,0,Abhinav Bhatelé
A5081520352,1,83.0,0,Sébastien Rufiange
A5081539340,1,5.0,0,Van Quan Ho
A5081553336,1,591.0,0,Mark Mineev-weinstein
A5081572822,1,37.0,0,Florian Reichl
A5081576889,1,9.0,0,Sebastian Mazza
A5081589066,1,50.0,0,Dean Frederick Jerding
A5081589998,1,1.0,0,Matías Nicolás Selzer
A5081597480,2,157.0,0,Fabio Ganovelli
A5081622405,9,570.0,1,Robert Kosara
A5081668763,1,6.0,0,Amnon Shabo
A5081672617,1,98.0,0,Yuntao Jia
A5081676434,1,18.0,0,S. Okimoto
A5081681790,1,17.0,0,Roberto Therón
A5081686907,1,591.0,0,Charles G. Aldrich
A5081687047,1,2.0,0,María-cruz Villa-uriol
A5081718999,1,12.0,0,Zhenhui Peng
A5081738752,1,143.0,0,Stéphane Conversy
A5081755176,1,17.0,0,Rob Ingram
A5081767590,3,59.0,0,Alan D. Kalvin
A5081780591,1,20.0,0,James F. Hudson
A5081781046,1,2.0,0,S.m. Ervin
A5081796122,3,155.0,1,Daniel Laney
A5081809692,3,823.0,1,James Wexler
A5081816373,1,33.0,0,Hugo Romat
A5081850948,1,8.0,0,A. King
A5081885843,1,57.0,0,Artem Sokolov
A5081925377,1,77.0,0,Noreen Kamal
A5081950809,1,135.0,0,Jian-guan Lou
A5081959207,4,43.0,0,Christian Rössl
A5082066959,1,32.0,0,Connor Huff
A5082090092,1,3.0,0,Parikshit Solunke
A5082093150,1,32.0,0,Jadran Vrabec
A5082103604,1,214.0,0,Florian Ledermann
A5082115677,1,3.0,0,Thomas E. Spelce
A5082171014,1,35.0,0,John J. Rieser
A5082178510,1,485.0,0,Tolga Bolukbasi
A5082193236,2,117.0,0,Eric Shaffer
A5082195784,1,17.0,0,J. Schwegler
A5082204611,1,23.0,0,M. Da Silva
A5082209080,3,164.0,0,Rocco Gasteiger
A5082209298,1,63.0,0,Jaeseok Huh
A5082213932,6,284.0,0,Zikun Deng
A5082234726,11,416.0,1,Tino Weinkauf
A5082235583,1,15.0,0,Ulrich Neumann
A5082282639,1,18.0,0,Gulshan Panjwani
A5082287400,1,18.0,0,David Sturtz
A5082289640,1,8.0,0,Hiroko Nakamura
A5082300315,1,55.0,0,Anton Bardera
A5082319203,1,3.0,0,Laura Lukes
A5082334156,5,319.0,1,Heike Hofmann
A5082346052,1,6.0,0,Raghavendra Sridharamurthy
A5082350263,1,98.0,0,Naveen Pitipornvivat
A5082391073,2,8.0,0,Zherui Zhang
A5082399272,1,0.0,0,L.v. Sluis
A5082407088,1,24.0,0,C.d. Lee
A5082419776,1,17.0,0,Joel Winstead
A5082431329,1,14.0,0,Ian Tenney
A5082437427,1,6.0,0,Wendy J. Plesniak
A5082491006,1,3.0,0,Kevin W. Kurtz
A5082507303,1,35.0,0,Hai Ah Nam
A5082522967,1,28.0,0,Jean‐pierre Jessel
A5082534076,1,17.0,0,Yuan Tian
A5082548228,1,19.0,0,Preeti Malakar
A5082598478,3,108.0,0,Zichun Zhong
A5082614315,1,15.0,0,Audace Nakeshimana
A5082645764,1,0.0,0,D. Kuhn
A5082668404,31,4739.0,5,John Stasko
A5082683641,1,158.0,0,Thorsten Breitkreutz
A5082689282,1,6.0,0,Nimisha Roy
A5082712854,2,13.0,0,Yair Kurzion
A5082726401,1,11.0,0,Jun Liao
A5082739993,1,60.0,0,Ilir Jusufi
A5082749324,1,168.0,0,Carson Brownlee
A5082751676,2,77.0,0,Ove Daae Lampe
A5082779100,1,36.0,0,Annemarie Herrmann
A5082781108,1,41.0,1,Bernd Hentschel
A5082788381,1,3.0,0,P.a. Olbrich
A5082790087,11,431.0,2,Zhutian Chen
A5082796790,8,361.0,0,Uta Hinrichs
A5082797803,1,0.0,0,B.s. Nilsson
A5082808731,1,12.0,0,Klaus Greff
A5082892178,1,61.0,0,Chris Brunsdon
A5082899087,1,65.0,0,Jie Guang Song
A5082910814,1,4.0,0,R.e. Marshall
A5082928240,1,22.0,0,Sandeep Prabhakar
A5082930100,1,8.0,0,M. Borchers
A5082971754,2,98.0,0,Mona Hosseinkhani Loorak
A5082991852,1,1.0,0,W. Mitchell
A5082992995,2,191.0,0,Gustavo Mello Machado
A5082997975,1,26.0,0,Jimmy Lin
A5083001015,1,32.0,0,Konstantin Baumann
A5083023771,1,11.0,1,Rao P. Gullapalli
A5083083039,1,9.0,0,Arthur E. Kirkpatrick
A5083091649,1,13.0,0,Hanyi Chen
A5083095334,1,23.0,0,María García De La Banda
A5083143514,1,3.0,0,Tyson Neuroth
A5083145026,1,37.0,0,Elvir Azanli
A5083152658,1,1.0,0,D.g. Fabricant
A5083182139,1,39.0,0,Josef Focht
A5083194357,1,18.0,0,Florian Frieß
A5083194565,1,630.0,1,K.a. Pennock
A5083220583,5,139.0,1,Fábio Miranda
A5083231405,1,5.0,0,M. S. Chong
A5083255118,1,13.0,0,Eitan Bachmat
A5083260911,2,202.0,0,Nicolas Heulot
A5083271735,3,60.0,0,Pramod Chundury
A5083345538,1,78.0,0,Ming-te Chi
A5083349475,1,5.0,0,D. Skaley
A5083386256,2,39.0,0,Bernhard Sadransky
A5083408678,1,134.0,0,Christopher De Filippi
A5083438172,6,168.0,0,Heike Leitte
A5083441023,1,99.0,0,Sean A. Stephens
A5083454802,20,1147.0,3,Tobias Isenberg
A5083475713,1,3.0,0,W. Smith
A5083522280,1,0.0,0,Jürgen Hesser
A5083523340,8,326.0,0,Robert M. Kirby
A5083540777,2,78.0,0,Timothy Luciani
A5083555203,1,11.0,0,A. Tuchman
A5083575573,1,56.0,0,Trustin Clear
A5083587340,1,7.0,0,Weixia Huang
A5083599546,2,8.0,0,W. De Leeuw
A5083624725,1,19.0,0,Sietse J. Luk
A5083645031,1,121.0,0,Alan M. Wilson
A5083651238,1,33.0,0,Kuangyu Shi
A5083684003,1,98.0,0,Krystle Quinn
A5083688498,1,82.0,0,Samira Shaikh
A5083735800,4,107.0,0,Daniel Wigdor
A5083743875,1,7.0,0,Ulrich Bartling
A5083746484,1,14.0,0,Chengzhong Liu
A5083754593,1,24.0,0,Jambay Kinley
A5083779826,2,377.0,0,Carey Williamson
A5083797440,1,9.0,0,Naiyu Wang
A5083806955,5,323.0,0,Alvitta Ottley
A5083859043,1,13.0,0,Daisuke Sakurai
A5083864266,3,91.0,0,Guangyu Zou
A5083885019,1,565.0,0,Bernard Dimsdale
A5083912451,1,14.0,0,Stephan Reiling
A5083915579,1,119.0,0,Sara Alspaugh
A5083931343,1,41.0,0,F. Merritt
A5083947664,1,97.0,0,Ling-jen Chiang
A5083949511,2,247.0,0,Mira Dontcheva
A5083968592,1,47.0,0,Kah Chun Lau
A5083973432,1,63.0,0,Ziyan Liu
A5083989376,8,469.0,0,Vijay Natarajan
A5083994967,1,32.0,1,M.-t. Forster
A5083995476,1,20.0,0,José Martínez-carranza
A5084017761,1,23.0,0,Jeremy De Oliveira-kumar
A5084024959,1,42.0,0,Eva Mayr
A5084035008,1,38.0,0,Liangjun Liu
A5084040979,1,103.0,0,Elias A. Fayyad
A5084069506,1,41.0,1,Torsten Kuhlen
A5084071586,1,5.0,0,A. Rockwood
A5084075723,1,18.0,0,Katrin Scharnowski
A5084091640,1,50.0,0,Lee Lawrence
A5084098357,5,489.0,0,Lyn Bartram
A5084119599,1,10.0,0,Hongsen Liao
A5084148624,1,22.0,0,Benjamin Karer
A5084162655,1,15.0,0,A. Kaufman
A5084203791,4,51.0,0,Gabriel Taubin
A5084240918,1,14.0,0,George Almási
A5084244911,1,18.0,0,Kenneth Allendoerfer
A5084279065,3,571.0,0,Jimeng Sun
A5084296353,1,8.0,0,Peter Rottmann
A5084369189,1,75.0,0,Alexandre Gillet
A5084376052,1,41.0,0,Reem Hourieh
A5084378679,1,3.0,0,Scott Parker
A5084388481,1,8.0,0,B. Hegedust
A5084392598,1,13.0,0,Xinyuan Yan
A5084407224,1,10.0,1,Alexander Vieth
A5084411100,1,21.0,0,Andreas Sigfridsson
A5084430026,2,82.0,0,Shuhan Liu
A5084447019,1,6.0,0,Warren A. Hunt
A5084459196,15,3260.0,3,Hendrik Strobelt
A5084471891,10,380.0,0,Chris Weaver
A5084475345,3,97.0,0,Chase Stokes
A5084507075,2,59.0,0,Ashley Suh
A5084533941,1,49.0,0,Jorji Nonaka
A5084536188,1,10.0,0,Philip J. Smith
A5084575646,3,122.0,0,Lauren Bradel
A5084586922,2,135.0,0,Ricardo Langner
A5084633844,1,1.0,0,M.j. Geller
A5084660341,1,4.0,0,Xiaoming Deng
A5084668442,6,283.0,1,Yea‐seul Kim
A5084701162,2,72.0,0,Yinggang Li
A5084707380,6,172.0,0,Will Usher
A5084711039,1,2.0,0,Sabine Iserhardt-bauer
A5084721447,1,14.0,0,Minsuk Chang
A5084744343,1,46.0,0,Bob Fields
A5084754494,2,63.0,0,Roger Tam
A5084778474,14,1199.0,1,Michael Gleicher
A5084779835,1,11.0,0,Alan Turner
A5084781695,1,40.0,0,Hasan Davulcu
A5084781916,1,11.0,1,L.-a. Schreyer
A5084803112,1,3.0,0,E. Kuo
A5084869623,1,4.0,0,David Coblentz
A5084870136,2,19.0,0,Mingliang Xue
A5084882214,1,6.0,0,A.m. Cohen
A5084895364,1,56.0,0,J. Dean Brederson
A5084897593,1,14.0,0,Duane Knill
A5084913586,4,162.0,1,R. Jordan Crouser
A5084942405,1,10.0,0,Nobuko Nathan
A5084942434,1,0.0,0,S.v. Klimenko
A5084963622,1,8.0,0,A.f. Westdorp
A5084965768,1,36.0,0,Björn Hartmann
A5084971891,2,68.0,0,Xiaowei Chu
A5085014218,1,5.0,0,F.h. Posti
A5085017488,1,19.0,0,S. M. Smith
A5085028960,1,18.0,0,D. Glick
A5085036036,1,9.0,0,Guang‐zhong Yang
A5085041872,1,91.0,0,G. Wallace
A5085053856,3,355.0,0,James Abello
A5085054708,1,82.0,1,Crescentia Jung
A5085086912,1,75.0,0,Daniel Stoffler
A5085126765,1,39.0,0,William C. Ward
A5085140104,2,82.0,0,Chengbo Zheng
A5085147134,1,2.0,0,Torin Mcdonald
A5085208857,1,13.0,0,I. Hotz
A5085246385,5,94.0,0,Alex Bigelow
A5085259428,1,93.0,0,Sherry Towers
A5085283552,1,47.0,1,L.m. Hwa
A5085284883,1,88.0,0,Neel Sundaresan
A5085286384,1,7.0,0,Shizhuo Long
A5085289050,1,60.0,0,Lorenz Linhardt
A5085294981,5,327.0,0,Geórgia Albuquerque
A5085297899,1,15.0,0,T.t. Elvins
A5085298151,1,0.0,0,N. Max
A5085301885,1,10.0,0,Malcolm Wallace
A5085342992,17,1837.0,1,Peter Lindström
A5085365474,1,9.0,0,Donglai Wei
A5085384388,3,108.0,0,William S. Cleveland
A5085460170,1,122.0,0,Wolfgang Stuerzlinger
A5085507158,4,222.0,2,Katja Bühler
A5085509176,1,20.0,0,Lars Huettenberger
A5085517240,2,10.0,0,James Slack
A5085517250,1,13.0,0,Robert Carnecky
A5085521539,2,63.0,0,I.j. Trotts
A5085525770,1,64.0,0,Nathan Litke
A5085528889,2,26.0,0,F.p. Brooks
A5085552629,1,42.0,0,L. Sobierajski
A5085572000,2,809.0,1,Jimbo Wilson
A5085616869,1,11.0,0,G. Erlebacher
A5085648933,2,77.0,1,Joseph F. Jájá
A5085693728,1,28.0,0,Z. Karni
A5085695563,16,1109.0,3,Kim Marriott
A5085707483,1,16.0,0,Carrie Varley
A5085716366,1,137.0,0,Daniel Kern
A5085748011,6,971.0,1,J. Joshua Thomas
A5085823262,1,23.0,0,Xiaodan Lin
A5085847955,1,38.0,0,Kaiyuan Zhang
A5085871644,1,46.0,0,Raimond L. Winslow
A5085890755,5,171.0,0,Wong Kam-kwai
A5085906659,3,27.0,0,Yiren Ding
A5085919087,1,9.0,1,Lauren Klein
A5085936546,1,62.0,0,Anzu Hakone
A5085957643,2,33.0,0,Koenraad Brosens
A5086036018,3,34.0,1,Tingying He
A5086047097,1,16.0,0,Michael G. Christel
A5086052373,1,63.0,1,Marinka Žitnik
A5086053967,1,0.0,0,Q.e. Dolecek
A5086054864,1,86.0,0,Ravish Chawla
A5086065061,1,17.0,0,Mark S. Keller
A5086088688,1,13.0,0,Eric P. Hoffman
A5086098017,2,144.0,0,Jo Vermeulen
A5086100491,1,17.0,0,H.-c. Rodrian
A5086100757,1,39.0,0,Mihaela Jarema
A5086122336,1,2.0,0,Alexander Frings
A5086131860,1,10.0,0,Sihyeon Lee
A5086147721,1,37.0,0,J. Hensley
A5086163328,1,25.0,0,D.n. Kenwright
A5086169451,2,64.0,0,Lise Getoor
A5086180500,1,0.0,0,K. Moorjani
A5086212139,2,125.0,0,Éric Sauda
A5086223886,20,745.0,1,Anna Vilanova
A5086224045,1,19.0,0,Zengsheng Zhong
A5086260296,1,3.0,0,B. Stancampiano
A5086264589,1,6.0,0,Max Mahdi Roozbahani
A5086272851,2,140.0,1,N. Max
A5086311840,7,267.0,0,Jiawan Zhang
A5086326351,6,188.0,1,Xingbo Wang
A5086334362,1,55.0,0,Marc Ruiz
A5086335700,1,17.0,0,R.a. Crawfis
A5086339713,1,5.0,0,D. Breitschwerdt
A5086341216,3,71.0,0,Raphael Fuchs
A5086396255,1,18.0,0,Tobias Roth
A5086403404,2,65.0,0,Paul Rosenthal
A5086432913,1,5.0,0,Abdul Waheed
A5086440196,12,594.0,3,Amitabh Varshney
A5086442093,1,16.0,0,Len Kne
A5086446492,3,96.0,0,K. Mueller
A5086448003,2,94.0,0,Leixian Shen
A5086454426,1,17.0,0,Luc Girardin
A5086461942,8,440.0,1,Thomas Schultz
A5086472608,2,20.0,0,M. Stella Atkins
A5086487407,1,72.0,0,Kenneth R. Wood
A5086497666,1,77.0,0,L J Schreiner
A5086508640,1,19.0,0,Yang Chen
A5086520196,1,43.0,0,Johnson Chuang
A5086539903,1,12.0,0,G.e. Kafniadakis
A5086562058,1,83.0,0,Doug Carmean
A5086576776,1,53.0,0,Jiazhe Wang
A5086597264,1,5.0,0,Angie Boggust
A5086610229,1,44.0,0,Steve Linthicum
A5086643675,3,53.0,0,Yilin Ye
A5086690079,1,62.0,0,Tengfei Ma
A5086722983,1,13.0,0,Fritz Gschwantner
A5086725824,1,17.0,0,Steve Benford
A5086727322,1,29.0,0,Jing Xia
A5086732355,6,662.0,1,Donghao Ren
A5086735275,1,34.0,0,Étienne Parkinson
A5086736624,2,12.0,0,T. Ertl
A5086751914,2,88.0,0,Craig M. Wittenbrink
A5086753450,1,53.0,0,Pierre Alliez
A5086764360,6,330.0,0,Victoria Interrante
A5086780511,1,30.0,0,Volker Bromm
A5086856121,1,53.0,0,Andreas Elsener
A5086868908,1,169.0,0,Frank J. Rybicki
A5086899416,1,16.0,0,David Van Riper
A5086900754,1,4.0,0,Justin Mauger
A5086902270,1,29.0,0,Shah Rukh Humayoun
A5086910442,1,22.0,0,Hiroshi Sato
A5086910660,1,307.0,0,Jesse Grosjean
A5086923749,1,36.0,1,Kai Fischbach
A5086990150,1,10.0,0,Przemysław Prusinkiewicz
A5087031768,1,0.0,0,Norine Coenen
A5087042012,2,161.0,0,Eric Alexander
A5087063362,3,79.0,0,Johannes Sorger
A5087146581,10,516.0,0,Lane Harrison
A5087199227,1,35.0,0,Duong Thi Anh Hoang
A5087201620,1,29.0,0,Caterina Rosano
A5087236918,1,8.0,0,Kento Shigyo
A5087250175,1,37.0,0,James R. Jackson
A5087268805,2,110.0,0,Stefan Zachow
A5087287236,1,59.0,0,Tanya Clement
A5087292248,1,23.0,0,S.h. Foster
A5087312966,1,26.0,0,Zuobin Wang
A5087317081,6,86.0,0,Guido Reina
A5087319127,1,25.0,0,J. Temkin
A5087360152,1,50.0,0,Eduard Gr�ller
A5087402778,1,0.0,0,L. Ruby Leung
A5087421071,1,32.0,0,Gary King
A5087425453,1,76.0,0,Eric Lee
A5087430192,1,19.0,0,Brent Nelson
A5087449583,5,363.0,2,Jens Krüger
A5087450533,1,35.0,0,Andreas Ammer
A5087450905,1,32.0,0,Benjamin Tyner
A5087453656,2,70.0,1,Wai-ho Mak
A5087469228,1,11.0,0,Ashley D. Spear
A5087472834,1,36.0,0,Shaojie Zhuo
A5087499523,1,4.0,0,Patrick Paetzold
A5087518165,2,192.0,0,Junyoung Choi
A5087541737,1,3.0,0,Angela Nyhout
A5087545747,6,353.0,1,Patric Ljung
A5087561934,3,22.0,0,Anjana Arunkumar
A5087573299,2,8.0,0,G. Brookes
A5087581749,1,41.0,0,Roberto Lario
A5087614760,2,35.0,0,R. Wegenkittl
A5087614901,1,15.0,0,Ananda Montoly
A5087647732,2,195.0,0,Aaron Lefohn
A5087660055,1,16.0,0,Yindalon Aphinyanaphongs
A5087718701,1,33.0,0,Anna Ritz
A5087781429,1,66.0,0,Theodoros Damoulas
A5087781818,1,2.0,0,Adam B. Forgang
A5087785265,1,4.0,1,Zelin Jia
A5087805627,2,15.0,0,Xingchen Zeng
A5087808632,1,36.0,0,Micah Acinapura
A5087834951,1,32.0,0,Karim Magdi Mahrous
A5087836838,1,68.0,0,Martin J. Neugebauer
A5087889244,5,163.0,0,Lonni Besançon
A5087938573,1,1.0,1,Ann Sherlock
A5087948617,1,6.0,0,Pradeep Sen
A5087960974,4,181.0,0,Andrew Vande Moere
A5087971684,1,1.0,0,Oskár Elek
A5087974395,2,10.0,0,Shaozhang Dai
A5087990689,1,110.0,0,Dominika Mazur
A5088016700,11,314.0,1,Roni Yagel
A5088027921,1,12.0,0,Marzieh Berenjkoub
A5088051797,2,107.0,0,Christof Rezk‐salama
A5088066148,1,76.0,0,Niklas Weiler
A5088085186,5,1367.0,0,Younah Kang
A5088109190,2,127.0,0,Mark Petersen
A5088113508,1,12.0,0,Ted Selker
A5088124321,1,5.0,0,Ran Shao
A5088132685,1,29.0,0,S. Yoakum-stover
A5088137293,1,16.0,0,Sandy Engelhardt
A5088141761,3,51.0,0,Jonathan D. Cohen
A5088150992,3,152.0,0,Nathaniel Fout
A5088154886,1,20.0,0,Marie Vendettuoli
A5088157983,2,44.0,0,A. R. Forrest
A5088199295,10,518.0,0,Di Weng
A5088209296,1,55.0,0,Xiaoxiao Lian
A5088220929,1,6.0,0,Tao Lu
A5088222500,1,1.0,0,A. Betts
A5088223542,2,77.0,0,Martin Luboschik
A5088230024,1,8.0,0,B. Henne
A5088230949,1,147.0,1,Hao Yang
A5088234443,1,27.0,0,Heiko Friedrich
A5088246039,2,56.0,0,R. Crawfis
A5088255721,4,550.0,0,Hans‐jörg Schulz
A5088281102,1,23.0,0,P. Saraiya
A5088298192,1,19.0,0,Kris Cook
A5088299135,1,1.0,0,D. Mcnabb
A5088301806,1,44.0,0,Robert C. Zeleznik
A5088325807,1,1.0,0,K. Desai
A5088340901,1,14.0,0,Jennifer K. Ryan
A5088361669,5,193.0,1,Soumya Dutta
A5088379177,2,66.0,0,Felesia Stukes
A5088384298,1,11.0,0,Dingjie Song
A5088385566,1,35.0,0,Del Lamb
A5088393129,2,268.0,0,Xinyue Ye
A5088394147,2,38.0,0,Pedro Hermosilla
A5088457703,1,16.0,0,Yanwei Huang
A5088482365,1,24.0,0,Josh Pollock
A5088492233,1,2.0,0,Philipp Meschenmoser
A5088494328,2,120.0,1,Euan Freeman
A5088506741,1,4.0,0,Hansjorq Schmauder
A5088520658,1,59.0,0,Gerald L. Lohse
A5088565793,1,34.0,0,Martin Graham
A5088584992,2,11.0,0,Marco Lanzagorta
A5088589430,1,35.0,0,Amit Bandopadhay
A5088612835,1,8.0,0,D. Roy
A5088613243,1,32.0,0,W. Bertelheimer
A5088614523,3,59.0,0,Peter Mindek
A5088633029,2,87.0,0,S. Felix Wu
A5088672772,3,93.0,0,Anqi Cao
A5088697168,1,29.0,0,Arpita Patro
A5088700947,1,44.0,0,Tran Van Long
A5088714003,1,42.0,0,Ragini Rathore
A5088762006,1,11.0,0,Brian Bollen
A5088763686,1,645.0,0,Azalea A. Vo
A5088765893,1,74.0,0,Angela Mayhua-quispe
A5088769444,1,24.0,0,E. Howe
A5088778612,1,130.0,0,David Harel
A5088801169,1,9.0,0,Pascal Nardini
A5088809053,1,1.0,0,N.c. Schaller
A5088827158,1,8.0,0,J.k. Johnstone
A5088844445,1,8.0,0,Robert Rohling
A5088860259,9,193.0,2,Tobias Günther
A5088861439,1,58.0,0,Zhongchen Shi
A5088875263,1,1.0,0,Haili Ma
A5088912607,1,91.0,0,Michael Houston
A5088929822,1,59.0,0,Thomas Pabel
A5088950204,1,22.0,0,Hyung-kwon Ko
A5088951387,1,2.0,0,Alexander Straub
A5088977284,3,482.0,1,Marco Tarini
A5089000736,1,70.0,0,Tien N. Nguyen
A5089058921,1,1.0,0,D. Pointer
A5089069817,2,65.0,0,U. Tiede
A5089101881,1,18.0,0,Mickaël Fabrègue
A5089122189,1,36.0,0,Hesham Elhalawani
A5089129937,5,244.0,0,Matthew Chalmers
A5089153801,1,15.0,0,F. Dachille
A5089177147,1,15.0,0,Wonyoung So
A5089220047,2,95.0,1,Roger Beecham
A5089227387,2,155.0,0,Michael Joseph Haass
A5089258041,2,75.0,0,Dirk Streeb
A5089271689,1,64.0,0,Heidi Werner
A5089272942,1,12.0,0,Sudhanshu Sane
A5089292730,2,55.0,0,P. Bhaniramka
A5089309220,1,57.0,0,S. Ehmann
A5089320763,1,8.0,0,J.e. Bossert
A5089328357,1,17.0,0,W. Horn
A5089336832,1,4.0,0,Shengfeng Qin
A5089341123,1,10.0,0,G. Davison
A5089358991,2,102.0,0,Steffen Hadlak
A5089373476,1,10.0,0,N. Gokhale
A5089383499,1,6.0,0,J.v. Miller
A5089405476,1,45.0,0,Peng Mi
A5089427732,1,2.0,0,Borys Flak
A5089451178,24,1576.0,1,Remco Chang
A5089466528,1,5.0,0,Kurt Severance
A5089500765,1,23.0,0,Rolf Müller
A5089538913,1,0.0,0,José Manuel Blanco Prado
A5089540620,1,2.0,0,J.t. Foley
A5089605137,14,643.0,4,Matthew Kay
A5089660348,2,45.0,0,Jan Zahálka
A5089665046,1,107.0,0,Qiuhan Zhu
A5089670374,1,37.0,0,K. Stockinger
A5089688638,17,922.0,2,Anastasia Bezerianos
A5089718561,1,45.0,0,Rusheng Pan
A5089720959,1,34.0,0,J. Gibbs
A5089723214,1,7.0,0,John Canny
A5089729939,1,33.0,0,Kenneth P. Vives
A5089749790,2,6.0,0,Jason D. Hartline
A5089782077,1,15.0,0,D. Bekins
A5089798202,2,38.0,1,Jules Vidal
A5089849867,1,50.0,0,T. Tasdizen
A5089865252,1,0.0,0,Sabine Brunswicker
A5089881940,1,18.0,0,Saad Nadeem
A5089885105,1,44.0,0,Roland Heilmann
A5089895616,1,1.0,1,Lora Oehlberg
A5089904045,1,41.0,0,Paul G. Kelaita
A5089912211,4,42.0,0,Georges‐pierre Bonneau
A5089915762,1,4.0,0,Wei-chao Wen
A5089918221,2,42.0,0,Andrew Burks
A5089933160,1,82.0,0,John Sharko
A5089933973,2,62.0,0,Erwin Keeve
A5089950885,1,34.0,0,Ralf Kaehler
A5089966552,1,14.0,1,Farooq Naeem
A5090060844,1,5.0,0,Tabitha C. Peck
A5090138830,1,5.0,1,Pierluigi Taddei
A5090140316,1,34.0,0,Susan Vanderplas
A5090150936,1,37.0,0,Anatole Lécuyer
A5090171111,1,29.0,0,See-kiong Ng
A5090175598,1,39.0,0,Isabel Meirelles
A5090247961,2,205.0,0,Aurélien Tabard
A5090261891,1,70.0,0,Steve Kelling
A5090268064,1,12.0,0,Hiroaki Natsukawa
A5090274388,1,42.0,0,Nathalie Reuter
A5090283742,1,130.0,1,Jaeyeon Kihm
A5090287162,1,7.0,0,Christoph Hennersperger
A5090333096,1,101.0,0,Michael Zinsmaier
A5090335927,1,20.0,0,Zhicong Lu
A5090345450,2,343.0,0,Gonzalo Ramos
A5090346230,1,46.0,0,Tim Mcgraw
A5090346908,1,8.0,0,Matthias Trapp
A5090354265,1,30.0,0,Il-hong Jung
A5090380211,1,41.0,0,Till Wollenberg
A5090388199,1,77.0,0,Alison Duffy
A5090414723,7,154.0,0,Daniel G. Aliaga
A5090435854,1,18.0,0,Bartosz Von Rymon-lipinski
A5090440421,1,9.0,0,Katarina Younkin
A5090465368,1,20.0,0,Dimah Yanovsky
A5090479069,1,36.0,1,Erik Broberg
A5090502474,1,85.0,0,Julia Contreras‐garcía
A5090522837,1,5.0,0,H.-h. Ehricke
A5090528474,1,0.0,0,V.v. Gusev
A5090554299,1,11.0,1,Sujal Bista
A5090559121,1,7.0,0,Philippe Pébaÿ
A5090570042,34,10021.0,8,Jeffrey Heer
A5090571318,1,42.0,0,Juan R. Cebral
A5090601084,1,8.0,0,Bingchen Liu
A5090633067,1,8.0,0,H.-p. Nollert
A5090650844,1,4.0,0,J. J. Wang
A5090675791,1,6.0,0,Stéphane Conreaux
A5090693390,2,85.0,0,Larry F. Hodges
A5090713275,1,85.0,0,Andreas Bannach
A5090713755,2,34.0,0,S. Jordan
A5090717297,2,84.0,0,Christopher Nimsky
A5090728511,2,164.0,0,Yu‐hsuan Chan
A5090732180,1,141.0,0,Nelson Wong
A5090771774,2,197.0,1,Maarten H. Everts
A5090775158,2,19.0,0,Hamza Elhamdadi
A5090775534,1,15.0,0,Ulrich Weikard
A5090836057,1,12.0,0,Keith J. Bein
A5090860305,1,14.0,0,A. Entezari
A5090876108,2,246.0,0,Corinna Vehlow
A5090887035,1,46.0,0,Cesar Palomo
A5090901796,1,52.0,0,Jingmin Chen
A5090903423,1,35.0,0,J. Schneider
A5090908824,1,41.0,1,I. Tedjo
A5090930182,3,308.0,0,Eric D. Ragan
A5090930477,1,36.0,0,Kristian Hildebrand
A5090970785,1,87.0,0,Phil Fawcett
A5091009938,1,16.0,0,Nico Pietroni
A5091018063,9,254.0,0,Patricia J. Crossno
A5091023123,1,11.0,0,Robert C. Miller
A5091026913,2,31.0,0,Y. G. Wu
A5091036340,1,10.0,0,Keon‐joo Lee
A5091077068,2,7.0,0,Randy K. Scoggins
A5091108255,1,117.0,0,Christof Rezk Salama
A5091111194,1,2.0,0,T. Gerhold
A5091130051,1,108.0,0,Tangzhi Ye
A5091133814,1,12.0,0,Reyk Hillert
A5091144609,3,88.0,0,Artem Amirkhanov
A5091157999,1,47.0,0,Michael L. Pack
A5091162922,1,12.0,0,Yijing Ren
A5091174785,1,165.0,0,Miloš Krstajić
A5091175785,1,23.0,1,Kyunghyun Cho
A5091252762,1,17.0,0,Jhen Hsieh
A5091260693,3,155.0,0,Dani Lischinski
A5091278432,1,3153.0,1,V. Ogievetsky
A5091282740,1,10.0,0,M.j. Mcguffin
A5091296386,1,17.0,0,Adam Sah
A5091297067,1,19.0,0,David Duran
A5091300565,4,241.0,1,Narayanan Kasthuri
A5091314206,4,153.0,1,Wenbin He
A5091316601,1,4.0,0,Rachel Meyers
A5091324880,1,13.0,0,Stefan Barp
A5091339389,1,18.0,0,Grzegorz Soza
A5091354130,1,70.0,0,Wolfgang Nowak
A5091360778,3,67.0,0,Sebastian Grottel
A5091361515,1,5.0,0,A. Sadiq
A5091363610,4,25.0,1,Rebecca Kehlbeck
A5091379507,6,223.0,0,Phong H. Nguyen
A5091393556,5,137.0,0,Donna L. Gresh
A5091398218,4,85.0,0,Gromit Yeuk-yin Chan
A5091408797,7,288.0,0,Hong Qin
A5091423720,1,95.0,0,Farah Kamw
A5091444900,1,12.0,0,Conny Walchshofer
A5091451238,1,32.0,0,Francesco Parisio
A5091459619,1,29.0,0,Iván Herman
A5091466289,70,4727.0,5,Huamin Qu
A5091466574,1,67.0,0,Yueh Z. Lee
A5091509457,1,17.0,0,W. Djatschin
A5091537826,1,15.0,0,Robert B. Haber
A5091549680,1,28.0,0,Enya Shen
A5091561129,1,59.0,0,Jiewen Lai
A5091569809,1,7.0,0,Boyan Zheng
A5091572336,1,5.0,0,Ambre Assor
A5091619219,1,335.0,0,Pierre Andrews
A5091622251,1,13.0,0,Ernest F. Retzel
A5091630951,19,849.0,3,Hans‐christian Hege
A5091682332,1,27.0,0,Harold Ship
A5091708147,1,5.0,0,M. Wilson
A5091720743,1,95.0,0,Nicholas Kong
A5091723096,1,14.0,0,Stephan Wenger
A5091752548,1,1.0,0,Yngve S. Kristiansen
A5091757106,2,62.0,1,Gregory Heinlein
A5091779580,1,5.0,0,Rami Hietala
A5091823247,1,4.0,0,J. Govindarajan
A5091827588,2,141.0,0,Guangfeng Ji
A5091867930,4,183.0,0,Bruno Jobard
A5091868032,1,12.0,0,Mingyang Gray
A5091882831,1,5.0,0,Martin Hachet
A5091887368,1,68.0,0,Jason Laska
A5092109868,2,9.0,0,Anna Sterzik
A5092498989,1,3.0,0,Bryan Triana
A5092513707,1,1.0,0,Tim J. A. De Jong
A5092528206,1,2.0,0,Kevin Sidak
A5092538664,2,26.0,1,Hoda Fakhari
A5092543582,1,22.0,0,Alexandre Aouididi
A5092543676,1,1.0,0,Bernhard Pointner
A5092616558,1,9.0,0,Marie Shvakel
A5092622516,1,27.0,1,Vaishnavi Gorantla
A5092645216,1,2.0,0,Nicolas Klenert
A5092691906,1,2.0,0,Rostyslav Hnatyshyn
A5092691958,1,8.0,1,Anne-flore Cabouat
A5092795852,1,2.0,0,Anna Scimone
A5092801509,1,13.0,0,Md Nafiul Alam Nipu
A5092849810,1,6.0,0,Lukas Herzberger
A5092968364,1,2.0,0,Eduardo Puerta
A5093104403,1,6.0,0,Vivian Pednekar
A5093104404,1,6.0,0,Hannah Murray
A5093104405,1,6.0,0,Emmanuel Tung
A5093121494,1,4.0,0,Linfang Li
A5093121495,1,5.0,1,Bernhard Woschizka
A5093483372,1,1.0,0,Daniel Palamarchuk
A5093932113,1,1.0,0,Haoran Jiang
A5093984088,1,0.0,0,Steven Van Den Broek
A5094210168,1,2.0,0,Maria-viktoria Heinle
A5095094591,1,0.0,0,Zainab Alsuwaykit
A5095767196,1,6.0,0,Johannes Ellemose
A5096058722,1,36.0,1,Hepfreepak Consortium
A5096530578,1,149.0,0,Daniel Keim
A5096868770,1,45.0,0,Dominik Morent
A5097051717,1,23.0,1,N. Shareel
A5097080945,1,9.0,0,David Grab
A5097232042,1,111.0,0,Eli Daiches
A5097484928,1,61.0,0,Thorsten Buering
A5097510174,1,20.0,0,Maxim Khailo
A5097511412,1,97.0,0,N. Hoobler
A5097524419,1,47.0,0,R. Crawlis
A5097573644,1,36.0,0,Stefan Radisuhli
A5097749307,1,68.0,0,A. Thane
A5097923558,1,53.0,0,E. Bongarter
A5097965785,1,107.0,0,Joe Groner
A5098113210,1,96.0,0,Boesch Christoph
A5098292069,1,69.0,0,Manuel Heringer
A5098292583,1,51.0,0,Timothy Collinss
A5098373176,1,77.0,0,J. Duce
A5098416906,1,37.0,0,Neophytou Neophytos
A5098504607,1,40.0,0,Thorsten Holtkaemper
A5098652324,1,9.0,0,V. Jaswa
A5099879300,1,1.0,0,Larry Deschaine
A5100317841,1,104.0,0,He Liu
A5100318215,1,17.0,0,Wei Li
A5100318366,1,104.0,0,Wei Li
A5100318892,1,78.0,0,Lijun Wang
A5100320944,1,353.0,1,Xiao Zhang
A5100321897,1,94.0,0,Sijia Wang
A5100323364,1,20.0,0,Hui Zhang
A5100323369,2,21.0,0,Hui Zhang
A5100323371,1,13.0,0,Hui Zhang
A5100325128,1,91.0,0,Han Chen
A5100325337,2,64.0,0,Hongwei Li
A5100326436,1,40.0,0,Jian Chen
A5100326468,1,234.0,0,Jian Chen
A5100326501,2,97.0,0,Jian Chen
A5100327659,1,55.0,0,Young-hoon Kim
A5100329909,1,13.0,0,Xi Chen
A5100329989,1,120.0,0,Xi Chen
A5100331327,1,42.0,0,Nan Zhang
A5100331329,1,4.0,0,Nan Zhang
A5100331488,6,481.0,0,Dongmei Zhang
A5100331624,1,29.0,0,Cong Liu
A5100331710,1,13.0,0,Xu Liu
A5100332272,1,82.0,0,Zhibin Wang
A5100332661,4,773.0,0,Zhen Li
A5100333516,1,8.0,0,Lei Chen
A5100333760,9,72.0,0,Yue Zhang
A5100337178,13,669.0,2,Min Chen
A5100337209,3,172.0,0,Min Chen
A5100337295,1,105.0,0,Youngmin Kim
A5100338511,1,29.0,0,Xiaohui Li
A5100338921,1,9.0,0,Huan Liu
A5100339289,1,3.0,0,Wei Zhu
A5100340833,2,109.0,0,Xiaotong Liu
A5100340834,2,91.0,0,Xiaotong Liu
A5100340840,1,19.0,0,Xiaotong Liu
A5100341745,4,77.0,0,Wenyuan Wang
A5100341891,1,18.0,0,Hang Su
A5100341893,1,55.0,0,Hang Su
A5100344294,1,11.0,0,Wei Chen
A5100344403,2,80.0,1,Wei Chen
A5100344494,27,1179.0,2,Wei Chen
A5100344515,1,57.0,0,Wei Chen
A5100344522,5,295.0,0,Wei Chen
A5100344647,2,39.0,0,Jae-young Kim
A5100346965,1,39.0,0,Ying Wang
A5100349956,10,344.0,0,Bei Wang
A5100350382,1,68.0,0,Yang Chen
A5100350400,1,36.0,0,Yang Chen
A5100350437,1,65.0,0,Yang Chen
A5100350503,3,104.0,0,Yang Chen
A5100351175,1,7.0,0,Yan Liu
A5100353783,1,64.0,0,Xin Li
A5100354225,1,22.0,0,Cheng Li
A5100355230,1,5.0,1,Yifei Li
A5100355692,1,68.0,0,Yang Liu
A5100357616,1,16.0,0,Xiaoyu Wang
A5100357631,3,289.0,0,Xiaoyu Wang
A5100357633,1,25.0,0,Xiaoyu Wang
A5100357981,1,54.0,0,Ye Zhao
A5100358570,3,43.0,2,Haoyu Li
A5100358696,1,0.0,0,Xing Li
A5100358936,3,58.0,0,Ying Lü
A5100359760,1,8.0,0,Song Han
A5100359961,1,40.0,0,Yong Xu
A5100363117,1,22.0,0,Xin Chen
A5100363961,1,5.0,0,Abdallah Mohamed
A5100365307,1,4.0,0,Mingxuan Li
A5100365355,1,62.0,0,Jiaqi Wang
A5100365548,1,17.0,0,Junjie Chen
A5100366001,1,104.0,0,Lu Lu
A5100366549,1,255.0,0,Song Zhang
A5100366946,1,32.0,1,Qiang Wei
A5100367825,1,310.0,1,Chenglong Wang
A5100370897,1,32.0,0,Hong Wang
A5100371015,1,40.0,0,Hong Wang
A5100371357,4,159.0,0,Qing Chen
A5100371883,1,19.0,0,Xiaotong Li
A5100371984,1,11.0,0,Yue Wang
A5100372368,1,72.0,0,Bin Wang
A5100373606,1,8.0,0,Lei Fan
A5100374581,1,6.0,0,Dae Hyun Kim
A5100376110,1,56.0,0,Feng Qiu
A5100376370,1,6.0,0,Zhi Wang
A5100377647,1,40.0,0,Yun Wang
A5100377649,1,43.0,0,Yun Wang
A5100377652,9,614.0,0,Yun Wang
A5100377802,1,26.0,0,Ji‐hoon Kim
A5100379176,2,24.0,0,Li Chen
A5100379697,3,10.0,1,Arran Zeyu Wang
A5100380453,1,11.0,0,Yan Li
A5100380931,1,14.0,0,Xinhua Zhang
A5100382493,1,18.0,0,Bing Wang
A5100382905,1,42.0,0,Dong Sun
A5100383827,1,30.0,1,Pei Liu
A5100383910,1,42.0,0,J. Jack Lee
A5100383960,1,9.0,0,Boyu Wang
A5100386958,1,37.0,0,Minho Kim
A5100387388,1,58.0,0,Young J. Kim
A5100387858,1,30.0,0,Yue Li
A5100388805,2,73.0,0,Yanyan Wang
A5100389169,1,63.0,0,Ying He
A5100390339,1,82.0,0,Jiahui Chen
A5100390479,1,13.0,0,Cong Wang
A5100393137,1,64.0,0,Yuxi Wang
A5100393571,1,29.0,0,Young-ho Kim
A5100395670,2,32.0,0,Xinyi Liu
A5100396549,1,25.0,0,Lu Liu
A5100397330,2,80.0,0,Haotian Li
A5100397725,1,30.0,0,Yang Yang
A5100398577,1,88.0,0,Yifan Wang
A5100398611,2,101.0,0,Yifan Wang
A5100399667,1,30.0,0,Haifeng Zhang
A5100399797,1,13.0,0,Kai Liu
A5100399944,2,130.0,0,Kai Li
A5100400800,3,72.0,0,Ran Chen
A5100400896,1,87.0,0,Yuan Chen
A5100400903,1,49.0,0,Yuan Chen
A5100401482,1,12.0,0,Di Wang
A5100404535,6,370.0,0,Jiachen Wang
A5100406022,1,70.0,0,Jin Zhang
A5100406614,1,68.0,0,Siyuan Liu
A5100406620,1,104.0,0,Siyuan Liu
A5100407973,1,6.0,1,Xu Wang
A5100408359,1,13.0,0,Chao Chen
A5100409027,1,204.0,0,Xiaoming Liu
A5100409994,1,36.0,0,Jian Zhang
A5100410001,1,26.0,0,Jian Zhang
A5100410058,3,38.0,0,Jian Zhang
A5100413125,1,55.0,0,Jiali Liu
A5100415663,2,141.0,0,Qi Han
A5100416234,1,74.0,0,Minjeong Kim
A5100418560,2,10.0,1,Chen Chen
A5100418578,1,8.0,0,Chen Chen
A5100419419,2,172.0,1,Xiaoyu Zhang
A5100420423,2,69.0,0,Hong Chen
A5100421682,1,6.0,0,Yang Li
A5100421963,1,14.0,1,Rui Zhang
A5100422950,1,25.0,0,Jiang Zhang
A5100422952,1,38.0,0,Jiang Zhang
A5100423029,1,32.0,1,Zhao Zhang
A5100424317,1,65.0,0,Yuchen Zhang
A5100424394,12,478.0,1,Yong Wang
A5100424818,1,12.0,0,Rui Zhou
A5100425172,3,44.0,0,Liang Zhou
A5100425176,1,55.0,0,Zhen Liang
A5100425320,1,9.0,0,Xueying Wang
A5100425352,2,62.0,0,Mingwei Li
A5100425850,1,12.0,0,Tianyu Zhang
A5100426931,1,12.0,0,Xiaonan Luo
A5100427270,1,11.0,0,Bo Chen
A5100428456,1,0.0,0,Qian Chen
A5100429585,2,17.0,0,Yan Lin
A5100432244,1,34.0,0,Kang Zhang
A5100432606,1,52.0,0,Wei Chen
A5100436103,1,4.0,0,Lei Wang
A5100436460,1,10.0,0,Guang Yang
A5100437457,1,23.0,0,Tianyi Zhang
A5100438883,1,26.0,0,Qin Li
A5100441705,1,18.0,0,Wei Zhang
A5100442542,1,193.0,0,Jingjing Liu
A5100442802,1,12.0,0,Xiaoyi Wang
A5100442866,1,43.0,0,Nan Chen
A5100443473,1,32.0,0,Yixuan Li
A5100444409,1,22.0,0,Wen Zhang
A5100447162,13,252.0,0,Quan Li
A5100447633,1,35.0,0,Jinho Lee
A5100447868,2,23.0,0,Can Liu
A5100450141,1,18.0,0,Jun Chen
A5100451576,1,113.0,0,Guoliang Li
A5100451791,2,38.0,0,Rong Zhang
A5100452126,1,283.0,0,Xiaoming Li
A5100454062,2,41.0,0,Jie Liu
A5100454595,1,8.0,0,Hai‐tao Zhang
A5100454615,2,34.0,0,Seung Hyun Kim
A5100455066,3,70.0,0,Zeyu Li
A5100455919,2,139.0,0,Fei Wang
A5100455958,1,76.0,0,Fei Wang
A5100456047,1,5.0,0,Dan Zeng
A5100459985,1,29.0,0,Jing Yang
A5100462292,1,63.0,0,Zhiyuan Wang
A5100462860,1,217.0,0,Jiawei Zhang
A5100546136,1,68.0,0,YU Zhe-qing
A5100566791,1,181.0,1,Yale Song
A5100594357,1,8.0,0,Md Dilshadur Rahman
A5100603617,1,9.0,0,C. C. W. Taylor
A5100604593,2,31.0,0,Deng Luo
A5100604885,1,13.0,0,Bowen Yu
A5100604886,2,193.0,1,Bowen Yu
A5100606557,1,53.0,0,Paul M. Thompson
A5100606995,4,818.0,0,Jun Zhu
A5100607707,11,514.0,0,Xianfeng Gu
A5100609372,1,15.0,0,Dongping Zhang
A5100609686,10,388.0,2,Qianwen Wang
A5100610544,1,18.0,0,Yu Fu
A5100610862,1,8.0,0,Ziqi Li
A5100613649,2,128.0,0,Yi Chen
A5100614732,1,113.0,0,Yuyu Luo
A5100615975,1,78.0,0,Yanhua Chen
A5100616988,1,6.0,0,Justin Chen
A5100619290,2,32.0,0,Yu Zhang
A5100619501,1,31.0,0,Ge Song
A5100623943,1,31.0,0,Weixia Xu
A5100624798,4,146.0,0,Xin Chen
A5100626225,1,6.0,0,Hong Zhou
A5100626893,1,10.0,0,Jian Ma
A5100627882,3,36.0,0,Yang Ouyang
A5100629376,1,6.0,0,Lin Gao
A5100629476,1,5.0,0,Haoxuan Li
A5100632219,1,18.0,0,Xiaodong Zhao
A5100632826,1,17.0,0,Xiangyu Zhu
A5100636019,1,16.0,0,Yang Yue
A5100638703,2,309.0,0,Zijie J. Wang
A5100639872,2,87.0,0,Jinsong Wang
A5100641283,1,70.0,0,Jianfei Chen
A5100641549,1,17.0,0,Kui Wu
A5100642010,1,0.0,0,Yong Wang
A5100643523,2,160.0,0,Huimin Xie
A5100645160,1,25.0,1,Yihong Wu
A5100645223,1,18.0,0,Kai Liu
A5100649746,4,100.0,0,Chenhui Li
A5100653962,22,2084.0,0,Weiwei Cui
A5100654446,1,7.0,0,Sung-hee Kim
A5100654454,5,592.0,0,Sung-hee Kim
A5100655132,1,18.0,0,Zhaowei Wang
A5100657544,1,81.0,1,Chen Qian
A5100658547,3,138.0,0,Lei Shi
A5100660111,1,5.0,0,Jiaying Lu
A5100660205,14,693.0,0,Wei Zeng
A5100660431,1,1.0,0,Yiwen Xing
A5100664249,2,49.0,0,Yuhua Liu
A5100664401,1,6.0,0,Li Dai
A5100665814,1,5.0,0,Ke Xu
A5100667713,1,8.0,0,Qiong Luo
A5100669433,4,337.0,2,Junpeng Wang
A5100669438,1,45.0,0,Junpeng Wang
A5100670084,1,7.0,0,Bin Chen
A5100672275,3,57.0,1,Yifang Wang
A5100674437,3,452.0,0,Sukwon Lee
A5100675221,1,99.0,0,Miao Jin
A5100675577,2,190.0,0,Jie Lü
A5100675683,1,62.0,0,David Chen
A5100678189,1,69.0,0,Ming‐hui Chen
A5100681023,4,390.0,0,Yu Zheng
A5100681338,1,53.0,0,Wenlong Chen
A5100682509,2,14.0,0,Longfei Chen
A5100682790,1,204.0,0,Mao Ye
A5100683461,1,89.0,0,Feng Luo
A5100685274,1,6.0,0,Hui Zhang
A5100692898,1,36.0,0,Weiqiang Zhang
A5100693798,1,0.0,0,Yoon Kim
A5100696429,1,326.0,0,Junping Zhang
A5100698914,1,273.0,0,Changhyun Lee
A5100699674,1,24.0,0,Hyunwoo Park
A5100700905,1,24.0,0,Jian Kang
A5100701131,1,89.0,0,Jian Sun
A5100702380,1,65.0,0,He Zhu
A5100706689,1,3.0,0,Huaiyu Wang
A5100706751,1,10.0,0,Min Chen
A5100708726,2,68.0,0,Yifan Hu
A5100711793,1,12.0,0,Miao Jin
A5100712971,2,11.0,0,Chang Han
A5100714477,1,30.0,0,Qingsong Liu
A5100714578,2,338.0,0,Yang Wang
A5100715525,1,0.0,0,Yang Chen
A5100716322,1,8.0,0,Youwei Zhang
A5100716788,1,7.0,0,Caixia Zhang
A5100717642,1,35.0,0,Yongjun Zheng
A5100720869,1,42.0,0,Jaewoo Kim
A5100726331,1,206.0,0,Wei-chao Chen
A5100726571,2,25.0,0,Lixiang Zhao
A5100727864,1,1.0,0,Md. Iqbal Hossain
A5100728059,1,61.0,1,Steven J.m. Jones
A5100728564,3,127.0,0,Jianping Fan
A5100730147,1,85.0,0,Seungyeon Kim
A5100731725,3,52.0,1,Qi Wu
A5100735999,1,17.0,0,Zhongwei Wang
A5100736732,5,260.0,2,Fangfang Zhou
A5100736999,1,6.0,0,Seulgi Choi
A5100737034,1,6.0,0,Rui Ding
A5100738314,1,16.0,0,Zhongjie Wang
A5100740158,1,33.0,0,Nuo Chen
A5100740616,3,177.0,1,Wei Chen
A5100740729,2,24.0,0,Hyeok Kim
A5100740828,1,99.0,0,Yalin Wang
A5100745763,1,251.0,0,Zhicheng Liu
A5100745766,15,1284.0,3,Zhicheng Liu
A5100747388,2,72.0,0,Zezhong Wang
A5100747973,1,30.0,0,Yutao Zhang
A5100755351,2,29.0,0,Srinivasan Parthasarathy
A5100755370,1,37.0,0,Fang Xu
A5100756751,1,46.0,0,Jian Chen
A5100758732,1,5.0,0,Haipeng Zhang
A5100760119,1,135.0,0,Bei Chen
A5100760567,1,5.0,0,Chenhao Yu
A5100763132,4,625.0,2,Benjamin Lee
A5100763365,1,38.0,0,Xin Zhang
A5100763487,1,24.0,0,Kyoung Ho Lee
A5100763687,2,16.0,0,Kai Xiong
A5100767423,1,59.0,0,Hairong Wang
A5100770632,1,77.0,0,Michael D. Hill
A5100774068,1,175.0,0,Jiabao Li
A5100778980,1,32.0,1,Yun Lin
A5100781916,1,8.0,0,Xue Bai
A5100784734,2,365.0,0,Xin Tong
A5100786691,1,11.0,0,Kang Li
A5100800645,1,137.0,0,Yu-ru Lin
A5100815366,1,139.0,0,Lijie Xu
A5100863703,1,28.0,0,Varun Saini
A5100867302,1,49.0,0,Geng Zhao
A5100880042,1,14.0,1,Yu Hou
A5100895649,1,88.0,0,Ningyu Mao
A5101046136,3,187.0,0,Jesus J. Caban
A5101060059,2,58.0,0,Yuanzhe Hu
A5101111637,1,8.0,0,Qing Shi
A5101116565,1,19.0,0,Magdalena Jankowska
A5101137673,1,3.0,0,Suya You
A5101146662,1,22.0,0,Yucong Yao
A5101147725,1,23.0,0,Graham Smith
A5101179807,1,11.0,0,A. Goel
A5101184621,1,70.0,0,Jim Zhu
A5101250362,2,81.0,0,Xinxin Huang
A5101259226,1,29.0,0,Zhongwen Huang
A5101259347,1,4.0,0,Tianhong Ding
A5101264201,2,26.0,1,Mandi Cai
A5101288188,1,30.0,0,Yating Lin
A5101289240,1,49.0,0,Keiji Yamamoto
A5101296393,1,0.0,0,Zhida Sun
A5101312518,1,1.0,0,James Jackson
A5101313928,1,13.0,0,Sam Yu-te Lee
A5101317827,1,2.0,0,Yang Liu
A5101321062,1,18.0,1,Jiahang Xu
A5101335345,1,2.0,0,Yiping Sun
A5101404387,1,19.0,0,Rui Shi
A5101406258,2,174.0,0,Xiaoyu Wang
A5101406351,1,49.0,0,Dong Xin
A5101408509,1,22.0,0,Seungyong Lee
A5101409792,8,230.0,0,Yuxin Ma
A5101409834,2,51.0,0,Youngtaek Kim
A5101411295,1,13.0,0,Gustavo Moreira
A5101416492,1,41.0,0,Seungwon Yang
A5101416806,3,132.0,1,Yanqiu Wu
A5101418877,1,19.0,0,Yeong-gil Shin
A5101424248,1,6.0,0,Arvind Srinivasan
A5101430356,1,6.0,1,Ye Duan
A5101435406,1,5.0,0,Tin Kam Ho
A5101442992,1,6.0,0,Seongmin Lee
A5101447377,1,16.0,0,Shuaiqi Wang
A5101448737,2,70.0,0,Yi Wang
A5101451813,7,264.0,0,Gunther H. Weber
A5101455930,1,5.0,0,Bo Tang
A5101457725,1,25.0,0,Richen Liu
A5101458443,4,605.0,0,Yao Ming
A5101460914,1,85.0,0,Zicheng Liao
A5101462636,1,23.0,1,Chen Zhao
A5101464031,1,2.0,0,Jiayao Wang
A5101481095,1,96.0,0,Kai Zhao
A5101484305,1,17.0,0,Xiaoyu Yang
A5101484570,1,12.0,0,Min Zhu
A5101491935,1,2.0,1,Yifan Wu
A5101494292,1,13.0,0,Takahiro Yamamoto
A5101495078,2,83.0,0,Wei Chen
A5101495888,1,63.0,0,Andrew T. Wilson
A5101497511,1,7.0,0,Tian Gao
A5101498642,1,84.0,0,Martin Heß
A5101500495,1,15.0,0,Ke Zhou
A5101504537,1,114.0,0,Guodao Sun
A5101506748,5,84.0,1,Hyeon Jeon
A5101509953,1,12.0,0,Xiyuan Wang
A5101510653,1,37.0,0,Aditi Mishra
A5101512458,1,5.0,0,Mingjie Tang
A5101513179,2,88.0,0,Feng Wang
A5101515385,2,67.0,0,Jianning Wang
A5101515386,1,29.0,0,Jianning Wang
A5101519023,1,8.0,0,Daniel Wägner
A5101522343,3,77.0,0,Jonathan Zhang
A5101523076,1,45.0,0,Li Guan
A5101523517,3,182.0,0,Shusen Liu
A5101524540,2,101.0,0,Xiting Wang
A5101526271,4,197.0,0,Jian Zhao
A5101528850,1,151.0,0,Danqing Shi
A5101529436,1,60.0,0,Liu Feng
A5101529579,1,2.0,0,Zhiwei Deng
A5101531442,1,2.0,0,Weiqun Cao
A5101536052,1,53.0,0,Yusu Wang
A5101536207,1,6.0,0,Haibo Hu
A5101538820,1,54.0,0,Yida Chen
A5101547534,2,225.0,0,Yanhong Wu
A5101553508,1,98.0,0,Haidong Chen
A5101555623,1,5.0,0,Xiaolei Shi
A5101561288,1,1.0,0,Minkyu Choi
A5101564894,3,131.0,1,Hua Guo
A5101567215,2,21.0,0,Xiaomeng Fan
A5101569034,1,202.0,0,Daniel M. Gruen
A5101579765,1,10.0,0,Tianxiang Chen
A5101586565,1,12.0,0,Jing Deng
A5101588019,1,39.0,0,Jinyan Chen
A5101598415,1,90.0,0,Xosé Manuel Dasilva
A5101602915,1,17.0,0,Ji Ma
A5101603009,1,48.0,0,Mengyu Zhou
A5101613966,1,1.0,0,Christian Wolf
A5101619976,1,12.0,0,Mingxu Zhou
A5101621126,2,127.0,0,Yang Jing
A5101626365,2,16.0,1,Jiashu Chen
A5101634159,1,5.0,1,Meng-chieh Lee
A5101635167,1,19.0,0,Ye Yuan
A5101637594,1,5.0,0,Guizhen Wang
A5101637750,1,10.0,0,Jiang Wu
A5101640687,1,8.0,0,David Groß
A5101645589,1,32.0,0,Qi Liao
A5101646087,1,18.0,1,Yuge Zhang
A5101648116,1,0.0,0,R. Franco
A5101657309,2,34.0,0,Xinyi Huang
A5101658503,1,9.0,0,Stefan Günther
A5101659527,2,24.0,0,Adam Huang
A5101659707,2,88.0,0,Feng Luo
A5101663815,1,78.0,0,Sohaib Ghani
A5101666011,3,111.0,0,Baining Guo
A5101678991,1,18.0,0,Yukai Guo
A5101683904,3,116.0,0,Shuai Chen
A5101687497,1,59.0,0,A. Ravishankar Rao
A5101693655,1,5.0,0,Yiyao Wang
A5101695356,2,40.0,0,Christoph M. Hoffmann
A5101697214,1,37.0,1,Huan Song
A5101700128,1,14.0,0,Mingdong Zhang
A5101701031,1,103.0,0,Ye Yu
A5101701414,1,4.0,0,Yuxiao Li
A5101702273,1,5.0,0,Liying Sun
A5101702914,1,173.0,0,Xiaoke Huang
A5101703488,1,6.0,0,Yifan Wu
A5101708967,1,9.0,0,Shuai Wei
A5101716397,1,24.0,0,Tae Jung Kim
A5101716674,1,47.0,0,Mi Chen
A5101722804,1,79.0,0,Francisco Javier Rodríguez Díaz
A5101723114,1,7.0,0,Chen Yu
A5101724128,1,30.0,0,Kenji Shimada
A5101724217,1,7.0,0,Thomas G. Smith
A5101724996,2,66.0,0,Fan Hong
A5101728710,6,631.0,1,Haesun Park
A5101731167,1,23.0,0,Huaqiang Zhang
A5101731429,1,39.0,0,Jingtao Zhou
A5101738811,2,89.0,0,Zhenyu Cheryl Qian
A5101751664,1,17.0,1,Tian Gao
A5101752888,1,30.0,0,Changhong Zhang
A5101757192,1,45.0,0,Kaixin Chen
A5101764191,1,65.0,1,Michael Hofmann
A5101768831,1,32.0,0,Rui Li
A5101769619,8,390.0,2,Dongyu Liu
A5101776978,2,34.0,0,Chenyang Zhang
A5101789267,1,6.0,0,Tianqi Song
A5101789836,10,573.0,0,Haidong Zhang
A5101793577,1,58.0,1,Yuri Ivanov
A5101795131,1,13.0,0,Yubo Tao
A5101797040,1,113.0,0,Chengliang Chai
A5101808237,1,1.0,0,Jinta Zheng
A5101809615,2,7.0,0,Daniel Braun
A5101815630,3,66.0,0,Shahid Latif
A5101819708,2,36.0,0,Sihang Li
A5101824064,1,24.0,0,Jeongjin Lee
A5101824160,1,113.0,0,Nan Tang
A5101829011,2,29.0,0,Jun Tao
A5101829426,1,22.0,0,Chang Jiang
A5101839682,1,9.0,0,Steffen Lemke
A5101839749,1,22.0,0,Yongxian Zhang
A5101842842,1,50.0,1,Jan Friedrich
A5101848597,1,13.0,0,Yan Lyu
A5101854577,1,4.0,0,Simon Schröder
A5101855382,1,12.0,0,Yuanyuan Chen
A5101862600,1,66.0,0,Ran Tao
A5101866229,1,122.0,0,Zhuofeng Wu
A5101866911,1,18.0,0,Jian Chen
A5101867156,1,69.0,0,Yingchao Wang
A5101880832,3,133.0,0,Bao Chen
A5101881825,1,25.0,1,Jie Xu
A5101883722,1,12.0,0,Weijia Xu
A5101886244,1,44.0,0,Hong Han
A5101892069,1,52.0,1,Chunming Chen
A5101893193,1,43.0,0,Fangzhou Guo
A5101894423,1,69.0,0,Lin Shao
A5101896195,1,98.0,0,Guowei Huang
A5101897241,1,78.0,0,Ming Dong
A5101898507,2,113.0,0,I. Demir
A5101907560,3,35.0,1,Hyunwook Lee
A5101908670,8,385.0,2,Yang Shi
A5101912154,1,29.0,0,Lu Chen
A5101913449,9,463.0,0,Chaoli Wang
A5101919507,1,12.0,0,Zhendong Yang
A5101921643,1,7.0,0,Ziqi Ye
A5101922351,1,11.0,0,Ameya Patil
A5101928782,1,55.0,0,James S. Walker
A5101933711,1,81.0,0,Ashish Kapoor
A5101934910,1,12.0,0,Binjie Chen
A5101940061,3,434.0,1,G. Robertson
A5101940168,1,22.0,0,Thomas Ernst
A5101942464,1,73.0,0,Yusi Wang
A5101947686,1,19.0,0,Kaiyi Zhang
A5101949918,1,23.0,1,Shaoyu Chen
A5101952408,1,6.0,1,Tao Ju
A5101954311,1,4.0,0,Yongfeng Qiu
A5101958227,1,31.0,0,Bin Zhu
A5101961269,1,5.0,0,Duc Minh Nguyen
A5101963152,1,5.0,0,Ayush Kumar
A5101967249,1,45.0,0,Zhonghua Lu
A5101970468,1,7.0,0,Wei Xu
A5101970777,1,5.0,0,Bo Pan
A5101971518,1,95.0,0,Yingyu Wu
A5101971581,1,19.0,0,Haibin Liu
A5101976576,1,35.0,0,Han Hu
A5101982517,1,6.0,1,Chuhan Zhang
A5101984980,1,19.0,0,Cong Wu
A5101985412,1,273.0,0,Chandan K. Reddy
A5101994805,3,395.0,0,David Levin
A5101997668,4,204.0,0,Ming Hao
A5101998785,1,39.0,0,Liting Sun
A5102002124,2,134.0,0,Jonathan Cohen
A5102006509,1,31.0,0,Mingjie Tang
A5102007073,1,22.0,0,Yuanwu Cao
A5102008970,1,49.0,0,Tao Li
A5102013272,3,45.0,0,Guozheng Li
A5102013833,2,38.0,0,Erik Sundén
A5102013894,5,213.0,1,Lingyun Yu
A5102015112,2,223.0,0,Cong Guo
A5102018107,1,49.0,0,Zhimin Li
A5102022483,7,247.0,0,Jing Hua
A5102023823,4,190.0,0,Max Cooper
A5102024007,1,53.0,0,Zhipeng Wang
A5102025383,1,29.0,0,Yuchen Yang
A5102026182,2,46.0,0,Bo Ma
A5102027050,2,75.0,0,John C. Anderson
A5102077545,1,46.0,0,Katherine J. Weaver
A5102082175,1,48.0,0,Charl Botha
A5102086582,2,107.0,0,José Manuel Cordero García
A5102099828,1,3.0,0,Wenli Cai
A5102131000,2,176.0,0,Hongye Liang
A5102139772,1,105.0,0,Cheng Tang
A5102139936,1,89.0,0,Zhengyu Su
A5102145315,1,69.0,0,Qinying Liao
A5102148168,1,71.0,0,Yuli Gao
A5102150262,1,62.0,0,Wing Yan So
A5102152465,1,22.0,0,Hyunmo Kang
A5102185920,1,60.0,0,Diane Tang
A5102234375,1,23.0,0,M. Shahriar Hossain
A5102237129,1,12.0,0,Jianbo Peng
A5102266919,1,13.0,0,Min Shih
A5102306926,4,82.0,0,Jinzhu Gao
A5102325661,1,20.0,0,Hua‐lin Zhou
A5102392400,1,50.0,0,Mike Roberts
A5102490631,1,41.0,0,Xinran Hu
A5102503989,1,2.0,0,Xu Liwen
A5102535013,3,45.0,0,Ziyi Zheng
A5102570823,1,14.0,0,Yun-hsin Kuo
A5102571256,1,4.0,0,Keer Lu
A5102706250,1,37.0,0,Haoxuan Wang
A5102720655,1,11.0,0,Robert C. Cooper
A5102725723,1,30.0,0,Yanyan Wang
A5102737743,2,90.0,0,Mario Hlawitschka
A5102742264,1,57.0,0,Zhang Song
A5102743927,2,56.0,0,Shin’ichi Satoh
A5102751625,1,16.0,0,Sanghyun Hong
A5102754191,2,31.0,0,He Wang
A5102759669,9,515.0,0,Ye Zhao
A5102762247,1,37.0,0,Wei Chen
A5102771812,1,22.0,0,Wu Junqi
A5102773082,12,1075.0,2,Matthew O. Ward
A5102773192,1,54.0,0,Cynthia Chen
A5102773366,1,11.0,0,Junnan Hu
A5102774532,1,29.0,0,Eric Liu
A5102774906,1,26.0,0,Martin Eisemann
A5102776250,2,24.0,0,Christopher R. Johnson
A5102787759,1,15.0,0,Qiang Guan
A5102789360,4,92.0,0,Tobias Preußer
A5102792847,1,5.0,0,Jana Wilms
A5102798174,1,6.0,0,Johanna Hartmann
A5102801523,1,6.0,0,Michael J. Douma
A5102817883,1,28.0,0,Yu Dong
A5102818872,1,5.0,0,Konstantin Dmitriev
A5102819951,2,50.0,0,Jonathas Costa
A5102823484,1,1.0,0,Scott Campbell
A5102823810,1,63.0,0,Jonghun Park
A5102831353,1,12.0,0,Suyog Dutt Jain
A5102833835,2,32.0,0,Kenneth Moreland
A5102835648,1,18.0,0,Sarang Joshi
A5102836607,1,31.0,0,Jiayun Fu
A5102848944,1,61.0,0,Takafumi Saito
A5102858982,1,55.0,1,Chi-lun Lin
A5102859075,1,0.0,0,Brian Hayden
A5102862658,2,21.0,0,Xiaoming Wei
A5102864747,1,29.0,0,Tingting Liu
A5102867647,1,5.0,0,Xiuwen Liu
A5102869650,1,32.0,0,Cheng Zheng
A5102870124,1,13.0,0,Carlos E. Ruiz
A5102872139,1,22.0,0,Julian Heinrich
A5102875460,1,19.0,0,Yuyan Song
A5102878981,2,45.0,0,Ming C. Lin
A5102879101,1,3.0,0,Attila Szabo
A5102880817,1,19.0,0,Kai Kang
A5102881467,1,4.0,0,Qiang He
A5102883524,1,141.0,0,Marco Hutter
A5102901072,2,52.0,1,Graham T. Johnson
A5102902131,11,725.0,3,Steffen Koch
A5102908621,1,83.0,0,P.k. Dubey
A5102912445,1,6.0,0,Hui Ma
A5102913756,1,6.0,1,Francis Nguyen
A5102922863,1,31.0,0,Ngan Nguyen
A5102923184,2,17.0,0,Chi Harold Liu
A5102923390,11,935.0,1,Enrico Bertini
A5102943951,1,12.0,0,Wen Jin
A5102949974,2,36.0,0,Xinwei Shi
A5102956206,1,17.0,0,Yunzhe Wang
A5102958138,1,5.0,0,Kaiyuan Tang
A5102959274,6,199.0,0,Jaemin Jo
A5102981760,2,115.0,0,Subhajit Das
A5102981924,1,7.0,0,Ziheng Guo
A5102985946,1,78.0,0,Yuki M. Asano
A5102988664,3,103.0,0,Xiaoqiang Zheng
A5102990231,1,3.0,0,Gustavo Moreira
A5102993647,1,7.0,0,Federico Iuricich
A5102996367,1,15.0,0,Svitlana Volkova
A5103024385,1,20.0,0,Raquel Fernández
A5103024860,1,111.0,0,Subodh Kumar
A5103027685,1,16.0,0,Robert Jacob
A5103027961,1,15.0,0,Fábio Felix Dias
A5103029140,1,0.0,0,Dilpreet Singh
A5103032812,1,10.0,1,Soumyadeep Basu
A5103036411,1,36.0,0,Seon Joo Kim
A5103036749,1,0.0,0,Julián Méndez
A5103039195,1,11.0,0,Richard Niemeier
A5103045373,1,24.0,0,Tim Gerrits
A5103054696,1,43.0,0,Devin Singh
A5103060523,1,88.0,0,S. S. Choi
A5103064768,1,13.0,0,Xin Liang
A5103082414,1,22.0,0,Paul Craig
A5103082632,1,0.0,0,Christopher Hahn
A5103083233,1,324.0,1,Dilip Krishnan
A5103084682,10,452.0,3,Liang Gou
A5103100469,1,3.0,0,Nigar Sultana
A5103105055,1,29.0,0,Yinqiao Wang
A5103112555,1,15.0,0,Thomas J. Kennedy
A5103114181,1,141.0,0,Saul Greenberg
A5103119505,1,17.0,0,Kangping Hu
A5103124754,1,29.0,0,Masato Okada
A5103125479,1,2.0,0,Richard A. Miller
A5103144718,2,107.0,0,Michael Kern
A5103151594,1,33.0,0,Dennis D. Spencer
A5103154375,1,28.0,0,Prithwish Chakraborty
A5103156716,1,12.0,0,Fengjie Wang
A5103159534,1,14.0,0,Lucas Dixon
A5103168454,1,4.0,0,Jiajing Guo
A5103175735,2,37.0,0,Edward Angel
A5103200303,1,36.0,0,Jiexun Li
A5103201287,1,29.0,0,Sharon Lin
A5103205115,3,85.0,0,Robert A. Harper
A5103210628,1,2.0,0,Paul Morris
A5103210856,1,23.0,1,He He
A5103213401,1,26.0,1,Lin-ping Yuan
A5103234063,1,28.0,0,Neha Kumar
A5103242037,2,53.0,0,Hyunjoo Song
A5103242473,1,193.0,0,Ruixiang Zhang
A5103246485,1,207.0,0,J. D. Williams
A5103250875,1,72.0,0,Sean Williams
A5103260186,1,42.0,0,Haiyan Yang
A5103268247,2,13.0,0,Yumeng Xue
A5103278717,2,8.0,0,Peter Oliver
A5103280801,1,32.0,0,Ben Jacobsen
A5103283733,1,3.0,0,Mengjie Fan
A5103329632,2,301.0,0,Greg Smith
A5103331862,1,27.0,0,Patrick Chiu
A5103333640,1,492.0,0,Chris Stolte
A5103351381,1,9.0,0,D.a. Roberts
A5103395894,1,26.0,0,Ella Hendriks
A5103403657,1,17.0,0,Carolyn L. Phillips
A5103406484,8,517.0,1,Bilal Alsallakh
A5103442618,1,16.0,0,J. D. Boissonnat
A5103446832,1,142.0,0,Jun Chao Xia
A5103450068,1,24.0,0,David L. Kao
A5103457231,1,22.0,0,Deryck W. Holdsworth
A5103479651,1,31.0,0,D M Hughes
A5103494560,2,188.0,0,Meister Eduard Gröller
A5103498607,1,8.0,0,Mark C. Price
A5103506691,1,0.0,0,T. David
A5103507544,1,153.0,0,Jeroen Van Baar
A5103514631,1,35.0,0,Alan Lež
A5103517898,1,16.0,0,Roxanne Ryan
A5103524335,1,24.0,0,Mohamed Yakout
A5103535994,1,29.0,0,Kim F. Wong
A5103538662,1,22.0,0,Lewis W.f. Li
A5103541115,1,47.0,0,Arno Kruger
A5103543715,1,55.0,0,Enylton M. Coelho
A5103547404,1,16.0,0,Mudita Singhal
A5103547883,1,29.0,0,Peter L. Williams
A5103551037,1,90.0,0,M.-a. Storey
A5103585576,1,11.0,0,William H. Mason
A5103598016,1,59.0,0,John Michael Schreiner
A5103602555,1,3.0,0,R. A. Miller
A5103616614,1,10.0,0,P. Chen Robert
A5103642464,3,30.0,0,John F. Hughes
A5103649164,1,74.0,0,Christian Dick
A5103711055,2,748.0,1,Matt Mckeon
A5103725392,15,985.0,4,Liu Ren
A5103752748,5,409.0,0,Robert M. Kirby
A5103778313,1,89.0,1,Mukund Raj
A5103783835,2,96.0,0,Feiran Wu
A5103803190,1,10.0,0,Bohyoung Kim
A5103805703,1,90.0,0,B. D. Greenberg
A5103818338,2,62.0,1,Wei Xu
A5103834156,1,4.0,0,Jiajun Zhu
A5103851787,1,59.0,0,Amit Kumar
A5103878806,1,23.0,0,Rollin Thomas
A5103886740,2,26.0,0,Prashant Kumar
A5103889000,1,630.0,1,James A. Wise
A5103964376,1,1.0,0,Byeong Seok Shin
A5103971587,1,19.0,0,Ronghua Shi
A5104000427,1,27.0,0,Valentin Polishchuk
A5104038125,11,1280.0,3,Matthew Brehmer
A5104050325,1,15.0,0,Awalin Sopan
A5104088352,1,324.0,1,Dandelion Mané
A5104092128,1,13.0,0,Min-yu Huang
A5104102818,1,98.0,0,Gautam Kumar
A5104108869,1,13.0,0,Haichuan Lin
A5104121600,1,68.0,0,Dimitrios Papadopoulos
A5104157412,1,45.0,0,Wenlong Chen
A5104270513,2,14.0,0,Jian Huang
A5104331804,1,59.0,0,Ryan Wilson
A5104385228,1,9.0,0,Kevin Huck
A5104534360,1,18.0,0,Christoph Müller
A5104884760,1,12.0,0,Aurelie Cohe
A5104956003,1,0.0,0,Haon Park
A5105085040,1,134.0,0,Quan Lin
A5105206771,1,18.0,0,Michelle L. Mazurek
A5105295332,1,16.0,0,Greg Abram
A5105350004,1,18.0,0,Flavie Cernesson
A5105359225,1,16.0,0,William Tolone
A5105473461,1,100.0,0,Michael Witmore
A5105692598,1,73.0,0,Jeff W. Lichtman
A5105697746,3,52.0,0,Hans‐peter Seidel
A5105806010,1,12.0,0,M. Brasher
A5105838696,2,66.0,0,S.g. Eick
A5105938577,1,32.0,0,Melissa Perez
A5105945412,1,78.0,0,Matthew Brehmel
A5105978161,5,69.0,1,Shixia Liu
A5105986048,1,7.0,0,Marina E. Eremeeva
A5106059833,1,3.0,1,Bridger Herman
A5106066920,1,2.0,0,Harper Schwab
A5106085270,1,106.0,0,Ben Shneiderman
A5106113018,1,2.0,0,Shuangcheng Jiao
A5106163697,1,2.0,0,Maria Gabriela Ayala
A5106183469,1,12.0,0,Arif Ghafoor
A5106186163,1,1.0,0,Yongfeng Ji
A5106236427,1,374.0,0,G. Ellis
A5106247112,1,14.0,0,Chiokit Ieong
A5106276284,1,0.0,0,Adam Štěpánek
A5106406020,2,243.0,0,Michael S. Brown
A5106406705,1,11.0,0,Yi Li
A5106421474,2,72.0,0,Sylvia Glaber
A5106486061,1,25.0,0,Kenneth Martin
A5106572355,1,6.0,0,Nora Al-naami
A5106653022,1,331.0,1,L. Byron
A5106710451,1,13.0,0,Jing Lin
A5106723036,6,153.0,2,Cong Xie
A5106729977,1,5.0,0,Xiao Yan
A5106832991,1,0.0,0,Tanner Finken
A5106979225,1,58.0,0,Nico Korn
A5107079519,1,4.0,0,Kaustubh Odak
A5107079522,1,13.0,0,Aryaman Bahukhandi
A5107079571,1,0.0,0,Holger Theise
A5107093497,2,25.0,0,Fuqi Xie
A5107099358,1,0.0,0,Alexander Wyss
A5107099359,1,0.0,0,Amanda Hirsch-hüsler
A5107100052,1,0.0,0,Hamza Afzaal
A5107100061,1,2.0,1,Jan Štouracˇ
A5107100062,1,2.0,1,David Bednáˇr
A5107104358,1,3.0,0,Enyu Che
A5107104365,1,0.0,0,Ondˇrej Strnad
A5107104372,1,3.0,0,Lucas Alexandre
A5107124370,1,6.0,0,Sao Myat Thazin Thane
A5107124371,1,6.0,0,Victor S. Bursztyn
A5107131205,1,2.0,0,Vanessa Fediuk
A5107138911,1,6.0,0,Huichen Will Wang
A5107293586,1,1.0,0,Saimadhav Naga Sakhamuri
A5107293625,1,0.0,0,Róbert Zvara
A5107293626,1,0.0,0,Vojtech ˇ Rehák ˇ
A5107329767,1,16.0,0,Shaun Kennedy
A5107340651,1,28.0,0,Ke Li
A5107388446,1,17.0,0,Tao Hai
A5107403663,1,3.0,0,Pathan Aseef Khan
A5107442042,1,46.0,0,Matthew Ward
A5107486717,1,65.0,0,Hoi Ying Tsang
A5107542425,1,64.0,0,N. Henr
A5107836252,1,16.0,0,Alexander G. Hauptmann
A5107845542,1,14.0,0,Jing Lu
A5107848298,1,2.0,0,Y. Kim
A5107856777,2,20.0,0,Gordon Clapworthy
A5107858068,3,63.0,0,J.a. Kohl
A5107868159,9,211.0,0,Arie Kaufman
A5107904995,7,1018.0,0,Mengchen Liu
A5107914650,1,22.0,0,A. Li
A5107936557,1,48.0,0,Xinyi He
A5107941027,1,23.0,0,Yujie Liu
A5107941559,1,186.0,0,Mengchen Liu
A5108035744,10,418.0,1,Hui Zhang
A5108060511,1,60.0,0,Ana M. Cuadros
A5108076543,1,21.0,0,Andrea J. S. Hin
A5108089001,1,70.0,0,Philippe Rocca-serra
A5108095510,1,246.0,0,Wing-yi Chan
A5108096533,5,160.0,1,Tom Peterka
A5108098662,3,123.0,0,Yixian Zheng
A5108110335,1,13.0,0,Scott Klasky
A5108128870,1,73.0,0,Andreas Müller
A5108131775,3,382.0,1,Bongshin Lee
A5108140284,1,20.0,0,Christian Döring
A5108152977,1,14.0,0,Serageldin Attia
A5108189263,1,42.0,0,E. Koutsofios
A5108192133,1,6.0,0,Christopher J. Garasi
A5108206290,1,85.0,0,James Davey
A5108217088,1,0.0,0,S.j. Braun
A5108227925,1,32.0,0,Monika Jankun-kelly
A5108228257,1,10.0,0,Airong Luo
A5108254488,2,33.0,0,Zeyu Wang
A5108255640,1,55.0,0,Hans Hagen
A5108271365,1,31.0,0,Devanshu Arya
A5108279292,1,112.0,1,Stefan Wrobel
A5108322734,2,21.0,1,Hanning Shao
A5108332991,1,14.0,1,Youfu Yan
A5108333035,1,2.0,0,Clara Hu
A5108334375,1,0.0,0,Xiangyuan Chen
A5108353230,1,16.0,0,David Kriegman
A5108369244,1,18.0,0,Ralph Wickenhöfer
A5108369464,1,6.0,0,H. Sobieczky
A5108370529,1,5.0,0,J.a. Trapp
A5108373086,2,78.0,0,Nickolas L. Faust
A5108376919,5,181.0,0,Ming Wan
A5108385048,1,44.0,0,Steve Corman
A5108398863,1,12.0,0,Jae-seung Yeom
A5108411357,1,1.0,0,C. C. Goodrich
A5108428297,10,252.0,0,Hans Hagen
A5108429764,1,40.0,0,Steven R. Corman
A5108439015,3,443.0,1,Harald Bosch
A5108445695,1,2.0,0,W. Correa
A5108447612,4,229.0,0,Jie Liang
A5108450802,1,33.0,0,Michel Burch
A5108453065,1,19.0,0,L. Fritz
A5108471520,1,45.0,0,P. Min
A5108473644,1,3.0,0,D. Williams
A5108478426,2,160.0,0,He Xiao
A5108510297,1,19.0,0,Mike Baldwin
A5108515145,1,246.0,0,Wing-yi Chan
A5108515757,1,35.0,0,Andy Bardill
A5108523119,1,39.0,0,Ming Dong
A5108524080,2,93.0,0,Nick Cramer
A5108525217,1,47.0,0,Guo-xun Yuan
A5108525733,1,26.0,0,Jennifer Dungan
A5108537978,1,53.0,0,Roy Van Pelt
A5108541705,1,34.0,0,Jamison Daniel
A5108554343,2,37.0,0,Stuart Rose
A5108557359,1,85.0,0,Yizhou Yu
A5108568057,1,6.0,0,Daniel N. Fox
A5108568278,1,89.0,0,Heinz‐otto Peitgen
A5108576299,1,32.0,0,Yizhi Zhang
A5108580059,1,57.0,0,Qunsheng Peng
A5108589516,2,83.0,0,Martin Fink
A5108598229,1,52.0,0,Bruno Levy
A5108600965,4,299.0,0,Steven P. Callahan
A5108605811,1,16.0,0,K. L. D’amico
A5108607908,1,7.0,0,J. Paul
A5108618167,1,143.0,0,H. Bosch
A5108643002,2,123.0,1,Mathias Hummel
A5108647063,1,6.0,0,Christopher S. Co
A5108654136,1,58.0,1,Alexander Sorokin
A5108666122,1,14.0,0,D.m. Ranken
A5108666434,2,53.0,0,Zhenyu Guo
A5108676162,1,113.0,0,J. Christie Rodgers
A5108688291,1,99.0,0,Shing Tung Yau
A5108691146,1,13.0,0,Nancy D. O'brien
A5108704622,1,4.0,0,Cuixia Ma
A5108718797,1,13.0,0,Claudio T. Silva
A5108720368,1,2.0,0,K. Gwinner
A5108734944,1,15.0,0,Claire F. Michaels
A5108737739,2,164.0,0,Carlos D. Correa
A5108743532,3,25.0,0,Kevin Montgomery
A5108794610,1,13.0,0,David Crawford
A5108797534,1,25.0,0,Chace Co
A5108800050,1,26.0,0,A. König
A5108804931,1,93.0,0,Marc Levoy
A5108818069,1,8.0,0,Burkhard C. Wünsche
A5108821109,1,26.0,0,Yingcai Wu
A5108823863,1,171.0,0,Florian Gerhardt
A5108824539,1,72.0,0,Fangxin Ouyang
A5108833512,1,0.0,0,M. Gorman
A5108851816,1,14.0,0,J. Albert Robbins
A5108872962,1,12.0,0,Jieyi Chen
A5108901039,1,9.0,0,Yuansong Xu
A5108961510,1,19.0,0,Eric Moerth
A5108963741,1,5.0,1,Yu Liu
A5108982981,1,2.0,0,Grace Ko
A5108982982,1,2.0,0,Hyemi Song
A5108982991,1,8.0,0,Huamin Qu
A5108990430,2,76.0,0,R. Van Pelt
A5108998800,1,2.0,0,Yuhan Duan
A5109011007,1,9.0,0,Rick Riensche
A5109030283,1,77.0,0,Chris Ho
A5109035905,3,437.0,2,Stuart K. Card
A5109036417,1,191.0,0,Yuhong Li
A5109040635,1,247.0,0,Hanna Schäfer
A5109054554,1,23.0,0,Elizabeth M. Wenzel
A5109057211,1,41.0,0,Matthias Bernhard
A5109058443,1,73.0,1,H. E. Cline
A5109074176,1,37.0,0,Donald P. Dione
A5109081047,1,34.0,0,Marcus E. Brewster
A5109089684,1,4.0,0,Robert Albert
A5109129845,1,46.0,0,James Fallon
A5109139516,1,0.0,0,Bo Yang
A5109145756,1,63.0,0,Xuexiang Xie
A5109147481,1,73.0,1,R. Kikinis
A5109158457,1,23.0,0,Ольга Александровна Карпенко
A5109163772,9,411.0,0,Wolfgang Straßer
A5109166599,1,11.0,0,R.m. Mclaughlin
A5109177988,1,75.0,0,Dan Imre
A5109181732,2,87.0,0,Soon Tee Teoh
A5109182210,2,65.0,0,Κ. H. Höhne
A5109182814,1,58.0,1,Christopher Wren
A5109188615,1,7.0,0,Ea Sonenberg
A5109193118,1,77.0,0,Julian Gallop
A5109197974,1,0.0,0,John G. Hagedorn
A5109201974,1,51.0,0,Sung Ye Kim
A5109211487,1,81.0,0,Patrice Simard
A5109214905,1,18.0,0,Philipp Beck
A5109216322,6,314.0,1,Steven F. Roth
A5109218884,1,12.0,0,James D. Hollan
A5109221960,1,12.0,0,Albert Badre
A5109222584,1,70.0,1,Sara L. Su
A5109222951,2,75.0,0,Andrei State
A5109223725,1,77.0,0,M. Sagar
A5109224153,1,71.0,0,Michael Burch
A5109229937,4,396.0,0,Kwan‐liu Ma
A5109230686,1,56.0,0,Anna Tikhonova
A5109232507,1,41.0,0,E. Grundy
A5109232728,3,249.0,0,Jörn Schneidewind
A5109233250,2,132.0,0,Mingxuan Yuan
A5109233918,1,10.0,0,Chen Chun-ming
A5109234117,5,247.0,0,Kai Bürger
A5109244259,1,39.0,0,C. Jaynes
A5109247506,1,13.0,0,Jean‐michel Dischler
A5109247542,1,21.0,0,J. Schneidewind
A5109248181,1,62.0,0,Mehdi Ammi
A5109251464,1,45.0,0,Joern Schneidewind
A5109253083,1,255.0,1,Philippe Castagliola
A5109257024,2,44.0,0,Shiqing He
A5109257375,2,38.0,0,Nafees Ahmed
A5109259472,6,222.0,0,Ayellet Tal
A5109262430,1,89.0,0,Chenyang Ji
A5109264459,1,99.0,1,D. Stalling
A5109278581,2,74.0,0,Rock Leung
A5109286843,1,22.0,0,Krishna Madhavan
A5109301008,1,14.0,0,Shihan Wang
A5109307699,3,119.0,0,Maureen Stone
A5109312690,1,0.0,0,Reinhard Männer
A5109335900,1,168.0,0,GP Johnson
A5109341575,1,17.0,0,Joshua Levasseur
A5109343398,1,64.0,0,Falk Schreiber
A5109345368,6,822.0,1,Mark A. Duchaineau
A5109366152,1,3.0,0,Goran Todorović
A5109389598,1,8.0,0,Wei Zeng
A5109392646,1,6.0,0,Seung‐hoon Cha
A5109403506,1,46.0,0,Andreas Schatler
A5109404977,1,119.0,1,Madeline L. Parker
A5109433885,1,36.0,0,Robin Bader
A5109436306,1,5.0,0,Thomas Peterka
A5109437922,1,11.0,0,Christopher Jermaine
A5109447623,3,219.0,0,Carlos Correa
A5109455937,1,22.0,0,Terry Welsh
A5109478560,2,70.0,0,David Chung
A5109495591,1,6.0,0,N. Andersson
A5109505961,2,6.0,0,Thomas Gerstner
A5109508738,1,23.0,0,W. H. Warren
A5109522032,1,28.0,0,H. Krüger
A5109526081,1,0.0,0,Atul Kumar
A5109533956,1,5.0,1,Luca Maria Gambardella
A5109535463,1,5.0,0,Lin Yan
A5109539324,1,56.0,0,Randy E. Ellis
A5109551977,2,69.0,0,Stuart Card
A5109555554,1,8.0,0,Martin C. Freund
A5109559450,2,632.0,0,B. Johnson
A5109576204,1,0.0,0,Andres Lalama
A5109616081,11,361.0,0,Siming Chen
A5109624713,1,37.0,0,Hua Su
A5109625534,1,18.0,0,C. Zhang
A5109625638,1,9.0,0,Zhiheng Nie
A5109659800,1,42.0,0,M. Schott
A5109661297,2,26.0,1,Sonia Castelo
A5109687011,1,29.0,0,M. Legendre
A5109700467,2,54.0,0,S. Prohaska
A5109701993,1,9.0,0,V. Pandit
A5109722197,8,342.0,0,Lingyun Yu
A5109760472,1,0.0,1,Etowah Adams
A5109763676,1,50.0,0,W. Dou
A5109779164,1,14.0,0,Yi Sun
A5109779273,1,8.0,0,Yihong Wu
A5109786318,1,0.0,0,Peifeng Lai
A5109792165,1,31.0,0,Xiaojing Ma
A5109811954,1,67.0,0,Chia Shen
A5109832145,2,206.0,1,David Koop
A5109839360,1,16.0,0,Weiming Gu
A5109840277,12,1340.0,0,Ross Whitaker
A5109847267,2,33.0,0,Rüdiger Schernthaner
A5109851187,1,121.0,0,Matthew D. Hoffman
A5109855094,1,144.0,0,Ching‐yung Lin
A5109857294,1,34.0,0,Nancy E. Miller
A5109877953,3,122.0,0,Suresh K. Lodha
A5109879434,1,3.0,0,Larry Brumbaugh
A5109881550,2,88.0,0,Christopher Olston
A5109885375,1,30.0,0,Bernd Fröhlich
A5109896026,1,13.0,0,Ankur Kapoor
A5109913235,1,42.0,0,Rick Kennell
A5109918057,5,219.0,0,Mei C. Chuah
A5109923670,1,8.0,0,Ao Jiao
A5109926697,1,18.0,0,H-R Trebin
A5109927089,1,56.0,0,James Stewart
A5109928029,39,1469.0,3,M. Eduard Gröller
A5109932888,1,50.0,0,Markus Ruetten
A5109938967,1,2.0,0,Rainer Schubert
A5109945954,1,1.0,0,Yuxin Tian
A5109956730,1,29.0,0,Blake Nelson
A5109966143,1,16.0,0,Jereme Haack
A5109966989,1,130.0,0,Kevin T. Mcdonnell
A5109967838,3,108.0,0,Russell M. Taylor
A5109972884,1,15.0,0,T Cullip
A5109996927,1,76.0,0,John C. Dill
A5110010093,11,564.0,0,Gregory M. Nielson
A5110028950,1,47.0,0,Gero Strauß
A5110041119,1,67.0,0,Tung Yuen Lau
A5110041711,2,39.0,0,Jim Thomas
A5110045561,1,6.0,0,R.d. Christie
A5110060027,2,37.0,0,Joyce Ma
A5110068428,1,8.0,0,E. Angel
A5110077901,1,4.0,0,David A. Yuen
A5110081972,1,10.0,0,Alan Su
A5110091560,4,25.0,0,Samuel P. Uselton
A5110094928,2,5.0,0,A. B. Rebello
A5110103090,1,13.0,0,Alex Telea
A5110111555,1,5.0,0,Snehal Pokharkar
A5110115424,1,79.0,0,Sye-min Chan
A5110121255,3,640.0,0,George Robertson
A5110142234,1,21.0,0,Nelson Chang
A5110146825,1,5.0,0,A. J. S. Wilson
A5110149984,1,13.0,0,Stephen A. Schendel
A5110156434,1,0.0,0,Mark D. Vaudin
A5110160613,2,56.0,0,Alyn Rockwood
A5110183530,2,126.0,0,C.-f. Westin
A5110190720,1,130.0,1,H. Lam
A5110192503,1,50.0,0,Shawn Bohn
A5110200187,1,173.0,0,Eugene Stanley
A5110205365,1,56.0,1,Denby Brian
A5110206816,2,21.0,0,A. Telea
A5110208682,26,1392.0,1,William Ribarsky
A5110211093,1,142.0,1,H. Jaenicke
A5110215305,1,110.0,0,H.-p. Kriegel
A5110217180,2,35.0,0,J. Korn
A5110218178,1,10.0,0,Charles A. Baker
A5110225948,1,10.0,0,Ying Feng
A5110230418,1,137.0,0,Huamin Qu
A5110234511,1,17.0,0,Haejin Jeong
A5110236358,1,56.0,0,Arie Kaufman
A5110239218,1,14.0,0,Wim De Leeuw
A5110243598,1,13.0,0,Jérémie Allard
A5110245181,1,67.0,0,Faisal Taher
A5110248799,1,5.0,0,Wai-yin Ng
A5110255766,1,32.0,0,D Stredney
A5110270006,2,210.0,0,Neil Spring
A5110308970,2,39.0,0,K.-l. Ma
A5110321988,29,978.0,1,Eduard Gröller
A5110322946,1,3.0,0,Zhengrong Liang
A5110327007,4,344.0,1,Heidi Lam
A5110367005,1,23.0,0,Yuhua Zhou
A5110386745,2,224.0,0,Ozan Ersoy
A5110390560,1,0.0,0,Harald Mayer
A5110429168,1,2.0,0,N. Duric
A5110435937,1,16.0,0,Raffaele De Simone
A5110453288,1,0.0,0,M. Zhu
A5110466417,1,140.0,0,Ricardo S. Avila
A5110467360,3,146.0,0,Charl P. Botha
A5110470142,1,85.0,0,Ely S. Simon
A5110474366,1,23.0,0,George G. Robertson
A5110478999,1,103.0,0,J. Fredrick Cornhill
A5110490385,1,156.0,0,Ya‐hsin Hung
A5110497903,2,0.0,0,W.c. Deleeuw
A5110506074,1,24.0,0,Stephan Kerpedjiev
A5110515495,1,10.0,0,Kan Dai
A5110532339,1,69.0,0,Michael Schlemmer
A5110532835,1,83.0,0,R. A. Robb
A5110533822,1,5.0,0,D. V. Holliday
A5110539266,1,23.0,0,Guy Danon
A5110551419,1,12.0,0,Weichao Wang
A5110584068,1,99.0,0,Torsten Müller
A5110631057,3,240.0,1,Steven Bergner
A5110633723,1,36.0,0,Fangfang Sheng
A5110639918,1,49.0,0,Ronald Yeh
A5110655140,1,8.0,0,Vladimir Molchanov
A5110671171,1,13.0,0,Hong Wang
A5110687741,1,12.0,0,Chat Wacharamanotham
A5110690377,1,51.0,0,Greg Zelinsky
A5110696883,3,374.0,1,Lauro Lins
A5110702946,2,33.0,0,P. Chopra
A5110709331,1,20.0,0,Philip K. Berger
A5110737673,1,66.0,0,David Epstein
A5110754903,1,90.0,0,S. Zhang
A5110760354,1,34.0,0,Sean Ahern
A5110798952,1,20.0,0,Laurent Saroul
A5110810014,1,5.0,0,Weifeng Chen
A5110816930,1,120.0,1,Yulei Fan
A5110823564,3,209.0,0,Çağatay Demiralp
A5110827633,2,803.0,0,Nathalie Henry
A5110871918,2,381.0,0,P. Amburn
A5110877700,1,2.0,0,Brennan Williams
A5110914530,1,35.0,0,Raj Batra
A5110917883,4,31.0,0,Ming Wan
A5110921557,1,30.0,1,Stephen Linton
A5110972863,1,17.0,0,Woon Jae Ruh
A5110998886,8,295.0,3,L. Hesselink
A5111023543,1,18.0,0,Jing Wu
A5111027772,1,5.0,0,R. R. Johnson
A5111035260,1,14.0,0,B. Pham
A5111046341,1,137.0,1,S. Parker
A5111056004,3,36.0,0,Hariharan Subramonyam
A5111062893,1,7.0,0,Ke Xu
A5111105324,1,6.0,0,S. Bergner
A5111217403,2,126.0,0,K.t. Mcdonnell
A5111244981,3,10.0,0,D. Wills
A5111249520,1,62.0,0,Zhiguang Yang
A5111253938,1,13.0,0,T. Milo
A5111314141,3,137.0,0,Jing Hua
A5111321527,1,2.0,0,Jianing Yin
A5111322014,1,67.0,0,Gregory A. Turner
A5111372776,1,18.0,0,S. Washburn
A5111373264,3,171.0,0,John C. Hart
A5111374231,2,57.0,0,M. Yousuff Hussaini
A5111374621,1,9.0,0,James A. Hall
A5111376244,1,16.0,0,Riccardo Scopigno
A5111379899,1,14.0,0,C. Schwartz
A5111387237,1,0.0,0,M. Botts
A5111410481,4,83.0,0,C. Weigle
A5111420760,2,59.0,0,Roel Truyen
A5111427389,1,16.0,0,Bobbie Nguyen
A5111430017,1,3.0,0,Haw-jye Shyu
A5111457898,1,16.0,0,C. Massimiliano
A5111474310,1,10.0,0,Fausto Bernardini
A5111476242,2,36.0,0,Ho-lun Cheng
A5111478001,2,23.0,0,Jurriaan D. Mulder
A5111480813,1,12.0,0,C.-k. Tang
A5111483107,1,16.0,0,Karsten Schwan
A5111487759,1,14.0,0,Richard D. Lawrence
A5111503347,1,36.0,0,Hidekazu Shiozawa
A5111504608,2,73.0,0,Barry Becker
A5111512427,1,144.0,0,Sabrina Lin
A5111526853,1,57.0,0,Deborah Hix
A5111532092,1,30.0,0,Sungahnn Ko
A5111533246,1,23.0,0,Sarah Poon
A5111539577,3,46.0,0,Patrick Mackey
A5111543429,1,11.0,0,Chuck Baker
A5111545544,1,200.0,0,Michael Cox
A5111552264,2,5.0,0,G. L. Kinzel
A5111556221,1,63.0,0,Gerhard Roth
A5111569276,1,41.0,0,Gaël Guennebaud
A5111575546,1,91.0,0,Deborah Silver
A5111602424,1,23.0,0,M. J. Tarr
A5111607390,1,10.0,0,Stephen P. Meador
A5111607979,1,37.0,0,K. R. Tate
A5111638399,1,173.0,0,Susan Dumais
A5111647528,3,33.0,0,Joerg Meyer
A5111648214,1,63.0,0,Bohyoung Kim
A5111651034,1,73.0,1,Lisa Gleason
A5111653605,2,6.0,0,C. F. Cerco
A5111683172,2,65.0,0,Th. Schiemann
A5111688622,2,61.0,0,Han-wei Shen
A5111693969,1,18.0,0,Dongjin Choi
A5111699781,2,14.0,0,David M. Senseman
A5111715935,1,165.0,0,C. Ahlberg
A5111722902,1,28.0,0,Michael J. Henry
A5111748591,1,6.0,0,F.c.a. Groen
A5111752646,1,46.0,0,Zaixian Xie
A5111759189,1,22.0,0,Stéphane Puechmorel
A5111760033,3,46.0,0,Andrzej Szymczak
A5111782929,1,112.0,0,Lawrence D. Bergman
A5111820297,1,136.0,0,D. Roseman
A5111830942,1,28.0,0,Mendel Rosenblum
A5111832578,4,170.0,0,Chris Muelder
A5111834154,1,194.0,0,Matěj Novotný
A5111866759,1,14.0,0,T. Teraoka
A5111879543,1,33.0,0,H.-p. Seidel
A5111881847,2,243.0,0,H. Towles
A5111887901,1,4.0,0,Jayashree Kundu
A5111899847,1,88.0,0,Jishang Wei
A5111902609,1,6.0,0,Preben Mogensen
A5111905497,1,47.0,0,Debora Silver
A5111907242,2,200.0,2,Patrick Hanrahan
A5111915664,1,72.0,0,Tim Kroeger
A5111920393,1,13.0,0,Donald J. Lehmann
A5111922380,3,138.0,0,C. Silva
A5111926316,1,7.0,0,P. Irani
A5111935550,1,22.0,0,Scott Dillard
A5111942655,1,55.0,0,Guenther Greiner
A5111960386,2,12.0,0,Tzi‐cker Chiueh
A5111962621,1,28.0,0,Y. Hatanaka
A5111965365,1,28.0,0,R. Reich
A5111966129,1,158.0,0,Bastian Goldlücke
A5111966205,1,29.0,0,Antonello Moneta
A5111966355,1,76.0,0,J. Kehrer
A5111973396,6,104.0,0,Martin Bertram
A5111981175,4,107.0,1,Harald Obermaier
A5111985276,5,222.0,0,Javier Oliván Bescós
A5111988164,1,22.0,0,T. King
A5111990167,1,16.0,0,Marie Desjardins
A5111991604,1,25.0,0,C.c. Law
A5111996249,1,0.0,0,Arnaud Rémy
A5111998339,1,56.0,0,Yi‐shan Lin
A5111998692,1,21.0,0,Lars Wigström
A5112004963,1,49.0,0,Doantam Phan
A5112013174,1,3.0,0,M. W. Lo
A5112038936,1,16.0,0,Maarten Löffler
A5112045175,1,29.0,0,Liang Yu
A5112047383,1,32.0,0,Ming Dong
A5112053788,1,0.0,0,R. Guritz
A5112063129,2,34.0,0,K. Eberhardt
A5112066295,1,53.0,0,Qingsong Liu
A5112072278,1,6.0,0,S Slavin
A5112096823,1,12.0,0,Dan Maljovec
A5112103083,1,56.0,0,C. Richard Johnson
A5112121545,1,34.0,0,David Israël
A5112130372,1,70.0,0,Timothy Urness
A5112135278,1,11.0,0,Jürgen Lerner
A5112159044,2,34.0,0,Bernd Tomandl
A5112172245,1,38.0,0,J. T. Fry
A5112174631,1,8.0,0,Y Suzuki
A5112184619,1,11.0,0,Su Huang
A5112191809,1,16.0,0,Thorn Grace
A5112198072,1,32.0,0,Thomas Sören Hoffmann
A5112206507,1,31.0,0,Annelot Kraima
A5112208869,1,12.0,0,Luc Peterson
A5112223393,2,44.0,0,Anselmo Lastra
A5112224258,1,52.0,0,Aaron Hoff
A5112225283,1,6.0,0,S. Benton
A5112234773,1,32.0,0,Yusheng Qi
A5112237540,1,80.0,0,Calle Winskog
A5112238808,1,16.0,0,James Robergé
A5112241404,1,4.0,0,John A. Peterson
A5112255178,1,13.0,0,Zhuming Ai
A5112274560,2,18.0,0,J.j. Van Wijk
A5112315004,1,0.0,0,Luis Jaime Castillo
A5112326263,1,61.0,0,Marcel Van’t Veer
A5112329256,1,37.0,0,Lihong Cai
A5112334498,1,46.0,0,Mariappan S. Nadar
A5112353967,1,36.0,0,Michael Sprenger
A5112392675,1,51.0,0,Susan E. Brennan
A5112415793,1,37.0,0,Bob Spence
A5112418767,3,93.0,0,Phillip J. Barry
A5112462951,1,36.0,0,Tobias Ganther
A5112462972,1,10.0,0,Tobias Gonther
A5112468325,1,4.0,0,Stan Stoev
A5112473119,2,169.0,0,Kejian Zhao
A5112483018,1,1.0,0,Thomas Danielson
A5112506607,1,15.0,0,Jack Pegg
A5112529299,1,13.0,0,Brian M. Mccann
A5112562638,4,143.0,0,Mi Feng
A5112573944,1,52.0,0,J. Fischer
A5112611254,1,21.0,0,Birgit Walter
A5112620191,1,19.0,0,Harsh Shukla
A5112623572,1,16.0,0,Eugene Bart
A5112628493,1,26.0,0,Takayuki Itoh
A5112628805,9,215.0,1,D. Banks
A5112629519,1,8.0,0,Leroy Heinrichs
A5112630184,1,20.0,0,E.-l. Bouvier
A5112684709,2,58.0,0,Han-wei Shen
A5112705513,1,5.0,0,Zelin Ye
A5112710952,1,169.0,0,Amanda Peters
A5112716716,1,12.0,0,Donna Cox
A5112716743,1,53.0,0,Marilyn Tremaine
A5112719763,1,3.0,0,Leslie Keely
A5112741249,1,32.0,0,P. Abel
A5112758059,1,2.0,0,Danny Perez
A5112758895,1,46.0,0,Bing Ma
A5112771943,3,195.0,1,Markus John
A5112775128,1,56.0,1,Brian Duffy
A5112777216,1,7.0,0,Milana Huang
A5112781199,3,92.0,0,Wei Qiao
A5112781721,1,40.0,0,Ken Brodie
A5112795492,8,288.0,0,D. Silver
A5112799389,1,2.0,0,Graham Brookes
A5112799706,1,3.0,0,C. Morley
A5112800319,1,51.0,0,Greg Abram
A5112805597,2,30.0,0,L. Rosenblum
A5112813769,1,11.0,0,Shao-chiung Lu
A5112846539,1,6.0,0,A. Fall
A5112852462,1,17.0,0,Xinli Hou
A5112855730,3,105.0,0,Kristin Cook
A5112862357,1,39.0,0,Runzhen Huang
A5112862528,1,37.0,0,Ketan R. Bulsara
A5112867598,1,23.0,0,George Chin
A5112877229,1,69.0,0,Xizhou Zhu
A5112896879,1,5.0,0,Thomas P. Caudell
A5112947230,1,8.0,0,A. Johannsen
A5112962007,1,18.0,0,Emre Oral
A5113038657,1,5.0,0,Shaoxuan Lai
A5113091615,1,43.0,0,Xiaotao Nie
A5113115069,1,27.0,0,Jiawei Meng
A5113149232,1,32.0,0,A. Sud
A5113153568,4,169.0,0,Johannes Kehrer
A5113171808,1,1.0,0,J. Barlow
A5113174777,1,4.0,0,Xiaoru Yuan
A5113194535,1,162.0,0,C. Lewis
A5113316769,1,14.0,0,Ziyue Lin
A5113338491,1,2.0,0,B. Naylor
A5113375370,1,1.0,0,Runjin Zhang
A5113375371,1,8.0,0,Ziao Liu
A5113376015,1,2.0,0,Buwei Zhou
A5113376019,1,3.0,0,Pingshun Zhang
A5113376026,1,1.0,0,Felipe Inagaki De Oliveira
A5113387118,1,1.0,0,Aaron Sun Chen
A5113422468,1,24.0,0,R. Rosenberg
A5113437503,2,38.0,0,Gregory P. Johnson
A5113450727,1,12.0,0,Robert Patterson
A5113455173,1,11.0,0,R. Brady
A5113461040,2,38.0,0,E. Wes Bethel
A5113463067,1,21.0,0,Jeffrey M. Dicarlo
A5113463221,1,34.0,0,Michael Wolverton
A5113476228,1,6.0,0,Peter Ørbæk
A5113478834,6,197.0,0,H.p. Foote
A5113490427,1,12.0,0,Will Hill
A5113496002,1,105.0,0,Linda W. Pickle
A5113498324,1,15.0,0,Jaroslaw R. Rossignac
A5113501332,1,34.0,0,Chuck Hansen
A5113509600,1,70.0,0,Hartmut Ziegler
A5113514530,1,34.0,0,Lydia Byrne
A5113517476,5,204.0,0,Robert A. Kruger
A5113522553,1,158.0,0,P.w. Grant
A5113526945,2,2.0,0,H.j.w. Spoelder
A5113532305,1,137.0,0,Evan A. Suma
A5113554717,1,20.0,0,M. De Oliveira Neto
A5113555684,6,395.0,0,Leanna House
A5113579052,2,102.0,0,Kwan-liu Ma
A5113597103,1,2.0,0,Joe Warren
A5113597448,1,5.0,0,Jarkko Oikarinen
A5113602591,1,5.0,0,K. Fostiropoulos
A5113607394,1,60.0,0,Dirk Selle
A5113648718,1,42.0,0,P. Sutton
A5113648828,1,26.0,0,P. Kok
A5113652920,1,7.0,0,Duanjun Lu
A5113660863,1,7.0,0,Radek Grzeszczuk
A5113668181,1,74.0,0,Franklin A. Hardisty
A5113673423,1,369.0,0,Huamin Qu
A5113676982,3,194.0,0,Weifeng Chen
A5113683690,3,145.0,0,P. Muigg
A5113684296,2,43.0,0,Joe Bruce
A5113706488,1,32.0,0,Sylvia Glaßer
A5113721232,1,1.0,0,E. A. Stern
A5113721582,2,63.0,1,Silvia Born
A5113723673,2,73.0,0,Frans Gerritsen
A5113727991,1,1.0,0,Jun-gu Choi
A5113734902,1,4.0,0,Mark R. Noel
A5113740075,2,255.0,0,Kenneth A. Marx
A5113743668,3,119.0,1,David J. Schroeder
A5113745963,1,1.0,0,Yuanzhe Jin
A5113750867,1,46.0,0,Zhan Guo
A5113776101,1,4.0,0,Yingcai Xiao
A5113783034,1,57.0,0,Jochen Goertler
A5113787580,1,15.0,0,S. Anand
A5113822678,1,4.0,0,Gopal Patnaik
A5113867696,1,35.0,0,Marc Khoury
A5113879802,1,19.0,0,Roberta Cabral Mota
A5113903528,1,15.0,0,K. Jung
A5113922759,3,37.0,0,B. Paul
A5113922818,3,151.0,0,Philipp Muigg
A5113933519,1,25.0,0,Gordon D. Mallinson
A5113939002,2,88.0,0,H.-o. Peitgen
A5113952665,1,73.0,0,C. E. Grosch
A5113953679,1,11.0,0,R. T. Haftka
A5113967834,1,15.0,0,Mike Daily
A5113967916,1,22.0,0,Joseph M. Botros
A5113974966,5,342.0,1,Yehuda Koren
A5113979435,3,176.0,0,G.j. Wills
A5113989819,1,55.0,1,Dane Coffey
A5114013709,1,16.0,0,Ellen Isaacs
A5114030345,1,2.0,1,Rui Qiu
A5114031893,16,807.0,2,Kenneth I. Joy
A5114061848,1,0.0,0,A.s. Mohamed
A5114093440,1,7.0,0,Junran Yang
A5114093843,1,94.0,0,Baicheng Wang
A5114148359,1,4.0,0,Yuchu Luo
A5114155370,1,156.0,0,Holly Schmidt
A5114182549,1,69.0,0,A. James Stewart
A5114184933,1,11.0,0,B. Grossman
A5114186339,1,1.0,0,Yeong Gil Shin
A5114197626,1,3.0,0,Jingwei Qu
A5114203898,1,20.0,0,S. Gerlach
A5114214215,1,11.0,0,Jieying Huang
A5114223963,1,2.0,0,S.l. Tao
A5114224169,1,1.0,0,Lemara Williams
A5114224170,1,0.0,0,Haotian Mi
A5114250719,4,209.0,0,Abish Malik
A5114252285,1,24.0,0,William Sandberg
A5114253361,1,14.0,0,Mason John
A5114256927,1,1001.0,0,Julie A. Jacko
A5114500326,1,17.0,0,Zicheng Wang
A5114626508,1,0.0,0,Mengyu Chen
A5114686064,1,16.0,0,Yifan Zhang
A5114833294,1,6.0,0,Wenping Wang
A5114860010,1,317.0,0,Chen Jian
A5114935774,1,149.0,0,Holger Last
A5115076700,1,13.0,0,Chao Wang
A5115076783,1,18.0,0,Shilong Liu
A5115500957,1,32.0,1,Yuchao Liu
A5115590150,1,26.0,0,Duong Hoang
A5115593642,1,16.0,0,Jing Xia
A5119246991,6,273.0,1,Zhen Wen
A5119247096,2,40.0,0,Yihan Liu
A5120543308,2,91.0,0,Le Liu
local:00df79e006dd555b,1,19.0,0,Dongliang Wang
local:02fdc1036ccb0c58,1,32.0,0,Adam Coscia
local:039c914b9c880785,1,7.0,0,Remco Chang
local:07e9a6047fef0c8f,1,6.0,0,Richard Gee
local:098e1dbbef0c9459,1,14.0,0,K.i. Joy
local:0a709fbbe4dcaae0,1,31.0,0,Gaofeng Deng
local:0a80df9f84216f7c,2,33.0,0,Hanspeter Pfister
local:0d1e24ad11b060fe,1,34.0,0,Jun Han
local:0d44b12ee28a0074,1,20.0,0,He Huang
local:0e268b8b5528c9c5,1,13.0,0,Zeng Dai
local:0f36f08a45dff650,1,0.0,0,Richard Strelitz
local:147d2bf96474a6c6,1,18.0,0,Haoren Wang
local:160b620091079901,1,20.0,0,Jinpeng Wang
local:163e233c7965a5ef,1,74.0,0,David F. Wiley
local:17ec377823daf948,1,19.0,0,Yijie Hou
local:185ffa3b7bc6b662,1,31.0,0,Arie E. Kaufman
local:1b0d8000231d5d16,1,62.0,0,Sehi Lyi
local:1b299700e66696ed,1,7.0,0,Yunbo Rao
local:1b58c73405008fac,1,7.0,0,Jiansu Pu
local:1bd64f94f67c3091,1,74.0,0,Dan A. Alcantara
local:1bec691e57d9bf58,1,20.0,0,Theresa A Harbig
local:1f22f1f8773648e8,1,26.0,0,Yuhong Li
local:1f74178ad879a37e,1,0.0,0,Gunther H. Weber
local:2094c4d39edb3eb9,1,0.0,0,Thomas Ertl
local:217128b8eba8e454,1,32.0,0,Emily Wall
local:218441aeca9b7898,1,0.0,0,Laura Monroe
local:223221d8575d4b30,1,29.0,0,Ehsan Jahangirzadeh Soure
local:242a9673e47d7903,1,29.0,0,Mingming Fan
local:2753cecb526c0814,1,26.0,0,Lingyun Yu
local:27726044b45ed70a,1,11.0,1,Eddie Polanco
local:278e2cfea8b32bf1,1,4.0,0,Zhirui Wang
local:283793c23fa64cd8,1,0.0,0,Ian Gorton
local:29455b9ced904c0a,1,6.0,0,Amitesh Maiti
local:2a475de095abcb58,1,67.0,0,Zeqing Yuan
local:2b3b8af704edc9d2,1,22.0,0,Cody Dunne
local:2bf8f300d686394d,1,18.0,0,Yu-an Chen
local:2f87ec6db683f0d3,1,7.0,0,Yong Xiang
local:326a197518685d6d,1,4.0,0,Da Cheng
local:3370294ce94bcab1,1,34.0,0,Danny Z. Chen
local:33a2801c9ce562b5,2,126.0,1,Xiangtong Chu
local:34ca13ae6f0b8142,1,18.0,0,Jared Jessup
local:360c41a136b06d83,1,10.0,0,Douglas Markant
local:362d12b57eca44b8,1,20.0,0,Dongmei Zhang
local:37a080fb56e39970,1,14.0,0,K.s. Bonnell
local:37bded9a92a8ae69,1,6.0,0,Graham Kosiba
local:37f554cdf704d328,1,22.0,0,Wolfgang Gatterbauer
local:38b8ff37c0bd8610,1,94.0,1,Haotian Li
local:392bac945dda8893,1,36.0,0,Mingliang Xu
local:395a674832df2591,1,14.0,0,D.r. Schikore
local:396c893899b95556,1,15.0,0,Tom Polk
local:3cb52fe170aa4926,1,11.0,0,Ingo Wald
local:41adb1d332cda2fc,1,20.0,0,Tali Mazor
local:4353a4f78b44327f,1,19.0,0,Chengshun Wang
local:436580c5a0173cbe,2,82.0,0,Qianwen Wang
local:4406600eb3cd4dbd,1,7.0,0,Eugene Wu
local:4494a97ba747d336,1,67.0,0,Haolin Lu
local:48a69a8eba9eed7b,1,15.0,0,Michael Behrisch
local:499a820c76c9753e,1,0.0,0,E. Wes Bethel
local:49f30051856ad2c6,1,18.0,0,Jia-ren Lin
local:4a2f17aa37973fbf,2,40.0,0,Jian Zhang
local:4a8e2a7eeab6b3bc,1,11.0,1,Robert Judson-torres
local:4b0afc7766f6798b,1,22.0,0,Mirek Riedewald
local:4c0ece204ee39031,1,18.0,0,Shannon Coy
local:4c675c380d627f1e,1,49.0,0,John Stasko
local:4d71d7bbbb9f0232,1,26.0,0,Yanhong Wu
local:4e5aa51f443f0e2c,1,6.0,0,Kim Marriott
local:4f1b76787929cf21,1,19.0,0,Junhong Wang
local:51af3b333e83277a,1,59.0,1,Haijun Xia
local:51be957497c14d84,2,82.0,0,Nils Gehlenborg
local:5254cc26f5c19710,1,7.0,0,Boyang Gao
local:537d16be0dabc96b,1,22.0,0,Sara Di Bartolomeo
local:54a561e17880e762,1,4.0,0,Zhaocong Yang
local:55307d659096b2aa,1,74.0,0,Deboshmita Ghosh
local:57681d2c097ae7d9,1,32.0,1,Jane Hoffswell
local:5821fa66f6822f23,1,0.0,0,Glenn Taylor
local:583881a81ca030cc,1,6.0,0,Henry Reinstein
local:5863f4ada3ac37de,1,7.0,0,Joseph M. Hellerstein
local:59b6dbe0d2989c61,1,32.0,1,Tak Yeon Lee
local:5b53da093fe67e34,1,15.0,1,Wouter Meulemans
local:5beed063e376fe0a,1,9.0,0,Ji Hwan Park
local:5c31e2648e181f35,1,0.0,0,Elizabeth H. Keating
local:5c4ca94ebf3d27e0,1,32.0,0,Arpit Narechania
local:5d04917d02569490,1,3.0,1,Yue Zhang
local:5d3c88a4a140cf32,1,11.0,0,Stefan Zellmann
local:5e60c8adb2b8c93e,1,74.0,0,Will Harcourt-smith
local:5f9d5ea6ab35a2d8,1,7.0,0,Yanlin Zhu
local:61268c58ae5eeac6,1,18.0,0,Cecily C. Ritch
local:61cd9fe80ebe28b1,1,74.0,0,F. James Rohlf
local:6297e35919af802c,1,4.0,0,Brittany Terese Fasy
local:66703206ccf071a7,1,74.0,0,Nina Amenta
local:66d679d32e6396d8,1,18.0,0,Simon Warchol
local:67d99e182f4f1390,1,3.0,1,Harry Yeh
local:69267d5045b42593,1,14.0,0,M. Duchaineau
local:69a6ec95a31d95e0,1,74.0,0,Yong Joo Kil
local:6a47952d1d29ae34,1,4.0,0,Liang Zhou
local:6aa76ecfce39d067,1,74.0,0,Eric Delson
local:6c0293a02c669c55,1,6.0,0,Ladislav Cmolik
local:6e5c59e13fc4affc,1,34.0,0,Chaoli Wang
local:6e9fed902609f659,1,0.0,0,Steffen Koch
local:7056d80e096aaca4,1,49.0,0,Evanthia Dimara
local:70e91501647453e4,1,20.0,0,Chin-yew Lin
local:7192285e469229bd,1,94.0,1,Yong Wang
local:75b789c59a9e7372,1,4.0,0,Martha-cary Eppes
local:76e24bfd3255b10e,1,6.0,0,Tim Dwyer
local:783f235c01a4461b,1,32.0,0,Alex Endert
local:78757876131dede3,1,15.0,0,Zudi Lin
local:7a6583856e4a0f5e,1,94.0,1,Yangqiu Song
local:7bb516eeb32e5e86,1,14.0,0,B. Hamann
local:7c93f4912aa17ae4,1,18.0,0,Sandro Santagata
local:7cdd6cb83f20b43d,1,7.0,0,Hui Shao
local:7ce85fcf5f41ff77,1,32.0,1,Zehua Zeng
local:7ffb8dc3dbc7ba93,1,0.0,0,Ben Torkian
local:80279175c245f524,1,18.0,0,Robert Krueger
local:80530b3e09484842,1,14.0,0,Jiancheng Song
local:8097453f25aac52c,1,32.0,1,Eunyee Koh
local:85f3924c95f04bf1,1,74.0,0,Katherine St. John
local:8859140cc6491b06,1,67.0,0,Hongguang Xiao
local:899d285fdfac0e1b,1,0.0,0,Sven Teresniak
local:89bb6cc1f39c063e,1,94.0,1,Songheng Zhang
local:8b113aab74aa5037,1,32.0,1,Sana Malik
local:8c03145a7b54da5f,1,9.0,0,Saad Nadeem
local:8e4e6b963f64e882,1,10.0,0,Alireza Karduni
local:8eb96f4703f810f8,1,19.0,0,Xiangyang Xue
local:8fdf256b3ae85598,1,32.0,1,Leilani Battle
local:91ad707231cd87e8,1,15.0,1,Bettina Speckmann
local:91c41e804c48465f,1,11.0,1,Alexander Lex
local:923609c354ad0402,2,126.0,1,Shuainan Ye
local:92837b60f4afbe1c,1,18.0,0,Tai-quan Peng
local:959c4c9f3821e07b,1,20.0,0,Haidong Zhang
local:95e2a808edefa97c,1,4.0,0,Oliver Deussen
local:96a1a5c383ce5b17,1,32.0,0,Jamal Paden
local:96ebfba8f267e07f,1,7.0,0,Zhengguo Zhu
local:9ae95864693edba2,1,11.0,0,Mark Van De Ruit
local:9e12910547b6bdd9,1,7.0,0,Yifan Wu
local:9e44b0275372b28f,2,40.0,0,Yunhai Wang
local:a06390257630b361,1,11.0,0,Nate Morrical
local:a355f7d88131c2ed,2,126.0,1,Chen Zhu-tian
local:a5f8e05b14820ee6,1,30.0,0,P. Samuel Quinan
local:a7b038abf3f96922,1,6.0,0,Aniketh Venkat
local:a954556131b7bb35,1,15.0,0,Tobias Schreck
local:ab519cd72bd1dde5,1,11.0,1,Devin Lange
local:ac34dfa62f4baa5e,1,0.0,0,Gerhard Heyer
local:ad9559e1f28414f5,1,0.0,0,Phil Moore
local:afeae99a454e4c13,1,19.0,0,Jun Zhu
local:b01c953614d97e97,1,108.0,0,Alan Lundgard
local:b1c5ddcbbd7fc265,1,11.0,0,Markus Billeter
local:b22156d50831e3fa,1,13.0,0,Panpan Xu
local:b2667e2cfc31b5f6,1,4.0,0,Tinghao Feng
local:b2a14383c82dd3e6,1,14.0,0,Kevin Maher
local:b4b4e776dbc466e5,1,18.0,0,Yifang Wang
local:b510f72af6a4cf64,1,6.0,0,Attila Gyulassy
local:b6b80122f4d50b20,1,14.0,0,Yong-jin Liu
local:b74e24b62a79df4b,1,30.0,0,Spencer C. Castro
local:bbd9f3640803b604,1,4.0,0,Jing Yang
local:bcb25861344f3fe9,1,0.0,0,Harinarayan Krishnan
local:bce755e0a51d50ee,1,14.0,0,Cuixia Ma
local:bd020f1fb08a0cda,1,36.0,0,Yue Zhao
local:c0ec954c968c21cf,1,4.0,0,Yu Qin
local:c3fb2ce55c1b1b9c,1,10.0,0,Wenwen Dou
local:c51f750d68f32ed1,1,36.0,0,Dominik Moritz
local:ca2386557a1d5cfa,1,14.0,0,Zeyuan Huang
local:ca633e1c13fae673,2,85.0,0,Xiao Xie
local:cb1196d26e7fc90f,1,13.0,0,Huan Song
local:cc5d0503e90e7f01,1,32.0,1,Fan Du
local:ccc916dc4ac30582,1,14.0,0,Xiaoming Deng
local:cdb8db5dd01afabe,1,4.0,0,Gaoqi He
local:ce1003ae099947ab,1,36.0,0,Chi-wing Fu
local:ce2e0c5cd12456a5,1,15.0,0,Frederik L. Dennig
local:ce909b5ec6012d52,1,29.0,0,Jian Zhao
local:cfc1ec587a8469bc,1,15.0,1,Nathan Van Beusekom
local:d012261ed8c61fa3,1,31.0,0,Shreeraj Jadhav
local:d0545d197eedc58a,1,62.0,0,Fritz Lekschas
local:d162afe4d38d23ae,1,18.0,0,Giorgio Gaglia
local:d296f5fc6b46ea13,1,4.0,0,Brian Summa
local:d425d4e783c2d93d,1,10.0,0,Ryan Wesslen
local:d4b0d7866a5f6c55,1,11.0,0,Elmar Eisemann
local:d4b18fd5595a623e,1,0.0,0,Gerik Scheuermann
local:d5e9c4aaa31f71aa,1,3.0,1,Shih-hsuan Hung
local:d8040bdc2d985db1,1,6.0,0,Vaclav Pavlovec
local:defe9d536552df31,1,30.0,0,Helia Hosseinpour
local:dfc7178fc35b9e37,1,18.0,0,Peter K. Sorger
local:e1c5ffdc78cb74a1,1,20.0,0,Ethan Cerami
local:e3b48b6bde7657fe,1,3.0,1,Eugene Zhang
local:e45a703321df7ac8,1,4.0,0,Faye Moser
local:e45b6f53a1aa1f6a,1,20.0,0,Weiwei Cui
local:e81b31539d297c4c,1,34.0,0,Hao Zheng
local:e8bd3cfc45ecc2fb,1,6.0,0,Benjamin Bach
local:e95ee181ffd325b3,1,74.0,0,Bernd Hamann
local:e9a20f32bc0e2777,1,31.0,0,Marlene Zawin
local:e9c8c5f99298b225,1,4.0,0,Carola Wenk
local:eaa293d7612a15b9,1,11.0,1,Thomas Zangle
local:eadfa999eae5d731,1,18.0,0,Huihua Lu
local:ed34b2a530fea66e,1,30.0,0,Lace Padilla
local:edc07edbb04ae75a,1,6.0,0,Kun-ting Chen
local:ee22543d298fd105,1,32.0,1,Phoebe Moh
local:ee66baf3b29195d6,1,6.0,0,Peer-timo Bremer
local:eeb4d897c829cfda,1,0.0,0,Alexandru Romosan
local:efba7a36b393a0b4,3,171.0,2,Huamin Qu
local:efcddff89375a876,1,6.0,0,Valerio Pascucci
local:eff42174fdc49b31,1,9.0,0,Seyedkoosha Mirhosseini
local:f056ed51052d5d28,1,14.0,0,Yu-kun Lai
local:f06aec1ac086b0a5,1,14.0,0,Hongan Wang
local:f18d5dbaf0897d4f,1,26.0,0,Tan Tang
local:f3fb539c9cfdca59,1,18.0,0,Jeremy Muhlich
local:f5344cdcf8737660,1,19.0,0,Xiaolong Luke Zhang
local:f5c7f8cce6802f46,1,9.0,0,Arie Kaufman
local:f5e332120c416208,1,0.0,0,Susan S. Hubbard
local:f6af6eb7618ea394,1,20.0,0,Yun Wang
local:f8f7987d5786fa45,1,0.0,0,Jennifer L. Horsman
local:f9231f77b3bf2e1b,1,14.0,0,Hao Wang
local:f985e9e3c1e65e7d,2,126.0,1,Hui Zhang
local:fa785f3b5c80a9a3,4,170.0,1,Yingcai Wu
local:fdc4243faaf4fc9f,1,0.0,0,Timothy C. Johnson
local:fe0669c84c52ccb2,1,18.0,0,John Hoffer
local:fe16bf702384672b,1,19.0,0,Siming Chen
local:fe8c7bdc0dbbb2e4,2,115.0,0,Arvind Satyanarayan
local:fea2a26a4ab96a9b,1,13.0,0,Liu Ren
local:ffd36ebb591a997f,1,29.0,0,Emily Kuang
